n,area_type,trip_dist,y,value
Afghanistan,large_city,No_travel,2011,0.0
Afghanistan,large_city,No_travel,2012,0.0
Afghanistan,large_city,No_travel,2013,0.0
Afghanistan,large_city,No_travel,2014,0.0
Afghanistan,large_city,No_travel,2015,0.0
Afghanistan,large_city,No_travel,2016,0.0
Afghanistan,large_city,No_travel,2017,0.0
Afghanistan,large_city,No_travel,2018,0.0
Afghanistan,large_city,No_travel,2019,0.0
Afghanistan,large_city,No_travel,2020,0.0
Afghanistan,large_city,No_travel,2025,0.0
Afghanistan,large_city,No_travel,2030,0.0
Afghanistan,large_city,No_travel,2035,0.0
Afghanistan,large_city,No_travel,2040,0.0
Afghanistan,large_city,No_travel,2045,0.0
Afghanistan,large_city,No_travel,2050,0.0
Afghanistan,large_city,No_travel,2055,0.0
Afghanistan,large_city,No_travel,2060,0.0
Afghanistan,large_city,No_travel,2065,0.0
Afghanistan,large_city,No_travel,2070,0.0
Afghanistan,large_city,No_travel,2075,0.0
Afghanistan,large_city,No_travel,2080,0.0
Afghanistan,large_city,No_travel,2085,0.0
Afghanistan,large_city,No_travel,2090,0.0
Afghanistan,large_city,No_travel,2095,0.0
Afghanistan,large_city,No_travel,2100,0.0
Afghanistan,large_city,00_01,2011,0.057842438834749
Afghanistan,large_city,00_01,2012,0.05794572390537638
Afghanistan,large_city,00_01,2013,0.05797102966776111
Afghanistan,large_city,00_01,2014,0.05795859478370219
Afghanistan,large_city,00_01,2015,0.057937485420762914
Afghanistan,large_city,00_01,2016,0.05793277627532704
Afghanistan,large_city,00_01,2017,0.05792978215613224
Afghanistan,large_city,00_01,2018,0.057907567899501806
Afghanistan,large_city,00_01,2019,0.05791967482026901
Afghanistan,large_city,00_01,2020,0.05784747165737635
Afghanistan,large_city,00_01,2025,0.05790739057210019
Afghanistan,large_city,00_01,2030,0.05812143369918869
Afghanistan,large_city,00_01,2035,0.05834043186673408
Afghanistan,large_city,00_01,2040,0.058541130412132464
Afghanistan,large_city,00_01,2045,0.05870676902110277
Afghanistan,large_city,00_01,2050,0.05882876677240005
Afghanistan,large_city,00_01,2055,0.05890474830379696
Afghanistan,large_city,00_01,2060,0.058936136106506255
Afghanistan,large_city,00_01,2065,0.05892672068079791
Afghanistan,large_city,00_01,2070,0.058881328392763534
Afghanistan,large_city,00_01,2075,0.058805351987029054
Afghanistan,large_city,00_01,2080,0.05870385006393831
Afghanistan,large_city,00_01,2085,0.0585818872386133
Afghanistan,large_city,00_01,2090,0.05844620693659357
Afghanistan,large_city,00_01,2095,0.058302368564147417
Afghanistan,large_city,00_01,2100,0.05815403060212413
Afghanistan,large_city,02_05,2011,0.21148322952951493
Afghanistan,large_city,02_05,2012,0.21186085987737882
Afghanistan,large_city,02_05,2013,0.21195338267660102
Afghanistan,large_city,02_05,2014,0.21190791831699612
Afghanistan,large_city,02_05,2015,0.21183073837199998
Afghanistan,large_city,02_05,2016,0.2118135208185018
Afghanistan,large_city,02_05,2017,0.21180257373518946
Afghanistan,large_city,02_05,2018,0.2117213540835212
Afghanistan,large_city,02_05,2019,0.21176561934541344
Afghanistan,large_city,02_05,2020,0.21150163050990792
Afghanistan,large_city,02_05,2025,0.21172070573998084
Afghanistan,large_city,02_05,2030,0.2125032891283576
Afghanistan,large_city,02_05,2035,0.2133039891103528
Afghanistan,large_city,02_05,2040,0.21403778210729035
Afghanistan,large_city,02_05,2045,0.21464338914367231
Afghanistan,large_city,02_05,2050,0.2150894366990563
Afghanistan,large_city,02_05,2055,0.21536723998619506
Afghanistan,large_city,02_05,2060,0.2154819999101976
Afghanistan,large_city,02_05,2065,0.21544757527879704
Afghanistan,large_city,02_05,2070,0.21528161222705453
Afghanistan,large_city,02_05,2075,0.21500382768033657
Afghanistan,large_city,02_05,2080,0.21463271686739152
Afghanistan,large_city,02_05,2085,0.21418679700816903
Afghanistan,large_city,02_05,2090,0.21369072338069545
Afghanistan,large_city,02_05,2095,0.21316482225778313
Afghanistan,large_city,02_05,2100,0.21262246975843338
Afghanistan,large_city,06_10,2011,0.3458702568351818
Afghanistan,large_city,06_10,2012,0.34648785240384705
Afghanistan,large_city,06_10,2013,0.34663916881981666
Afghanistan,large_city,06_10,2014,0.3465648141309443
Afghanistan,large_city,06_10,2015,0.34643859018657897
Afghanistan,large_city,06_10,2016,0.34641043173796937
Afghanistan,large_city,06_10,2017,0.34639252833009515
Afghanistan,large_city,06_10,2018,0.346259697647279
Afghanistan,large_city,06_10,2019,0.34633209127174563
Afghanistan,large_city,06_10,2020,0.34590035071935743
Afghanistan,large_city,06_10,2025,0.346258637313808
Afghanistan,large_city,06_10,2030,0.34753851335000707
Afghanistan,large_city,06_10,2035,0.34884801817001915
Afghanistan,large_city,06_10,2040,0.3500480999584393
Afghanistan,large_city,06_10,2045,0.3510385400121523
Afghanistan,large_city,06_10,2050,0.35176802850580063
Afghanistan,large_city,06_10,2055,0.3522223619037069
Afghanistan,large_city,06_10,2060,0.3524100460263555
Afghanistan,large_city,06_10,2065,0.35235374626145
Afghanistan,large_city,06_10,2070,0.35208232198133554
Afghanistan,large_city,06_10,2075,0.35162801923245124
Afghanistan,large_city,06_10,2080,0.35102108603744964
Afghanistan,large_city,06_10,2085,0.35029180638449414
Afghanistan,large_city,06_10,2090,0.34948050274909404
Afghanistan,large_city,06_10,2095,0.348620417734995
Afghanistan,large_city,06_10,2100,0.34773342731659346
Afghanistan,large_city,11_20,2011,0.499426097052528
Afghanistan,large_city,11_20,2012,0.50031788620849
Afghanistan,large_city,11_20,2013,0.5005363824959106
Afghanistan,large_city,11_20,2014,0.5004290165940234
Afghanistan,large_city,11_20,2015,0.5002467530699326
Afghanistan,large_city,11_20,2016,0.5002060931293618
Afghanistan,large_city,11_20,2017,0.5001802411546924
Afghanistan,large_city,11_20,2018,0.49998843770187545
Afghanistan,large_city,11_20,2019,0.5000929718866003
Afghanistan,large_city,11_20,2020,0.49946955170299867
Afghanistan,large_city,11_20,2025,0.4999869066126982
Afghanistan,large_city,11_20,2030,0.5018350085550822
Afghanistan,large_city,11_20,2035,0.5037258935572052
Afghanistan,large_city,11_20,2040,0.5054587750406225
Afghanistan,large_city,11_20,2045,0.5068889402560898
Afghanistan,large_city,11_20,2050,0.5079422993814485
Afghanistan,large_city,11_20,2055,0.5085983429445846
Afghanistan,large_city,11_20,2060,0.5088693530907326
Afghanistan,large_city,11_20,2065,0.5087880579481291
Afghanistan,large_city,11_20,2070,0.5083961295698313
Afghanistan,large_city,11_20,2075,0.5077401302629477
Afghanistan,large_city,11_20,2080,0.5068637372492063
Afghanistan,large_city,11_20,2085,0.5058106796834355
Afghanistan,large_city,11_20,2090,0.5046391819898784
Afghanistan,large_city,11_20,2095,0.5033972454739857
Afghanistan,large_city,11_20,2100,0.5021164583752662
Afghanistan,large_city,21_30,2011,0.512059307619934
Afghanistan,large_city,21_30,2012,0.5129736549887237
Afghanistan,large_city,21_30,2013,0.5131976782392395
Afghanistan,large_city,21_30,2014,0.5130875964679688
Afghanistan,large_city,21_30,2015,0.5129007225050319
Afghanistan,large_city,21_30,2016,0.5128590340527475
Afghanistan,large_city,21_30,2017,0.5128325281406058
Afghanistan,large_city,21_30,2018,0.512635872932101
Afghanistan,large_city,21_30,2019,0.5127430513566341
Afghanistan,large_city,21_30,2020,0.512103861475578
Afghanistan,large_city,21_30,2025,0.5126343031133257
Afghanistan,large_city,21_30,2030,0.5145291536359821
Afghanistan,large_city,21_30,2035,0.5164678694353573
Afghanistan,large_city,21_30,2040,0.5182445849450651
Afghanistan,large_city,21_30,2045,0.5197109268409658
Afghanistan,large_city,21_30,2050,0.5207909311651082
Afghanistan,large_city,21_30,2055,0.5214635696489411
Afghanistan,large_city,21_30,2060,0.5217414351201559
Afghanistan,large_city,21_30,2065,0.5216580835798978
Afghanistan,large_city,21_30,2070,0.5212562411947838
Afghanistan,large_city,21_30,2075,0.5205836480866856
Afghanistan,large_city,21_30,2080,0.5196850863125455
Afghanistan,large_city,21_30,2085,0.5186053911760781
Afghanistan,large_city,21_30,2090,0.5174042599148535
Afghanistan,large_city,21_30,2095,0.5161309080492038
Afghanistan,large_city,21_30,2100,0.514817722857542
Afghanistan,large_city,31_50,2011,0.654115841271274
Afghanistan,large_city,31_50,2012,0.6552838487451152
Afghanistan,large_city,31_50,2013,0.655570020981016
Afghanistan,large_city,31_50,2014,0.6554294001010675
Afghanistan,large_city,31_50,2015,0.655190683183595
Afghanistan,large_city,31_50,2016,0.6551374294361647
Afghanistan,large_city,31_50,2017,0.6551035702000151
Afghanistan,large_city,31_50,2018,0.6548523585039533
Afghanistan,large_city,31_50,2019,0.6549892705848126
Afghanistan,large_city,31_50,2020,0.6541727553480864
Afghanistan,large_city,31_50,2025,0.6548503531828633
Afghanistan,large_city,31_50,2030,0.657270876987951
Afghanistan,large_city,31_50,2035,0.6597474352639612
Afghanistan,large_city,31_50,2040,0.6620170508007515
Afghanistan,large_city,31_50,2045,0.6638901882450966
Afghanistan,large_city,31_50,2050,0.6652698095634683
Afghanistan,large_city,31_50,2055,0.6661290527823228
Afghanistan,large_city,31_50,2060,0.6664840042571993
Afghanistan,large_city,31_50,2065,0.6663775291632681
Afghanistan,large_city,31_50,2070,0.6658642068471109
Afghanistan,large_city,31_50,2075,0.6650050215922194
Afghanistan,large_city,31_50,2080,0.6638571789847727
Afghanistan,large_city,31_50,2085,0.6624779526295492
Afghanistan,large_city,31_50,2090,0.6609436010930739
Afghanistan,large_city,31_50,2095,0.6593169933653378
Afghanistan,large_city,31_50,2100,0.6576395016693439
Afghanistan,large_city,51+,2011,0.7204363200833319
Afghanistan,large_city,51+,2012,0.7217227512522341
Afghanistan,large_city,51+,2013,0.7220379383483633
Afghanistan,large_city,51+,2014,0.7218830599875516
Afghanistan,large_city,51+,2015,0.721620139680911
Afghanistan,large_city,51+,2016,0.7215614865625968
Afghanistan,large_city,51+,2017,0.7215241943553862
Afghanistan,large_city,51+,2018,0.7212475124307886
Afghanistan,large_city,51+,2019,0.7213983059592216
Afghanistan,large_city,51+,2020,0.7204990046499983
Afghanistan,large_city,51+,2025,0.7212453037911938
Afghanistan,large_city,51+,2030,0.7239112432972945
Afghanistan,large_city,51+,2035,0.7266388985813695
Afghanistan,large_city,51+,2040,0.7291386293051374
Afghanistan,large_city,51+,2045,0.7312016832204679
Afghanistan,large_city,51+,2050,0.7327211836560245
Afghanistan,large_city,51+,2055,0.7336675451161675
Afghanistan,large_city,51+,2060,0.7340584849439985
Afghanistan,large_city,51+,2065,0.7339412143934134
Afghanistan,large_city,51+,2070,0.7333758465837144
Afghanistan,large_city,51+,2075,0.7324295489644719
Afghanistan,large_city,51+,2080,0.7311653271677079
Afghanistan,large_city,51+,2085,0.7296462617404159
Afghanistan,large_city,51+,2090,0.7279563430671361
Afghanistan,large_city,51+,2095,0.7261648143933895
Afghanistan,large_city,51+,2100,0.7243172426512293
Afghanistan,city,No_travel,2011,0.0
Afghanistan,city,No_travel,2012,0.0
Afghanistan,city,No_travel,2013,0.0
Afghanistan,city,No_travel,2014,0.0
Afghanistan,city,No_travel,2015,0.0
Afghanistan,city,No_travel,2016,0.0
Afghanistan,city,No_travel,2017,0.0
Afghanistan,city,No_travel,2018,0.0
Afghanistan,city,No_travel,2019,0.0
Afghanistan,city,No_travel,2020,0.0
Afghanistan,city,No_travel,2025,0.0
Afghanistan,city,No_travel,2030,0.0
Afghanistan,city,No_travel,2035,0.0
Afghanistan,city,No_travel,2040,0.0
Afghanistan,city,No_travel,2045,0.0
Afghanistan,city,No_travel,2050,0.0
Afghanistan,city,No_travel,2055,0.0
Afghanistan,city,No_travel,2060,0.0
Afghanistan,city,No_travel,2065,0.0
Afghanistan,city,No_travel,2070,0.0
Afghanistan,city,No_travel,2075,0.0
Afghanistan,city,No_travel,2080,0.0
Afghanistan,city,No_travel,2085,0.0
Afghanistan,city,No_travel,2090,0.0
Afghanistan,city,No_travel,2095,0.0
Afghanistan,city,No_travel,2100,0.0
Afghanistan,city,00_01,2011,0.02898061743012685
Afghanistan,city,00_01,2012,0.029032366028187304
Afghanistan,city,00_01,2013,0.02904504489569745
Afghanistan,city,00_01,2014,0.029038814684368894
Afghanistan,city,00_01,2015,0.029028238325835936
Afghanistan,city,00_01,2016,0.029025878917328114
Afghanistan,city,00_01,2017,0.02902437878308978
Afghanistan,city,00_01,2018,0.02901324884310332
Afghanistan,city,00_01,2019,0.029019314736002715
Afghanistan,city,00_01,2020,0.02898313900961235
Afghanistan,city,00_01,2025,0.029013159997306196
Afghanistan,city,00_01,2030,0.029120401360303035
Afghanistan,city,00_01,2035,0.029230125331826153
Afghanistan,city,00_01,2040,0.029330680700516438
Afghanistan,city,00_01,2045,0.029413670098178957
Afghanistan,city,00_01,2050,0.02947479425250072
Afghanistan,city,00_01,2055,0.0295128630431245
Afghanistan,city,00_01,2060,0.029528589176403375
Afghanistan,city,00_01,2065,0.02952387179491165
Afghanistan,city,00_01,2070,0.029501129037858117
Afghanistan,city,00_01,2075,0.02946306281532906
Afghanistan,city,00_01,2080,0.02941220762213918
Afghanistan,city,00_01,2085,0.0293511009666688
Afghanistan,city,00_01,2090,0.029283121486466182
Afghanistan,city,00_01,2095,0.029211054593582513
Afghanistan,city,00_01,2100,0.0291367332853119
Afghanistan,city,02_05,2011,0.11107001729613941
Afghanistan,city,02_05,2012,0.11126834701411327
Afghanistan,city,02_05,2013,0.11131693956177181
Afghanistan,city,02_05,2014,0.11129306188967977
Afghanistan,city,02_05,2015,0.11125252733833635
Afghanistan,city,02_05,2016,0.11124348475860511
Afghanistan,city,02_05,2017,0.11123773540091113
Afghanistan,city,02_05,2018,0.11119507921424494
Afghanistan,city,02_05,2019,0.11121832712574566
Afghanistan,city,02_05,2020,0.11107968140622068
Afghanistan,city,02_05,2025,0.11119473870720614
Afghanistan,city,02_05,2030,0.11160574789538645
Afghanistan,city,02_05,2035,0.11202627183502498
Afghanistan,city,02_05,2040,0.11241165653452552
Afghanistan,city,02_05,2045,0.11272971855842809
Afghanistan,city,02_05,2050,0.11296398067841565
Afghanistan,city,02_05,2055,0.11310988168425934
Afghanistan,city,02_05,2060,0.1131701530673483
Afghanistan,city,02_05,2065,0.11315207340962045
Afghanistan,city,02_05,2070,0.11306491037986831
Afghanistan,city,02_05,2075,0.11291901921640725
Afghanistan,city,02_05,2080,0.11272411352812033
Afghanistan,city,02_05,2085,0.11248991847356815
Afghanistan,city,02_05,2090,0.11222938289111925
Afghanistan,city,02_05,2095,0.11195318204555868
Afghanistan,city,02_05,2100,0.11166834101292743
Afghanistan,city,06_10,2011,0.1930608768468381
Afghanistan,city,06_10,2012,0.1934056117283924
Afghanistan,city,06_10,2013,0.19349007484533032
Afghanistan,city,06_10,2014,0.19344857089652964
Afghanistan,city,06_10,2015,0.19337811411426328
Afghanistan,city,06_10,2016,0.1933623963858036
Afghanistan,city,06_10,2017,0.19335240290543215
Afghanistan,city,06_10,2018,0.19327825831626944
Afghanistan,city,06_10,2019,0.19331866762103456
Afghanistan,city,06_10,2020,0.19307767491360403
Afghanistan,city,06_10,2025,0.19327766645008373
Afghanistan,city,06_10,2030,0.19399207881981115
Afghanistan,city,06_10,2035,0.1947230296425272
Afghanistan,city,06_10,2040,0.19539290176301635
Afghanistan,city,06_10,2045,0.1959457542314065
Afghanistan,city,06_10,2050,0.19635294648182466
Afghanistan,city,06_10,2055,0.19660655026083476
Afghanistan,city,06_10,2060,0.19671131342150758
Afghanistan,city,06_10,2065,0.1966798875276525
Afghanistan,city,06_10,2070,0.19652838155545382
Afghanistan,city,06_10,2075,0.19627479488438215
Afghanistan,city,06_10,2080,0.195936011619563
Afghanistan,city,06_10,2085,0.1955289359416644
Afghanistan,city,06_10,2090,0.1950760754017828
Afghanistan,city,06_10,2095,0.19459598564643876
Afghanistan,city,06_10,2100,0.19410087759783615
Afghanistan,city,11_20,2011,0.3351409639771932
Afghanistan,city,11_20,2012,0.3357394010215475
Afghanistan,city,11_20,2013,0.3358860234283935
Afghanistan,city,11_20,2014,0.3358139753074221
Afghanistan,city,11_20,2015,0.3356916669748736
Afghanistan,city,11_20,2016,0.33566438203370097
Afghanistan,city,11_20,2017,0.3356470340101144
Afghanistan,city,11_20,2018,0.3355183238877347
Afghanistan,city,11_20,2019,0.3355884717787721
Afghanistan,city,11_20,2020,0.3351701243144963
Afghanistan,city,11_20,2025,0.3355172964470266
Afghanistan,city,11_20,2030,0.33675746925768685
Afghanistan,city,11_20,2035,0.33802635173323536
Afghanistan,city,11_20,2040,0.3391892056053862
Afghanistan,city,11_20,2045,0.34014892107037104
Afghanistan,city,11_20,2050,0.34085577999258265
Afghanistan,city,11_20,2055,0.3412960194463438
Afghanistan,city,11_20,2060,0.3414778813918121
Afghanistan,city,11_20,2065,0.3414233281103164
Afghanistan,city,11_20,2070,0.34116032372330507
Afghanistan,city,11_20,2075,0.34072011396779806
Afghanistan,city,11_20,2080,0.3401320085380226
Afghanistan,city,11_20,2085,0.33942535197802554
Afghanistan,city,11_20,2090,0.33863921591378526
Afghanistan,city,11_20,2095,0.33780581172527524
Afghanistan,city,11_20,2100,0.3369463367690251
Afghanistan,city,21_30,2011,0.29424500628579375
Afghanistan,city,21_30,2012,0.29477041836848283
Afghanistan,city,21_30,2013,0.2948991490092021
Afghanistan,city,21_30,2014,0.2948358926422198
Afghanistan,city,21_30,2015,0.29472850912320014
Afghanistan,city,21_30,2016,0.2947045536580383
Afghanistan,city,21_30,2017,0.2946893225467809
Afghanistan,city,21_30,2018,0.29457631842362264
Afghanistan,city,21_30,2019,0.29463790643839194
Afghanistan,city,21_30,2020,0.29427060829973806
Afghanistan,city,21_30,2025,0.29457541635753665
Afghanistan,city,21_30,2030,0.29566425566902416
Afghanistan,city,21_30,2035,0.29677830131585564
Afghanistan,city,21_30,2040,0.29779925662033396
Afghanistan,city,21_30,2045,0.29864186171305623
Afghanistan,city,21_30,2050,0.2992624653705175
Afghanistan,city,21_30,2055,0.29964898410371543
Afghanistan,city,21_30,2060,0.29980865413823593
Afghanistan,city,21_30,2065,0.2997607577830243
Afghanistan,city,21_30,2070,0.29952984680577177
Afghanistan,city,21_30,2075,0.29914335414686466
Afghanistan,city,21_30,2080,0.2986270129517228
Afghanistan,city,21_30,2085,0.2980065869629965
Afghanistan,city,21_30,2090,0.2973163800470206
Afghanistan,city,21_30,2095,0.29658467295345436
Afghanistan,city,21_30,2100,0.2958300764072634
Afghanistan,city,31_50,2011,0.549248998564658
Afghanistan,city,31_50,2012,0.5502297528819309
Afghanistan,city,31_50,2013,0.5504700464263894
Afghanistan,city,31_50,2014,0.5503519696690081
Afghanistan,city,31_50,2015,0.5501515234795268
Afghanistan,city,31_50,2016,0.5501068072907411
Afghanistan,city,31_50,2017,0.5500783763151037
Afghanistan,city,31_50,2018,0.5498674384906633
Afghanistan,city,31_50,2019,0.5499824010379046
Afghanistan,city,31_50,2020,0.5492967882644652
Afghanistan,city,31_50,2025,0.5498657546595574
Afghanistan,city,31_50,2030,0.5518982238218428
Afghanistan,city,31_50,2035,0.5539777440951051
Afghanistan,city,31_50,2040,0.5558834983698925
Afghanistan,city,31_50,2045,0.5574563373084527
Afghanistan,city,31_50,2050,0.5586147798651127
Afghanistan,city,31_50,2055,0.559336270536493
Afghanistan,city,31_50,2060,0.5596343167384258
Afghanistan,city,31_50,2065,0.559544911567317
Afghanistan,city,31_50,2070,0.5591138842930925
Afghanistan,city,31_50,2075,0.5583924422929821
Afghanistan,city,31_50,2080,0.5574286200418276
Afghanistan,city,31_50,2085,0.556270509128433
Afghanistan,city,31_50,2090,0.5549821424635663
Afghanistan,city,31_50,2095,0.5536163099777175
Afghanistan,city,31_50,2100,0.5522077511629141
Afghanistan,city,51+,2011,0.742960658692243
Afghanistan,city,51+,2012,0.7442873099478311
Afghanistan,city,51+,2013,0.7446123513234857
Afghanistan,city,51+,2014,0.744452630712853
Afghanistan,city,51+,2015,0.744181490240392
Afghanistan,city,51+,2016,0.7441210033407143
Afghanistan,city,51+,2017,0.7440825451979737
Afghanistan,city,51+,2018,0.7437972128525369
Afghanistan,city,51+,2019,0.7439527209190905
Afghanistan,city,51+,2020,0.7430253030829296
Afghanistan,city,51+,2025,0.7437949351601407
Afghanistan,city,51+,2030,0.7465442248839808
Afghanistan,city,51+,2035,0.7493571599207753
Afghanistan,city,51+,2040,0.7519350443684516
Afghanistan,city,51+,2045,0.7540625993696684
Afghanistan,city,51+,2050,0.755629606769231
Afghanistan,city,51+,2055,0.7566055560852059
Afghanistan,city,51+,2060,0.7570087185908952
Afghanistan,city,51+,2065,0.7568877815933021
Afghanistan,city,51+,2070,0.7563047376398145
Afghanistan,city,51+,2075,0.7553288541607167
Afghanistan,city,51+,2080,0.7540251066501135
Afghanistan,city,51+,2085,0.7524585478592867
Afghanistan,city,51+,2090,0.7507157941201483
Afghanistan,city,51+,2095,0.748868253558397
Afghanistan,city,51+,2100,0.7469629177497057
Afghanistan,town,No_travel,2011,0.0
Afghanistan,town,No_travel,2012,0.0
Afghanistan,town,No_travel,2013,0.0
Afghanistan,town,No_travel,2014,0.0
Afghanistan,town,No_travel,2015,0.0
Afghanistan,town,No_travel,2016,0.0
Afghanistan,town,No_travel,2017,0.0
Afghanistan,town,No_travel,2018,0.0
Afghanistan,town,No_travel,2019,0.0
Afghanistan,town,No_travel,2020,0.0
Afghanistan,town,No_travel,2025,0.0
Afghanistan,town,No_travel,2030,0.0
Afghanistan,town,No_travel,2035,0.0
Afghanistan,town,No_travel,2040,0.0
Afghanistan,town,No_travel,2045,0.0
Afghanistan,town,No_travel,2050,0.0
Afghanistan,town,No_travel,2055,0.0
Afghanistan,town,No_travel,2060,0.0
Afghanistan,town,No_travel,2065,0.0
Afghanistan,town,No_travel,2070,0.0
Afghanistan,town,No_travel,2075,0.0
Afghanistan,town,No_travel,2080,0.0
Afghanistan,town,No_travel,2085,0.0
Afghanistan,town,No_travel,2090,0.0
Afghanistan,town,No_travel,2095,0.0
Afghanistan,town,No_travel,2100,0.0
Afghanistan,town,00_01,2011,0.02145716041148525
Afghanistan,town,00_01,2012,0.0214954749150437
Afghanistan,town,00_01,2013,0.02150486230972765
Afghanistan,town,00_01,2014,0.021500249480335847
Afghanistan,town,00_01,2015,0.021492418776861078
Afghanistan,town,00_01,2016,0.021490671878026
Afghanistan,town,00_01,2017,0.021489561183229096
Afghanistan,town,00_01,2018,0.021481320609741127
Afghanistan,town,00_01,2019,0.021485811778271094
Afghanistan,town,00_01,2020,0.021459027381215662
Afghanistan,town,00_01,2025,0.021481254828584966
Afghanistan,town,00_01,2030,0.021560656005392795
Afghanistan,town,00_01,2035,0.021641895297952147
Afghanistan,town,00_01,2040,0.021716346185046795
Afghanistan,town,00_01,2045,0.02177779128097653
Afghanistan,town,00_01,2050,0.021823047417684475
Afghanistan,town,00_01,2055,0.021851233433702082
Afghanistan,town,00_01,2060,0.021862877014630983
Afghanistan,town,00_01,2065,0.02185938427981834
Afghanistan,town,00_01,2070,0.021842545612130403
Afghanistan,town,00_01,2075,0.021814361497522267
Afghanistan,town,00_01,2080,0.021776708468194534
Afghanistan,town,00_01,2085,0.021731465287582578
Afghanistan,town,00_01,2090,0.021681133488582305
Afghanistan,town,00_01,2095,0.021627775381747955
Afghanistan,town,00_01,2100,0.021572748112663746
Afghanistan,town,02_05,2011,0.07259776121809702
Afghanistan,town,02_05,2012,0.07272739380354562
Afghanistan,town,02_05,2013,0.0727591549417697
Afghanistan,town,02_05,2014,0.0727435479797904
Afghanistan,town,02_05,2015,0.07271705372192361
Afghanistan,town,02_05,2016,0.07271114329658916
Afghanistan,town,02_05,2017,0.07270738539227632
Afghanistan,town,02_05,2018,0.07267950438775815
Afghanistan,town,02_05,2019,0.07269469972461894
Afghanistan,town,02_05,2020,0.0726040778890866
Afghanistan,town,02_05,2025,0.07267928182500631
Afghanistan,town,02_05,2030,0.07294792630376247
Afghanistan,town,02_05,2035,0.07322278982948761
Afghanistan,town,02_05,2040,0.07347468558923034
Afghanistan,town,02_05,2045,0.0736825777947592
Afghanistan,town,02_05,2050,0.07383569657391595
Afghanistan,town,02_05,2055,0.07393106062122205
Afghanistan,town,02_05,2060,0.07397045529842024
Afghanistan,town,02_05,2065,0.07395863804380388
Afghanistan,town,02_05,2070,0.07390166640577739
Afghanistan,town,02_05,2075,0.07380630879166504
Afghanistan,town,02_05,2080,0.07367891422594192
Afghanistan,town,02_05,2085,0.07352583928220163
Afghanistan,town,02_05,2090,0.073355547600757
Afghanistan,town,02_05,2095,0.07317501676514203
Afghanistan,town,02_05,2100,0.07298883851672287
Afghanistan,town,06_10,2011,0.1876250866698114
Afghanistan,town,06_10,2012,0.18796011525295125
Afghanistan,town,06_10,2013,0.18804220024031226
Afghanistan,town,06_10,2014,0.18800186486984233
Afghanistan,town,06_10,2015,0.18793339185710609
Afghanistan,town,06_10,2016,0.1879181166744142
Afghanistan,town,06_10,2017,0.1879084045688263
Afghanistan,town,06_10,2018,0.1878363475824759
Afghanistan,town,06_10,2019,0.18787561912952702
Afghanistan,town,06_10,2020,0.18764141177298257
Afghanistan,town,06_10,2025,0.18783577238077678
Afghanistan,town,06_10,2030,0.18853006987376097
Afghanistan,town,06_10,2035,0.18924044016578173
Afghanistan,town,06_10,2040,0.18989145147743228
Afghanistan,town,06_10,2045,0.19042873792299014
Afghanistan,town,06_10,2050,0.1908244653356269
Afghanistan,town,06_10,2055,0.1910709286885014
Afghanistan,town,06_10,2060,0.19117274215491714
Afghanistan,town,06_10,2065,0.1911422010833415
Afghanistan,town,06_10,2070,0.19099496088828466
Afghanistan,town,06_10,2075,0.19074851416166033
Afghanistan,town,06_10,2080,0.19041926962251735
Afghanistan,town,06_10,2085,0.19002365550020353
Afghanistan,town,06_10,2090,0.1895835456269223
Afghanistan,town,06_10,2095,0.1891169731994741
Afghanistan,town,06_10,2100,0.188635805331353
Afghanistan,town,11_20,2011,0.44707804287844377
Afghanistan,town,11_20,2012,0.4478763578901357
Afghanistan,town,11_20,2013,0.44807195217952644
Afghanistan,town,11_20,2014,0.44797583998680984
Afghanistan,town,11_20,2015,0.44781268067230956
Afghanistan,town,11_20,2016,0.44777628256103497
Afghanistan,town,11_20,2017,0.4477531402977293
Afghanistan,town,11_20,2018,0.4475814409956527
Afghanistan,town,11_20,2019,0.4476750182816546
Afghanistan,town,11_20,2020,0.44711694276813924
Afghanistan,town,11_20,2025,0.4475800703897575
Afghanistan,town,11_20,2030,0.4492344609078285
Afghanistan,town,11_20,2035,0.45092715011859763
Afghanistan,town,11_20,2040,0.45247839717340466
Afghanistan,town,11_20,2045,0.4537586575949114
Afghanistan,town,11_20,2050,0.45470160739067267
Afghanistan,town,11_20,2055,0.4552888868179611
Afghanistan,town,11_20,2060,0.45553149065155146
Afghanistan,town,11_20,2065,0.45545871657453546
Afghanistan,town,11_20,2070,0.4551078687246693
Afghanistan,town,11_20,2075,0.4545206289148516
Afghanistan,town,11_20,2080,0.45373609627691336
Afghanistan,town,11_20,2085,0.4527934164323444
Afghanistan,town,11_20,2090,0.4517447109298424
Afghanistan,town,11_20,2095,0.4506329497499972
Afghanistan,town,11_20,2100,0.4494864101662252
Afghanistan,town,21_30,2011,0.404286557269486
Afghanistan,town,21_30,2012,0.4050084626120421
Afghanistan,town,21_30,2013,0.4051853358518242
Afghanistan,town,21_30,2014,0.4050984229109541
Afghanistan,town,21_30,2015,0.40495088017519126
Afghanistan,town,21_30,2016,0.4049179658611633
Afghanistan,town,21_30,2017,0.4048970386290876
Afghanistan,town,21_30,2018,0.40474177329940336
Afghanistan,town,21_30,2019,0.4048263939588138
Afghanistan,town,21_30,2020,0.40432173390751075
Afghanistan,town,21_30,2025,0.40474053387924486
Afghanistan,town,21_30,2030,0.40623657658942564
Afghanistan,town,21_30,2035,0.4077672522834121
Afghanistan,town,21_30,2040,0.40917002377096845
Afghanistan,town,21_30,2045,0.41032774575366054
Afghanistan,town,21_30,2050,0.41118044235256274
Afghanistan,town,21_30,2055,0.41171151110352394
Afghanistan,town,21_30,2060,0.4119308944309429
Afghanistan,town,21_30,2065,0.41186508582878956
Afghanistan,town,21_30,2070,0.4115478189184431
Afghanistan,town,21_30,2075,0.41101678599301866
Afghanistan,town,21_30,2080,0.4103073438624781
Afghanistan,town,21_30,2085,0.4094548913767456
Afghanistan,town,21_30,2090,0.40850656133918356
Afghanistan,town,21_30,2095,0.40750121091532543
Afghanistan,town,21_30,2100,0.40646441085663326
Afghanistan,town,31_50,2011,0.674170657910804
Afghanistan,town,31_50,2012,0.6753744758240866
Afghanistan,town,31_50,2013,0.6756694219366561
Afghanistan,town,31_50,2014,0.6755244897011569
Afghanistan,town,31_50,2015,0.675278453859869
Afghanistan,town,31_50,2016,0.6752235673830769
Afghanistan,town,31_50,2017,0.675188670042161
Afghanistan,town,31_50,2018,0.6749297563395364
Afghanistan,town,31_50,2019,0.675070866066293
Afghanistan,town,31_50,2020,0.6742293169405783
Afghanistan,town,31_50,2025,0.6749276895364518
Afghanistan,town,31_50,2030,0.6774224252135348
Afghanistan,town,31_50,2035,0.6799749133462902
Afghanistan,town,31_50,2040,0.682314113994097
Afghanistan,town,31_50,2045,0.6842446807584752
Afghanistan,town,31_50,2050,0.6856666004754274
Afghanistan,town,31_50,2055,0.6865521875987032
Afghanistan,town,31_50,2060,0.686918021682279
Afghanistan,town,31_50,2065,0.686808282123018
Afghanistan,town,31_50,2070,0.6862792216389737
Afghanistan,town,31_50,2075,0.685393694256803
Afghanistan,town,31_50,2080,0.6842106594531565
Afghanistan,town,31_50,2085,0.6827891468086961
Afghanistan,town,31_50,2090,0.6812077529338717
Afghanistan,town,31_50,2095,0.6795312743458598
Afghanistan,town,31_50,2100,0.677802351716299
Afghanistan,town,51+,2011,0.786647883633353
Afghanistan,town,51+,2012,0.7880525440151892
Afghanistan,town,51+,2013,0.7883966983216932
Afghanistan,town,51+,2014,0.7882275858944644
Afghanistan,town,51+,2015,0.7879405019468377
Afghanistan,town,51+,2016,0.7878764583247935
Afghanistan,town,51+,2017,0.7878357387843422
Afghanistan,town,51+,2018,0.7875336284598667
Afghanistan,town,51+,2019,0.7876982806389708
Afghanistan,town,51+,2020,0.7867163292132466
Afghanistan,town,51+,2025,0.7875312168356683
Afghanistan,town,51+,2030,0.7904421690071608
Afghanistan,town,51+,2035,0.7934205089335137
Afghanistan,town,51+,2040,0.7961499769360123
Afghanistan,town,51+,2045,0.7984026354306986
Afghanistan,town,51+,2050,0.8000617852659987
Afghanistan,town,51+,2055,0.8010951218968998
Afghanistan,town,51+,2060,0.8015219909755655
Afghanistan,town,51+,2065,0.8013939426972393
Afghanistan,town,51+,2070,0.8007766148660679
Afghanistan,town,51+,2075,0.7997433479433532
Afghanistan,town,51+,2080,0.7983629380817953
Afghanistan,town,51+,2085,0.7967042632341119
Afghanistan,town,51+,2090,0.7948590329052269
Afghanistan,town,51+,2095,0.7929028541280267
Afghanistan,town,51+,2100,0.7908854816548245
Afghanistan,rural,No_travel,2011,0.0
Afghanistan,rural,No_travel,2012,0.0
Afghanistan,rural,No_travel,2013,0.0
Afghanistan,rural,No_travel,2014,0.0
Afghanistan,rural,No_travel,2015,0.0
Afghanistan,rural,No_travel,2016,0.0
Afghanistan,rural,No_travel,2017,0.0
Afghanistan,rural,No_travel,2018,0.0
Afghanistan,rural,No_travel,2019,0.0
Afghanistan,rural,No_travel,2020,0.0
Afghanistan,rural,No_travel,2025,0.0
Afghanistan,rural,No_travel,2030,0.0
Afghanistan,rural,No_travel,2035,0.0
Afghanistan,rural,No_travel,2040,0.0
Afghanistan,rural,No_travel,2045,0.0
Afghanistan,rural,No_travel,2050,0.0
Afghanistan,rural,No_travel,2055,0.0
Afghanistan,rural,No_travel,2060,0.0
Afghanistan,rural,No_travel,2065,0.0
Afghanistan,rural,No_travel,2070,0.0
Afghanistan,rural,No_travel,2075,0.0
Afghanistan,rural,No_travel,2080,0.0
Afghanistan,rural,No_travel,2085,0.0
Afghanistan,rural,No_travel,2090,0.0
Afghanistan,rural,No_travel,2095,0.0
Afghanistan,rural,No_travel,2100,0.0
Afghanistan,rural,00_01,2011,0.02747552116779272
Afghanistan,rural,00_01,2012,0.027524582224025963
Afghanistan,rural,00_01,2013,0.02753660261984736
Afghanistan,rural,00_01,2014,0.027530695971942076
Afghanistan,rural,00_01,2015,0.027520668892172258
Afghanistan,rural,00_01,2016,0.02751843201855987
Afghanistan,rural,00_01,2017,0.02751700979316667
Afghanistan,rural,00_01,2018,0.02750645788196493
Afghanistan,rural,00_01,2019,0.027512208745250042
Afghanistan,rural,00_01,2020,0.02747791179010079
Afghanistan,rural,00_01,2025,0.02750637365033717
Afghanistan,rural,00_01,2030,0.02760804547793666
Afghanistan,rural,00_01,2035,0.02771207098082549
Afghanistan,rural,00_01,2040,0.027807404048440298
Afghanistan,rural,00_01,2045,0.027886083426396147
Afghanistan,rural,00_01,2050,0.02794403312329202
Afghanistan,rural,00_01,2055,0.027980124827174373
Afghanistan,rural,00_01,2060,0.027995034230289508
Afghanistan,rural,00_01,2065,0.027990561844035318
Afghanistan,rural,00_01,2070,0.027969000222570733
Afghanistan,rural,00_01,2075,0.027932910953410175
Afghanistan,rural,00_01,2080,0.027884696903438685
Afghanistan,rural,00_01,2085,0.02782676379659866
Afghanistan,rural,00_01,2090,0.027762314802308397
Afghanistan,rural,00_01,2095,0.027693990673407547
Afghanistan,rural,00_01,2100,0.0276235292112413
Afghanistan,rural,02_05,2011,0.08859584964879585
Afghanistan,rural,02_05,2012,0.08875404886675088
Afghanistan,rural,02_05,2013,0.08879280908441547
Afghanistan,rural,02_05,2014,0.0887737628764637
Afghanistan,rural,02_05,2015,0.08874143018125191
Afghanistan,rural,02_05,2016,0.08873421729829925
Afghanistan,rural,02_05,2017,0.08872963127911755
Afghanistan,rural,02_05,2018,0.0886956062452473
Afghanistan,rural,02_05,2019,0.08871415011984198
Afghanistan,rural,02_05,2020,0.08860355830019065
Afghanistan,rural,02_05,2025,0.08869533463720089
Afghanistan,rural,02_05,2030,0.08902317926284103
Afghanistan,rural,02_05,2035,0.08935861340282679
Afghanistan,rural,02_05,2040,0.08966601845889031
Afghanistan,rural,02_05,2045,0.08991972306734042
Afghanistan,rural,02_05,2050,0.0901065840408603
Afghanistan,rural,02_05,2055,0.09022296309519025
Afghanistan,rural,02_05,2060,0.09027103902534912
Afghanistan,rural,02_05,2065,0.09025661764794457
Afghanistan,rural,02_05,2070,0.09018709138994224
Afghanistan,rural,02_05,2075,0.09007072018646414
Afghanistan,rural,02_05,2080,0.0899152521720033
Afghanistan,rural,02_05,2085,0.08972844469374142
Afghanistan,rural,02_05,2090,0.0895206264917395
Afghanistan,rural,02_05,2095,0.08930031277268326
Afghanistan,rural,02_05,2100,0.08907310714226076
Afghanistan,rural,06_10,2011,0.19302164217733958
Afghanistan,rural,06_10,2012,0.19336630700037472
Afghanistan,rural,06_10,2013,0.19345075295235134
Afghanistan,rural,06_10,2014,0.1934092574381633
Afghanistan,rural,06_10,2015,0.1933388149744301
Afghanistan,rural,06_10,2016,0.19332310044019543
Afghanistan,rural,06_10,2017,0.19331310899074247
Afghanistan,rural,06_10,2018,0.19323897946956503
Afghanistan,rural,06_10,2019,0.1932793805621758
Afghanistan,rural,06_10,2020,0.19303843683032948
Afghanistan,rural,06_10,2025,0.19323838772366095
Afghanistan,rural,06_10,2030,0.1939526549074052
Afghanistan,rural,06_10,2035,0.19468345718312188
Afghanistan,rural,06_10,2040,0.1953531931692907
Afghanistan,rural,06_10,2045,0.19590593328460223
Afghanistan,rural,06_10,2050,0.19631304278364356
Afghanistan,rural,06_10,2055,0.19656659502419277
Afghanistan,rural,06_10,2060,0.19667133689444127
Afghanistan,rural,06_10,2065,0.19663991738709277
Afghanistan,rural,06_10,2070,0.19648844220459546
Afghanistan,rural,06_10,2075,0.19623490706850796
Afghanistan,rural,06_10,2080,0.1958961926526946
Afghanistan,rural,06_10,2085,0.19548919970248244
Afghanistan,rural,06_10,2090,0.19503643119488567
Afghanistan,rural,06_10,2095,0.19455643900546588
Afghanistan,rural,06_10,2100,0.19406143157487024
Afghanistan,rural,11_20,2011,0.40317189715969404
Afghanistan,rural,11_20,2012,0.40389181213409686
Afghanistan,rural,11_20,2013,0.40406819771595087
Afghanistan,rural,11_20,2014,0.4039815244031032
Afghanistan,rural,11_20,2015,0.40383438845801667
Afghanistan,rural,11_20,2016,0.4038015648921776
Afghanistan,rural,11_20,2017,0.4037806953586585
Afghanistan,rural,11_20,2018,0.40362585811164564
Afghanistan,rural,11_20,2019,0.4037102454630922
Afghanistan,rural,11_20,2020,0.4032069768120672
Afghanistan,rural,11_20,2025,0.4036246221086975
Afghanistan,rural,11_20,2030,0.40511654007344317
Afghanistan,rural,11_20,2035,0.4066429955352541
Afghanistan,rural,11_20,2040,0.4080418994358422
Afghanistan,rural,11_20,2045,0.4091964294585516
Afghanistan,rural,11_20,2050,0.4100467750841962
Afghanistan,rural,11_20,2055,0.4105763796233462
Afghanistan,rural,11_20,2060,0.41079515808810174
Afghanistan,rural,11_20,2065,0.4107295309271128
Afghanistan,rural,11_20,2070,0.410413138754654
Afghanistan,rural,11_20,2075,0.40988356994226605
Afghanistan,rural,11_20,2080,0.4091760838175062
Afghanistan,rural,11_20,2085,0.40832598163198597
Afghanistan,rural,11_20,2090,0.40738026623902385
Afghanistan,rural,11_20,2095,0.4063776876709044
Afghanistan,rural,11_20,2100,0.4053437461778669
Afghanistan,rural,21_30,2011,0.4275976654157429
Afghanistan,rural,21_30,2012,0.42836119572259496
Afghanistan,rural,21_30,2013,0.4285482674494319
Afghanistan,rural,21_30,2014,0.4284563431201604
Afghanistan,rural,21_30,2015,0.4283002930902328
Afghanistan,rural,21_30,2016,0.428265480941315
Afghanistan,rural,21_30,2017,0.42824334704787165
Afghanistan,rural,21_30,2018,0.4280791291403028
Afghanistan,rural,21_30,2019,0.42816862901547614
Afghanistan,rural,21_30,2020,0.42763487033395275
Afghanistan,rural,21_30,2025,0.42807781825534585
Afghanistan,rural,21_30,2030,0.42966012258561115
Afghanistan,rural,21_30,2035,0.43127905683283857
Afghanistan,rural,21_30,2040,0.432762711934413
Afghanistan,rural,21_30,2045,0.43398718800985586
Afghanistan,rural,21_30,2050,0.434889050979184
Afghanistan,rural,21_30,2055,0.43545074108241166
Afghanistan,rural,21_30,2060,0.4356827740227821
Afghanistan,rural,21_30,2065,0.43561317090554
Afghanistan,rural,21_30,2070,0.43527761042810525
Afghanistan,rural,21_30,2075,0.4347159582161099
Afghanistan,rural,21_30,2080,0.4339656097483905
Afghanistan,rural,21_30,2085,0.43306400496776437
Afghanistan,rural,21_30,2090,0.43206099434865325
Afghanistan,rural,21_30,2095,0.4309976755554936
Afghanistan,rural,21_30,2100,0.4299010937458141
Afghanistan,rural,31_50,2011,0.713065368968106
Afghanistan,rural,31_50,2012,0.7143386383612971
Afghanistan,rural,31_50,2013,0.7146506007051298
Afghanistan,rural,31_50,2014,0.7144973069407557
Afghanistan,rural,31_50,2015,0.7142370766327637
Afghanistan,rural,31_50,2016,0.714179023608109
Afghanistan,rural,31_50,2017,0.7141421129461214
Afghanistan,rural,31_50,2018,0.7138682618184781
Afghanistan,rural,31_50,2019,0.7140175125433412
Afghanistan,rural,31_50,2020,0.7131274121944294
Afghanistan,rural,31_50,2025,0.7138660757759874
Afghanistan,rural,31_50,2030,0.7165047394365652
Afghanistan,rural,31_50,2035,0.7192044874466764
Afghanistan,rural,31_50,2040,0.7216786428455301
Afghanistan,rural,31_50,2045,0.7237205891776723
Afghanistan,rural,31_50,2050,0.725224543251784
Afghanistan,rural,31_50,2055,0.7261612222682945
Afghanistan,rural,31_50,2060,0.726548162300058
Afghanistan,rural,31_50,2065,0.72643209157168
Afghanistan,rural,31_50,2070,0.7258725081711942
Afghanistan,rural,31_50,2075,0.7249358923424131
Afghanistan,rural,31_50,2080,0.7236846050921218
Afghanistan,rural,31_50,2085,0.7221810815756043
Afghanistan,rural,31_50,2090,0.7205084528522926
Afghanistan,rural,31_50,2095,0.7187352537240002
Afghanistan,rural,31_50,2100,0.7169065849169275
Afghanistan,rural,51+,2011,0.8434383382567929
Afghanistan,rural,51+,2012,0.844944405256934
Afghanistan,rural,51+,2013,0.8453134050882702
Afghanistan,rural,51+,2014,0.8451320839310307
Afghanistan,rural,51+,2015,0.8448242745378267
Afghanistan,rural,51+,2016,0.844755607415882
Afghanistan,rural,51+,2017,0.8447119482104771
Afghanistan,rural,51+,2018,0.8443880276415068
Afghanistan,rural,51+,2019,0.8445645665520197
Afghanistan,rural,51+,2020,0.8435117251270402
Afghanistan,rural,51+,2025,0.8443854419149718
Afghanistan,rural,51+,2030,0.8475065443972267
Afghanistan,rural,51+,2035,0.8506998995571546
Afghanistan,rural,51+,2040,0.853626415987504
Afghanistan,rural,51+,2045,0.8560417006109655
Afghanistan,rural,51+,2050,0.8578206294164956
Afghanistan,rural,51+,2055,0.8589285656977216
Afghanistan,rural,51+,2060,0.8593862517270796
Afghanistan,rural,51+,2065,0.8592489592620071
Afghanistan,rural,51+,2070,0.8585870646953072
Afghanistan,rural,51+,2075,0.8574792031547092
Afghanistan,rural,51+,2080,0.8559991373921623
Afghanistan,rural,51+,2085,0.8542207178650204
Afghanistan,rural,51+,2090,0.8522422748606263
Afghanistan,rural,51+,2095,0.8501448737088502
Afghanistan,rural,51+,2100,0.8479818611058242
Bangladesh,large_city,No_travel,2011,0.0
Bangladesh,large_city,No_travel,2012,0.0
Bangladesh,large_city,No_travel,2013,0.0
Bangladesh,large_city,No_travel,2014,0.0
Bangladesh,large_city,No_travel,2015,0.0
Bangladesh,large_city,No_travel,2016,0.0
Bangladesh,large_city,No_travel,2017,0.0
Bangladesh,large_city,No_travel,2018,0.0
Bangladesh,large_city,No_travel,2019,0.0
Bangladesh,large_city,No_travel,2020,0.0
Bangladesh,large_city,No_travel,2025,0.0
Bangladesh,large_city,No_travel,2030,0.0
Bangladesh,large_city,No_travel,2035,0.0
Bangladesh,large_city,No_travel,2040,0.0
Bangladesh,large_city,No_travel,2045,0.0
Bangladesh,large_city,No_travel,2050,0.0
Bangladesh,large_city,No_travel,2055,0.0
Bangladesh,large_city,No_travel,2060,0.0
Bangladesh,large_city,No_travel,2065,0.0
Bangladesh,large_city,No_travel,2070,0.0
Bangladesh,large_city,No_travel,2075,0.0
Bangladesh,large_city,No_travel,2080,0.0
Bangladesh,large_city,No_travel,2085,0.0
Bangladesh,large_city,No_travel,2090,0.0
Bangladesh,large_city,No_travel,2095,0.0
Bangladesh,large_city,No_travel,2100,0.0
Bangladesh,large_city,00_01,2011,0.05827400034779323
Bangladesh,large_city,00_01,2012,0.058331145257196446
Bangladesh,large_city,00_01,2013,0.05838146527394158
Bangladesh,large_city,00_01,2014,0.05843137753642825
Bangladesh,large_city,00_01,2015,0.05848547789671475
Bangladesh,large_city,00_01,2016,0.05854305764383839
Bangladesh,large_city,00_01,2017,0.05859390785991881
Bangladesh,large_city,00_01,2018,0.058650606517312805
Bangladesh,large_city,00_01,2019,0.05871053767247457
Bangladesh,large_city,00_01,2020,0.058730826363612695
Bangladesh,large_city,00_01,2025,0.05900038173591162
Bangladesh,large_city,00_01,2030,0.05915022205506338
Bangladesh,large_city,00_01,2035,0.059261487213301475
Bangladesh,large_city,00_01,2040,0.059340119771787395
Bangladesh,large_city,00_01,2045,0.05939013964645745
Bangladesh,large_city,00_01,2050,0.05941621671990646
Bangladesh,large_city,00_01,2055,0.059422879732954875
Bangladesh,large_city,00_01,2060,0.05941398741666791
Bangladesh,large_city,00_01,2065,0.0593925567363344
Bangladesh,large_city,00_01,2070,0.059361013681172095
Bangladesh,large_city,00_01,2075,0.059321421605577476
Bangladesh,large_city,00_01,2080,0.059277037866171806
Bangladesh,large_city,00_01,2085,0.059229763029938334
Bangladesh,large_city,00_01,2090,0.05918202202311103
Bangladesh,large_city,00_01,2095,0.05913344802916904
Bangladesh,large_city,00_01,2100,0.05908384575751291
Bangladesh,large_city,02_05,2011,0.21452239727168868
Bangladesh,large_city,02_05,2012,0.21473276317902107
Bangladesh,large_city,02_05,2013,0.21491800480579273
Bangladesh,large_city,02_05,2014,0.21510174537856944
Bangladesh,large_city,02_05,2015,0.21530090347502168
Bangladesh,large_city,02_05,2016,0.2155128701379166
Bangladesh,large_city,02_05,2017,0.21570006357221405
Bangladesh,large_city,02_05,2018,0.21590878670489164
Bangladesh,large_city,02_05,2019,0.21612940953839943
Bangladesh,large_city,02_05,2020,0.21620409771210433
Bangladesh,large_city,02_05,2025,0.21719640413208424
Bangladesh,large_city,02_05,2030,0.21774800697864613
Bangladesh,large_city,02_05,2035,0.21815760419757044
Bangladesh,large_city,02_05,2040,0.21844707196791965
Bangladesh,large_city,02_05,2045,0.2186312086903243
Bangladesh,large_city,02_05,2050,0.21872720546893443
Bangladesh,large_city,02_05,2055,0.2187517338267555
Bangladesh,large_city,02_05,2060,0.21871899879919962
Bangladesh,large_city,02_05,2065,0.21864010665359662
Bangladesh,large_city,02_05,2070,0.2185239881141055
Bangladesh,large_city,02_05,2075,0.2183782389477735
Bangladesh,large_city,02_05,2080,0.2182148503676115
Bangladesh,large_city,02_05,2085,0.21804081887605603
Bangladesh,large_city,02_05,2090,0.21786507128413451
Bangladesh,large_city,02_05,2095,0.21768625724076518
Bangladesh,large_city,02_05,2100,0.21750365782829498
Bangladesh,large_city,06_10,2011,0.3454745494359448
Bangladesh,large_city,06_10,2012,0.3458133302251614
Bangladesh,large_city,06_10,2013,0.34611164997340044
Bangladesh,large_city,06_10,2014,0.3464075523705415
Bangladesh,large_city,06_10,2015,0.3467282836998265
Bangladesh,large_city,06_10,2016,0.3470696424031153
Bangladesh,large_city,06_10,2017,0.3473711054120774
Bangladesh,large_city,06_10,2018,0.3477072406181711
Bangladesh,large_city,06_10,2019,0.3480625395285448
Bangladesh,large_city,06_10,2020,0.3481828200376528
Bangladesh,large_city,06_10,2025,0.34978086582543494
Bangladesh,large_city,06_10,2030,0.3506691867994086
Bangladesh,large_city,06_10,2035,0.3513288168261926
Bangladesh,large_city,06_10,2040,0.35179498608781506
Bangladesh,large_city,06_10,2045,0.35209152645850084
Bangladesh,large_city,06_10,2050,0.35224612310789233
Bangladesh,large_city,06_10,2055,0.3522856244535533
Bangladesh,large_city,06_10,2060,0.35223290679311564
Bangladesh,large_city,06_10,2065,0.35210585605714184
Bangladesh,large_city,06_10,2070,0.35191885460357775
Bangladesh,large_city,06_10,2075,0.35168413492763906
Bangladesh,large_city,06_10,2080,0.3514210081080979
Bangladesh,large_city,06_10,2085,0.3511407415629844
Bangladesh,large_city,06_10,2090,0.3508577113483974
Bangladesh,large_city,06_10,2095,0.35056974281060593
Bangladesh,large_city,06_10,2100,0.35027567817888117
Bangladesh,large_city,11_20,2011,0.49491906190807855
Bangladesh,large_city,11_20,2012,0.495404391639792
Bangladesh,large_city,11_20,2013,0.4958317577950939
Bangladesh,large_city,11_20,2014,0.49625566090763434
Bangladesh,large_city,11_20,2015,0.4967151333893944
Bangladesh,large_city,11_20,2016,0.4972041561827715
Bangladesh,large_city,11_20,2017,0.4976360253026215
Bangladesh,large_city,11_20,2018,0.4981175650315127
Bangladesh,large_city,11_20,2019,0.4986265582517259
Bangladesh,large_city,11_20,2020,0.4987988694012179
Bangladesh,large_city,11_20,2025,0.5010881938202427
Bangladesh,large_city,11_20,2030,0.5023607824489279
Bangladesh,large_city,11_20,2035,0.5033057535751523
Bangladesh,large_city,11_20,2040,0.5039735771645578
Bangladesh,large_city,11_20,2045,0.5043983942236359
Bangladesh,large_city,11_20,2050,0.5046198659031442
Bangladesh,large_city,11_20,2055,0.5046764546416506
Bangladesh,large_city,11_20,2060,0.5046009325081319
Bangladesh,large_city,11_20,2065,0.504418922484049
Bangladesh,large_city,11_20,2070,0.5041510284116072
Bangladesh,large_city,11_20,2075,0.5038147742880643
Bangladesh,large_city,11_20,2080,0.5034378247301221
Bangladesh,large_city,11_20,2085,0.5030363211871889
Bangladesh,large_city,11_20,2090,0.5026308584735859
Bangladesh,large_city,11_20,2095,0.502218321229336
Bangladesh,large_city,11_20,2100,0.5017970508581576
Bangladesh,large_city,21_30,2011,0.5042582541473913
Bangladesh,large_city,21_30,2012,0.5047527421193359
Bangladesh,large_city,21_30,2013,0.5051881727340376
Bangladesh,large_city,21_30,2014,0.5056200749578743
Bangladesh,large_city,21_30,2015,0.5060882177499257
Bangladesh,large_city,21_30,2016,0.5065864684721264
Bangladesh,large_city,21_30,2017,0.5070264870229501
Bangladesh,large_city,21_30,2018,0.5075171134741866
Bangladesh,large_city,21_30,2019,0.5080357114679839
Bangladesh,large_city,21_30,2020,0.5082112741530782
Bangladesh,large_city,21_30,2025,0.5105437984455632
Bangladesh,large_city,21_30,2030,0.5118404010004831
Bangladesh,large_city,21_30,2035,0.5128032038646373
Bangladesh,large_city,21_30,2040,0.5134836293790108
Bangladesh,large_city,21_30,2045,0.5139164627956848
Bangladesh,large_city,21_30,2050,0.5141421136769044
Bangladesh,large_city,21_30,2055,0.5141997702528577
Bangladesh,large_city,21_30,2060,0.5141228230060679
Bangladesh,large_city,21_30,2065,0.5139373784272563
Bangladesh,large_city,21_30,2070,0.5136644291560257
Bangladesh,large_city,21_30,2075,0.5133218298699245
Bangladesh,large_city,21_30,2080,0.5129377672208587
Bangladesh,large_city,21_30,2085,0.5125286872496551
Bangladesh,large_city,21_30,2090,0.5121155733976748
Bangladesh,large_city,21_30,2095,0.5116952515176603
Bangladesh,large_city,21_30,2100,0.5112660317153851
Bangladesh,large_city,31_50,2011,0.618752652250464
Bangladesh,large_city,31_50,2012,0.619359416228307
Bangladesh,large_city,31_50,2013,0.6198937135759495
Bangladesh,large_city,31_50,2014,0.6204236813936577
Bangladesh,large_city,31_50,2015,0.6209981183846862
Bangladesh,large_city,31_50,2016,0.6216094994643449
Bangladesh,large_city,31_50,2017,0.6221494264623111
Bangladesh,large_city,31_50,2018,0.6227514521415539
Bangladesh,large_city,31_50,2019,0.6233878004441838
Bangladesh,large_city,31_50,2020,0.6236032255287409
Bangladesh,large_city,31_50,2025,0.6264653613104427
Bangladesh,large_city,31_50,2030,0.6280563640618562
Bangladesh,large_city,31_50,2035,0.6292377762071011
Bangladesh,large_city,31_50,2040,0.6300726957908953
Bangladesh,large_city,31_50,2045,0.6306038062335046
Bangladesh,large_city,31_50,2050,0.6308806922935521
Bangladesh,large_city,31_50,2055,0.6309514400879558
Bangladesh,large_city,31_50,2060,0.6308570215779107
Bangladesh,large_city,31_50,2065,0.6306294708654703
Bangladesh,large_city,31_50,2070,0.6302945470756965
Bangladesh,large_city,31_50,2075,0.6298741588813721
Bangladesh,large_city,31_50,2080,0.6294028928568989
Bangladesh,large_city,31_50,2085,0.6289009292002152
Bangladesh,large_city,31_50,2090,0.6283940157496334
Bangladesh,large_city,31_50,2095,0.6278782576516373
Bangladesh,large_city,31_50,2100,0.6273515813129321
Bangladesh,large_city,51+,2011,0.6494195964482046
Bangladesh,large_city,51+,2012,0.6500564331812625
Bangladesh,large_city,51+,2013,0.6506172116549018
Bangladesh,large_city,51+,2014,0.6511734460161686
Bangladesh,large_city,51+,2015,0.6517763535552987
Bangladesh,large_city,51+,2016,0.6524180362253995
Bangladesh,large_city,51+,2017,0.6529847233690512
Bangladesh,large_city,51+,2018,0.653616586961463
Bangladesh,large_city,51+,2019,0.6542844742931639
Bangladesh,large_city,51+,2020,0.6545105763889999
Bangladesh,large_city,51+,2025,0.6575145668487941
Bangladesh,large_city,51+,2030,0.6591844237148826
Bangladesh,large_city,51+,2035,0.6604243896298786
Bangladesh,large_city,51+,2040,0.6613006899369598
Bangladesh,large_city,51+,2045,0.6618581235545035
Bangladesh,large_city,51+,2050,0.662148732787004
Bangladesh,large_city,51+,2055,0.6622229870207824
Bangladesh,large_city,51+,2060,0.6621238888909114
Bangladesh,large_city,51+,2065,0.6618850601904492
Bangladesh,large_city,51+,2070,0.6615335367317543
Bangladesh,large_city,51+,2075,0.6610923130367659
Bangladesh,large_city,51+,2080,0.6605976898778672
Bangladesh,large_city,51+,2085,0.660070847634574
Bangladesh,large_city,51+,2090,0.6595388102730958
Bangladesh,large_city,51+,2095,0.6589974899011389
Bangladesh,large_city,51+,2100,0.6584447101528879
Bangladesh,city,No_travel,2011,0.0
Bangladesh,city,No_travel,2012,0.0
Bangladesh,city,No_travel,2013,0.0
Bangladesh,city,No_travel,2014,0.0
Bangladesh,city,No_travel,2015,0.0
Bangladesh,city,No_travel,2016,0.0
Bangladesh,city,No_travel,2017,0.0
Bangladesh,city,No_travel,2018,0.0
Bangladesh,city,No_travel,2019,0.0
Bangladesh,city,No_travel,2020,0.0
Bangladesh,city,No_travel,2025,0.0
Bangladesh,city,No_travel,2030,0.0
Bangladesh,city,No_travel,2035,0.0
Bangladesh,city,No_travel,2040,0.0
Bangladesh,city,No_travel,2045,0.0
Bangladesh,city,No_travel,2050,0.0
Bangladesh,city,No_travel,2055,0.0
Bangladesh,city,No_travel,2060,0.0
Bangladesh,city,No_travel,2065,0.0
Bangladesh,city,No_travel,2070,0.0
Bangladesh,city,No_travel,2075,0.0
Bangladesh,city,No_travel,2080,0.0
Bangladesh,city,No_travel,2085,0.0
Bangladesh,city,No_travel,2090,0.0
Bangladesh,city,No_travel,2095,0.0
Bangladesh,city,No_travel,2100,0.0
Bangladesh,city,00_01,2011,0.03443334851853788
Bangladesh,city,00_01,2012,0.034467114701909496
Bangladesh,city,00_01,2013,0.034496848145017966
Bangladesh,city,00_01,2014,0.03452634065144098
Bangladesh,city,00_01,2015,0.034558307850356546
Bangladesh,city,00_01,2016,0.03459233097367886
Bangladesh,city,00_01,2017,0.03462237770467536
Bangladesh,city,00_01,2018,0.03465588020354155
Bangladesh,city,00_01,2019,0.034691292743276037
Bangladesh,city,00_01,2020,0.03470328106686417
Bangladesh,city,00_01,2025,0.03486255782878231
Bangladesh,city,00_01,2030,0.03495109652358082
Bangladesh,city,00_01,2035,0.035016841657752436
Bangladesh,city,00_01,2040,0.03506330461336026
Bangladesh,city,00_01,2045,0.035092860706422146
Bangladesh,city,00_01,2050,0.0351082693097968
Bangladesh,city,00_01,2055,0.03511220639750504
Bangladesh,city,00_01,2060,0.035106952043521815
Bangladesh,city,00_01,2065,0.0350942889333782
Bangladesh,city,00_01,2070,0.03507565055253493
Bangladesh,city,00_01,2075,0.0350522561102556
Bangladesh,city,00_01,2080,0.03502603033618157
Bangladesh,city,00_01,2085,0.03499809625061221
Bangladesh,city,00_01,2090,0.03496988671090497
Bangladesh,city,00_01,2095,0.03494118496995087
Bangladesh,city,00_01,2100,0.03491187563307588
Bangladesh,city,02_05,2011,0.1172561922728026
Bangladesh,city,02_05,2012,0.11737117656158326
Bangladesh,city,02_05,2013,0.11747242812357357
Bangladesh,city,02_05,2014,0.11757285922169587
Bangladesh,city,02_05,2015,0.11768171741248287
Bangladesh,city,02_05,2016,0.11779757666119504
Bangladesh,city,02_05,2017,0.1178998950652561
Bangladesh,city,02_05,2018,0.11801398142681221
Bangladesh,city,02_05,2019,0.11813457206776425
Bangladesh,city,02_05,2020,0.11817539601420446
Bangladesh,city,02_05,2025,0.1187177826081196
Bangladesh,city,02_05,2030,0.11901928422406868
Bangladesh,city,02_05,2035,0.11924316672243443
Bangladesh,city,02_05,2040,0.1194013874442263
Bangladesh,city,02_05,2045,0.11950203507450341
Bangladesh,city,02_05,2050,0.11955450613054901
Bangladesh,city,02_05,2055,0.11956791313083143
Bangladesh,city,02_05,2060,0.11955002043182206
Bangladesh,city,02_05,2065,0.11950689862863839
Bangladesh,city,02_05,2070,0.11944342918224878
Bangladesh,city,02_05,2075,0.1193637638769549
Bangladesh,city,02_05,2080,0.11927445701196404
Bangladesh,city,02_05,2085,0.1191793328184305
Bangladesh,city,02_05,2090,0.11908327061843685
Bangladesh,city,02_05,2095,0.11898553232109796
Bangladesh,city,02_05,2100,0.11888572497188961
Bangladesh,city,06_10,2011,0.200017206570617
Bangladesh,city,06_10,2012,0.20021334833333015
Bangladesh,city,06_10,2013,0.20038606462402375
Bangladesh,city,06_10,2014,0.2005573813562992
Bangladesh,city,06_10,2015,0.20074307313778644
Bangladesh,city,06_10,2016,0.20094070741904355
Bangladesh,city,06_10,2017,0.20111524354344235
Bangladesh,city,06_10,2018,0.2013098536096909
Bangladesh,city,06_10,2019,0.20151555876414165
Bangladesh,city,06_10,2020,0.20158519680687428
Bangladesh,city,06_10,2025,0.2025104072311038
Bangladesh,city,06_10,2030,0.20302471278571674
Bangladesh,city,06_10,2035,0.20340661459452683
Bangladesh,city,06_10,2040,0.20367650965235684
Bangladesh,city,06_10,2045,0.20384819574812518
Bangladesh,city,06_10,2050,0.20393770158873473
Bangladesh,city,06_10,2055,0.20396057143204963
Bangladesh,city,06_10,2060,0.20393004982287494
Bangladesh,city,06_10,2065,0.20385649206487594
Bangladesh,city,06_10,2070,0.20374822502052317
Bangladesh,city,06_10,2075,0.20361233085991115
Bangladesh,city,06_10,2080,0.20345998999571618
Bangladesh,city,06_10,2085,0.20329772585342173
Bangladesh,city,06_10,2090,0.20313386164695785
Bangladesh,city,06_10,2095,0.20296713833086028
Bangladesh,city,06_10,2100,0.20279688559796047
Bangladesh,city,11_20,2011,0.34492847757715667
Bangladesh,city,11_20,2012,0.34526672287495835
Bangladesh,city,11_20,2013,0.34556457108623556
Bangladesh,city,11_20,2014,0.34586000576738335
Bangladesh,city,11_20,2015,0.3461802301350023
Bangladesh,city,11_20,2016,0.3465210492721149
Bangladesh,city,11_20,2017,0.3468220357757427
Bangladesh,city,11_20,2018,0.3471576396721435
Bangladesh,city,11_20,2019,0.34751237698185306
Bangladesh,city,11_20,2020,0.3476324673704404
Bangladesh,city,11_20,2025,0.3492279872186557
Bangladesh,city,11_20,2030,0.3501149040744787
Bangladesh,city,11_20,2035,0.3507734914618109
Bangladesh,city,11_20,2040,0.3512389238763469
Bangladesh,city,11_20,2045,0.3515349955226312
Bangladesh,city,11_20,2050,0.35168934780994204
Bangladesh,city,11_20,2055,0.35172878671808544
Bangladesh,city,11_20,2060,0.35167615238543815
Bangladesh,city,11_20,2065,0.35154930247129523
Bangladesh,city,11_20,2070,0.3513625966002321
Bangladesh,city,11_20,2075,0.35112824793225894
Bangladesh,city,11_20,2080,0.35086553702223033
Bangladesh,city,11_20,2085,0.3505857134784132
Bangladesh,city,11_20,2090,0.3503031306334967
Bangladesh,city,11_20,2095,0.35001561727110087
Bangladesh,city,11_20,2100,0.3497220174505187
Bangladesh,city,21_30,2011,0.3020747578557574
Bangladesh,city,21_30,2012,0.30237097974832766
Bangladesh,city,21_30,2013,0.30263182346564355
Bangladesh,city,21_30,2014,0.3028905535084535
Bangladesh,city,21_30,2015,0.303170993381054
Bangladesh,city,21_30,2016,0.30346946934058927
Bangladesh,city,21_30,2017,0.30373306145058226
Bangladesh,city,21_30,2018,0.3040269701079735
Bangladesh,city,21_30,2019,0.3043376350541838
Bangladesh,city,21_30,2020,0.304442805480552
Bangladesh,city,21_30,2025,0.30584009884174135
Bangladesh,city,21_30,2030,0.3066168256470861
Bangladesh,city,21_30,2035,0.3071935905084644
Bangladesh,city,21_30,2040,0.30760119786204315
Bangladesh,city,21_30,2045,0.3078604857337999
Bangladesh,city,21_30,2050,0.3079956613798974
Bangladesh,city,21_30,2055,0.308030200420313
Bangladesh,city,21_30,2060,0.30798410534749954
Bangladesh,city,21_30,2065,0.3078730151952225
Bangladesh,city,21_30,2070,0.30770950555639015
Bangladesh,city,21_30,2075,0.30750427223489385
Bangladesh,city,21_30,2080,0.3072742003803158
Bangladesh,city,21_30,2085,0.30702914195592984
Bangladesh,city,21_30,2090,0.30678166704445853
Bangladesh,city,21_30,2095,0.30652987418022165
Bangladesh,city,21_30,2100,0.3062727510359344
Bangladesh,city,31_50,2011,0.5432627574154263
Bangladesh,city,31_50,2012,0.5437954941568438
Bangladesh,city,31_50,2013,0.5442646054395256
Bangladesh,city,31_50,2014,0.5447299154094182
Bangladesh,city,31_50,2015,0.5452342691646264
Bangladesh,city,31_50,2016,0.5457710597059823
Bangladesh,city,31_50,2017,0.5462451138028033
Bangladesh,city,31_50,2018,0.5467736903339111
Bangladesh,city,31_50,2019,0.5473324020134587
Bangladesh,city,31_50,2020,0.5475215445165693
Bangladesh,city,31_50,2025,0.5500344901519688
Bangladesh,city,31_50,2030,0.5514313852418642
Bangladesh,city,31_50,2035,0.5524686611506389
Bangladesh,city,31_50,2040,0.5532017177503358
Bangladesh,city,31_50,2045,0.5536680309410665
Bangladesh,city,31_50,2050,0.5539111359749185
Bangladesh,city,31_50,2055,0.5539732523015782
Bangladesh,city,31_50,2060,0.5538903531658224
Bangladesh,city,31_50,2065,0.5536905644020206
Bangladesh,city,31_50,2070,0.5533965024357491
Bangladesh,city,31_50,2075,0.553027403008372
Bangladesh,city,31_50,2080,0.5526136330164371
Bangladesh,city,31_50,2085,0.5521729106061807
Bangladesh,city,31_50,2090,0.5517278422934512
Bangladesh,city,31_50,2095,0.5512750084098992
Bangladesh,city,31_50,2100,0.5508125883475531
Bangladesh,city,51+,2011,0.717071066177833
Bangladesh,city,51+,2012,0.717774243596027
Bangladesh,city,51+,2013,0.7183934395983981
Bangladesh,city,51+,2014,0.719007618118202
Bangladesh,city,51+,2015,0.7196733318636068
Bangladesh,city,51+,2016,0.7203818600307786
Bangladesh,city,51+,2017,0.7210075802223314
Bangladesh,city,51+,2018,0.7217052664368646
Bangladesh,city,51+,2019,0.7224427290629523
Bangladesh,city,51+,2020,0.7226923847121086
Bangladesh,city,51+,2025,0.7260093074744854
Bangladesh,city,51+,2030,0.7278531170082281
Bangladesh,city,51+,2035,0.7292222529036542
Bangladesh,city,51+,2040,0.7301898393438037
Bangladesh,city,51+,2045,0.7308053420490525
Bangladesh,city,51+,2050,0.7311262246853788
Bangladesh,city,51+,2055,0.7312082141462373
Bangladesh,city,51+,2060,0.7310987927459107
Bangladesh,city,51+,2065,0.7308350847336935
Bangladesh,city,51+,2070,0.7304469423020645
Bangladesh,city,51+,2075,0.7299597553629598
Bangladesh,city,51+,2080,0.729413606220175
Bangladesh,city,51+,2085,0.7288318816600111
Bangladesh,city,51+,2090,0.7282444207947582
Bangladesh,city,51+,2095,0.727646709887379
Bangladesh,city,51+,2100,0.7270363458552372
Bangladesh,town,No_travel,2011,0.0
Bangladesh,town,No_travel,2012,0.0
Bangladesh,town,No_travel,2013,0.0
Bangladesh,town,No_travel,2014,0.0
Bangladesh,town,No_travel,2015,0.0
Bangladesh,town,No_travel,2016,0.0
Bangladesh,town,No_travel,2017,0.0
Bangladesh,town,No_travel,2018,0.0
Bangladesh,town,No_travel,2019,0.0
Bangladesh,town,No_travel,2020,0.0
Bangladesh,town,No_travel,2025,0.0
Bangladesh,town,No_travel,2030,0.0
Bangladesh,town,No_travel,2035,0.0
Bangladesh,town,No_travel,2040,0.0
Bangladesh,town,No_travel,2045,0.0
Bangladesh,town,No_travel,2050,0.0
Bangladesh,town,No_travel,2055,0.0
Bangladesh,town,No_travel,2060,0.0
Bangladesh,town,No_travel,2065,0.0
Bangladesh,town,No_travel,2070,0.0
Bangladesh,town,No_travel,2075,0.0
Bangladesh,town,No_travel,2080,0.0
Bangladesh,town,No_travel,2085,0.0
Bangladesh,town,No_travel,2090,0.0
Bangladesh,town,No_travel,2095,0.0
Bangladesh,town,No_travel,2100,0.0
Bangladesh,town,00_01,2011,0.027047867565327503
Bangladesh,town,00_01,2012,0.027074391365518775
Bangladesh,town,00_01,2013,0.027097747392918373
Bangladesh,town,00_01,2014,0.027120914161246755
Bangladesh,town,00_01,2015,0.02714602483447208
Bangladesh,town,00_01,2016,0.02717275046451893
Bangladesh,town,00_01,2017,0.027196352583851783
Bangladesh,town,00_01,2018,0.027222669256247223
Bangladesh,town,00_01,2019,0.027250486291943727
Bangladesh,town,00_01,2020,0.02725990328455969
Bangladesh,town,00_01,2025,0.027385017365761426
Bangladesh,town,00_01,2030,0.027454565724964068
Bangladesh,town,00_01,2035,0.027506209429647082
Bangladesh,town,00_01,2040,0.0275427067185848
Bangladesh,town,00_01,2045,0.027565923435090192
Bangladesh,town,00_01,2050,0.02757802710439264
Bangladesh,town,00_01,2055,0.027581119740790413
Bangladesh,town,00_01,2060,0.027576992373665395
Bangladesh,town,00_01,2065,0.027567045326954406
Bangladesh,town,00_01,2070,0.027552404623149212
Bangladesh,town,00_01,2075,0.02753402796784962
Bangladesh,town,00_01,2080,0.0275134272625894
Bangladesh,town,00_01,2085,0.02749148465521761
Bangladesh,town,00_01,2090,0.02746932567484225
Bangladesh,town,00_01,2095,0.02744678006363621
Bangladesh,town,00_01,2100,0.027423757177500247
Bangladesh,town,02_05,2011,0.08140578256416522
Bangladesh,town,02_05,2012,0.08148561106472746
Bangladesh,town,02_05,2013,0.08155590554112055
Bangladesh,town,02_05,2014,0.08162563040577761
Bangladesh,town,02_05,2015,0.08170120582774695
Bangladesh,town,02_05,2016,0.0817816417742492
Bangladesh,town,02_05,2017,0.08185267691185563
Bangladesh,town,02_05,2018,0.08193188202130322
Bangladesh,town,02_05,2019,0.08201560276394661
Bangladesh,town,02_05,2020,0.08204394502240568
Bangladesh,town,02_05,2025,0.08242050001940959
Bangladesh,town,02_05,2030,0.08262981924183148
Bangladesh,town,02_05,2035,0.08278525094764265
Bangladesh,town,02_05,2040,0.08289509658927297
Bangladesh,town,02_05,2045,0.08296497178261777
Bangladesh,town,02_05,2050,0.08300140011357894
Bangladesh,town,02_05,2055,0.08301070800025573
Bangladesh,town,02_05,2060,0.08299828589156527
Bangladesh,town,02_05,2065,0.08296834833291099
Bangladesh,town,02_05,2070,0.08292428430650767
Bangladesh,town,02_05,2075,0.08286897621236819
Bangladesh,town,02_05,2080,0.08280697441022866
Bangladesh,town,02_05,2085,0.08274093389445474
Bangladesh,town,02_05,2090,0.0826742421623275
Bangladesh,town,02_05,2095,0.0826063867900257
Bangladesh,town,02_05,2100,0.08253709496662197
Bangladesh,town,06_10,2011,0.19908062987368702
Bangladesh,town,06_10,2012,0.19927585320639407
Bangladesh,town,06_10,2013,0.1994477607564007
Bangladesh,town,06_10,2014,0.19961827530139442
Bangladesh,town,06_10,2015,0.19980309758471032
Bangladesh,town,06_10,2016,0.1999998064472721
Bangladesh,town,06_10,2017,0.20017352530964788
Bangladesh,town,06_10,2018,0.20036722411802935
Bangladesh,town,06_10,2019,0.20057196606207736
Bangladesh,town,06_10,2020,0.20064127802602327
Bangladesh,town,06_10,2025,0.20156215617035575
Bangladesh,town,06_10,2030,0.20207405349916743
Bangladesh,town,06_10,2035,0.20245416706015235
Bangladesh,town,06_10,2040,0.20272279833959994
Bangladesh,town,06_10,2045,0.20289368051854914
Bangladesh,town,06_10,2050,0.20298276724979306
Bangladesh,town,06_10,2055,0.20300553000550944
Bangladesh,town,06_10,2060,0.20297515131317875
Bangladesh,town,06_10,2065,0.20290193798795733
Bangladesh,town,06_10,2070,0.20279417790194343
Bangladesh,town,06_10,2075,0.2026589200631072
Bangladesh,town,06_10,2080,0.20250729253205912
Bangladesh,town,06_10,2085,0.20234578818846913
Bangladesh,town,06_10,2090,0.2021826912729792
Bangladesh,town,06_10,2095,0.20201674863558108
Bangladesh,town,06_10,2100,0.20184729310780655
Bangladesh,town,11_20,2011,0.46310481127692005
Bangladesh,town,11_20,2012,0.463558943176681
Bangladesh,town,11_20,2013,0.46395883749866207
Bangladesh,town,11_20,2014,0.4643554913882413
Bangladesh,town,11_20,2015,0.4647854281866585
Bangladesh,town,11_20,2016,0.4652430157517119
Bangladesh,town,11_20,2017,0.465647123579916
Bangladesh,town,11_20,2018,0.46609770910477083
Bangladesh,town,11_20,2019,0.46657398336319056
Bangladesh,town,11_20,2020,0.466735218054897
Bangladesh,town,11_20,2025,0.4688773807530496
Bangladesh,town,11_20,2030,0.4700681651905054
Bangladesh,town,11_20,2035,0.47095239194343164
Bangladesh,town,11_20,2040,0.47157728668105925
Bangladesh,town,11_20,2045,0.4719747957671168
Bangladesh,town,11_20,2050,0.4721820308652083
Bangladesh,town,11_20,2055,0.47223498198203406
Bangladesh,town,11_20,2060,0.47216431454147206
Bangladesh,town,11_20,2065,0.471994004435556
Bangladesh,town,11_20,2070,0.4717433310559896
Bangladesh,town,11_20,2075,0.4714286919272721
Bangladesh,town,11_20,2080,0.471075973336845
Bangladesh,town,11_20,2085,0.4707002791339177
Bangladesh,town,11_20,2090,0.4703208802626375
Bangladesh,town,11_20,2095,0.46993486162373826
Bangladesh,town,11_20,2100,0.46954067123836707
Bangladesh,town,21_30,2011,0.4152421813255062
Bangladesh,town,21_30,2012,0.4156493779602081
Bangladesh,town,21_30,2013,0.41600794255836304
Bangladesh,town,21_30,2014,0.41636360162803665
Bangladesh,town,21_30,2015,0.41674910376418295
Bangladesh,town,21_30,2016,0.41715939891558995
Bangladesh,town,21_30,2017,0.4175217415472968
Bangladesh,town,21_30,2018,0.417925758330665
Bangladesh,town,21_30,2019,0.41835280887550835
Bangladesh,town,21_30,2020,0.4184973797015054
Bangladesh,town,21_30,2025,0.4204181464261748
Bangladesh,town,21_30,2030,0.42148586136943844
Bangladesh,town,21_30,2035,0.4222787018598213
Bangladesh,town,21_30,2040,0.42283901271739116
Bangladesh,town,21_30,2045,0.42319543859760633
Bangladesh,town,21_30,2050,0.42338125561371864
Bangladesh,town,21_30,2055,0.4234287341471282
Bangladesh,town,21_30,2060,0.4233653703006444
Bangladesh,town,21_30,2065,0.423212662019149
Bangladesh,town,21_30,2070,0.42298789613808546
Bangladesh,town,21_30,2075,0.42270577547132165
Bangladesh,town,21_30,2080,0.42238951091669696
Bangladesh,town,21_30,2085,0.42205264531621933
Bangladesh,town,21_30,2090,0.42171245793084455
Bangladesh,town,21_30,2095,0.421366334941522
Bangladesh,town,21_30,2100,0.421012884768919
Bangladesh,town,31_50,2011,0.6804906855894606
Bangladesh,town,31_50,2012,0.6811579913921455
Bangladesh,town,31_50,2013,0.6817455999738354
Bangladesh,town,31_50,2014,0.6823284470328355
Bangladesh,town,31_50,2015,0.6829602003197607
Bangladesh,town,31_50,2016,0.683632583910425
Bangladesh,town,31_50,2017,0.6842263838588827
Bangladesh,town,31_50,2018,0.6848884785840048
Bangladesh,town,31_50,2019,0.6855883205825084
Bangladesh,town,31_50,2020,0.6858252403968321
Bangladesh,town,31_50,2025,0.688972954969459
Bangladesh,town,31_50,2030,0.6907227051307655
Bangladesh,town,31_50,2035,0.6920219964675499
Bangladesh,town,31_50,2040,0.6929402228346156
Bangladesh,town,31_50,2045,0.6935243265275863
Bangladesh,town,31_50,2050,0.6938288397836453
Bangladesh,town,31_50,2055,0.6939066466664806
Bangladesh,town,31_50,2060,0.6938028072463193
Bangladesh,town,31_50,2065,0.6935525519306424
Bangladesh,town,31_50,2070,0.693184210043954
Bangladesh,town,31_50,2075,0.6927218762672354
Bangladesh,town,31_50,2080,0.6922035881614432
Bangladesh,town,31_50,2085,0.6916515394685846
Bangladesh,town,31_50,2090,0.6910940471002428
Bangladesh,town,31_50,2095,0.6905268275813814
Bangladesh,town,31_50,2100,0.6899476004192744
Bangladesh,town,51+,2011,0.7954469694604287
Bangladesh,town,51+,2012,0.7962270042054881
Bangladesh,town,51+,2013,0.7969138783617881
Bangladesh,town,51+,2014,0.7975951866244263
Bangladesh,town,51+,2015,0.7983336629153928
Bangladesh,town,51+,2016,0.7991196332465599
Bangladesh,town,51+,2017,0.7998137446862443
Bangladesh,town,51+,2018,0.8005876880388091
Bangladesh,town,51+,2019,0.8014057553666941
Bangladesh,town,51+,2020,0.8016826983907498
Bangladesh,town,51+,2025,0.8053621609764186
Bangladesh,town,51+,2030,0.8074074989841218
Bangladesh,town,51+,2035,0.8089262815011758
Bangladesh,town,51+,2040,0.8099996251874724
Bangladesh,town,51+,2045,0.8106824023690905
Bangladesh,town,51+,2050,0.8110383574935649
Bangladesh,town,51+,2055,0.8111293084065827
Bangladesh,town,51+,2060,0.8110079272417453
Bangladesh,town,51+,2065,0.8107153959306457
Bangladesh,town,51+,2070,0.8102848295118888
Bangladesh,town,51+,2075,0.8097443930160514
Bangladesh,town,51+,2080,0.8091385497447323
Bangladesh,town,51+,2085,0.8084932426611406
Bangladesh,town,51+,2090,0.807841572294028
Bangladesh,town,51+,2095,0.8071785315546736
Bangladesh,town,51+,2100,0.8065014547033892
Bangladesh,rural,No_travel,2011,0.0
Bangladesh,rural,No_travel,2012,0.0
Bangladesh,rural,No_travel,2013,0.0
Bangladesh,rural,No_travel,2014,0.0
Bangladesh,rural,No_travel,2015,0.0
Bangladesh,rural,No_travel,2016,0.0
Bangladesh,rural,No_travel,2017,0.0
Bangladesh,rural,No_travel,2018,0.0
Bangladesh,rural,No_travel,2019,0.0
Bangladesh,rural,No_travel,2020,0.0
Bangladesh,rural,No_travel,2025,0.0
Bangladesh,rural,No_travel,2030,0.0
Bangladesh,rural,No_travel,2035,0.0
Bangladesh,rural,No_travel,2040,0.0
Bangladesh,rural,No_travel,2045,0.0
Bangladesh,rural,No_travel,2050,0.0
Bangladesh,rural,No_travel,2055,0.0
Bangladesh,rural,No_travel,2060,0.0
Bangladesh,rural,No_travel,2065,0.0
Bangladesh,rural,No_travel,2070,0.0
Bangladesh,rural,No_travel,2075,0.0
Bangladesh,rural,No_travel,2080,0.0
Bangladesh,rural,No_travel,2085,0.0
Bangladesh,rural,No_travel,2090,0.0
Bangladesh,rural,No_travel,2095,0.0
Bangladesh,rural,No_travel,2100,0.0
Bangladesh,rural,00_01,2011,0.034010264700701204
Bangladesh,rural,00_01,2012,0.03404361599773765
Bangladesh,rural,00_01,2013,0.034072984104938656
Bangladesh,rural,00_01,2014,0.03410211423585212
Bangladesh,rural,00_01,2015,0.03413368865262059
Bangladesh,rural,00_01,2016,0.03416729373257712
Bangladesh,rural,00_01,2017,0.03419697127828638
Bangladesh,rural,00_01,2018,0.0342300621307186
Bangladesh,rural,00_01,2019,0.034265039555276815
Bangladesh,rural,00_01,2020,0.034276880577892736
Bangladesh,rural,00_01,2025,0.034434200300387637
Bangladesh,rural,00_01,2030,0.03452165111699151
Bangladesh,rural,00_01,2035,0.03458658843828503
Bangladesh,rural,00_01,2040,0.034632480501850915
Bangladesh,rural,00_01,2045,0.03466167343811188
Bangladesh,rural,00_01,2050,0.034676892715410974
Bangladesh,rural,00_01,2055,0.03468078142797795
Bangladesh,rural,00_01,2060,0.034675591634435086
Bangladesh,rural,00_01,2065,0.034663084116390866
Bangladesh,rural,00_01,2070,0.034644674746017526
Bangladesh,rural,00_01,2075,0.03462156775210966
Bangladesh,rural,00_01,2080,0.03459566421508484
Bangladesh,rural,00_01,2085,0.03456807335665077
Bangladesh,rural,00_01,2090,0.03454021042859393
Bangladesh,rural,00_01,2095,0.03451186134698502
Bangladesh,rural,00_01,2100,0.03448291213500862
Bangladesh,rural,02_05,2011,0.1002189696232352
Bangladesh,rural,02_05,2012,0.1003172467949657
Bangladesh,rural,02_05,2013,0.10040378659315226
Bangladesh,rural,02_05,2014,0.1004896251401565
Bangladesh,rural,02_05,2015,0.1005826663305982
Bangladesh,rural,02_05,2016,0.10068169133134393
Bangladesh,rural,02_05,2017,0.10076914296037719
Bangladesh,rural,02_05,2018,0.10086665267292709
Bangladesh,rural,02_05,2019,0.10096972159873956
Bangladesh,rural,02_05,2020,0.10100461386130488
Bangladesh,rural,02_05,2025,0.10146819215534642
Bangladesh,rural,02_05,2030,0.10172588584899679
Bangladesh,rural,02_05,2035,0.10191723841527056
Bangladesh,rural,02_05,2040,0.102052469803939
Bangladesh,rural,02_05,2045,0.10213849342116449
Bangladesh,rural,02_05,2050,0.10218334047844993
Bangladesh,rural,02_05,2055,0.10219479945326396
Bangladesh,rural,02_05,2060,0.1021795065478426
Bangladesh,rural,02_05,2065,0.10214265030511804
Bangladesh,rural,02_05,2070,0.10208840291402993
Bangladesh,rural,02_05,2075,0.10202031290823563
Bangladesh,rural,02_05,2080,0.10194398225297402
Bangladesh,rural,02_05,2085,0.1018626795219422
Bangladesh,rural,02_05,2090,0.10178057507597224
Bangladesh,rural,02_05,2095,0.10169703806814202
Bangladesh,rural,02_05,2100,0.1016117326398776
Bangladesh,rural,06_10,2011,0.20903713331151952
Bangladesh,rural,06_10,2012,0.20924212023491076
Bangladesh,rural,06_10,2013,0.20942262529695924
Bangladesh,rural,06_10,2014,0.20960166768644745
Bangladesh,rural,06_10,2015,0.20979573337883026
Bangladesh,rural,06_10,2016,0.21000228012701455
Bangladesh,rural,06_10,2017,0.21018468708954127
Bangladesh,rural,06_10,2018,0.21038807324346095
Bangladesh,rural,06_10,2019,0.21060305482695094
Bangladesh,rural,06_10,2020,0.21067583324972686
Bangladesh,rural,06_10,2025,0.2116427667356347
Bangladesh,rural,06_10,2030,0.21218026528701317
Bangladesh,rural,06_10,2035,0.212579389245841
Bangladesh,rural,06_10,2040,0.2128614554248015
Bangladesh,rural,06_10,2045,0.21304088383450784
Bangladesh,rural,06_10,2050,0.21313442600848598
Bangladesh,rural,06_10,2055,0.21315832718462877
Bangladesh,rural,06_10,2060,0.21312642918047542
Bangladesh,rural,06_10,2065,0.21304955427991779
Bangladesh,rural,06_10,2070,0.21293640485156787
Bangladesh,rural,06_10,2075,0.21279438244132043
Bangladesh,rural,06_10,2080,0.2126351716509914
Bangladesh,rural,06_10,2085,0.21246559008485494
Bangladesh,rural,06_10,2090,0.2122943362984489
Bangladesh,rural,06_10,2095,0.21212009446870453
Bangladesh,rural,06_10,2100,0.21194216406044605
Bangladesh,rural,11_20,2011,0.42565676697973387
Bangladesh,rural,11_20,2012,0.42607417641174045
Bangladesh,rural,11_20,2013,0.4264417340792125
Bangladesh,rural,11_20,2014,0.42680631334536756
Bangladesh,rural,11_20,2015,0.4272014841645074
Bangladesh,rural,11_20,2016,0.4276220698263442
Bangladesh,rural,11_20,2017,0.42799350028328614
Bangladesh,rural,11_20,2018,0.42840765011090015
Bangladesh,rural,11_20,2019,0.42884541140402005
Bangladesh,rural,11_20,2020,0.4289936081748709
Bangladesh,rural,11_20,2025,0.4309625491710269
Bangladesh,rural,11_20,2030,0.43205704320666355
Bangladesh,rural,11_20,2035,0.43286976873177696
Bangladesh,rural,11_20,2040,0.43344413260631276
Bangladesh,rural,11_20,2045,0.43380949791519346
Bangladesh,rural,11_20,2050,0.4339999753615736
Bangladesh,rural,11_20,2055,0.43404864469224597
Bangladesh,rural,11_20,2060,0.43398369163292144
Bangladesh,rural,11_20,2065,0.43382715331307903
Bangladesh,rural,11_20,2070,0.4335967501349736
Bangladesh,rural,11_20,2075,0.43330755367008283
Bangladesh,rural,11_20,2080,0.4329833569629899
Bangladesh,rural,11_20,2085,0.4326380425203476
Bangladesh,rural,11_20,2090,0.432289322979949
Bangladesh,rural,11_20,2095,0.43193451896619944
Bangladesh,rural,11_20,2100,0.4315722039979119
Bangladesh,rural,21_30,2011,0.4472028880076915
Bangladesh,rural,21_30,2012,0.44764142609273
Bangladesh,rural,21_30,2013,0.44802758899005496
Bangladesh,rural,21_30,2014,0.44841062272375815
Bangladesh,rural,21_30,2015,0.4488257965099748
Bangladesh,rural,21_30,2016,0.4492676716009375
Bangladesh,rural,21_30,2017,0.44965790332265315
Bangladesh,rural,21_30,2018,0.4500930168069072
Bangladesh,rural,21_30,2019,0.45055293693440873
Bangladesh,rural,21_30,2020,0.45070863520836824
Bangladesh,rural,21_30,2025,0.452777241108952
Bangladesh,rural,21_30,2030,0.4539271368268491
Bangladesh,rural,21_30,2035,0.4547810013256263
Bangladesh,rural,21_30,2040,0.45538443865679396
Bangladesh,rural,21_30,2045,0.4557682982215523
Bangladesh,rural,21_30,2050,0.4559684173568028
Bangladesh,rural,21_30,2055,0.456019550257587
Bangladesh,rural,21_30,2060,0.4559513093696975
Bangladesh,rural,21_30,2065,0.45578684730977514
Bangladesh,rural,21_30,2070,0.4555447814608377
Bangladesh,rural,21_30,2075,0.45524094629519846
Bangladesh,rural,21_30,2080,0.45490033922644846
Bangladesh,rural,21_30,2085,0.4545375454733593
Bangladesh,rural,21_30,2090,0.45417117426146125
Bangladesh,rural,21_30,2095,0.45379841058909826
Bangladesh,rural,21_30,2100,0.4534177557686985
Bangladesh,rural,31_50,2011,0.7371136503841371
Bangladesh,rural,31_50,2012,0.7378364820503979
Bangladesh,rural,31_50,2013,0.7384729849678058
Bangladesh,rural,31_50,2014,0.7391043301608747
Bangladesh,rural,31_50,2015,0.7397886510212907
Bangladesh,rural,31_50,2016,0.7405169829933055
Bangladesh,rural,31_50,2017,0.7411601924550578
Bangladesh,rural,31_50,2018,0.7418773794350855
Bangladesh,rural,31_50,2019,0.7426354546022162
Bangladesh,rural,31_50,2020,0.7428920882827098
Bangladesh,rural,31_50,2025,0.7463017211081563
Bangladesh,rural,31_50,2030,0.7481970662700722
Bangladesh,rural,31_50,2035,0.7496044703689837
Bangladesh,rural,31_50,2040,0.7505991014545222
Bangladesh,rural,31_50,2045,0.7512318078448464
Bangladesh,rural,31_50,2050,0.7515616593512922
Bangladesh,rural,31_50,2055,0.751645940468795
Bangladesh,rural,31_50,2060,0.751533460671981
Bangladesh,rural,31_50,2065,0.7512623818561014
Bangladesh,rural,31_50,2070,0.7508633906010617
Bangladesh,rural,31_50,2075,0.7503625864826956
Bangladesh,rural,31_50,2080,0.749801172130227
Bangladesh,rural,31_50,2085,0.7492031880052418
Bangladesh,rural,31_50,2090,0.7485993072418573
Bangladesh,rural,31_50,2095,0.7479848899412666
Bangladesh,rural,31_50,2100,0.7473574658531728
Bangladesh,rural,51+,2011,0.8701436965792113
Bangladesh,rural,51+,2012,0.8709969807610426
Bangladesh,rural,51+,2013,0.8717483560762983
Bangladesh,rural,51+,2014,0.8724936428306926
Bangladesh,rural,51+,2015,0.8733014659971994
Bangladesh,rural,51+,2016,0.8741612431484371
Bangladesh,rural,51+,2017,0.8749205353667162
Bangladesh,rural,51+,2018,0.8757671561417005
Bangladesh,rural,51+,2019,0.876662044369409
Bangladesh,rural,51+,2020,0.8769649938254326
Bangladesh,rural,51+,2025,0.8809899776378551
Bangladesh,rural,51+,2030,0.8832273838297274
Bangladesh,rural,51+,2035,0.8848887881526148
Bangladesh,rural,51+,2040,0.8860629245548537
Bangladesh,rural,51+,2045,0.8868098181675809
Bangladesh,rural,51+,2050,0.8871991993830709
Bangladesh,rural,51+,2055,0.887298691073528
Bangladesh,rural,51+,2060,0.8871659115677637
Bangladesh,rural,51+,2065,0.8868459100011249
Bangladesh,rural,51+,2070,0.8863749110915508
Bangladesh,rural,51+,2075,0.8857837247167089
Bangladesh,rural,51+,2080,0.8851209895201553
Bangladesh,rural,51+,2085,0.8844150846481736
Bangladesh,rural,51+,2090,0.8837022189462964
Bangladesh,rural,51+,2095,0.8829769151333774
Bangladesh,rural,51+,2100,0.8822362571425068
Bhutan,large_city,No_travel,2011,0.0
Bhutan,large_city,No_travel,2012,0.0
Bhutan,large_city,No_travel,2013,0.0
Bhutan,large_city,No_travel,2014,0.0
Bhutan,large_city,No_travel,2015,0.0
Bhutan,large_city,No_travel,2016,0.0
Bhutan,large_city,No_travel,2017,0.0
Bhutan,large_city,No_travel,2018,0.0
Bhutan,large_city,No_travel,2019,0.0
Bhutan,large_city,No_travel,2020,0.0
Bhutan,large_city,No_travel,2025,0.0
Bhutan,large_city,No_travel,2030,0.0
Bhutan,large_city,No_travel,2035,0.0
Bhutan,large_city,No_travel,2040,0.0
Bhutan,large_city,No_travel,2045,0.0
Bhutan,large_city,No_travel,2050,0.0
Bhutan,large_city,No_travel,2055,0.0
Bhutan,large_city,No_travel,2060,0.0
Bhutan,large_city,No_travel,2065,0.0
Bhutan,large_city,No_travel,2070,0.0
Bhutan,large_city,No_travel,2075,0.0
Bhutan,large_city,No_travel,2080,0.0
Bhutan,large_city,No_travel,2085,0.0
Bhutan,large_city,No_travel,2090,0.0
Bhutan,large_city,No_travel,2095,0.0
Bhutan,large_city,No_travel,2100,0.0
Bhutan,large_city,00_01,2011,0.057842438834749
Bhutan,large_city,00_01,2012,0.05788226945918452
Bhutan,large_city,00_01,2013,0.0578901505877062
Bhutan,large_city,00_01,2014,0.05793625481312681
Bhutan,large_city,00_01,2015,0.05800406592521886
Bhutan,large_city,00_01,2016,0.05807002166838655
Bhutan,large_city,00_01,2017,0.058102005259505415
Bhutan,large_city,00_01,2018,0.05813135730542895
Bhutan,large_city,00_01,2019,0.05817231743934071
Bhutan,large_city,00_01,2020,0.058069754882008266
Bhutan,large_city,00_01,2025,0.05821415208850798
Bhutan,large_city,00_01,2030,0.05839806971278609
Bhutan,large_city,00_01,2035,0.05854073860067783
Bhutan,large_city,00_01,2040,0.05865619151934709
Bhutan,large_city,00_01,2045,0.05874799309205176
Bhutan,large_city,00_01,2050,0.058818525042132884
Bhutan,large_city,00_01,2055,0.058870011679210126
Bhutan,large_city,00_01,2060,0.058905053246434996
Bhutan,large_city,00_01,2065,0.05892627121041086
Bhutan,large_city,00_01,2070,0.058936082990579196
Bhutan,large_city,00_01,2075,0.05893670058415825
Bhutan,large_city,00_01,2080,0.05893036806320035
Bhutan,large_city,00_01,2085,0.05891871966790593
Bhutan,large_city,00_01,2090,0.05890386733284881
Bhutan,large_city,00_01,2095,0.05888712878453449
Bhutan,large_city,00_01,2100,0.05886926246176162
Bhutan,large_city,02_05,2011,0.21148322952951493
Bhutan,large_city,02_05,2012,0.2116288580552046
Bhutan,large_city,02_05,2013,0.21165767299706528
Bhutan,large_city,02_05,2014,0.21182623903064424
Bhutan,large_city,02_05,2015,0.21207416967243797
Bhutan,large_city,02_05,2016,0.2123153167238438
Bhutan,large_city,02_05,2017,0.2124322549663874
Bhutan,large_city,02_05,2018,0.2125395717668242
Bhutan,large_city,02_05,2019,0.21268932999929377
Bhutan,large_city,02_05,2020,0.21231434130084972
Bhutan,large_city,02_05,2025,0.21284228562997531
Bhutan,large_city,02_05,2030,0.21351472430879473
Bhutan,large_city,02_05,2035,0.21403634956825046
Bhutan,large_city,02_05,2040,0.2144584679399972
Bhutan,large_city,02_05,2045,0.21479411238138973
Bhutan,large_city,02_05,2050,0.2150519909371468
Bhutan,large_city,02_05,2055,0.21524023611674264
Bhutan,large_city,02_05,2060,0.21536835491591125
Bhutan,large_city,02_05,2065,0.21544593192746284
Bhutan,large_city,02_05,2070,0.21548180570801628
Bhutan,large_city,02_05,2075,0.21548406375050666
Bhutan,large_city,02_05,2080,0.21546091081971366
Bhutan,large_city,02_05,2085,0.21541832201631383
Bhutan,large_city,02_05,2090,0.21536401898471258
Bhutan,large_city,02_05,2095,0.21530281958983122
Bhutan,large_city,02_05,2100,0.21523749683173285
Bhutan,large_city,06_10,2011,0.3458702568351818
Bhutan,large_city,06_10,2012,0.3461084250137881
Bhutan,large_city,06_10,2013,0.34615555041169416
Bhutan,large_city,06_10,2014,0.34643123173856505
Bhutan,large_city,06_10,2015,0.3468367099173563
Bhutan,large_city,06_10,2016,0.34723109387295564
Bhutan,large_city,06_10,2017,0.34742234052675597
Bhutan,large_city,06_10,2018,0.3475978517926487
Bhutan,large_city,06_10,2019,0.34784277390038587
Bhutan,large_city,06_10,2020,0.347229498617378
Bhutan,large_city,06_10,2025,0.3480929251931664
Bhutan,large_city,06_10,2030,0.3491926650593799
Bhutan,large_city,06_10,2035,0.3500457571124048
Bhutan,large_city,06_10,2040,0.3507361106216438
Bhutan,large_city,06_10,2045,0.35128504033776364
Bhutan,large_city,06_10,2050,0.35170678783287423
Bhutan,large_city,06_10,2055,0.35201465341994537
Bhutan,large_city,06_10,2060,0.3522241853155592
Bhutan,large_city,06_10,2065,0.35235105864243976
Bhutan,large_city,06_10,2070,0.35240972841838974
Bhutan,large_city,06_10,2075,0.35241342133407777
Bhutan,large_city,06_10,2080,0.352375555872416
Bhutan,large_city,06_10,2085,0.35230590401206296
Bhutan,large_city,06_10,2090,0.3522170941166938
Bhutan,large_city,06_10,2095,0.35211700556370135
Bhutan,large_city,06_10,2100,0.3520101734561582
Bhutan,large_city,11_20,2011,0.499426097052528
Bhutan,large_city,11_20,2012,0.49977000463501814
Bhutan,large_city,11_20,2013,0.49983805227161937
Bhutan,large_city,11_20,2014,0.5002361276955347
Bhutan,large_city,11_20,2015,0.5008216258130274
Bhutan,large_city,11_20,2016,0.5013911042107578
Bhutan,large_city,11_20,2017,0.5016672585431824
Bhutan,large_city,11_20,2018,0.501920691455615
Bhutan,large_city,11_20,2019,0.5022743515056821
Bhutan,large_city,11_20,2020,0.501388800710381
Bhutan,large_city,11_20,2025,0.5026355623393896
Bhutan,large_city,11_20,2030,0.5042235531489543
Bhutan,large_city,11_20,2035,0.505455392042438
Bhutan,large_city,11_20,2040,0.5064522414444669
Bhutan,large_city,11_20,2045,0.5072448792046098
Bhutan,large_city,11_20,2050,0.5078538697184288
Bhutan,large_city,11_20,2055,0.508298418232009
Bhutan,large_city,11_20,2060,0.5086009758956601
Bhutan,large_city,11_20,2065,0.5087841771082877
Bhutan,large_city,11_20,2070,0.5088688944745214
Bhutan,large_city,11_20,2075,0.5088742269320901
Bhutan,large_city,11_20,2080,0.5088195503608697
Bhutan,large_city,11_20,2085,0.5087189751998632
Bhutan,large_city,11_20,2090,0.5085907364208779
Bhutan,large_city,11_20,2095,0.5084462116044394
Bhutan,large_city,11_20,2100,0.5082919493010012
Bhutan,large_city,21_30,2011,0.512059307619934
Bhutan,large_city,21_30,2012,0.5124119145013414
Bhutan,large_city,21_30,2013,0.5124816834338999
Bhutan,large_city,21_30,2014,0.5128898283569497
Bhutan,large_city,21_30,2015,0.5134901369159647
Bhutan,large_city,21_30,2016,0.5140740205291106
Bhutan,large_city,21_30,2017,0.5143571603111367
Bhutan,large_city,21_30,2018,0.5146170039245045
Bhutan,large_city,21_30,2019,0.5149796099665975
Bhutan,large_city,21_30,2020,0.5140716587606426
Bhutan,large_city,21_30,2025,0.5153499577928418
Bhutan,large_city,21_30,2030,0.5169781175531176
Bhutan,large_city,21_30,2035,0.5182411163724008
Bhutan,large_city,21_30,2040,0.5192631815340268
Bhutan,large_city,21_30,2045,0.5200758694272859
Bhutan,large_city,21_30,2050,0.5207002646334908
Bhutan,large_city,21_30,2055,0.521156058204173
Bhutan,large_city,21_30,2060,0.5214662692017131
Bhutan,large_city,21_30,2065,0.5216541045724454
Bhutan,large_city,21_30,2070,0.5217409649030389
Bhutan,large_city,21_30,2075,0.5217464322475501
Bhutan,large_city,21_30,2080,0.5216903726075607
Bhutan,large_city,21_30,2085,0.5215872533520538
Bhutan,large_city,21_30,2090,0.5214557707147531
Bhutan,large_city,21_30,2095,0.5213075900772651
Bhutan,large_city,21_30,2100,0.5211494256386092
Bhutan,large_city,31_50,2011,0.654115841271274
Bhutan,large_city,31_50,2012,0.6545662690702371
Bhutan,large_city,31_50,2013,0.6546553934418401
Bhutan,large_city,31_50,2014,0.6551767667588144
Bhutan,large_city,31_50,2015,0.6559436141381297
Bhutan,large_city,31_50,2016,0.6566894799297168
Bhutan,large_city,31_50,2017,0.6570511689254275
Bhutan,large_city,31_50,2018,0.6573830988820317
Bhutan,large_city,31_50,2019,0.6578462998291568
Bhutan,large_city,31_50,2020,0.6566864629546413
Bhutan,large_city,31_50,2025,0.6583193903019239
Bhutan,large_city,31_50,2030,0.6603992374514016
Bhutan,large_city,31_50,2035,0.6620126199696102
Bhutan,large_city,31_50,2040,0.6633182285252648
Bhutan,large_city,31_50,2045,0.6643563739452961
Bhutan,large_city,31_50,2050,0.6651539901384105
Bhutan,large_city,31_50,2055,0.6657362308876676
Bhutan,large_city,31_50,2060,0.6661325012505105
Bhutan,large_city,31_50,2065,0.6663724462914826
Bhutan,large_city,31_50,2070,0.6664834035914942
Bhutan,large_city,31_50,2075,0.6664903876978296
Bhutan,large_city,31_50,2080,0.6664187758785981
Bhutan,large_city,31_50,2085,0.6662870490696847
Bhutan,large_city,31_50,2090,0.6661190902519646
Bhutan,large_city,31_50,2095,0.6659298010409138
Bhutan,large_city,31_50,2100,0.6657277583022875
Bhutan,large_city,51+,2011,0.7204363200833319
Bhutan,large_city,51+,2012,0.7209324165321163
Bhutan,large_city,51+,2013,0.7210305771792923
Bhutan,large_city,51+,2014,0.7216048122767648
Bhutan,large_city,51+,2015,0.7224494099292934
Bhutan,large_city,51+,2016,0.7232708986813815
Bhutan,large_city,51+,2017,0.7236692591439228
Bhutan,large_city,51+,2018,0.7240348433132293
Bhutan,large_city,51+,2019,0.7245450079732952
Bhutan,large_city,51+,2020,0.7232675758167082
Bhutan,large_city,51+,2025,0.7250660648530742
Bhutan,large_city,51+,2030,0.7273567866674143
Bhutan,large_city,51+,2035,0.7291337492342375
Bhutan,large_city,51+,2040,0.7305717327899895
Bhutan,large_city,51+,2045,0.7317151352562334
Bhutan,large_city,51+,2050,0.7325936213572417
Bhutan,large_city,51+,2055,0.7332348952055896
Bhutan,large_city,51+,2060,0.7336713432228242
Bhutan,large_city,51+,2065,0.7339356161717934
Bhutan,large_city,51+,2070,0.7340578233770971
Bhutan,large_city,51+,2075,0.7340655155984896
Bhutan,large_city,51+,2080,0.7339866430926331
Bhutan,large_city,51+,2085,0.7338415605682816
Bhutan,large_city,51+,2090,0.7336565724898264
Bhutan,large_city,51+,2095,0.7334480913401025
Bhutan,large_city,51+,2100,0.7332255635890047
Bhutan,city,No_travel,2011,0.0
Bhutan,city,No_travel,2012,0.0
Bhutan,city,No_travel,2013,0.0
Bhutan,city,No_travel,2014,0.0
Bhutan,city,No_travel,2015,0.0
Bhutan,city,No_travel,2016,0.0
Bhutan,city,No_travel,2017,0.0
Bhutan,city,No_travel,2018,0.0
Bhutan,city,No_travel,2019,0.0
Bhutan,city,No_travel,2020,0.0
Bhutan,city,No_travel,2025,0.0
Bhutan,city,No_travel,2030,0.0
Bhutan,city,No_travel,2035,0.0
Bhutan,city,No_travel,2040,0.0
Bhutan,city,No_travel,2045,0.0
Bhutan,city,No_travel,2050,0.0
Bhutan,city,No_travel,2055,0.0
Bhutan,city,No_travel,2060,0.0
Bhutan,city,No_travel,2065,0.0
Bhutan,city,No_travel,2070,0.0
Bhutan,city,No_travel,2075,0.0
Bhutan,city,No_travel,2080,0.0
Bhutan,city,No_travel,2085,0.0
Bhutan,city,No_travel,2090,0.0
Bhutan,city,No_travel,2095,0.0
Bhutan,city,No_travel,2100,0.0
Bhutan,city,00_01,2011,0.02898061743012685
Bhutan,city,00_01,2012,0.029000573644145877
Bhutan,city,00_01,2013,0.029004522301484776
Bhutan,city,00_01,2014,0.02902762175831515
Bhutan,city,00_01,2015,0.029061596949137684
Bhutan,city,00_01,2016,0.029094642550232117
Bhutan,city,00_01,2017,0.029110667189526904
Bhutan,city,00_01,2018,0.029125373353907896
Bhutan,city,00_01,2019,0.02914589548255076
Bhutan,city,00_01,2020,0.029094508883081835
Bhutan,city,00_01,2025,0.029166855766855227
Bhutan,city,00_01,2030,0.02925900344276995
Bhutan,city,00_01,2035,0.029330484392440563
Bhutan,city,00_01,2040,0.029388329409603557
Bhutan,city,00_01,2045,0.029434324466375606
Bhutan,city,00_01,2050,0.02946966287020297
Bhutan,city,00_01,2055,0.029495459060024116
Bhutan,city,00_01,2060,0.029513015827587072
Bhutan,city,00_01,2065,0.029523646598159994
Bhutan,city,00_01,2070,0.029528562563895456
Bhutan,city,00_01,2075,0.02952887199488769
Bhutan,city,00_01,2080,0.029525699231585413
Bhutan,city,00_01,2085,0.02951986307227915
Bhutan,city,00_01,2090,0.029512421652987262
Bhutan,city,00_01,2095,0.029504035190127027
Bhutan,city,00_01,2100,0.029495083681933487
Bhutan,city,02_05,2011,0.11107001729613941
Bhutan,city,02_05,2012,0.1111465007265426
Bhutan,city,02_05,2013,0.11116163420118252
Bhutan,city,02_05,2014,0.11125016430499647
Bhutan,city,02_05,2015,0.11138037633520585
Bhutan,city,02_05,2016,0.11150702565501312
Bhutan,city,02_05,2017,0.11156844108095867
Bhutan,city,02_05,2018,0.11162480336986072
Bhutan,city,02_05,2019,0.11170345570322843
Bhutan,city,02_05,2020,0.11150651336735293
Bhutan,city,02_05,2025,0.11178378729539834
Bhutan,city,02_05,2030,0.11213694898984203
Bhutan,city,02_05,2035,0.1124109041716252
Bhutan,city,02_05,2040,0.11263259879467041
Bhutan,city,02_05,2045,0.11280887770810369
Bhutan,city,02_05,2050,0.1129443143368707
Bhutan,city,02_05,2055,0.11304317983745975
Bhutan,city,02_05,2060,0.1131104672402069
Bhutan,city,02_05,2065,0.11315121032907492
Bhutan,city,02_05,2070,0.11317005107325787
Bhutan,city,02_05,2075,0.11317123698676514
Bhutan,city,02_05,2080,0.11315907717423837
Bhutan,city,02_05,2085,0.11313670973101006
Bhutan,city,02_05,2090,0.11310819002912827
Bhutan,city,02_05,2095,0.11307604838904121
Bhutan,city,02_05,2100,0.11304174117759962
Bhutan,city,06_10,2011,0.1930608768468381
Bhutan,city,06_10,2012,0.19319381963821738
Bhutan,city,06_10,2013,0.1932201245038764
Bhutan,city,06_10,2014,0.1933740067115661
Bhutan,city,06_10,2015,0.1936003400582262
Bhutan,city,06_10,2016,0.19382048073461464
Bhutan,city,06_10,2017,0.19392723246000024
Bhutan,city,06_10,2018,0.1940252008693101
Bhutan,city,06_10,2019,0.1941619136277635
Bhutan,city,06_10,2020,0.19381959028094153
Bhutan,city,06_10,2025,0.19430154525833646
Bhutan,city,06_10,2030,0.19491540764944623
Bhutan,city,06_10,2035,0.19539159401278114
Bhutan,city,06_10,2040,0.19577694155624303
Bhutan,city,06_10,2045,0.19608334793327903
Bhutan,city,06_10,2050,0.19631876262883297
Bhutan,city,06_10,2055,0.1964906097276115
Bhutan,city,06_10,2060,0.19660756806876736
Bhutan,city,06_10,2065,0.19667838732903034
Bhutan,city,06_10,2070,0.19671113613632288
Bhutan,city,06_10,2075,0.19671319748021343
Bhutan,city,06_10,2080,0.19669206140653792
Bhutan,city,06_10,2085,0.196653182523581
Bhutan,city,06_10,2090,0.196603609841531
Bhutan,city,06_10,2095,0.19654774153998966
Bhutan,city,06_10,2100,0.19648810906234787
Bhutan,city,11_20,2011,0.3351409639771932
Bhutan,city,11_20,2012,0.3353717439051846
Bhutan,city,11_20,2013,0.3354174074190888
Bhutan,city,11_20,2014,0.33568453679437377
Bhutan,city,11_20,2015,0.33607743657406364
Bhutan,city,11_20,2016,0.33645958628611505
Bhutan,city,11_20,2017,0.33664490024892446
Bhutan,city,11_20,2018,0.3368149669536431
Bhutan,city,11_20,2019,0.33705229129612185
Bhutan,city,11_20,2020,0.33645804051719874
Bhutan,city,11_20,2025,0.3372946826083143
Bhutan,city,11_20,2030,0.3383603072800031
Bhutan,city,11_20,2035,0.33918693543712825
Bhutan,city,11_20,2040,0.3398558733871227
Bhutan,city,11_20,2045,0.34038777467259174
Bhutan,city,11_20,2050,0.3407964390757112
Bhutan,city,11_20,2055,0.34109475431845726
Bhutan,city,11_20,2060,0.3412977862938649
Bhutan,city,11_20,2065,0.34142072386433664
Bhutan,city,11_20,2070,0.34147757363641046
Bhutan,city,11_20,2075,0.3414811519936098
Bhutan,city,11_20,2080,0.34144446116208554
Bhutan,city,11_20,2085,0.34137696998248795
Bhutan,city,11_20,2090,0.3412909150721378
Bhutan,city,11_20,2095,0.3411939313810859
Bhutan,city,11_20,2100,0.34109041332829537
Bhutan,city,21_30,2011,0.29424500628579375
Bhutan,city,21_30,2012,0.29444762503032623
Bhutan,city,21_30,2013,0.29448771640195787
Bhutan,city,21_30,2014,0.2947222490110936
Bhutan,city,21_30,2015,0.2950672047478456
Bhutan,city,21_30,2016,0.2954027222062018
Bhutan,city,21_30,2017,0.29556542302171723
Bhutan,city,21_30,2018,0.29571473714316954
Bhutan,city,21_30,2019,0.29592310171256064
Bhutan,city,21_30,2020,0.2954013650614974
Bhutan,city,21_30,2025,0.29613591494891733
Bhutan,city,21_30,2030,0.29707150555681666
Bhutan,city,21_30,2035,0.2977972634719423
Bhutan,city,21_30,2040,0.29838457350699465
Bhutan,city,21_30,2045,0.29885156893252823
Bhutan,city,21_30,2050,0.29921036559658765
Bhutan,city,21_30,2055,0.29947227858220204
Bhutan,city,21_30,2060,0.2996505353496562
Bhutan,city,21_30,2065,0.29975847132312516
Bhutan,city,21_30,2070,0.2998083839370375
Bhutan,city,21_30,2075,0.29981152564112556
Bhutan,city,21_30,2080,0.29977931205009106
Bhutan,city,21_30,2085,0.2997200565585234
Bhutan,city,21_30,2090,0.2996445025965833
Bhutan,city,21_30,2095,0.2995593534508491
Bhutan,city,21_30,2100,0.29946846730630694
Bhutan,city,31_50,2011,0.549248998564658
Bhutan,city,31_50,2012,0.549627214473671
Bhutan,city,31_50,2013,0.5497020505634919
Bhutan,city,31_50,2014,0.5501398381145011
Bhutan,city,31_50,2015,0.5507837457048177
Bhutan,city,31_50,2016,0.5514100354431867
Bhutan,city,31_50,2017,0.551713739017006
Bhutan,city,31_50,2018,0.5519924544749655
Bhutan,city,31_50,2019,0.5523813957607295
Bhutan,city,31_50,2020,0.5514075021449016
Bhutan,city,31_50,2025,0.5527786410986391
Bhutan,city,31_50,2030,0.5545250503612523
Bhutan,city,31_50,2035,0.5558797778827653
Bhutan,city,31_50,2040,0.5569760732886632
Bhutan,city,31_50,2045,0.5578477848362823
Bhutan,city,31_50,2050,0.55851752843163
Bhutan,city,31_50,2055,0.5590064252420658
Bhutan,city,31_50,2060,0.5593391661515801
Bhutan,city,31_50,2065,0.5595406435736959
Bhutan,city,31_50,2070,0.5596338123705199
Bhutan,city,31_50,2075,0.5596396767957007
Bhutan,city,31_50,2080,0.5595795456728679
Bhutan,city,31_50,2085,0.5594689371027726
Bhutan,city,31_50,2090,0.5593279051836347
Bhutan,city,31_50,2095,0.5591689625269233
Bhutan,city,31_50,2100,0.558999310968505
Bhutan,city,51+,2011,0.742960658692243
Bhutan,city,51+,2012,0.7434722655256145
Bhutan,city,51+,2013,0.7435734951513991
Bhutan,city,51+,2014,0.7441656836271453
Bhutan,city,51+,2015,0.7450366875046011
Bhutan,city,51+,2016,0.745883859985146
Bhutan,city,51+,2017,0.7462946751306295
Bhutan,city,51+,2018,0.7466716892367534
Bhutan,city,51+,2019,0.7471978041220222
Bhutan,city,51+,2020,0.7458804332315835
Bhutan,city,51+,2025,0.7477351517706969
Bhutan,city,51+,2030,0.7500974926752559
Bhutan,city,51+,2035,0.7519300117228321
Bhutan,city,51+,2040,0.7534129536289906
Bhutan,city,51+,2045,0.7545921044099683
Bhutan,city,51+,2050,0.7554980562534033
Bhutan,city,51+,2055,0.7561593794369924
Bhutan,city,51+,2060,0.7566094729391246
Bhutan,city,51+,2065,0.756882008344083
Bhutan,city,51+,2070,0.7570080363401992
Bhutan,city,51+,2075,0.7570159690577944
Bhutan,city,51+,2080,0.7569346306143118
Bhutan,city,51+,2085,0.7567850121055665
Bhutan,city,51+,2090,0.7565942404012701
Bhutan,city,51+,2095,0.7563792411181885
Bhutan,city,51+,2100,0.7561497560687482
Bhutan,town,No_travel,2011,0.0
Bhutan,town,No_travel,2012,0.0
Bhutan,town,No_travel,2013,0.0
Bhutan,town,No_travel,2014,0.0
Bhutan,town,No_travel,2015,0.0
Bhutan,town,No_travel,2016,0.0
Bhutan,town,No_travel,2017,0.0
Bhutan,town,No_travel,2018,0.0
Bhutan,town,No_travel,2019,0.0
Bhutan,town,No_travel,2020,0.0
Bhutan,town,No_travel,2025,0.0
Bhutan,town,No_travel,2030,0.0
Bhutan,town,No_travel,2035,0.0
Bhutan,town,No_travel,2040,0.0
Bhutan,town,No_travel,2045,0.0
Bhutan,town,No_travel,2050,0.0
Bhutan,town,No_travel,2055,0.0
Bhutan,town,No_travel,2060,0.0
Bhutan,town,No_travel,2065,0.0
Bhutan,town,No_travel,2070,0.0
Bhutan,town,No_travel,2075,0.0
Bhutan,town,No_travel,2080,0.0
Bhutan,town,No_travel,2085,0.0
Bhutan,town,No_travel,2090,0.0
Bhutan,town,No_travel,2095,0.0
Bhutan,town,No_travel,2100,0.0
Bhutan,town,00_01,2011,0.02145716041148525
Bhutan,town,00_01,2012,0.021471935931242365
Bhutan,town,00_01,2013,0.02147485950504596
Bhutan,town,00_01,2014,0.021491962272156516
Bhutan,town,00_01,2015,0.02151711739941519
Bhutan,town,00_01,2016,0.021541584261285433
Bhutan,town,00_01,2017,0.02155344885515454
Bhutan,town,00_01,2018,0.021564337254234425
Bhutan,town,00_01,2019,0.02157953177544629
Bhutan,town,00_01,2020,0.02154148529453663
Bhutan,town,00_01,2025,0.021595050705768448
Bhutan,town,00_01,2030,0.021663276562875013
Bhutan,town,00_01,2035,0.021716200839148478
Bhutan,town,00_01,2040,0.021759029112744237
Bhutan,town,00_01,2045,0.021793083711949126
Bhutan,town,00_01,2050,0.02181924815794265
Bhutan,town,00_01,2055,0.02183834757790263
Bhutan,town,00_01,2060,0.02185134655485037
Bhutan,town,00_01,2065,0.02185921754483293
Bhutan,town,00_01,2070,0.021862857310811605
Bhutan,town,00_01,2075,0.02186308641257083
Bhutan,town,00_01,2080,0.021860737308336292
Bhutan,town,00_01,2085,0.021856416233855272
Bhutan,town,00_01,2090,0.021850906629795934
Bhutan,town,00_01,2095,0.021844697318372158
Bhutan,town,00_01,2100,0.021838069649113674
Bhutan,town,02_05,2011,0.07259776121809702
Bhutan,town,02_05,2012,0.07264775243942498
Bhutan,town,02_05,2013,0.07265764400516932
Bhutan,town,02_05,2014,0.07271550919231665
Bhutan,town,02_05,2015,0.07280061858643568
Bhutan,town,02_05,2016,0.0728833993161198
Bhutan,town,02_05,2017,0.07292354176442802
Bhutan,town,02_05,2018,0.07296038137327139
Bhutan,town,02_05,2019,0.07301179023640185
Bhutan,town,02_05,2020,0.07288306447384521
Bhutan,town,02_05,2025,0.07306429669933928
Bhutan,town,02_05,2030,0.07329513080730779
Bhutan,town,02_05,2035,0.07347419382859578
Bhutan,town,02_05,2040,0.07361909822042872
Bhutan,town,02_05,2045,0.07373431792397027
Bhutan,town,02_05,2050,0.0738228422285015
Bhutan,town,02_05,2055,0.07388746285411403
Bhutan,town,02_05,2060,0.07393144335323107
Bhutan,town,02_05,2065,0.07395807391572609
Bhutan,town,02_05,2070,0.07397038863288076
Bhutan,town,02_05,2075,0.07397116377155204
Bhutan,town,02_05,2080,0.07396321585556385
Bhutan,town,02_05,2085,0.07394859601177452
Bhutan,town,02_05,2090,0.0739299549189069
Bhutan,town,02_05,2095,0.07390894644903355
Bhutan,town,02_05,2100,0.07388652251496992
Bhutan,town,06_10,2011,0.1876250866698114
Bhutan,town,06_10,2012,0.1877542863459035
Bhutan,town,06_10,2013,0.18777985057610755
Bhutan,town,06_10,2014,0.1879294001017612
Bhutan,town,06_10,2015,0.188149360844077
Bhutan,town,06_10,2016,0.188363303275923
Bhutan,town,06_10,2017,0.18846704931735173
Bhutan,town,06_10,2018,0.18856225934430224
Bhutan,town,06_10,2019,0.18869512284089782
Bhutan,town,06_10,2020,0.18836243789371648
Bhutan,town,06_10,2025,0.18883082302633147
Bhutan,town,06_10,2030,0.1894274016092967
Bhutan,town,06_10,2035,0.1898901805479968
Bhutan,town,06_10,2040,0.19026467830964014
Bhutan,town,06_10,2045,0.19056245755930742
Bhutan,town,06_10,2050,0.1907912439575568
Bhutan,town,06_10,2055,0.19095825255779153
Bhutan,town,06_10,2060,0.19107191783920188
Bhutan,town,06_10,2065,0.1911407431240641
Bhutan,town,06_10,2070,0.19117256986134484
Bhutan,town,06_10,2075,0.19117457316637712
Bhutan,town,06_10,2080,0.19115403219650276
Bhutan,town,06_10,2085,0.19111624798095606
Bhutan,town,06_10,2090,0.19106807105915813
Bhutan,town,06_10,2095,0.19101377577629197
Bhutan,town,06_10,2100,0.19095582230084623
Bhutan,town,11_20,2011,0.44707804287844377
Bhutan,town,11_20,2012,0.4473859033002723
Bhutan,town,11_20,2013,0.44744681842740264
Bhutan,town,11_20,2014,0.44780316901158806
Bhutan,town,11_20,2015,0.44832729731409854
Bhutan,town,11_20,2016,0.4488370850264778
Bhutan,town,11_20,2017,0.44908429385116966
Bhutan,town,11_20,2018,0.44931116283370787
Bhutan,town,11_20,2019,0.4496277535044026
Bhutan,town,11_20,2020,0.4488350229707576
Bhutan,town,11_20,2025,0.449951103512649
Bhutan,town,11_20,2030,0.45137264681492956
Bhutan,town,11_20,2035,0.4524753687689694
Bhutan,town,11_20,2040,0.45336773198814
Bhutan,town,11_20,2045,0.45407728829808786
Bhutan,town,11_20,2050,0.4546224466081093
Bhutan,town,11_20,2055,0.45502039913920234
Bhutan,town,11_20,2060,0.45529124379253805
Bhutan,town,11_20,2065,0.45545524251042224
Bhutan,town,11_20,2070,0.4555310801058484
Bhutan,town,11_20,2075,0.4555358536343196
Bhutan,town,11_20,2080,0.4554869080654021
Bhutan,town,11_20,2085,0.45539687483243657
Bhutan,town,11_20,2090,0.455282077582817
Bhutan,town,11_20,2095,0.4551527013398413
Bhutan,town,11_20,2100,0.45501460825836615
Bhutan,town,21_30,2011,0.404286557269486
Bhutan,town,21_30,2012,0.4045649512368104
Bhutan,town,21_30,2013,0.40462003595283585
Bhutan,town,21_30,2014,0.404942278910539
Bhutan,town,21_30,2015,0.40541624096339496
Bhutan,town,21_30,2016,0.40587723501680256
Bhutan,town,21_30,2017,0.4061007825746693
Bhutan,town,21_30,2018,0.4063059370915655
Bhutan,town,21_30,2019,0.4065922257034927
Bhutan,town,21_30,2020,0.4058753703280278
Bhutan,town,21_30,2025,0.40688462669188685
Bhutan,town,21_30,2030,0.40817010885063554
Bhutan,town,21_30,2035,0.4091672852262721
Bhutan,town,21_30,2040,0.4099742370760871
Bhutan,town,21_30,2045,0.41061587913904934
Bhutan,town,21_30,2050,0.4111088583399656
Bhutan,town,21_30,2055,0.41146872136906104
Bhutan,town,21_30,2060,0.4117136424833858
Bhutan,town,21_30,2065,0.411861944280144
Bhutan,town,21_30,2070,0.4119305231800807
Bhutan,town,21_30,2075,0.4119348398165659
Bhutan,town,21_30,2080,0.4118905790082653
Bhutan,town,21_30,2085,0.41180916318752603
Bhutan,town,21_30,2090,0.4117053536053468
Bhutan,town,21_30,2095,0.4115883604389449
Bhutan,town,21_30,2100,0.4114634847547515
Bhutan,town,31_50,2011,0.674170657910804
Bhutan,town,31_50,2012,0.6746348955678192
Bhutan,town,31_50,2013,0.6747267524415538
Bhutan,town,31_50,2014,0.675264110765484
Bhutan,town,31_50,2015,0.6760544692457578
Bhutan,town,31_50,2016,0.6768232028548539
Bhutan,town,31_50,2017,0.6771959810277896
Bhutan,town,31_50,2018,0.6775380877665428
Bhutan,town,31_50,2019,0.6780154901891188
Bhutan,town,31_50,2020,0.6768200933810524
Bhutan,town,31_50,2025,0.6785030853445225
Bhutan,town,31_50,2030,0.6806466994150703
Bhutan,town,31_50,2035,0.6823095473162136
Bhutan,town,31_50,2040,0.6836551850815809
Bhutan,town,31_50,2045,0.6847251594449435
Bhutan,town,31_50,2050,0.6855472300932053
Bhutan,town,31_50,2055,0.6861473220099922
Bhutan,town,31_50,2060,0.6865557417949483
Bhutan,town,31_50,2065,0.686803043413298
Bhutan,town,31_50,2070,0.6869174026005077
Bhutan,town,31_50,2075,0.686924600835539
Bhutan,town,31_50,2080,0.6868507934389902
Bhutan,town,31_50,2085,0.6867150279616445
Bhutan,town,31_50,2090,0.6865419196228765
Bhutan,town,31_50,2095,0.6863468269131486
Bhutan,town,31_50,2100,0.6861385896600023
Bhutan,town,51+,2011,0.786647883633353
Bhutan,town,51+,2012,0.7871895737323045
Bhutan,town,51+,2013,0.7872967558151682
Bhutan,town,51+,2014,0.7879237658805165
Bhutan,town,51+,2015,0.7888459861203378
Bhutan,town,51+,2016,0.7897429736406005
Bhutan,town,51+,2017,0.790177945346004
Bhutan,town,51+,2018,0.7905771284591508
Bhutan,town,51+,2019,0.7911341797056773
Bhutan,town,51+,2020,0.7897393453886788
Bhutan,town,51+,2025,0.7917031242193067
Bhutan,town,51+,2030,0.7942043743881418
Bhutan,town,51+,2035,0.7961446483631205
Bhutan,town,51+,2040,0.7977147895252167
Bhutan,town,51+,2045,0.7989632761785657
Bhutan,town,51+,2050,0.799922499378306
Bhutan,town,51+,2055,0.8006227093782321
Bhutan,town,51+,2060,0.8010992690678295
Bhutan,town,51+,2065,0.8013878299721217
Bhutan,town,51+,2070,0.8015212686074833
Bhutan,town,51+,2075,0.8015296677810261
Bhutan,town,51+,2080,0.8014435465124568
Bhutan,town,51+,2085,0.8012851302061827
Bhutan,town,51+,2090,0.801083140833413
Bhutan,town,51+,2095,0.8008554992631091
Bhutan,town,51+,2100,0.8006125201411923
Bhutan,rural,No_travel,2011,0.0
Bhutan,rural,No_travel,2012,0.0
Bhutan,rural,No_travel,2013,0.0
Bhutan,rural,No_travel,2014,0.0
Bhutan,rural,No_travel,2015,0.0
Bhutan,rural,No_travel,2016,0.0
Bhutan,rural,No_travel,2017,0.0
Bhutan,rural,No_travel,2018,0.0
Bhutan,rural,No_travel,2019,0.0
Bhutan,rural,No_travel,2020,0.0
Bhutan,rural,No_travel,2025,0.0
Bhutan,rural,No_travel,2030,0.0
Bhutan,rural,No_travel,2035,0.0
Bhutan,rural,No_travel,2040,0.0
Bhutan,rural,No_travel,2045,0.0
Bhutan,rural,No_travel,2050,0.0
Bhutan,rural,No_travel,2055,0.0
Bhutan,rural,No_travel,2060,0.0
Bhutan,rural,No_travel,2065,0.0
Bhutan,rural,No_travel,2070,0.0
Bhutan,rural,No_travel,2075,0.0
Bhutan,rural,No_travel,2080,0.0
Bhutan,rural,No_travel,2085,0.0
Bhutan,rural,No_travel,2090,0.0
Bhutan,rural,No_travel,2095,0.0
Bhutan,rural,No_travel,2100,0.0
Bhutan,rural,00_01,2011,0.02747552116779272
Bhutan,rural,00_01,2012,0.02749444096417148
Bhutan,rural,00_01,2013,0.027498184549640658
Bhutan,rural,00_01,2014,0.027520084345828155
Bhutan,rural,00_01,2015,0.027552295049305224
Bhutan,rural,00_01,2016,0.02758362444090848
Bhutan,rural,00_01,2017,0.02759881684725426
Bhutan,rural,00_01,2018,0.027612759253130233
Bhutan,rural,00_01,2019,0.027632215573593195
Bhutan,rural,00_01,2020,0.02758349771570582
Bhutan,rural,00_01,2025,0.02765208729428648
Bhutan,rural,00_01,2030,0.02773944931913851
Bhutan,rural,00_01,2035,0.027807217935542354
Bhutan,rural,00_01,2040,0.02786205879589825
Bhutan,rural,00_01,2045,0.027905665118606905
Bhutan,rural,00_01,2050,0.027939168237190753
Bhutan,rural,00_01,2055,0.027963624712667445
Bhutan,rural,00_01,2060,0.02798026967683969
Bhutan,rural,00_01,2065,0.027990348342782904
Bhutan,rural,00_01,2070,0.02799500899989107
Bhutan,rural,00_01,2075,0.027995302360713962
Bhutan,rural,00_01,2080,0.02799229437354867
Bhutan,rural,00_01,2085,0.027986761312738473
Bhutan,rural,00_01,2090,0.027979706360449566
Bhutan,rural,00_01,2095,0.02797175544503533
Bhutan,rural,00_01,2100,0.027963268829681177
Bhutan,rural,02_05,2011,0.08859584964879585
Bhutan,rural,02_05,2012,0.08865685724261443
Bhutan,rural,02_05,2013,0.08866892857452291
Bhutan,rural,02_05,2014,0.08873954528961696
Bhutan,rural,02_05,2015,0.08884340991241733
Bhutan,rural,02_05,2016,0.08894443271198935
Bhutan,rural,02_05,2017,0.08899342119669158
Bhutan,rural,02_05,2018,0.08903837900794423
Bhutan,rural,02_05,2019,0.08910111664381758
Bhutan,rural,02_05,2020,0.08894402408181512
Bhutan,rural,02_05,2025,0.08916519375333093
Bhutan,rural,02_05,2030,0.08944689588271137
Bhutan,rural,02_05,2035,0.08966541833086278
Bhutan,rural,02_05,2040,0.08984225474422979
Bhutan,rural,02_05,2045,0.08998286496912196
Bhutan,rural,02_05,2050,0.09009089703296139
Bhutan,rural,02_05,2055,0.09016975785642094
Bhutan,rural,02_05,2060,0.09022343016837484
Bhutan,rural,02_05,2065,0.09025592920513968
Bhutan,rural,02_05,2070,0.09027095766898202
Bhutan,rural,02_05,2075,0.09027190362197046
Bhutan,rural,02_05,2080,0.0902622042544129
Bhutan,rural,02_05,2085,0.0902443626920766
Bhutan,rural,02_05,2090,0.09022161373352362
Bhutan,rural,02_05,2095,0.09019597570823165
Bhutan,rural,02_05,2100,0.0901686102983691
Bhutan,rural,06_10,2011,0.19302164217733958
Bhutan,rural,06_10,2012,0.19315455795150768
Bhutan,rural,06_10,2013,0.19318085747137773
Bhutan,rural,06_10,2014,0.19333470840645714
Bhutan,rural,06_10,2015,0.193560995756672
Bhutan,rural,06_10,2016,0.1937810916951165
Bhutan,rural,06_10,2017,0.19388782172595304
Bhutan,rural,06_10,2018,0.1939857702256975
Bhutan,rural,06_10,2019,0.1941224552007906
Bhutan,rural,06_10,2020,0.19378020142240526
Bhutan,rural,06_10,2025,0.19426205845481742
Bhutan,rural,06_10,2030,0.1948757960941472
Bhutan,rural,06_10,2035,0.19535188568482217
Bhutan,rural,06_10,2040,0.19573715491628343
Bhutan,rural,06_10,2045,0.19604349902408535
Bhutan,rural,06_10,2050,0.19627886587764287
Bhutan,rural,06_10,2055,0.19645067805290797
Bhutan,rural,06_10,2060,0.19656761262528202
Bhutan,rural,06_10,2065,0.1966384174933475
Bhutan,rural,06_10,2070,0.19667115964528523
Bhutan,rural,06_10,2075,0.19667322057026054
Bhutan,rural,06_10,2080,0.19665208879194968
Bhutan,rural,06_10,2085,0.19661321781012814
Bhutan,rural,06_10,2090,0.19656365520245378
Bhutan,rural,06_10,2095,0.1965077982547112
Bhutan,rural,06_10,2100,0.1964481778958404
Bhutan,rural,11_20,2011,0.40317189715969404
Bhutan,rural,11_20,2012,0.40344952356588
Bhutan,rural,11_20,2013,0.403504456407611
Bhutan,rural,11_20,2014,0.4038258109079461
Bhutan,rural,11_20,2015,0.4042984661981003
Bhutan,rural,11_20,2016,0.4047581892429301
Bhutan,rural,11_20,2017,0.40498112045691664
Bhutan,rural,11_20,2018,0.4051857093414607
Bhutan,rural,11_20,2019,0.4054712086258927
Bhutan,rural,11_20,2020,0.4047563296952963
Bhutan,rural,11_20,2025,0.40576280343433363
Bhutan,rural,11_20,2030,0.4070447413849991
Bhutan,rural,11_20,2035,0.4080391684415986
Bhutan,rural,11_20,2040,0.40884389544118954
Bhutan,rural,11_20,2045,0.4094837684302128
Bhutan,rural,11_20,2050,0.40997538843617104
Bhutan,rural,11_20,2055,0.41033425928544676
Bhutan,rural,11_20,2060,0.4105785051267721
Bhutan,rural,11_20,2065,0.4107263980400438
Bhutan,rural,11_20,2070,0.4107947878608168
Bhutan,rural,11_20,2075,0.41079909259588604
Bhutan,rural,11_20,2080,0.4107549538192398
Bhutan,rural,11_20,2085,0.4106737624703907
Bhutan,rural,11_20,2090,0.4105702391020324
Bhutan,rural,11_20,2095,0.41045356849796494
Bhutan,rural,11_20,2100,0.41032903710902774
Bhutan,rural,21_30,2011,0.4275976654157429
Bhutan,rural,21_30,2012,0.42789211154152496
Bhutan,rural,21_30,2013,0.42795037243481715
Bhutan,rural,21_30,2014,0.42829119587782544
Bhutan,rural,21_30,2015,0.42879248651846813
Bhutan,rural,21_30,2016,0.4292800614265704
Bhutan,rural,21_30,2017,0.4295164987063523
Bhutan,rural,21_30,2018,0.429733482404912
Bhutan,rural,21_30,2019,0.43003627837943553
Bhutan,rural,21_30,2020,0.4292780892200933
Bhutan,rural,21_30,2025,0.43034553916922547
Bhutan,rural,21_30,2030,0.4317051420551758
Bhutan,rural,21_30,2035,0.43275981548560033
Bhutan,rural,21_30,2040,0.4336132960698034
Bhutan,rural,21_30,2045,0.43429193512722897
Bhutan,rural,21_30,2050,0.434813339442114
Bhutan,rural,21_30,2055,0.43519395212473666
Bhutan,rural,21_30,2060,0.4354529953573478
Bhutan,rural,21_30,2065,0.435609848215625
Bhutan,rural,21_30,2070,0.4356823813656455
Bhutan,rural,21_30,2075,0.43568694689880594
Bhutan,rural,21_30,2080,0.4356401340182922
Bhutan,rural,21_30,2085,0.4355540237723539
Bhutan,rural,21_30,2090,0.4354442285437235
Bhutan,rural,21_30,2095,0.43532048956718933
Bhutan,rural,21_30,2100,0.4351884135679551
Bhutan,rural,31_50,2011,0.713065368968106
Bhutan,rural,31_50,2012,0.71355638973904
Bhutan,rural,31_50,2013,0.7136535460818639
Bhutan,rural,31_50,2014,0.7142219060468449
Bhutan,rural,31_50,2015,0.7150578624248635
Bhutan,rural,31_50,2016,0.7158709463349627
Bhutan,rural,31_50,2017,0.7162652310792014
Bhutan,rural,31_50,2018,0.7166270748720647
Bhutan,rural,31_50,2019,0.7171320199191472
Bhutan,rural,31_50,2020,0.7158676574672888
Bhutan,rural,31_50,2025,0.717647745745116
Bhutan,rural,31_50,2030,0.7199150306531795
Bhutan,rural,31_50,2035,0.7216738127037675
Bhutan,rural,31_50,2040,0.723097083916182
Bhutan,rural,31_50,2045,0.724228787966551
Bhutan,rural,31_50,2050,0.7250982860724715
Bhutan,rural,31_50,2055,0.7257329988993164
Bhutan,rural,31_50,2060,0.726164981515641
Bhutan,rural,31_50,2065,0.7264265506267641
Bhutan,rural,31_50,2070,0.7265475075018011
Bhutan,rural,31_50,2075,0.7265551210222921
Bhutan,rural,31_50,2080,0.7264770554793395
Bhutan,rural,31_50,2085,0.7263334573279505
Bhutan,rural,31_50,2090,0.7261503619054389
Bhutan,rural,31_50,2095,0.7259440137747205
Bhutan,rural,31_50,2100,0.7257237627566655
Bhutan,rural,51+,2011,0.8434383382567929
Bhutan,rural,51+,2012,0.844019134578013
Bhutan,rural,51+,2013,0.8441340544547995
Bhutan,rural,51+,2014,0.8448063302450107
Bhutan,rural,51+,2015,0.8457951283118015
Bhutan,rural,51+,2016,0.8467568720338249
Bhutan,rural,51+,2017,0.8472232456426877
Bhutan,rural,51+,2018,0.8476512469741825
Bhutan,rural,51+,2019,0.8482485134099912
Bhutan,rural,51+,2020,0.8467529818475862
Bhutan,rural,51+,2025,0.8488585317232923
Bhutan,rural,51+,2030,0.8515403545945658
Bhutan,rural,51+,2035,0.853620702729058
Bhutan,rural,51+,2040,0.8553041970600543
Bhutan,rural,51+,2045,0.8566428156849121
Bhutan,rural,51+,2050,0.8576712880655527
Bhutan,rural,51+,2055,0.8584220483117262
Bhutan,rural,51+,2060,0.8589330122652777
Bhutan,rural,51+,2065,0.8592424052410497
Bhutan,rural,51+,2070,0.8593854772090932
Bhutan,rural,51+,2075,0.8593944827440003
Bhutan,rural,51+,2080,0.8593021441244452
Bhutan,rural,51+,2085,0.8591322912730024
Bhutan,rural,51+,2090,0.8589157196855629
Bhutan,rural,51+,2095,0.8586716439920155
Bhutan,rural,51+,2100,0.8584111234833046
India,large_city,No_travel,2011,0.0
India,large_city,No_travel,2012,0.0
India,large_city,No_travel,2013,0.0
India,large_city,No_travel,2014,0.0
India,large_city,No_travel,2015,0.0
India,large_city,No_travel,2016,0.0
India,large_city,No_travel,2017,0.0
India,large_city,No_travel,2018,0.0
India,large_city,No_travel,2019,0.0
India,large_city,No_travel,2020,0.0
India,large_city,No_travel,2025,0.0
India,large_city,No_travel,2030,0.0
India,large_city,No_travel,2035,0.0
India,large_city,No_travel,2040,0.0
India,large_city,No_travel,2045,0.0
India,large_city,No_travel,2050,0.0
India,large_city,No_travel,2055,0.0
India,large_city,No_travel,2060,0.0
India,large_city,No_travel,2065,0.0
India,large_city,No_travel,2070,0.0
India,large_city,No_travel,2075,0.0
India,large_city,No_travel,2080,0.0
India,large_city,No_travel,2085,0.0
India,large_city,No_travel,2090,0.0
India,large_city,No_travel,2095,0.0
India,large_city,No_travel,2100,0.0
India,large_city,00_01,2011,0.0430238883349347
India,large_city,00_01,2012,0.043056274981341056
India,large_city,00_01,2013,0.043095278237889084
India,large_city,00_01,2014,0.043141165750602825
India,large_city,00_01,2015,0.04319016134520115
India,large_city,00_01,2016,0.04323928292966495
India,large_city,00_01,2017,0.043277462052997505
India,large_city,00_01,2018,0.043312811851933176
India,large_city,00_01,2019,0.04333135520814001
India,large_city,00_01,2020,0.043284222400617085
India,large_city,00_01,2025,0.04345411789723782
India,large_city,00_01,2030,0.04357486388183003
India,large_city,00_01,2035,0.043654631300266866
India,large_city,00_01,2040,0.04372121540457687
India,large_city,00_01,2045,0.043774902341669385
India,large_city,00_01,2050,0.04381620298815287
India,large_city,00_01,2055,0.04384583962754544
India,large_city,00_01,2060,0.043864131809919896
India,large_city,00_01,2065,0.043871762178386065
India,large_city,00_01,2070,0.043870058121947116
India,large_city,00_01,2075,0.04386013233265484
India,large_city,00_01,2080,0.043843333165986834
India,large_city,00_01,2085,0.04382085695557985
India,large_city,00_01,2090,0.043794008272940985
India,large_city,00_01,2095,0.04376313911443084
India,large_city,00_01,2100,0.04372845123787308
India,large_city,02_05,2011,0.183359329476964
India,large_city,02_05,2012,0.1834973549785841
India,large_city,02_05,2013,0.1836635791680946
India,large_city,02_05,2014,0.18385914270008075
India,large_city,02_05,2015,0.18406795226426836
India,large_city,02_05,2016,0.18427729877242244
India,large_city,02_05,2017,0.18444001066865498
India,large_city,02_05,2018,0.1845906645421387
India,large_city,02_05,2019,0.18466969267027694
India,large_city,02_05,2020,0.18446882193733688
India,large_city,02_05,2025,0.18519288304727238
India,large_city,02_05,2030,0.18570747862727915
India,large_city,02_05,2035,0.18604743163768178
India,large_city,02_05,2040,0.1863311999625032
India,large_city,02_05,2045,0.18656000310345408
India,large_city,02_05,2050,0.1867360183159152
India,large_city,02_05,2055,0.186862323829835
India,large_city,02_05,2060,0.18694028150462116
India,large_city,02_05,2065,0.18697280063061758
India,large_city,02_05,2070,0.18696553827804718
India,large_city,02_05,2075,0.18692323652105597
India,large_city,02_05,2080,0.18685164178484717
India,large_city,02_05,2085,0.18675585260751099
India,large_city,02_05,2090,0.1866414288156008
India,large_city,02_05,2095,0.18650987054820586
India,large_city,02_05,2100,0.18636203765739187
India,large_city,06_10,2011,0.277891972044208
India,large_city,06_10,2012,0.27810115790318235
India,large_city,06_10,2013,0.2783530805512215
India,large_city,06_10,2014,0.2786494687182081
India,large_city,06_10,2015,0.2789659320350151
India,large_city,06_10,2016,0.27928320912234655
India,large_city,06_10,2017,0.27952980868097327
India,large_city,06_10,2018,0.27975813358878093
India,large_city,06_10,2019,0.2798779054184333
India,large_city,06_10,2020,0.2795734738726706
India,large_city,06_10,2025,0.2806708315598658
India,large_city,06_10,2030,0.2814507317751493
India,large_city,06_10,2035,0.28196595078654413
India,large_city,06_10,2040,0.28239601856446
India,large_city,06_10,2045,0.28274278333628877
India,large_city,06_10,2050,0.2830095448620869
India,large_city,06_10,2055,0.2832009683824682
India,large_city,06_10,2060,0.28331911787638325
India,large_city,06_10,2065,0.2833684025464247
India,large_city,06_10,2070,0.28335739601906
India,large_city,06_10,2075,0.2832932851897678
India,large_city,06_10,2080,0.28318477910780404
India,large_city,06_10,2085,0.2830396049109613
India,large_city,06_10,2090,0.28286618884714065
India,large_city,06_10,2095,0.28266680446637643
India,large_city,06_10,2100,0.28244275492562776
India,large_city,11_20,2011,0.333374422171987
India,large_city,11_20,2012,0.33362537297977435
India,large_city,11_20,2013,0.3339275931792436
India,large_city,11_20,2014,0.3342831566493968
India,large_city,11_20,2015,0.33466280336823895
India,large_city,11_20,2016,0.3350434263307501
India,large_city,11_20,2017,0.33533926066076086
India,large_city,11_20,2018,0.3356131717192485
India,large_city,11_20,2019,0.33575685656271165
India,large_city,11_20,2020,0.33539164381506376
India,large_city,11_20,2025,0.3367080941687518
India,large_city,11_20,2030,0.3376437051607116
India,large_city,11_20,2035,0.33826179009116963
India,large_city,11_20,2040,0.33877772294055286
India,large_city,11_20,2045,0.33919372094361727
India,large_city,11_20,2050,0.33951374267316375
India,large_city,11_20,2055,0.33974338480721966
India,large_city,11_20,2060,0.3398851234079216
India,large_city,11_20,2065,0.33994424799607054
India,large_city,11_20,2070,0.33993104396331875
India,large_city,11_20,2075,0.3398541331029113
India,large_city,11_20,2080,0.3397239632670908
India,large_city,11_20,2085,0.33954980435335635
India,large_city,11_20,2090,0.3393417649499642
India,large_city,11_20,2095,0.3391025725319954
India,large_city,11_20,2100,0.33883379043787604
India,large_city,21_30,2011,0.257270952131324
India,large_city,21_30,2012,0.25746461531891035
India,large_city,21_30,2013,0.2576978440050351
India,large_city,21_30,2014,0.2579722386388929
India,large_city,21_30,2015,0.2582652187427464
India,large_city,21_30,2016,0.25855895223114755
India,large_city,21_30,2017,0.2587872528285933
India,large_city,21_30,2018,0.2589986348487174
India,large_city,21_30,2019,0.25910951898986945
India,large_city,21_30,2020,0.2588276778374927
India,large_city,21_30,2025,0.25984360591535893
India,large_city,21_30,2030,0.26056563350571155
India,large_city,21_30,2035,0.2610426206048445
India,large_city,21_30,2040,0.2614407751319131
India,large_city,21_30,2045,0.2617618081662888
India,large_city,21_30,2050,0.2620087746087853
India,large_city,21_30,2055,0.2621859935150622
India,large_city,21_30,2060,0.2622953757061697
India,large_city,21_30,2065,0.26234100319908993
India,large_city,21_30,2070,0.2623308134129153
India,large_city,21_30,2075,0.26227145993835255
India,large_city,21_30,2080,0.2621710055682118
India,large_city,21_30,2085,0.2620366040467432
India,large_city,21_30,2090,0.26187605635072375
India,large_city,21_30,2095,0.26169146732103005
India,large_city,21_30,2100,0.2614840434136427
India,large_city,31_50,2011,0.220023475238138
India,large_city,31_50,2012,0.2201891000286767
India,large_city,31_50,2013,0.2203885620574105
India,large_city,31_50,2014,0.22062323006181572
India,large_city,31_50,2015,0.22087379274715369
India,large_city,31_50,2016,0.22112499974264402
India,large_city,31_50,2017,0.22132024716732535
India,large_city,31_50,2018,0.2215010254723973
India,large_city,31_50,2019,0.2215958558987745
India,large_city,31_50,2020,0.2213548194766782
India,large_city,31_50,2025,0.2222236623228384
India,large_city,31_50,2030,0.22284115535239
India,large_city,31_50,2035,0.2232490846515416
India,large_city,31_50,2040,0.22358959469358752
India,large_city,31_50,2045,0.22386414882923483
India,large_city,31_50,2050,0.22407535967326958
India,large_city,31_50,2055,0.2242269209720246
India,large_city,31_50,2060,0.22432046689944954
India,large_city,31_50,2065,0.2243594884814647
India,large_city,31_50,2070,0.2243507739641533
India,large_city,31_50,2075,0.22430001363683078
India,large_city,31_50,2080,0.22421410296779443
India,large_city,31_50,2085,0.2240991599880844
India,large_city,31_50,2090,0.2239618562554747
India,large_city,31_50,2095,0.22380399187371072
India,large_city,31_50,2100,0.2236265986290682
India,large_city,51+,2011,0.187004864635763
India,large_city,51+,2012,0.18714563434909243
India,large_city,51+,2013,0.18731516339431345
India,large_city,51+,2014,0.18751461510441234
India,large_city,51+,2015,0.1877275762032391
India,large_city,51+,2016,0.1879410849215083
India,large_city,51+,2017,0.18810703184232433
India,large_city,51+,2018,0.18826068100377166
India,large_city,51+,2019,0.1883412803626756
India,large_city,51+,2020,0.1881364159342885
India,large_city,51+,2025,0.18887487276786086
India,large_city,51+,2030,0.18939969949500823
India,large_city,51+,2035,0.1897464114232979
India,large_city,51+,2040,0.19003582160669308
India,large_city,51+,2045,0.1902691737929375
India,large_city,51+,2050,0.1904486885254249
India,large_city,51+,2055,0.19057750523521927
India,large_city,51+,2060,0.19065701285810538
India,large_city,51+,2065,0.19069017852669928
India,large_city,51+,2070,0.1906827717846304
India,large_city,51+,2075,0.1906396289875741
India,large_city,51+,2080,0.1905666108106886
India,large_city,51+,2085,0.19046891716078038
India,large_city,51+,2090,0.1903522184044187
India,large_city,51+,2095,0.1902180445063352
India,large_city,51+,2100,0.19006727241410382
India,city,No_travel,2011,0.0
India,city,No_travel,2012,0.0
India,city,No_travel,2013,0.0
India,city,No_travel,2014,0.0
India,city,No_travel,2015,0.0
India,city,No_travel,2016,0.0
India,city,No_travel,2017,0.0
India,city,No_travel,2018,0.0
India,city,No_travel,2019,0.0
India,city,No_travel,2020,0.0
India,city,No_travel,2025,0.0
India,city,No_travel,2030,0.0
India,city,No_travel,2035,0.0
India,city,No_travel,2040,0.0
India,city,No_travel,2045,0.0
India,city,No_travel,2050,0.0
India,city,No_travel,2055,0.0
India,city,No_travel,2060,0.0
India,city,No_travel,2065,0.0
India,city,No_travel,2070,0.0
India,city,No_travel,2075,0.0
India,city,No_travel,2080,0.0
India,city,No_travel,2085,0.0
India,city,No_travel,2090,0.0
India,city,No_travel,2095,0.0
India,city,No_travel,2100,0.0
India,city,00_01,2011,0.0236558045409915
India,city,00_01,2012,0.023673611675743306
India,city,00_01,2013,0.023695056818176265
India,city,00_01,2014,0.023720287127979463
India,city,00_01,2015,0.02374722635300173
India,city,00_01,2016,0.023774234850973214
India,city,00_01,2017,0.02379522686062307
India,city,00_01,2018,0.02381466322415385
India,city,00_01,2019,0.023824858909084694
India,city,00_01,2020,0.023798943899414938
India,city,00_01,2025,0.0238923574614149
India,city,00_01,2030,0.02395874717004343
India,city,00_01,2035,0.02400260565267502
India,city,00_01,2040,0.02403921555982318
India,city,00_01,2045,0.024068734223510153
India,city,00_01,2050,0.02409144253878431
India,city,00_01,2055,0.024107737638456955
India,city,00_01,2060,0.024117795220596202
India,city,00_01,2065,0.024121990622546073
India,city,00_01,2070,0.024121053681985687
India,city,00_01,2075,0.02411559618986909
India,city,00_01,2080,0.0241063595118623
India,city,00_01,2085,0.02409400142753318
India,city,00_01,2090,0.024079239228827574
India,city,00_01,2095,0.02406226645374095
India,city,00_01,2100,0.024043194034683784
India,city,02_05,2011,0.106025174348088
India,city,02_05,2012,0.10610498581945134
India,city,02_05,2013,0.10620110281946434
India,city,02_05,2014,0.10631418491697259
India,city,02_05,2015,0.10643492636226305
India,city,02_05,2016,0.10655597828849725
India,city,02_05,2017,0.10665006435008885
India,city,02_05,2018,0.10673717801508693
India,city,02_05,2019,0.10678287501391517
India,city,02_05,2020,0.10666672409570366
India,city,02_05,2025,0.10708540312140999
India,city,02_05,2030,0.1073829613980715
India,city,02_05,2035,0.10757953485468759
India,city,02_05,2040,0.10774362023937718
India,city,02_05,2045,0.10787592271332223
India,city,02_05,2050,0.1079777012464481
India,city,02_05,2055,0.10805073578563773
India,city,02_05,2060,0.10809581380858073
India,city,02_05,2065,0.1081146175750062
India,city,02_05,2070,0.10811041821302311
India,city,02_05,2075,0.10808595776602531
India,city,02_05,2080,0.10804455903049001
India,city,02_05,2085,0.10798917017050291
India,city,02_05,2090,0.10792300608427152
India,city,02_05,2095,0.10784693420793302
India,city,02_05,2100,0.1077614517398871
India,city,06_10,2011,0.186327658988712
India,city,06_10,2012,0.18646791892896689
India,city,06_10,2013,0.18663683405418652
India,city,06_10,2014,0.18683556348454866
India,city,06_10,2015,0.18704775338173313
India,city,06_10,2016,0.18726048891525127
India,city,06_10,2017,0.18742583488810743
India,city,06_10,2018,0.18757892763579517
India,city,06_10,2019,0.18765923511811558
India,city,06_10,2020,0.18745511257068465
India,city,06_10,2025,0.18819089521105473
India,city,06_10,2030,0.188713821369337
India,city,06_10,2035,0.18905927774057904
India,city,06_10,2040,0.18934763987524622
India,city,06_10,2045,0.1895801470170658
India,city,06_10,2050,0.1897590116681192
India,city,06_10,2055,0.18988736189056588
India,city,06_10,2060,0.1899665815904009
India,city,06_10,2065,0.1899996271552846
India,city,06_10,2070,0.18999224723544605
India,city,06_10,2075,0.1899492606725383
India,city,06_10,2080,0.18987650691830202
India,city,06_10,2085,0.1897791670489841
India,city,06_10,2090,0.18966289089690583
India,city,06_10,2095,0.18952920288629718
India,city,06_10,2100,0.1893789767890188
India,city,11_20,2011,0.314212629088163
India,city,11_20,2012,0.31444915567161513
India,city,11_20,2013,0.3147340047695756
India,city,11_20,2014,0.31506913105801926
India,city,11_20,2015,0.3154269563311008
India,city,11_20,2016,0.3157857017350306
India,city,11_20,2017,0.31606453201241536
India,city,11_20,2018,0.31632269913052535
India,city,11_20,2019,0.3164581252142979
India,city,11_20,2020,0.31611390427236924
India,city,11_20,2025,0.3173546873054568
India,city,11_20,2030,0.3182365209736553
India,city,11_20,2035,0.3188190794367002
India,city,11_20,2040,0.31930535734602944
India,city,11_20,2045,0.31969744449352766
India,city,11_20,2050,0.3199990719199841
India,city,11_20,2055,0.32021551461592046
India,city,11_20,2060,0.3203491063236456
India,city,11_20,2065,0.32040483253132823
India,city,11_20,2070,0.3203923874438543
India,city,11_20,2075,0.320319897288501
India,city,11_20,2080,0.32019720939278706
India,city,11_20,2085,0.32003306083631683
India,city,11_20,2090,0.31983697918293774
India,city,11_20,2095,0.319611535137116
India,city,11_20,2100,0.3193582021792519
India,city,21_30,2011,0.250284569638574
India,city,21_30,2012,0.25047297375943695
India,city,21_30,2013,0.25069986894853824
India,city,21_30,2014,0.25096681219369393
India,city,21_30,2015,0.2512518362066972
India,city,21_30,2016,0.2515375931455349
India,city,21_30,2017,0.25175969407184073
India,city,21_30,2018,0.25196533585727277
India,city,21_30,2019,0.2520732088577731
India,city,21_30,2020,0.25179902130980214
India,city,21_30,2025,0.2527873611112683
India,city,21_30,2030,0.25348978150976836
India,city,21_30,2035,0.2539538156723532
India,city,21_30,2040,0.25434115801952245
India,city,21_30,2045,0.254653473165025
India,city,21_30,2050,0.25489373305158947
India,city,21_30,2055,0.2550661394477329
India,city,21_30,2060,0.2551725512847501
India,city,21_30,2065,0.2552169397294409
India,city,21_30,2070,0.25520702665442674
India,city,21_30,2075,0.25514928496725053
India,city,21_30,2080,0.25505155850963573
India,city,21_30,2085,0.25492080676063006
India,city,21_30,2090,0.25476461885573126
India,city,21_30,2095,0.2545850424773094
India,city,21_30,2100,0.2543832513191428
India,city,31_50,2011,0.417603041240518
India,city,31_50,2012,0.41791739595270916
India,city,31_50,2013,0.4182959735100406
India,city,31_50,2014,0.41874137176681936
India,city,31_50,2015,0.4192169380185808
India,city,31_50,2016,0.41969372716657566
India,city,31_50,2017,0.42006430543443113
India,city,31_50,2018,0.42040742141288145
India,city,31_50,2019,0.42058740890928104
India,city,31_50,2020,0.4201299234395683
India,city,31_50,2025,0.42177898117999285
India,city,31_50,2030,0.42295097869892334
India,city,31_50,2035,0.42372522570030563
India,city,31_50,2040,0.4243715114158521
India,city,31_50,2045,0.42489261327513045
India,city,31_50,2050,0.4252934900030179
India,city,31_50,2055,0.42558115230462434
India,city,31_50,2060,0.42575870183085573
India,city,31_50,2065,0.42583276452487473
India,city,31_50,2070,0.42581622443101314
India,city,31_50,2075,0.42571988167921676
India,city,31_50,2080,0.42555682382084165
India,city,31_50,2085,0.42533866283668215
India,city,31_50,2090,0.4250780612974626
India,city,31_50,2095,0.42477843578769897
India,city,31_50,2100,0.42444174463063916
India,city,51+,2011,0.359447715685911
India,city,51+,2012,0.359718293416563
India,city,51+,2013,0.36004415033031656
India,city,51+,2014,0.3604275225047481
India,city,51+,2015,0.3608368614845246
India,city,51+,2016,0.36124725306022165
India,city,51+,2017,0.3615662246641348
India,city,51+,2018,0.361861558372201
India,city,51+,2019,0.36201648084173255
India,city,51+,2020,0.36162270471749924
India,city,51+,2025,0.363042114969084
India,city,51+,2030,0.36405090032112003
India,city,51+,2035,0.36471732582222943
India,city,51+,2040,0.3652736099035032
India,city,51+,2045,0.3657221432101594
India,city,51+,2050,0.3660671939159271
India,city,51+,2055,0.36631479641636444
India,city,51+,2060,0.3664676204270216
India,city,51+,2065,0.36653136916338996
India,city,51+,2070,0.36651713244006984
India,city,51+,2075,0.36643420636282376
India,city,51+,2080,0.36629385591292407
India,city,51+,2085,0.36610607598877654
India,city,51+,2090,0.3658817657737493
India,city,51+,2095,0.3656238660594037
India,city,51+,2100,0.3653340624532392
India,town,No_travel,2011,0.0
India,town,No_travel,2012,0.0
India,town,No_travel,2013,0.0
India,town,No_travel,2014,0.0
India,town,No_travel,2015,0.0
India,town,No_travel,2016,0.0
India,town,No_travel,2017,0.0
India,town,No_travel,2018,0.0
India,town,No_travel,2019,0.0
India,town,No_travel,2020,0.0
India,town,No_travel,2025,0.0
India,town,No_travel,2030,0.0
India,town,No_travel,2035,0.0
India,town,No_travel,2040,0.0
India,town,No_travel,2045,0.0
India,town,No_travel,2050,0.0
India,town,No_travel,2055,0.0
India,town,No_travel,2060,0.0
India,town,No_travel,2065,0.0
India,town,No_travel,2070,0.0
India,town,No_travel,2075,0.0
India,town,No_travel,2080,0.0
India,town,No_travel,2085,0.0
India,town,No_travel,2090,0.0
India,town,No_travel,2095,0.0
India,town,No_travel,2100,0.0
India,town,00_01,2011,0.0160162759590926
India,town,00_01,2012,0.016028332365110476
India,town,00_01,2013,0.01604285190168312
India,town,00_01,2014,0.01605993420398407
India,town,00_01,2015,0.01607817353553304
India,town,00_01,2016,0.01609645976866463
India,town,00_01,2017,0.01611067250951246
India,town,00_01,2018,0.01612383199269177
India,town,00_01,2019,0.016130735030090534
India,town,00_01,2020,0.016113189148459914
India,town,00_01,2025,0.016176435248786817
India,town,00_01,2030,0.016221384719534927
India,town,00_01,2035,0.01625107931562264
India,town,00_01,2040,0.01627586622890245
India,town,00_01,2045,0.016295851981774856
India,town,00_01,2050,0.016311226755580024
India,town,00_01,2055,0.016322259430993184
India,town,00_01,2060,0.016329068965234318
India,town,00_01,2065,0.016331909482252965
India,town,00_01,2070,0.016331275122151347
India,town,00_01,2075,0.01632758010093013
India,town,00_01,2080,0.01632132636377037
India,town,00_01,2085,0.01631295926348435
India,town,00_01,2090,0.016302964446025393
India,town,00_01,2095,0.016291472947221882
India,town,00_01,2100,0.016278559874394544
India,town,02_05,2011,0.0652376259790535
India,town,02_05,2012,0.06528673423046316
India,town,02_05,2013,0.06534587532535531
India,town,02_05,2014,0.0654154550985321
India,town,02_05,2015,0.06548974769268685
India,town,02_05,2016,0.06556423132675082
India,town,02_05,2017,0.06562212277879223
India,town,02_05,2018,0.0656757240931004
India,town,02_05,2019,0.06570384160138323
India,town,02_05,2020,0.06563237357309658
India,town,02_05,2025,0.06588998810523243
India,town,02_05,2030,0.0660730766564107
India,town,02_05,2035,0.06619402892759517
India,town,02_05,2040,0.06629499118510455
India,town,02_05,2045,0.06637639731685015
India,town,02_05,2050,0.0664390219710192
India,town,02_05,2055,0.06648396035457294
India,town,02_05,2060,0.06651169700503083
India,town,02_05,2065,0.06652326702213861
India,town,02_05,2070,0.06652068314139435
India,town,02_05,2075,0.06650563255079325
India,town,02_05,2080,0.06648015977754423
India,town,02_05,2085,0.06644607883635774
India,town,02_05,2090,0.06640536786429521
India,town,02_05,2095,0.06635856059756248
India,town,02_05,2100,0.06630596296391146
India,town,06_10,2011,0.169058563656165
India,town,06_10,2012,0.16918582411854985
India,town,06_10,2013,0.16933908396523295
India,town,06_10,2014,0.16951939488759188
India,town,06_10,2015,0.1697119187427997
India,town,06_10,2016,0.16990493766403986
India,town,06_10,2017,0.17005495915214908
India,town,06_10,2018,0.17019386306030065
India,town,06_10,2019,0.17026672753831543
India,town,06_10,2020,0.17008152334015286
India,town,06_10,2025,0.17074911266649997
India,town,06_10,2030,0.1712235733327116
India,town,06_10,2035,0.1715370123478585
India,town,06_10,2040,0.17179864869623668
India,town,06_10,2045,0.172009606766816
India,town,06_10,2050,0.17217189400404137
India,town,06_10,2055,0.17228834855710962
India,town,06_10,2060,0.17236022606976698
India,town,06_10,2065,0.17239020892773219
India,town,06_10,2070,0.17238351298868282
India,town,06_10,2075,0.17234451047761634
India,town,06_10,2080,0.17227849963811703
India,town,06_10,2085,0.1721901813573922
India,town,06_10,2090,0.1720846818337868
India,town,06_10,2095,0.17196338420586504
India,town,06_10,2100,0.171827081263149
India,town,11_20,2011,0.366436068796568
India,town,11_20,2012,0.3667119070773449
India,town,11_20,2013,0.36704409927458337
India,town,11_20,2014,0.36743492493949714
India,town,11_20,2015,0.3678522222542632
India,town,11_20,2016,0.36827059262943357
India,town,11_20,2017,0.3685957656532004
India,town,11_20,2018,0.36889684121508115
India,town,11_20,2019,0.3690547756746035
India,town,11_20,2020,0.3686533437871462
India,town,11_20,2025,0.37010035009683373
India,town,11_20,2030,0.37112874817123587
India,town,11_20,2035,0.3718081302624708
India,town,11_20,2040,0.37237522957338753
India,town,11_20,2045,0.37283248322793305
India,town,11_20,2050,0.37318424238132125
India,town,11_20,2055,0.3734366587493355
India,town,11_20,2060,0.37359245395191754
India,town,11_20,2065,0.37365744208600815
India,town,11_20,2070,0.3736429285734768
India,town,11_20,2075,0.3735583902542145
India,town,11_20,2080,0.3734153111223387
India,town,11_20,2085,0.3732238803962532
India,town,11_20,2090,0.37299520916035833
India,town,11_20,2095,0.3727322953808446
India,town,11_20,2100,0.37243685743665467
India,town,21_30,2011,0.297307534175079
India,town,21_30,2012,0.29753133528548337
India,town,21_30,2013,0.2978008590890694
India,town,21_30,2014,0.29811795509741124
India,town,21_30,2015,0.29845652885211393
India,town,21_30,2016,0.29879597323329155
India,town,21_30,2017,0.2990598020375735
India,town,21_30,2018,0.299304079390502
India,town,21_30,2019,0.2994322193546602
India,town,21_30,2020,0.2991065179983741
India,town,21_30,2025,0.3002805451056997
India,town,21_30,2030,0.30111493484428364
India,town,21_30,2035,0.3016661508175668
India,town,21_30,2040,0.3021262662704881
India,town,21_30,2045,0.3024972585610995
India,town,21_30,2050,0.30278265799478743
India,town,21_30,2055,0.302987455759937
India,town,21_30,2060,0.30311386004013813
India,town,21_30,2065,0.3031665880970693
India,town,21_30,2070,0.30315481257334126
India,town,21_30,2075,0.3030862224934244
India,town,21_30,2080,0.3029701353843426
India,town,21_30,2085,0.3028148182581526
India,town,21_30,2090,0.3026292860819562
India,town,21_30,2095,0.302415971252593
India,town,21_30,2100,0.3021762679750818
India,town,31_50,2011,0.454090064176492
India,town,31_50,2012,0.45443188484668884
India,town,31_50,2013,0.4548435396727499
India,town,31_50,2014,0.4553278534900151
India,town,31_50,2015,0.4558449711554924
India,town,31_50,2016,0.4563634185647078
India,town,31_50,2017,0.4567663751833499
India,town,31_50,2018,0.45713947006362576
India,town,31_50,2019,0.4573351835180782
India,town,31_50,2020,0.45683772639783177
India,town,31_50,2025,0.45863086644048023
India,town,31_50,2030,0.4599052643160439
India,town,31_50,2035,0.4607471592158074
India,town,31_50,2040,0.46144991253191614
India,town,31_50,2045,0.46201654436491063
India,town,31_50,2050,0.46245244669587193
India,town,31_50,2055,0.46276524277276254
India,town,31_50,2060,0.46295830524549125
India,town,31_50,2065,0.46303883898245896
India,town,31_50,2070,0.46302085373919827
India,town,31_50,2075,0.46291609328004024
India,town,31_50,2080,0.46273878864845974
India,town,31_50,2085,0.46250156639307693
India,town,31_50,2090,0.46221819544511367
India,town,31_50,2095,0.46189239090462625
India,town,31_50,2100,0.46152628219846653
India,town,51+,2011,0.438377508358388
India,town,51+,2012,0.4387075012508289
India,town,51+,2013,0.43910491187746226
India,town,51+,2014,0.439572467327858
India,town,51+,2015,0.44007169153821624
India,town,51+,2016,0.440572199480135
India,town,51+,2017,0.44096121287723977
India,town,51+,2018,0.4413213978204915
India,town,51+,2019,0.44151033914135196
India,town,51+,2020,0.44103009517634856
India,town,51+,2025,0.4427611884682915
India,town,51+,2030,0.44399148925974347
India,town,51+,2035,0.44480425266853396
India,town,51+,2040,0.44548268911101596
India,town,51+,2045,0.4460297141853372
India,town,51+,2050,0.4464505332976888
India,town,51+,2055,0.446752505914201
India,town,51+,2060,0.4469388879833745
India,town,51+,2065,0.4470166350686685
India,town,51+,2070,0.4469992721560002
India,town,51+,2075,0.4468981366485685
India,town,51+,2080,0.4467269671631634
India,town,51+,2085,0.44649795334091547
India,town,51+,2090,0.4462243876765035
India,town,51+,2095,0.4459098567190166
India,town,51+,2100,0.4455564162122624
India,rural,No_travel,2011,0.0
India,rural,No_travel,2012,0.0
India,rural,No_travel,2013,0.0
India,rural,No_travel,2014,0.0
India,rural,No_travel,2015,0.0
India,rural,No_travel,2016,0.0
India,rural,No_travel,2017,0.0
India,rural,No_travel,2018,0.0
India,rural,No_travel,2019,0.0
India,rural,No_travel,2020,0.0
India,rural,No_travel,2025,0.0
India,rural,No_travel,2030,0.0
India,rural,No_travel,2035,0.0
India,rural,No_travel,2040,0.0
India,rural,No_travel,2045,0.0
India,rural,No_travel,2050,0.0
India,rural,No_travel,2055,0.0
India,rural,No_travel,2060,0.0
India,rural,No_travel,2065,0.0
India,rural,No_travel,2070,0.0
India,rural,No_travel,2075,0.0
India,rural,No_travel,2080,0.0
India,rural,No_travel,2085,0.0
India,rural,No_travel,2090,0.0
India,rural,No_travel,2095,0.0
India,rural,No_travel,2100,0.0
India,rural,00_01,2011,0.0209205858977177
India,rural,00_01,2012,0.020936334070286586
India,rural,00_01,2013,0.02095529960340046
India,rural,00_01,2014,0.02097761264130831
India,rural,00_01,2015,0.021001436999939598
India,rural,00_01,2016,0.02102532262178779
India,rural,00_01,2017,0.021043887415907746
India,rural,00_01,2018,0.021061076436559335
India,rural,00_01,2019,0.0210700932384192
India,rural,00_01,2020,0.021047174669537008
India,rural,00_01,2025,0.021129787224288446
India,rural,00_01,2030,0.021188500577270414
India,rural,00_01,2035,0.021227287892732368
India,rural,00_01,2040,0.021259664754228382
India,rural,00_01,2045,0.021285770302157603
India,rural,00_01,2050,0.02130585295288556
India,rural,00_01,2055,0.02132026392046955
India,rural,00_01,2060,0.021329158587767922
India,rural,00_01,2065,0.021332868893486574
India,rural,00_01,2070,0.02133204028732183
India,rural,00_01,2075,0.02132721382147859
India,rural,00_01,2080,0.02131904514070869
India,rural,00_01,2085,0.021308115968365782
India,rural,00_01,2090,0.021295060659021953
India,rural,00_01,2095,0.021280050372709053
India,rural,00_01,2100,0.021263183215201417
India,rural,02_05,2011,0.0812891180946135
India,rural,02_05,2012,0.08135030926134208
India,rural,02_05,2013,0.08142400181797306
India,rural,02_05,2014,0.0815107014535573
India,rural,02_05,2015,0.08160327348341227
India,rural,02_05,2016,0.08169608355788503
India,rural,02_05,2017,0.08176821900136629
India,rural,02_05,2018,0.08183500873357115
India,rural,02_05,2019,0.08187004445746558
India,rural,02_05,2020,0.08178099196813607
India,rural,02_05,2025,0.08210199166442181
India,rural,02_05,2030,0.08233012852003456
India,rural,02_05,2035,0.08248084067898533
India,rural,02_05,2040,0.08260664435057224
India,rural,02_05,2045,0.08270808017932571
India,rural,02_05,2050,0.08278611341293872
India,rural,02_05,2055,0.08284210873025535
India,rural,02_05,2060,0.08287666988757499
India,rural,02_05,2065,0.08289108666735377
India,rural,02_05,2070,0.08288786703169398
India,rural,02_05,2075,0.08286911329535847
India,rural,02_05,2080,0.08283737303440075
India,rural,02_05,2085,0.08279490659557334
India,rural,02_05,2090,0.08274417882971627
India,rural,02_05,2095,0.08268585479698176
India,rural,02_05,2100,0.08262031569758646
India,rural,06_10,2011,0.182182507157311
India,rural,06_10,2012,0.18231964679459328
India,rural,06_10,2013,0.1824848041371817
India,rural,06_10,2014,0.1826791125188027
India,rural,06_10,2015,0.18288658191799081
India,rural,06_10,2016,0.1830945848149742
India,rural,06_10,2017,0.1832562524066071
India,rural,06_10,2018,0.1834059393653374
India,rural,06_10,2019,0.1834844602814055
India,rural,06_10,2020,0.18328487876108726
India,rural,06_10,2025,0.1840042927593792
India,rural,06_10,2030,0.18451558560280928
India,rural,06_10,2035,0.1848533567537373
India,rural,06_10,2040,0.1851353038191812
India,rural,06_10,2045,0.18536263847394246
India,rural,06_10,2050,0.18553752399951384
India,rural,06_10,2055,0.18566301886939224
India,rural,06_10,2060,0.18574047620240722
India,rural,06_10,2065,0.18577278661672586
India,rural,06_10,2070,0.1857655708748113
India,rural,06_10,2075,0.18572354061560495
India,rural,06_10,2080,0.18565240538305913
India,rural,06_10,2085,0.1855572309922309
India,rural,06_10,2090,0.18544354158603543
India,rural,06_10,2095,0.185312827675488
India,rural,06_10,2100,0.18516594359402005
India,rural,11_20,2011,0.374424119984303
India,rural,11_20,2012,0.3747059713475629
India,rural,11_20,2013,0.3750454051034296
India,rural,11_20,2014,0.3754447504957465
India,rural,11_20,2015,0.3758711446014529
India,rural,11_20,2016,0.3762986351595334
India,rural,11_20,2017,0.37663089672883354
India,rural,11_20,2018,0.37693853552835516
India,rural,11_20,2019,0.3770999128491414
India,rural,11_20,2020,0.37668973002601364
India,rural,11_20,2025,0.37816828006584957
India,rural,11_20,2030,0.37921909650230506
India,rural,11_20,2035,0.3799132886501445
India,rural,11_20,2040,0.38049275033122587
India,rural,11_20,2045,0.3809599717971014
India,rural,11_20,2050,0.3813193990551395
India,rural,11_20,2055,0.3815773179242447
India,rural,11_20,2060,0.3817365093537787
India,rural,11_20,2065,0.3818029141839479
India,rural,11_20,2070,0.38178808428694766
India,rural,11_20,2075,0.38170170309118084
India,rural,11_20,2080,0.3815555049338416
India,rural,11_20,2085,0.38135990115120105
India,rural,11_20,2090,0.3811262450415641
India,rural,11_20,2095,0.380857599924697
India,rural,11_20,2100,0.380555721639007
India,rural,21_30,2011,0.376930565406175
India,rural,21_30,2012,0.3772143035203715
India,rural,21_30,2013,0.37755600949145623
India,rural,21_30,2014,0.3779580281555441
India,rural,21_30,2015,0.37838727660074706
India,rural,21_30,2016,0.37881762883812387
India,rural,21_30,2017,0.3791521146110605
India,rural,21_30,2018,0.3794618127860857
India,rural,21_30,2019,0.3796242703883637
India,rural,21_30,2020,0.3792113417462454
India,rural,21_30,2025,0.3806997893989234
India,rural,21_30,2030,0.38175764014194685
India,rural,21_30,2035,0.38245647930539767
India,rural,21_30,2040,0.3830398199809139
India,rural,21_30,2045,0.38351016909012664
India,rural,21_30,2050,0.3838720024025755
India,rural,21_30,2055,0.3841316478152824
India,rural,21_30,2060,0.3842919048936581
India,rural,21_30,2065,0.3843587542466924
India,rural,21_30,2070,0.3843438250763669
India,rural,21_30,2075,0.38425686563325673
India,rural,21_30,2080,0.38410968880578755
India,rural,21_30,2085,0.38391277562511594
India,rural,21_30,2090,0.38367755539005266
India,rural,21_30,2095,0.38340711192663857
India,rural,21_30,2100,0.3831032128270994
India,rural,31_50,2011,0.567046198805511
India,rural,31_50,2012,0.5674730482941907
India,rural,31_50,2013,0.5679871033743458
India,rural,31_50,2014,0.5685918915667658
India,rural,31_50,2015,0.5692376436535812
India,rural,31_50,2016,0.5698850562614948
India,rural,31_50,2017,0.5703882494315521
India,rural,31_50,2018,0.5708541526748612
India,rural,31_50,2019,0.5710985503817426
India,rural,31_50,2020,0.5704773494540896
India,rural,31_50,2025,0.5727165379440508
India,rural,31_50,2030,0.5743079457464098
India,rural,31_50,2035,0.575359264285102
India,rural,31_50,2040,0.5762368293939534
India,rural,31_50,2045,0.5769444124317026
India,rural,31_50,2050,0.5774887466493436
India,rural,31_50,2055,0.5778793515984384
India,rural,31_50,2060,0.5781204388847048
India,rural,31_50,2065,0.5782210056070926
India,rural,31_50,2070,0.5781985464858078
India,rural,31_50,2075,0.5780677265783993
India,rural,31_50,2080,0.5778463169389907
India,rural,31_50,2085,0.5775500850044056
India,rural,31_50,2090,0.5771962247648386
India,rural,31_50,2095,0.5767893754615577
India,rural,31_50,2100,0.5763321962221177
India,rural,51+,2011,0.501566238314875
India,rural,51+,2012,0.501943797132507
India,rural,51+,2013,0.5023984914296967
India,rural,51+,2014,0.5029334413849004
India,rural,51+,2015,0.5035046249070724
India,rural,51+,2016,0.5040772772007883
India,rural,51+,2017,0.5045223638727085
India,rural,51+,2018,0.5049344666919452
India,rural,51+,2019,0.5051506424440295
India,rural,51+,2020,0.504601175022897
India,rural,51+,2025,0.5065817920346213
India,rural,51+,2030,0.5079894311771385
India,rural,51+,2035,0.5089193481500999
India,rural,51+,2040,0.5096955759626665
India,rural,51+,2045,0.5103214504739265
India,rural,51+,2050,0.5108029274091452
India,rural,51+,2055,0.5111484270446199
India,rural,51+,2060,0.511361674648665
India,rural,51+,2065,0.5114506283754583
India,rural,51+,2070,0.5114307627331132
India,rural,51+,2075,0.5113150493238816
India,rural,51+,2080,0.511119207079989
India,rural,51+,2085,0.5108571826851309
India,rural,51+,2090,0.5105441846443669
India,rural,51+,2095,0.5101843164801195
India,rural,51+,2100,0.5097799302557791
Maldives,large_city,No_travel,2011,0.0
Maldives,large_city,No_travel,2012,0.0
Maldives,large_city,No_travel,2013,0.0
Maldives,large_city,No_travel,2014,0.0
Maldives,large_city,No_travel,2015,0.0
Maldives,large_city,No_travel,2016,0.0
Maldives,large_city,No_travel,2017,0.0
Maldives,large_city,No_travel,2018,0.0
Maldives,large_city,No_travel,2019,0.0
Maldives,large_city,No_travel,2020,0.0
Maldives,large_city,No_travel,2025,0.0
Maldives,large_city,No_travel,2030,0.0
Maldives,large_city,No_travel,2035,0.0
Maldives,large_city,No_travel,2040,0.0
Maldives,large_city,No_travel,2045,0.0
Maldives,large_city,No_travel,2050,0.0
Maldives,large_city,No_travel,2055,0.0
Maldives,large_city,No_travel,2060,0.0
Maldives,large_city,No_travel,2065,0.0
Maldives,large_city,No_travel,2070,0.0
Maldives,large_city,No_travel,2075,0.0
Maldives,large_city,No_travel,2080,0.0
Maldives,large_city,No_travel,2085,0.0
Maldives,large_city,No_travel,2090,0.0
Maldives,large_city,No_travel,2095,0.0
Maldives,large_city,No_travel,2100,0.0
Maldives,large_city,00_01,2011,0.057842438834749
Maldives,large_city,00_01,2012,0.05781347678852629
Maldives,large_city,00_01,2013,0.057860173552893676
Maldives,large_city,00_01,2014,0.057882624439281105
Maldives,large_city,00_01,2015,0.05786414047592367
Maldives,large_city,00_01,2016,0.057903799203032694
Maldives,large_city,00_01,2017,0.057929991085075
Maldives,large_city,00_01,2018,0.05796596971358167
Maldives,large_city,00_01,2019,0.058012781127117725
Maldives,large_city,00_01,2020,0.05756140857665427
Maldives,large_city,00_01,2025,0.05813771706218855
Maldives,large_city,00_01,2030,0.058319878437785945
Maldives,large_city,00_01,2035,0.05845467366253194
Maldives,large_city,00_01,2040,0.05855191375344477
Maldives,large_city,00_01,2045,0.05862065636680521
Maldives,large_city,00_01,2050,0.058671087086789905
Maldives,large_city,00_01,2055,0.05871109388393671
Maldives,large_city,00_01,2060,0.058744435417398454
Maldives,large_city,00_01,2065,0.05877202079762057
Maldives,large_city,00_01,2070,0.05879322631621149
Maldives,large_city,00_01,2075,0.05880963317709
Maldives,large_city,00_01,2080,0.05882367781312414
Maldives,large_city,00_01,2085,0.058839477954712734
Maldives,large_city,00_01,2090,0.058855870871771736
Maldives,large_city,00_01,2095,0.05886918618796408
Maldives,large_city,00_01,2100,0.058878455473599954
Maldives,large_city,02_05,2011,0.21148322952951493
Maldives,large_city,02_05,2012,0.21137733864399294
Maldives,large_city,02_05,2013,0.2115480711154437
Maldives,large_city,02_05,2014,0.21163015593162124
Maldives,large_city,02_05,2015,0.2115625749591712
Maldives,large_city,02_05,2016,0.21170757499473344
Maldives,large_city,02_05,2017,0.2118033376201232
Maldives,large_city,02_05,2018,0.2119348824979658
Maldives,large_city,02_05,2019,0.2121060341491216
Maldives,large_city,02_05,2020,0.21045572813478322
Maldives,large_city,02_05,2025,0.21256282427701634
Maldives,large_city,02_05,2030,0.21322884176837653
Maldives,large_city,02_05,2035,0.21372167938084102
Maldives,large_city,02_05,2040,0.21407720810473765
Maldives,large_city,02_05,2045,0.21432854449671276
Maldives,large_city,02_05,2050,0.21451292903762623
Maldives,large_city,02_05,2055,0.2146592016850834
Maldives,large_city,02_05,2060,0.21478110482948748
Maldives,large_city,02_05,2065,0.2148819623558072
Maldives,large_city,02_05,2070,0.21495949386460594
Maldives,large_city,02_05,2075,0.21501948054557804
Maldives,large_city,02_05,2080,0.21507083047213546
Maldives,large_city,02_05,2085,0.21512859886913763
Maldives,large_city,02_05,2090,0.21518853456878803
Maldives,large_city,02_05,2095,0.21523721795986372
Maldives,large_city,02_05,2100,0.2152711082746775
Maldives,large_city,06_10,2011,0.3458702568351818
Maldives,large_city,06_10,2012,0.3456970775818979
Maldives,large_city,06_10,2013,0.34597630200967944
Maldives,large_city,06_10,2014,0.34611054762582955
Maldives,large_city,06_10,2015,0.3460000223215277
Maldives,large_city,06_10,2016,0.3462371626359281
Maldives,large_city,06_10,2017,0.3463937776257429
Maldives,large_city,06_10,2018,0.3466089127018716
Maldives,large_city,06_10,2019,0.3468888226771198
Maldives,large_city,06_10,2020,0.34418982963494954
Maldives,large_city,06_10,2025,0.34763588011144314
Maldives,large_city,06_10,2030,0.34872511844635007
Maldives,large_city,06_10,2035,0.34953112974086425
Maldives,large_city,06_10,2040,0.35011257920766115
Maldives,large_city,06_10,2045,0.350523627320733
Maldives,large_city,06_10,2050,0.35082517902610494
Maldives,large_city,06_10,2055,0.35106440063368355
Maldives,large_city,06_10,2060,0.3512637671364453
Maldives,large_city,06_10,2065,0.35142871458220526
Maldives,large_city,06_10,2070,0.3515555134916067
Maldives,large_city,06_10,2075,0.35165361871158407
Maldives,large_city,06_10,2080,0.35173759895118223
Maldives,large_city,06_10,2085,0.35183207627854546
Maldives,large_city,06_10,2090,0.35193009812111803
Maldives,large_city,06_10,2095,0.35200971737514786
Maldives,large_city,06_10,2100,0.35206514329196853
Maldives,large_city,11_20,2011,0.499426097052528
Maldives,large_city,11_20,2012,0.49917603149514395
Maldives,large_city,11_20,2013,0.4995792230486608
Maldives,large_city,11_20,2014,0.49977306962203705
Maldives,large_city,11_20,2015,0.49961347445517285
Maldives,large_city,11_20,2016,0.49995589783311367
Maldives,large_city,11_20,2017,0.500182045099487
Maldives,large_city,11_20,2018,0.5004926935848272
Maldives,large_city,11_20,2019,0.5008968750479673
Maldives,large_city,11_20,2020,0.49699961145162
Maldives,large_city,11_20,2025,0.5019756031875655
Maldives,large_city,11_20,2030,0.5035484301063653
Maldives,large_city,11_20,2035,0.5047122858211726
Maldives,large_city,11_20,2040,0.5055518811089917
Maldives,large_city,11_20,2045,0.5061454220416257
Maldives,large_city,11_20,2050,0.5065808535026929
Maldives,large_city,11_20,2055,0.506926282204475
Maldives,large_city,11_20,2060,0.5072141613510324
Maldives,large_city,11_20,2065,0.5074523404295357
Maldives,large_city,11_20,2070,0.5076354341855942
Maldives,large_city,11_20,2075,0.507777095129678
Maldives,large_city,11_20,2080,0.5078983600331011
Maldives,large_city,11_20,2085,0.5080347824109509
Maldives,large_city,11_20,2090,0.5081763229606063
Maldives,large_city,11_20,2095,0.508291290733939
Maldives,large_city,11_20,2100,0.5083713240665724
Maldives,large_city,21_30,2011,0.512059307619934
Maldives,large_city,21_30,2012,0.5118029165403941
Maldives,large_city,21_30,2013,0.5122163070078738
Maldives,large_city,21_30,2014,0.5124150570186028
Maldives,large_city,21_30,2015,0.5122514248193119
Maldives,large_city,21_30,2016,0.51260250995254
Maldives,large_city,21_30,2017,0.5128343777170055
Maldives,large_city,21_30,2018,0.5131528841972539
Maldives,large_city,21_30,2019,0.5135672896145715
Maldives,large_city,21_30,2020,0.509571442960711
Maldives,large_city,21_30,2025,0.5146733046737219
Maldives,large_city,21_30,2030,0.5162859169657101
Maldives,large_city,21_30,2035,0.5174792129408522
Maldives,large_city,21_30,2040,0.5183400461738349
Maldives,large_city,21_30,2045,0.5189486009946629
Maldives,large_city,21_30,2050,0.5193950468928366
Maldives,large_city,21_30,2055,0.5197492133709412
Maldives,large_city,21_30,2060,0.5200443745516131
Maldives,large_city,21_30,2065,0.5202885784783756
Maldives,large_city,21_30,2070,0.5204763036743759
Maldives,large_city,21_30,2075,0.5206215479965538
Maldives,large_city,21_30,2080,0.520745880350934
Maldives,large_city,21_30,2085,0.5208857535949593
Maldives,large_city,21_30,2090,0.5210308744772769
Maldives,large_city,21_30,2095,0.5211487504127933
Maldives,large_city,21_30,2100,0.5212308082250234
Maldives,large_city,31_50,2011,0.654115841271274
Maldives,large_city,31_50,2012,0.653788321657448
Maldives,large_city,31_50,2013,0.654316395748447
Maldives,large_city,31_50,2014,0.6545702833910229
Maldives,large_city,31_50,2015,0.6543612560144955
Maldives,large_city,31_50,2016,0.6548097398988071
Maldives,large_city,31_50,2017,0.6551059328896581
Maldives,large_city,31_50,2018,0.655512800084879
Maldives,large_city,31_50,2019,0.6560421706951625
Maldives,large_city,31_50,2020,0.6509377881428177
Maldives,large_city,31_50,2025,0.6574550186995031
Maldives,large_city,31_50,2030,0.6595150051704476
Maldives,large_city,31_50,2035,0.6610393477398536
Maldives,large_city,31_50,2040,0.6621389950775888
Maldives,large_city,31_50,2045,0.6629163764134263
Maldives,large_city,31_50,2050,0.6634866762398728
Maldives,large_city,31_50,2055,0.6639390963020181
Maldives,large_city,31_50,2060,0.6643161416972151
Maldives,large_city,31_50,2065,0.6646280931735753
Maldives,large_city,31_50,2070,0.6648678974749175
Maldives,large_city,31_50,2075,0.665053435772098
Maldives,large_city,31_50,2080,0.6652122606608802
Maldives,large_city,31_50,2085,0.6653909378244928
Maldives,large_city,31_50,2090,0.6655763184368763
Maldives,large_city,31_50,2095,0.6657268957539536
Maldives,large_city,31_50,2100,0.6658317182111985
Maldives,large_city,51+,2011,0.7204363200833319
Maldives,large_city,51+,2012,0.7200755934192578
Maldives,large_city,51+,2013,0.72065720867889
Maldives,large_city,51+,2014,0.7209368378628838
Maldives,large_city,51+,2015,0.7207066173049327
Maldives,large_city,51+,2016,0.7212005727465288
Maldives,large_city,51+,2017,0.7215267965969533
Maldives,large_city,51+,2018,0.7219749158541141
Maldives,large_city,51+,2019,0.7225579590864744
Maldives,large_city,51+,2020,0.7169360457336929
Maldives,large_city,51+,2025,0.7241140550451137
Maldives,large_city,51+,2030,0.7263829025166325
Maldives,large_city,51+,2035,0.7280617974186654
Maldives,large_city,51+,2040,0.7292729374513661
Maldives,large_city,51+,2045,0.7301291370930133
Maldives,large_city,51+,2050,0.7307572593343441
Maldives,large_city,51+,2055,0.7312555500408806
Maldives,large_city,51+,2060,0.7316708238805909
Maldives,large_city,51+,2065,0.7320144039615086
Maldives,large_city,51+,2070,0.732278521901327
Maldives,large_city,51+,2075,0.7324828718338947
Maldives,large_city,51+,2080,0.7326577998989138
Maldives,large_city,51+,2085,0.7328545930510041
Maldives,large_city,51+,2090,0.7330587693111918
Maldives,large_city,51+,2095,0.7332246135873256
Maldives,large_city,51+,2100,0.7333400639412152
Maldives,city,No_travel,2011,0.0
Maldives,city,No_travel,2012,0.0
Maldives,city,No_travel,2013,0.0
Maldives,city,No_travel,2014,0.0
Maldives,city,No_travel,2015,0.0
Maldives,city,No_travel,2016,0.0
Maldives,city,No_travel,2017,0.0
Maldives,city,No_travel,2018,0.0
Maldives,city,No_travel,2019,0.0
Maldives,city,No_travel,2020,0.0
Maldives,city,No_travel,2025,0.0
Maldives,city,No_travel,2030,0.0
Maldives,city,No_travel,2035,0.0
Maldives,city,No_travel,2040,0.0
Maldives,city,No_travel,2045,0.0
Maldives,city,No_travel,2050,0.0
Maldives,city,No_travel,2055,0.0
Maldives,city,No_travel,2060,0.0
Maldives,city,No_travel,2065,0.0
Maldives,city,No_travel,2070,0.0
Maldives,city,No_travel,2075,0.0
Maldives,city,No_travel,2080,0.0
Maldives,city,No_travel,2085,0.0
Maldives,city,No_travel,2090,0.0
Maldives,city,No_travel,2095,0.0
Maldives,city,No_travel,2100,0.0
Maldives,city,00_01,2011,0.02898061743012685
Maldives,city,00_01,2012,0.028966106666084346
Maldives,city,00_01,2013,0.028989503000862386
Maldives,city,00_01,2014,0.029000751498720855
Maldives,city,00_01,2015,0.02899149053598405
Maldives,city,00_01,2016,0.029011360624819623
Maldives,city,00_01,2017,0.029024483462108893
Maldives,city,00_01,2018,0.0290425097225747
Maldives,city,00_01,2019,0.02906596349966953
Maldives,city,00_01,2020,0.028839813712991044
Maldives,city,00_01,2025,0.029128559763079293
Maldives,city,00_01,2030,0.029219827511173656
Maldives,city,00_01,2035,0.029287363543859486
Maldives,city,00_01,2040,0.02933608344451351
Maldives,city,00_01,2045,0.029370525342522647
Maldives,city,00_01,2050,0.029395792489483336
Maldives,city,00_01,2055,0.02941583697076858
Maldives,city,00_01,2060,0.029432541975696697
Maldives,city,00_01,2065,0.029446362993049813
Maldives,city,00_01,2070,0.029456987528150187
Maldives,city,00_01,2075,0.029465207806684914
Maldives,city,00_01,2080,0.029472244547044592
Maldives,city,00_01,2085,0.029480160842898385
Maldives,city,00_01,2090,0.02948837413520454
Maldives,city,00_01,2095,0.029495045466709665
Maldives,city,00_01,2100,0.029499689628094895
Maldives,city,02_05,2011,0.11107001729613941
Maldives,city,02_05,2012,0.11101440389117773
Maldives,city,02_05,2013,0.11110407179817552
Maldives,city,02_05,2014,0.11114718236525394
Maldives,city,02_05,2015,0.11111168915004431
Maldives,city,02_05,2016,0.11118784250032968
Maldives,city,02_05,2017,0.11123813658975713
Maldives,city,02_05,2018,0.111307223353231
Maldives,city,02_05,2019,0.11139711141147765
Maldives,city,02_05,2020,0.11053037829999514
Maldives,city,02_05,2025,0.1116370154810289
Maldives,city,02_05,2030,0.1119868047974181
Maldives,city,02_05,2035,0.11224564083970096
Maldives,city,02_05,2040,0.11243236288664683
Maldives,city,02_05,2045,0.11256436360115232
Maldives,city,02_05,2050,0.11266120151210139
Maldives,city,02_05,2055,0.11273802323228772
Maldives,city,02_05,2060,0.1128020462018042
Maldives,city,02_05,2065,0.11285501610971463
Maldives,city,02_05,2070,0.1128957353007466
Maldives,city,02_05,2075,0.11292724002907864
Maldives,city,02_05,2080,0.11295420877380406
Maldives,city,02_05,2085,0.11298454846962049
Maldives,city,02_05,2090,0.11301602642279737
Maldives,city,02_05,2095,0.11304159471537945
Maldives,city,02_05,2100,0.1130593937524989
Maldives,city,06_10,2011,0.1930608768468381
Maldives,city,06_10,2012,0.1929642101406674
Maldives,city,06_10,2013,0.1931200700673284
Maldives,city,06_10,2014,0.19319500445632137
Maldives,city,06_10,2015,0.1931333104778986
Maldives,city,06_10,2016,0.1932656795270698
Maldives,city,06_10,2017,0.19335310024817393
Maldives,city,06_10,2018,0.19347318622150383
Maldives,city,06_10,2019,0.19362942881302955
Maldives,city,06_10,2020,0.1921228813345246
Maldives,city,06_10,2025,0.19404642784800047
Maldives,city,06_10,2030,0.19465442840276495
Maldives,city,06_10,2035,0.1951043348176479
Maldives,city,06_10,2040,0.19542889335277347
Maldives,city,06_10,2045,0.19565833577393463
Maldives,city,06_10,2050,0.19582665853515288
Maldives,city,06_10,2055,0.19596018933870457
Maldives,city,06_10,2060,0.19607147347220963
Maldives,city,06_10,2065,0.19616354527625388
Maldives,city,06_10,2070,0.19623432299751925
Maldives,city,06_10,2075,0.19628908422493843
Maldives,city,06_10,2080,0.19633596104760306
Maldives,city,06_10,2085,0.19638869722627825
Maldives,city,06_10,2090,0.19644341191337036
Maldives,city,06_10,2095,0.19648785448307132
Maldives,city,06_10,2100,0.19651879260478017
Maldives,city,11_20,2011,0.3351409639771932
Maldives,city,11_20,2012,0.33497315694337215
Maldives,city,11_20,2013,0.33524371950850557
Maldives,city,11_20,2014,0.33537380067136113
Maldives,city,11_20,2015,0.33526670398901987
Maldives,city,11_20,2016,0.33549648793833425
Maldives,city,11_20,2017,0.3356482445511755
Maldives,city,11_20,2018,0.3358567058899989
Maldives,city,11_20,2019,0.33612793273612873
Maldives,city,11_20,2020,0.33351266555994097
Maldives,city,11_20,2025,0.33685181559028454
Maldives,city,11_20,2030,0.33790726450023684
Maldives,city,11_20,2035,0.33868827239808774
Maldives,city,11_20,2040,0.33925168463419453
Maldives,city,11_20,2045,0.3396499815624024
Maldives,city,11_20,2050,0.3399421787873157
Maldives,city,11_20,2055,0.3401739794657021
Maldives,city,11_20,2060,0.3403671613904265
Maldives,city,11_20,2065,0.3405269919768533
Maldives,city,11_20,2070,0.3406498574383616
Maldives,city,11_20,2075,0.340744919321668
Maldives,city,11_20,2080,0.34082629439771966
Maldives,city,11_20,2085,0.34091784092981015
Maldives,city,11_20,2090,0.34101282202217464
Maldives,city,11_20,2095,0.3410899713954421
Maldives,city,11_20,2100,0.3411436779366248
Maldives,city,21_30,2011,0.29424500628579375
Maldives,city,21_30,2012,0.2940976760963251
Maldives,city,21_30,2013,0.29433522295640935
Maldives,city,21_30,2014,0.29444943081726843
Maldives,city,21_30,2015,0.2943554027295207
Maldives,city,21_30,2016,0.29455714703080826
Maldives,city,21_30,2017,0.2946903853701907
Maldives,city,21_30,2018,0.29487340897680847
Maldives,city,21_30,2019,0.2951115390582442
Maldives,city,21_30,2020,0.2928154028367444
Maldives,city,21_30,2025,0.29574708928297216
Maldives,city,21_30,2030,0.29667374583804607
Maldives,city,21_30,2035,0.2973594503579747
Maldives,city,21_30,2040,0.2978541115745188
Maldives,city,21_30,2045,0.29820380586659617
Maldives,city,21_30,2050,0.29846034739246935
Maldives,city,21_30,2055,0.29866386232916775
Maldives,city,21_30,2060,0.2988334710095877
Maldives,city,21_30,2065,0.2989737980867367
Maldives,city,21_30,2070,0.29908167075042064
Maldives,city,21_30,2075,0.2991651325991874
Maldives,city,21_30,2080,0.29923657778893736
Maldives,city,21_30,2085,0.29931695325122265
Maldives,city,21_30,2090,0.2994003441676542
Maldives,city,21_30,2095,0.2994680793008132
Maldives,city,21_30,2100,0.2995152322401626
Maldives,city,31_50,2011,0.549248998564658
Maldives,city,31_50,2012,0.5489739863901255
Maldives,city,31_50,2013,0.5494174004574036
Maldives,city,31_50,2014,0.5496305852247404
Maldives,city,31_50,2015,0.5494550687947956
Maldives,city,31_50,2016,0.5498316524345556
Maldives,city,31_50,2017,0.5500803602219875
Maldives,city,31_50,2018,0.5504219990960585
Maldives,city,31_50,2019,0.5508665018266492
Maldives,city,31_50,2020,0.5465804460116462
Maldives,city,31_50,2025,0.5520528442182353
Maldives,city,31_50,2030,0.5537825768356629
Maldives,city,31_50,2035,0.5550625391556223
Maldives,city,31_50,2040,0.5559858927283648
Maldives,city,31_50,2045,0.5566386454875425
Maldives,city,31_50,2050,0.5571175157254938
Maldives,city,31_50,2055,0.5574974045011286
Maldives,city,31_50,2060,0.5578140025601557
Maldives,city,31_50,2065,0.5580759424570073
Maldives,city,31_50,2070,0.5582773017026537
Maldives,city,31_50,2075,0.5584330947862208
Maldives,city,31_50,2080,0.558566457113819
Maldives,city,31_50,2085,0.5587164890301687
Maldives,city,31_50,2090,0.5588721497087222
Maldives,city,31_50,2095,0.5589985867025895
Maldives,city,31_50,2100,0.5590866041851762
Maldives,city,51+,2011,0.742960658692243
Maldives,city,51+,2012,0.7425886539605584
Maldives,city,51+,2013,0.74318845333818
Maldives,city,51+,2014,0.7434768250886568
Maldives,city,51+,2015,0.7432394067178562
Maldives,city,51+,2016,0.7437488056057556
Maldives,city,51+,2017,0.7440852287982517
Maldives,city,51+,2018,0.7445473584399587
Maldives,city,51+,2019,0.7451486304356714
Maldives,city,51+,2020,0.7393509487651941
Maldives,city,51+,2025,0.7467533775121171
Maldives,city,51+,2030,0.749093160175652
Maldives,city,51+,2035,0.7508245454869105
Maldives,city,51+,2040,0.7520735516396816
Maldives,city,51+,2045,0.7529565202407881
Maldives,city,51+,2050,0.7536042806342458
Maldives,city,51+,2055,0.7541181503285246
Maldives,city,51+,2060,0.7545464076454976
Maldives,city,51+,2065,0.7549007297085533
Maldives,city,51+,2070,0.755173105258022
Maldives,city,51+,2075,0.7553838441620332
Maldives,city,51+,2080,0.7555642413280107
Maldives,city,51+,2085,0.7557671871898827
Maldives,city,51+,2090,0.7559777469916718
Maldives,city,51+,2095,0.7561487763654023
Maldives,city,51+,2100,0.7562678362581103
Maldives,town,No_travel,2011,0.0
Maldives,town,No_travel,2012,0.0
Maldives,town,No_travel,2013,0.0
Maldives,town,No_travel,2014,0.0
Maldives,town,No_travel,2015,0.0
Maldives,town,No_travel,2016,0.0
Maldives,town,No_travel,2017,0.0
Maldives,town,No_travel,2018,0.0
Maldives,town,No_travel,2019,0.0
Maldives,town,No_travel,2020,0.0
Maldives,town,No_travel,2025,0.0
Maldives,town,No_travel,2030,0.0
Maldives,town,No_travel,2035,0.0
Maldives,town,No_travel,2040,0.0
Maldives,town,No_travel,2045,0.0
Maldives,town,No_travel,2050,0.0
Maldives,town,No_travel,2055,0.0
Maldives,town,No_travel,2060,0.0
Maldives,town,No_travel,2065,0.0
Maldives,town,No_travel,2070,0.0
Maldives,town,No_travel,2075,0.0
Maldives,town,No_travel,2080,0.0
Maldives,town,No_travel,2085,0.0
Maldives,town,No_travel,2090,0.0
Maldives,town,No_travel,2095,0.0
Maldives,town,No_travel,2100,0.0
Maldives,town,00_01,2011,0.02145716041148525
Maldives,town,00_01,2012,0.0214464166862177
Maldives,town,00_01,2013,0.021463739260851718
Maldives,town,00_01,2014,0.021472067614225116
Maldives,town,00_01,2015,0.0214652108257703
Maldives,town,00_01,2016,0.021479922578705284
Maldives,town,00_01,2017,0.02148963868725434
Maldives,town,00_01,2018,0.02150298527530984
Maldives,town,00_01,2019,0.02152035038005933
Maldives,town,00_01,2020,0.02135290977043522
Maldives,town,00_01,2025,0.021566696461828676
Maldives,town,00_01,2030,0.021634270823071237
Maldives,town,00_01,2035,0.02168427429488784
Maldives,town,00_01,2040,0.02172034636015993
Maldives,town,00_01,2045,0.02174584703599059
Maldives,town,00_01,2050,0.021764554754236526
Maldives,town,00_01,2055,0.02177939562680729
Maldives,town,00_01,2060,0.02179176396130815
Maldives,town,00_01,2065,0.021801997000238764
Maldives,town,00_01,2070,0.021809863373496538
Maldives,town,00_01,2075,0.02181594964255454
Maldives,town,00_01,2080,0.021821159623571527
Maldives,town,00_01,2085,0.02182702082478331
Maldives,town,00_01,2090,0.021833101921259066
Maldives,town,00_01,2095,0.021838041354678962
Maldives,town,00_01,2100,0.021841479877548947
Maldives,town,02_05,2011,0.07259776121809702
Maldives,town,02_05,2012,0.07256141109596488
Maldives,town,02_05,2013,0.07262001997583743
Maldives,town,02_05,2014,0.07264819797320275
Maldives,town,02_05,2015,0.07262499884147144
Maldives,town,02_05,2016,0.07267477431530824
Maldives,town,02_05,2017,0.07270764761796741
Maldives,town,02_05,2018,0.07275280421810221
Maldives,town,02_05,2019,0.07281155699358391
Maldives,town,02_05,2020,0.07224504151984038
Maldives,town,02_05,2025,0.07296836347278068
Maldives,town,02_05,2030,0.07319699332164581
Maldives,town,02_05,2035,0.0733661741469462
Maldives,town,02_05,2040,0.07348821970801052
Maldives,town,02_05,2045,0.07357449822480175
Maldives,town,02_05,2050,0.07363779357405154
Maldives,town,02_05,2055,0.07368800590888516
Maldives,town,02_05,2060,0.07372985270396613
Maldives,town,02_05,2065,0.07376447497935458
Maldives,town,02_05,2070,0.07379108992170802
Maldives,town,02_05,2075,0.07381168209230787
Maldives,town,02_05,2080,0.07382930944609416
Maldives,town,02_05,2085,0.07384914012628968
Maldives,town,02_05,2090,0.07386971479607007
Maldives,town,02_05,2095,0.07388642678410082
Maldives,town,02_05,2100,0.07389806061902914
Maldives,town,06_10,2011,0.1876250866698114
Maldives,town,06_10,2012,0.1875311416954614
Maldives,town,06_10,2013,0.1876826132557575
Maldives,town,06_10,2014,0.18775543780446455
Maldives,town,06_10,2015,0.18769548087151347
Maldives,town,06_10,2016,0.18782412295958836
Maldives,town,06_10,2017,0.18790908227730097
Maldives,town,06_10,2018,0.18802578712979018
Maldives,town,06_10,2019,0.18817763058070222
Maldives,town,06_10,2020,0.18671350120429353
Maldives,town,06_10,2025,0.1885828886596848
Maldives,town,06_10,2030,0.18917377045120118
Maldives,town,06_10,2035,0.18961100937533953
Maldives,town,06_10,2040,0.1899264296939299
Maldives,town,06_10,2045,0.19014941197215834
Maldives,town,06_10,2050,0.19031299546549932
Maldives,town,06_10,2055,0.19044276659779016
Maldives,town,06_10,2060,0.19055091743360358
Maldives,town,06_10,2065,0.19064039687913287
Maldives,town,06_10,2070,0.19070918179456264
Maldives,town,06_10,2075,0.19076240117390286
Maldives,town,06_10,2080,0.1908079581404872
Maldives,town,06_10,2085,0.19085920948802157
Maldives,town,06_10,2090,0.1909123836374165
Maldives,town,06_10,2095,0.19095557488946177
Maldives,town,06_10,2100,0.19098564192252318
Maldives,town,11_20,2011,0.44707804287844377
Maldives,town,11_20,2012,0.4468541882968623
Maldives,town,11_20,2013,0.4472151187562741
Maldives,town,11_20,2014,0.44738864702633296
Maldives,town,11_20,2015,0.4472457800530698
Maldives,town,11_20,2016,0.44755231183935235
Maldives,town,11_20,2017,0.44775475515949364
Maldives,town,11_20,2018,0.44803284258357634
Maldives,town,11_20,2019,0.4483946591938313
Maldives,town,11_20,2020,0.44490589280473114
Maldives,town,11_20,2025,0.44936031891465034
Maldives,town,11_20,2030,0.4507682877508675
Maldives,town,11_20,2035,0.451810152279453
Maldives,town,11_20,2040,0.4525617441972632
Maldives,town,11_20,2045,0.4530930722958474
Maldives,town,11_20,2050,0.45348286339120764
Maldives,town,11_20,2055,0.4537920854940537
Maldives,town,11_20,2060,0.4540497901798681
Maldives,town,11_20,2065,0.45426300418069876
Maldives,town,11_20,2070,0.4544269067052264
Maldives,town,11_20,2075,0.4545537192566871
Maldives,town,11_20,2080,0.45466227360739525
Maldives,town,11_20,2085,0.45478439668036613
Maldives,town,11_20,2090,0.45491110145671115
Maldives,town,11_20,2095,0.4550140187199439
Maldives,town,11_20,2100,0.4550856632453902
Maldives,town,21_30,2011,0.404286557269486
Maldives,town,21_30,2012,0.40408412863413207
Maldives,town,21_30,2013,0.4044105131103408
Maldives,town,21_30,2014,0.40456743235074755
Maldives,town,21_30,2015,0.40443823970152637
Maldives,town,21_30,2016,0.404715432201905
Maldives,town,21_30,2017,0.4048984989264866
Maldives,town,21_30,2018,0.40514996957930255
Maldives,town,21_30,2019,0.4054771553895945
Maldives,town,21_30,2020,0.4023223116771058
Maldives,town,21_30,2025,0.40635038826301
Maldives,town,21_30,2030,0.4076235952178229
Maldives,town,21_30,2035,0.40856573905627025
Maldives,town,21_30,2040,0.4092453933442928
Maldives,town,21_30,2045,0.4097258660742307
Maldives,town,21_30,2050,0.4100783488286575
Maldives,town,21_30,2055,0.41035797414549563
Maldives,town,21_30,2060,0.4105910129669714
Maldives,town,21_30,2065,0.41078381947073644
Maldives,town,21_30,2070,0.41093203428115843
Maldives,town,21_30,2075,0.4110467091363996
Maldives,town,21_30,2080,0.41114487335050837
Maldives,town,21_30,2085,0.4112553075745125
Maldives,town,21_30,2090,0.41136988497019117
Maldives,town,21_30,2095,0.41146295164322233
Maldives,town,21_30,2100,0.41152773880734556
Maldives,town,31_50,2011,0.674170657910804
Maldives,town,31_50,2012,0.6738330967334097
Maldives,town,31_50,2013,0.6743773612732541
Maldives,town,31_50,2014,0.6746390329653785
Maldives,town,31_50,2015,0.6744235969293378
Maldives,town,31_50,2016,0.674885831072393
Maldives,town,31_50,2017,0.6751911051705137
Maldives,town,31_50,2018,0.6756104466806525
Maldives,town,31_50,2019,0.6761560474903192
Maldives,town,31_50,2020,0.6708951674956463
Maldives,town,31_50,2025,0.6776122126043808
Maldives,town,31_50,2030,0.6797353570793792
Maldives,town,31_50,2035,0.681306435117943
Maldives,town,31_50,2040,0.6824397970125424
Maldives,town,31_50,2045,0.6832410124144055
Maldives,town,31_50,2050,0.683828797306535
Maldives,town,31_50,2055,0.6842950883083792
Maldives,town,31_50,2060,0.6846836936992043
Maldives,town,31_50,2065,0.6850052094289646
Maldives,town,31_50,2070,0.685252365992688
Maldives,town,31_50,2075,0.6854435927876771
Maldives,town,31_50,2080,0.6856072871564831
Maldives,town,31_50,2085,0.685791442459483
Maldives,town,31_50,2090,0.6859825067351494
Maldives,town,31_50,2095,0.6861377006664311
Maldives,town,31_50,2100,0.6862457369201125
Maldives,town,51+,2011,0.786647883633353
Maldives,town,51+,2012,0.786254004453537
Maldives,town,51+,2013,0.7868890729534507
Maldives,town,51+,2014,0.7871944014046389
Maldives,town,51+,2015,0.786943022469912
Maldives,town,51+,2016,0.7874823747928152
Maldives,town,51+,2017,0.7878385801844278
Maldives,town,51+,2018,0.7883278837570462
Maldives,town,51+,2019,0.7889645114672509
Maldives,town,51+,2020,0.7828259172325458
Maldives,town,51+,2025,0.7906636201302517
Maldives,town,51+,2030,0.7931409855989314
Maldives,town,51+,2035,0.794974179018961
Maldives,town,51+,2040,0.7962966286469828
Maldives,town,51+,2045,0.7972315171545353
Maldives,town,51+,2050,0.7979173668514923
Maldives,town,51+,2055,0.7984614528710392
Maldives,town,51+,2060,0.7989148923743372
Maldives,town,51+,2065,0.7992900491175192
Maldives,town,51+,2070,0.7995784407665738
Maldives,town,51+,2075,0.7998015714409913
Maldives,town,51+,2080,0.7999925762366954
Maldives,town,51+,2085,0.8002074556261568
Maldives,town,51+,2090,0.8004303966668671
Maldives,town,51+,2095,0.8006114828297888
Maldives,town,51+,2100,0.8007375436265869
Maldives,rural,No_travel,2011,0.0
Maldives,rural,No_travel,2012,0.0
Maldives,rural,No_travel,2013,0.0
Maldives,rural,No_travel,2014,0.0
Maldives,rural,No_travel,2015,0.0
Maldives,rural,No_travel,2016,0.0
Maldives,rural,No_travel,2017,0.0
Maldives,rural,No_travel,2018,0.0
Maldives,rural,No_travel,2019,0.0
Maldives,rural,No_travel,2020,0.0
Maldives,rural,No_travel,2025,0.0
Maldives,rural,No_travel,2030,0.0
Maldives,rural,No_travel,2035,0.0
Maldives,rural,No_travel,2040,0.0
Maldives,rural,No_travel,2045,0.0
Maldives,rural,No_travel,2050,0.0
Maldives,rural,No_travel,2055,0.0
Maldives,rural,No_travel,2060,0.0
Maldives,rural,No_travel,2065,0.0
Maldives,rural,No_travel,2070,0.0
Maldives,rural,No_travel,2075,0.0
Maldives,rural,No_travel,2080,0.0
Maldives,rural,No_travel,2085,0.0
Maldives,rural,No_travel,2090,0.0
Maldives,rural,No_travel,2095,0.0
Maldives,rural,No_travel,2100,0.0
Maldives,rural,00_01,2011,0.02747552116779272
Maldives,rural,00_01,2012,0.027461764014220267
Maldives,rural,00_01,2013,0.027483945270123208
Maldives,rural,00_01,2014,0.027494609581943386
Maldives,rural,00_01,2015,0.027485829583438433
Maldives,rural,00_01,2016,0.02750466772750917
Maldives,rural,00_01,2017,0.027517109035724643
Maldives,rural,00_01,2018,0.027534199109881915
Maldives,rural,00_01,2019,0.027556434824858915
Maldives,rural,00_01,2020,0.027342030032898985
Maldives,rural,00_01,2025,0.02761578017747213
Maldives,rural,00_01,2030,0.027702307973187644
Maldives,rural,00_01,2035,0.027766336550222696
Maldives,rural,00_01,2040,0.027812526203184362
Maldives,rural,00_01,2045,0.027845179375605225
Maldives,rural,00_01,2050,0.02786913428384146
Maldives,rural,00_01,2055,0.027888137763362835
Maldives,rural,00_01,2060,0.02790397520083694
Maldives,rural,00_01,2065,0.02791707842942624
Maldives,rural,00_01,2070,0.027927151183733564
Maldives,rural,00_01,2075,0.027934944545535828
Maldives,rural,00_01,2080,0.027941615835723858
Maldives,rural,00_01,2085,0.027949121002058763
Maldives,rural,00_01,2090,0.027956907740459322
Maldives,rural,00_01,2095,0.027963232599149044
Maldives,rural,00_01,2100,0.027967635567952388
Maldives,rural,02_05,2011,0.08859584964879585
Maldives,rural,02_05,2012,0.0885514891905517
Maldives,rural,02_05,2013,0.08862301348306637
Maldives,rural,02_05,2014,0.08865740095695115
Maldives,rural,02_05,2015,0.088629089522103
Maldives,rural,02_05,2016,0.08868983382498849
Maldives,rural,02_05,2017,0.08872995129047206
Maldives,rural,02_05,2018,0.08878505887628556
Maldives,rural,02_05,2019,0.08885675877412935
Maldives,rural,02_05,2020,0.0881654024720429
Maldives,rural,02_05,2025,0.0890481200919135
Maldives,rural,02_05,2030,0.08932713221811986
Maldives,rural,02_05,2035,0.08953359476889663
Maldives,rural,02_05,2040,0.0896825350391878
Maldives,rural,02_05,2045,0.08978782641971114
Maldives,rural,02_05,2050,0.08986506992077113
Maldives,rural,02_05,2055,0.08992634735402517
Maldives,rural,02_05,2060,0.08997741576582013
Maldives,rural,02_05,2065,0.09001966761840272
Maldives,rural,02_05,2070,0.09005214759287568
Maldives,rural,02_05,2075,0.09007727758063007
Maldives,rural,02_05,2080,0.09009878940633312
Maldives,rural,02_05,2085,0.09012299009698194
Maldives,rural,02_05,2090,0.09014809872732883
Maldives,rural,02_05,2095,0.09016849347165787
Maldives,rural,02_05,2100,0.09018269100988571
Maldives,rural,06_10,2011,0.19302164217733958
Maldives,rural,06_10,2012,0.19292499511619654
Maldives,rural,06_10,2013,0.19308082336832666
Maldives,rural,06_10,2014,0.1931557425288278
Maldives,rural,06_10,2015,0.19309406108812313
Maldives,rural,06_10,2016,0.19322640323668153
Maldives,rural,06_10,2017,0.19331380619176722
Maldives,rural,06_10,2018,0.19343386776070431
Maldives,rural,06_10,2019,0.19359007859993232
Maldives,rural,06_10,2020,0.19208383728854608
Maldives,rural,06_10,2025,0.19400699289054907
Maldives,rural,06_10,2030,0.1946148698848014
Maldives,rural,06_10,2035,0.1950646848677496
Maldives,rural,06_10,2040,0.19538917744468073
Maldives,rural,06_10,2045,0.195618573237557
Maldives,rural,06_10,2050,0.195786861791493
Maldives,rural,06_10,2055,0.19592036545833513
Maldives,rural,06_10,2060,0.19603162697619547
Maldives,rural,06_10,2065,0.196123680069008
Maldives,rural,06_10,2070,0.1961944434065176
Maldives,rural,06_10,2075,0.1962491935051224
Maldives,rural,06_10,2080,0.19629606080127565
Maldives,rural,06_10,2085,0.19634878626267566
Maldives,rural,06_10,2090,0.19640348983041153
Maldives,rural,06_10,2095,0.19644792336830055
Maldives,rural,06_10,2100,0.19647885520263
Maldives,rural,11_20,2011,0.40317189715969404
Maldives,rural,11_20,2012,0.40297002664115317
Maldives,rural,11_20,2013,0.4032955112413964
Maldives,rural,11_20,2014,0.4034519978391278
Maldives,rural,11_20,2015,0.40332316138748475
Maldives,rural,11_20,2016,0.4035995896392942
Maldives,rural,11_20,2017,0.40378215162986564
Maldives,rural,11_20,2018,0.40403292895192294
Maldives,rural,11_20,2019,0.40435921267688785
Maldives,rural,11_20,2020,0.401213067196818
Maldives,rural,11_20,2025,0.40523003795639984
Maldives,rural,11_20,2030,0.40649973454714416
Maldives,rural,11_20,2035,0.40743928079698627
Maldives,rural,11_20,2040,0.4081170612074097
Maldives,rural,11_20,2045,0.4085962092240316
Maldives,rural,11_20,2050,0.40894772014682385
Maldives,rural,11_20,2055,0.4092265745075648
Maldives,rural,11_20,2060,0.40945897081675897
Maldives,rural,11_20,2065,0.409651245732929
Maldives,rural,11_20,2070,0.40979905189969495
Maldives,rural,11_20,2075,0.40991341058442676
Maldives,rural,11_20,2080,0.4100113041495819
Maldives,rural,11_20,2085,0.4101214338949383
Maldives,rural,11_20,2090,0.4102356953888138
Maldives,rural,11_20,2095,0.41032850546734256
Maldives,rural,11_20,2100,0.41039311400651235
Maldives,rural,21_30,2011,0.4275976654157429
Maldives,rural,21_30,2012,0.4273835647726861
Maldives,rural,21_30,2013,0.4277287685335961
Maldives,rural,21_30,2014,0.42789473571615566
Maldives,rural,21_30,2015,0.4277580938362749
Maldives,rural,21_30,2016,0.42805126921868963
Maldives,rural,21_30,2017,0.42824489154582096
Maldives,rural,21_30,2018,0.4285108619624257
Maldives,rural,21_30,2019,0.4288569132622337
Maldives,rural,21_30,2020,0.42552016168849166
Maldives,rural,21_30,2025,0.4297804966248827
Maldives,rural,21_30,2030,0.43112711652030056
Maldives,rural,21_30,2035,0.43212358424489367
Maldives,rural,21_30,2040,0.4328424273071292
Maldives,rural,21_30,2045,0.43335060402961284
Maldives,rural,21_30,2050,0.43372341089192884
Maldives,rural,21_30,2055,0.4340191593666708
Maldives,rural,21_30,2060,0.4342656351750363
Maldives,rural,21_30,2065,0.4344695588756997
Maldives,rural,21_30,2070,0.43462631973202037
Maldives,rural,21_30,2075,0.43474760672388624
Maldives,rural,21_30,2080,0.4348514310732877
Maldives,rural,21_30,2085,0.4349682329196936
Maldives,rural,21_30,2090,0.4350894168324918
Maldives,rural,21_30,2095,0.4351878497172874
Maldives,rural,21_30,2100,0.4352563725005209
Maldives,rural,31_50,2011,0.713065368968106
Maldives,rural,31_50,2012,0.7127083329822121
Maldives,rural,31_50,2013,0.713283997601202
Maldives,rural,31_50,2014,0.7135607658341467
Maldives,rural,31_50,2015,0.7133329007161299
Maldives,rural,31_50,2016,0.7138218023850169
Maldives,rural,31_50,2017,0.7141446885635514
Maldives,rural,31_50,2018,0.7145882230086389
Maldives,rural,31_50,2019,0.7151653009904364
Maldives,rural,31_50,2020,0.7096009067373202
Maldives,rural,31_50,2025,0.7167054761703449
Maldives,rural,31_50,2030,0.7189511105370628
Maldives,rural,31_50,2035,0.7206128282758885
Maldives,rural,31_50,2040,0.7218115768539584
Maldives,rural,31_50,2045,0.7226590165184534
Maldives,rural,31_50,2050,0.7232807122954235
Maldives,rural,31_50,2055,0.7237739048741496
Maldives,rural,31_50,2060,0.724184929950872
Maldives,rural,31_50,2065,0.7245249947842792
Maldives,rural,31_50,2070,0.7247864104721861
Maldives,rural,31_50,2075,0.7249886696531893
Maldives,rural,31_50,2080,0.7251618079885959
Maldives,rural,31_50,2085,0.7253565877042957
Maldives,rural,31_50,2090,0.7255586749898013
Maldives,rural,31_50,2095,0.7257228224746739
Maldives,rural,31_50,2100,0.7258370916292112
Maldives,rural,51+,2011,0.8434383382567929
Maldives,rural,51+,2012,0.8430160237653797
Maldives,rural,51+,2013,0.8436969397525586
Maldives,rural,51+,2014,0.8440243107743978
Maldives,rural,51+,2015,0.8437547840453617
Maldives,rural,51+,2016,0.844333073819515
Maldives,rural,51+,2017,0.8447149947397011
Maldives,rural,51+,2018,0.8452396225951607
Maldives,rural,51+,2019,0.8459222103566674
Maldives,rural,51+,2020,0.8393404527135419
Maldives,rural,51+,2025,0.8477439827367316
Maldives,rural,51+,2030,0.8504001966001784
Maldives,rural,51+,2035,0.8523657337154014
Maldives,rural,51+,2040,0.8537836549224543
Maldives,rural,51+,2045,0.8547860358169703
Maldives,rural,51+,2050,0.8555213990471153
Maldives,rural,51+,2055,0.8561047642575774
Maldives,rural,51+,2060,0.8565909389096914
Maldives,rural,51+,2065,0.8569931793359845
Maldives,rural,51+,2070,0.8573023908374791
Maldives,rural,51+,2075,0.8575416299801251
Maldives,rural,51+,2080,0.8577464239811509
Maldives,rural,51+,2085,0.8579768161539943
Maldives,rural,51+,2090,0.8582158519727109
Maldives,rural,51+,2095,0.8584100112853
Maldives,rural,51+,2100,0.858545172786631
Nepal,large_city,No_travel,2011,0.0
Nepal,large_city,No_travel,2012,0.0
Nepal,large_city,No_travel,2013,0.0
Nepal,large_city,No_travel,2014,0.0
Nepal,large_city,No_travel,2015,0.0
Nepal,large_city,No_travel,2016,0.0
Nepal,large_city,No_travel,2017,0.0
Nepal,large_city,No_travel,2018,0.0
Nepal,large_city,No_travel,2019,0.0
Nepal,large_city,No_travel,2020,0.0
Nepal,large_city,No_travel,2025,0.0
Nepal,large_city,No_travel,2030,0.0
Nepal,large_city,No_travel,2035,0.0
Nepal,large_city,No_travel,2040,0.0
Nepal,large_city,No_travel,2045,0.0
Nepal,large_city,No_travel,2050,0.0
Nepal,large_city,No_travel,2055,0.0
Nepal,large_city,No_travel,2060,0.0
Nepal,large_city,No_travel,2065,0.0
Nepal,large_city,No_travel,2070,0.0
Nepal,large_city,No_travel,2075,0.0
Nepal,large_city,No_travel,2080,0.0
Nepal,large_city,No_travel,2085,0.0
Nepal,large_city,No_travel,2090,0.0
Nepal,large_city,No_travel,2095,0.0
Nepal,large_city,No_travel,2100,0.0
Nepal,large_city,00_01,2011,0.057842438834749
Nepal,large_city,00_01,2012,0.057897273585429225
Nepal,large_city,00_01,2013,0.05793781058535991
Nepal,large_city,00_01,2014,0.058004582241473805
Nepal,large_city,00_01,2015,0.05804390305566651
Nepal,large_city,00_01,2016,0.05803845103740704
Nepal,large_city,00_01,2017,0.058123202556187845
Nepal,large_city,00_01,2018,0.058190436314426316
Nepal,large_city,00_01,2019,0.05824616325551126
Nepal,large_city,00_01,2020,0.058202563411441685
Nepal,large_city,00_01,2025,0.05836195622706865
Nepal,large_city,00_01,2030,0.05853388949705797
Nepal,large_city,00_01,2035,0.058686844105581865
Nepal,large_city,00_01,2040,0.058809637905342375
Nepal,large_city,00_01,2045,0.05889190967920539
Nepal,large_city,00_01,2050,0.05893216834432356
Nepal,large_city,00_01,2055,0.058933427896643756
Nepal,large_city,00_01,2060,0.05889991238254195
Nepal,large_city,00_01,2065,0.05883611333956309
Nepal,large_city,00_01,2070,0.05874693376318136
Nepal,large_city,00_01,2075,0.05863784675752366
Nepal,large_city,00_01,2080,0.05851617737788806
Nepal,large_city,00_01,2085,0.05838621173652551
Nepal,large_city,00_01,2090,0.05825215423828336
Nepal,large_city,00_01,2095,0.058114183447537424
Nepal,large_city,00_01,2100,0.05797579624466853
Nepal,large_city,02_05,2011,0.21148322952951493
Nepal,large_city,02_05,2012,0.21168371606497086
Nepal,large_city,02_05,2013,0.21183192723713928
Nepal,large_city,02_05,2014,0.21207605742529306
Nepal,large_city,02_05,2015,0.212219821985376
Nepal,large_city,02_05,2016,0.21219988834405323
Nepal,large_city,02_05,2017,0.21250975641428627
Nepal,large_city,02_05,2018,0.21275557613786847
Nepal,large_city,02_05,2019,0.2129593246953267
Nepal,large_city,02_05,2020,0.21279991516805624
Nepal,large_city,02_05,2025,0.2133826863667067
Nepal,large_city,02_05,2030,0.2140113079105664
Nepal,large_city,02_05,2035,0.21457053976927953
Nepal,large_city,02_05,2040,0.21501949783299024
Nepal,large_city,02_05,2045,0.21532029947251619
Nepal,large_city,02_05,2050,0.21546749299836426
Nepal,large_city,02_05,2055,0.2154720981671262
Nepal,large_city,02_05,2060,0.21534955891559424
Nepal,large_city,02_05,2065,0.2151162971804069
Nepal,large_city,02_05,2070,0.21479023926858262
Nepal,large_city,02_05,2075,0.214391395915485
Nepal,large_city,02_05,2080,0.21394654895089382
Nepal,large_city,02_05,2085,0.2134713692365365
Nepal,large_city,02_05,2090,0.21298122889594864
Nepal,large_city,02_05,2095,0.21247678079528934
Nepal,large_city,02_05,2100,0.21197081021075223
Nepal,large_city,06_10,2011,0.3458702568351818
Nepal,large_city,06_10,2012,0.34619814254822107
Nepal,large_city,06_10,2013,0.34644053451612217
Nepal,large_city,06_10,2014,0.34683979724284436
Nepal,large_city,06_10,2015,0.3470749169988189
Nepal,large_city,06_10,2016,0.34704231652425976
Nepal,large_city,06_10,2017,0.3475490902730574
Nepal,large_city,06_10,2018,0.3479511161505688
Nepal,large_city,06_10,2019,0.3482843367376321
Nepal,large_city,06_10,2020,0.3480236304193975
Nepal,large_city,06_10,2025,0.3489767236013098
Nepal,large_city,06_10,2030,0.3500048027322678
Nepal,large_city,06_10,2035,0.3509193984996666
Nepal,large_city,06_10,2040,0.35165364698428303
Nepal,large_city,06_10,2045,0.3521455930385907
Nepal,large_city,06_10,2050,0.3523863206967734
Nepal,large_city,06_10,2055,0.3523938522202233
Nepal,large_city,06_10,2060,0.35219344539603187
Nepal,large_city,06_10,2065,0.3518119574811814
Nepal,large_city,06_10,2070,0.3512787060552565
Nepal,large_city,06_10,2075,0.3506264176762689
Nepal,large_city,06_10,2080,0.34989889268888436
Nepal,large_city,06_10,2085,0.34912176000458944
Nepal,large_city,06_10,2090,0.34832015996348187
Nepal,large_city,06_10,2095,0.34749516029554983
Nepal,large_city,06_10,2100,0.3466676706812943
Nepal,large_city,11_20,2011,0.499426097052528
Nepal,large_city,11_20,2012,0.4998995540171161
Nepal,large_city,11_20,2013,0.5002495606224642
Nepal,large_city,11_20,2014,0.500826083816826
Nepal,large_city,11_20,2015,0.501165589570055
Nepal,large_city,11_20,2016,0.5011185154795561
Nepal,large_city,11_20,2017,0.5018502813092247
Nepal,large_city,11_20,2018,0.502430794409012
Nepal,large_city,11_20,2019,0.5029119547689035
Nepal,large_city,11_20,2020,0.5025355028005144
Nepal,large_city,11_20,2025,0.5039117402726966
Nepal,large_city,11_20,2030,0.5053962551671941
Nepal,large_city,11_20,2035,0.5067169035475213
Nepal,large_city,11_20,2040,0.5077771359545926
Nepal,large_city,11_20,2045,0.508487491045867
Nepal,large_city,11_20,2050,0.5088350944387661
Nepal,large_city,11_20,2055,0.5088459697288122
Nepal,large_city,11_20,2060,0.5085565883898546
Nepal,large_city,11_20,2065,0.5080057314814582
Nepal,large_city,11_20,2070,0.5072357326939526
Nepal,large_city,11_20,2075,0.5062938481784947
Nepal,large_city,11_20,2080,0.5052433242962667
Nepal,large_city,11_20,2085,0.5041211684134198
Nepal,large_city,11_20,2090,0.5029636824139277
Nepal,large_city,11_20,2095,0.5017724080673125
Nepal,large_city,11_20,2100,0.5005775383141841
Nepal,large_city,21_30,2011,0.512059307619934
Nepal,large_city,21_30,2012,0.5125447408940573
Nepal,large_city,21_30,2013,0.5129036010758833
Nepal,large_city,21_30,2014,0.5134947076869997
Nepal,large_city,21_30,2015,0.5138428013928701
Nepal,large_city,21_30,2016,0.5137945365418141
Nepal,large_city,21_30,2017,0.514544812721396
Nepal,large_city,21_30,2018,0.5151400101644124
Nepal,large_city,21_30,2019,0.5156333416947315
Nepal,large_city,21_30,2020,0.5152473672023629
Nepal,large_city,21_30,2025,0.516658417228153
Nepal,large_city,21_30,2030,0.5181804836029662
Nepal,large_city,21_30,2035,0.5195345383855071
Nepal,large_city,21_30,2040,0.5206215898541533
Nepal,large_city,21_30,2045,0.5213499137009626
Nepal,large_city,21_30,2050,0.5217063098799862
Nepal,large_city,21_30,2055,0.5217174602654469
Nepal,large_city,21_30,2060,0.5214207588937338
Nepal,large_city,21_30,2065,0.5208559678089751
Nepal,large_city,21_30,2070,0.5200664915514762
Nepal,large_city,21_30,2075,0.5191007816382583
Nepal,large_city,21_30,2080,0.5180236842760129
Nepal,large_city,21_30,2085,0.516873142949071
Nepal,large_city,21_30,2090,0.5156863778140938
Nepal,large_city,21_30,2095,0.5144649696403655
Nepal,large_city,21_30,2100,0.5132398751126788
Nepal,large_city,31_50,2011,0.654115841271274
Nepal,large_city,31_50,2012,0.6547359444307305
Nepal,large_city,31_50,2013,0.6551943603334214
Nepal,large_city,31_50,2014,0.6559494529417533
Nepal,large_city,31_50,2015,0.656394115510851
Nepal,large_city,31_50,2016,0.6563324609267384
Nepal,large_city,31_50,2017,0.6572908802486604
Nepal,large_city,31_50,2018,0.658051198575791
Nepal,large_city,31_50,2019,0.6586813911417269
Nepal,large_city,31_50,2020,0.6581883388213648
Nepal,large_city,31_50,2025,0.6599908452126374
Nepal,large_city,31_50,2030,0.6619351663340701
Nepal,large_city,31_50,2035,0.6636648657458941
Nepal,large_city,31_50,2040,0.6650534892419178
Nepal,large_city,31_50,2045,0.6659838661703013
Nepal,large_city,31_50,2050,0.6664391345015254
Nepal,large_city,31_50,2055,0.6664533782495787
Nepal,large_city,31_50,2060,0.6660743653804122
Nepal,large_city,31_50,2065,0.6653528888052346
Nepal,large_city,31_50,2070,0.664344394440123
Nepal,large_city,31_50,2075,0.6631107753204071
Nepal,large_city,31_50,2080,0.6617348674192091
Nepal,large_city,31_50,2085,0.6602651405793865
Nepal,large_city,31_50,2090,0.6587491406490947
Nepal,large_city,31_50,2095,0.6571888869378452
Nepal,large_city,31_50,2100,0.6556239241968311
Nepal,large_city,51+,2011,0.7204363200833319
Nepal,large_city,51+,2012,0.72111929519276
Nepal,large_city,51+,2013,0.7216241896551238
Nepal,large_city,51+,2014,0.7224558407263034
Nepal,large_city,51+,2015,0.7229455874114424
Nepal,large_city,51+,2016,0.7228776816998056
Nepal,large_city,51+,2017,0.7239332746786279
Nepal,large_city,51+,2018,0.7247706813016279
Nepal,large_city,51+,2019,0.7254647687774247
Nepal,large_city,51+,2020,0.7249217261282821
Nepal,large_city,51+,2025,0.7269069877433063
Nepal,large_city,51+,2030,0.729048442613231
Nepal,large_city,51+,2035,0.7309535153854833
Nepal,large_city,51+,2040,0.7324829307249928
Nepal,large_city,51+,2045,0.7335076381059857
Nepal,large_city,51+,2050,0.7340090658661821
Nepal,large_city,51+,2055,0.7340247537807444
Nepal,large_city,51+,2060,0.7336073129858603
Nepal,large_city,51+,2065,0.7328126862606658
Nepal,large_city,51+,2070,0.7317019411550073
Nepal,large_city,51+,2075,0.7303432460081885
Nepal,large_city,51+,2080,0.72882783549132
Nepal,large_city,51+,2085,0.7272090937804457
Nepal,large_city,51+,2090,0.7255393873735448
Nepal,large_city,51+,2095,0.7238209403169129
Nepal,large_city,51+,2100,0.7220973067843379
Nepal,city,No_travel,2011,0.0
Nepal,city,No_travel,2012,0.0
Nepal,city,No_travel,2013,0.0
Nepal,city,No_travel,2014,0.0
Nepal,city,No_travel,2015,0.0
Nepal,city,No_travel,2016,0.0
Nepal,city,No_travel,2017,0.0
Nepal,city,No_travel,2018,0.0
Nepal,city,No_travel,2019,0.0
Nepal,city,No_travel,2020,0.0
Nepal,city,No_travel,2025,0.0
Nepal,city,No_travel,2030,0.0
Nepal,city,No_travel,2035,0.0
Nepal,city,No_travel,2040,0.0
Nepal,city,No_travel,2045,0.0
Nepal,city,No_travel,2050,0.0
Nepal,city,No_travel,2055,0.0
Nepal,city,No_travel,2060,0.0
Nepal,city,No_travel,2065,0.0
Nepal,city,No_travel,2070,0.0
Nepal,city,No_travel,2075,0.0
Nepal,city,No_travel,2080,0.0
Nepal,city,No_travel,2085,0.0
Nepal,city,No_travel,2090,0.0
Nepal,city,No_travel,2095,0.0
Nepal,city,No_travel,2100,0.0
Nepal,city,00_01,2011,0.02898061743012685
Nepal,city,00_01,2012,0.029008091114904908
Nepal,city,00_01,2013,0.029028401242043783
Nepal,city,00_01,2014,0.029061855637466858
Nepal,city,00_01,2015,0.029081556422843758
Nepal,city,00_01,2016,0.029078824815073016
Nepal,city,00_01,2017,0.029121287605230008
Nepal,city,00_01,2018,0.029154973526244948
Nepal,city,00_01,2019,0.029182894222409713
Nepal,city,00_01,2020,0.029161049527987273
Nepal,city,00_01,2025,0.0292409096152148
Nepal,city,00_01,2030,0.029327052807332034
Nepal,city,00_01,2035,0.0294036871796563
Nepal,city,00_01,2040,0.02946521017566651
Nepal,city,00_01,2045,0.029506430546931174
Nepal,city,00_01,2050,0.029526601220843635
Nepal,city,00_01,2055,0.02952723229042957
Nepal,city,00_01,2060,0.02951044011652187
Nepal,city,00_01,2065,0.029478475080222815
Nepal,city,00_01,2070,0.029433793714122688
Nepal,city,00_01,2075,0.02937913819057888
Nepal,city,00_01,2080,0.029318178559290618
Nepal,city,00_01,2085,0.02925306227776332
Nepal,city,00_01,2090,0.029185895865895813
Nepal,city,00_01,2095,0.029116768789242575
Nepal,city,00_01,2100,0.029047433078917037
Nepal,city,02_05,2011,0.11107001729613941
Nepal,city,02_05,2012,0.11117531190039844
Nepal,city,02_05,2013,0.11125315172482732
Nepal,city,02_05,2014,0.11138136777430355
Nepal,city,02_05,2015,0.11145687225856223
Nepal,city,02_05,2016,0.11144640320202559
Nepal,city,02_05,2017,0.1116091444841446
Nepal,city,02_05,2018,0.11173824786983977
Nepal,city,02_05,2019,0.1118452556730178
Nepal,city,02_05,2020,0.11176153452410925
Nepal,city,02_05,2025,0.11206760327129929
Nepal,city,02_05,2030,0.11239775240844153
Nepal,city,02_05,2035,0.11269145840280337
Nepal,city,02_05,2040,0.11292724910834784
Nepal,city,02_05,2045,0.11308522874285211
Nepal,city,02_05,2050,0.11316253410412447
Nepal,city,02_05,2055,0.11316495271753026
Nepal,city,02_05,2060,0.11310059566748241
Nepal,city,02_05,2065,0.11297808767940495
Nepal,city,02_05,2070,0.11280684356711088
Nepal,city,02_05,2075,0.1125973728765717
Nepal,city,02_05,2080,0.11236374130133428
Nepal,city,02_05,2085,0.11211417910574148
Nepal,city,02_05,2090,0.11185675965821487
Nepal,city,02_05,2095,0.11159182584105178
Nepal,city,02_05,2100,0.1113260924223741
Nepal,city,06_10,2011,0.1930608768468381
Nepal,city,06_10,2012,0.19324389895415703
Nepal,city,06_10,2013,0.1933791994170873
Nepal,city,06_10,2014,0.1936020633684966
Nepal,city,06_10,2015,0.19373330456474117
Nepal,city,06_10,2016,0.19371510734749098
Nepal,city,06_10,2017,0.19399798273897761
Nepal,city,06_10,2018,0.19422238904999628
Nepal,city,06_10,2019,0.1944083890238319
Nepal,city,06_10,2020,0.19426286569708376
Nepal,city,06_10,2025,0.19479487156281053
Nepal,city,06_10,2030,0.19536873373964775
Nepal,city,06_10,2035,0.19587925078274393
Nepal,city,06_10,2040,0.19628910000644018
Nepal,city,06_10,2045,0.1965636987460804
Nepal,city,06_10,2050,0.19669807021009494
Nepal,city,06_10,2055,0.19670227422154862
Nepal,city,06_10,2060,0.1965904093923537
Nepal,city,06_10,2065,0.1963774671404774
Nepal,city,06_10,2070,0.19607981220821785
Nepal,city,06_10,2075,0.19571571219118641
Nepal,city,06_10,2080,0.19530961594782142
Nepal,city,06_10,2085,0.19487582924748711
Nepal,city,06_10,2090,0.19442838514450828
Nepal,city,06_10,2095,0.193967879633723
Nepal,city,06_10,2100,0.1935059842629801
Nepal,city,11_20,2011,0.3351409639771932
Nepal,city,11_20,2012,0.3354586782985917
Nepal,city,11_20,2013,0.3356935509890799
Nepal,city,11_20,2014,0.33608042812716693
Nepal,city,11_20,2015,0.33630825419810007
Nepal,city,11_20,2016,0.3362766650277278
Nepal,city,11_20,2017,0.33676771807242867
Nepal,city,11_20,2018,0.33715727264519185
Nepal,city,11_20,2019,0.33748015634669115
Nepal,city,11_20,2020,0.33722753743806455
Nepal,city,11_20,2025,0.33815106457413285
Nepal,city,11_20,2030,0.3391472515089298
Nepal,city,11_20,2035,0.3400334754645259
Nepal,city,11_20,2040,0.34074494671731537
Nepal,city,11_20,2045,0.34122163203965006
Nepal,city,11_20,2050,0.3414548920492199
Nepal,city,11_20,2055,0.3414621899361568
Nepal,city,11_20,2060,0.3412679999619691
Nepal,city,11_20,2065,0.3408983462406618
Nepal,city,11_20,2070,0.34038163688680767
Nepal,city,11_20,2075,0.3397495832429778
Nepal,city,11_20,2080,0.33904462691680914
Nepal,city,11_20,2085,0.3382916017814998
Nepal,city,11_20,2090,0.3375148682949053
Nepal,city,11_20,2095,0.33671546106480227
Nepal,city,11_20,2100,0.3359136411293724
Nepal,city,21_30,2011,0.29424500628579375
Nepal,city,21_30,2012,0.29452395115540203
Nepal,city,21_30,2013,0.29473016323842793
Nepal,city,21_30,2014,0.29506983125327557
Nepal,city,21_30,2015,0.2952698565885203
Nepal,city,21_30,2016,0.29524212212262735
Nepal,city,21_30,2017,0.2956732538604787
Nepal,city,21_30,2018,0.2960152725929878
Nepal,city,21_30,2019,0.29629875604320466
Nepal,city,21_30,2020,0.29607696324451294
Nepal,city,21_30,2025,0.2968877959303556
Nepal,city,21_30,2030,0.29776242202026293
Nepal,city,21_30,2035,0.2985405034887006
Nepal,city,21_30,2040,0.29916515665184973
Nepal,city,21_30,2045,0.29958367390501445
Nepal,city,21_30,2050,0.2997884700963472
Nepal,city,21_30,2055,0.29979487745032185
Nepal,city,21_30,2060,0.2996243837288221
Nepal,city,21_30,2065,0.2992998374237126
Nepal,city,21_30,2070,0.2988461801170424
Nepal,city,21_30,2075,0.29829125353870173
Nepal,city,21_30,2080,0.2976723203108351
Nepal,city,21_30,2085,0.29701118392499026
Nepal,city,21_30,2090,0.296329232226418
Nepal,city,21_30,2095,0.2956273735737032
Nepal,city,21_30,2100,0.2949233966287759
Nepal,city,31_50,2011,0.549248998564658
Nepal,city,31_50,2012,0.5497696877420922
Nepal,city,31_50,2013,0.5501546111143649
Nepal,city,31_50,2014,0.5507886484404506
Nepal,city,31_50,2015,0.5511620233923573
Nepal,city,31_50,2016,0.5511102531760681
Nepal,city,31_50,2017,0.5519150201906502
Nepal,city,31_50,2018,0.5525534454563572
Nepal,city,31_50,2019,0.5530826065221869
Nepal,city,31_50,2020,0.5526685995892979
Nepal,city,31_50,2025,0.5541821309362666
Nepal,city,31_50,2030,0.5558147414946037
Nepal,city,31_50,2035,0.557267138164765
Nepal,city,31_50,2040,0.5584331396838416
Nepal,city,31_50,2045,0.5592143600181622
Nepal,city,31_50,2050,0.5595966404327705
Nepal,city,31_50,2055,0.5596086006451066
Nepal,city,31_50,2060,0.559290350534502
Nepal,city,31_50,2065,0.5586845399709878
Nepal,city,31_50,2070,0.5578377258669003
Nepal,city,31_50,2075,0.5568018786616141
Nepal,city,31_50,2080,0.5556465541928144
Nepal,city,31_50,2085,0.5544124516929159
Nepal,city,31_50,2090,0.5531394945330363
Nepal,city,31_50,2095,0.5518293782901014
Nepal,city,31_50,2100,0.55051530796179
Nepal,city,51+,2011,0.742960658692243
Nepal,city,51+,2012,0.7436649869208815
Nepal,city,51+,2013,0.74418566683647
Nepal,city,51+,2014,0.7450433193595608
Nepal,city,51+,2015,0.7455483779048339
Nepal,city,51+,2016,0.7454783491308254
Nepal,city,51+,2017,0.7465669450733037
Nepal,city,51+,2018,0.7474305330947202
Nepal,city,51+,2019,0.7481463211162741
Nepal,city,51+,2020,0.7475863003162978
Nepal,city,51+,2025,0.7496336308520546
Nepal,city,51+,2030,0.7518420380025088
Nepal,city,51+,2035,0.753806672602782
Nepal,city,51+,2040,0.755383904894353
Nepal,city,51+,2045,0.756440649605199
Nepal,city,51+,2050,0.756957754432672
Nepal,city,51+,2055,0.7569739328276416
Nepal,city,51+,2060,0.7565434408059508
Nepal,city,51+,2065,0.7557239701897321
Nepal,city,51+,2070,0.7545784977970525
Nepal,city,51+,2075,0.7531773232406035
Nepal,city,51+,2080,0.7516145336304525
Nepal,city,51+,2085,0.7499451821912793
Nepal,city,51+,2090,0.7482232726521402
Nepal,city,51+,2095,0.7464510985938204
Nepal,city,51+,2100,0.7446735759051283
Nepal,town,No_travel,2011,0.0
Nepal,town,No_travel,2012,0.0
Nepal,town,No_travel,2013,0.0
Nepal,town,No_travel,2014,0.0
Nepal,town,No_travel,2015,0.0
Nepal,town,No_travel,2016,0.0
Nepal,town,No_travel,2017,0.0
Nepal,town,No_travel,2018,0.0
Nepal,town,No_travel,2019,0.0
Nepal,town,No_travel,2020,0.0
Nepal,town,No_travel,2025,0.0
Nepal,town,No_travel,2030,0.0
Nepal,town,No_travel,2035,0.0
Nepal,town,No_travel,2040,0.0
Nepal,town,No_travel,2045,0.0
Nepal,town,No_travel,2050,0.0
Nepal,town,No_travel,2055,0.0
Nepal,town,No_travel,2060,0.0
Nepal,town,No_travel,2065,0.0
Nepal,town,No_travel,2070,0.0
Nepal,town,No_travel,2075,0.0
Nepal,town,No_travel,2080,0.0
Nepal,town,No_travel,2085,0.0
Nepal,town,No_travel,2090,0.0
Nepal,town,No_travel,2095,0.0
Nepal,town,No_travel,2100,0.0
Nepal,town,00_01,2011,0.02145716041148525
Nepal,town,00_01,2012,0.02147750184357512
Nepal,town,00_01,2013,0.021492539399522545
Nepal,town,00_01,2014,0.021517308931462052
Nepal,town,00_01,2015,0.021531895332634617
Nepal,town,00_01,2016,0.02152987285860488
Nepal,town,00_01,2017,0.021561312178423192
Nepal,town,00_01,2018,0.02158625313120202
Nepal,town,00_01,2019,0.021606925529153935
Nepal,town,00_01,2020,0.021590751784288344
Nepal,town,00_01,2025,0.021649879948353438
Nepal,town,00_01,2030,0.02171366010404106
Nepal,town,00_01,2035,0.021770399958668377
Nepal,town,00_01,2040,0.021815951396541258
Nepal,town,00_01,2045,0.021846470833215767
Nepal,town,00_01,2050,0.021861405138421337
Nepal,town,00_01,2055,0.021861872380410534
Nepal,town,00_01,2060,0.021849439506264088
Nepal,town,00_01,2065,0.02182577269125984
Nepal,town,00_01,2070,0.02179269074460614
Nepal,town,00_01,2075,0.021752223962320336
Nepal,town,00_01,2080,0.02170708963796265
Nepal,town,00_01,2085,0.02165887774249495
Nepal,town,00_01,2090,0.021609147936800518
Nepal,town,00_01,2095,0.02155796646090195
Nepal,town,00_01,2100,0.021506630513271216
Nepal,town,02_05,2011,0.07259776121809702
Nepal,town,02_05,2012,0.07266658404466748
Nepal,town,02_05,2013,0.07271746183441412
Nepal,town,02_05,2014,0.07280126661243431
Nepal,town,02_05,2015,0.07285061797342755
Nepal,town,02_05,2016,0.0728437751720566
Nepal,town,02_05,2017,0.07295014638750444
Nepal,town,02_05,2018,0.07303453114763422
Nepal,town,02_05,2019,0.07310447375800476
Nepal,town,02_05,2020,0.0730497518076051
Nepal,town,02_05,2025,0.07324980494854935
Nepal,town,02_05,2030,0.07346559755224283
Nepal,town,02_05,2035,0.07365757013103656
Nepal,town,02_05,2040,0.07381168802671423
Nepal,town,02_05,2045,0.07391494692648089
Nepal,town,02_05,2050,0.07396547537956978
Nepal,town,02_05,2055,0.07396705623750774
Nepal,town,02_05,2060,0.07392499108017894
Nepal,town,02_05,2065,0.07384491721432149
Nepal,town,02_05,2070,0.07373298836550188
Nepal,town,02_05,2075,0.07359607379985986
Nepal,town,02_05,2080,0.07344336715836478
Nepal,town,02_05,2085,0.07328024791947599
Nepal,town,02_05,2090,0.07311199301109145
Nepal,town,02_05,2095,0.07293882654848324
Nepal,town,02_05,2100,0.07276513744906234
Nepal,town,06_10,2011,0.1876250866698114
Nepal,town,06_10,2012,0.18780295563689087
Nepal,town,06_10,2013,0.187934446602323
Nepal,town,06_10,2014,0.18815103563310795
Nepal,town,06_10,2015,0.188278581623897
Nepal,town,06_10,2016,0.1882608967644916
Nepal,town,06_10,2017,0.18853580756315405
Nepal,town,06_10,2018,0.18875389552712582
Nepal,town,06_10,2019,0.18893465851640395
Nepal,town,06_10,2020,0.18879323252042
Nepal,town,06_10,2025,0.1893102593168176
Nepal,town,06_10,2030,0.18986796392493988
Nepal,town,06_10,2035,0.1903641069344494
Nepal,town,06_10,2040,0.19076241651106324
Nepal,town,06_10,2045,0.1910292836939223
Nepal,town,06_10,2050,0.19115987181717878
Nepal,town,06_10,2055,0.19116395746118
Nepal,town,06_10,2060,0.19105524227964868
Nepal,town,06_10,2065,0.19084829559466263
Nepal,town,06_10,2070,0.19055902138553737
Nepal,town,06_10,2075,0.190205172908478
Nepal,town,06_10,2080,0.18981051064390075
Nepal,town,06_10,2085,0.18938893757028935
Nepal,town,06_10,2090,0.1889540916296076
Nepal,town,06_10,2095,0.18850655203596142
Nepal,town,06_10,2100,0.1880576617150251
Nepal,town,11_20,2011,0.44707804287844377
Nepal,town,11_20,2012,0.4475018737802818
Nepal,town,11_20,2013,0.4478151939472435
Nepal,town,11_20,2014,0.448331288045911
Nepal,town,11_20,2015,0.44863520802245077
Nepal,town,11_20,2016,0.44859306806946325
Nepal,town,11_20,2017,0.44924813282660025
Nepal,town,11_20,2018,0.44976779862310123
Nepal,town,11_20,2019,0.4501985254779463
Nepal,town,11_20,2020,0.44986153185615035
Nepal,town,11_20,2025,0.45109351704721357
Nepal,town,11_20,2030,0.4524224304091159
Nepal,town,11_20,2035,0.4536046531577705
Nepal,town,11_20,2040,0.4545537558024805
Nepal,town,11_20,2045,0.4551896540181124
Nepal,town,11_20,2050,0.4555008228687438
Nepal,town,11_20,2055,0.45551055824985087
Nepal,town,11_20,2060,0.4552515088260617
Nepal,town,11_20,2065,0.4547583907652207
Nepal,town,11_20,2070,0.4540691004919081
Nepal,town,11_20,2075,0.4532259409368235
Nepal,town,11_20,2080,0.45228552920416604
Nepal,town,11_20,2085,0.4512809936805549
Nepal,town,11_20,2090,0.4502448312165463
Nepal,town,11_20,2095,0.4491784219789049
Nepal,town,11_20,2100,0.4481087941923795
Nepal,town,21_30,2011,0.404286557269486
Nepal,town,21_30,2012,0.4046698217551791
Nepal,town,21_30,2013,0.4049531528953275
Nepal,town,21_30,2014,0.4054198497275719
Nepal,town,21_30,2015,0.40569468040413476
Nepal,town,21_30,2016,0.40565657382120546
Nepal,town,21_30,2017,0.4062489399185123
Nepal,town,21_30,2018,0.40671886658823964
Nepal,town,21_30,2019,0.40710836698988695
Nepal,town,21_30,2020,0.4068036282684313
Nepal,town,21_30,2025,0.40791769562073327
Nepal,town,21_30,2030,0.4091194137917573
Nepal,town,21_30,2035,0.4101884816482371
Nepal,town,21_30,2040,0.41104674218426057
Nepal,town,21_30,2045,0.41162177624032026
Nepal,town,21_30,2050,0.41190316197454546
Nepal,town,21_30,2055,0.4119119655464814
Nepal,town,21_30,2060,0.4116777106968536
Nepal,town,21_30,2065,0.41123179078125843
Nepal,town,21_30,2070,0.4106084750179463
Nepal,town,21_30,2075,0.40984601736836157
Nepal,town,21_30,2080,0.4089956159051985
Nepal,town,21_30,2085,0.40808722817521537
Nepal,town,21_30,2090,0.40715024063574945
Nepal,town,21_30,2095,0.4061859013527227
Nepal,town,21_30,2100,0.4052186515799761
Nepal,town,31_50,2011,0.674170657910804
Nepal,town,31_50,2012,0.6748097730775776
Nepal,town,31_50,2013,0.6752822437490007
Nepal,town,31_50,2014,0.6760604870637527
Nepal,town,31_50,2015,0.6765187827322603
Nepal,town,31_50,2016,0.67645523785395
Nepal,town,31_50,2017,0.6774430417627483
Nepal,town,31_50,2018,0.6782266710138409
Nepal,town,31_50,2019,0.6788761849225116
Nepal,town,31_50,2020,0.6783680159007113
Nepal,town,31_50,2025,0.6802257861044277
Nepal,town,31_50,2030,0.6822297189966179
Nepal,town,31_50,2035,0.6840124500006415
Nepal,town,31_50,2040,0.6854436478968509
Nepal,town,31_50,2045,0.6864025496484035
Nepal,town,31_50,2050,0.6868717762456233
Nepal,town,31_50,2055,0.686886456698825
Nepal,town,31_50,2060,0.6864958235124065
Nepal,town,31_50,2065,0.6857522268791106
Nepal,town,31_50,2070,0.6847128126550106
Nepal,town,31_50,2075,0.6834413714804107
Nepal,town,31_50,2080,0.6820232790318735
Nepal,town,31_50,2085,0.6805084912098471
Nepal,town,31_50,2090,0.6789460115909294
Nepal,town,31_50,2095,0.6773379213955039
Nepal,town,31_50,2100,0.6757249777941613
Nepal,town,51+,2011,0.786647883633353
Nepal,town,51+,2012,0.7873936274408608
Nepal,town,51+,2013,0.7879449241331635
Nepal,town,51+,2014,0.7888530079385292
Nepal,town,51+,2015,0.7893877647000102
Nepal,town,51+,2016,0.7893136181268064
Nepal,town,51+,2017,0.7904662251784229
Nepal,town,51+,2018,0.791380593498509
Nepal,town,51+,2019,0.792138470952312
Nepal,town,51+,2020,0.7915455200713496
Nepal,town,51+,2025,0.7937132367791034
Nepal,town,51+,2030,0.7960515016532672
Nepal,town,51+,2035,0.7981316597778414
Nepal,town,51+,2040,0.7998016357444646
Nepal,town,51+,2045,0.800920518663233
Nepal,town,51+,2050,0.801468030046762
Nepal,town,51+,2055,0.801485159756141
Nepal,town,51+,2060,0.8010293541440644
Nepal,town,51+,2065,0.8001616974001894
Nepal,town,51+,2070,0.7989488694759653
Nepal,town,51+,2075,0.7974653037090085
Nepal,town,51+,2080,0.7958106196755989
Nepal,town,51+,2085,0.7940431078143687
Nepal,town,51+,2090,0.7922199473563761
Nepal,town,51+,2095,0.7903435667484702
Nepal,town,51+,2100,0.7884615230025319
Nepal,rural,No_travel,2011,0.0
Nepal,rural,No_travel,2012,0.0
Nepal,rural,No_travel,2013,0.0
Nepal,rural,No_travel,2014,0.0
Nepal,rural,No_travel,2015,0.0
Nepal,rural,No_travel,2016,0.0
Nepal,rural,No_travel,2017,0.0
Nepal,rural,No_travel,2018,0.0
Nepal,rural,No_travel,2019,0.0
Nepal,rural,No_travel,2020,0.0
Nepal,rural,No_travel,2025,0.0
Nepal,rural,No_travel,2030,0.0
Nepal,rural,No_travel,2035,0.0
Nepal,rural,No_travel,2040,0.0
Nepal,rural,No_travel,2045,0.0
Nepal,rural,No_travel,2050,0.0
Nepal,rural,No_travel,2055,0.0
Nepal,rural,No_travel,2060,0.0
Nepal,rural,No_travel,2065,0.0
Nepal,rural,No_travel,2070,0.0
Nepal,rural,No_travel,2075,0.0
Nepal,rural,No_travel,2080,0.0
Nepal,rural,No_travel,2085,0.0
Nepal,rural,No_travel,2090,0.0
Nepal,rural,No_travel,2095,0.0
Nepal,rural,No_travel,2100,0.0
Nepal,rural,00_01,2011,0.02747552116779272
Nepal,rural,00_01,2012,0.02750156801822635
Nepal,rural,00_01,2013,0.027520823347394894
Nepal,rural,00_01,2014,0.027552540302764068
Nepal,rural,00_01,2015,0.02757121793608055
Nepal,rural,00_01,2016,0.02756862819321851
Nepal,rural,00_01,2017,0.027608885696103494
Nepal,rural,00_01,2018,0.027640822152879614
Nepal,rural,00_01,2019,0.027667292799350283
Nepal,rural,00_01,2020,0.02764658260000913
Nepal,rural,00_01,2025,0.027722295186960455
Nepal,rural,00_01,2030,0.027803964568373217
Nepal,rural,00_01,2035,0.027876618966577553
Nepal,rural,00_01,2040,0.027934946791485355
Nepal,rural,00_01,2045,0.02797402639998428
Nepal,rural,00_01,2050,0.027993149518371483
Nepal,rural,00_01,2055,0.02799374781362204
Nepal,rural,00_01,2060,0.027977827734252902
Nepal,rural,00_01,2065,0.027947522788763685
Nepal,rural,00_01,2070,0.02790516193075057
Nepal,rural,00_01,2075,0.02785334491899486
Nepal,rural,00_01,2080,0.027795551200697457
Nepal,rural,00_01,2085,0.02773381670605514
Nepal,rural,00_01,2090,0.027670138553735586
Nepal,rural,00_01,2095,0.027604601562937064
Nepal,rural,00_01,2100,0.027538866773768877
Nepal,rural,02_05,2011,0.08859584964879585
Nepal,rural,02_05,2012,0.08867983869601902
Nepal,rural,02_05,2013,0.08874192822791674
Nepal,rural,02_05,2014,0.08884420074140408
Nepal,rural,02_05,2015,0.08890442747133567
Nepal,rural,02_05,2016,0.08889607674823807
Nepal,rural,02_05,2017,0.08902588857786826
Nepal,rural,02_05,2018,0.0891288688818841
Nepal,rural,02_05,2019,0.08921422447534125
Nepal,rural,02_05,2020,0.08914744365994487
Nepal,rural,02_05,2025,0.08939158173940465
Nepal,rural,02_05,2030,0.08965492772626937
Nepal,rural,02_05,2035,0.08988920456128645
Nepal,rural,02_05,2040,0.09007728482277864
Nepal,rural,02_05,2045,0.09020329848773374
Nepal,rural,02_05,2050,0.09026496170100282
Nepal,rural,02_05,2055,0.09026689092650286
Nepal,rural,02_05,2060,0.09021555603281435
Nepal,rural,02_05,2065,0.09011783659820267
Nepal,rural,02_05,2070,0.08998124242098565
Nepal,rural,02_05,2075,0.08981415652096857
Nepal,rural,02_05,2080,0.0896277985062961
Nepal,rural,02_05,2085,0.08942873331033226
Nepal,rural,02_05,2090,0.08922340071720826
Nepal,rural,02_05,2095,0.08901207422961367
Nepal,rural,02_05,2100,0.08880010993374922
Nepal,rural,06_10,2011,0.19302164217733958
Nepal,rural,06_10,2012,0.19320462709011132
Nepal,rural,06_10,2013,0.19333990005669419
Nepal,rural,06_10,2014,0.19356271871672381
Nepal,rural,06_10,2015,0.19369393324156273
Nepal,rural,06_10,2016,0.19367573972243
Nepal,rural,06_10,2017,0.1939585576267516
Nepal,rural,06_10,2018,0.19418291833294554
Nepal,rural,06_10,2019,0.19436888050705903
Nepal,rural,06_10,2020,0.1942233867541931
Nepal,rural,06_10,2025,0.1947552845033783
Nepal,rural,06_10,2030,0.19532903005745272
Nepal,rural,06_10,2035,0.19583944335105918
Nepal,rural,06_10,2040,0.19624920928341696
Nepal,rural,06_10,2045,0.19652375221790924
Nepal,rural,06_10,2050,0.19665809637437154
Nepal,rural,06_10,2055,0.1966622995314678
Nepal,rural,06_10,2060,0.19655045743592905
Nepal,rural,06_10,2065,0.19633755845910164
Nepal,rural,06_10,2070,0.19603996401756954
Nepal,rural,06_10,2075,0.1956759379945242
Nepal,rural,06_10,2080,0.19526992427980072
Nepal,rural,06_10,2085,0.1948362257354828
Nepal,rural,06_10,2090,0.19438887256403695
Nepal,rural,06_10,2095,0.1939284606391807
Nepal,rural,06_10,2100,0.1934666591368202
Nepal,rural,11_20,2011,0.40317189715969404
Nepal,rural,11_20,2012,0.40355410494531635
Nepal,rural,11_20,2013,0.40383665491202697
Nepal,rural,11_20,2014,0.40430206501253885
Nepal,rural,11_20,2015,0.40457613795232666
Nepal,rural,11_20,2016,0.40453813643321196
Nepal,rural,11_20,2017,0.4051288693155449
Nepal,rural,11_20,2018,0.4055975003485417
Nepal,rural,11_20,2019,0.405985926857049
Nepal,rural,11_20,2020,0.4056820283319605
Nepal,rural,11_20,2025,0.40679302408463863
Nepal,rural,11_20,2030,0.4079914289936104
Nepal,rural,11_20,2035,0.40905754931875915
Nepal,rural,11_20,2040,0.4099134435411713
Nepal,rural,11_20,2045,0.41048689216849854
Nepal,rural,11_20,2050,0.4107675020929725
Nepal,rural,11_20,2055,0.4107762813925445
Nepal,rural,11_20,2060,0.4105426724079145
Nepal,rural,11_20,2065,0.4100979819399305
Nepal,rural,11_20,2070,0.4094763847230421
Nepal,rural,11_20,2075,0.40871602924854117
Nepal,rural,11_20,2080,0.40786797243070766
Nepal,rural,11_20,2085,0.4069620892202259
Nepal,rural,11_20,2090,0.4060276850529123
Nepal,rural,11_20,2095,0.4050660045536412
Nepal,rural,11_20,2100,0.40410142158917334
Nepal,rural,21_30,2011,0.4275976654157429
Nepal,rural,21_30,2012,0.4280030288797819
Nepal,rural,21_30,2013,0.42830269685510436
Nepal,rural,21_30,2014,0.42879630336349883
Nepal,rural,21_30,2015,0.4290869807396565
Nepal,rural,21_30,2016,0.42904667693631565
Nepal,rural,21_30,2017,0.42967319878257876
Nepal,rural,21_30,2018,0.43017022136044814
Nepal,rural,21_30,2019,0.4305821803025107
Nepal,rural,21_30,2020,0.43025987038764174
Nepal,rural,21_30,2025,0.43143817471261753
Nepal,rural,21_30,2030,0.4327091837906539
Nepal,rural,21_30,2035,0.43383989395497197
Nepal,rural,21_30,2040,0.43474764167728236
Nepal,rural,21_30,2045,0.435355832119147
Nepal,rural,21_30,2050,0.4356534425167042
Nepal,rural,21_30,2055,0.43566275370140584
Nepal,rural,21_30,2060,0.43541499174886983
Nepal,rural,21_30,2065,0.434943360151325
Nepal,rural,21_30,2070,0.4342841040855057
Nepal,rural,21_30,2075,0.43347768323109315
Nepal,rural,21_30,2080,0.43257824773472
Nepal,rural,21_30,2085,0.4316174824912341
Nepal,rural,21_30,2090,0.43062646837712343
Nepal,rural,21_30,2095,0.429606525421622
Nepal,rural,21_30,2100,0.42858350415795765
Nepal,rural,31_50,2011,0.713065368968106
Nepal,rural,31_50,2012,0.7137413564007552
Nepal,rural,31_50,2013,0.7142410851707508
Nepal,rural,31_50,2014,0.7150642274268975
Nepal,rural,31_50,2015,0.715548963400091
Nepal,rural,31_50,2016,0.7154817524475425
Nepal,rural,31_50,2017,0.7165265454097254
Nepal,rural,31_50,2018,0.7173553843313067
Nepal,rural,31_50,2019,0.7180423704371266
Nepal,rural,31_50,2020,0.7175048837833005
Nepal,rural,31_50,2025,0.719469833726207
Nepal,rural,31_50,2030,0.7215893788745898
Nepal,rural,31_50,2035,0.7234749604053766
Nepal,rural,31_50,2040,0.724988727941759
Nepal,rural,31_50,2045,0.7260029513038286
Nepal,rural,31_50,2050,0.7264992488402908
Nepal,rural,31_50,2055,0.72651477624816
Nepal,rural,31_50,2060,0.7261016063868849
Nepal,rural,31_50,2065,0.7253151096720507
Nepal,rural,31_50,2070,0.7242157288572353
Nepal,rural,31_50,2075,0.7228709348356491
Nepal,rural,31_50,2080,0.7213710288353188
Nepal,rural,31_50,2085,0.7197688488463988
Nepal,rural,31_50,2090,0.71811622559308
Nepal,rural,31_50,2095,0.7164153603669241
Nepal,rural,31_50,2100,0.7147093617288638
Nepal,rural,51+,2011,0.8434383382567929
Nepal,rural,51+,2012,0.8442379195317904
Nepal,rural,51+,2013,0.8448290159749597
Nepal,rural,51+,2014,0.8458026570559702
Nepal,rural,51+,2015,0.8463760195014292
Nepal,rural,51+,2016,0.8462965200661781
Nepal,rural,51+,2017,0.8475323372551703
Nepal,rural,51+,2018,0.8485127165487445
Nepal,rural,51+,2019,0.8493253074341168
Nepal,rural,51+,2020,0.8486895496622953
Nepal,rural,51+,2025,0.8510137602981324
Nepal,rural,51+,2030,0.8535208314806796
Nepal,rural,51+,2035,0.8557511624183269
Nepal,rural,51+,2040,0.8575416989258579
Nepal,rural,51+,2045,0.8587413573363668
Nepal,rural,51+,2050,0.8593283951980434
Nepal,rural,51+,2055,0.8593467615521821
Nepal,rural,51+,2060,0.8588580499748468
Nepal,rural,51+,2065,0.8579277545053526
Nepal,rural,51+,2070,0.8566273689195246
Nepal,rural,51+,2075,0.8550367001194037
Nepal,rural,51+,2080,0.853262559515309
Nepal,rural,51+,2085,0.8513674457063205
Nepal,rural,51+,2090,0.8494126658625581
Nepal,rural,51+,2095,0.847400823747685
Nepal,rural,51+,2100,0.845382909655971
Pakistan,large_city,No_travel,2011,0.0
Pakistan,large_city,No_travel,2012,0.0
Pakistan,large_city,No_travel,2013,0.0
Pakistan,large_city,No_travel,2014,0.0
Pakistan,large_city,No_travel,2015,0.0
Pakistan,large_city,No_travel,2016,0.0
Pakistan,large_city,No_travel,2017,0.0
Pakistan,large_city,No_travel,2018,0.0
Pakistan,large_city,No_travel,2019,0.0
Pakistan,large_city,No_travel,2020,0.0
Pakistan,large_city,No_travel,2025,0.0
Pakistan,large_city,No_travel,2030,0.0
Pakistan,large_city,No_travel,2035,0.0
Pakistan,large_city,No_travel,2040,0.0
Pakistan,large_city,No_travel,2045,0.0
Pakistan,large_city,No_travel,2050,0.0
Pakistan,large_city,No_travel,2055,0.0
Pakistan,large_city,No_travel,2060,0.0
Pakistan,large_city,No_travel,2065,0.0
Pakistan,large_city,No_travel,2070,0.0
Pakistan,large_city,No_travel,2075,0.0
Pakistan,large_city,No_travel,2080,0.0
Pakistan,large_city,No_travel,2085,0.0
Pakistan,large_city,No_travel,2090,0.0
Pakistan,large_city,No_travel,2095,0.0
Pakistan,large_city,No_travel,2100,0.0
Pakistan,large_city,00_01,2011,0.05827400034779323
Pakistan,large_city,00_01,2012,0.05829238387031236
Pakistan,large_city,00_01,2013,0.05832297676290783
Pakistan,large_city,00_01,2014,0.058357454288532486
Pakistan,large_city,00_01,2015,0.05839315607157294
Pakistan,large_city,00_01,2016,0.05843720217625461
Pakistan,large_city,00_01,2017,0.05846833606336713
Pakistan,large_city,00_01,2018,0.05851338176128829
Pakistan,large_city,00_01,2019,0.058521997581553915
Pakistan,large_city,00_01,2020,0.05849158062429535
Pakistan,large_city,00_01,2025,0.05863589929249624
Pakistan,large_city,00_01,2030,0.05876944817208395
Pakistan,large_city,00_01,2035,0.05889170266812058
Pakistan,large_city,00_01,2040,0.05900835600206302
Pakistan,large_city,00_01,2045,0.059115390945893645
Pakistan,large_city,00_01,2050,0.059207930723779695
Pakistan,large_city,00_01,2055,0.05928388905194159
Pakistan,large_city,00_01,2060,0.05934231838228948
Pakistan,large_city,00_01,2065,0.0593844300988244
Pakistan,large_city,00_01,2070,0.059410696974037384
Pakistan,large_city,00_01,2075,0.05942220744660845
Pakistan,large_city,00_01,2080,0.05942029884237113
Pakistan,large_city,00_01,2085,0.05940700932242584
Pakistan,large_city,00_01,2090,0.05938466795911478
Pakistan,large_city,00_01,2095,0.059355288319930304
Pakistan,large_city,00_01,2100,0.05932036453418287
Pakistan,large_city,02_05,2011,0.21452239727168868
Pakistan,large_city,02_05,2012,0.21459007200308802
Pakistan,large_city,02_05,2013,0.2147026927365178
Pakistan,large_city,02_05,2014,0.21482961385751265
Pakistan,large_city,02_05,2015,0.2149610418020334
Pakistan,large_city,02_05,2016,0.21512318745722092
Pakistan,large_city,02_05,2017,0.21523779973816787
Pakistan,large_city,02_05,2018,0.2154036251671268
Pakistan,large_city,02_05,2019,0.21543534233785153
Pakistan,large_city,02_05,2020,0.21532336927010476
Pakistan,large_city,02_05,2025,0.21585464542222643
Pakistan,large_city,02_05,2030,0.21634627506205067
Pakistan,large_city,02_05,2035,0.21679632701335821
Pakistan,large_city,02_05,2040,0.21722575956814616
Pakistan,large_city,02_05,2045,0.2176197842207416
Pakistan,large_city,02_05,2050,0.21796044823688301
Pakistan,large_city,02_05,2055,0.21824007144024624
Pakistan,large_city,02_05,2060,0.21845516564936868
Pakistan,large_city,02_05,2065,0.2186101902972456
Pakistan,large_city,02_05,2070,0.21870688578761688
Pakistan,large_city,02_05,2075,0.21874925895841238
Pakistan,large_city,02_05,2080,0.21874223286866415
Pakistan,large_city,02_05,2085,0.218693310542065
Pakistan,large_city,02_05,2090,0.21861106592547438
Pakistan,large_city,02_05,2095,0.21850291150684487
Pakistan,large_city,02_05,2100,0.21837434758132698
Pakistan,large_city,06_10,2011,0.3454745494359448
Pakistan,large_city,06_10,2012,0.34558353524645097
Pakistan,large_city,06_10,2013,0.34576490370789664
Pakistan,large_city,06_10,2014,0.3459693020254955
Pakistan,large_city,06_10,2015,0.346180958293065
Pakistan,large_city,06_10,2016,0.346442083461725
Pakistan,large_city,06_10,2017,0.34662665918259866
Pakistan,large_city,06_10,2018,0.34689371039069256
Pakistan,large_city,06_10,2019,0.34694478885804547
Pakistan,large_city,06_10,2020,0.34676446342060513
Pakistan,large_city,06_10,2025,0.3476200495580649
Pakistan,large_city,06_10,2030,0.3484117875325969
Pakistan,large_city,06_10,2035,0.34913656730887277
Pakistan,large_city,06_10,2040,0.3498281408707261
Pakistan,large_city,06_10,2045,0.3504626922791259
Pakistan,large_city,06_10,2050,0.35101130980802875
Pakistan,large_city,06_10,2055,0.351461625026497
Pakistan,large_city,06_10,2060,0.3518080204422109
Pakistan,large_city,06_10,2065,0.3520576776857336
Pakistan,large_city,06_10,2070,0.3522133995655623
Pakistan,large_city,06_10,2075,0.35228163883696206
Pakistan,large_city,06_10,2080,0.3522703237704658
Pakistan,large_city,06_10,2085,0.35219153750407056
Pakistan,large_city,06_10,2090,0.3520590878287847
Pakistan,large_city,06_10,2095,0.3518849120806076
Pakistan,large_city,06_10,2100,0.3516778681317851
Pakistan,large_city,11_20,2011,0.49491906190807855
Pakistan,large_city,11_20,2012,0.4950751925266294
Pakistan,large_city,11_20,2013,0.495335016901377
Pakistan,large_city,11_20,2014,0.4956278333295821
Pakistan,large_city,11_20,2015,0.49593104733351817
Pakistan,large_city,11_20,2016,0.49630512937147087
Pakistan,large_city,11_20,2017,0.49656954839387046
Pakistan,large_city,11_20,2018,0.4969521199425042
Pakistan,large_city,11_20,2019,0.49702529380491256
Pakistan,large_city,11_20,2020,0.49676696364287354
Pakistan,large_city,11_20,2025,0.49799265708172313
Pakistan,large_city,11_20,2030,0.49912688307976594
Pakistan,large_city,11_20,2035,0.5001651862704063
Pakistan,large_city,11_20,2040,0.5011559189858312
Pakistan,large_city,11_20,2045,0.5020649630479495
Pakistan,large_city,11_20,2050,0.502850900168916
Pakistan,large_city,11_20,2055,0.5034960116130184
Pakistan,large_city,11_20,2060,0.5039922498872249
Pakistan,large_city,11_20,2065,0.5043499032338016
Pakistan,large_city,11_20,2070,0.5045729868931021
Pakistan,large_city,11_20,2075,0.5046707449370496
Pakistan,large_city,11_20,2080,0.5046545352275212
Pakistan,large_city,11_20,2085,0.5045416677959862
Pakistan,large_city,11_20,2090,0.5043519233729903
Pakistan,large_city,11_20,2095,0.5041024031173428
Pakistan,large_city,11_20,2100,0.5038057966174073
Pakistan,large_city,21_30,2011,0.5042582541473913
Pakistan,large_city,21_30,2012,0.5044173309726522
Pakistan,large_city,21_30,2013,0.5046820582698592
Pakistan,large_city,21_30,2014,0.5049804001852082
Pakistan,large_city,21_30,2015,0.5052893358800031
Pakistan,large_city,21_30,2016,0.5056704768985743
Pakistan,large_city,21_30,2017,0.5059398855450801
Pakistan,large_city,21_30,2018,0.5063296762725917
Pakistan,large_city,21_30,2019,0.5064042309360653
Pakistan,large_city,21_30,2020,0.5061410260475707
Pakistan,large_city,21_30,2025,0.5073898484938336
Pakistan,large_city,21_30,2030,0.5085454774958297
Pakistan,large_city,21_30,2035,0.5096033736135694
Pakistan,large_city,21_30,2040,0.5106128015945424
Pakistan,large_city,21_30,2045,0.5115389994458426
Pakistan,large_city,21_30,2050,0.5123397673107138
Pakistan,large_city,21_30,2055,0.5129970520984112
Pakistan,large_city,21_30,2060,0.5135026544585783
Pakistan,large_city,21_30,2065,0.5138670567740589
Pakistan,large_city,21_30,2070,0.5140943500533559
Pakistan,large_city,21_30,2075,0.5141939528053285
Pakistan,large_city,21_30,2080,0.5141774372163038
Pakistan,large_city,21_30,2085,0.5140624399604767
Pakistan,large_city,21_30,2090,0.5138691150335578
Pakistan,large_city,21_30,2095,0.5136148862956262
Pakistan,large_city,21_30,2100,0.5133126827893607
Pakistan,large_city,31_50,2011,0.618752652250464
Pakistan,large_city,31_50,2012,0.6189478482769687
Pakistan,large_city,31_50,2013,0.6192726832517513
Pakistan,large_city,31_50,2014,0.6196387652144786
Pakistan,large_city,31_50,2015,0.6200178463280885
Pakistan,large_city,31_50,2016,0.6204855273510221
Pakistan,large_city,31_50,2017,0.6208161065992419
Pakistan,large_city,31_50,2018,0.6212944012914692
Pakistan,large_city,31_50,2019,0.6213858839700025
Pakistan,large_city,31_50,2020,0.6210629170745637
Pakistan,large_city,31_50,2025,0.6225952910009392
Pakistan,large_city,31_50,2030,0.6240133114381289
Pakistan,large_city,31_50,2035,0.6253114082432348
Pakistan,large_city,31_50,2040,0.6265500319749154
Pakistan,large_city,31_50,2045,0.6276865277531941
Pakistan,large_city,31_50,2050,0.6286691140294739
Pakistan,large_city,31_50,2055,0.6294756386670513
Pakistan,large_city,31_50,2060,0.630096040611421
Pakistan,large_city,31_50,2065,0.630543182323699
Pakistan,large_city,31_50,2070,0.6308220836966503
Pakistan,large_city,31_50,2075,0.6309443017594141
Pakistan,large_city,31_50,2080,0.6309240362220064
Pakistan,large_city,31_50,2085,0.630782928255088
Pakistan,large_city,31_50,2090,0.6305457079214726
Pakistan,large_city,31_50,2095,0.6302337552571787
Pakistan,large_city,31_50,2100,0.6298629349097016
Pakistan,large_city,51+,2011,0.6494195964482046
Pakistan,large_city,51+,2012,0.6496244668827795
Pakistan,large_city,51+,2013,0.6499654014993317
Pakistan,large_city,51+,2014,0.6503496274087263
Pakistan,large_city,51+,2015,0.6507474967397527
Pakistan,large_city,51+,2016,0.651238357215381
Pakistan,large_city,51+,2017,0.6515853208060699
Pakistan,large_city,51+,2018,0.6520873209912486
Pakistan,large_city,51+,2019,0.6521833377823832
Pakistan,large_city,51+,2020,0.6518443638319054
Pakistan,large_city,51+,2025,0.6534526860803112
Pakistan,large_city,51+,2030,0.6549409871917904
Pakistan,large_city,51+,2035,0.6563034209530946
Pakistan,large_city,51+,2040,0.6576034340052465
Pakistan,large_city,51+,2045,0.6587962573846864
Pakistan,large_city,51+,2050,0.659827543118487
Pakistan,large_city,51+,2055,0.660674041154101
Pakistan,large_city,51+,2060,0.6613251917857514
Pakistan,large_city,51+,2065,0.6617944949706132
Pakistan,large_city,51+,2070,0.662087219400015
Pakistan,large_city,51+,2075,0.6622154948986493
Pakistan,large_city,51+,2080,0.6621942249500241
Pakistan,large_city,51+,2085,0.662046123315876
Pakistan,large_city,51+,2090,0.6617971457433912
Pakistan,large_city,51+,2095,0.6614697319171718
Pakistan,large_city,51+,2100,0.6610805327767116
Pakistan,city,No_travel,2011,0.0
Pakistan,city,No_travel,2012,0.0
Pakistan,city,No_travel,2013,0.0
Pakistan,city,No_travel,2014,0.0
Pakistan,city,No_travel,2015,0.0
Pakistan,city,No_travel,2016,0.0
Pakistan,city,No_travel,2017,0.0
Pakistan,city,No_travel,2018,0.0
Pakistan,city,No_travel,2019,0.0
Pakistan,city,No_travel,2020,0.0
Pakistan,city,No_travel,2025,0.0
Pakistan,city,No_travel,2030,0.0
Pakistan,city,No_travel,2035,0.0
Pakistan,city,No_travel,2040,0.0
Pakistan,city,No_travel,2045,0.0
Pakistan,city,No_travel,2050,0.0
Pakistan,city,No_travel,2055,0.0
Pakistan,city,No_travel,2060,0.0
Pakistan,city,No_travel,2065,0.0
Pakistan,city,No_travel,2070,0.0
Pakistan,city,No_travel,2075,0.0
Pakistan,city,No_travel,2080,0.0
Pakistan,city,No_travel,2085,0.0
Pakistan,city,No_travel,2090,0.0
Pakistan,city,No_travel,2095,0.0
Pakistan,city,No_travel,2100,0.0
Pakistan,city,00_01,2011,0.03443334851853788
Pakistan,city,00_01,2012,0.03444421110277994
Pakistan,city,00_01,2013,0.034462288044926404
Pakistan,city,00_01,2014,0.03448266036618125
Pakistan,city,00_01,2015,0.03450375608521252
Pakistan,city,00_01,2016,0.034529782355321594
Pakistan,city,00_01,2017,0.03454817896408852
Pakistan,city,00_01,2018,0.03457479588083567
Pakistan,city,00_01,2019,0.03457988685691778
Pakistan,city,00_01,2020,0.034561913872672545
Pakistan,city,00_01,2025,0.03464718989577434
Pakistan,city,00_01,2030,0.03472610219092584
Pakistan,city,00_01,2035,0.03479834078180451
Pakistan,city,00_01,2040,0.034867269718886505
Pakistan,city,00_01,2045,0.034930515274410164
Pakistan,city,00_01,2050,0.03498519582499466
Pakistan,city,00_01,2055,0.035030078612702284
Pakistan,city,00_01,2060,0.03506460374369666
Pakistan,city,00_01,2065,0.035089487009020925
Pakistan,city,00_01,2070,0.035105007763788124
Pakistan,city,00_01,2075,0.035111809152251025
Pakistan,city,00_01,2080,0.03511068138284279
Pakistan,city,00_01,2085,0.03510282877843621
Pakistan,city,00_01,2090,0.03508962755757137
Pakistan,city,00_01,2095,0.03507226751107807
Pakistan,city,00_01,2100,0.03505163150052361
Pakistan,city,02_05,2011,0.1172561922728026
Pakistan,city,02_05,2012,0.11729318272889433
Pakistan,city,02_05,2013,0.11735474030302596
Pakistan,city,02_05,2014,0.11742411435233795
Pakistan,city,02_05,2015,0.11749595179462248
Pakistan,city,02_05,2016,0.11758457928696207
Pakistan,city,02_05,2017,0.1176472254247195
Pakistan,city,02_05,2018,0.11773786425138293
Pakistan,city,02_05,2019,0.11775520059815206
Pakistan,city,02_05,2020,0.1176939970327991
Pakistan,city,02_05,2025,0.11798438824339255
Pakistan,city,02_05,2030,0.11825310899380087
Pakistan,city,02_05,2035,0.11849910371885716
Pakistan,city,02_05,2040,0.11873382804998911
Pakistan,city,02_05,2045,0.11894919871064064
Pakistan,city,02_05,2050,0.11913540288272302
Pakistan,city,02_05,2055,0.11928824264451242
Pakistan,city,02_05,2060,0.11940581138447799
Pakistan,city,02_05,2065,0.11949054659231485
Pakistan,city,02_05,2070,0.11954339955850901
Pakistan,city,02_05,2075,0.11956656038798508
Pakistan,city,02_05,2080,0.1195627199846476
Pakistan,city,02_05,2085,0.11953597944003734
Pakistan,city,02_05,2090,0.11949102520356134
Pakistan,city,02_05,2095,0.1194319088806633
Pakistan,city,02_05,2100,0.11936163688780103
Pakistan,city,06_10,2011,0.200017206570617
Pakistan,city,06_10,2012,0.2000803053934069
Pakistan,city,06_10,2013,0.2001853111400751
Pakistan,city,06_10,2014,0.20030365033635048
Pakistan,city,06_10,2015,0.2004261916218418
Pakistan,city,06_10,2016,0.20057737360293396
Pakistan,city,06_10,2017,0.20068423623623122
Pakistan,city,06_10,2018,0.20083884917875178
Pakistan,city,06_10,2019,0.20086842175471292
Pakistan,city,06_10,2020,0.20076401988103126
Pakistan,city,06_10,2025,0.2012593731551716
Pakistan,city,06_10,2030,0.2017177606637748
Pakistan,city,06_10,2035,0.2021373818094316
Pakistan,city,06_10,2040,0.20253777776394066
Pakistan,city,06_10,2045,0.20290515996428166
Pakistan,city,06_10,2050,0.20322278957197917
Pakistan,city,06_10,2055,0.20348350571509688
Pakistan,city,06_10,2060,0.20368405606977008
Pakistan,city,06_10,2065,0.20382859853905205
Pakistan,city,06_10,2070,0.20391875584718405
Pakistan,city,06_10,2075,0.2039582639049153
Pakistan,city,06_10,2080,0.20395171289270198
Pakistan,city,06_10,2085,0.20390609850823796
Pakistan,city,06_10,2090,0.20382941496062174
Pakistan,city,06_10,2095,0.20372857353349028
Pakistan,city,06_10,2100,0.20360870261290162
Pakistan,city,11_20,2011,0.34492847757715667
Pakistan,city,11_20,2012,0.3450372911200263
Pakistan,city,11_20,2013,0.3452183729027194
Pakistan,city,11_20,2014,0.3454224481395894
Pakistan,city,11_20,2015,0.34563376985420374
Pakistan,city,11_20,2016,0.34589448227724623
Pakistan,city,11_20,2017,0.34607876624983586
Pakistan,city,11_20,2018,0.34634539534536074
Pakistan,city,11_20,2019,0.34639639307590203
Pakistan,city,11_20,2020,0.3462163526685659
Pakistan,city,11_20,2025,0.3470705864299586
Pakistan,city,11_20,2030,0.3478610729495625
Pakistan,city,11_20,2035,0.3485847071079041
Pakistan,city,11_20,2040,0.34927518753898695
Pakistan,city,11_20,2045,0.3499087359482726
Pakistan,city,11_20,2050,0.3504564863088289
Pakistan,city,11_20,2055,0.3509060897397899
Pakistan,city,11_20,2060,0.35125193762808427
Pakistan,city,11_20,2065,0.3515012002526829
Pakistan,city,11_20,2070,0.3516566759918436
Pakistan,city,11_20,2075,0.3517248074013304
Pakistan,city,11_20,2080,0.3517135102199125
Pakistan,city,11_20,2085,0.35163484848646187
Pakistan,city,11_20,2090,0.35150260816680146
Pakistan,city,11_20,2095,0.3513287077282665
Pakistan,city,11_20,2100,0.3511219910419708
Pakistan,city,21_30,2011,0.3020747578557574
Pakistan,city,21_30,2012,0.30217005246536643
Pakistan,city,21_30,2013,0.3023286367493993
Pakistan,city,21_30,2014,0.3025073577938166
Pakistan,city,21_30,2015,0.30269242501766597
Pakistan,city,21_30,2016,0.3029207466761551
Pakistan,city,21_30,2017,0.3030821353118158
Pakistan,city,21_30,2018,0.3033156385587316
Pakistan,city,21_30,2019,0.3033603003599626
Pakistan,city,21_30,2020,0.303202628071399
Pakistan,city,21_30,2025,0.30395073231155184
Pakistan,city,21_30,2030,0.3046430092313204
Pakistan,city,21_30,2035,0.3052767394895254
Pakistan,city,21_30,2040,0.30588143502086734
Pakistan,city,21_30,2045,0.3064362717327246
Pakistan,city,21_30,2050,0.30691596989708814
Pakistan,city,21_30,2055,0.30730971485109315
Pakistan,city,21_30,2060,0.30761259479259667
Pakistan,city,21_30,2065,0.30783088916914975
Pakistan,city,21_30,2070,0.3079670486900722
Pakistan,city,21_30,2075,0.30802671549162963
Pakistan,city,21_30,2080,0.3080168218656662
Pakistan,city,21_30,2085,0.30794793302166146
Pakistan,city,21_30,2090,0.3078321221648115
Pakistan,city,21_30,2095,0.30767982701878455
Pakistan,city,21_30,2100,0.30749879269712993
Pakistan,city,31_50,2011,0.5432627574154263
Pakistan,city,31_50,2012,0.5434341388732831
Pakistan,city,31_50,2013,0.5437193428937646
Pakistan,city,31_50,2014,0.544040761631588
Pakistan,city,31_50,2015,0.5443735935803721
Pakistan,city,31_50,2016,0.5447842159529561
Pakistan,city,31_50,2017,0.5450744634262866
Pakistan,city,31_50,2018,0.5454944045649814
Pakistan,city,31_50,2019,0.5455747260504975
Pakistan,city,31_50,2020,0.5452911621974267
Pakistan,city,31_50,2025,0.5466365813751973
Pakistan,city,31_50,2030,0.5478815985722586
Pakistan,city,31_50,2035,0.549021323221792
Pakistan,city,31_50,2040,0.5501088307119427
Pakistan,city,31_50,2045,0.5511066702008776
Pakistan,city,31_50,2050,0.5519693776622658
Pakistan,city,31_50,2055,0.5526775035942358
Pakistan,city,31_50,2060,0.5532222144246111
Pakistan,city,31_50,2065,0.5536148033511943
Pakistan,city,31_50,2070,0.5538596778230296
Pakistan,city,31_50,2075,0.553966984873014
Pakistan,city,31_50,2080,0.5539491917990085
Pakistan,city,31_50,2085,0.5538252994764098
Pakistan,city,31_50,2090,0.5536170208175852
Pakistan,city,31_50,2095,0.5533431274225896
Pakistan,city,31_50,2100,0.5530175483988174
Pakistan,city,51+,2011,0.717071066177833
Pakistan,city,51+,2012,0.7172972784168113
Pakistan,city,51+,2013,0.7176737289432892
Pakistan,city,51+,2014,0.7180979805119354
Pakistan,city,51+,2015,0.718537296767495
Pakistan,city,51+,2016,0.7190792912600056
Pakistan,city,51+,2017,0.719462398812135
Pakistan,city,51+,2018,0.7200166934622753
Pakistan,city,51+,2019,0.7201227125340225
Pakistan,city,51+,2020,0.7197484269205223
Pakistan,city,51+,2025,0.7215242916399263
Pakistan,city,51+,2030,0.7231676323562194
Pakistan,city,51+,2035,0.724671993843243
Pakistan,city,51+,2040,0.7261074321183584
Pakistan,city,51+,2045,0.7274245145364665
Pakistan,city,51+,2050,0.7285632315765972
Pakistan,city,51+,2055,0.7294979111770203
Pakistan,city,51+,2060,0.7302168936041501
Pakistan,city,51+,2065,0.7307350851354342
Pakistan,city,51+,2070,0.7310583033133818
Pakistan,city,51+,2075,0.7311999415532399
Pakistan,city,51+,2080,0.7311764558672187
Pakistan,city,51+,2085,0.7310129261596426
Pakistan,city,51+,2090,0.730738012045051
Pakistan,city,51+,2095,0.7303764907994149
Pakistan,city,51+,2100,0.7299467479272692
Pakistan,town,No_travel,2011,0.0
Pakistan,town,No_travel,2012,0.0
Pakistan,town,No_travel,2013,0.0
Pakistan,town,No_travel,2014,0.0
Pakistan,town,No_travel,2015,0.0
Pakistan,town,No_travel,2016,0.0
Pakistan,town,No_travel,2017,0.0
Pakistan,town,No_travel,2018,0.0
Pakistan,town,No_travel,2019,0.0
Pakistan,town,No_travel,2020,0.0
Pakistan,town,No_travel,2025,0.0
Pakistan,town,No_travel,2030,0.0
Pakistan,town,No_travel,2035,0.0
Pakistan,town,No_travel,2040,0.0
Pakistan,town,No_travel,2045,0.0
Pakistan,town,No_travel,2050,0.0
Pakistan,town,No_travel,2055,0.0
Pakistan,town,No_travel,2060,0.0
Pakistan,town,No_travel,2065,0.0
Pakistan,town,No_travel,2070,0.0
Pakistan,town,No_travel,2075,0.0
Pakistan,town,No_travel,2080,0.0
Pakistan,town,No_travel,2085,0.0
Pakistan,town,No_travel,2090,0.0
Pakistan,town,No_travel,2095,0.0
Pakistan,town,No_travel,2100,0.0
Pakistan,town,00_01,2011,0.027047867565327503
Pakistan,town,00_01,2012,0.027056400274245957
Pakistan,town,00_01,2013,0.027070599960253853
Pakistan,town,00_01,2014,0.027086602698035884
Pakistan,town,00_01,2015,0.02710317367469376
Pakistan,town,00_01,2016,0.027123617666853006
Pakistan,town,00_01,2017,0.027138068455375974
Pakistan,town,00_01,2018,0.027158976408571015
Pakistan,town,00_01,2019,0.027162975440113736
Pakistan,town,00_01,2020,0.02714885741446319
Pakistan,town,00_01,2025,0.027215842900295724
Pakistan,town,00_01,2030,0.027277829590535416
Pakistan,town,00_01,2035,0.02733457399452912
Pakistan,town,00_01,2040,0.027388718620068777
Pakistan,town,00_01,2045,0.027438398871438417
Pakistan,town,00_01,2050,0.02748135119394671
Pakistan,town,00_01,2055,0.027516607239324493
Pakistan,town,00_01,2060,0.02754372720328352
Pakistan,town,00_01,2065,0.027563273349506312
Pakistan,town,00_01,2070,0.027575465115265926
Pakistan,town,00_01,2075,0.02758080769919458
Pakistan,town,00_01,2080,0.027579921820855394
Pakistan,town,00_01,2085,0.027573753492384008
Pakistan,town,00_01,2090,0.02756338375232052
Pakistan,town,00_01,2095,0.027549747197681464
Pakistan,town,00_01,2100,0.027533537328337694
Pakistan,town,02_05,2011,0.08140578256416522
Pakistan,town,02_05,2012,0.0814314634000101
Pakistan,town,02_05,2013,0.08147420009815631
Pakistan,town,02_05,2014,0.08152236342893161
Pakistan,town,02_05,2015,0.08157223698437654
Pakistan,town,02_05,2016,0.08163376712816477
Pakistan,town,02_05,2017,0.08167725956783825
Pakistan,town,02_05,2018,0.08174018609199202
Pakistan,town,02_05,2019,0.08175222194995559
Pakistan,town,02_05,2020,0.08170973102443004
Pakistan,town,02_05,2025,0.08191133678434688
Pakistan,town,02_05,2030,0.08209789770325618
Pakistan,town,02_05,2035,0.0822686809489996
Pakistan,town,02_05,2040,0.08243163965925851
Pakistan,town,02_05,2045,0.08258116197302176
Pakistan,town,02_05,2050,0.08271043528517072
Pakistan,town,02_05,2055,0.0828165451645231
Pakistan,town,02_05,2060,0.08289816793511173
Pakistan,town,02_05,2065,0.08295699583810767
Pakistan,town,02_05,2070,0.0829936893123752
Pakistan,town,02_05,2075,0.08300976885079266
Pakistan,town,02_05,2080,0.08300710262879628
Pakistan,town,02_05,2085,0.08298853785265956
Pakistan,town,02_05,2090,0.08295732811670471
Pakistan,town,02_05,2095,0.08291628627119915
Pakistan,town,02_05,2100,0.08286749953797497
Pakistan,town,06_10,2011,0.19908062987368702
Pakistan,town,06_10,2012,0.19914343323746098
Pakistan,town,06_10,2013,0.19924794729675355
Pakistan,town,06_10,2014,0.1993657323720337
Pakistan,town,06_10,2015,0.19948769986032847
Pakistan,town,06_10,2016,0.1996381739347214
Pakistan,town,06_10,2017,0.19974453618580737
Pakistan,town,06_10,2018,0.19989842515621828
Pakistan,town,06_10,2019,0.1999278592591651
Pakistan,town,06_10,2020,0.19982394624523545
Pakistan,town,06_10,2025,0.2003169800372609
Pakistan,town,06_10,2030,0.20077322115523064
Pakistan,town,06_10,2035,0.2011908774329978
Pakistan,town,06_10,2040,0.20158939854120256
Pakistan,town,06_10,2045,0.20195506048150388
Pakistan,town,06_10,2050,0.20227120279471347
Pakistan,town,06_10,2055,0.20253069813953914
Pakistan,town,06_10,2060,0.20273030942105977
Pakistan,town,06_10,2065,0.20287417507302802
Pakistan,town,06_10,2070,0.20296391022131036
Pakistan,town,06_10,2075,0.20300323328332626
Pakistan,town,06_10,2080,0.20299671294610078
Pakistan,town,06_10,2085,0.2029513121501088
Pakistan,town,06_10,2090,0.20287498767171952
Pakistan,town,06_10,2095,0.20277461843261804
Pakistan,town,06_10,2100,0.20265530880529406
Pakistan,town,11_20,2011,0.46310481127692005
Pakistan,town,11_20,2012,0.4632509055501125
Pakistan,town,11_20,2013,0.4634940279660662
Pakistan,town,11_20,2014,0.46376802164939673
Pakistan,town,11_20,2015,0.464051744534363
Pakistan,town,11_20,2016,0.4644017799339296
Pakistan,town,11_20,2017,0.46464920164566226
Pakistan,town,11_20,2018,0.46500718083552595
Pakistan,town,11_20,2019,0.4650756509558935
Pakistan,town,11_20,2020,0.4648339267020791
Pakistan,town,11_20,2025,0.465980830453358
Pakistan,town,11_20,2030,0.4670421464486319
Pakistan,town,11_20,2035,0.4680137057199518
Pakistan,town,11_20,2040,0.46894075242822336
Pakistan,town,11_20,2045,0.46979136157066903
Pakistan,town,11_20,2050,0.47052677729839937
Pakistan,town,11_20,2055,0.4711304198665838
Pakistan,town,11_20,2060,0.471594759088918
Pakistan,town,11_20,2065,0.4719294218617165
Pakistan,town,11_20,2070,0.47213816531875985
Pakistan,town,11_20,2075,0.4722296393070894
Pakistan,town,11_20,2080,0.4722144715856381
Pakistan,town,11_20,2085,0.4721088594672064
Pakistan,town,11_20,2090,0.471931312142875
Pakistan,town,11_20,2095,0.4716978314794795
Pakistan,town,11_20,2100,0.4714202913567641
Pakistan,town,21_30,2011,0.4152421813255062
Pakistan,town,21_30,2012,0.4153731765196877
Pakistan,town,21_30,2013,0.41559117184141925
Pakistan,town,21_30,2014,0.41583684783520103
Pakistan,town,21_30,2015,0.41609124750192117
Pakistan,town,21_30,2016,0.4164051061777929
Pakistan,town,21_30,2017,0.4166269564561432
Pakistan,town,21_30,2018,0.41694793791875917
Pakistan,town,21_30,2019,0.4170093315416382
Pakistan,town,21_30,2020,0.41679258987973156
Pakistan,town,21_30,2025,0.4178209592765821
Pakistan,town,21_30,2030,0.41877258655019656
Pakistan,town,21_30,2035,0.41964373360219437
Pakistan,town,21_30,2040,0.42047496853640265
Pakistan,town,21_30,2045,0.42123766585062544
Pakistan,town,21_30,2050,0.42189707517552927
Pakistan,town,21_30,2055,0.4224383303096807
Pakistan,town,21_30,2060,0.42285467932368764
Pakistan,town,21_30,2065,0.42315475415858755
Pakistan,town,21_30,2070,0.4233419236423187
Pakistan,town,21_30,2075,0.42342394364626507
Pakistan,town,21_30,2080,0.4234103435333148
Pakistan,town,21_30,2085,0.42331564659783905
Pakistan,town,21_30,2090,0.42315644907613637
Pakistan,town,21_30,2095,0.4229470990162691
Pakistan,town,21_30,2100,0.42269824311333876
Pakistan,town,31_50,2011,0.6804906855894606
Pakistan,town,31_50,2012,0.6807053579264879
Pakistan,town,31_50,2013,0.6810626043542638
Pakistan,town,31_50,2014,0.6814652133206934
Pakistan,town,31_50,2015,0.6818821184700391
Pakistan,town,31_50,2016,0.6823964638692478
Pakistan,town,31_50,2017,0.6827600277237938
Pakistan,town,31_50,2018,0.6832860458052415
Pakistan,town,31_50,2019,0.6833866564618719
Pakistan,town,31_50,2020,0.6830314645070569
Pakistan,town,31_50,2025,0.6847167359639889
Pakistan,town,31_50,2030,0.6862762439450432
Pakistan,town,31_50,2035,0.6877038625284224
Pakistan,town,31_50,2040,0.6890660739214455
Pakistan,town,31_50,2045,0.6903159672164763
Pakistan,town,31_50,2050,0.6913965941945821
Pakistan,town,31_50,2055,0.6922835924184663
Pakistan,town,31_50,2060,0.6929658969595939
Pakistan,town,31_50,2065,0.6934576536724532
Pakistan,town,31_50,2070,0.6937643833257342
Pakistan,town,31_50,2075,0.69389879608828
Pakistan,town,31_50,2080,0.6938765084917837
Pakistan,town,31_50,2085,0.693721321024221
Pakistan,town,31_50,2090,0.693460431269857
Pakistan,town,31_50,2095,0.6931173525264775
Pakistan,town,31_50,2100,0.6927095323877396
Pakistan,town,51+,2011,0.7954469694604287
Pakistan,town,51+,2012,0.7956979067084051
Pakistan,town,51+,2013,0.7961155032961948
Pakistan,town,51+,2014,0.796586125582445
Pakistan,town,51+,2015,0.7970734591266392
Pakistan,town,51+,2016,0.7976746936442022
Pakistan,town,51+,2017,0.7980996748708791
Pakistan,town,51+,2018,0.7987145539539139
Pakistan,town,51+,2019,0.7988321609154886
Pakistan,town,51+,2020,0.7984169658657729
Pakistan,town,51+,2025,0.8003869326875429
Pakistan,town,51+,2030,0.8022098906260552
Pakistan,town,51+,2035,0.80387867889861
Pakistan,town,51+,2040,0.8054710106487587
Pakistan,town,51+,2045,0.8069320502408288
Pakistan,town,51+,2050,0.8081952291102161
Pakistan,town,51+,2055,0.8092320692375637
Pakistan,town,51+,2060,0.8100296364798235
Pakistan,town,51+,2065,0.8106044663713112
Pakistan,town,51+,2070,0.8109630123122225
Pakistan,town,51+,2075,0.8111201316187583
Pakistan,town,51+,2080,0.8110940789460841
Pakistan,town,51+,2085,0.8109126754333172
Pakistan,town,51+,2090,0.810607713192295
Pakistan,town,51+,2095,0.8102066776564874
Pakistan,town,51+,2100,0.8097299638669915
Pakistan,rural,No_travel,2011,0.0
Pakistan,rural,No_travel,2012,0.0
Pakistan,rural,No_travel,2013,0.0
Pakistan,rural,No_travel,2014,0.0
Pakistan,rural,No_travel,2015,0.0
Pakistan,rural,No_travel,2016,0.0
Pakistan,rural,No_travel,2017,0.0
Pakistan,rural,No_travel,2018,0.0
Pakistan,rural,No_travel,2019,0.0
Pakistan,rural,No_travel,2020,0.0
Pakistan,rural,No_travel,2025,0.0
Pakistan,rural,No_travel,2030,0.0
Pakistan,rural,No_travel,2035,0.0
Pakistan,rural,No_travel,2040,0.0
Pakistan,rural,No_travel,2045,0.0
Pakistan,rural,No_travel,2050,0.0
Pakistan,rural,No_travel,2055,0.0
Pakistan,rural,No_travel,2060,0.0
Pakistan,rural,No_travel,2065,0.0
Pakistan,rural,No_travel,2070,0.0
Pakistan,rural,No_travel,2075,0.0
Pakistan,rural,No_travel,2080,0.0
Pakistan,rural,No_travel,2085,0.0
Pakistan,rural,No_travel,2090,0.0
Pakistan,rural,No_travel,2095,0.0
Pakistan,rural,No_travel,2100,0.0
Pakistan,rural,00_01,2011,0.034010264700701204
Pakistan,rural,00_01,2012,0.03402099381597174
Pakistan,rural,00_01,2013,0.03403884864606617
Pakistan,rural,00_01,2014,0.034058970651861566
Pakistan,rural,00_01,2015,0.03407980716701835
Pakistan,rural,00_01,2016,0.03410551365139076
Pakistan,rural,00_01,2017,0.034123684220350135
Pakistan,rural,00_01,2018,0.03414997409406368
Pakistan,rural,00_01,2019,0.0341550025171357
Pakistan,rural,00_01,2020,0.03413725036760796
Pakistan,rural,00_01,2025,0.03422147860108208
Pakistan,rural,00_01,2030,0.03429942129796494
Pakistan,rural,00_01,2035,0.03437077229062447
Pakistan,rural,00_01,2040,0.034438854295325075
Pakistan,rural,00_01,2045,0.034501322750385276
Pakistan,rural,00_01,2050,0.03455533143903656
Pakistan,rural,00_01,2055,0.03459966275028327
Pakistan,rural,00_01,2060,0.034633763669725155
Pakistan,rural,00_01,2065,0.034658341193454525
Pakistan,rural,00_01,2070,0.03467367124413789
Pakistan,rural,00_01,2075,0.03468038906369096
Pakistan,rural,00_01,2080,0.03467927515122687
Pakistan,rural,00_01,2085,0.03467151903205902
Pakistan,rural,00_01,2090,0.03465848001507977
Pakistan,rural,00_01,2095,0.0346413332721153
Pakistan,rural,00_01,2100,0.034620950816980384
Pakistan,rural,02_05,2011,0.1002189696232352
Pakistan,rural,02_05,2012,0.1002505853982621
Pakistan,rural,02_05,2013,0.10030319871046675
Pakistan,rural,02_05,2014,0.10036249277081337
Pakistan,rural,02_05,2015,0.10042389229527836
Pakistan,rural,02_05,2016,0.10049964229014345
Pakistan,rural,02_05,2017,0.10055318599862682
Pakistan,rural,02_05,2018,0.10063065508268963
Pakistan,rural,02_05,2019,0.10064547247336689
Pakistan,rural,02_05,2020,0.10059316173277359
Pakistan,rural,02_05,2025,0.10084135935329336
Pakistan,rural,02_05,2030,0.1010710352126258
Pakistan,rural,02_05,2035,0.1012812871183037
Pakistan,rural,02_05,2040,0.10148190620848205
Pakistan,rural,02_05,2045,0.10166598369965074
Pakistan,rural,02_05,2050,0.10182513256764594
Pakistan,rural,02_05,2055,0.10195576484511541
Pakistan,rural,02_05,2060,0.10205625094952378
Pakistan,rural,02_05,2065,0.10212867420543562
Pakistan,rural,02_05,2070,0.10217384768165755
Pakistan,rural,02_05,2075,0.10219364326277543
Pakistan,rural,02_05,2080,0.10219036086669929
Pakistan,rural,02_05,2085,0.10216750569993958
Pakistan,rural,02_05,2090,0.10212908327488468
Pakistan,rural,02_05,2095,0.10207855650223482
Pakistan,rural,02_05,2100,0.102018494968754
Pakistan,rural,06_10,2011,0.20903713331151952
Pakistan,rural,06_10,2012,0.2091030776232989
Pakistan,rural,06_10,2013,0.20921281868328617
Pakistan,rural,06_10,2014,0.20933649447484393
Pakistan,rural,06_10,2015,0.2094645618519992
Pakistan,rural,06_10,2016,0.20962256149851813
Pakistan,rural,06_10,2017,0.20973424318283707
Pakistan,rural,06_10,2018,0.2098958285125769
Pakistan,rural,06_10,2019,0.2099267346861484
Pakistan,rural,06_10,2020,0.2098176247312553
Pakistan,rural,06_10,2025,0.21033531633478345
Pakistan,rural,06_10,2030,0.21081437517370588
Pakistan,rural,06_10,2035,0.21125291945131544
Pakistan,rural,06_10,2040,0.2116713715632869
Pakistan,rural,06_10,2045,0.21205532114095407
Pakistan,rural,06_10,2050,0.21238727449529965
Pakistan,rural,06_10,2055,0.21265974782946814
Pakistan,rural,06_10,2060,0.21286934215359793
Pakistan,rural,06_10,2065,0.21302040287451546
Pakistan,rural,06_10,2070,0.21311462589443522
Pakistan,rural,06_10,2075,0.21315591559781846
Pakistan,rural,06_10,2080,0.21314906916277002
Pakistan,rural,06_10,2085,0.21310139776324585
Pakistan,rural,06_10,2090,0.21302125611323142
Pakistan,rural,06_10,2095,0.2129158671659102
Pakistan,rural,06_10,2100,0.21279059057577637
Pakistan,rural,11_20,2011,0.42565676697973387
Pakistan,rural,11_20,2012,0.42579104763173115
Pakistan,rural,11_20,2013,0.42601451043979355
Pakistan,rural,11_20,2014,0.42626634817194275
Pakistan,rural,11_20,2015,0.4265271283732969
Pakistan,rural,11_20,2016,0.4268488588603916
Pakistan,rural,11_20,2017,0.4270762733102789
Pakistan,rural,11_20,2018,0.4274053052289568
Pakistan,rural,11_20,2019,0.42746823864998945
Pakistan,rural,11_20,2020,0.42724606094448153
Pakistan,rural,11_20,2025,0.4283002226178621
Pakistan,rural,11_20,2030,0.429275717417941
Pakistan,rural,11_20,2035,0.430168713492024
Pakistan,rural,11_20,2040,0.4310207964224389
Pakistan,rural,11_20,2045,0.4318026227579039
Pakistan,rural,11_20,2050,0.4324785705637334
Pakistan,rural,11_20,2055,0.43303340078300123
Pakistan,rural,11_20,2060,0.433460192142857
Pakistan,rural,11_20,2065,0.43376779307989993
Pakistan,rural,11_20,2070,0.43395965691480215
Pakistan,rural,11_20,2075,0.4340437340420247
Pakistan,rural,11_20,2080,0.4340297928280313
Pakistan,rural,11_20,2085,0.4339327208223192
Pakistan,rural,11_20,2090,0.43376953050725336
Pakistan,rural,11_20,2095,0.43355492979071325
Pakistan,rural,11_20,2100,0.43329983239490677
Pakistan,rural,21_30,2011,0.4472028880076915
Pakistan,rural,21_30,2012,0.44734396574927854
Pakistan,rural,21_30,2013,0.4475787399168241
Pakistan,rural,21_30,2014,0.44784332530548254
Pakistan,rural,21_30,2015,0.4481173058180169
Pakistan,rural,21_30,2016,0.44845532183033066
Pakistan,rural,21_30,2017,0.4486942476660125
Pakistan,rural,21_30,2018,0.44903993469766373
Pakistan,rural,21_30,2019,0.44910605371613416
Pakistan,rural,21_30,2020,0.4488726297011489
Pakistan,rural,21_30,2025,0.4499801514917875
Pakistan,rural,21_30,2030,0.4510050244074166
Pakistan,rural,21_30,2035,0.4519432226325806
Pakistan,rural,21_30,2040,0.4528384367507711
Pakistan,rural,21_30,2045,0.45365983798825466
Pakistan,rural,21_30,2050,0.4543700012802759
Pakistan,rural,21_30,2055,0.4549529161912053
Pakistan,rural,21_30,2060,0.45540131110351584
Pakistan,rural,21_30,2065,0.45572448234868485
Pakistan,rural,21_30,2070,0.45592605804941033
Pakistan,rural,21_30,2075,0.45601439103745633
Pakistan,rural,21_30,2080,0.4559997441396649
Pakistan,rural,21_30,2085,0.45589775849144615
Pakistan,rural,21_30,2090,0.45572630772206174
Pakistan,rural,21_30,2095,0.455500844232109
Pakistan,rural,21_30,2100,0.4552328341804015
Pakistan,rural,31_50,2011,0.7371136503841371
Pakistan,rural,31_50,2012,0.7373461853964947
Pakistan,rural,31_50,2013,0.7377331579503312
Pakistan,rural,31_50,2014,0.7381692676153229
Pakistan,rural,31_50,2015,0.7386208630346369
Pakistan,rural,31_50,2016,0.7391780066117611
Pakistan,rural,31_50,2017,0.7395718222592744
Pakistan,rural,31_50,2018,0.7401416097911172
Pakistan,rural,31_50,2019,0.7402505921621427
Pakistan,rural,31_50,2020,0.7398658450319539
Pakistan,rural,31_50,2025,0.7416913462795298
Pakistan,rural,31_50,2030,0.7433806193953291
Pakistan,rural,31_50,2035,0.7449270287255896
Pakistan,rural,31_50,2040,0.7464025883971173
Pakistan,rural,31_50,2045,0.7477564840915054
Pakistan,rural,31_50,2050,0.7489270289841886
Pakistan,rural,31_50,2055,0.7498878334632758
Pakistan,rural,31_50,2060,0.7506269118983444
Pakistan,rural,31_50,2065,0.7511595872066077
Pakistan,rural,31_50,2070,0.7514918395345219
Pakistan,rural,31_50,2075,0.7516374366516559
Pakistan,rural,31_50,2080,0.7516132945260405
Pakistan,rural,31_50,2085,0.7514451940609916
Pakistan,rural,31_50,2090,0.7511625959251765
Pakistan,rural,31_50,2095,0.7507909699349066
Pakistan,rural,31_50,2100,0.7503492154810526
Pakistan,rural,51+,2011,0.8701436965792113
Pakistan,rural,51+,2012,0.8704181981776167
Pakistan,rural,51+,2013,0.8708750093196903
Pakistan,rural,51+,2014,0.871389825557067
Pakistan,rural,51+,2015,0.8719229223289358
Pakistan,rural,51+,2016,0.8725806159850925
Pakistan,rural,51+,2017,0.8730455052231624
Pakistan,rural,51+,2018,0.8737181247425052
Pakistan,rural,51+,2019,0.8738467756271235
Pakistan,rural,51+,2020,0.8733925915404005
Pakistan,rural,51+,2025,0.8755475487886456
Pakistan,rural,51+,2030,0.8775416922328043
Pakistan,rural,51+,2035,0.8793671886543619
Pakistan,rural,51+,2040,0.8811090488769168
Pakistan,rural,51+,2045,0.8827072879051637
Pakistan,rural,51+,2050,0.8840890860300532
Pakistan,rural,51+,2055,0.8852232909938158
Pakistan,rural,51+,2060,0.8860957540681564
Pakistan,rural,51+,2065,0.88672456356255
Pakistan,rural,51+,2070,0.8871167788860048
Pakistan,rural,51+,2075,0.887288652536219
Pakistan,rural,51+,2080,0.8872601533781647
Pakistan,rural,51+,2085,0.8870617151048019
Pakistan,rural,51+,2090,0.886728115277399
Pakistan,rural,51+,2095,0.8862894203587119
Pakistan,rural,51+,2100,0.8857679405933372
Sri Lanka,large_city,No_travel,2011,0.0
Sri Lanka,large_city,No_travel,2012,0.0
Sri Lanka,large_city,No_travel,2013,0.0
Sri Lanka,large_city,No_travel,2014,0.0
Sri Lanka,large_city,No_travel,2015,0.0
Sri Lanka,large_city,No_travel,2016,0.0
Sri Lanka,large_city,No_travel,2017,0.0
Sri Lanka,large_city,No_travel,2018,0.0
Sri Lanka,large_city,No_travel,2019,0.0
Sri Lanka,large_city,No_travel,2020,0.0
Sri Lanka,large_city,No_travel,2025,0.0
Sri Lanka,large_city,No_travel,2030,0.0
Sri Lanka,large_city,No_travel,2035,0.0
Sri Lanka,large_city,No_travel,2040,0.0
Sri Lanka,large_city,No_travel,2045,0.0
Sri Lanka,large_city,No_travel,2050,0.0
Sri Lanka,large_city,No_travel,2055,0.0
Sri Lanka,large_city,No_travel,2060,0.0
Sri Lanka,large_city,No_travel,2065,0.0
Sri Lanka,large_city,No_travel,2070,0.0
Sri Lanka,large_city,No_travel,2075,0.0
Sri Lanka,large_city,No_travel,2080,0.0
Sri Lanka,large_city,No_travel,2085,0.0
Sri Lanka,large_city,No_travel,2090,0.0
Sri Lanka,large_city,No_travel,2095,0.0
Sri Lanka,large_city,No_travel,2100,0.0
Sri Lanka,large_city,00_01,2011,0.04845544984797895
Sri Lanka,large_city,00_01,2012,0.0485177521796118
Sri Lanka,large_city,00_01,2013,0.048545687982913664
Sri Lanka,large_city,00_01,2014,0.04859064085606204
Sri Lanka,large_city,00_01,2015,0.04861901182258411
Sri Lanka,large_city,00_01,2016,0.048653405776027135
Sri Lanka,large_city,00_01,2017,0.048697223415349225
Sri Lanka,large_city,00_01,2018,0.0487115260536567
Sri Lanka,large_city,00_01,2019,0.048707563740351775
Sri Lanka,large_city,00_01,2020,0.048670256200271225
Sri Lanka,large_city,00_01,2025,0.04863299617305436
Sri Lanka,large_city,00_01,2030,0.04871875328391033
Sri Lanka,large_city,00_01,2035,0.04880630307634551
Sri Lanka,large_city,00_01,2040,0.04889147322068737
Sri Lanka,large_city,00_01,2045,0.048972965064334545
Sri Lanka,large_city,00_01,2050,0.049049346196275816
Sri Lanka,large_city,00_01,2055,0.04911892753934665
Sri Lanka,large_city,00_01,2060,0.04917976148886277
Sri Lanka,large_city,00_01,2065,0.04923131497227186
Sri Lanka,large_city,00_01,2070,0.049274142154984324
Sri Lanka,large_city,00_01,2075,0.04931037699694144
Sri Lanka,large_city,00_01,2080,0.04933958443636541
Sri Lanka,large_city,00_01,2085,0.049362622291826086
Sri Lanka,large_city,00_01,2090,0.04937989142485824
Sri Lanka,large_city,00_01,2095,0.04939238792042716
Sri Lanka,large_city,00_01,2100,0.0494012581003576
Sri Lanka,large_city,02_05,2011,0.19139849721913774
Sri Lanka,large_city,02_05,2012,0.1916445907480429
Sri Lanka,large_city,02_05,2013,0.19175493686571102
Sri Lanka,large_city,02_05,2014,0.19193250022325437
Sri Lanka,large_city,02_05,2015,0.1920445652308854
Sri Lanka,large_city,02_05,2016,0.1921804209710152
Sri Lanka,large_city,02_05,2017,0.1923535001673543
Sri Lanka,large_city,02_05,2018,0.19240999543232262
Sri Lanka,large_city,02_05,2019,0.19239434433808134
Sri Lanka,large_city,02_05,2020,0.19224697996258255
Sri Lanka,large_city,02_05,2025,0.19209980326237597
Sri Lanka,large_city,02_05,2030,0.19243854291282153
Sri Lanka,large_city,02_05,2035,0.19278436363590867
Sri Lanka,large_city,02_05,2040,0.19312078477503983
Sri Lanka,large_city,02_05,2045,0.19344267666663553
Sri Lanka,large_city,02_05,2050,0.19374438130285954
Sri Lanka,large_city,02_05,2055,0.19401922684737577
Sri Lanka,large_city,02_05,2060,0.19425952028297117
Sri Lanka,large_city,02_05,2065,0.19446315597889116
Sri Lanka,large_city,02_05,2070,0.19463232288244922
Sri Lanka,large_city,02_05,2075,0.19477545011208644
Sri Lanka,large_city,02_05,2080,0.19489081917853623
Sri Lanka,large_city,02_05,2085,0.1949818184557725
Sri Lanka,large_city,02_05,2090,0.1950500313424757
Sri Lanka,large_city,02_05,2095,0.19509939236337015
Sri Lanka,large_city,02_05,2100,0.19513442947713291
Sri Lanka,large_city,06_10,2011,0.3029745494359447
Sri Lanka,large_city,06_10,2012,0.3033641035710212
Sri Lanka,large_city,06_10,2013,0.3035387761299401
Sri Lanka,large_city,06_10,2014,0.3038198503234665
Sri Lanka,large_city,06_10,2015,0.3039972438019308
Sri Lanka,large_city,06_10,2016,0.304212296857478
Sri Lanka,large_city,06_10,2017,0.30448627284103835
Sri Lanka,large_city,06_10,2018,0.30457570210875845
Sri Lanka,large_city,06_10,2019,0.30455092718473953
Sri Lanka,large_city,06_10,2020,0.30431765651690074
Sri Lanka,large_city,06_10,2025,0.30408468292995816
Sri Lanka,large_city,06_10,2030,0.3046208913875007
Sri Lanka,large_city,06_10,2035,0.30516830884001594
Sri Lanka,large_city,06_10,2040,0.3057008472064603
Sri Lanka,large_city,06_10,2045,0.306210386477877
Sri Lanka,large_city,06_10,2050,0.30668797030194456
Sri Lanka,large_city,06_10,2055,0.3071230374849379
Sri Lanka,large_city,06_10,2060,0.3075034103532712
Sri Lanka,large_city,06_10,2065,0.30782575579546034
Sri Lanka,large_city,06_10,2070,0.3080935388090662
Sri Lanka,large_city,06_10,2075,0.3083201022802606
Sri Lanka,large_city,06_10,2080,0.30850272592378086
Sri Lanka,large_city,06_10,2085,0.3086467733714894
Sri Lanka,large_city,06_10,2090,0.30875475106679473
Sri Lanka,large_city,06_10,2095,0.30883288717174057
Sri Lanka,large_city,06_10,2100,0.3088883492255709
Sri Lanka,large_city,11_20,2011,0.4299190619080786
Sri Lanka,large_city,11_20,2012,0.4304718368808487
Sri Lanka,large_city,11_20,2013,0.4307196961905212
Sri Lanka,large_city,11_20,2014,0.4311185387792218
Sri Lanka,large_city,11_20,2015,0.43137025905735066
Sri Lanka,large_city,11_20,2016,0.43167541804867005
Sri Lanka,large_city,11_20,2017,0.43206418832015614
Sri Lanka,large_city,11_20,2018,0.4321910879127355
Sri Lanka,large_city,11_20,2019,0.4321559324446843
Sri Lanka,large_city,11_20,2020,0.43182492277118323
Sri Lanka,large_city,11_20,2025,0.43149433465368564
Sri Lanka,large_city,11_20,2030,0.432255211227256
Sri Lanka,large_city,11_20,2035,0.4330319932972207
Sri Lanka,large_city,11_20,2040,0.43378766203361474
Sri Lanka,large_city,11_20,2045,0.43451069519260654
Sri Lanka,large_city,11_20,2050,0.43518838376416435
Sri Lanka,large_city,11_20,2055,0.43580574147796475
Sri Lanka,large_city,11_20,2060,0.4363454882884925
Sri Lanka,large_city,11_20,2065,0.43680289453061516
Sri Lanka,large_city,11_20,2070,0.43718287701501424
Sri Lanka,large_city,11_20,2075,0.43750436921685043
Sri Lanka,large_city,11_20,2080,0.43776351106771105
Sri Lanka,large_city,11_20,2085,0.4379679135289224
Sri Lanka,large_city,11_20,2090,0.4381211332285938
Sri Lanka,large_city,11_20,2095,0.4382320078911753
Sri Lanka,large_city,11_20,2100,0.43831070821170914
Sri Lanka,large_city,21_30,2011,0.40425825414739147
Sri Lanka,large_city,21_30,2012,0.4047780353462912
Sri Lanka,large_city,21_30,2013,0.40501110054548856
Sri Lanka,large_city,21_30,2014,0.4053861372044172
Sri Lanka,large_city,21_30,2015,0.40562283292039275
Sri Lanka,large_city,21_30,2016,0.40590977772465575
Sri Lanka,large_city,21_30,2017,0.40627534325812587
Sri Lanka,large_city,21_30,2018,0.4063946685272137
Sri Lanka,large_city,21_30,2019,0.4063616114022863
Sri Lanka,large_city,21_30,2020,0.40605035887926133
Sri Lanka,large_city,21_30,2025,0.40573950275060233
Sri Lanka,large_city,21_30,2030,0.4064549644793474
Sri Lanka,large_city,21_30,2035,0.4071853823446619
Sri Lanka,large_city,21_30,2040,0.4078959470791787
Sri Lanka,large_city,21_30,2045,0.40857582417336347
Sri Lanka,large_city,21_30,2050,0.40921306318662726
Sri Lanka,large_city,21_30,2055,0.409793572342136
Sri Lanka,large_city,21_30,2060,0.410301102997644
Sri Lanka,large_city,21_30,2065,0.41073120779005756
Sri Lanka,large_city,21_30,2070,0.4110885100577635
Sri Lanka,large_city,21_30,2075,0.4113908131835181
Sri Lanka,large_city,21_30,2080,0.4116344874968656
Sri Lanka,large_city,21_30,2085,0.41182668967963454
Sri Lanka,large_city,21_30,2090,0.41197076407358035
Sri Lanka,large_city,21_30,2095,0.4120750209011921
Sri Lanka,large_city,21_30,2100,0.4121490237938265
Sri Lanka,large_city,31_50,2011,0.46875265225046414
Sri Lanka,large_city,31_50,2012,0.4693553581026626
Sri Lanka,large_city,31_50,2013,0.46962560596810565
Sri Lanka,large_city,31_50,2014,0.4700604750815013
Sri Lanka,large_city,31_50,2015,0.47033493266771403
Sri Lanka,large_city,31_50,2016,0.47066765596196425
Sri Lanka,large_city,31_50,2017,0.47109154294912514
Sri Lanka,large_city,31_50,2018,0.4712299050871683
Sri Lanka,large_city,31_50,2019,0.4711915741073392
Sri Lanka,large_city,31_50,2020,0.470830665098826
Sri Lanka,large_city,31_50,2025,0.4704702157244909
Sri Lanka,large_city,31_50,2030,0.4712998205117581
Sri Lanka,large_city,31_50,2035,0.47214676750196716
Sri Lanka,large_city,31_50,2040,0.47297069404022146
Sri Lanka,large_city,31_50,2045,0.4737590371051654
Sri Lanka,large_city,31_50,2050,0.4744979397114087
Sri Lanka,large_city,31_50,2055,0.4751710619136364
Sri Lanka,large_city,31_50,2060,0.475759562799956
Sri Lanka,large_city,31_50,2065,0.47625828548556876
Sri Lanka,large_city,31_50,2070,0.47667259090524533
Sri Lanka,large_city,31_50,2075,0.4770231227509833
Sri Lanka,large_city,31_50,2080,0.47730567228335546
Sri Lanka,large_city,31_50,2085,0.4775285379441477
Sri Lanka,large_city,31_50,2090,0.47769559762342606
Sri Lanka,large_city,31_50,2095,0.47781648733676363
Sri Lanka,large_city,31_50,2100,0.47790229647446386
Sri Lanka,large_city,51+,2011,0.39941959644820463
Sri Lanka,large_city,51+,2012,0.3999331562693733
Sri Lanka,large_city,51+,2013,0.4001634318589364
Sri Lanka,large_city,51+,2014,0.40053397961999193
Sri Lanka,large_city,51+,2015,0.4007678422718638
Sri Lanka,large_city,51+,2016,0.40105135256941693
Sri Lanka,large_city,51+,2017,0.40141254256703846
Sri Lanka,large_city,51+,2018,0.4015304396052218
Sri Lanka,large_city,51+,2019,0.4014977781484358
Sri Lanka,large_city,51+,2020,0.40119025107665757
Sri Lanka,large_city,51+,2025,0.40088311565471224
Sri Lanka,large_city,51+,2030,0.40159001386158305
Sri Lanka,large_city,51+,2035,0.40231168919167065
Sri Lanka,large_city,51+,2040,0.40301374901753517
Sri Lanka,large_city,51+,2045,0.4036854885103166
Sri Lanka,large_city,51+,2050,0.4043151002669292
Sri Lanka,large_city,51+,2055,0.4048886611781759
Sri Lanka,large_city,51+,2060,0.4053901170854539
Sri Lanka,large_city,51+,2065,0.40581507385715565
Sri Lanka,large_city,51+,2070,0.40616809949389404
Sri Lanka,large_city,51+,2075,0.40646678428574473
Sri Lanka,large_city,51+,2080,0.40670754200659154
Sri Lanka,large_city,51+,2085,0.4068974436783334
Sri Lanka,large_city,51+,2090,0.4070397936135493
Sri Lanka,large_city,51+,2095,0.40714280256781166
Sri Lanka,large_city,51+,2100,0.4072159197032289
Sri Lanka,city,No_travel,2011,0.0
Sri Lanka,city,No_travel,2012,0.0
Sri Lanka,city,No_travel,2013,0.0
Sri Lanka,city,No_travel,2014,0.0
Sri Lanka,city,No_travel,2015,0.0
Sri Lanka,city,No_travel,2016,0.0
Sri Lanka,city,No_travel,2017,0.0
Sri Lanka,city,No_travel,2018,0.0
Sri Lanka,city,No_travel,2019,0.0
Sri Lanka,city,No_travel,2020,0.0
Sri Lanka,city,No_travel,2025,0.0
Sri Lanka,city,No_travel,2030,0.0
Sri Lanka,city,No_travel,2035,0.0
Sri Lanka,city,No_travel,2040,0.0
Sri Lanka,city,No_travel,2045,0.0
Sri Lanka,city,No_travel,2050,0.0
Sri Lanka,city,No_travel,2055,0.0
Sri Lanka,city,No_travel,2060,0.0
Sri Lanka,city,No_travel,2065,0.0
Sri Lanka,city,No_travel,2070,0.0
Sri Lanka,city,No_travel,2075,0.0
Sri Lanka,city,No_travel,2080,0.0
Sri Lanka,city,No_travel,2085,0.0
Sri Lanka,city,No_travel,2090,0.0
Sri Lanka,city,No_travel,2095,0.0
Sri Lanka,city,No_travel,2100,0.0
Sri Lanka,city,00_01,2011,0.03443334851853788
Sri Lanka,city,00_01,2012,0.034477621720115044
Sri Lanka,city,00_01,2013,0.034497473424190774
Sri Lanka,city,00_01,2014,0.0345294177762272
Sri Lanka,city,00_01,2015,0.03454957871542243
Sri Lanka,city,00_01,2016,0.03457401970172117
Sri Lanka,city,00_01,2017,0.034605157335377876
Sri Lanka,city,00_01,2018,0.034615321057541656
Sri Lanka,city,00_01,2019,0.03461250536363321
Sri Lanka,city,00_01,2020,0.03458599392820142
Sri Lanka,city,00_01,2025,0.03455951625629881
Sri Lanka,city,00_01,2030,0.034620456862470256
Sri Lanka,city,00_01,2035,0.03468267138168542
Sri Lanka,city,00_01,2040,0.03474319487847883
Sri Lanka,city,00_01,2045,0.03480110450603414
Sri Lanka,city,00_01,2050,0.03485538236630838
Sri Lanka,city,00_01,2055,0.034904828169491774
Sri Lanka,city,00_01,2060,0.03494805791128593
Sri Lanka,city,00_01,2065,0.03498469278036957
Sri Lanka,city,00_01,2070,0.03501512657704326
Sri Lanka,city,00_01,2075,0.035040875733134844
Sri Lanka,city,00_01,2080,0.0350616310856117
Sri Lanka,city,00_01,2085,0.03507800221638618
Sri Lanka,city,00_01,2090,0.03509027398515883
Sri Lanka,city,00_01,2095,0.03509915422852743
Sri Lanka,city,00_01,2100,0.035105457544210704
Sri Lanka,city,02_05,2011,0.1172561922728026
Sri Lanka,city,02_05,2012,0.11740695620544392
Sri Lanka,city,02_05,2013,0.11747455739238027
Sri Lanka,city,02_05,2014,0.1175833377824837
Sri Lanka,city,02_05,2015,0.11765199201056153
Sri Lanka,city,02_05,2016,0.11773522112164378
Sri Lanka,city,02_05,2017,0.11784125438637273
Sri Lanka,city,02_05,2018,0.11787586500112611
Sri Lanka,city,02_05,2019,0.11786627669326424
Sri Lanka,city,02_05,2020,0.11777599706307539
Sri Lanka,city,02_05,2025,0.11768583240813695
Sri Lanka,city,02_05,2030,0.11789335400397054
Sri Lanka,city,02_05,2035,0.11810521366738158
Sri Lanka,city,02_05,2040,0.1183113148768881
Sri Lanka,city,02_05,2045,0.11850851505390302
Sri Lanka,city,02_05,2050,0.11869334794103992
Sri Lanka,city,02_05,2055,0.1188617261805839
Sri Lanka,city,02_05,2060,0.11900893681021495
Sri Lanka,city,02_05,2065,0.11913368986032412
Sri Lanka,city,02_05,2070,0.11923732634262674
Sri Lanka,city,02_05,2075,0.11932501017610322
Sri Lanka,city,02_05,2080,0.11939568856509017
Sri Lanka,city,02_05,2085,0.11945143732437163
Sri Lanka,city,02_05,2090,0.11949322648925519
Sri Lanka,city,02_05,2095,0.1195234664620913
Sri Lanka,city,02_05,2100,0.11954493119983868
Sri Lanka,city,06_10,2011,0.200017206570617
Sri Lanka,city,06_10,2012,0.20027438173615844
Sri Lanka,city,06_10,2013,0.20038969675969606
Sri Lanka,city,06_10,2014,0.20057525582771976
Sri Lanka,city,06_10,2015,0.20069236714314984
Sri Lanka,city,06_10,2016,0.2008343404921163
Sri Lanka,city,06_10,2017,0.20101521347633625
Sri Lanka,city,06_10,2018,0.20107425273342344
Sri Lanka,city,06_10,2019,0.2010578968675447
Sri Lanka,city,06_10,2020,0.20090389664725278
Sri Lanka,city,06_10,2025,0.20075009255330578
Sri Lanka,city,06_10,2030,0.2011040857121928
Sri Lanka,city,06_10,2035,0.2014654788057181
Sri Lanka,city,06_10,2040,0.20181704905030198
Sri Lanka,city,06_10,2045,0.20215343579267533
Sri Lanka,city,06_10,2050,0.2024687262438738
Sri Lanka,city,06_10,2055,0.2027559481335503
Sri Lanka,city,06_10,2060,0.20300706202651894
Sri Lanka,city,06_10,2065,0.20321986747508705
Sri Lanka,city,06_10,2070,0.20339665199526616
Sri Lanka,city,06_10,2075,0.20354622427024305
Sri Lanka,city,06_10,2080,0.20366678842686506
Sri Lanka,city,06_10,2085,0.20376188541820617
Sri Lanka,city,06_10,2090,0.20383316994367906
Sri Lanka,city,06_10,2095,0.20388475370037637
Sri Lanka,city,06_10,2100,0.20392136854178286
Sri Lanka,city,11_20,2011,0.34492847757715667
Sri Lanka,city,11_20,2012,0.3453719746134456
Sri Lanka,city,11_20,2013,0.34557083468249955
Sri Lanka,city,11_20,2014,0.3458908301865436
Sri Lanka,city,11_20,2015,0.3460927879502328
Sri Lanka,city,11_20,2016,0.34633762014219843
Sri Lanka,city,11_20,2017,0.34664953452272346
Sri Lanka,city,11_20,2018,0.3467513473687957
Sri Lanka,city,11_20,2019,0.34672314177581826
Sri Lanka,city,11_20,2020,0.3464575693161155
Sri Lanka,city,11_20,2025,0.34619233507512265
Sri Lanka,city,11_20,2030,0.34680279416242377
Sri Lanka,city,11_20,2035,0.3474260143927922
Sri Lanka,city,11_20,2040,0.3480322951788551
Sri Lanka,city,11_20,2045,0.3486123921060813
Sri Lanka,city,11_20,2050,0.3491561086052321
Sri Lanka,city,11_20,2055,0.3496514210377551
Sri Lanka,city,11_20,2060,0.3500844654457099
Sri Lanka,city,11_20,2065,0.35045144717019877
Sri Lanka,city,11_20,2070,0.35075631101891497
Sri Lanka,city,11_20,2075,0.35101424751338006
Sri Lanka,city,11_20,2080,0.3512221596810731
Sri Lanka,city,11_20,2085,0.3513861538744121
Sri Lanka,city,11_20,2090,0.3515090836126468
Sri Lanka,city,11_20,2095,0.35159803949284524
Sri Lanka,city,11_20,2100,0.35166118156806775
Sri Lanka,city,21_30,2011,0.3020747578557574
Sri Lanka,city,21_30,2012,0.3024631550701241
Sri Lanka,city,21_30,2013,0.3026373088762366
Sri Lanka,city,21_30,2014,0.30291754831914375
Sri Lanka,city,21_30,2015,0.30309441496405526
Sri Lanka,city,21_30,2016,0.3033088293424296
Sri Lanka,city,21_30,2017,0.3035819916560508
Sri Lanka,city,21_30,2018,0.3036711553314885
Sri Lanka,city,21_30,2019,0.3036464539854915
Sri Lanka,city,21_30,2020,0.3034138760985586
Sri Lanka,city,21_30,2025,0.3031815944102337
Sri Lanka,city,21_30,2030,0.3037162104044613
Sri Lanka,city,21_30,2035,0.3042620021045312
Sri Lanka,city,21_30,2040,0.3047929589073124
Sri Lanka,city,21_30,2045,0.30530098491912677
Sri Lanka,city,21_30,2050,0.30577715038675307
Sri Lanka,city,21_30,2055,0.3062109254817186
Sri Lanka,city,21_30,2060,0.3065901686964064
Sri Lanka,city,21_30,2065,0.3069115568182023
Sri Lanka,city,21_30,2070,0.30717854455411436
Sri Lanka,city,21_30,2075,0.30740443516382865
Sri Lanka,city,21_30,2080,0.30758651644094526
Sri Lanka,city,21_30,2085,0.3077301360880981
Sri Lanka,city,21_30,2090,0.30783779310491327
Sri Lanka,city,21_30,2095,0.30791569715667355
Sri Lanka,city,21_30,2100,0.3079709944960447
Sri Lanka,city,31_50,2011,0.44826275741542626
Sri Lanka,city,31_50,2012,0.4488391180736963
Sri Lanka,city,31_50,2013,0.44909755299191495
Sri Lanka,city,31_50,2014,0.4495134133117438
Sri Lanka,city,31_50,2015,0.4497758739374036
Sri Lanka,city,31_50,2016,0.45009405338795366
Sri Lanka,city,31_50,2017,0.4504994116270698
Sri Lanka,city,31_50,2018,0.4506317257445971
Sri Lanka,city,31_50,2019,0.45059507027047846
Sri Lanka,city,31_50,2020,0.4502499371463127
Sri Lanka,city,31_50,2025,0.4499052435650126
Sri Lanka,city,31_50,2030,0.4506985850591248
Sri Lanka,city,31_50,2035,0.4515085107019837
Sri Lanka,city,31_50,2040,0.4522964221520256
Sri Lanka,city,31_50,2045,0.4530503055367585
Sri Lanka,city,31_50,2050,0.4537569095808015
Sri Lanka,city,31_50,2055,0.4544006085828221
Sri Lanka,city,31_50,2060,0.4549633851959817
Sri Lanka,city,31_50,2065,0.4554403079507972
Sri Lanka,city,31_50,2070,0.45583650344738746
Sri Lanka,city,31_50,2075,0.45617171301042253
Sri Lanka,city,31_50,2080,0.45644191187090793
Sri Lanka,city,31_50,2085,0.4566550357330564
Sri Lanka,city,31_50,2090,0.4568147929784324
Sri Lanka,city,31_50,2095,0.45693039841764155
Sri Lanka,city,31_50,2100,0.45701245670678886
Sri Lanka,city,51+,2011,0.5770710661778331
Sri Lanka,city,51+,2012,0.5778130440782248
Sri Lanka,city,51+,2013,0.5781457402733177
Sri Lanka,city,51+,2014,0.5786810980610768
Sri Lanka,city,51+,2015,0.5790189767506928
Sri Lanka,city,51+,2016,0.579428585070205
Sri Lanka,city,51+,2017,0.5799504230042315
Sri Lanka,city,51+,2018,0.5801207575850298
Sri Lanka,city,51+,2019,0.5800735691599801
Sri Lanka,city,51+,2020,0.5796292620284129
Sri Lanka,city,51+,2025,0.5791855207423592
Sri Lanka,city,51+,2030,0.5802068289243953
Sri Lanka,city,51+,2035,0.581249486710521
Sri Lanka,city,51+,2040,0.5822638045252575
Sri Lanka,city,51+,2045,0.5832343163097072
Sri Lanka,city,51+,2050,0.5841439630343481
Sri Lanka,city,51+,2055,0.5849726289523811
Sri Lanka,city,51+,2060,0.5856971194321355
Sri Lanka,city,51+,2065,0.5863110859463129
Sri Lanka,city,51+,2070,0.586821128223638
Sri Lanka,city,51+,2075,0.5872526602586635
Sri Lanka,city,51+,2080,0.5876005007649759
Sri Lanka,city,51+,2085,0.5878748657714892
Sri Lanka,city,51+,2090,0.5880805292632553
Sri Lanka,city,51+,2095,0.5882293539268187
Sri Lanka,city,51+,2100,0.5883349916663446
Sri Lanka,town,No_travel,2011,0.0
Sri Lanka,town,No_travel,2012,0.0
Sri Lanka,town,No_travel,2013,0.0
Sri Lanka,town,No_travel,2014,0.0
Sri Lanka,town,No_travel,2015,0.0
Sri Lanka,town,No_travel,2016,0.0
Sri Lanka,town,No_travel,2017,0.0
Sri Lanka,town,No_travel,2018,0.0
Sri Lanka,town,No_travel,2019,0.0
Sri Lanka,town,No_travel,2020,0.0
Sri Lanka,town,No_travel,2025,0.0
Sri Lanka,town,No_travel,2030,0.0
Sri Lanka,town,No_travel,2035,0.0
Sri Lanka,town,No_travel,2040,0.0
Sri Lanka,town,No_travel,2045,0.0
Sri Lanka,town,No_travel,2050,0.0
Sri Lanka,town,No_travel,2055,0.0
Sri Lanka,town,No_travel,2060,0.0
Sri Lanka,town,No_travel,2065,0.0
Sri Lanka,town,No_travel,2070,0.0
Sri Lanka,town,No_travel,2075,0.0
Sri Lanka,town,No_travel,2080,0.0
Sri Lanka,town,No_travel,2085,0.0
Sri Lanka,town,No_travel,2090,0.0
Sri Lanka,town,No_travel,2095,0.0
Sri Lanka,town,No_travel,2100,0.0
Sri Lanka,town,00_01,2011,0.027047867565327503
Sri Lanka,town,00_01,2012,0.027082644772438436
Sri Lanka,town,00_01,2013,0.027098238558285238
Sri Lanka,town,00_01,2014,0.02712333128497362
Sri Lanka,town,00_01,2015,0.0271391679792484
Sri Lanka,town,00_01,2016,0.02715836670923014
Sri Lanka,town,00_01,2017,0.02718282574756592
Sri Lanka,town,00_01,2018,0.027190809490735966
Sri Lanka,town,00_01,2019,0.027188597724549495
Sri Lanka,town,00_01,2020,0.0271677726283745
Sri Lanka,town,00_01,2025,0.027146974053914787
Sri Lanka,town,00_01,2030,0.027194843735952504
Sri Lanka,town,00_01,2035,0.02724371409415964
Sri Lanka,town,00_01,2040,0.027291256131059635
Sri Lanka,town,00_01,2045,0.02733674493782004
Sri Lanka,town,00_01,2050,0.027379380941566136
Sri Lanka,town,00_01,2055,0.027418221298188605
Sri Lanka,town,00_01,2060,0.0274521788533274
Sri Lanka,town,00_01,2065,0.027480956045493707
Sri Lanka,town,00_01,2070,0.02750486221022517
Sri Lanka,town,00_01,2075,0.027525088525522653
Sri Lanka,town,00_01,2080,0.027541392139583412
Sri Lanka,town,00_01,2085,0.027554251887360895
Sri Lanka,town,00_01,2090,0.027563891530057172
Sri Lanka,town,00_01,2095,0.0275708670830288
Sri Lanka,town,00_01,2100,0.02757581842395726
Sri Lanka,town,02_05,2011,0.08140578256416522
Sri Lanka,town,02_05,2012,0.08151045128725119
Sri Lanka,town,02_05,2013,0.0815573837981758
Sri Lanka,town,02_05,2014,0.0816329052065753
Sri Lanka,town,02_05,2015,0.08168056879733912
Sri Lanka,town,02_05,2016,0.0817383510840435
Sri Lanka,town,02_05,2017,0.08181196528492946
Sri Lanka,town,02_05,2018,0.08183599390230491
Sri Lanka,town,02_05,2019,0.08182933716469616
Sri Lanka,town,02_05,2020,0.08176666001475061
Sri Lanka,town,02_05,2025,0.08170406268703068
Sri Lanka,town,02_05,2030,0.08184813574262244
Sri Lanka,town,02_05,2035,0.08199522052645741
Sri Lanka,town,02_05,2040,0.08213830747071248
Sri Lanka,town,02_05,2045,0.08227521482221799
Sri Lanka,town,02_05,2050,0.08240353611194542
Sri Lanka,town,02_05,2055,0.08252043366840849
Sri Lanka,town,02_05,2060,0.08262263549054337
Sri Lanka,town,02_05,2065,0.08270924600956633
Sri Lanka,town,02_05,2070,0.08278119623053559
Sri Lanka,town,02_05,2075,0.08284207123375736
Sri Lanka,town,02_05,2080,0.08289114010981698
Sri Lanka,town,02_05,2085,0.08292984400500855
Sri Lanka,town,02_05,2090,0.08295885637189604
Sri Lanka,town,02_05,2095,0.08297985064610644
Sri Lanka,town,02_05,2100,0.0829947526631342
Sri Lanka,town,06_10,2011,0.19908062987368702
Sri Lanka,town,06_10,2012,0.19933660082149537
Sri Lanka,town,06_10,2013,0.19945137588466808
Sri Lanka,town,06_10,2014,0.19963606607594864
Sri Lanka,town,06_10,2015,0.19975262901991178
Sri Lanka,town,06_10,2016,0.19989393758142068
Sri Lanka,town,06_10,2017,0.20007396363139415
Sri Lanka,town,06_10,2018,0.2001327264383032
Sri Lanka,town,06_10,2019,0.20011644715844973
Sri Lanka,town,06_10,2020,0.1999631680412075
Sri Lanka,town,06_10,2025,0.1998100841319524
Sri Lanka,town,06_10,2030,0.2001624197247271
Sri Lanka,town,06_10,2035,0.20052212060208946
Sri Lanka,town,06_10,2040,0.20087204462581035
Sri Lanka,town,06_10,2045,0.20120685624377585
Sri Lanka,town,06_10,2050,0.2015206703535414
Sri Lanka,town,06_10,2055,0.20180654733228082
Sri Lanka,town,06_10,2060,0.20205648538930784
Sri Lanka,town,06_10,2065,0.20226829438048347
Sri Lanka,town,06_10,2070,0.20244425111056982
Sri Lanka,town,06_10,2075,0.20259312301626523
Sri Lanka,town,06_10,2080,0.20271312263355828
Sri Lanka,town,06_10,2085,0.20280777433507877
Sri Lanka,town,06_10,2090,0.20287872507214136
Sri Lanka,town,06_10,2095,0.20293006728889673
Sri Lanka,town,06_10,2100,0.20296651068201732
Sri Lanka,town,11_20,2011,0.46310481127692005
Sri Lanka,town,11_20,2012,0.4637002553316851
Sri Lanka,town,11_20,2013,0.46396724707268777
Sri Lanka,town,11_20,2014,0.4643968765963232
Sri Lanka,town,11_20,2015,0.4646680273366046
Sri Lanka,town,11_20,2016,0.46499674176126216
Sri Lanka,town,11_20,2017,0.4654155214785596
Sri Lanka,town,11_20,2018,0.4655522165383501
Sri Lanka,town,11_20,2019,0.46551434739543524
Sri Lanka,town,11_20,2020,0.46515778685658127
Sri Lanka,town,11_20,2025,0.46480168041392983
Sri Lanka,town,11_20,2030,0.46562128957581367
Sri Lanka,town,11_20,2035,0.4664580319903456
Sri Lanka,town,11_20,2040,0.46727203131850387
Sri Lanka,town,11_20,2045,0.4680508759064963
Sri Lanka,town,11_20,2050,0.46878087572702737
Sri Lanka,town,11_20,2055,0.46944588770921536
Sri Lanka,town,11_20,2060,0.4700272979488949
Sri Lanka,town,11_20,2065,0.4705200116948148
Sri Lanka,town,11_20,2070,0.4709293252896695
Sri Lanka,town,11_20,2075,0.4712756336966463
Sri Lanka,town,11_20,2080,0.4715547788859853
Sri Lanka,town,11_20,2085,0.47177495931437496
Sri Lanka,town,11_20,2090,0.4719400061485054
Sri Lanka,town,11_20,2095,0.47205943930288163
Sri Lanka,town,11_20,2100,0.4721442145555223
Sri Lanka,town,21_30,2011,0.4152421813255062
Sri Lanka,town,21_30,2012,0.415776085275837
Sri Lanka,town,21_30,2013,0.4160154829893355
Sri Lanka,town,21_30,2014,0.4164007096080448
Sri Lanka,town,21_30,2015,0.4166438364815317
Sri Lanka,town,21_30,2016,0.4169385777396749
Sri Lanka,town,21_30,2017,0.41731407589704883
Sri Lanka,town,21_30,2018,0.41743664330170893
Sri Lanka,town,21_30,2019,0.41740268799585595
Sri Lanka,town,21_30,2020,0.41708297856437737
Sri Lanka,town,21_30,2025,0.4167636762975257
Sri Lanka,town,21_30,2030,0.41749857752922875
Sri Lanka,town,21_30,2035,0.4182488412642562
Sri Lanka,town,21_30,2040,0.4189787124476066
Sri Lanka,town,21_30,2045,0.4196770621899463
Sri Lanka,town,21_30,2050,0.4203316153504042
Sri Lanka,town,21_30,2055,0.42092789727053787
Sri Lanka,town,21_30,2060,0.4214492178232306
Sri Lanka,town,21_30,2065,0.42189100880799857
Sri Lanka,town,21_30,2070,0.4222580191819677
Sri Lanka,town,21_30,2075,0.42256853605595124
Sri Lanka,town,21_30,2080,0.4228188311392781
Sri Lanka,town,21_30,2085,0.4230162555649013
Sri Lanka,town,21_30,2090,0.423164244542248
Sri Lanka,town,21_30,2095,0.4232713340872886
Sri Lanka,town,21_30,2100,0.423347347680695
Sri Lanka,town,31_50,2011,0.5954906855894606
Sri Lanka,town,31_50,2012,0.5962563467956669
Sri Lanka,town,31_50,2013,0.5965996623713743
Sri Lanka,town,31_50,2014,0.5971521083260465
Sri Lanka,town,31_50,2015,0.5975007718171103
Sri Lanka,town,31_50,2016,0.5979234544870715
Sri Lanka,town,31_50,2017,0.598461949045737
Sri Lanka,town,31_50,2018,0.5986377205620098
Sri Lanka,town,31_50,2019,0.5985890259224207
Sri Lanka,town,31_50,2020,0.5981305368837281
Sri Lanka,town,31_50,2025,0.5976726317518583
Sri Lanka,town,31_50,2030,0.5987265392255894
Sri Lanka,town,31_50,2035,0.5998024777646805
Sri Lanka,town,31_50,2040,0.6008491717445117
Sri Lanka,town,31_50,2045,0.6018506614426912
Sri Lanka,town,31_50,2050,0.6027893433199311
Sri Lanka,town,31_50,2055,0.6036444595518408
Sri Lanka,town,31_50,2060,0.6043920751537621
Sri Lanka,town,31_50,2065,0.6050256389587854
Sri Lanka,town,31_50,2070,0.6055519613533834
Sri Lanka,town,31_50,2075,0.6059972675252787
Sri Lanka,town,31_50,2080,0.6063562108057861
Sri Lanka,town,31_50,2085,0.6066393333108052
Sri Lanka,town,31_50,2090,0.6068515614069454
Sri Lanka,town,31_50,2095,0.6070051364276531
Sri Lanka,town,31_50,2100,0.6071141460343051
Sri Lanka,town,51+,2011,0.6754469694604288
Sri Lanka,town,51+,2012,0.6763154356747298
Sri Lanka,town,51+,2013,0.6767048480883776
Sri Lanka,town,51+,2014,0.6773314707290066
Sri Lanka,town,51+,2015,0.677726949120356
Sri Lanka,town,51+,2016,0.6782063852146187
Sri Lanka,town,51+,2017,0.6788171832111676
Sri Lanka,town,51+,2018,0.6790165554949948
Sri Lanka,town,51+,2019,0.6789613226466308
Sri Lanka,town,51+,2020,0.6784412724775686
Sri Lanka,town,51+,2025,0.6779218846162527
Sri Lanka,town,51+,2030,0.6791172998031733
Sri Lanka,town,51+,2035,0.6803377041573329
Sri Lanka,town,51+,2040,0.6815249372975616
Sri Lanka,town,51+,2045,0.682660896596256
Sri Lanka,town,51+,2050,0.6837256148943122
Sri Lanka,town,51+,2055,0.68469554722299
Sri Lanka,town,51+,2060,0.6855435448573095
Sri Lanka,town,51+,2065,0.6862621770079352
Sri Lanka,town,51+,2070,0.6868591684890673
Sri Lanka,town,51+,2075,0.6873642657333525
Sri Lanka,town,51+,2080,0.6877714041771501
Sri Lanka,town,51+,2085,0.6880925414218274
Sri Lanka,town,51+,2090,0.6883332652951663
Sri Lanka,town,51+,2095,0.6885074607693055
Sri Lanka,town,51+,2100,0.6886311070499898
Sri Lanka,rural,No_travel,2011,0.0
Sri Lanka,rural,No_travel,2012,0.0
Sri Lanka,rural,No_travel,2013,0.0
Sri Lanka,rural,No_travel,2014,0.0
Sri Lanka,rural,No_travel,2015,0.0
Sri Lanka,rural,No_travel,2016,0.0
Sri Lanka,rural,No_travel,2017,0.0
Sri Lanka,rural,No_travel,2018,0.0
Sri Lanka,rural,No_travel,2019,0.0
Sri Lanka,rural,No_travel,2020,0.0
Sri Lanka,rural,No_travel,2025,0.0
Sri Lanka,rural,No_travel,2030,0.0
Sri Lanka,rural,No_travel,2035,0.0
Sri Lanka,rural,No_travel,2040,0.0
Sri Lanka,rural,No_travel,2045,0.0
Sri Lanka,rural,No_travel,2050,0.0
Sri Lanka,rural,No_travel,2055,0.0
Sri Lanka,rural,No_travel,2060,0.0
Sri Lanka,rural,No_travel,2065,0.0
Sri Lanka,rural,No_travel,2070,0.0
Sri Lanka,rural,No_travel,2075,0.0
Sri Lanka,rural,No_travel,2080,0.0
Sri Lanka,rural,No_travel,2085,0.0
Sri Lanka,rural,No_travel,2090,0.0
Sri Lanka,rural,No_travel,2095,0.0
Sri Lanka,rural,No_travel,2100,0.0
Sri Lanka,rural,00_01,2011,0.034010264700701204
Sri Lanka,rural,00_01,2012,0.03405399391582462
Sri Lanka,rural,00_01,2013,0.034073601701283304
Sri Lanka,rural,00_01,2014,0.034105153551893086
Sri Lanka,rural,00_01,2015,0.034125066772887985
Sri Lanka,rural,00_01,2016,0.03414920745189047
Sri Lanka,rural,00_01,2017,0.03417996249629888
Sri Lanka,rural,00_01,2018,0.03419000133643517
Sri Lanka,rural,00_01,2019,0.03418722023906118
Sri Lanka,rural,00_01,2020,0.034161034550610196
Sri Lanka,rural,00_01,2025,0.03413488221083466
Sri Lanka,rural,00_01,2030,0.03419507403754
Sri Lanka,rural,00_01,2035,0.034256524124672685
Sri Lanka,rural,00_01,2040,0.03431630396703823
Sri Lanka,rural,00_01,2045,0.03437350205687299
Sri Lanka,rural,00_01,2050,0.034427113003084646
Sri Lanka,rural,00_01,2055,0.0344759512638684
Sri Lanka,rural,00_01,2060,0.03451864984023749
Sri Lanka,rural,00_01,2065,0.034554834575339255
Sri Lanka,rural,00_01,2070,0.03458489443083551
Sri Lanka,rural,00_01,2075,0.03461032720610054
Sri Lanka,rural,00_01,2080,0.03463082753679926
Sri Lanka,rural,00_01,2085,0.034646997514888665
Sri Lanka,rural,00_01,2090,0.03465911849998772
Sri Lanka,rural,00_01,2095,0.03466788963147991
Sri Lanka,rural,00_01,2100,0.03467411549809189
Sri Lanka,rural,02_05,2011,0.1002189696232352
Sri Lanka,rural,02_05,2012,0.10034782768772452
Sri Lanka,rural,02_05,2013,0.10040560648105518
Sri Lanka,rural,02_05,2014,0.10049858117518488
Sri Lanka,rural,02_05,2015,0.10055726000369598
Sri Lanka,rural,02_05,2016,0.10062839599740038
Sri Lanka,rural,02_05,2017,0.10071902272108078
Sri Lanka,rural,02_05,2018,0.1007486044436438
Sri Lanka,rural,02_05,2019,0.10074040930856631
Sri Lanka,rural,02_05,2020,0.10066324723004305
Sri Lanka,rural,02_05,2025,0.1005861834209664
Sri Lanka,rural,02_05,2030,0.10076355230960152
Sri Lanka,rural,02_05,2035,0.10094462894837196
Sri Lanka,rural,02_05,2040,0.10112078383157669
Sri Lanka,rural,02_05,2045,0.10128933099456126
Sri Lanka,rural,02_05,2050,0.10144730782411966
Sri Lanka,rural,02_05,2055,0.10159122085205435
Sri Lanka,rural,02_05,2060,0.10171704190536715
Sri Lanka,rural,02_05,2065,0.10182366844591019
Sri Lanka,rural,02_05,2070,0.10191224663756407
Sri Lanka,rural,02_05,2075,0.10198719008637729
Sri Lanka,rural,02_05,2080,0.1020475989669797
Sri Lanka,rural,02_05,2085,0.10209524748007455
Sri Lanka,rural,02_05,2090,0.10213096471568374
Sri Lanka,rural,02_05,2095,0.10215681084679483
Sri Lanka,rural,02_05,2100,0.10217515677683553
Sri Lanka,rural,06_10,2011,0.20903713331151952
Sri Lanka,rural,06_10,2012,0.20930590598505808
Sri Lanka,rural,06_10,2013,0.2094264212265283
Sri Lanka,rural,06_10,2014,0.20962034822063386
Sri Lanka,rural,06_10,2015,0.2097427407591338
Sri Lanka,rural,06_10,2016,0.2098911165033181
Sri Lanka,rural,06_10,2017,0.21008014609113754
Sri Lanka,rural,06_10,2018,0.210141847768038
Sri Lanka,rural,06_10,2019,0.2101247543220553
Sri Lanka,rural,06_10,2020,0.20996380934571499
Sri Lanka,rural,06_10,2025,0.20980306934018497
Sri Lanka,rural,06_10,2030,0.21017302608747865
Sri Lanka,rural,06_10,2035,0.2105507164750426
Sri Lanka,rural,06_10,2040,0.21091814104488577
Sri Lanka,rural,06_10,2045,0.21126969740103807
Sri Lanka,rural,06_10,2050,0.2115992061128586
Sri Lanka,rural,06_10,2055,0.21189938049021192
Sri Lanka,rural,06_10,2060,0.2121618185535209
Sri Lanka,rural,06_10,2065,0.21238422062424497
Sri Lanka,rural,06_10,2070,0.21256897737565497
Sri Lanka,rural,06_10,2075,0.21272529472514767
Sri Lanka,rural,06_10,2080,0.2128512958133165
Sri Lanka,rural,06_10,2085,0.21295068127518413
Sri Lanka,rural,06_10,2090,0.2130251804300809
Sri Lanka,rural,06_10,2095,0.21307909039518003
Sri Lanka,rural,06_10,2100,0.21311735641046692
Sri Lanka,rural,11_20,2011,0.42565676697973387
Sri Lanka,rural,11_20,2012,0.42620406164197183
Sri Lanka,rural,11_20,2013,0.42644946362985475
Sri Lanka,rural,11_20,2014,0.4268443520213735
Sri Lanka,rural,11_20,2015,0.4270935766993769
Sri Lanka,rural,11_20,2016,0.42739571028955387
Sri Lanka,rural,11_20,2017,0.42778062622262314
Sri Lanka,rural,11_20,2018,0.42790626770981066
Sri Lanka,rural,11_20,2019,0.42787146077939464
Sri Lanka,rural,11_20,2020,0.4275437327953501
Sri Lanka,rural,11_20,2025,0.4272164221879268
Sri Lanka,rural,11_20,2030,0.4279697552942543
Sri Lanka,rural,11_20,2035,0.42873883620702313
Sri Lanka,rural,11_20,2040,0.42948701310760895
Sri Lanka,rural,11_20,2045,0.4302028779857785
Sri Lanka,rural,11_20,2050,0.430873847830912
Sri Lanka,rural,11_20,2055,0.4314850849492663
Sri Lanka,rural,11_20,2060,0.4320194806128064
Sri Lanka,rural,11_20,2065,0.4324723520471507
Sri Lanka,rural,11_20,2070,0.4328485673168351
Sri Lanka,rural,11_20,2075,0.4331668721871413
Sri Lanka,rural,11_20,2080,0.43342344485906914
Sri Lanka,rural,11_20,2085,0.43362582083750506
Sri Lanka,rural,11_20,2090,0.43377752148950754
Sri Lanka,rural,11_20,2095,0.43388729692073624
Sri Lanka,rural,11_20,2100,0.43396521699213303
Sri Lanka,rural,21_30,2011,0.4472028880076915
Sri Lanka,rural,21_30,2012,0.4477778859227503
Sri Lanka,rural,21_30,2013,0.4480357097992101
Sri Lanka,rural,21_30,2014,0.4484505868617338
Sri Lanka,rural,21_30,2015,0.4487124269272795
Sri Lanka,rural,21_30,2016,0.44902985407650575
Sri Lanka,rural,21_30,2017,0.4494342538893647
Sri Lanka,rural,21_30,2018,0.44956625516429455
Sri Lanka,rural,21_30,2019,0.449529686358129
Sri Lanka,rural,21_30,2020,0.4491853692643692
Sri Lanka,rural,21_30,2025,0.4488414906742229
Sri Lanka,rural,21_30,2030,0.4496329563971148
Sri Lanka,rural,21_30,2035,0.4504409670573052
Sri Lanka,rural,21_30,2040,0.4512270155748859
Sri Lanka,rural,21_30,2045,0.45197911648288336
Sri Lanka,rural,21_30,2050,0.45268404983714167
Sri Lanka,rural,21_30,2055,0.4533262268816301
Sri Lanka,rural,21_30,2060,0.4538876728696021
Sri Lanka,rural,21_30,2065,0.4543634679915074
Sri Lanka,rural,21_30,2070,0.45475872672616646
Sri Lanka,rural,21_30,2075,0.45509314372199594
Sri Lanka,rural,21_30,2080,0.4553627037261376
Sri Lanka,rural,21_30,2085,0.4555753236796793
Sri Lanka,rural,21_30,2090,0.4557347031961134
Sri Lanka,rural,21_30,2095,0.4558500352986102
Sri Lanka,rural,21_30,2100,0.4559318995696981
Sri Lanka,rural,31_50,2011,0.6971136503841371
Sri Lanka,rural,31_50,2012,0.6980099748629786
Sri Lanka,rural,31_50,2013,0.6984118786710595
Sri Lanka,rural,31_50,2014,0.6990586018279805
Sri Lanka,rural,31_50,2015,0.6994667661954392
Sri Lanka,rural,31_50,2016,0.6999615814228498
Sri Lanka,rural,31_50,2017,0.7005919723199496
Sri Lanka,rural,31_50,2018,0.7007977399772911
Sri Lanka,rural,31_50,2019,0.7007407353947183
Sri Lanka,rural,31_50,2020,0.7002040032926741
Sri Lanka,rural,31_50,2025,0.6996679547435831
Sri Lanka,rural,31_50,2030,0.7009017159156031
Sri Lanka,rural,31_50,2035,0.7021612678460122
Sri Lanka,rural,31_50,2040,0.703386584511365
Sri Lanka,rural,31_50,2045,0.7045589825961965
Sri Lanka,rural,31_50,2050,0.7056578544439474
Sri Lanka,rural,31_50,2055,0.7066588998210706
Sri Lanka,rural,31_50,2060,0.707534099138124
Sri Lanka,rural,31_50,2065,0.7082757832442891
Sri Lanka,rural,31_50,2070,0.7088919247468449
Sri Lanka,rural,31_50,2075,0.7094132242709865
Sri Lanka,rural,31_50,2080,0.7098334227167568
Sri Lanka,rural,31_50,2085,0.7101648612560253
Sri Lanka,rural,31_50,2090,0.7104133069603741
Sri Lanka,rural,31_50,2095,0.7105930901977681
Sri Lanka,rural,31_50,2100,0.710720702747652
Sri Lanka,rural,51+,2011,0.7901436965792114
Sri Lanka,rural,51+,2012,0.7911596358549033
Sri Lanka,rural,51+,2013,0.7916151738585149
Sri Lanka,rural,51+,2014,0.7923482024336853
Sri Lanka,rural,51+,2015,0.7928108364703851
Sri Lanka,rural,51+,2016,0.7933716849528305
Sri Lanka,rural,51+,2017,0.7940862017227285
Sri Lanka,rural,51+,2018,0.7943194291416991
Sri Lanka,rural,51+,2019,0.794254817278811
Sri Lanka,rural,51+,2020,0.7936464581010094
Sri Lanka,rural,51+,2025,0.7930388736965278
Sri Lanka,rural,51+,2030,0.7944372807032168
Sri Lanka,rural,51+,2035,0.7958649202534946
Sri Lanka,rural,51+,2040,0.7972537558313212
Sri Lanka,rural,51+,2045,0.7985826108266303
Sri Lanka,rural,51+,2050,0.7998281274843091
Sri Lanka,rural,51+,2055,0.8009627626966418
Sri Lanka,rural,51+,2060,0.8019547576507489
Sri Lanka,rural,51+,2065,0.8027954197451094
Sri Lanka,rural,51+,2070,0.8034937855340696
Sri Lanka,rural,51+,2075,0.8040846526513656
Sri Lanka,rural,51+,2080,0.8045609267180902
Sri Lanka,rural,51+,2085,0.804936595839563
Sri Lanka,rural,51+,2090,0.8052181967049673
Sri Lanka,rural,51+,2095,0.8054219720745921
Sri Lanka,rural,51+,2100,0.8055666145612793
