n,area_type,trip_dist,y,value
Afghanistan,large_city,No_travel,2011,0.0
Afghanistan,large_city,No_travel,2012,0.0
Afghanistan,large_city,No_travel,2013,0.0
Afghanistan,large_city,No_travel,2014,0.0
Afghanistan,large_city,No_travel,2015,0.0
Afghanistan,large_city,No_travel,2016,0.0
Afghanistan,large_city,No_travel,2017,0.0
Afghanistan,large_city,No_travel,2018,0.0
Afghanistan,large_city,No_travel,2019,0.0
Afghanistan,large_city,No_travel,2020,0.0
Afghanistan,large_city,No_travel,2025,0.0
Afghanistan,large_city,No_travel,2030,0.0
Afghanistan,large_city,No_travel,2035,0.0
Afghanistan,large_city,No_travel,2040,0.0
Afghanistan,large_city,No_travel,2045,0.0
Afghanistan,large_city,No_travel,2050,0.0
Afghanistan,large_city,No_travel,2055,0.0
Afghanistan,large_city,No_travel,2060,0.0
Afghanistan,large_city,No_travel,2065,0.0
Afghanistan,large_city,No_travel,2070,0.0
Afghanistan,large_city,No_travel,2075,0.0
Afghanistan,large_city,No_travel,2080,0.0
Afghanistan,large_city,No_travel,2085,0.0
Afghanistan,large_city,No_travel,2090,0.0
Afghanistan,large_city,No_travel,2095,0.0
Afghanistan,large_city,No_travel,2100,0.0
Afghanistan,large_city,00_01,2011,0.057842438834749
Afghanistan,large_city,00_01,2012,0.05770139262250672
Afghanistan,large_city,00_01,2013,0.057664157287074254
Afghanistan,large_city,00_01,2014,0.057682593554389684
Afghanistan,large_city,00_01,2015,0.057713276777138056
Afghanistan,large_city,00_01,2016,0.05772001827041135
Afghanistan,large_city,00_01,2017,0.057724285236993765
Afghanistan,large_city,00_01,2018,0.057755480449881574
Afghanistan,large_city,00_01,2019,0.05773857930312445
Afghanistan,large_city,00_01,2020,0.05783594935999679
Afghanistan,large_city,00_01,2025,0.05775572622841428
Afghanistan,large_city,00_01,2030,0.057417712727850324
Afghanistan,large_city,00_01,2035,0.05696077238060956
Afghanistan,large_city,00_01,2040,0.056385191994497194
Afghanistan,large_city,00_01,2045,0.05570251261793076
Afghanistan,large_city,00_01,2050,0.05492969306610485
Afghanistan,large_city,00_01,2055,0.05408518278093665
Afghanistan,large_city,00_01,2060,0.05318854710855035
Afghanistan,large_city,00_01,2065,0.052258848923754604
Afghanistan,large_city,00_01,2070,0.051309686596236144
Afghanistan,large_city,00_01,2075,0.050357758747564076
Afghanistan,large_city,00_01,2080,0.04941234892959998
Afghanistan,large_city,00_01,2085,0.048484355828324985
Afghanistan,large_city,00_01,2090,0.047594842903062096
Afghanistan,large_city,00_01,2095,0.046753932391155134
Afghanistan,large_city,00_01,2100,0.045962422134182376
Afghanistan,large_city,02_05,2011,0.21148322952951493
Afghanistan,large_city,02_05,2012,0.21096753708848348
Afghanistan,large_city,02_05,2013,0.21083139744519547
Afghanistan,large_city,02_05,2014,0.21089880403162026
Afghanistan,large_city,02_05,2015,0.21101098787396722
Afghanistan,large_city,02_05,2016,0.21103563608725157
Afghanistan,large_city,02_05,2017,0.21105123694868347
Afghanistan,large_city,02_05,2018,0.21116529272676404
Afghanistan,large_city,02_05,2019,0.21110349884028629
Afghanistan,large_city,02_05,2020,0.2114595027450605
Afghanistan,large_city,02_05,2025,0.21116619134098039
Afghanistan,large_city,02_05,2030,0.20993034810608385
Afghanistan,large_city,02_05,2035,0.20825968514159693
Afghanistan,large_city,02_05,2040,0.20615525107275262
Afghanistan,large_city,02_05,2045,0.20365924222184761
Afghanistan,large_city,02_05,2050,0.20083366332240624
Afghanistan,large_city,02_05,2055,0.19774596912976497
Afghanistan,large_city,02_05,2060,0.19446769436252423
Afghanistan,large_city,02_05,2065,0.1910685366062262
Afghanistan,large_city,02_05,2070,0.18759821415068748
Afghanistan,large_city,02_05,2075,0.18411778041082738
Afghanistan,large_city,02_05,2080,0.18066117786156138
Afghanistan,large_city,02_05,2085,0.1772682542229259
Afghanistan,large_city,02_05,2090,0.1740160216073497
Afghanistan,large_city,02_05,2095,0.17094148888732608
Afghanistan,large_city,02_05,2100,0.16804757312715976
Afghanistan,large_city,06_10,2011,0.3458702568351818
Afghanistan,large_city,06_10,2012,0.3450268676103042
Afghanistan,large_city,06_10,2013,0.3448042180248301
Afghanistan,large_city,06_10,2014,0.34491445812949934
Afghanistan,large_city,06_10,2015,0.34509792919929344
Afghanistan,large_city,06_10,2016,0.3451382401207701
Afghanistan,large_city,06_10,2017,0.34516375455027026
Afghanistan,large_city,06_10,2018,0.3453502870774405
Afghanistan,large_city,06_10,2019,0.3452492262631412
Afghanistan,large_city,06_10,2020,0.34583145286452477
Afghanistan,large_city,06_10,2025,0.3453517567160993
Afghanistan,large_city,06_10,2030,0.34333059684440353
Afghanistan,large_city,06_10,2035,0.34059831102723676
Afghanistan,large_city,06_10,2040,0.33715661423878146
Afghanistan,large_city,06_10,2045,0.3330745164561536
Afghanistan,large_city,06_10,2050,0.328453423323464
Afghanistan,large_city,06_10,2055,0.3234036537232306
Afghanistan,large_city,06_10,2060,0.3180421991140669
Afghanistan,large_city,06_10,2065,0.3124830464152472
Afghanistan,large_city,06_10,2070,0.3068075074059918
Afghanistan,large_city,06_10,2075,0.30111543189635787
Afghanistan,large_city,06_10,2080,0.29546233110840664
Afghanistan,large_city,06_10,2085,0.28991337399758643
Afghanistan,large_city,06_10,2090,0.28459451002648317
Afghanistan,large_city,06_10,2095,0.2795662653572087
Afghanistan,large_city,06_10,2100,0.2748334107027056
Afghanistan,large_city,11_20,2011,0.499426097052528
Afghanistan,large_city,11_20,2012,0.49820826874681884
Afghanistan,large_city,11_20,2013,0.4978867695392802
Afghanistan,large_city,11_20,2014,0.4980459528865776
Afghanistan,large_city,11_20,2015,0.4983108795129599
Afghanistan,large_city,11_20,2016,0.49836908725353257
Afghanistan,large_city,11_20,2017,0.4984059293111885
Afghanistan,large_city,11_20,2018,0.4986752765886052
Afghanistan,large_city,11_20,2019,0.498529347856507
Afghanistan,large_city,11_20,2020,0.499370065302956
Afghanistan,large_city,11_20,2025,0.49867739870198424
Afghanistan,large_city,11_20,2030,0.49575890552053314
Afghanistan,large_city,11_20,2035,0.4918135681729802
Afghanistan,large_city,11_20,2040,0.48684386302971444
Afghanistan,large_city,11_20,2045,0.48094943839193444
Afghanistan,large_city,11_20,2050,0.4742767209154641
Afghanistan,large_city,11_20,2055,0.46698500770041046
Afghanistan,large_city,11_20,2060,0.459243230843157
Afghanistan,large_city,11_20,2065,0.4512159839769612
Afghanistan,large_city,11_20,2070,0.4430206788298854
Afghanistan,large_city,11_20,2075,0.4348014954808546
Afghanistan,large_city,11_20,2080,0.42663859044066643
Afghanistan,large_city,11_20,2085,0.4186260656924358
Afghanistan,large_city,11_20,2090,0.41094578841693924
Afghanistan,large_city,11_20,2095,0.4036851565453828
Afghanistan,large_city,11_20,2100,0.39685105884168304
Afghanistan,large_city,21_30,2011,0.512059307619934
Afghanistan,large_city,21_30,2012,0.5108106737926236
Afghanistan,large_city,21_30,2013,0.510481042116217
Afghanistan,large_city,21_30,2014,0.5106442520787777
Afghanistan,large_city,21_30,2015,0.5109158801448239
Afghanistan,large_city,21_30,2016,0.5109755602767027
Afghanistan,large_city,21_30,2017,0.5110133342709852
Afghanistan,large_city,21_30,2018,0.5112894948104469
Afghanistan,large_city,21_30,2019,0.5111398747446132
Afghanistan,large_city,21_30,2020,0.5120018585217393
Afghanistan,large_city,21_30,2025,0.5112916706036503
Afghanistan,large_city,21_30,2030,0.5082993528080703
Afghanistan,large_city,21_30,2035,0.5042542163555742
Afghanistan,large_city,21_30,2040,0.49915880025746784
Afghanistan,large_city,21_30,2045,0.49311527346410916
Afghanistan,large_city,21_30,2050,0.48627376656026494
Afghanistan,large_city,21_30,2055,0.4787976061387346
Afghanistan,large_city,21_30,2060,0.4708599975102125
Afghanistan,large_city,21_30,2065,0.46262969777886676
Afghanistan,large_city,21_30,2070,0.45422708865589106
Afghanistan,large_city,21_30,2075,0.4457999973209676
Afghanistan,large_city,21_30,2080,0.4374306078803385
Afghanistan,large_city,21_30,2085,0.42921540266963637
Afghanistan,large_city,21_30,2090,0.42134084928279913
Afghanistan,large_city,21_30,2095,0.41389655642150436
Afghanistan,large_city,21_30,2100,0.40688958710408923
Afghanistan,large_city,31_50,2011,0.654115841271274
Afghanistan,large_city,31_50,2012,0.6525208089103016
Afghanistan,large_city,31_50,2013,0.6520997301443975
Afghanistan,large_city,31_50,2014,0.6523082181464228
Afghanistan,large_city,31_50,2015,0.6526552018225141
Afghanistan,large_city,31_50,2016,0.6527314385378519
Afghanistan,large_city,31_50,2017,0.652779691870387
Afghanistan,large_city,31_50,2018,0.653132465427879
Afghanistan,large_city,31_50,2019,0.6529413374593458
Afghanistan,large_city,31_50,2020,0.6540424545275185
Afghanistan,large_city,31_50,2025,0.6531352448340542
Afghanistan,large_city,31_50,2030,0.6493127921550773
Afghanistan,large_city,31_50,2035,0.6441454457279999
Afghanistan,large_city,31_50,2040,0.6376364489418037
Afghanistan,large_city,31_50,2045,0.6299163146646674
Afghanistan,large_city,31_50,2050,0.6211768230132573
Afghanistan,large_city,31_50,2055,0.6116266109756352
Afghanistan,large_city,31_50,2060,0.6014869348317508
Afghanistan,large_city,31_50,2065,0.5909733686245335
Afghanistan,large_city,31_50,2070,0.5802396906041186
Afghanistan,large_city,31_50,2075,0.5694747384667683
Afghanistan,large_city,31_50,2080,0.5587834960004808
Afghanistan,large_city,31_50,2085,0.548289211866497
Afghanistan,large_city,31_50,2090,0.5382300838775772
Afghanistan,large_city,31_50,2095,0.5287205801635079
Afghanistan,large_city,31_50,2100,0.5197697231795255
Afghanistan,large_city,51+,2011,0.7204363200833319
Afghanistan,large_city,51+,2012,0.7186795681870325
Afghanistan,large_city,51+,2013,0.718215796455127
Afghanistan,large_city,51+,2014,0.7184454229516644
Afghanistan,large_city,51+,2015,0.7188275871295665
Afghanistan,large_city,51+,2016,0.7189115534474383
Afghanistan,large_city,51+,2017,0.7189646991612858
Afghanistan,large_city,51+,2018,0.7193532402537752
Afghanistan,large_city,51+,2019,0.7191427339158651
Afghanistan,large_city,51+,2020,0.7203554926942393
Afghanistan,large_city,51+,2025,0.7193563014625559
Afghanistan,large_city,51+,2030,0.7151462922134563
Afghanistan,large_city,51+,2035,0.7094550311100953
Afghanistan,large_city,51+,2040,0.7022860903870458
Afghanistan,large_city,51+,2045,0.6937832155470789
Afghanistan,large_city,51+,2050,0.6841576311972118
Afghanistan,large_city,51+,2055,0.6736391279256383
Afghanistan,large_city,51+,2060,0.6624713950761485
Afghanistan,large_city,51+,2065,0.6508918636363361
Afghanistan,large_city,51+,2070,0.6390699033563983
Afghanistan,large_city,51+,2075,0.6272134980924117
Afghanistan,large_city,51+,2080,0.6154382758862635
Afghanistan,large_city,51+,2085,0.60387998151947
Afghanistan,large_city,51+,2090,0.5928009635621916
Afghanistan,large_city,51+,2095,0.5823272960107866
Afghanistan,large_city,51+,2100,0.5724689161027268
Afghanistan,city,No_travel,2011,0.0
Afghanistan,city,No_travel,2012,0.0
Afghanistan,city,No_travel,2013,0.0
Afghanistan,city,No_travel,2014,0.0
Afghanistan,city,No_travel,2015,0.0
Afghanistan,city,No_travel,2016,0.0
Afghanistan,city,No_travel,2017,0.0
Afghanistan,city,No_travel,2018,0.0
Afghanistan,city,No_travel,2019,0.0
Afghanistan,city,No_travel,2020,0.0
Afghanistan,city,No_travel,2025,0.0
Afghanistan,city,No_travel,2030,0.0
Afghanistan,city,No_travel,2035,0.0
Afghanistan,city,No_travel,2040,0.0
Afghanistan,city,No_travel,2045,0.0
Afghanistan,city,No_travel,2050,0.0
Afghanistan,city,No_travel,2055,0.0
Afghanistan,city,No_travel,2060,0.0
Afghanistan,city,No_travel,2065,0.0
Afghanistan,city,No_travel,2070,0.0
Afghanistan,city,No_travel,2075,0.0
Afghanistan,city,No_travel,2080,0.0
Afghanistan,city,No_travel,2085,0.0
Afghanistan,city,No_travel,2090,0.0
Afghanistan,city,No_travel,2095,0.0
Afghanistan,city,No_travel,2100,0.0
Afghanistan,city,00_01,2011,0.02898061743012685
Afghanistan,city,00_01,2012,0.028909949484595715
Afghanistan,city,00_01,2013,0.028891293580163097
Afghanistan,city,00_01,2014,0.028900530645900147
Afghanistan,city,00_01,2015,0.028915903765670124
Afghanistan,city,00_01,2016,0.028919281435101026
Afghanistan,city,00_01,2017,0.028921419300111616
Afghanistan,city,00_01,2018,0.02893704894071055
Afghanistan,city,00_01,2019,0.028928581011657663
Afghanistan,city,00_01,2020,0.028977366028752616
Afghanistan,city,00_01,2025,0.028937172082365233
Afghanistan,city,00_01,2030,0.02876781822828505
Afghanistan,city,00_01,2035,0.028538878825684715
Afghanistan,city,00_01,2040,0.02825049757298784
Afghanistan,city,00_01,2045,0.02790845684582846
Afghanistan,city,00_01,2050,0.027521253466697537
Afghanistan,city,00_01,2055,0.0270981311021619
Afghanistan,city,00_01,2060,0.02664889251680645
Afghanistan,city,00_01,2065,0.02618308872357388
Afghanistan,city,00_01,2070,0.025707532871382253
Afghanistan,city,00_01,2075,0.02523059141871868
Afghanistan,city,00_01,2080,0.024756915674731147
Afghanistan,city,00_01,2085,0.02429196617419779
Afghanistan,city,00_01,2090,0.023846296276705325
Afghanistan,city,00_01,2095,0.023424977495383345
Afghanistan,city,00_01,2100,0.02302840957031915
Afghanistan,city,02_05,2011,0.11107001729613941
Afghanistan,city,02_05,2012,0.11079917800324476
Afghanistan,city,02_05,2013,0.11072767809013898
Afghanistan,city,02_05,2014,0.11076307971861199
Afghanistan,city,02_05,2015,0.11082199815549014
Afghanistan,city,02_05,2016,0.11083494328348872
Afghanistan,city,02_05,2017,0.11084313678399906
Afghanistan,city,02_05,2018,0.11090303835289562
Afghanistan,city,02_05,2019,0.11087058448856252
Afghanistan,city,02_05,2020,0.1110575560983149
Afghanistan,city,02_05,2025,0.11090351030093981
Afghanistan,city,02_05,2030,0.11025445113071318
Afghanistan,city,02_05,2035,0.10937702664285001
Afghanistan,city,02_05,2040,0.10827178757048896
Afghanistan,city,02_05,2045,0.10696089522759211
Afghanistan,city,02_05,2050,0.10547691421438954
Afghanistan,city,02_05,2055,0.10385527145744464
Afghanistan,city,02_05,2060,0.10213353666122
Afghanistan,city,02_05,2065,0.10034831467636453
Afghanistan,city,02_05,2070,0.09852571731950852
Afghanistan,city,02_05,2075,0.09669780956273588
Afghanistan,city,02_05,2080,0.09488241783741104
Afghanistan,city,02_05,2085,0.09310046998241515
Afghanistan,city,02_05,2090,0.09139241240420087
Afghanistan,city,02_05,2095,0.08977768199200566
Afghanistan,city,02_05,2100,0.08825781077455584
Afghanistan,city,06_10,2011,0.1930608768468381
Afghanistan,city,06_10,2012,0.1925901064927523
Afghanistan,city,06_10,2013,0.19246582600504994
Afghanistan,city,06_10,2014,0.19252736078825414
Afghanistan,city,06_10,2015,0.19262977227033587
Afghanistan,city,06_10,2016,0.19265227337210158
Afghanistan,city,06_10,2017,0.19266651523891207
Afghanistan,city,06_10,2018,0.19277063559197585
Afghanistan,city,06_10,2019,0.1927142245851376
Afghanistan,city,06_10,2020,0.1930392169080254
Afghanistan,city,06_10,2025,0.19277145592770148
Afghanistan,city,06_10,2030,0.19164326728075698
Afghanistan,city,06_10,2035,0.19011813615070502
Afghanistan,city,06_10,2040,0.18819701981679385
Afghanistan,city,06_10,2045,0.18591843886999615
Afghanistan,city,06_10,2050,0.18333899679726226
Afghanistan,city,06_10,2055,0.180520272354703
Afghanistan,city,06_10,2060,0.17752756885515655
Afghanistan,city,06_10,2065,0.17442451251148539
Afghanistan,city,06_10,2070,0.17125649064186438
Afghanistan,city,06_10,2075,0.16807923828422092
Afghanistan,city,06_10,2080,0.164923741176687
Afghanistan,city,06_10,2085,0.1618263758952574
Afghanistan,city,06_10,2090,0.1588574460095645
Afghanistan,city,06_10,2095,0.15605073654072119
Afghanistan,city,06_10,2100,0.1534089104468908
Afghanistan,city,11_20,2011,0.3351409639771932
Afghanistan,city,11_20,2012,0.3343237376553353
Afghanistan,city,11_20,2013,0.33410799491588233
Afghanistan,city,11_20,2014,0.3342148152458115
Afghanistan,city,11_20,2015,0.33439259483216666
Afghanistan,city,11_20,2016,0.3344316552625318
Afghanistan,city,11_20,2017,0.3344563782051065
Afghanistan,city,11_20,2018,0.3346371242789116
Afghanistan,city,11_20,2019,0.3345391984872159
Afghanistan,city,11_20,2020,0.3351033637503013
Afghanistan,city,11_20,2025,0.33463854832769024
Afghanistan,city,11_20,2030,0.33268008715802994
Afghanistan,city,11_20,2035,0.3300325599869877
Afghanistan,city,11_20,2040,0.32669762858827606
Afghanistan,city,11_20,2045,0.3227421621702111
Afghanistan,city,11_20,2050,0.31826442065728305
Afghanistan,city,11_20,2055,0.3133713007134903
Afghanistan,city,11_20,2060,0.30817616458794783
Afghanistan,city,11_20,2065,0.30278946319469485
Afghanistan,city,11_20,2070,0.2972899859281127
Afghanistan,city,11_20,2075,0.29177448514239834
Afghanistan,city,11_20,2080,0.2862967500377083
Afghanistan,city,11_20,2085,0.2809199279535978
Afghanistan,city,11_20,2090,0.275766061255576
Afghanistan,city,11_20,2095,0.2708937985146463
Afghanistan,city,11_20,2100,0.26630776245075327
Afghanistan,city,21_30,2011,0.29424500628579375
Afghanistan,city,21_30,2012,0.2935275029362827
Afghanistan,city,21_30,2013,0.2933380864502373
Afghanistan,city,21_30,2014,0.2934318719077905
Afghanistan,city,21_30,2015,0.2935879577377165
Afghanistan,city,21_30,2016,0.2936222517745956
Afghanistan,city,21_30,2017,0.2936439578719552
Afghanistan,city,21_30,2018,0.29380264820032265
Afghanistan,city,21_30,2019,0.2937166719148483
Afghanistan,city,21_30,2020,0.2942119942693967
Afghanistan,city,21_30,2025,0.29380389847792776
Afghanistan,city,21_30,2030,0.29208442076222724
Afghanistan,city,21_30,2035,0.28975996110847346
Afghanistan,city,21_30,2040,0.28683197851054976
Afghanistan,city,21_30,2045,0.283359182385496
Afghanistan,city,21_30,2050,0.2794278423786465
Afghanistan,city,21_30,2055,0.27513181096687184
Afghanistan,city,21_30,2060,0.27057061724177467
Afghanistan,city,21_30,2065,0.26584123421885875
Afghanistan,city,21_30,2070,0.2610128369269533
Afghanistan,city,21_30,2075,0.2561703714040808
Afghanistan,city,21_30,2080,0.2513610631620089
Afghanistan,city,21_30,2085,0.24664035391428965
Afghanistan,city,21_30,2090,0.24211539366783413
Afghanistan,city,21_30,2095,0.23783767433499706
Afghanistan,city,21_30,2100,0.23381125454305865
Afghanistan,city,31_50,2011,0.549248998564658
Afghanistan,city,31_50,2012,0.547909679331478
Afghanistan,city,31_50,2013,0.5475561072638147
Afghanistan,city,31_50,2014,0.5477311707909456
Afghanistan,city,31_50,2015,0.5480225265793042
Afghanistan,city,31_50,2016,0.5480865411420333
Afghanistan,city,31_50,2017,0.5481270585747264
Afghanistan,city,31_50,2018,0.5484232760196304
Afghanistan,city,31_50,2019,0.5482627893921999
Afghanistan,city,31_50,2020,0.5491873770704633
Afghanistan,city,31_50,2025,0.5484256098356948
Afghanistan,city,31_50,2030,0.5452159668741232
Afghanistan,city,31_50,2035,0.5408770414556637
Afghanistan,city,31_50,2040,0.5354115569941795
Afghanistan,city,31_50,2045,0.5289291027361374
Afghanistan,city,31_50,2050,0.5215907129057181
Afghanistan,city,31_50,2055,0.5135715761308779
Afghanistan,city,31_50,2060,0.5050574772260498
Afghanistan,city,31_50,2065,0.49622942973612133
Afghanistan,city,31_50,2070,0.4872165584193672
Afghanistan,city,31_50,2075,0.47817742680386477
Afghanistan,city,31_50,2080,0.4692001878386567
Afghanistan,city,31_50,2085,0.46038833114972333
Afghanistan,city,31_50,2090,0.45194186704390044
Afghanistan,city,31_50,2095,0.443956912296973
Afghanistan,city,31_50,2100,0.43644104289807106
Afghanistan,city,51+,2011,0.742960658692243
Afghanistan,city,51+,2012,0.7411489821989168
Afghanistan,city,51+,2013,0.7406707107100786
Afghanistan,city,51+,2014,0.7409075164462203
Afghanistan,city,51+,2015,0.7413016289325396
Afghanistan,city,51+,2016,0.7413882204453422
Afghanistan,city,51+,2017,0.7414430277523395
Afghanistan,city,51+,2018,0.7418437165265696
Afghanistan,city,51+,2019,0.7416266287380826
Afghanistan,city,51+,2020,0.7428773042463793
Afghanistan,city,51+,2025,0.7418468734436054
Afghanistan,city,51+,2030,0.7375052388568736
Afghanistan,city,51+,2035,0.7316360412883037
Afghanistan,city,51+,2040,0.7242429646578716
Afghanistan,city,51+,2045,0.7154742486509541
Afghanistan,city,51+,2050,0.7055477217817261
Afghanistan,city,51+,2055,0.6947003590082877
Afghanistan,city,51+,2060,0.6831834685869439
Afghanistan,city,51+,2065,0.6712419047511903
Afghanistan,city,51+,2070,0.6590503325722639
Afghanistan,city,51+,2075,0.6468232384917838
Afghanistan,city,51+,2080,0.6346798656458459
Afghanistan,city,51+,2085,0.6227602028571646
Afghanistan,city,51+,2090,0.6113348009864613
Afghanistan,city,51+,2095,0.6005336757155764
Afghanistan,city,51+,2100,0.5903670749682913
Afghanistan,town,No_travel,2011,0.0
Afghanistan,town,No_travel,2012,0.0
Afghanistan,town,No_travel,2013,0.0
Afghanistan,town,No_travel,2014,0.0
Afghanistan,town,No_travel,2015,0.0
Afghanistan,town,No_travel,2016,0.0
Afghanistan,town,No_travel,2017,0.0
Afghanistan,town,No_travel,2018,0.0
Afghanistan,town,No_travel,2019,0.0
Afghanistan,town,No_travel,2020,0.0
Afghanistan,town,No_travel,2025,0.0
Afghanistan,town,No_travel,2030,0.0
Afghanistan,town,No_travel,2035,0.0
Afghanistan,town,No_travel,2040,0.0
Afghanistan,town,No_travel,2045,0.0
Afghanistan,town,No_travel,2050,0.0
Afghanistan,town,No_travel,2055,0.0
Afghanistan,town,No_travel,2060,0.0
Afghanistan,town,No_travel,2065,0.0
Afghanistan,town,No_travel,2070,0.0
Afghanistan,town,No_travel,2075,0.0
Afghanistan,town,No_travel,2080,0.0
Afghanistan,town,No_travel,2085,0.0
Afghanistan,town,No_travel,2090,0.0
Afghanistan,town,No_travel,2095,0.0
Afghanistan,town,No_travel,2100,0.0
Afghanistan,town,00_01,2011,0.02145716041148525
Afghanistan,town,00_01,2012,0.021404838080987372
Afghanistan,town,00_01,2013,0.021391025306466707
Afghanistan,town,00_01,2014,0.021397864401656076
Afghanistan,town,00_01,2015,0.021409246612463857
Afghanistan,town,00_01,2016,0.02141174742856864
Afghanistan,town,00_01,2017,0.021413330297276698
Afghanistan,town,00_01,2018,0.021424902435320817
Afghanistan,town,00_01,2019,0.021418632806577433
Afghanistan,town,00_01,2020,0.02145475308386301
Afghanistan,town,00_01,2025,0.021424993609024903
Afghanistan,town,00_01,2030,0.021299604533996982
Afghanistan,town,00_01,2035,0.02113009850128567
Afghanistan,town,00_01,2040,0.020916581904763844
Afghanistan,town,00_01,2045,0.02066333599764627
Afghanistan,town,00_01,2050,0.020376651801289412
Afghanistan,town,00_01,2055,0.020063373298116808
Afghanistan,town,00_01,2060,0.01973075842501269
Afghanistan,town,00_01,2065,0.019385878722716236
Afghanistan,town,00_01,2070,0.01903377862582566
Afghanistan,town,00_01,2075,0.018680652634588134
Afghanistan,town,00_01,2080,0.018329944564055296
Afghanistan,town,00_01,2085,0.01798569737745764
Afghanistan,town,00_01,2090,0.017655724749920554
Afghanistan,town,00_01,2095,0.01734378161423707
Afghanistan,town,00_01,2100,0.017050163936743887
Afghanistan,town,02_05,2011,0.07259776121809702
Afghanistan,town,02_05,2012,0.07242073480905614
Afghanistan,town,02_05,2013,0.07237400092222394
Afghanistan,town,02_05,2014,0.0723971401908869
Afghanistan,town,02_05,2015,0.07243565055323266
Afghanistan,town,02_05,2016,0.07244411176836756
Afghanistan,town,02_05,2017,0.07244946721719227
Afghanistan,town,02_05,2018,0.0724886201758503
Afghanistan,town,02_05,2019,0.07246740762946906
Afghanistan,town,02_05,2020,0.07258961631017158
Afghanistan,town,02_05,2025,0.07248892865128095
Afghanistan,town,02_05,2030,0.07206468956494953
Afghanistan,town,02_05,2035,0.07149118597678529
Afghanistan,town,02_05,2040,0.07076877785785753
Afghanistan,town,02_05,2045,0.06991195032141699
Afghanistan,town,02_05,2050,0.06894198829321793
Afghanistan,town,02_05,2055,0.06788204757730129
Afghanistan,town,02_05,2060,0.06675668454360391
Afghanistan,town,02_05,2065,0.06558982491277948
Afghanistan,town,02_05,2070,0.06439853593191096
Afghanistan,town,02_05,2075,0.06320377595900963
Afghanistan,town,02_05,2080,0.06201719673447372
Afghanistan,town,02_05,2085,0.060852477145611386
Afghanistan,town,02_05,2090,0.05973605383688582
Afghanistan,town,02_05,2095,0.05868063117872961
Afghanistan,town,02_05,2100,0.05768721053819357
Afghanistan,town,06_10,2011,0.1876250866698114
Afghanistan,town,06_10,2012,0.18716757124809807
Afghanistan,town,06_10,2013,0.1870467899812906
Afghanistan,town,06_10,2014,0.18710659220129738
Afghanistan,town,06_10,2015,0.18720612020259622
Afghanistan,town,06_10,2016,0.18722798776705524
Afghanistan,town,06_10,2017,0.1872418286422149
Afghanistan,town,06_10,2018,0.18734301739980655
Afghanistan,town,06_10,2019,0.1872881946919642
Afghanistan,town,06_10,2020,0.18760403658466016
Afghanistan,town,06_10,2025,0.18734381463829491
Afghanistan,town,06_10,2030,0.18624739108464664
Afghanistan,town,06_10,2035,0.18476520129491603
Afghanistan,town,06_10,2040,0.1828981755953548
Afghanistan,town,06_10,2045,0.1806837499975354
Afghanistan,town,06_10,2050,0.17817693426997394
Afghanistan,town,06_10,2055,0.17543757336749
Afghanistan,town,06_10,2060,0.17252913193362607
Afghanistan,town,06_10,2065,0.16951344473209892
Afghanistan,town,06_10,2070,0.1664346211632458
Afghanistan,town,06_10,2075,0.16334682699846714
Afghanistan,town,06_10,2080,0.16028017554656743
Afghanistan,town,06_10,2085,0.1572700191706729
Afghanistan,town,06_10,2090,0.1543846819847155
Afghanistan,town,06_10,2095,0.15165699776433106
Afghanistan,town,06_10,2100,0.14908955448987246
Afghanistan,town,11_20,2011,0.44707804287844377
Afghanistan,town,11_20,2012,0.44598786297256443
Afghanistan,town,11_20,2013,0.4457000621601086
Afghanistan,town,11_20,2014,0.44584256047925647
Afghanistan,town,11_20,2015,0.44607971844582733
Afghanistan,town,11_20,2016,0.446131825059577
Afghanistan,town,11_20,2017,0.4461648054647453
Afghanistan,town,11_20,2018,0.4464059207255472
Afghanistan,town,11_20,2019,0.44627528772032127
Afghanistan,town,11_20,2020,0.44702788417611417
Afghanistan,town,11_20,2025,0.44640782040660487
Afghanistan,town,11_20,2030,0.44379523322420134
Afghanistan,town,11_20,2035,0.4402634320022606
Afghanistan,town,11_20,2040,0.43581463354689975
Afghanistan,town,11_20,2045,0.4305380413814006
Afghanistan,town,11_20,2050,0.4245647342441339
Afghanistan,town,11_20,2055,0.418037312283895
Afghanistan,town,11_20,2060,0.4111070007399661
Afghanistan,town,11_20,2065,0.4039211411306644
Afghanistan,town,11_20,2070,0.39658483850737375
Afghanistan,town,11_20,2075,0.38922716050970735
Afghanistan,town,11_20,2080,0.38191986193018185
Afghanistan,town,11_20,2085,0.3747471813191859
Afghanistan,town,11_20,2090,0.3678719231911917
Afghanistan,town,11_20,2095,0.3613723247393813
Afghanistan,town,11_20,2100,0.3552545526721183
Afghanistan,town,21_30,2011,0.404286557269486
Afghanistan,town,21_30,2012,0.40330072249640103
Afghanistan,town,21_30,2013,0.40304046815937744
Afghanistan,town,21_30,2014,0.40316932743972606
Afghanistan,town,21_30,2015,0.4033837861441094
Afghanistan,town,21_30,2016,0.40343090544200244
Afghanistan,town,21_30,2017,0.40346072917115944
Afghanistan,town,21_30,2018,0.4036787664025724
Afghanistan,town,21_30,2019,0.40356063676326265
Afghanistan,town,21_30,2020,0.4042411994412389
Afghanistan,town,21_30,2025,0.4036804842581615
Afghanistan,town,21_30,2030,0.4013179574144366
Afghanistan,town,21_30,2035,0.39812419789141124
Afghanistan,town,21_30,2040,0.3941012103165268
Afghanistan,town,21_30,2045,0.3893296602154076
Afghanistan,town,21_30,2050,0.3839280802977479
Afghanistan,town,21_30,2055,0.37802542192705324
Afghanistan,town,21_30,2060,0.37175843601814834
Afghanistan,town,21_30,2065,0.36526036149012614
Afghanistan,town,21_30,2070,0.35862624340290955
Afghanistan,town,21_30,2075,0.35197279585710206
Afghanistan,town,21_30,2080,0.34536490572983003
Afghanistan,town,21_30,2085,0.3388787487896611
Afghanistan,town,21_30,2090,0.33266154693154715
Afghanistan,town,21_30,2095,0.32678404897884417
Afghanistan,town,21_30,2100,0.3212518314015527
Afghanistan,town,31_50,2011,0.674170657910804
Afghanistan,town,31_50,2012,0.6725267227721963
Afghanistan,town,31_50,2013,0.6720927339727657
Afghanistan,town,31_50,2014,0.6723076140973914
Afghanistan,town,31_50,2015,0.6726652360940397
Afghanistan,town,31_50,2016,0.6727438101833575
Afghanistan,town,31_50,2017,0.6727935429354007
Afghanistan,town,31_50,2018,0.6731571323278938
Afghanistan,town,31_50,2019,0.6729601444854335
Afghanistan,town,31_50,2020,0.6740950211715632
Afghanistan,town,31_50,2025,0.6731599969490687
Afghanistan,town,31_50,2030,0.6692203500626543
Afghanistan,town,31_50,2035,0.6638945757569514
Afghanistan,town,31_50,2040,0.6571860168613882
Afghanistan,town,31_50,2045,0.649229187693849
Afghanistan,town,31_50,2050,0.640221748239415
Afghanistan,town,31_50,2055,0.6303787321765748
Afghanistan,town,31_50,2060,0.6199281793759585
Afghanistan,town,31_50,2065,0.6090922732570467
Afghanistan,town,31_50,2070,0.5980295068229515
Afghanistan,town,31_50,2075,0.5869345074254274
Afghanistan,town,31_50,2080,0.5759154775952176
Afghanistan,town,31_50,2085,0.5650994447268488
Afghanistan,town,31_50,2090,0.5547319096414439
Afghanistan,town,31_50,2095,0.5449308499960155
Afghanistan,town,31_50,2100,0.5357055648691044
Afghanistan,town,51+,2011,0.786647883633353
Afghanistan,town,51+,2012,0.7847296777867447
Afghanistan,town,51+,2013,0.7842232832016547
Afghanistan,town,51+,2014,0.784474013477866
Afghanistan,town,51+,2015,0.7848913003821583
Afghanistan,town,51+,2016,0.7849829836085712
Afghanistan,town,51+,2017,0.7850410136691843
Afghanistan,town,51+,2018,0.7854652635571912
Afghanistan,town,51+,2019,0.7852354106741644
Afghanistan,town,51+,2020,0.7865596278183742
Afghanistan,town,51+,2025,0.7854686061057851
Afghanistan,town,51+,2030,0.7808716767540027
Afghanistan,town,51+,2035,0.7746573613768354
Afghanistan,town,51+,2040,0.7668295605143975
Afghanistan,town,51+,2045,0.7575452305726679
Afghanistan,town,51+,2050,0.7470350087161665
Afghanistan,town,51+,2055,0.7355498043935738
Afghanistan,town,51+,2060,0.7233557031716675
Afghanistan,town,51+,2065,0.7107119570879877
Afghanistan,town,51+,2070,0.6978035017875458
Afghanistan,town,51+,2075,0.6848574358433196
Afghanistan,town,51+,2080,0.6720000140704868
Afghanistan,town,51+,2085,0.6593794568489996
Afghanistan,town,51+,2090,0.6472822238446713
Afghanistan,town,51+,2095,0.6358459758606175
Afghanistan,town,51+,2100,0.6250815634142382
Afghanistan,rural,No_travel,2011,0.0
Afghanistan,rural,No_travel,2012,0.0
Afghanistan,rural,No_travel,2013,0.0
Afghanistan,rural,No_travel,2014,0.0
Afghanistan,rural,No_travel,2015,0.0
Afghanistan,rural,No_travel,2016,0.0
Afghanistan,rural,No_travel,2017,0.0
Afghanistan,rural,No_travel,2018,0.0
Afghanistan,rural,No_travel,2019,0.0
Afghanistan,rural,No_travel,2020,0.0
Afghanistan,rural,No_travel,2025,0.0
Afghanistan,rural,No_travel,2030,0.0
Afghanistan,rural,No_travel,2035,0.0
Afghanistan,rural,No_travel,2040,0.0
Afghanistan,rural,No_travel,2045,0.0
Afghanistan,rural,No_travel,2050,0.0
Afghanistan,rural,No_travel,2055,0.0
Afghanistan,rural,No_travel,2060,0.0
Afghanistan,rural,No_travel,2065,0.0
Afghanistan,rural,No_travel,2070,0.0
Afghanistan,rural,No_travel,2075,0.0
Afghanistan,rural,No_travel,2080,0.0
Afghanistan,rural,No_travel,2085,0.0
Afghanistan,rural,No_travel,2090,0.0
Afghanistan,rural,No_travel,2095,0.0
Afghanistan,rural,No_travel,2100,0.0
Afghanistan,rural,00_01,2011,0.02747552116779272
Afghanistan,rural,00_01,2012,0.027408523332497922
Afghanistan,rural,00_01,2013,0.02739083631467028
Afghanistan,rural,00_01,2014,0.027399593657256183
Afghanistan,rural,00_01,2015,0.027414168380471567
Afghanistan,rural,00_01,2016,0.027417370632051276
Afghanistan,rural,00_01,2017,0.02741939746793543
Afghanistan,rural,00_01,2018,0.02743421538967766
Afghanistan,rural,00_01,2019,0.02742618723898346
Afghanistan,rural,00_01,2020,0.027472438626590892
Afghanistan,rural,00_01,2025,0.027434332136021936
Afghanistan,rural,00_01,2030,0.027273773603621924
Afghanistan,rural,00_01,2035,0.027056724073277954
Afghanistan,rural,00_01,2040,0.026783319780496022
Afghanistan,rural,00_01,2045,0.026459042795646648
Afghanistan,rural,00_01,2050,0.026091948662293467
Afghanistan,rural,00_01,2055,0.02569080098104082
Afghanistan,rural,00_01,2060,0.025264893413989065
Afghanistan,rural,00_01,2065,0.024823280946212754
Afghanistan,rural,00_01,2070,0.02437242288858642
Afghanistan,rural,00_01,2075,0.023920251191069955
Afghanistan,rural,00_01,2080,0.023471175599013374
Afghanistan,rural,00_01,2085,0.023030373056601737
Afghanistan,rural,00_01,2090,0.022607848839099286
Afghanistan,rural,00_01,2095,0.02220841107271937
Afghanistan,rural,00_01,2100,0.021832438737214813
Afghanistan,rural,02_05,2011,0.08859584964879585
Afghanistan,rural,02_05,2012,0.08837981261327164
Afghanistan,rural,02_05,2013,0.08832278016017918
Afghanistan,rural,02_05,2014,0.0883510185401657
Afghanistan,rural,02_05,2015,0.08839801528242136
Afghanistan,rural,02_05,2016,0.08840834106287739
Afghanistan,rural,02_05,2017,0.08841487667128892
Afghanistan,rural,02_05,2018,0.08846265761632593
Afghanistan,rural,02_05,2019,0.08843677054297372
Afghanistan,rural,02_05,2020,0.08858590987894815
Afghanistan,rural,02_05,2025,0.08846303406929662
Afghanistan,rural,02_05,2030,0.08794530705296555
Afghanistan,rural,02_05,2035,0.08724542269265584
Afghanistan,rural,02_05,2040,0.08636382028487195
Afghanistan,rural,02_05,2045,0.08531817697136286
Afghanistan,rural,02_05,2050,0.08413446815481682
Afghanistan,rural,02_05,2055,0.08284095239443579
Afghanistan,rural,02_05,2060,0.08146759745261821
Afghanistan,rural,02_05,2065,0.08004360146873103
Afghanistan,rural,02_05,2070,0.07858979273322163
Afghanistan,rural,02_05,2075,0.07713174811656229
Afghanistan,rural,02_05,2080,0.07568368700821007
Afghanistan,rural,02_05,2085,0.07426230265907216
Afghanistan,rural,02_05,2090,0.07289985745491337
Afghanistan,rural,02_05,2095,0.07161185537924288
Afghanistan,rural,02_05,2100,0.07039951846650344
Afghanistan,rural,06_10,2011,0.19302164217733958
Afghanistan,rural,06_10,2012,0.19255096749524883
Afghanistan,rural,06_10,2013,0.1924267122643667
Afghanistan,rural,06_10,2014,0.19248823454220512
Afghanistan,rural,06_10,2015,0.19259062521178089
Afghanistan,rural,06_10,2016,0.19261312174077502
Afghanistan,rural,06_10,2017,0.19262736071329148
Afghanistan,rural,06_10,2018,0.19273145990656512
Afghanistan,rural,06_10,2019,0.19267506036381657
Afghanistan,rural,06_10,2020,0.19299998664035367
Afghanistan,rural,06_10,2025,0.19273228007557858
Afghanistan,rural,06_10,2030,0.19160432070402852
Afghanistan,rural,06_10,2035,0.19007949951774566
Afghanistan,rural,06_10,2040,0.1881587736014357
Afghanistan,rural,06_10,2045,0.18588065571774967
Afghanistan,rural,06_10,2050,0.18330173785043152
Afghanistan,rural,06_10,2055,0.18048358624129
Afghanistan,rural,06_10,2060,0.1774914909319405
Afghanistan,rural,06_10,2065,0.1743890652048503
Afghanistan,rural,06_10,2070,0.17122168715438651
Afghanistan,rural,06_10,2075,0.1680450804917601
Afghanistan,rural,06_10,2080,0.16489022465804684
Afghanistan,rural,06_10,2085,0.16179348883663583
Afghanistan,rural,06_10,2090,0.15882516230976287
Afghanistan,rural,06_10,2095,0.15601902323260217
Afghanistan,rural,06_10,2100,0.1533777340221391
Afghanistan,rural,11_20,2011,0.40317189715969404
Afghanistan,rural,11_20,2012,0.4021887804356677
Afghanistan,rural,11_20,2013,0.4019292436469343
Afghanistan,rural,11_20,2014,0.4020577476488374
Afghanistan,rural,11_20,2015,0.4022716150682555
Afghanistan,rural,11_20,2016,0.40231860445334083
Afghanistan,rural,11_20,2017,0.402348345955373
Afghanistan,rural,11_20,2018,0.4025657820354493
Afghanistan,rural,11_20,2019,0.40244797809184807
Afghanistan,rural,11_20,2020,0.40312666438769945
Afghanistan,rural,11_20,2025,0.4025674951547317
Afghanistan,rural,11_20,2030,0.4002114820433674
Afghanistan,rural,11_20,2035,0.39702652804770017
Afghanistan,rural,11_20,2040,0.3930146322682051
Afghanistan,rural,11_20,2045,0.3882562378272581
Afghanistan,rural,11_20,2050,0.38286955062753764
Afghanistan,rural,11_20,2055,0.37698316650022123
Afghanistan,rural,11_20,2060,0.3707334593236305
Afghanistan,rural,11_20,2065,0.36425330066329326
Afghanistan,rural,11_20,2070,0.3576374735300114
Afghanistan,rural,11_20,2075,0.3510023702314676
Afghanistan,rural,11_20,2080,0.34441269874491537
Afghanistan,rural,11_20,2085,0.3379444248144015
Afghanistan,rural,11_20,2090,0.331744364428793
Afghanistan,rural,11_20,2095,0.3258830713495776
Afghanistan,rural,11_20,2100,0.3203661066718476
Afghanistan,rural,21_30,2011,0.4275976654157429
Afghanistan,rural,21_30,2012,0.4265549875431373
Afghanistan,rural,21_30,2013,0.42627972697628297
Afghanistan,rural,21_30,2014,0.42641601626528713
Afghanistan,rural,21_30,2015,0.4266428406295246
Afghanistan,rural,21_30,2016,0.4266926768197536
Afghanistan,rural,21_30,2017,0.42672422018109524
Afghanistan,rural,21_30,2018,0.4269548294097462
Afghanistan,rural,21_30,2019,0.4268298884314302
Afghanistan,rural,21_30,2020,0.4275496922612611
Afghanistan,rural,21_30,2025,0.426956646316656
Afghanistan,rural,21_30,2030,0.42445789649504023
Afghanistan,rural,21_30,2035,0.4210799852303957
Afghanistan,rural,21_30,2040,0.4168250327367107
Afghanistan,rural,21_30,2045,0.4117783557028938
Afghanistan,rural,21_30,2050,0.4060653214186292
Afghanistan,rural,21_30,2055,0.3998223165655806
Afghanistan,rural,21_30,2060,0.3931939770978034
Afghanistan,rural,21_30,2065,0.3863212244724232
Afghanistan,rural,21_30,2070,0.3793045840346475
Afghanistan,rural,21_30,2075,0.3722674996043161
Afghanistan,rural,21_30,2080,0.36527859942710383
Afghanistan,rural,21_30,2085,0.3584184515560787
Afghanistan,rural,21_30,2090,0.3518427666807196
Afghanistan,rural,21_30,2095,0.34562637299195703
Afghanistan,rural,21_30,2100,0.3397751684982965
Afghanistan,rural,31_50,2011,0.713065368968106
Afghanistan,rural,31_50,2012,0.7113265908079832
Afghanistan,rural,31_50,2013,0.710867564032251
Afghanistan,rural,31_50,2014,0.7110948411668343
Afghanistan,rural,31_50,2015,0.7114730953343792
Afghanistan,rural,31_50,2016,0.7115562025733746
Afghanistan,rural,31_50,2017,0.7116088045410951
Afghanistan,rural,31_50,2018,0.7119933703795349
Afghanistan,rural,31_50,2019,0.7117850177808005
Afghanistan,rural,31_50,2020,0.7129853685427813
Afghanistan,rural,31_50,2025,0.7119964002683784
Afghanistan,rural,31_50,2030,0.7078294646005303
Afghanistan,rural,31_50,2035,0.702196432109758
Afghanistan,rural,31_50,2040,0.6951008384822733
Afghanistan,rural,31_50,2045,0.6866849585272632
Afghanistan,rural,31_50,2050,0.6771578557637911
Afghanistan,rural,31_50,2055,0.6667469697392368
Afghanistan,rural,31_50,2060,0.6556934965551842
Afghanistan,rural,31_50,2065,0.6442324379877142
Afghanistan,rural,31_50,2070,0.6325314309258201
Afghanistan,rural,31_50,2075,0.6207963312944992
Afghanistan,rural,31_50,2080,0.6091415841183195
Afghanistan,rural,31_50,2085,0.5977015453424479
Afghanistan,rural,31_50,2090,0.5867358793879647
Afghanistan,rural,31_50,2095,0.5763693703589251
Afghanistan,rural,31_50,2100,0.5666118538226192
Afghanistan,rural,51+,2011,0.8434383382567929
Afghanistan,rural,51+,2012,0.8413816514146126
Afghanistan,rural,51+,2013,0.8408386986955665
Afghanistan,rural,51+,2014,0.841107529937496
Afghanistan,rural,51+,2015,0.8415549420267613
Afghanistan,rural,51+,2016,0.8416532441384692
Afghanistan,rural,51+,2017,0.841715463562065
Afghanistan,rural,51+,2018,0.8421703413135863
Afghanistan,rural,51+,2019,0.8419238946660618
Afghanistan,rural,51+,2020,0.8433437109915628
Afghanistan,rural,51+,2025,0.8421739251707226
Afghanistan,rural,51+,2030,0.8372451297919782
Afghanistan,rural,51+,2035,0.8305821844714966
Afghanistan,rural,51+,2040,0.8221892713410051
Afghanistan,rural,51+,2045,0.812234677957099
Afghanistan,rural,51+,2050,0.800965691868414
Afghanistan,rural,51+,2055,0.788651336424343
Afghanistan,rural,51+,2060,0.7755769067015607
Afghanistan,rural,51+,2065,0.762020370914667
Afghanistan,rural,51+,2070,0.7481800157639229
Afghanistan,rural,51+,2075,0.7342993347449547
Afghanistan,rural,51+,2080,0.7205136973842379
Afghanistan,rural,51+,2085,0.7069820245325922
Afghanistan,rural,51+,2090,0.6940114562326442
Afghanistan,rural,51+,2095,0.6817495914310622
Afghanistan,rural,51+,2100,0.670208063976427
Bangladesh,large_city,No_travel,2011,0.0
Bangladesh,large_city,No_travel,2012,0.0
Bangladesh,large_city,No_travel,2013,0.0
Bangladesh,large_city,No_travel,2014,0.0
Bangladesh,large_city,No_travel,2015,0.0
Bangladesh,large_city,No_travel,2016,0.0
Bangladesh,large_city,No_travel,2017,0.0
Bangladesh,large_city,No_travel,2018,0.0
Bangladesh,large_city,No_travel,2019,0.0
Bangladesh,large_city,No_travel,2020,0.0
Bangladesh,large_city,No_travel,2025,0.0
Bangladesh,large_city,No_travel,2030,0.0
Bangladesh,large_city,No_travel,2035,0.0
Bangladesh,large_city,No_travel,2040,0.0
Bangladesh,large_city,No_travel,2045,0.0
Bangladesh,large_city,No_travel,2050,0.0
Bangladesh,large_city,No_travel,2055,0.0
Bangladesh,large_city,No_travel,2060,0.0
Bangladesh,large_city,No_travel,2065,0.0
Bangladesh,large_city,No_travel,2070,0.0
Bangladesh,large_city,No_travel,2075,0.0
Bangladesh,large_city,No_travel,2080,0.0
Bangladesh,large_city,No_travel,2085,0.0
Bangladesh,large_city,No_travel,2090,0.0
Bangladesh,large_city,No_travel,2095,0.0
Bangladesh,large_city,No_travel,2100,0.0
Bangladesh,large_city,00_01,2011,0.05827400034779323
Bangladesh,large_city,00_01,2012,0.05821467047963963
Bangladesh,large_city,00_01,2013,0.05815862451546168
Bangladesh,large_city,00_01,2014,0.05809924275255228
Bangladesh,large_city,00_01,2015,0.05803027421040654
Bangladesh,large_city,00_01,2016,0.05795114189456928
Bangladesh,large_city,00_01,2017,0.057875882823934216
Bangladesh,large_city,00_01,2018,0.05778541476476134
Bangladesh,large_city,00_01,2019,0.057681438502315135
Bangladesh,large_city,00_01,2020,0.057644109226965584
Bangladesh,large_city,00_01,2025,0.05701198725775794
Bangladesh,large_city,00_01,2030,0.05648790395241197
Bangladesh,large_city,00_01,2035,0.05593418995279027
Bangladesh,large_city,00_01,2040,0.05535662755831587
Bangladesh,large_city,00_01,2045,0.05477002535165862
Bangladesh,large_city,00_01,2050,0.05418584738814408
Bangladesh,large_city,00_01,2055,0.05361142018361095
Bangladesh,large_city,00_01,2060,0.053048923219325965
Bangladesh,large_city,00_01,2065,0.05249949053901573
Bangladesh,large_city,00_01,2070,0.05196451469163091
Bangladesh,large_city,00_01,2075,0.05144591419569854
Bangladesh,large_city,00_01,2080,0.050960393569899835
Bangladesh,large_city,00_01,2085,0.05050755900785237
Bangladesh,large_city,00_01,2090,0.05009449759778248
Bangladesh,large_city,00_01,2095,0.04970691181186987
Bangladesh,large_city,00_01,2100,0.04933698486301374
Bangladesh,large_city,02_05,2011,0.21452239727168868
Bangladesh,large_city,02_05,2012,0.2143039879387072
Bangladesh,large_city,02_05,2013,0.2140976675467468
Bangladesh,large_city,02_05,2014,0.21387906717509708
Bangladesh,large_city,02_05,2015,0.21362517526945932
Bangladesh,large_city,02_05,2016,0.21333386775678204
Bangladesh,large_city,02_05,2017,0.21305681870999071
Bangladesh,large_city,02_05,2018,0.21272378125221447
Bangladesh,large_city,02_05,2019,0.2123410164352088
Bangladesh,large_city,02_05,2020,0.21220359725017593
Bangladesh,large_city,02_05,2025,0.2098765848708437
Bangladesh,large_city,02_05,2030,0.20794729210971707
Bangladesh,large_city,02_05,2035,0.20590892072809217
Bangladesh,large_city,02_05,2040,0.20378275693811448
Bangladesh,large_city,02_05,2045,0.2016233151481921
Bangladesh,large_city,02_05,2050,0.199472797654653
Bangladesh,large_city,02_05,2055,0.1973581753490095
Bangladesh,large_city,02_05,2060,0.195287471492808
Bangladesh,large_city,02_05,2065,0.19326486080852154
Bangladesh,large_city,02_05,2070,0.1912954696464509
Bangladesh,large_city,02_05,2075,0.18938636059353325
Bangladesh,large_city,02_05,2080,0.18759902751274993
Bangladesh,large_city,02_05,2085,0.18593202069601994
Bangladesh,large_city,02_05,2090,0.18441142963688953
Bangladesh,large_city,02_05,2095,0.1829846212584331
Bangladesh,large_city,02_05,2100,0.1816228198476771
Bangladesh,large_city,06_10,2011,0.3454745494359448
Bangladesh,large_city,06_10,2012,0.34512281522607197
Bangladesh,large_city,06_10,2013,0.34479054947965815
Bangladesh,large_city,06_10,2014,0.3444385076142739
Bangladesh,large_city,06_10,2015,0.3440296309989592
Bangladesh,large_city,06_10,2016,0.34356049895042057
Bangladesh,large_city,06_10,2017,0.3431143292458621
Bangladesh,large_city,06_10,2018,0.3425779937996158
Bangladesh,large_city,06_10,2019,0.3419615756336026
Bangladesh,large_city,06_10,2020,0.34174027085779884
Bangladesh,large_city,06_10,2025,0.337992766804581
Bangladesh,large_city,06_10,2030,0.33488576466467807
Bangladesh,large_city,06_10,2035,0.3316030984088179
Bangladesh,large_city,06_10,2040,0.3281790481151822
Bangladesh,large_city,06_10,2045,0.3247014057389331
Bangladesh,large_city,06_10,2050,0.3212381353691096
Bangladesh,large_city,06_10,2055,0.31783267189508285
Bangladesh,large_city,06_10,2060,0.31449793626451616
Bangladesh,large_city,06_10,2065,0.3112406515999539
Bangladesh,large_city,06_10,2070,0.30806907355946705
Bangladesh,large_city,06_10,2075,0.30499457598593166
Bangladesh,large_city,06_10,2080,0.3021161907980505
Bangladesh,large_city,06_10,2085,0.29943158333402403
Bangladesh,large_city,06_10,2090,0.2969827690483805
Bangladesh,large_city,06_10,2095,0.2946849857495374
Bangladesh,large_city,06_10,2100,0.2924918919990218
Bangladesh,large_city,11_20,2011,0.49491906190807855
Bangladesh,large_city,11_20,2012,0.4944151753975513
Bangladesh,large_city,11_20,2013,0.493939178969485
Bangladesh,large_city,11_20,2014,0.4934348517185984
Bangladesh,large_city,11_20,2015,0.4928491042844731
Bangladesh,large_city,11_20,2016,0.4921770362732322
Bangladesh,large_city,11_20,2017,0.4915378635990297
Bangladesh,large_city,11_20,2018,0.4907695215131722
Bangladesh,large_city,11_20,2019,0.48988645472586634
Bangladesh,large_city,11_20,2020,0.4895694184862493
Bangladesh,large_city,11_20,2025,0.4842008285465751
Bangladesh,large_city,11_20,2030,0.47974980722839755
Bangladesh,large_city,11_20,2035,0.47504713345239824
Bangladesh,large_city,11_20,2040,0.4701419160868381
Bangladesh,large_city,11_20,2045,0.465159923910236
Bangladesh,large_city,11_20,2050,0.46019852074648465
Bangladesh,large_city,11_20,2055,0.45531993044025415
Bangladesh,large_city,11_20,2060,0.4505426632502798
Bangladesh,large_city,11_20,2065,0.4458763505705621
Bangladesh,large_city,11_20,2070,0.4413328192709951
Bangladesh,large_city,11_20,2075,0.4369283632628256
Bangladesh,large_city,11_20,2080,0.4328048534432973
Bangladesh,large_city,11_20,2085,0.42895894522847583
Bangladesh,large_city,11_20,2090,0.42545082901263137
Bangladesh,large_city,11_20,2095,0.42215907638834055
Bangladesh,large_city,11_20,2100,0.41901729965412443
Bangladesh,large_city,21_30,2011,0.5042582541473913
Bangladesh,large_city,21_30,2012,0.5037448592276094
Bangladesh,large_city,21_30,2013,0.5032598806800631
Bangladesh,large_city,21_30,2014,0.5027460367030893
Bangladesh,large_city,21_30,2015,0.5021492361325786
Bangladesh,large_city,21_30,2016,0.5014644861035332
Bangladesh,large_city,21_30,2017,0.5008132521511584
Bangladesh,large_city,21_30,2018,0.500030411342181
Bangladesh,large_city,21_30,2019,0.4991306809605189
Bangladesh,large_city,21_30,2020,0.4988076622025135
Bangladesh,large_city,21_30,2025,0.49333776621633674
Bangladesh,large_city,21_30,2030,0.48880275350047186
Bangladesh,large_city,21_30,2035,0.48401133960954645
Bangladesh,large_city,21_30,2040,0.47901356010306584
Bangladesh,large_city,21_30,2045,0.4739375570340712
Bangladesh,large_city,21_30,2050,0.4688825314954928
Bangladesh,large_city,21_30,2055,0.46391188150469276
Bangladesh,large_city,21_30,2060,0.4590444666115895
Bangladesh,large_city,21_30,2065,0.4542900999559416
Bangladesh,large_city,21_30,2070,0.4496608315823399
Bangladesh,large_city,21_30,2075,0.44517326287042586
Bangladesh,large_city,21_30,2080,0.44097194184120847
Bangladesh,large_city,21_30,2085,0.43705346079798457
Bangladesh,large_city,21_30,2090,0.43347914593622144
Bangladesh,large_city,21_30,2095,0.4301252774773859
Bangladesh,large_city,21_30,2100,0.4269242149747439
Bangladesh,large_city,31_50,2011,0.618752652250464
Bangladesh,large_city,31_50,2012,0.6181226884062347
Bangladesh,large_city,31_50,2013,0.6175275930159052
Bangladesh,large_city,31_50,2014,0.6168970781537675
Bangladesh,large_city,31_50,2015,0.616164770982133
Bangladesh,large_city,31_50,2016,0.6153245449806434
Bangladesh,large_city,31_50,2017,0.614525445051285
Bangladesh,large_city,31_50,2018,0.6135648562600045
Bangladesh,large_city,31_50,2019,0.6124608375247931
Bangladesh,large_city,31_50,2020,0.6120644757169325
Bangladesh,large_city,31_50,2025,0.6053526120614656
Bangladesh,large_city,31_50,2030,0.5997879016717954
Bangladesh,large_city,31_50,2035,0.5939085729178168
Bangladesh,large_city,31_50,2040,0.5877760221869882
Bangladesh,large_city,31_50,2045,0.5815474868364219
Bangladesh,large_city,31_50,2050,0.575344692071113
Bangladesh,large_city,31_50,2055,0.5692454307503111
Bangladesh,large_city,31_50,2060,0.5632728445805452
Bangladesh,large_city,31_50,2065,0.557438974824804
Bangladesh,large_city,31_50,2070,0.5517586075515138
Bangladesh,large_city,31_50,2075,0.5462521135678945
Bangladesh,large_city,31_50,2080,0.5410968612573908
Bangladesh,large_city,31_50,2085,0.5362886691884529
Bangladesh,large_city,31_50,2090,0.5319027879807499
Bangladesh,large_city,31_50,2095,0.5277874066515688
Bangladesh,large_city,31_50,2100,0.5238595266471487
Bangladesh,large_city,51+,2011,0.6494195964482046
Bangladesh,large_city,51+,2012,0.6487584100047875
Bangladesh,large_city,51+,2013,0.648133820183911
Bangladesh,large_city,51+,2014,0.6474720554127463
Bangladesh,large_city,51+,2015,0.6467034532481344
Bangladesh,large_city,51+,2016,0.6458215835238948
Bangladesh,large_city,51+,2017,0.6449828781837913
Bangladesh,large_city,51+,2018,0.6439746801859044
Bangladesh,large_city,51+,2019,0.6428159434938118
Bangladesh,large_city,51+,2020,0.6423999369936827
Bangladesh,large_city,51+,2025,0.6353554164236371
Bangladesh,large_city,51+,2030,0.6295149049325479
Bangladesh,large_city,51+,2035,0.6233441817963996
Bangladesh,large_city,51+,2040,0.6169076863626787
Bangladesh,large_city,51+,2045,0.6103704490690421
Bangladesh,large_city,51+,2050,0.6038602281290804
Bangladesh,large_city,51+,2055,0.5974586720126244
Bangladesh,large_city,51+,2060,0.5911900693876266
Bangladesh,large_city,51+,2065,0.5850670583124818
Bangladesh,large_city,51+,2070,0.5791051576905119
Bangladesh,large_city,51+,2075,0.5733257479575916
Bangladesh,large_city,51+,2080,0.5679149883222199
Bangladesh,large_city,51+,2085,0.5628684901105384
Bangladesh,large_city,51+,2090,0.5582652335529839
Bangladesh,large_city,51+,2095,0.5539458835311184
Bangladesh,large_city,51+,2100,0.5498233278732321
Bangladesh,city,No_travel,2011,0.0
Bangladesh,city,No_travel,2012,0.0
Bangladesh,city,No_travel,2013,0.0
Bangladesh,city,No_travel,2014,0.0
Bangladesh,city,No_travel,2015,0.0
Bangladesh,city,No_travel,2016,0.0
Bangladesh,city,No_travel,2017,0.0
Bangladesh,city,No_travel,2018,0.0
Bangladesh,city,No_travel,2019,0.0
Bangladesh,city,No_travel,2020,0.0
Bangladesh,city,No_travel,2025,0.0
Bangladesh,city,No_travel,2030,0.0
Bangladesh,city,No_travel,2035,0.0
Bangladesh,city,No_travel,2040,0.0
Bangladesh,city,No_travel,2045,0.0
Bangladesh,city,No_travel,2050,0.0
Bangladesh,city,No_travel,2055,0.0
Bangladesh,city,No_travel,2060,0.0
Bangladesh,city,No_travel,2065,0.0
Bangladesh,city,No_travel,2070,0.0
Bangladesh,city,No_travel,2075,0.0
Bangladesh,city,No_travel,2080,0.0
Bangladesh,city,No_travel,2085,0.0
Bangladesh,city,No_travel,2090,0.0
Bangladesh,city,No_travel,2095,0.0
Bangladesh,city,No_travel,2100,0.0
Bangladesh,city,00_01,2011,0.03443334851853788
Bangladesh,city,00_01,2012,0.03439829127147231
Bangladesh,city,00_01,2013,0.03436517444053434
Bangladesh,city,00_01,2014,0.034330086529532844
Bangladesh,city,00_01,2015,0.034289333915427996
Bangladesh,city,00_01,2016,0.034242575659704316
Bangladesh,city,00_01,2017,0.03419810605417026
Bangladesh,city,00_01,2018,0.034144649655215256
Bangladesh,city,00_01,2019,0.03408321143472074
Bangladesh,city,00_01,2020,0.03406115405166168
Bangladesh,city,00_01,2025,0.03368764140550651
Bangladesh,city,00_01,2030,0.0333779673999805
Bangladesh,city,00_01,2035,0.03305078500277461
Bangladesh,city,00_01,2040,0.0327095108993761
Bangladesh,city,00_01,2045,0.032362895288588746
Bangladesh,city,00_01,2050,0.032017712131529104
Bangladesh,city,00_01,2055,0.03167829057107041
Bangladesh,city,00_01,2060,0.0313459184343328
Bangladesh,city,00_01,2065,0.031021265812997644
Bangladesh,city,00_01,2070,0.030705155546119432
Bangladesh,city,00_01,2075,0.030398721261331193
Bangladesh,city,00_01,2080,0.030111833441355082
Bangladesh,city,00_01,2085,0.029844259391124117
Bangladesh,city,00_01,2090,0.029600186778850915
Bangladesh,city,00_01,2095,0.029371167381392206
Bangladesh,city,00_01,2100,0.029152582360965594
Bangladesh,city,02_05,2011,0.1172561922728026
Bangladesh,city,02_05,2012,0.11713681151318048
Bangladesh,city,02_05,2013,0.11702403847009879
Bangladesh,city,02_05,2014,0.11690455329029911
Bangladesh,city,02_05,2015,0.11676577804593026
Bangladesh,city,02_05,2016,0.11660655173599052
Bangladesh,city,02_05,2017,0.11645511898718333
Bangladesh,city,02_05,2018,0.1162730834296858
Bangladesh,city,02_05,2019,0.11606386730330978
Bangladesh,city,02_05,2020,0.11598875509783792
Bangladesh,city,02_05,2025,0.11471682911508563
Bangladesh,city,02_05,2030,0.11366229343104381
Bangladesh,city,02_05,2035,0.11254813626290214
Bangladesh,city,02_05,2040,0.1113859924805662
Bangladesh,city,02_05,2045,0.11020565921494274
Bangladesh,city,02_05,2050,0.1090302038969179
Bangladesh,city,02_05,2055,0.10787436859576346
Bangladesh,city,02_05,2060,0.10674253876078689
Bangladesh,city,02_05,2065,0.10563699626123446
Bangladesh,city,02_05,2070,0.10456054311835981
Bangladesh,city,02_05,2075,0.10351703968456615
Bangladesh,city,02_05,2080,0.10254009800369146
Bangladesh,city,02_05,2085,0.10162892567712545
Bangladesh,city,02_05,2090,0.1007977830092021
Bangladesh,city,02_05,2095,0.10001790118945511
Bangladesh,city,02_05,2100,0.09927355164792567
Bangladesh,city,06_10,2011,0.200017206570617
Bangladesh,city,06_10,2012,0.19981356524818397
Bangladesh,city,06_10,2013,0.19962119545844026
Bangladesh,city,06_10,2014,0.19941737601464904
Bangladesh,city,06_10,2015,0.1991806513165177
Bangladesh,city,06_10,2016,0.19890904091275666
Bangladesh,city,06_10,2017,0.19865072487150867
Bangladesh,city,06_10,2018,0.19834020614323145
Bangladesh,city,06_10,2019,0.19798332243111247
Bangladesh,city,06_10,2020,0.1978551950100643
Bangladesh,city,06_10,2025,0.1956855263801739
Bangladesh,city,06_10,2030,0.19388668507667708
Bangladesh,city,06_10,2035,0.1919861406352044
Bangladesh,city,06_10,2040,0.19000373997498646
Bangladesh,city,06_10,2045,0.18799031144693817
Bangladesh,city,06_10,2050,0.18598520378820652
Bangladesh,city,06_10,2055,0.18401356422093532
Bangladesh,city,06_10,2060,0.1820828735041619
Bangladesh,city,06_10,2065,0.1801970240814627
Bangladesh,city,06_10,2070,0.17836079567877824
Bangladesh,city,06_10,2075,0.17658077333770936
Bangladesh,city,06_10,2080,0.17491429293950286
Bangladesh,city,06_10,2085,0.1733600027998387
Bangladesh,city,06_10,2090,0.17194222833968137
Bangladesh,city,06_10,2095,0.1706118953311006
Bangladesh,city,06_10,2100,0.16934217376567184
Bangladesh,city,11_20,2011,0.34492847757715667
Bangladesh,city,11_20,2012,0.3445772993334298
Bangladesh,city,11_20,2013,0.3442455587804754
Bangladesh,city,11_20,2014,0.34389407336753064
Bangladesh,city,11_20,2015,0.3434858430400936
Bangladesh,city,11_20,2016,0.34301745252174926
Bangladesh,city,11_20,2017,0.34257198805212136
Bangladesh,city,11_20,2018,0.342036500360636
Bangladesh,city,11_20,2019,0.3414210565315581
Bangladesh,city,11_20,2020,0.34120010155955455
Bangladesh,city,11_20,2025,0.33745852097163254
Bangladesh,city,11_20,2030,0.3343564298922883
Bangladesh,city,11_20,2035,0.33107895235920687
Bangladesh,city,11_20,2040,0.32766031426601105
Bangladesh,city,11_20,2045,0.3241881688001413
Bangladesh,city,11_20,2050,0.3207303726236887
Bangladesh,city,11_20,2055,0.3173302919709793
Bangladesh,city,11_20,2060,0.3140008273662735
Bangladesh,city,11_20,2065,0.3107486913052604
Bangladesh,city,11_20,2070,0.3075821263967646
Bangladesh,city,11_20,2075,0.3045124885056792
Bangladesh,city,11_20,2080,0.3016386530166179
Bangladesh,city,11_20,2085,0.29895828895804744
Bangladesh,city,11_20,2090,0.29651334537307045
Bangladesh,city,11_20,2095,0.2942191940488523
Bangladesh,city,11_20,2100,0.29202956679618086
Bangladesh,city,21_30,2011,0.3020747578557574
Bangladesh,city,21_30,2012,0.30176720979917726
Bangladesh,city,21_30,2013,0.30147668450561915
Bangladesh,city,21_30,2014,0.3011688674423517
Bangladesh,city,21_30,2015,0.3008113554207984
Bangladesh,city,21_30,2016,0.3004011574765618
Bangladesh,city,21_30,2017,0.3000110372616657
Bangladesh,city,21_30,2018,0.29954207825927653
Bangladesh,city,21_30,2019,0.2990030968247821
Bangladesh,city,21_30,2020,0.29880959317401423
Bangladesh,city,21_30,2025,0.2955328644503282
Bangladesh,city,21_30,2030,0.2928161754189629
Bangladesh,city,21_30,2035,0.28994588984805986
Bangladesh,city,21_30,2040,0.2869519814255012
Bangladesh,city,21_30,2045,0.2839112133561035
Bangladesh,city,21_30,2050,0.2808830118284902
Bangladesh,city,21_30,2055,0.2779053552804671
Bangladesh,city,21_30,2060,0.2749895414824288
Bangladesh,city,21_30,2065,0.27214144897338177
Bangladesh,city,21_30,2070,0.26936829630507403
Bangladesh,city,21_30,2075,0.26668002849614236
Bangladesh,city,21_30,2080,0.26416323670912245
Bangladesh,city,21_30,2085,0.261815879571071
Bangladesh,city,21_30,2090,0.2596746943996098
Bangladesh,city,21_30,2095,0.25766556714338706
Bangladesh,city,21_30,2100,0.25574797794695103
Bangladesh,city,31_50,2011,0.5432627574154263
Bangladesh,city,31_50,2012,0.5427096512689827
Bangladesh,city,31_50,2013,0.5421871595083416
Bangladesh,city,31_50,2014,0.541633569570019
Bangladesh,city,31_50,2015,0.5409906063247054
Bangladesh,city,31_50,2016,0.5402528907080351
Bangladesh,city,31_50,2017,0.5395512836450274
Bangladesh,city,31_50,2018,0.5387078899018323
Bangladesh,city,31_50,2019,0.5377385651479943
Bangladesh,city,31_50,2020,0.5373905608075049
Bangladesh,city,31_50,2025,0.5314975669858165
Bangladesh,city,31_50,2030,0.526611769891428
Bangladesh,city,31_50,2035,0.5214497389263546
Bangladesh,city,31_50,2040,0.5160653799132617
Bangladesh,city,31_50,2045,0.5105967467253453
Bangladesh,city,31_50,2050,0.5051507136851191
Bangladesh,city,31_50,2055,0.49979558266259405
Bangladesh,city,31_50,2060,0.49455167199863637
Bangladesh,city,31_50,2065,0.48942955388184245
Bangladesh,city,31_50,2070,0.48444221043079444
Bangladesh,city,31_50,2075,0.4796075271460405
Bangladesh,city,31_50,2080,0.4750812328745085
Bangladesh,city,31_50,2085,0.47085965633329496
Bangladesh,city,31_50,2090,0.4670088673145697
Bangladesh,city,31_50,2095,0.4633955762836944
Bangladesh,city,31_50,2100,0.45994691078830297
Bangladesh,city,51+,2011,0.717071066177833
Bangladesh,city,51+,2012,0.7163410024863208
Bangladesh,city,51+,2013,0.7156513477681242
Bangladesh,city,51+,2014,0.714920645503189
Bangladesh,city,51+,2015,0.7140719763582185
Bangladesh,city,51+,2016,0.7130982403224583
Bangladesh,city,51+,2017,0.7121721651998006
Bangladesh,city,51+,2018,0.7110589409958853
Bangladesh,city,51+,2019,0.7097794961504225
Bangladesh,city,51+,2020,0.7093201533369071
Bangladesh,city,51+,2025,0.701541789543296
Bangladesh,city,51+,2030,0.695092859106265
Bangladesh,city,51+,2035,0.6882793181498073
Bangladesh,city,51+,2040,0.6811723188101667
Bangladesh,city,51+,2045,0.673954083109176
Bangladesh,city,51+,2050,0.6667656781149266
Bangladesh,city,51+,2055,0.6596972577981854
Bangladesh,city,51+,2060,0.6527756410309422
Bangladesh,city,51+,2065,0.6460147824059701
Bangladesh,city,51+,2070,0.6394318174649309
Bangladesh,city,51+,2075,0.6330503538907959
Bangladesh,city,51+,2080,0.6270759435068348
Bangladesh,city,51+,2085,0.6215037404613674
Bangladesh,city,51+,2090,0.6164209525293912
Bangladesh,city,51+,2095,0.6116516463022402
Bangladesh,city,51+,2100,0.60709963494141
Bangladesh,town,No_travel,2011,0.0
Bangladesh,town,No_travel,2012,0.0
Bangladesh,town,No_travel,2013,0.0
Bangladesh,town,No_travel,2014,0.0
Bangladesh,town,No_travel,2015,0.0
Bangladesh,town,No_travel,2016,0.0
Bangladesh,town,No_travel,2017,0.0
Bangladesh,town,No_travel,2018,0.0
Bangladesh,town,No_travel,2019,0.0
Bangladesh,town,No_travel,2020,0.0
Bangladesh,town,No_travel,2025,0.0
Bangladesh,town,No_travel,2030,0.0
Bangladesh,town,No_travel,2035,0.0
Bangladesh,town,No_travel,2040,0.0
Bangladesh,town,No_travel,2045,0.0
Bangladesh,town,No_travel,2050,0.0
Bangladesh,town,No_travel,2055,0.0
Bangladesh,town,No_travel,2060,0.0
Bangladesh,town,No_travel,2065,0.0
Bangladesh,town,No_travel,2070,0.0
Bangladesh,town,No_travel,2075,0.0
Bangladesh,town,No_travel,2080,0.0
Bangladesh,town,No_travel,2085,0.0
Bangladesh,town,No_travel,2090,0.0
Bangladesh,town,No_travel,2095,0.0
Bangladesh,town,No_travel,2100,0.0
Bangladesh,town,00_01,2011,0.027047867565327503
Bangladesh,town,00_01,2012,0.027020329616895794
Bangladesh,town,00_01,2013,0.02699431589194798
Bangladesh,town,00_01,2014,0.026966753856574002
Bangladesh,town,00_01,2015,0.026934742119212603
Bangladesh,town,00_01,2016,0.026898012867983413
Bangladesh,town,00_01,2017,0.026863081382870364
Bangladesh,town,00_01,2018,0.02682109064825808
Bangladesh,town,00_01,2019,0.02677283008334409
Bangladesh,town,00_01,2020,0.026755503706401743
Bangladesh,town,00_01,2025,0.026462104399571595
Bangladesh,town,00_01,2030,0.026218851220596494
Bangladesh,town,00_01,2035,0.025961844959803505
Bangladesh,town,00_01,2040,0.025693769470507728
Bangladesh,town,00_01,2045,0.025421498153891397
Bangladesh,town,00_01,2050,0.02515035204932639
Bangladesh,town,00_01,2055,0.024883731757920195
Bangladesh,town,00_01,2060,0.024622648885540124
Bangladesh,town,00_01,2065,0.024367629798393194
Bangladesh,town,00_01,2070,0.02411932084784315
Bangladesh,town,00_01,2075,0.0238786125139451
Bangladesh,town,00_01,2080,0.023653258196265486
Bangladesh,town,00_01,2085,0.023443075109637442
Bangladesh,town,00_01,2090,0.023251352724882008
Bangladesh,town,00_01,2095,0.02307145484684034
Bangladesh,town,00_01,2100,0.022899753315080207
Bangladesh,town,02_05,2011,0.08140578256416522
Bangladesh,town,02_05,2012,0.08132290178855951
Bangladesh,town,02_05,2013,0.08124460845797916
Bangladesh,town,02_05,2014,0.08116165518806756
Bangladesh,town,02_05,2015,0.08106530968042822
Bangladesh,town,02_05,2016,0.08095476590347106
Bangladesh,town,02_05,2017,0.08084963285093417
Bangladesh,town,02_05,2018,0.08072325362331852
Bangladesh,town,02_05,2019,0.08057800413019957
Bangladesh,town,02_05,2020,0.08052585705166974
Bangladesh,town,02_05,2025,0.07964281515867745
Bangladesh,town,02_05,2030,0.07891069772472958
Bangladesh,town,02_05,2035,0.07813718773422067
Bangladesh,town,02_05,2040,0.07733036276217115
Bangladesh,town,02_05,2045,0.07651090963724752
Bangladesh,town,02_05,2050,0.07569484305536162
Bangladesh,town,02_05,2055,0.07489239778247697
Bangladesh,town,02_05,2060,0.074106618441874
Bangladesh,town,02_05,2065,0.0733390892343365
Bangladesh,town,02_05,2070,0.07259175547915629
Bangladesh,town,02_05,2075,0.0718672972480828
Bangladesh,town,02_05,2080,0.07118904989491849
Bangladesh,town,02_05,2085,0.07055646329239308
Bangladesh,town,02_05,2090,0.06997943773840483
Bangladesh,town,02_05,2095,0.06943800032163827
Bangladesh,town,02_05,2100,0.06892123139238202
Bangladesh,town,06_10,2011,0.19908062987368702
Bangladesh,town,06_10,2012,0.1988779420978033
Bangladesh,town,06_10,2013,0.19868647307587528
Bangladesh,town,06_10,2014,0.19848360801268317
Bangladesh,town,06_10,2015,0.1982479917733672
Bangladesh,town,06_10,2016,0.19797765318006275
Bangladesh,town,06_10,2017,0.19772054669867625
Bangladesh,town,06_10,2018,0.19741148196833175
Bangladesh,town,06_10,2019,0.1970562693572846
Bangladesh,town,06_10,2020,0.19692874189040463
Bangladesh,town,06_10,2025,0.19476923269186341
Bangladesh,town,06_10,2030,0.19297881442794015
Bangladesh,town,06_10,2035,0.1910871692490153
Bangladesh,town,06_10,2040,0.1891140511415046
Bangladesh,town,06_10,2045,0.18711005045355383
Bangladesh,town,06_10,2050,0.18511433167261027
Bangladesh,town,06_10,2055,0.1831519242694369
Bangladesh,town,06_10,2060,0.18123027397456176
Bangladesh,town,06_10,2065,0.17935325500526952
Bangladesh,town,06_10,2070,0.17752562470652664
Bangladesh,town,06_10,2075,0.1757539372856041
Bangladesh,town,06_10,2080,0.17409526014959495
Bangladesh,town,06_10,2085,0.17254824794341478
Bangladesh,town,06_10,2090,0.17113711218471545
Bangladesh,town,06_10,2095,0.16981300843468874
Bangladesh,town,06_10,2100,0.1685492323159051
Bangladesh,town,11_20,2011,0.46310481127692005
Bangladesh,town,11_20,2012,0.46263331546008274
Bangladesh,town,11_20,2013,0.46218791690311817
Bangladesh,town,11_20,2014,0.4617160086774717
Bangladesh,town,11_20,2015,0.4611679140983485
Bangladesh,town,11_20,2016,0.4605390477776394
Bangladesh,town,11_20,2017,0.4599409622249861
Bangladesh,town,11_20,2018,0.45922201049317096
Bangladesh,town,11_20,2019,0.4583957087615231
Bangladesh,town,11_20,2020,0.45809905215801755
Bangladesh,town,11_20,2025,0.4530755644361044
Bangladesh,town,11_20,2030,0.44891066244264066
Bangladesh,town,11_20,2035,0.4445102846452392
Bangladesh,town,11_20,2040,0.4399203831094363
Bangladesh,town,11_20,2045,0.43525864197981917
Bangladesh,town,11_20,2050,0.4306161663658075
Bangladesh,town,11_20,2055,0.42605118025605065
Bangladesh,town,11_20,2060,0.42158100403793725
Bangladesh,town,11_20,2065,0.4172146499828551
Bangladesh,town,11_20,2070,0.4129631847091099
Bangladesh,town,11_20,2075,0.4088418547272397
Bangladesh,town,11_20,2080,0.4049834112286018
Bangladesh,town,11_20,2085,0.40138472462488395
Bangladesh,town,11_20,2090,0.39810211616803304
Bangladesh,town,11_20,2095,0.39502196307802007
Bangladesh,town,11_20,2100,0.3920821451692817
Bangladesh,town,21_30,2011,0.4152421813255062
Bangladesh,town,21_30,2012,0.4148194153625927
Bangladesh,town,21_30,2013,0.41442004946560873
Bangladesh,town,21_30,2014,0.4139969137170023
Bangladesh,town,21_30,2015,0.4135054655975577
Bangladesh,town,21_30,2016,0.41294159362643007
Bangladesh,town,21_30,2017,0.4124053211812826
Bangladesh,town,21_30,2018,0.4117606742717342
Bangladesh,town,21_30,2019,0.4110197721581577
Bangladesh,town,21_30,2020,0.41075377549359143
Bangladesh,town,21_30,2025,0.4062494733384109
Bangladesh,town,21_30,2030,0.4025150206904148
Bangladesh,town,21_30,2035,0.3985694290430054
Bangladesh,town,21_30,2040,0.394453901241554
Bangladesh,town,21_30,2045,0.39027395858429764
Bangladesh,town,21_30,2050,0.3861112903205038
Bangladesh,town,21_30,2055,0.38201810289558935
Bangladesh,town,21_30,2060,0.37800992660694166
Bangladesh,town,21_30,2065,0.3740948422931499
Bangladesh,town,21_30,2070,0.3702827728196501
Bangladesh,town,21_30,2075,0.3665873889455002
Bangladesh,town,21_30,2080,0.36312772181209707
Bangladesh,town,21_30,2085,0.3599009652791334
Bangladesh,town,21_30,2090,0.3569576197062341
Bangladesh,town,21_30,2095,0.35419580541113554
Bangladesh,town,21_30,2100,0.35155982242974876
Bangladesh,town,31_50,2011,0.6804906855894606
Bangladesh,town,31_50,2012,0.6797978650792018
Bangladesh,town,31_50,2013,0.6791433921348294
Bangladesh,town,31_50,2014,0.6784499656270806
Bangladesh,town,31_50,2015,0.6776445901551934
Bangladesh,town,31_50,2016,0.6767205279055624
Bangladesh,town,31_50,2017,0.6758416952140082
Bangladesh,town,31_50,2018,0.6747852605906243
Bangladesh,town,31_50,2019,0.6735710848399504
Bangladesh,town,31_50,2020,0.673135174759579
Bangladesh,town,31_50,2025,0.6657536133490869
Bangladesh,town,31_50,2030,0.6596336661061931
Bangladesh,town,31_50,2035,0.653167708441124
Bangladesh,town,31_50,2040,0.6464232627631046
Bangladesh,town,31_50,2045,0.6395732552916062
Bangladesh,town,31_50,2050,0.6327515567549394
Bangladesh,town,31_50,2055,0.6260437220447591
Bangladesh,town,31_50,2060,0.6194752019056955
Bangladesh,town,31_50,2065,0.6130592390564293
Bangladesh,town,31_50,2070,0.6068120948928575
Bangladesh,town,31_50,2075,0.6007561727849218
Bangladesh,town,31_50,2080,0.5950865386162406
Bangladesh,town,31_50,2085,0.5897985937395003
Bangladesh,town,31_50,2090,0.5849750971466555
Bangladesh,town,31_50,2095,0.5804490904265697
Bangladesh,town,31_50,2100,0.5761292935781855
Bangladesh,town,51+,2011,0.7954469694604287
Bangladesh,town,51+,2012,0.7946371097710371
Bangladesh,town,51+,2013,0.7938720757577591
Bangladesh,town,51+,2014,0.7930615076988377
Bangladesh,town,51+,2015,0.7921200789740116
Bangladesh,town,51+,2016,0.7910399135409976
Bangladesh,town,51+,2017,0.7900126183612641
Bangladesh,town,51+,2018,0.7887777186963615
Bangladesh,town,51+,2019,0.7873584304655031
Bangladesh,town,51+,2020,0.7868488814595702
Bangladesh,town,51+,2025,0.7782203421155295
Bangladesh,town,51+,2030,0.7710665432602215
Bangladesh,town,51+,2035,0.763508281937536
Bangladesh,town,51+,2040,0.7556244872157554
Bangladesh,town,51+,2045,0.7476172979927835
Bangladesh,town,51+,2050,0.739643199974287
Bangladesh,town,51+,2055,0.7318022009645321
Bangladesh,town,51+,2060,0.7241240511395539
Bangladesh,town,51+,2065,0.7166242303298118
Bangladesh,town,51+,2070,0.7093217469925254
Bangladesh,town,51+,2075,0.7022427891315915
Bangladesh,town,51+,2080,0.6956153753948111
Bangladesh,town,51+,2085,0.6894341302786736
Bangladesh,town,51+,2090,0.6837957933723315
Bangladesh,town,51+,2095,0.6785052017367807
Bangladesh,town,51+,2100,0.6734556553072726
Bangladesh,rural,No_travel,2011,0.0
Bangladesh,rural,No_travel,2012,0.0
Bangladesh,rural,No_travel,2013,0.0
Bangladesh,rural,No_travel,2014,0.0
Bangladesh,rural,No_travel,2015,0.0
Bangladesh,rural,No_travel,2016,0.0
Bangladesh,rural,No_travel,2017,0.0
Bangladesh,rural,No_travel,2018,0.0
Bangladesh,rural,No_travel,2019,0.0
Bangladesh,rural,No_travel,2020,0.0
Bangladesh,rural,No_travel,2025,0.0
Bangladesh,rural,No_travel,2030,0.0
Bangladesh,rural,No_travel,2035,0.0
Bangladesh,rural,No_travel,2040,0.0
Bangladesh,rural,No_travel,2045,0.0
Bangladesh,rural,No_travel,2050,0.0
Bangladesh,rural,No_travel,2055,0.0
Bangladesh,rural,No_travel,2060,0.0
Bangladesh,rural,No_travel,2065,0.0
Bangladesh,rural,No_travel,2070,0.0
Bangladesh,rural,No_travel,2075,0.0
Bangladesh,rural,No_travel,2080,0.0
Bangladesh,rural,No_travel,2085,0.0
Bangladesh,rural,No_travel,2090,0.0
Bangladesh,rural,No_travel,2095,0.0
Bangladesh,rural,No_travel,2100,0.0
Bangladesh,rural,00_01,2011,0.034010264700701204
Bangladesh,rural,00_01,2012,0.03397563820331782
Bangladesh,rural,00_01,2013,0.03394292828009784
Bangladesh,rural,00_01,2014,0.03390827149554745
Bangladesh,rural,00_01,2015,0.03386801961030877
Bangladesh,rural,00_01,2016,0.0338218358749904
Bangladesh,rural,00_01,2017,0.03377791266913271
Bangladesh,rural,00_01,2018,0.033725113090914895
Bangladesh,rural,00_01,2019,0.03366442976409196
Bangladesh,rural,00_01,2020,0.03364264340090861
Bangladesh,rural,00_01,2025,0.03327372011835428
Bangladesh,rural,00_01,2030,0.032967851088707166
Bangladesh,rural,00_01,2035,0.032644688793631756
Bangladesh,rural,00_01,2040,0.03230760793767523
Bangladesh,rural,00_01,2045,0.031965251205627335
Bangladesh,rural,00_01,2050,0.031624309326695584
Bangladesh,rural,00_01,2055,0.031289058251415744
Bangladesh,rural,00_01,2060,0.03096076998332883
Bangladesh,rural,00_01,2065,0.03064010638067512
Bangladesh,rural,00_01,2070,0.03032788017225542
Bangladesh,rural,00_01,2075,0.03002521105677839
Bangladesh,rural,00_01,2080,0.029741848237982486
Bangladesh,rural,00_01,2085,0.02947756187993356
Bangladesh,rural,00_01,2090,0.0292364881968111
Bangladesh,rural,00_01,2095,0.029010282769099865
Bangladesh,rural,00_01,2100,0.02879438351084693
Bangladesh,rural,02_05,2011,0.1002189696232352
Bangladesh,rural,02_05,2012,0.10011693478404879
Bangladesh,rural,02_05,2013,0.10002054756594239
Bangladesh,rural,02_05,2014,0.09991842347873929
Bangladesh,rural,02_05,2015,0.09979981215655426
Bangladesh,rural,02_05,2016,0.09966372129082032
Bangladesh,rural,02_05,2017,0.09953429158857176
Bangladesh,rural,02_05,2018,0.09937870563909158
Bangladesh,rural,02_05,2019,0.09919988843372654
Bangladesh,rural,02_05,2020,0.09913568996631421
Bangladesh,rural,02_05,2025,0.09804857372146902
Bangladesh,rural,02_05,2030,0.09714726115419987
Bangladesh,rural,02_05,2035,0.09619499005256185
Bangladesh,rural,02_05,2040,0.09520170474999304
Bangladesh,rural,02_05,2045,0.09419287288022195
Bangladesh,rural,02_05,2050,0.0931882101965103
Bangladesh,rural,02_05,2055,0.09220031675829973
Bangladesh,rural,02_05,2060,0.09123294081293144
Bangladesh,rural,02_05,2065,0.09028803267603691
Bangladesh,rural,02_05,2070,0.08936798723762117
Bangladesh,rural,02_05,2075,0.08847610394424421
Bangladesh,rural,02_05,2080,0.08764111103903828
Bangladesh,rural,02_05,2085,0.08686233125822126
Bangladesh,rural,02_05,2090,0.08615195289632298
Bangladesh,rural,02_05,2095,0.08548538722599064
Bangladesh,rural,02_05,2100,0.0848491910247866
Bangladesh,rural,06_10,2011,0.20903713331151952
Bangladesh,rural,06_10,2012,0.20882430863010823
Bangladesh,rural,06_10,2013,0.20862326377965149
Bangladesh,rural,06_10,2014,0.20841025294436508
Bangladesh,rural,06_10,2015,0.20816285296748385
Bangladesh,rural,06_10,2016,0.20787899408777422
Bangladesh,rural,06_10,2017,0.2076090290898789
Bangladesh,rural,06_10,2018,0.20728450728542258
Bangladesh,rural,06_10,2019,0.20691152963321952
Bangladesh,rural,06_10,2020,0.20677762420951262
Bangladesh,rural,06_10,2025,0.2045101127368529
Bangladesh,rural,06_10,2030,0.20263015132846993
Bangladesh,rural,06_10,2035,0.20064390040242105
Bangladesh,rural,06_10,2040,0.19857210188972402
Bangladesh,rural,06_10,2045,0.19646787628410217
Bangladesh,rural,06_10,2050,0.19437234678367263
Bangladesh,rural,06_10,2055,0.1923117946435225
Bangladesh,rural,06_10,2060,0.1902940379731583
Bangladesh,rural,06_10,2065,0.18832314474883438
Bangladesh,rural,06_10,2070,0.18640411024183645
Bangladesh,rural,06_10,2075,0.18454381645118134
Bangladesh,rural,06_10,2080,0.18280218486291128
Bangladesh,rural,06_10,2085,0.1811778028374826
Bangladesh,rural,06_10,2090,0.17969609276905937
Bangladesh,rural,06_10,2095,0.17830576739040133
Bangladesh,rural,06_10,2100,0.17697878677362458
Bangladesh,rural,11_20,2011,0.42565676697973387
Bangladesh,rural,11_20,2012,0.42522339772907536
Bangladesh,rural,11_20,2013,0.4248140154355677
Bangladesh,rural,11_20,2014,0.4243802671247135
Bangladesh,rural,11_20,2015,0.4238764931174744
Bangladesh,rural,11_20,2016,0.42329847881397914
Bangladesh,rural,11_20,2017,0.42274875625329633
Bangladesh,rural,11_20,2018,0.4220879411152823
Bangladesh,rural,11_20,2019,0.4213284566204588
Bangladesh,rural,11_20,2020,0.421055788559846
Bangladesh,rural,11_20,2025,0.41643851512497054
Bangladesh,rural,11_20,2030,0.41261039960089074
Bangladesh,rural,11_20,2035,0.40856584955277797
Bangladesh,rural,11_20,2040,0.4043471012242988
Bangladesh,rural,11_20,2045,0.40006232246707113
Bangladesh,rural,11_20,2050,0.39579525135806287
Bangladesh,rural,11_20,2055,0.39159940371953644
Bangladesh,rural,11_20,2060,0.38749069936039715
Bangladesh,rural,11_20,2065,0.3834774217927328
Bangladesh,rural,11_20,2070,0.37956974275489425
Bangladesh,rural,11_20,2075,0.37578167587883987
Bangladesh,rural,11_20,2080,0.37223523769635664
Bangladesh,rural,11_20,2085,0.36892755168703145
Bangladesh,rural,11_20,2090,0.36591038479742216
Bangladesh,rural,11_20,2095,0.3630793021263471
Bangladesh,rural,11_20,2100,0.3603772067128006
Bangladesh,rural,21_30,2011,0.4472028880076915
Bangladesh,rural,21_30,2012,0.4467475822413968
Bangladesh,rural,21_30,2013,0.4463174776168307
Bangladesh,rural,21_30,2014,0.4458617736028694
Bangladesh,rural,21_30,2015,0.44533249929451274
Bangladesh,rural,21_30,2016,0.44472522675502757
Bangladesh,rural,21_30,2017,0.4441476780448669
Bangladesh,rural,21_30,2018,0.4434534134141036
Bangladesh,rural,21_30,2019,0.4426554849284552
Bangladesh,rural,21_30,2020,0.44236901481066815
Bangladesh,rural,21_30,2025,0.4375180217689064
Bangladesh,rural,21_30,2030,0.43349613265354536
Bangladesh,rural,21_30,2035,0.429246853416094
Bangladesh,rural,21_30,2040,0.42481455823690484
Bangladesh,rural,21_30,2045,0.4203128902655427
Bangladesh,rural,21_30,2050,0.4158298262775725
Bangladesh,rural,21_30,2055,0.411421590987662
Bangladesh,rural,21_30,2060,0.40710491004208604
Bangladesh,rural,21_30,2065,0.4028884862521609
Bangladesh,rural,21_30,2070,0.39878300623470886
Bangladesh,rural,21_30,2075,0.3948031929711776
Bangladesh,rural,21_30,2080,0.3910772392911724
Bangladesh,rural,21_30,2085,0.3876021230690373
Bangladesh,rural,21_30,2090,0.38443223161821327
Bangladesh,rural,21_30,2095,0.38145784369604596
Bangladesh,rural,21_30,2100,0.37861897217713536
Bangladesh,rural,31_50,2011,0.7371136503841371
Bangladesh,rural,31_50,2012,0.7363631809564248
Bangladesh,rural,31_50,2013,0.7356542499580732
Bangladesh,rural,31_50,2014,0.734903124108412
Bangladesh,rural,31_50,2015,0.7340307341307323
Bangladesh,rural,31_50,2016,0.7330297815645445
Bangladesh,rural,31_50,2017,0.7320778220637509
Bangladesh,rural,31_50,2018,0.730933482547979
Bangladesh,rural,31_50,2019,0.7296182764199013
Bangladesh,rural,31_50,2020,0.7291460946878273
Bangladesh,rural,31_50,2025,0.7211503207675579
Bangladesh,rural,31_50,2030,0.7145211386965936
Bangladesh,rural,31_50,2035,0.7075171550144367
Bangladesh,rural,31_50,2040,0.7002115106039831
Bangladesh,rural,31_50,2045,0.6927915207063977
Bangladesh,rural,31_50,2050,0.6854021953024402
Bangladesh,rural,31_50,2055,0.6781362082226738
Bangladesh,rural,31_50,2060,0.6710211279433121
Bangladesh,rural,31_50,2065,0.664071299096713
Bangladesh,rural,31_50,2070,0.6573043361736312
Bangladesh,rural,31_50,2075,0.650744506706523
Bangladesh,rural,31_50,2080,0.6446031078205131
Bangladesh,rural,31_50,2085,0.6388751582193399
Bangladesh,rural,31_50,2090,0.6336503031897852
Bangladesh,rural,31_50,2095,0.6287476918745168
Bangladesh,rural,31_50,2100,0.6240684489528123
Bangladesh,rural,51+,2011,0.8701436965792113
Bangladesh,rural,51+,2012,0.8692577867311724
Bangladesh,rural,51+,2013,0.8684209119301104
Bangladesh,rural,51+,2014,0.8675342271928521
Bangladesh,rural,51+,2015,0.8665043932728842
Bangladesh,rural,51+,2016,0.8653227945254058
Bangladesh,rural,51+,2017,0.8641990308309165
Bangladesh,rural,51+,2018,0.8628481674791436
Bangladesh,rural,51+,2019,0.8612956004883509
Bangladesh,rural,51+,2020,0.8607382021040041
Bangladesh,rural,51+,2025,0.8512993967415352
Bangladesh,rural,51+,2030,0.8434738178914903
Bangladesh,rural,51+,2035,0.8352057953839754
Bangladesh,rural,51+,2040,0.8265816701491592
Bangladesh,rural,51+,2045,0.817822563009167
Bangladesh,rural,51+,2050,0.8090996545148318
Bangladesh,rural,51+,2055,0.8005223437384137
Bangladesh,rural,51+,2060,0.79212317455668
Bangladesh,rural,51+,2065,0.7839190804390076
Bangladesh,rural,51+,2070,0.7759308548384692
Bangladesh,rural,51+,2075,0.7681871449526678
Bangladesh,rural,51+,2080,0.7609373816006322
Bangladesh,rural,51+,2085,0.7541756844903063
Bangladesh,rural,51+,2090,0.748007877575948
Bangladesh,rural,51+,2095,0.7422204710742022
Bangladesh,rural,51+,2100,0.736696745213255
Bhutan,large_city,No_travel,2011,0.0
Bhutan,large_city,No_travel,2012,0.0
Bhutan,large_city,No_travel,2013,0.0
Bhutan,large_city,No_travel,2014,0.0
Bhutan,large_city,No_travel,2015,0.0
Bhutan,large_city,No_travel,2016,0.0
Bhutan,large_city,No_travel,2017,0.0
Bhutan,large_city,No_travel,2018,0.0
Bhutan,large_city,No_travel,2019,0.0
Bhutan,large_city,No_travel,2020,0.0
Bhutan,large_city,No_travel,2025,0.0
Bhutan,large_city,No_travel,2030,0.0
Bhutan,large_city,No_travel,2035,0.0
Bhutan,large_city,No_travel,2040,0.0
Bhutan,large_city,No_travel,2045,0.0
Bhutan,large_city,No_travel,2050,0.0
Bhutan,large_city,No_travel,2055,0.0
Bhutan,large_city,No_travel,2060,0.0
Bhutan,large_city,No_travel,2065,0.0
Bhutan,large_city,No_travel,2070,0.0
Bhutan,large_city,No_travel,2075,0.0
Bhutan,large_city,No_travel,2080,0.0
Bhutan,large_city,No_travel,2085,0.0
Bhutan,large_city,No_travel,2090,0.0
Bhutan,large_city,No_travel,2095,0.0
Bhutan,large_city,No_travel,2100,0.0
Bhutan,large_city,00_01,2011,0.057842438834749
Bhutan,large_city,00_01,2012,0.057790037622533874
Bhutan,large_city,00_01,2013,0.05777938073338138
Bhutan,large_city,00_01,2014,0.05771504208456751
Bhutan,large_city,00_01,2015,0.05761382893997071
Bhutan,large_city,00_01,2016,0.05750713161092444
Bhutan,large_city,00_01,2017,0.057452184229128095
Bhutan,large_city,00_01,2018,0.05739977466911211
Bhutan,large_city,00_01,2019,0.05732326237315737
Bhutan,large_city,00_01,2020,0.05750758080743978
Bhutan,large_city,00_01,2025,0.0572407561959694
Bhutan,large_city,00_01,2030,0.05681462661797397
Bhutan,large_city,00_01,2035,0.05638652754837904
Bhutan,large_city,00_01,2040,0.055940730872734754
Bhutan,large_city,00_01,2045,0.055480234382257396
Bhutan,large_city,00_01,2050,0.05501136284607456
Bhutan,large_city,00_01,2055,0.054542491191204315
Bhutan,large_city,00_01,2060,0.05408016173566893
Bhutan,large_city,00_01,2065,0.05362907643405566
Bhutan,large_city,00_01,2070,0.05319326145186473
Bhutan,large_city,00_01,2075,0.05277756834664074
Bhutan,large_city,00_01,2080,0.0523925142164975
Bhutan,large_city,00_01,2085,0.05202717869430616
Bhutan,large_city,00_01,2090,0.051698332682708
Bhutan,large_city,00_01,2095,0.051401605011003555
Bhutan,large_city,00_01,2100,0.05113122749106542
Bhutan,large_city,02_05,2011,0.21148322952951493
Bhutan,large_city,02_05,2012,0.21129164048496968
Bhutan,large_city,02_05,2013,0.21125267682126342
Bhutan,large_city,02_05,2014,0.21101744218197727
Bhutan,large_city,02_05,2015,0.2106473871994873
Bhutan,large_city,02_05,2016,0.21025728096981494
Bhutan,large_city,02_05,2017,0.21005638263304738
Bhutan,large_city,02_05,2018,0.20986476306731522
Bhutan,large_city,02_05,2019,0.20958501920151015
Bhutan,large_city,02_05,2020,0.2102589233198208
Bhutan,large_city,02_05,2025,0.20928336053774435
Bhutan,large_city,02_05,2030,0.2077253477504553
Bhutan,large_city,02_05,2035,0.20616013411803624
Bhutan,large_city,02_05,2040,0.2045302145887418
Bhutan,large_city,02_05,2045,0.20284654967151058
Bhutan,large_city,02_05,2050,0.2011322639549332
Bhutan,large_city,02_05,2055,0.19941797780441153
Bhutan,large_city,02_05,2060,0.19772761120969412
Bhutan,large_city,02_05,2065,0.19607835543313512
Bhutan,large_city,02_05,2070,0.19448493092047928
Bhutan,large_city,02_05,2075,0.19296507591164952
Bhutan,large_city,02_05,2080,0.19155724296707025
Bhutan,large_city,02_05,2085,0.19022150509620336
Bhutan,large_city,02_05,2090,0.18901917998765522
Bhutan,large_city,02_05,2095,0.18793428578943322
Bhutan,large_city,02_05,2100,0.1869457328815578
Bhutan,large_city,06_10,2011,0.3458702568351818
Bhutan,large_city,06_10,2012,0.34555692252403525
Bhutan,large_city,06_10,2013,0.3454931993985501
Bhutan,large_city,06_10,2014,0.34510848489760626
Bhutan,large_city,06_10,2015,0.34450327846056783
Bhutan,large_city,06_10,2016,0.343865279210462
Bhutan,large_city,06_10,2017,0.34353672001694985
Bhutan,large_city,06_10,2018,0.3432233357899269
Bhutan,large_city,06_10,2019,0.34276582867255734
Bhutan,large_city,06_10,2020,0.34386796519184976
Bhutan,large_city,06_10,2025,0.3422724809979197
Bhutan,large_city,06_10,2030,0.33972442891789906
Bhutan,large_city,06_10,2035,0.3371646002154007
Bhutan,large_city,06_10,2040,0.33449894825107285
Bhutan,large_city,06_10,2045,0.3317453983897309
Bhutan,large_city,06_10,2050,0.3289417697407805
Bhutan,large_city,06_10,2055,0.32613814038213584
Bhutan,large_city,06_10,2060,0.3233736302620607
Bhutan,large_city,06_10,2065,0.3206763548313119
Bhutan,large_city,06_10,2070,0.3180703886435162
Bhutan,large_city,06_10,2075,0.3155847417039189
Bhutan,large_city,06_10,2080,0.313282301254121
Bhutan,large_city,06_10,2085,0.3110977686957285
Bhutan,large_city,06_10,2090,0.30913142604521165
Bhutan,large_city,06_10,2095,0.30735713578204127
Bhutan,large_city,06_10,2100,0.30574040688631426
Bhutan,large_city,11_20,2011,0.499426097052528
Bhutan,large_city,11_20,2012,0.4989736518682544
Bhutan,large_city,11_20,2013,0.4988816376194888
Bhutan,large_city,11_20,2014,0.49832612161922907
Bhutan,large_city,11_20,2015,0.49745222199129663
Bhutan,large_city,11_20,2016,0.49653097054192835
Bhutan,large_city,11_20,2017,0.49605654109208785
Bhutan,large_city,11_20,2018,0.49560402383081187
Bhutan,large_city,11_20,2019,0.49494339751361294
Bhutan,large_city,11_20,2020,0.4965348490170927
Bhutan,large_city,11_20,2025,0.49423101852535084
Bhutan,large_city,11_20,2030,0.4905517090725646
Bhutan,large_city,11_20,2035,0.4868553945362701
Bhutan,large_city,11_20,2040,0.48300627443896416
Bhutan,large_city,11_20,2045,0.47903023246046916
Bhutan,large_city,11_20,2050,0.4749818782407618
Bhutan,large_city,11_20,2055,0.4709335229962778
Bhutan,large_city,11_20,2060,0.46694165473861116
Bhutan,large_city,11_20,2065,0.4630468713207457
Bhutan,large_city,11_20,2070,0.45928393566351206
Bhutan,large_city,11_20,2075,0.4556947373292789
Bhutan,large_city,11_20,2080,0.4523700835759889
Bhutan,large_city,11_20,2085,0.4492156852200701
Bhutan,large_city,11_20,2090,0.44637634643331936
Bhutan,large_city,11_20,2095,0.44381432543364796
Bhutan,large_city,11_20,2100,0.44147981824076793
Bhutan,large_city,21_30,2011,0.512059307619934
Bhutan,large_city,21_30,2012,0.5115954176286772
Bhutan,large_city,21_30,2013,0.5115010758375851
Bhutan,large_city,21_30,2014,0.5109315078071126
Bhutan,large_city,21_30,2015,0.510035502490111
Bhutan,large_city,21_30,2016,0.509090947565786
Bhutan,large_city,21_30,2017,0.508604517206953
Bhutan,large_city,21_30,2018,0.5081405533154731
Bhutan,large_city,21_30,2019,0.5074632161547264
Bhutan,large_city,21_30,2020,0.5090949241487459
Bhutan,large_city,21_30,2025,0.5067328172155334
Bhutan,large_city,21_30,2030,0.5029604379545534
Bhutan,large_city,21_30,2035,0.4991706234587333
Bhutan,large_city,21_30,2040,0.49522413811564736
Bhutan,large_city,21_30,2045,0.4911475203445864
Bhutan,large_city,21_30,2050,0.48699676116124013
Bhutan,large_city,21_30,2055,0.48284600092719493
Bhutan,large_city,21_30,2060,0.4787531565440233
Bhutan,large_city,21_30,2065,0.4747598528058887
Bhutan,large_city,21_30,2070,0.47090173197753576
Bhutan,large_city,21_30,2075,0.4672217432368898
Bhutan,large_city,21_30,2080,0.4638129908528376
Bhutan,large_city,21_30,2085,0.4605788005539687
Bhutan,large_city,21_30,2090,0.4576676393995505
Bhutan,large_city,21_30,2095,0.4550408109119285
Bhutan,large_city,21_30,2100,0.45264725129645217
Bhutan,large_city,31_50,2011,0.654115841271274
Bhutan,large_city,31_50,2012,0.6535232579759939
Bhutan,large_city,31_50,2013,0.6534027436935095
Bhutan,large_city,31_50,2014,0.6526751649426311
Bhutan,large_city,31_50,2015,0.6515305880098571
Bhutan,large_city,31_50,2016,0.6503239927390406
Bhutan,large_city,31_50,2017,0.6497026158816082
Bhutan,large_city,31_50,2018,0.649109938184555
Bhutan,large_city,31_50,2019,0.6482446927722892
Bhutan,large_city,31_50,2020,0.650329072513726
Bhutan,large_city,31_50,2025,0.6473116650751762
Bhutan,large_city,31_50,2030,0.6424927446939422
Bhutan,large_city,31_50,2035,0.6376515521595896
Bhutan,large_city,31_50,2040,0.6326102248331591
Bhutan,large_city,31_50,2045,0.6274026634761489
Bhutan,large_city,31_50,2050,0.622100392245598
Bhutan,large_city,31_50,2055,0.616798119672861
Bhutan,large_city,31_50,2060,0.6115698300840352
Bhutan,large_city,31_50,2065,0.6064686959082644
Bhutan,large_city,31_50,2070,0.6015402473598054
Bhutan,large_city,31_50,2075,0.5968393486647989
Bhutan,large_city,31_50,2080,0.5924849332675991
Bhutan,large_city,31_50,2085,0.5883535073239734
Bhutan,large_city,31_50,2090,0.584634725926464
Bhutan,large_city,31_50,2095,0.5812791573419523
Bhutan,large_city,31_50,2100,0.5782215715541117
Bhutan,large_city,51+,2011,0.7204363200833319
Bhutan,large_city,51+,2012,0.7197836550633796
Bhutan,large_city,51+,2013,0.719650921897918
Bhutan,large_city,51+,2014,0.7188495743004727
Bhutan,large_city,51+,2015,0.7175889492835072
Bhutan,large_city,51+,2016,0.7162600179201457
Bhutan,large_city,51+,2017,0.7155756399731393
Bhutan,large_city,51+,2018,0.7149228709800652
Bhutan,large_city,51+,2019,0.7139698987671156
Bhutan,large_city,51+,2020,0.7162656127306521
Bhutan,large_city,51+,2025,0.7129422718572741
Bhutan,large_city,51+,2030,0.707634763542717
Bhutan,large_city,51+,2035,0.7023027249125481
Bhutan,large_city,51+,2040,0.6967502599235785
Bhutan,large_city,51+,2045,0.691014706518602
Bhutan,large_city,51+,2050,0.6851748406532565
Bhutan,large_city,51+,2055,0.6793349733096414
Bhutan,large_city,51+,2060,0.6735765900477666
Bhutan,large_city,51+,2065,0.6679582544228393
Bhutan,large_city,51+,2070,0.6625301129348253
Bhutan,large_city,51+,2075,0.6573525924663821
Bhutan,large_city,51+,2080,0.6525566850644516
Bhutan,large_city,51+,2085,0.6480063759055451
Bhutan,large_city,51+,2090,0.6439105491174199
Bhutan,large_city,51+,2095,0.6402147611081974
Bhutan,large_city,51+,2100,0.6368471682227387
Bhutan,city,No_travel,2011,0.0
Bhutan,city,No_travel,2012,0.0
Bhutan,city,No_travel,2013,0.0
Bhutan,city,No_travel,2014,0.0
Bhutan,city,No_travel,2015,0.0
Bhutan,city,No_travel,2016,0.0
Bhutan,city,No_travel,2017,0.0
Bhutan,city,No_travel,2018,0.0
Bhutan,city,No_travel,2019,0.0
Bhutan,city,No_travel,2020,0.0
Bhutan,city,No_travel,2025,0.0
Bhutan,city,No_travel,2030,0.0
Bhutan,city,No_travel,2035,0.0
Bhutan,city,No_travel,2040,0.0
Bhutan,city,No_travel,2045,0.0
Bhutan,city,No_travel,2050,0.0
Bhutan,city,No_travel,2055,0.0
Bhutan,city,No_travel,2060,0.0
Bhutan,city,No_travel,2065,0.0
Bhutan,city,No_travel,2070,0.0
Bhutan,city,No_travel,2075,0.0
Bhutan,city,No_travel,2080,0.0
Bhutan,city,No_travel,2085,0.0
Bhutan,city,No_travel,2090,0.0
Bhutan,city,No_travel,2095,0.0
Bhutan,city,No_travel,2100,0.0
Bhutan,city,00_01,2011,0.02898061743012685
Bhutan,city,00_01,2012,0.02895436301356568
Bhutan,city,00_01,2013,0.02894902362550139
Bhutan,city,00_01,2014,0.028916788232167215
Bhutan,city,00_01,2015,0.028866077724769006
Bhutan,city,00_01,2016,0.028812619493473808
Bhutan,city,00_01,2017,0.028785089377477556
Bhutan,city,00_01,2018,0.028758830778443652
Bhutan,city,00_01,2019,0.02872049606050239
Bhutan,city,00_01,2020,0.028812844553008372
Bhutan,city,00_01,2025,0.028679158246868043
Bhutan,city,00_01,2030,0.028465655868262805
Bhutan,city,00_01,2035,0.028251166721400097
Bhutan,city,00_01,2040,0.028027810597959668
Bhutan,city,00_01,2045,0.027797089471961384
Bhutan,city,00_01,2050,0.027562172222832054
Bhutan,city,00_01,2055,0.027327254914237143
Bhutan,city,00_01,2060,0.02709561542345031
Bhutan,city,00_01,2065,0.02686960955617083
Bhutan,city,00_01,2070,0.02665125452959119
Bhutan,city,00_01,2075,0.02644298110451561
Bhutan,city,00_01,2080,0.02625005862993856
Bhutan,city,00_01,2085,0.026067015708243803
Bhutan,city,00_01,2090,0.02590225501267949
Bhutan,city,00_01,2095,0.02575358646917
Bhutan,city,00_01,2100,0.025618120060337906
Bhutan,city,02_05,2011,0.11107001729613941
Bhutan,city,02_05,2012,0.1109693956130928
Bhutan,city,02_05,2013,0.11094893207652112
Bhutan,city,02_05,2014,0.11082538792830525
Bhutan,city,02_05,2015,0.1106310367573064
Bhutan,city,02_05,2016,0.11042615476371553
Bhutan,city,02_05,2017,0.11032064388330586
Bhutan,city,02_05,2018,0.11022000617067258
Bhutan,city,02_05,2019,0.11007308598185865
Bhutan,city,02_05,2020,0.11042701731836803
Bhutan,city,02_05,2025,0.10991465624217414
Bhutan,city,02_05,2030,0.10909639510810323
Bhutan,city,02_05,2035,0.10827435212336303
Bhutan,city,02_05,2040,0.10741832589985209
Bhutan,city,02_05,2045,0.10653407284634141
Bhutan,city,02_05,2050,0.10563373789016371
Bhutan,city,02_05,2055,0.10473340270608046
Bhutan,city,02_05,2060,0.10384562996244606
Bhutan,city,02_05,2065,0.10297944843100411
Bhutan,city,02_05,2070,0.10214258922200439
Bhutan,city,02_05,2075,0.10134436837728825
Bhutan,city,02_05,2080,0.10060498100433975
Bhutan,city,02_05,2085,0.09990345763177565
Bhutan,city,02_05,2090,0.09927200202700208
Bhutan,city,02_05,2095,0.09870222059502248
Bhutan,city,02_05,2100,0.09818303716463823
Bhutan,city,06_10,2011,0.1930608768468381
Bhutan,city,06_10,2012,0.19288597716795366
Bhutan,city,06_10,2013,0.19285040763793926
Bhutan,city,06_10,2014,0.1926356643420932
Bhutan,city,06_10,2015,0.19229784493409574
Bhutan,city,06_10,2016,0.19194172094766185
Bhutan,city,06_10,2017,0.1917583229111381
Bhutan,city,06_10,2018,0.19158339536977437
Bhutan,city,06_10,2019,0.19132802005635116
Bhutan,city,06_10,2020,0.1919432202321816
Bhutan,city,06_10,2025,0.1910526389480494
Bhutan,city,06_10,2030,0.1896303450123942
Bhutan,city,06_10,2035,0.1882014774988816
Bhutan,city,06_10,2040,0.18671354063402748
Bhutan,city,06_10,2045,0.18517654015432017
Bhutan,city,06_10,2050,0.18361158626012852
Bhutan,city,06_10,2055,0.1820466319697936
Bhutan,city,06_10,2060,0.18050351359726466
Bhutan,city,06_10,2065,0.17899792487008495
Bhutan,city,06_10,2070,0.1775433039325905
Bhutan,city,06_10,2075,0.17615584384255162
Bhutan,city,06_10,2080,0.17487064754902515
Bhutan,city,06_10,2085,0.17365126611078632
Bhutan,city,06_10,2090,0.17255367581850795
Bhutan,city,06_10,2095,0.17156328700299409
Bhutan,city,06_10,2100,0.17066084716590388
Bhutan,city,11_20,2011,0.3351409639771932
Bhutan,city,11_20,2012,0.3348373496564775
Bhutan,city,11_20,2013,0.3347756032955786
Bhutan,city,11_20,2014,0.33440282308058666
Bhutan,city,11_20,2015,0.33381639084275794
Bhutan,city,11_20,2016,0.33319818306261023
Bhutan,city,11_20,2017,0.3328798161528771
Bhutan,city,11_20,2018,0.3325761534647328
Bhutan,city,11_20,2019,0.3321328387439335
Bhutan,city,11_20,2020,0.3332007857217685
Bhutan,city,11_20,2025,0.33165479528114233
Bhutan,city,11_20,2030,0.32918578670498966
Bhutan,city,11_20,2035,0.32670536683072265
Bhutan,city,11_20,2040,0.3241224064538255
Bhutan,city,11_20,2045,0.3214542748736961
Bhutan,city,11_20,2050,0.3187376180075029
Bhutan,city,11_20,2055,0.31602096045363093
Bhutan,city,11_20,2060,0.31334220861459033
Bhutan,city,11_20,2065,0.31072860576754374
Bhutan,city,11_20,2070,0.3082034796457969
Bhutan,city,11_20,2075,0.30579494033089255
Bhutan,city,11_20,2080,0.3035639242299242
Bhutan,city,11_20,2085,0.3014471583820644
Bhutan,city,11_20,2090,0.2995418139403834
Bhutan,city,11_20,2095,0.2978225642002774
Bhutan,city,11_20,2100,0.29625598809291953
Bhutan,city,21_30,2011,0.29424500628579375
Bhutan,city,21_30,2012,0.293978440848232
Bhutan,city,21_30,2013,0.29392422915732075
Bhutan,city,21_30,2014,0.2935969378724781
Bhutan,city,21_30,2015,0.29308206569613066
Bhutan,city,21_30,2016,0.2925392954241926
Bhutan,city,21_30,2017,0.2922597775990843
Bhutan,city,21_30,2018,0.2919931696961845
Bhutan,city,21_30,2019,0.29160395095890995
Bhutan,city,21_30,2020,0.2925415804909039
Bhutan,city,21_30,2025,0.2911842412939242
Bhutan,city,21_30,2030,0.2890165163002729
Bhutan,city,21_30,2035,0.2868387724851517
Bhutan,city,21_30,2040,0.2845710007889774
Bhutan,city,21_30,2045,0.2822284510026137
Bhutan,city,21_30,2050,0.27984329728346474
Bhutan,city,21_30,2055,0.2774581429605518
Bhutan,city,21_30,2060,0.2751062688644618
Bhutan,city,21_30,2065,0.2728115938804449
Bhutan,city,21_30,2070,0.27059459914859113
Bhutan,city,21_30,2075,0.2684799645857395
Bhutan,city,21_30,2080,0.26652119076453085
Bhutan,city,21_30,2085,0.2646627256792199
Bhutan,city,21_30,2090,0.26298988306229293
Bhutan,city,21_30,2095,0.26148042672911026
Bhutan,city,21_30,2100,0.26010501385481877
Bhutan,city,31_50,2011,0.549248998564658
Bhutan,city,31_50,2012,0.5487514173092245
Bhutan,city,31_50,2013,0.5486502236906161
Bhutan,city,31_50,2014,0.5480392892427969
Bhutan,city,31_50,2015,0.5470782091183888
Bhutan,city,31_50,2016,0.5460650533402306
Bhutan,city,31_50,2017,0.5455432946621152
Bhutan,city,31_50,2018,0.5450456341392552
Bhutan,city,31_50,2019,0.544319103536853
Bhutan,city,31_50,2020,0.5460693187332738
Bhutan,city,31_50,2025,0.5435356574009569
Bhutan,city,31_50,2030,0.5394892989021143
Bhutan,city,31_50,2035,0.5354242388873865
Bhutan,city,31_50,2040,0.5311911293817413
Bhutan,city,31_50,2045,0.5268184362288848
Bhutan,city,31_50,2050,0.5223662169433247
Bhutan,city,31_50,2055,0.5179139965307559
Bhutan,city,31_50,2060,0.5135238982642353
Bhutan,city,31_50,2065,0.5092405700510846
Bhutan,city,31_50,2070,0.5051022427718406
Bhutan,city,31_50,2075,0.5011549849045366
Bhutan,city,31_50,2080,0.4974986626671813
Bhutan,city,31_50,2085,0.4940295805581617
Bhutan,city,31_50,2090,0.49090698845812447
Bhutan,city,31_50,2095,0.48808937945315667
Bhutan,city,31_50,2100,0.4855219811025325
Bhutan,city,51+,2011,0.742960658692243
Bhutan,city,51+,2012,0.742287588193697
Bhutan,city,51+,2013,0.7421507051447827
Bhutan,city,51+,2014,0.7413243035292025
Bhutan,city,51+,2015,0.7400242652512042
Bhutan,city,51+,2016,0.7386537850386496
Bhutan,city,51+,2017,0.7379480101129164
Bhutan,city,51+,2018,0.7372748323905439
Bhutan,city,51+,2019,0.7362920656375204
Bhutan,city,51+,2020,0.7386595547701071
Bhutan,city,51+,2025,0.7352323101191737
Bhutan,city,51+,2030,0.7297588633155176
Bhutan,city,51+,2035,0.724260119259437
Bhutan,city,51+,2040,0.7185340572459432
Bhutan,city,51+,2045,0.7126191825832762
Bhutan,city,51+,2050,0.7065967341460715
Bhutan,city,51+,2055,0.7005742841843793
Bhutan,city,51+,2060,0.6946358658926001
Bhutan,city,51+,2065,0.6888418738071271
Bhutan,city,51+,2070,0.6832440222510824
Bhutan,city,51+,2075,0.6779046273449758
Bhutan,city,51+,2080,0.6729587765833802
Bhutan,city,51+,2085,0.6682662026587848
Bhutan,city,51+,2090,0.664042320431355
Bhutan,city,51+,2095,0.6602309841380916
Bhutan,city,51+,2100,0.6567581039422425
Bhutan,town,No_travel,2011,0.0
Bhutan,town,No_travel,2012,0.0
Bhutan,town,No_travel,2013,0.0
Bhutan,town,No_travel,2014,0.0
Bhutan,town,No_travel,2015,0.0
Bhutan,town,No_travel,2016,0.0
Bhutan,town,No_travel,2017,0.0
Bhutan,town,No_travel,2018,0.0
Bhutan,town,No_travel,2019,0.0
Bhutan,town,No_travel,2020,0.0
Bhutan,town,No_travel,2025,0.0
Bhutan,town,No_travel,2030,0.0
Bhutan,town,No_travel,2035,0.0
Bhutan,town,No_travel,2040,0.0
Bhutan,town,No_travel,2045,0.0
Bhutan,town,No_travel,2050,0.0
Bhutan,town,No_travel,2055,0.0
Bhutan,town,No_travel,2060,0.0
Bhutan,town,No_travel,2065,0.0
Bhutan,town,No_travel,2070,0.0
Bhutan,town,No_travel,2075,0.0
Bhutan,town,No_travel,2080,0.0
Bhutan,town,No_travel,2085,0.0
Bhutan,town,No_travel,2090,0.0
Bhutan,town,No_travel,2095,0.0
Bhutan,town,No_travel,2100,0.0
Bhutan,town,00_01,2011,0.02145716041148525
Bhutan,town,00_01,2012,0.021437721721849972
Bhutan,town,00_01,2013,0.021433768455275483
Bhutan,town,00_01,2014,0.021409901468750214
Bhutan,town,00_01,2015,0.021372355564339633
Bhutan,town,00_01,2016,0.02133277525356879
Bhutan,town,00_01,2017,0.021312392039977753
Bhutan,town,00_01,2018,0.02129295025365247
Bhutan,town,00_01,2019,0.021264567345863225
Bhutan,town,00_01,2020,0.021332941886959087
Bhutan,town,00_01,2025,0.021233960955217793
Bhutan,town,00_01,2030,0.02107588444780688
Bhutan,town,00_01,2035,0.020917077340199455
Bhutan,town,00_01,2040,0.02075170515028308
Bhutan,town,00_01,2045,0.020580879935023267
Bhutan,town,00_01,2050,0.020406947923045052
Bhutan,town,00_01,2055,0.020233015867038705
Bhutan,town,00_01,2060,0.02006151069730133
Bhutan,town,00_01,2065,0.01989417664515959
Bhutan,town,00_01,2070,0.019732507252046425
Bhutan,town,00_01,2075,0.019578302245818694
Bhutan,town,00_01,2080,0.019435463036338044
Bhutan,town,00_01,2085,0.019299938617561914
Bhutan,town,00_01,2090,0.019177950303035658
Bhutan,town,00_01,2095,0.019067876568619333
Bhutan,town,00_01,2100,0.01896757765429543
Bhutan,town,02_05,2011,0.07259776121809702
Bhutan,town,02_05,2012,0.07253199271371565
Bhutan,town,02_05,2013,0.07251861730442091
Bhutan,town,02_05,2014,0.07243786618192712
Bhutan,town,02_05,2015,0.07231083406067505
Bhutan,town,02_05,2016,0.07217691876642476
Bhutan,town,02_05,2017,0.072107954577093
Bhutan,town,02_05,2018,0.07204217559542771
Bhutan,town,02_05,2019,0.0719461453881289
Bhutan,town,02_05,2020,0.0721774825507675
Bhutan,town,02_05,2025,0.07184259228989902
Bhutan,town,02_05,2030,0.07130775914706314
Bhutan,town,02_05,2035,0.07077045410498267
Bhutan,town,02_05,2040,0.07021093688437055
Bhutan,town,02_05,2045,0.06963296999827578
Bhutan,town,02_05,2050,0.06904449163340236
Bhutan,town,02_05,2055,0.06845601311956495
Bhutan,town,02_05,2060,0.06787574568801802
Bhutan,town,02_05,2065,0.06730959073889715
Bhutan,town,02_05,2070,0.06676260149277016
Bhutan,town,02_05,2075,0.06624086711571048
Bhutan,town,02_05,2080,0.06575758756596599
Bhutan,town,02_05,2085,0.06529905674432639
Bhutan,town,02_05,2090,0.06488632372842207
Bhutan,town,02_05,2095,0.06451390228335223
Bhutan,town,02_05,2100,0.06417455278449573
Bhutan,town,06_10,2011,0.1876250866698114
Bhutan,town,06_10,2012,0.1874551114374123
Bhutan,town,06_10,2013,0.18742054339721298
Bhutan,town,06_10,2014,0.18721184637815386
Bhutan,town,06_10,2015,0.18688353855763903
Bhutan,town,06_10,2016,0.1865374415393764
Bhutan,town,06_10,2017,0.18635920722769272
Bhutan,town,06_10,2018,0.1861892049173057
Bhutan,town,06_10,2019,0.1859410199090486
Bhutan,town,06_10,2020,0.18653889861028872
Bhutan,town,06_10,2025,0.18567339238577085
Bhutan,town,06_10,2030,0.18429114432336843
Bhutan,town,06_10,2035,0.18290250776768158
Bhutan,town,06_10,2040,0.1814564650075581
Bhutan,town,06_10,2045,0.17996274005962157
Bhutan,town,06_10,2050,0.17844184874892421
Bhutan,town,06_10,2055,0.17692095705323732
Bhutan,town,06_10,2060,0.17542128646685945
Bhutan,town,06_10,2065,0.173958088847332
Bhutan,town,06_10,2070,0.17254442397681738
Bhutan,town,06_10,2075,0.17119602898402464
Bhutan,town,06_10,2080,0.16994701846517196
Bhutan,town,06_10,2085,0.16876196972940652
Bhutan,town,06_10,2090,0.16769528300820172
Bhutan,town,06_10,2095,0.16673277941667902
Bhutan,town,06_10,2100,0.1658557485266626
Bhutan,town,11_20,2011,0.44707804287844377
Bhutan,town,11_20,2012,0.4466730213773876
Bhutan,town,11_20,2013,0.44659065173251355
Bhutan,town,11_20,2014,0.446093362929126
Bhutan,town,11_20,2015,0.44531106232922935
Bhutan,town,11_20,2016,0.44448637315617
Bhutan,town,11_20,2017,0.44406167170149957
Bhutan,town,11_20,2018,0.4436565856782942
Bhutan,town,11_20,2019,0.443065203844805
Bhutan,town,11_20,2020,0.4444898451034633
Bhutan,town,11_20,2025,0.44242749386981656
Bhutan,town,11_20,2030,0.43913383645182463
Bhutan,town,11_20,2035,0.4358249563622527
Bhutan,town,11_20,2040,0.43237928724311053
Bhutan,town,11_20,2045,0.4288199997396361
Bhutan,town,11_20,2050,0.4251959795049965
Bhutan,town,11_20,2055,0.42157195835299355
Bhutan,town,11_20,2060,0.4179985034242287
Bhutan,town,11_20,2065,0.4145119572501877
Bhutan,town,11_20,2070,0.4111434390268867
Bhutan,town,11_20,2075,0.40793044760284675
Bhutan,town,11_20,2080,0.40495427214457264
Bhutan,town,11_20,2085,0.40213050652289983
Bhutan,town,11_20,2090,0.39958877705513457
Bhutan,town,11_20,2095,0.39729529791756746
Bhutan,town,11_20,2100,0.3952054854046889
Bhutan,town,21_30,2011,0.404286557269486
Bhutan,town,21_30,2012,0.40392030186757033
Bhutan,town,21_30,2013,0.4038458161246892
Bhutan,town,21_30,2014,0.4033961246636731
Bhutan,town,21_30,2015,0.40268870093459486
Bhutan,town,21_30,2016,0.4019429457987645
Bhutan,town,21_30,2017,0.4015588940840559
Bhutan,town,21_30,2018,0.4011925803356435
Bhutan,town,21_30,2019,0.4006578018348839
Bhutan,town,21_30,2020,0.40194608543319876
Bhutan,town,21_30,2025,0.4000811294296264
Bhutan,town,21_30,2030,0.3971027200902371
Bhutan,town,21_30,2035,0.39411054509721405
Bhutan,town,21_30,2040,0.3909946736562931
Bhutan,town,21_30,2045,0.3877760586649431
Bhutan,town,21_30,2050,0.38449890675047127
Bhutan,town,21_30,2055,0.38122175400644037
Bhutan,town,21_30,2060,0.3779903276062384
Bhutan,town,21_30,2065,0.3748374916038508
Bhutan,town,21_30,2070,0.3717913866624633
Bhutan,town,21_30,2075,0.36888592247773555
Bhutan,town,21_30,2080,0.36619460773074247
Bhutan,town,21_30,2085,0.36364111511372205
Bhutan,town,21_30,2090,0.3613426639318719
Bhutan,town,21_30,2095,0.35926870212706796
Bhutan,town,21_30,2100,0.35737891326441057
Bhutan,town,31_50,2011,0.674170657910804
Bhutan,town,31_50,2012,0.6735599063514632
Bhutan,town,31_50,2013,0.6734356971701778
Bhutan,town,31_50,2014,0.6726858112719731
Bhutan,town,31_50,2015,0.6715061422667123
Bhutan,town,31_50,2016,0.6702625534767245
Bhutan,town,31_50,2017,0.6696221255611253
Bhutan,town,31_50,2018,0.6690112767057073
Bhutan,town,31_50,2019,0.6681195033652118
Bhutan,town,31_50,2020,0.6702677889943891
Bhutan,town,31_50,2025,0.6671578695738802
Bhutan,town,31_50,2030,0.6621912038568074
Bhutan,town,31_50,2035,0.6572015831351716
Bhutan,town,31_50,2040,0.6520056916034852
Bhutan,town,31_50,2045,0.646638469401156
Bhutan,town,31_50,2050,0.6411736335748676
Bhutan,town,31_50,2055,0.6357087963652425
Bhutan,town,31_50,2060,0.6303202104153951
Bhutan,town,31_50,2065,0.6250626783906593
Bhutan,town,31_50,2070,0.6199831264355551
Bhutan,town,31_50,2075,0.6151381008819389
Bhutan,town,31_50,2080,0.610650181605375
Bhutan,town,31_50,2085,0.6063920885111751
Bhutan,town,31_50,2090,0.6025592914082755
Bhutan,town,31_50,2095,0.5991008430149627
Bhutan,town,31_50,2100,0.5959495134000109
Bhutan,town,51+,2011,0.786647883633353
Bhutan,town,51+,2012,0.7859352355583537
Bhutan,town,51+,2013,0.7857903035764593
Bhutan,town,51+,2014,0.7849153082798422
Bhutan,town,51+,2015,0.783538825759449
Bhutan,town,51+,2016,0.7820877592108311
Bhutan,town,51+,2017,0.7813404836382231
Bhutan,town,51+,2018,0.7806277220344718
Bhutan,town,51+,2019,0.7795871670907795
Bhutan,town,51+,2020,0.7820938682113374
Bhutan,town,51+,2025,0.7784650963244167
Bhutan,town,51+,2030,0.7726698024634273
Bhutan,town,51+,2035,0.7668477238328156
Bhutan,town,51+,2040,0.7607849606006455
Bhutan,town,51+,2045,0.7545222822462713
Bhutan,town,51+,2050,0.7481457046146143
Bhutan,town,51+,2055,0.7417691253688276
Bhutan,town,51+,2060,0.7354815189838807
Bhutan,town,51+,2065,0.7293468312874307
Bhutan,town,51+,2070,0.7234198174840252
Bhutan,town,51+,2075,0.7177664579775276
Bhutan,town,51+,2080,0.7125297836141449
Bhutan,town,51+,2085,0.7075612791537962
Bhutan,town,51+,2090,0.7030890261804386
Bhutan,town,51+,2095,0.6990535774741934
Bhutan,town,51+,2100,0.6953764866024026
Bhutan,rural,No_travel,2011,0.0
Bhutan,rural,No_travel,2012,0.0
Bhutan,rural,No_travel,2013,0.0
Bhutan,rural,No_travel,2014,0.0
Bhutan,rural,No_travel,2015,0.0
Bhutan,rural,No_travel,2016,0.0
Bhutan,rural,No_travel,2017,0.0
Bhutan,rural,No_travel,2018,0.0
Bhutan,rural,No_travel,2019,0.0
Bhutan,rural,No_travel,2020,0.0
Bhutan,rural,No_travel,2025,0.0
Bhutan,rural,No_travel,2030,0.0
Bhutan,rural,No_travel,2035,0.0
Bhutan,rural,No_travel,2040,0.0
Bhutan,rural,No_travel,2045,0.0
Bhutan,rural,No_travel,2050,0.0
Bhutan,rural,No_travel,2055,0.0
Bhutan,rural,No_travel,2060,0.0
Bhutan,rural,No_travel,2065,0.0
Bhutan,rural,No_travel,2070,0.0
Bhutan,rural,No_travel,2075,0.0
Bhutan,rural,No_travel,2080,0.0
Bhutan,rural,No_travel,2085,0.0
Bhutan,rural,No_travel,2090,0.0
Bhutan,rural,No_travel,2095,0.0
Bhutan,rural,No_travel,2100,0.0
Bhutan,rural,00_01,2011,0.02747552116779272
Bhutan,rural,00_01,2012,0.027450630263390365
Bhutan,rural,00_01,2013,0.027445568174215174
Bhutan,rural,00_01,2014,0.027415006912570535
Bhutan,rural,00_01,2015,0.027366930034194555
Bhutan,rural,00_01,2016,0.027316248133814575
Bhutan,rural,00_01,2017,0.027290147782894496
Bhutan,rural,00_01,2018,0.027265252913234388
Bhutan,rural,00_01,2019,0.027228909092858716
Bhutan,rural,00_01,2020,0.02731646150497621
Bhutan,rural,00_01,2025,0.027189718141310527
Bhutan,rural,00_01,2030,0.02698730391956782
Bhutan,rural,00_01,2035,0.02678395417696496
Bhutan,rural,00_01,2040,0.02657219796050961
Bhutan,rural,00_01,2045,0.026353459239828216
Bhutan,rural,00_01,2050,0.02613074231991806
Bhutan,rural,00_01,2055,0.025908025343630636
Bhutan,rural,00_01,2060,0.025688415953052428
Bhutan,rural,00_01,2065,0.02547414760609763
Bhutan,rural,00_01,2070,0.02526713275662634
Bhutan,rural,00_01,2075,0.02506967592489562
Bhutan,rural,00_01,2080,0.024886772798460695
Bhutan,rural,00_01,2085,0.024713236134455367
Bhutan,rural,00_01,2090,0.02455703221680206
Bhutan,rural,00_01,2095,0.02441608471200758
Bhutan,rural,00_01,2100,0.024287653694539956
Bhutan,rural,02_05,2011,0.08859584964879585
Bhutan,rural,02_05,2012,0.08851558799295368
Bhutan,rural,02_05,2013,0.08849926509633836
Bhutan,rural,02_05,2014,0.08840071916065945
Bhutan,rural,02_05,2015,0.0882456934611588
Bhutan,rural,02_05,2016,0.08808226777039363
Bhutan,rural,02_05,2017,0.0879981062088431
Bhutan,rural,02_05,2018,0.08791783176687841
Bhutan,rural,02_05,2019,0.08780063975344937
Bhutan,rural,02_05,2020,0.08808295579371592
Bhutan,rural,02_05,2025,0.08767426705865125
Bhutan,rural,02_05,2030,0.08702157480044884
Bhutan,rural,02_05,2035,0.08636586592010619
Bhutan,rural,02_05,2040,0.08568305004918222
Bhutan,rural,02_05,2045,0.08497771883120425
Bhutan,rural,02_05,2050,0.08425955976044082
Bhutan,rural,02_05,2055,0.08354140050788678
Bhutan,rural,02_05,2060,0.08283326178213485
Bhutan,rural,02_05,2065,0.08214234545209065
Bhutan,rural,02_05,2070,0.0814748182970343
Bhutan,rural,02_05,2075,0.08083811132906427
Bhutan,rural,02_05,2080,0.08024833333027899
Bhutan,rural,02_05,2085,0.07968875784128727
Bhutan,rural,02_05,2090,0.07918507244371281
Bhutan,rural,02_05,2095,0.07873058192224519
Bhutan,rural,02_05,2100,0.07831645128412862
Bhutan,rural,06_10,2011,0.19302164217733958
Bhutan,rural,06_10,2012,0.19284677804232717
Bhutan,rural,06_10,2013,0.19281121574090704
Bhutan,rural,06_10,2014,0.19259651608612582
Bhutan,rural,06_10,2015,0.19225876533125497
Bhutan,rural,06_10,2016,0.1919027137178836
Bhutan,rural,06_10,2017,0.19171935295230497
Bhutan,rural,06_10,2018,0.1915444609604756
Bhutan,rural,06_10,2019,0.1912891375455322
Bhutan,rural,06_10,2020,0.19190421269771224
Bhutan,rural,06_10,2025,0.19101381240137474
Bhutan,rural,06_10,2030,0.18959180751046753
Bhutan,rural,06_10,2035,0.18816323037761395
Bhutan,rural,06_10,2040,0.18667559589774887
Bhutan,rural,06_10,2045,0.1851389077739514
Bhutan,rural,06_10,2050,0.18357427191648382
Bhutan,rural,06_10,2055,0.18200963566295345
Bhutan,rural,06_10,2060,0.18046683088963908
Bhutan,rural,06_10,2065,0.1789615481347365
Bhutan,rural,06_10,2070,0.17750722281162368
Bhutan,rural,06_10,2075,0.17612004468724746
Bhutan,rural,06_10,2080,0.174835109576891
Bhutan,rural,06_10,2085,0.17361597594664158
Bhutan,rural,06_10,2090,0.17251860871142718
Bhutan,rural,06_10,2095,0.17152842116702782
Bhutan,rural,06_10,2100,0.17062616472767897
Bhutan,rural,11_20,2011,0.40317189715969404
Bhutan,rural,11_20,2012,0.4028066515620352
Bhutan,rural,11_20,2013,0.40273237118409844
Bhutan,rural,11_20,2014,0.40228391956923676
Bhutan,rural,11_20,2015,0.4015784462809964
Bhutan,rural,11_20,2016,0.4008347472696813
Bhutan,rural,11_20,2017,0.40045175442551584
Bhutan,rural,11_20,2018,0.40008645064222764
Bhutan,rural,11_20,2019,0.3995531465814455
Bhutan,rural,11_20,2020,0.4008378782478167
Bhutan,rural,11_20,2025,0.39897806412201975
Bhutan,rural,11_20,2030,0.39600786656712234
Bhutan,rural,11_20,2035,0.39302394131193064
Bhutan,rural,11_20,2040,0.3899166606528202
Bhutan,rural,11_20,2045,0.3867069197179411
Bhutan,rural,11_20,2050,0.3834388032523288
Bhutan,rural,11_20,2055,0.3801706859594446
Bhutan,rural,11_20,2060,0.3769481689381009
Bhutan,rural,11_20,2065,0.37380402563266646
Bhutan,rural,11_20,2070,0.3707663191195902
Bhutan,rural,11_20,2075,0.36786886560197196
Bhutan,rural,11_20,2080,0.3651849710898034
Bhutan,rural,11_20,2085,0.36263851871765307
Bhutan,rural,11_20,2090,0.36034640460489575
Bhutan,rural,11_20,2095,0.358278160928611
Bhutan,rural,11_20,2100,0.3563935824105056
Bhutan,rural,21_30,2011,0.4275976654157429
Bhutan,rural,21_30,2012,0.42721029177694875
Bhutan,rural,21_30,2013,0.4271315111962195
Bhutan,rural,21_30,2014,0.42665589058645553
Bhutan,rural,21_30,2015,0.42590767690095344
Bhutan,rural,21_30,2016,0.4251189216249765
Bhutan,rural,21_30,2017,0.4247127255404036
Bhutan,rural,21_30,2018,0.4243252901908616
Bhutan,rural,21_30,2019,0.4237596764341645
Bhutan,rural,21_30,2020,0.4251222422903071
Bhutan,rural,21_30,2025,0.4231497531761092
Bhutan,rural,21_30,2030,0.4199996091575279
Bhutan,rural,21_30,2035,0.4168349057595883
Bhutan,rural,21_30,2040,0.4135393735933153
Bhutan,rural,21_30,2045,0.41013517369740826
Bhutan,rural,21_30,2050,0.406669061647319
Bhutan,rural,21_30,2055,0.4032029487198383
Bhutan,rural,21_30,2060,0.39978519871097984
Bhutan,rural,21_30,2065,0.39645057061163147
Bhutan,rural,21_30,2070,0.39322882767180767
Bhutan,rural,21_30,2075,0.3901558348156279
Bhutan,rural,21_30,2080,0.3873093392247638
Bhutan,rural,21_30,2085,0.38460861256922363
Bhutan,rural,21_30,2090,0.3821776330034696
Bhutan,rural,21_30,2095,0.37998408684184326
Bhutan,rural,21_30,2100,0.3779853330092682
Bhutan,rural,31_50,2011,0.713065368968106
Bhutan,rural,31_50,2012,0.7124193815153759
Bhutan,rural,31_50,2013,0.7122880063737211
Bhutan,rural,31_50,2014,0.7114948575494393
Bhutan,rural,31_50,2015,0.7102471302794581
Bhutan,rural,31_50,2016,0.7089317955211563
Bhutan,rural,31_50,2017,0.7082544196036854
Bhutan,rural,31_50,2018,0.7076083292416067
Bhutan,rural,31_50,2019,0.7066651071084351
Bhutan,rural,31_50,2020,0.7089373330898585
Bhutan,rural,31_50,2025,0.7056479940878937
Bhutan,rural,31_50,2030,0.7003947881221213
Bhutan,rural,31_50,2035,0.6951173028160864
Bhutan,rural,31_50,2040,0.6896216463844616
Bhutan,rural,31_50,2045,0.6839447747568862
Bhutan,rural,31_50,2050,0.678164657913922
Bhutan,rural,31_50,2055,0.6723845396078127
Bhutan,rural,31_50,2060,0.666685071700901
Bhutan,rural,31_50,2065,0.6611242185710754
Bhutan,rural,31_50,2070,0.6557516136578276
Bhutan,rural,31_50,2075,0.6506270656023613
Bhutan,rural,31_50,2080,0.6458802262415989
Bhutan,rural,31_50,2085,0.6413764723512629
Bhutan,rural,31_50,2090,0.6373225509171434
Bhutan,rural,31_50,2095,0.6336645753723802
Bhutan,rural,31_50,2100,0.6303314371109356
Bhutan,rural,51+,2011,0.8434383382567929
Bhutan,rural,51+,2012,0.842674241993846
Bhutan,rural,51+,2013,0.842518846940338
Bhutan,rural,51+,2014,0.8415806831261132
Bhutan,rural,51+,2015,0.8401048282311917
Bhutan,rural,51+,2016,0.8385490048648165
Bhutan,rural,51+,2017,0.8377477812420321
Bhutan,rural,51+,2018,0.8369835632543545
Bhutan,rural,51+,2019,0.835867887548829
Bhutan,rural,51+,2020,0.8385555548922718
Bhutan,rural,51+,2025,0.8346648111505092
Bhutan,rural,51+,2030,0.828451137757979
Bhutan,rural,51+,2035,0.8222087459234994
Bhutan,rural,51+,2040,0.8157082937489286
Bhutan,rural,51+,2045,0.8089934939838126
Bhutan,rural,51+,2050,0.8021565722132115
Bhutan,rural,51+,2055,0.7953196487119518
Bhutan,rural,51+,2060,0.7885781212874603
Bhutan,rural,51+,2065,0.7820005522072264
Bhutan,rural,51+,2070,0.7756456496171631
Bhutan,rural,51+,2075,0.7695841572430846
Bhutan,rural,51+,2080,0.7639694317541617
Bhutan,rural,51+,2085,0.7586422361526145
Bhutan,rural,51+,2090,0.7538471179115402
Bhutan,rural,51+,2095,0.7495203381391277
Bhutan,rural,51+,2100,0.7455777871210054
India,large_city,No_travel,2011,0.0
India,large_city,No_travel,2012,0.0
India,large_city,No_travel,2013,0.0
India,large_city,No_travel,2014,0.0
India,large_city,No_travel,2015,0.0
India,large_city,No_travel,2016,0.0
India,large_city,No_travel,2017,0.0
India,large_city,No_travel,2018,0.0
India,large_city,No_travel,2019,0.0
India,large_city,No_travel,2020,0.0
India,large_city,No_travel,2025,0.0
India,large_city,No_travel,2030,0.0
India,large_city,No_travel,2035,0.0
India,large_city,No_travel,2040,0.0
India,large_city,No_travel,2045,0.0
India,large_city,No_travel,2050,0.0
India,large_city,No_travel,2055,0.0
India,large_city,No_travel,2060,0.0
India,large_city,No_travel,2065,0.0
India,large_city,No_travel,2070,0.0
India,large_city,No_travel,2075,0.0
India,large_city,No_travel,2080,0.0
India,large_city,No_travel,2085,0.0
India,large_city,No_travel,2090,0.0
India,large_city,No_travel,2095,0.0
India,large_city,No_travel,2100,0.0
India,large_city,00_01,2011,0.0430238883349347
India,large_city,00_01,2012,0.04299055686656212
India,large_city,00_01,2013,0.042947793888137166
India,large_city,00_01,2014,0.04289352859698195
India,large_city,00_01,2015,0.042830421783657376
India,large_city,00_01,2016,0.042761213890431006
India,large_city,00_01,2017,0.0427028654118857
India,large_city,00_01,2018,0.04264491334700848
India,large_city,00_01,2019,0.04261287887611574
India,large_city,00_01,2020,0.042692085796812926
India,large_city,00_01,2025,0.042367083419548486
India,large_city,00_01,2030,0.0420478541238661
India,large_city,00_01,2035,0.041770754336071976
India,large_city,00_01,2040,0.041472510877074265
India,large_city,00_01,2045,0.041155295552999446
India,large_city,00_01,2050,0.04082094486204172
India,large_city,00_01,2055,0.04046917259813517
India,large_city,00_01,2060,0.040104744344844304
India,large_city,00_01,2065,0.039737791008760286
India,large_city,00_01,2070,0.03936941329182423
India,large_city,00_01,2075,0.0390004066059778
India,large_city,00_01,2080,0.038638835244540815
India,large_city,00_01,2085,0.038285731923443325
India,large_city,00_01,2090,0.037945152214949145
India,large_city,00_01,2095,0.037611084540605834
India,large_city,00_01,2100,0.03728012922657814
India,large_city,02_05,2011,0.183359329476964
India,large_city,02_05,2012,0.18321727733040533
India,large_city,02_05,2013,0.1830350299475236
India,large_city,02_05,2014,0.18280376197558593
India,large_city,02_05,2015,0.18253481317936043
India,large_city,02_05,2016,0.18223986278348472
India,large_city,02_05,2017,0.18199119307193332
India,large_city,02_05,2018,0.1817442127972782
India,large_city,02_05,2019,0.18160768819826206
India,large_city,02_05,2020,0.18194525247780624
India,large_city,02_05,2025,0.18056015642350007
India,large_city,02_05,2030,0.1791996641046736
India,large_city,02_05,2035,0.17801871944219683
India,large_city,02_05,2040,0.17674766462174474
India,large_city,02_05,2045,0.1753957554528343
India,large_city,02_05,2050,0.17397081872868453
India,large_city,02_05,2055,0.17247163469547092
India,large_city,02_05,2060,0.17091851333076116
India,large_city,02_05,2065,0.16935463056103328
India,large_city,02_05,2070,0.1677846773609455
India,large_city,02_05,2075,0.16621204361936945
India,large_city,02_05,2080,0.16467109776447503
India,large_city,02_05,2085,0.16316624102794539
India,large_city,02_05,2090,0.16171475745917074
India,large_city,02_05,2095,0.16029102689603195
India,large_city,02_05,2100,0.1588805605989241
India,large_city,06_10,2011,0.277891972044208
India,large_city,06_10,2012,0.27767668356528025
India,large_city,06_10,2013,0.2774004768144519
India,large_city,06_10,2014,0.27704997644462753
India,large_city,06_10,2015,0.2766423685439267
India,large_city,06_10,2016,0.27619535367209597
India,large_city,06_10,2017,0.27581847993064085
India,large_city,06_10,2018,0.2754441666313083
India,large_city,06_10,2019,0.2752372554795203
India,large_city,06_10,2020,0.27574885422719136
India,large_city,06_10,2025,0.27364965875620145
India,large_city,06_10,2030,0.27158775171003074
India,large_city,06_10,2035,0.2697979598185198
India,large_city,06_10,2040,0.2678716006218578
India,large_city,06_10,2045,0.2658227018500047
India,large_city,06_10,2050,0.2636631254737072
India,large_city,06_10,2055,0.26139102288348004
India,large_city,06_10,2060,0.2590371750585871
India,large_city,06_10,2065,0.2566670176841829
India,large_city,06_10,2070,0.2542876602114325
India,large_city,06_10,2075,0.2519042402185887
India,large_city,06_10,2080,0.2495688451031536
India,large_city,06_10,2085,0.2472881451935765
India,large_city,06_10,2090,0.24508833549495287
India,large_city,06_10,2095,0.24293058712742321
India,large_city,06_10,2100,0.24079294154416736
India,large_city,11_20,2011,0.333374422171987
India,large_city,11_20,2012,0.3331161503272307
India,large_city,11_20,2013,0.3327847975886825
India,large_city,11_20,2014,0.3323643181577665
India,large_city,11_20,2015,0.3318753294066008
India,large_city,11_20,2016,0.33133906589563056
India,large_city,11_20,2017,0.33088694752436143
India,large_city,11_20,2018,0.3304379007996276
India,large_city,11_20,2019,0.33018967885510425
India,large_city,11_20,2020,0.33080342071901675
India,large_city,11_20,2025,0.32828511091676027
India,large_city,11_20,2030,0.3258115343501794
India,large_city,11_20,2035,0.32366440201939856
India,large_city,11_20,2040,0.32135343607331956
India,large_city,11_20,2045,0.3188954649447158
India,large_city,11_20,2050,0.31630471890304923
India,large_city,11_20,2055,0.31357898025518377
India,large_city,11_20,2060,0.3107551755488728
India,large_city,11_20,2065,0.3079118050141422
India,large_city,11_20,2070,0.305057397537799
India,large_city,11_20,2075,0.30219811643995903
India,large_city,11_20,2080,0.29939644861406156
India,large_city,11_20,2085,0.29666039615126494
India,large_city,11_20,2090,0.29402138401366235
India,large_city,11_20,2095,0.29143283095138345
India,large_city,11_20,2100,0.2888683942895966
India,large_city,21_30,2011,0.257270952131324
India,large_city,21_30,2012,0.2570716391697109
India,large_city,21_30,2013,0.25681592838667533
India,large_city,21_30,2014,0.25649143695497345
India,large_city,21_30,2015,0.256114075666203
India,large_city,21_30,2016,0.25570023160713656
India,large_city,21_30,2017,0.25535132384422343
India,large_city,21_30,2018,0.25500478652540015
India,large_city,21_30,2019,0.2548132292499759
India,large_city,21_30,2020,0.2552868647276556
India,large_city,21_30,2025,0.25334344040503637
India,large_city,21_30,2030,0.25143453751348316
India,large_city,21_30,2035,0.24977755742636967
India,large_city,21_30,2040,0.24799414403365272
India,large_city,21_30,2045,0.24609728413526208
India,large_city,21_30,2050,0.24409795948243626
India,large_city,21_30,2055,0.2419944586420637
India,large_city,21_30,2060,0.23981527848573256
India,large_city,21_30,2065,0.23762099903271894
India,large_city,21_30,2070,0.235418202176184
India,large_city,21_30,2075,0.23321164425953356
India,large_city,21_30,2080,0.231049547526292
India,large_city,21_30,2085,0.22893808733207888
India,large_city,21_30,2090,0.22690151487728846
India,large_city,21_30,2095,0.22490388258553642
India,large_city,21_30,2100,0.2229248613476143
India,large_city,31_50,2011,0.220023475238138
India,large_city,31_50,2012,0.21985301864321025
India,large_city,31_50,2013,0.21963432945706918
India,large_city,31_50,2014,0.21935681762801662
India,large_city,31_50,2015,0.21903409039632654
India,large_city,31_50,2016,0.21868016233982376
India,large_city,31_50,2017,0.21838176915591498
India,large_city,31_50,2018,0.21808540322514997
India,large_city,31_50,2019,0.21792157945454224
India,large_city,31_50,2020,0.2183266423772385
India,large_city,31_50,2025,0.2166645854299515
India,large_city,31_50,2030,0.2150320519293281
India,large_city,31_50,2035,0.21361496805667618
India,large_city,31_50,2040,0.21208975578843875
India,large_city,31_50,2045,0.21046752170633087
India,large_city,31_50,2050,0.20875765763267723
India,large_city,31_50,2055,0.20695869991424476
India,large_city,31_50,2060,0.20509501966898638
India,large_city,31_50,2065,0.20321842619080288
India,large_city,31_50,2070,0.20133454845177598
India,large_city,31_50,2075,0.1994474541758243
India,large_city,31_50,2080,0.19759838402970845
India,large_city,31_50,2085,0.1957926193061394
India,large_city,31_50,2090,0.19405090013666035
India,large_city,31_50,2095,0.19234248340543586
India,large_city,31_50,2100,0.19064998323497184
India,large_city,51+,2011,0.187004864635763
India,large_city,51+,2012,0.18685998822007036
India,large_city,51+,2013,0.1866741174096609
India,large_city,51+,2014,0.18643825138686207
India,large_city,51+,2015,0.1861639553727156
India,large_city,51+,2016,0.185863140797246
India,large_city,51+,2017,0.18560952705487285
India,large_city,51+,2018,0.18535763633864188
India,large_city,51+,2019,0.18521839736873896
India,large_city,51+,2020,0.18556267307361907
India,large_city,51+,2025,0.18415003865309673
India,large_city,51+,2030,0.18276249713750617
India,large_city,51+,2035,0.1815580730300514
India,large_city,51+,2040,0.18026174720184673
India,large_city,51+,2045,0.17888295948565527
India,large_city,51+,2050,0.17742969228635722
India,large_city,51+,2055,0.17590070159908253
India,large_city,51+,2060,0.1743167012027081
India,large_city,51+,2065,0.1727217254439431
India,large_city,51+,2070,0.17112055856301936
India,large_city,51+,2075,0.1695166578463012
India,large_city,51+,2080,0.16794507503223022
India,large_city,51+,2085,0.16641029885741718
India,large_city,51+,2090,0.16492995701130547
India,large_city,51+,2095,0.16347791995381272
India,large_city,51+,2100,0.16203941088140095
India,city,No_travel,2011,0.0
India,city,No_travel,2012,0.0
India,city,No_travel,2013,0.0
India,city,No_travel,2014,0.0
India,city,No_travel,2015,0.0
India,city,No_travel,2016,0.0
India,city,No_travel,2017,0.0
India,city,No_travel,2018,0.0
India,city,No_travel,2019,0.0
India,city,No_travel,2020,0.0
India,city,No_travel,2025,0.0
India,city,No_travel,2030,0.0
India,city,No_travel,2035,0.0
India,city,No_travel,2040,0.0
India,city,No_travel,2045,0.0
India,city,No_travel,2050,0.0
India,city,No_travel,2055,0.0
India,city,No_travel,2060,0.0
India,city,No_travel,2065,0.0
India,city,No_travel,2070,0.0
India,city,No_travel,2075,0.0
India,city,No_travel,2080,0.0
India,city,No_travel,2085,0.0
India,city,No_travel,2090,0.0
India,city,No_travel,2095,0.0
India,city,No_travel,2100,0.0
India,city,00_01,2011,0.0236558045409915
India,city,00_01,2012,0.02363747791521682
India,city,00_01,2013,0.023613965566650456
India,city,00_01,2014,0.023584128906817794
India,city,00_01,2015,0.023549430916957156
India,city,00_01,2016,0.02351137837316772
India,city,00_01,2017,0.023479296656308782
India,city,00_01,2018,0.02344743289939285
India,city,00_01,2019,0.02342981940114013
India,city,00_01,2020,0.023473369705559848
India,city,00_01,2025,0.02329467379941409
India,city,00_01,2030,0.02311915210403331
India,city,00_01,2035,0.022966794456407928
India,city,00_01,2040,0.022802811393864728
India,city,00_01,2045,0.022628397039557564
India,city,00_01,2050,0.022444561154435598
India,city,00_01,2055,0.02225114637395053
India,city,00_01,2060,0.022050772956700288
India,city,00_01,2065,0.02184901117435065
India,city,00_01,2070,0.021646466225338678
India,city,00_01,2075,0.02144357545064284
India,city,00_01,2080,0.02124477283691375
India,city,00_01,2085,0.021050626201871588
India,city,00_01,2090,0.020863365418930586
India,city,00_01,2095,0.020679685144702278
India,city,00_01,2100,0.020497716138100787
India,city,02_05,2011,0.106025174348088
India,city,02_05,2012,0.10594303452106983
India,city,02_05,2013,0.10583765231554129
India,city,02_05,2014,0.1057039245847748
India,city,02_05,2015,0.10554840840192303
India,city,02_05,2016,0.1053778571284429
India,city,02_05,2017,0.10523406706552363
India,city,02_05,2018,0.10509125389776422
India,city,02_05,2019,0.10501231030403066
India,city,02_05,2020,0.1052075025077459
India,city,02_05,2025,0.10440658852608177
India,city,02_05,2030,0.10361990133806534
India,city,02_05,2035,0.10293703527342762
India,city,02_05,2040,0.10220206416871849
India,city,02_05,2045,0.1014203400767654
India,city,02_05,2050,0.10059638874009805
India,city,02_05,2055,0.09972950485175294
India,city,02_05,2060,0.09883143239508102
India,city,02_05,2065,0.09792713729434441
India,city,02_05,2070,0.09701933204531529
India,city,02_05,2075,0.0961099768076412
India,city,02_05,2080,0.0952189446829482
India,city,02_05,2085,0.09434878062685911
India,city,02_05,2090,0.09350947891866841
India,city,02_05,2095,0.09268622502909496
India,city,02_05,2100,0.09187064103078116
India,city,06_10,2011,0.186327658988712
India,city,06_10,2012,0.18618330721780346
India,city,06_10,2013,0.18599810950626058
India,city,06_10,2014,0.1857630976313092
India,city,06_10,2015,0.18548979493255108
India,city,06_10,2016,0.1851900697048352
India,city,06_10,2017,0.18493737438059432
India,city,06_10,2018,0.18468639584285562
India,city,06_10,2019,0.18454766110270573
India,city,06_10,2020,0.18489069007289827
India,city,06_10,2025,0.18348317126264982
India,city,06_10,2030,0.18210065448773485
India,city,06_10,2035,0.18090059199305739
India,city,06_10,2040,0.17960896058375453
India,city,06_10,2045,0.17823516590787414
India,city,06_10,2050,0.1767871614634031
India,city,06_10,2055,0.17526370775041902
India,city,06_10,2060,0.17368544353644524
India,city,06_10,2065,0.17209624370545007
India,city,06_10,2070,0.1705008751723701
India,city,06_10,2075,0.16890278270360734
India,city,06_10,2080,0.1673368911038188
India,city,06_10,2085,0.16580767285443496
India,city,06_10,2090,0.16433269180928262
India,city,06_10,2095,0.16288591305187197
India,city,06_10,2100,0.16145261329029317
India,city,11_20,2011,0.314212629088163
India,city,11_20,2012,0.313969202268458
India,city,11_20,2013,0.3136568951200677
India,city,11_20,2014,0.31326058412954594
India,city,11_20,2015,0.3127997016176325
India,city,11_20,2016,0.3122942616184622
India,city,11_20,2017,0.31186813023990595
India,city,11_20,2018,0.31144489395488206
India,city,11_20,2019,0.3112109393842888
India,city,11_20,2020,0.31178940441284436
India,city,11_20,2025,0.3094158427620429
India,city,11_20,2030,0.30708444315684086
India,city,11_20,2035,0.30506072432964537
India,city,11_20,2040,0.30288258876387586
India,city,11_20,2045,0.3005658976226972
India,city,11_20,2050,0.29812406324395824
India,city,11_20,2055,0.2955549954037411
India,city,11_20,2060,0.2928934981748272
India,city,11_20,2065,0.290213559727934
India,city,11_20,2070,0.28752321872400416
India,city,11_20,2075,0.28482828422602735
India,city,11_20,2080,0.2821876514874041
India,city,11_20,2085,0.2796088626527437
India,city,11_20,2090,0.2771215364309261
India,city,11_20,2095,0.27468176898286056
India,city,11_20,2100,0.2722647317657269
India,city,21_30,2011,0.250284569638574
India,city,21_30,2012,0.2500906691674657
India,city,21_30,2013,0.24984190239938023
India,city,21_30,2014,0.24952622277188205
India,city,21_30,2015,0.24915910900728588
India,city,21_30,2016,0.2487565031889343
India,city,21_30,2017,0.2484170702737108
India,city,21_30,2018,0.24807994343141918
India,city,21_30,2019,0.24789358803512002
India,city,21_30,2020,0.24835436159200458
India,city,21_30,2025,0.24646371239052142
India,city,21_30,2030,0.2446066471651774
India,city,21_30,2035,0.24299466359467625
India,city,21_30,2040,0.24125968010825458
India,city,21_30,2045,0.23941433083970973
India,city,21_30,2050,0.2374692993227242
India,city,21_30,2055,0.23542292059941505
India,city,21_30,2060,0.23330291768780048
India,city,21_30,2065,0.23116822551204352
India,city,21_30,2070,0.22902524722914114
India,city,21_30,2075,0.22687861002048518
India,city,21_30,2080,0.22477522661900382
India,city,21_30,2085,0.22272110468397927
India,city,21_30,2090,0.220739836856569
India,city,21_30,2095,0.21879645174334386
India,city,21_30,2100,0.21687117228705255
India,city,31_50,2011,0.417603041240518
India,city,31_50,2012,0.4172795157968612
India,city,31_50,2013,0.4168644452271409
India,city,31_50,2014,0.41633772968614174
India,city,31_50,2015,0.4157251956222241
India,city,31_50,2016,0.41505344260761534
India,city,31_50,2017,0.4144870943988577
India,city,31_50,2018,0.41392459390261027
India,city,31_50,2019,0.4136136575138489
India,city,31_50,2020,0.41438246415245256
India,city,31_50,2025,0.41122789150900735
India,city,31_50,2030,0.40812935416407403
India,city,31_50,2035,0.40543973872975814
India,city,31_50,2040,0.4025448963450356
India,city,31_50,2045,0.3994659072255381
India,city,31_50,2050,0.39622059698537926
India,city,31_50,2055,0.3928061876207994
India,city,31_50,2060,0.3892689353458891
India,city,31_50,2065,0.3857071738437886
India,city,31_50,2070,0.38213158686475623
India,city,31_50,2075,0.378549894920785
India,city,31_50,2080,0.3750403725134633
India,city,31_50,2085,0.3716130434999974
India,city,31_50,2090,0.36830727250726975
India,city,31_50,2095,0.36506470931307716
India,city,31_50,2100,0.36185235564162965
India,city,51+,2011,0.359447715685911
India,city,51+,2012,0.3591692443382329
India,city,51+,2013,0.3588119764225319
India,city,51+,2014,0.35835861119447704
India,city,51+,2015,0.35783137851580454
India,city,51+,2016,0.357253173707025
India,city,51+,2017,0.35676569504950373
India,city,51+,2018,0.35628152827272996
India,city,51+,2019,0.3560138928303924
India,city,51+,2020,0.3566756355926802
India,city,51+,2025,0.3539603681768028
India,city,51+,2030,0.351293332593692
India,city,51+,2035,0.34897827252835684
India,city,51+,2040,0.3464865653813776
India,city,51+,2045,0.3438363557412909
India,city,51+,2050,0.34104298683034623
India,city,51+,2055,0.33810406750909555
India,city,51+,2060,0.33505941235944825
India,city,51+,2065,0.33199366113324813
India,city,51+,2070,0.3289160097635847
India,city,51+,2075,0.32583310360531853
India,city,51+,2080,0.3228123166668112
India,city,51+,2085,0.3198622768846899
India,city,51+,2090,0.31701686697487
India,city,51+,2095,0.31422586255675694
India,city,51+,2100,0.31146086068860235
India,town,No_travel,2011,0.0
India,town,No_travel,2012,0.0
India,town,No_travel,2013,0.0
India,town,No_travel,2014,0.0
India,town,No_travel,2015,0.0
India,town,No_travel,2016,0.0
India,town,No_travel,2017,0.0
India,town,No_travel,2018,0.0
India,town,No_travel,2019,0.0
India,town,No_travel,2020,0.0
India,town,No_travel,2025,0.0
India,town,No_travel,2030,0.0
India,town,No_travel,2035,0.0
India,town,No_travel,2040,0.0
India,town,No_travel,2045,0.0
India,town,No_travel,2050,0.0
India,town,No_travel,2055,0.0
India,town,No_travel,2060,0.0
India,town,No_travel,2065,0.0
India,town,No_travel,2070,0.0
India,town,No_travel,2075,0.0
India,town,No_travel,2080,0.0
India,town,No_travel,2085,0.0
India,town,No_travel,2090,0.0
India,town,No_travel,2095,0.0
India,town,No_travel,2100,0.0
India,town,00_01,2011,0.0160162759590926
India,town,00_01,2012,0.016003867829185302
India,town,00_01,2013,0.015987948680782096
India,town,00_01,2014,0.015967747627093586
India,town,00_01,2015,0.01594425518658619
India,town,00_01,2016,0.015918491529246997
India,town,00_01,2017,0.015896770448927625
India,town,00_01,2018,0.015875196939433383
India,town,00_01,2019,0.015863271635936232
India,town,00_01,2020,0.015892757578487036
India,town,00_01,2025,0.015771770657892932
India,town,00_01,2030,0.015652932851926326
India,town,00_01,2035,0.015549778375627796
India,town,00_01,2040,0.01543875285638334
India,town,00_01,2045,0.015320664781003367
India,town,00_01,2050,0.015196197812983092
India,town,00_01,2055,0.015065245407900092
India,town,00_01,2060,0.01492958162440944
India,town,00_01,2065,0.014792977841667212
India,town,00_01,2070,0.014655843812178817
India,town,00_01,2075,0.014518475639751971
India,town,00_01,2080,0.014383875376321636
India,town,00_01,2085,0.014252427465599503
India,town,00_01,2090,0.01412564165407905
India,town,00_01,2095,0.014001280043160909
India,town,00_01,2100,0.013878077054199736
India,town,02_05,2011,0.0652376259790535
India,town,02_05,2012,0.06518708508302627
India,town,02_05,2013,0.06512224307780072
India,town,02_05,2014,0.06503995998101343
India,town,02_05,2015,0.06494427038056755
India,town,02_05,2016,0.06483932964118222
India,town,02_05,2017,0.06475085515951398
India,town,02_05,2018,0.0646629817645353
India,town,02_05,2019,0.06461440752098326
India,town,02_05,2020,0.06473450990287791
India,town,02_05,2025,0.06424170499028556
India,town,02_05,2030,0.06375765386893736
India,town,02_05,2035,0.06333748421401779
India,town,02_05,2040,0.06288525416271874
India,town,02_05,2045,0.06240425685011616
India,town,02_05,2050,0.061897276979939554
India,town,02_05,2055,0.06136388057457778
India,town,02_05,2060,0.06081129374422649
India,town,02_05,2065,0.06025487810125038
India,town,02_05,2070,0.05969630265289932
India,town,02_05,2075,0.05913677349162004
India,town,02_05,2080,0.05858851859986006
India,town,02_05,2085,0.058053103896884097
India,town,02_05,2090,0.057536678894433604
India,town,02_05,2095,0.05703012816566545
India,town,02_05,2100,0.05652829674531037
India,town,06_10,2011,0.169058563656165
India,town,06_10,2012,0.1689275905994354
India,town,06_10,2013,0.16875955725819247
India,town,06_10,2014,0.1685463265964804
India,town,06_10,2015,0.1682983539554556
India,town,06_10,2016,0.1680264076606104
India,town,06_10,2017,0.16779713247521572
India,town,06_10,2018,0.1675694149622661
India,town,06_10,2019,0.16744353834241132
India,town,06_10,2020,0.1677547749312675
India,town,06_10,2025,0.16647770683696997
India,town,06_10,2030,0.16522332355610753
India,town,06_10,2035,0.164134484450046
India,town,06_10,2040,0.16296256315819338
India,town,06_10,2045,0.16171609360062275
India,town,06_10,2050,0.16040229213454602
India,town,06_10,2055,0.15902003413854265
India,town,06_10,2060,0.15758804555170328
India,town,06_10,2065,0.15614613487537723
India,town,06_10,2070,0.15469862722048267
India,town,06_10,2075,0.15324864808788843
India,town,06_10,2080,0.15182788540489062
India,town,06_10,2085,0.15044039713739032
India,town,06_10,2090,0.14910211929787415
India,town,06_10,2095,0.14778942992055033
India,town,06_10,2100,0.14648897028779173
India,town,11_20,2011,0.366436068796568
India,town,11_20,2012,0.3661521834317078
India,town,11_20,2013,0.36578796954238935
India,town,11_20,2014,0.36532579002462423
India,town,11_20,2015,0.36478830693130376
India,town,11_20,2016,0.3641988607118887
India,town,11_20,2017,0.3637019045341496
India,town,11_20,2018,0.3632083246264728
India,town,11_20,2019,0.3629354858377392
India,town,11_20,2020,0.363610094148727
India,town,11_20,2025,0.36084203672566934
India,town,11_20,2030,0.35812314885472885
India,town,11_20,2035,0.3557630795808136
India,town,11_20,2040,0.35322292886713036
India,town,11_20,2045,0.35052119406782306
India,town,11_20,2050,0.34767351670681423
India,town,11_20,2055,0.34467745915631803
India,town,11_20,2060,0.34157361007009135
India,town,11_20,2065,0.3384482547591157
India,town,11_20,2070,0.33531076794306014
India,town,11_20,2075,0.3321679241752312
India,town,11_20,2080,0.3290884073439547
India,town,11_20,2085,0.32608101312949656
India,town,11_20,2090,0.3231802829927657
India,town,11_20,2095,0.3203350160948648
India,town,11_20,2100,0.31751625728637356
India,town,21_30,2011,0.297307534175079
India,town,21_30,2012,0.29707720407113436
India,town,21_30,2013,0.2967816995000336
India,town,21_30,2014,0.296406710615276
India,town,21_30,2015,0.2959706242505775
India,town,21_30,2016,0.29549237765602515
India,town,21_30,2017,0.2950891727633356
India,town,21_30,2018,0.29468870720394985
India,town,21_30,2019,0.2944673397283842
India,town,21_30,2020,0.29501468249988727
India,town,21_30,2025,0.2927688219065045
India,town,21_30,2030,0.29056285497955164
India,town,21_30,2035,0.2886480151587488
India,town,21_30,2040,0.2865870664437426
India,town,21_30,2045,0.28439501664412803
India,town,21_30,2050,0.28208455649453573
India,town,21_30,2055,0.2796537082281246
India,town,21_30,2060,0.27713540340810994
India,town,21_30,2065,0.2745996495343748
India,town,21_30,2070,0.27205405277625067
India,town,21_30,2075,0.26950410966071786
India,town,21_30,2080,0.26700554679117194
India,town,21_30,2085,0.2645655005339097
India,town,21_30,2090,0.2622119960683393
India,town,21_30,2095,0.25990349164555415
India,town,21_30,2100,0.25761649453432794
India,town,31_50,2011,0.454090064176492
India,town,31_50,2012,0.45373827150506785
India,town,31_50,2013,0.4532869351807869
India,town,31_50,2014,0.45271419918464906
India,town,31_50,2015,0.4520481464864493
India,town,31_50,2016,0.45131770072961697
India,town,31_50,2017,0.45070186926034167
India,town,31_50,2018,0.450090221687849
India,town,31_50,2019,0.44975211800855575
India,town,31_50,2020,0.450588097207428
India,town,31_50,2025,0.4471579016565138
India,town,31_50,2030,0.4437886373483939
India,town,31_50,2035,0.44086402348171666
India,town,31_50,2040,0.43771625147231125
India,town,31_50,2045,0.43436824336701085
India,town,31_50,2050,0.43083938224845014
India,town,31_50,2055,0.42712664739172795
India,town,31_50,2060,0.4232803365321349
India,town,31_50,2065,0.4194073750128278
India,town,31_50,2070,0.4155193800500653
India,town,31_50,2075,0.411624746716297
India,town,31_50,2080,0.40780858855222923
India,town,31_50,2085,0.40408180522456105
India,town,31_50,2090,0.40048720074615185
India,town,31_50,2095,0.3969613266898391
India,town,31_50,2100,0.3934683016378854
India,town,51+,2011,0.438377508358388
India,town,51+,2012,0.4380378885187922
India,town,51+,2013,0.43760216946462455
India,town,51+,2014,0.4370492514451797
India,town,51+,2015,0.43640624569520425
India,town,51+,2016,0.435701075033847
India,town,51+,2017,0.4351065527432983
India,town,51+,2018,0.43451606957712496
India,town,51+,2019,0.43418966505919265
India,town,51+,2020,0.43499671746388613
India,town,51+,2025,0.43168521453215203
India,town,51+,2030,0.428432534482715
India,town,51+,2035,0.42560911895146025
India,town,51+,2040,0.4225702670601159
India,town,51+,2045,0.4193381077002167
India,town,51+,2050,0.4159313532553624
India,town,51+,2055,0.41234708752464905
India,town,51+,2060,0.4086338678265743
India,town,51+,2065,0.40489491964262575
India,town,51+,2070,0.40114145820678304
India,town,51+,2075,0.39738158810276936
India,town,51+,2080,0.3936974777479228
India,town,51+,2085,0.3900996496555209
India,town,51+,2090,0.38662942672158224
India,town,51+,2095,0.3832255559797835
India,town,51+,2100,0.3798533975915882
India,rural,No_travel,2011,0.0
India,rural,No_travel,2012,0.0
India,rural,No_travel,2013,0.0
India,rural,No_travel,2014,0.0
India,rural,No_travel,2015,0.0
India,rural,No_travel,2016,0.0
India,rural,No_travel,2017,0.0
India,rural,No_travel,2018,0.0
India,rural,No_travel,2019,0.0
India,rural,No_travel,2020,0.0
India,rural,No_travel,2025,0.0
India,rural,No_travel,2030,0.0
India,rural,No_travel,2035,0.0
India,rural,No_travel,2040,0.0
India,rural,No_travel,2045,0.0
India,rural,No_travel,2050,0.0
India,rural,No_travel,2055,0.0
India,rural,No_travel,2060,0.0
India,rural,No_travel,2065,0.0
India,rural,No_travel,2070,0.0
India,rural,No_travel,2075,0.0
India,rural,No_travel,2080,0.0
India,rural,No_travel,2085,0.0
India,rural,No_travel,2090,0.0
India,rural,No_travel,2095,0.0
India,rural,No_travel,2100,0.0
India,rural,00_01,2011,0.0209205858977177
India,rural,00_01,2012,0.020904378300632166
India,rural,00_01,2013,0.020883584583513505
India,rural,00_01,2014,0.020857197807961293
India,rural,00_01,2015,0.02082651179700361
India,rural,00_01,2016,0.02079285910471855
India,rural,00_01,2017,0.020764486858400287
India,rural,00_01,2018,0.02073630737025696
India,rural,00_01,2019,0.020720730444833992
India,rural,00_01,2020,0.020759245215401432
India,rural,00_01,2025,0.020601211146105042
India,rural,00_01,2030,0.02044598426727437
India,rural,00_01,2035,0.020311243077271814
India,rural,00_01,2040,0.02016622066893389
India,rural,00_01,2045,0.020011973094104837
India,rural,00_01,2050,0.019849393359430725
India,rural,00_01,2055,0.019678342295747202
India,rural,00_01,2060,0.019501137192452618
India,rural,00_01,2065,0.019322704254726573
India,rural,00_01,2070,0.019143578704521286
India,rural,00_01,2075,0.01896414731496429
India,rural,00_01,2080,0.018788331389955136
India,rural,00_01,2085,0.018616633092900212
India,rural,00_01,2090,0.01845102446656909
India,rural,00_01,2095,0.01828858235017221
India,rural,00_01,2100,0.018127653634907752
India,rural,02_05,2011,0.0812891180946135
India,rural,02_05,2012,0.08122614178601692
India,rural,02_05,2013,0.08114534562979316
India,rural,02_05,2014,0.08104281706178428
India,rural,02_05,2015,0.08092358336628515
India,rural,02_05,2016,0.08079282232112435
India,rural,02_05,2017,0.08068257899940999
India,rural,02_05,2018,0.0805730846596851
India,rural,02_05,2019,0.08051255889159957
India,rural,02_05,2020,0.08066221204894183
India,rural,02_05,2025,0.08004815419297098
India,rural,02_05,2030,0.0794450039682872
India,rural,02_05,2035,0.07892145302378323
India,rural,02_05,2040,0.0783579533333165
India,rural,02_05,2045,0.07775860829645238
India,rural,02_05,2050,0.0771268877836365
India,rural,02_05,2055,0.07646225103856828
India,rural,02_05,2060,0.07577370213085088
India,rural,02_05,2065,0.07508038234441203
India,rural,02_05,2070,0.07438437133995977
India,rural,02_05,2075,0.07368717196481367
India,rural,02_05,2080,0.07300402085418717
India,rural,02_05,2085,0.07233686921636118
India,rural,02_05,2090,0.07169337962916056
India,rural,02_05,2095,0.07106219384651163
India,rural,02_05,2100,0.07043688854177951
India,rural,06_10,2011,0.182182507157311
India,rural,06_10,2012,0.1820413667185836
India,rural,06_10,2013,0.181860289021414
India,rural,06_10,2014,0.18163050535524888
India,rural,06_10,2015,0.1813632827048767
India,rural,06_10,2016,0.1810702253362609
India,rural,06_10,2017,0.1808231516169484
India,rural,06_10,2018,0.18057775649152216
India,rural,06_10,2019,0.18044210812386968
India,rural,06_10,2020,0.18077750587510236
India,rural,06_10,2025,0.17940129953454145
India,rural,06_10,2030,0.17804953901971468
India,rural,06_10,2035,0.1768761738026964
India,rural,06_10,2040,0.1756132767655787
India,rural,06_10,2045,0.1742700443129753
India,rural,06_10,2050,0.1728542530048011
India,rural,06_10,2055,0.171364690915759
India,rural,06_10,2060,0.16982153767152794
India,rural,06_10,2065,0.16826769209027576
India,rural,06_10,2070,0.1667078150394188
India,rural,06_10,2075,0.16514527465111256
India,rural,06_10,2080,0.1636142187728045
India,rural,06_10,2085,0.1621190203885413
India,rural,06_10,2090,0.16067685261659695
India,rural,06_10,2095,0.1592622597281467
India,rural,06_10,2100,0.15786084597406622
India,rural,11_20,2011,0.374424119984303
India,rural,11_20,2012,0.3741340461161293
India,rural,11_20,2013,0.37376189261758863
India,rural,11_20,2014,0.37328963790810465
India,rural,11_20,2015,0.3727404380575444
India,rural,11_20,2016,0.37213814232091735
India,rural,11_20,2017,0.37163035284448337
India,rural,11_20,2018,0.3711260132384485
India,rural,11_20,2019,0.3708472267540704
India,rural,11_20,2020,0.3715365410565768
India,rural,11_20,2025,0.3687081419088123
India,rural,11_20,2030,0.3659299841751694
India,rural,11_20,2035,0.36351846703415813
India,rural,11_20,2040,0.36092294280336423
India,rural,11_20,2045,0.35816231206637417
India,rural,11_20,2050,0.35525255732144245
India,rural,11_20,2055,0.35219118780219444
India,rural,11_20,2060,0.3490196769667814
India,rural,11_20,2065,0.3458261910858923
India,rural,11_20,2070,0.3426203092415585
India,rural,11_20,2075,0.33940895366763224
India,rural,11_20,2080,0.33626230551338715
India,rural,11_20,2085,0.3331893521987954
India,rural,11_20,2090,0.3302253881645661
India,rural,11_20,2095,0.3273180964291599
India,rural,11_20,2100,0.32443789064105755
India,rural,21_30,2011,0.376930565406175
India,rural,21_30,2012,0.3766385497445107
India,rural,21_30,2013,0.37626390500039353
India,rural,21_30,2014,0.3757884889543627
India,rural,21_30,2015,0.37523561268613154
India,rural,21_30,2016,0.3746292851008304
India,rural,21_30,2017,0.37411809641333993
India,rural,21_30,2018,0.373610380690145
India,rural,21_30,2019,0.3733297279715417
India,rural,21_30,2020,0.3740236566367067
India,rural,21_30,2025,0.37117632380460736
India,rural,21_30,2030,0.3683795687094136
India,rural,21_30,2035,0.36595190854829424
India,rural,21_30,2040,0.363339009529183
India,rural,21_30,2045,0.36055989875871514
India,rural,21_30,2050,0.3576306657241382
India,rural,21_30,2055,0.35454880298555247
India,rural,21_30,2060,0.3513560616300164
India,rural,21_30,2065,0.3481411981250942
India,rural,21_30,2070,0.3449138556764807
India,rural,21_30,2075,0.34168100285639247
India,rural,21_30,2080,0.33851329061615637
India,rural,21_30,2085,0.3354197665387428
India,rural,21_30,2090,0.33243596133059417
India,rural,21_30,2095,0.3295092077932598
India,rural,21_30,2100,0.3266097215202038
India,rural,31_50,2011,0.567046198805511
India,rural,31_50,2012,0.5666068967532618
India,rural,31_50,2013,0.566043289294617
India,rural,31_50,2014,0.5653280836665925
India,rural,31_50,2015,0.5644963485538604
India,rural,31_50,2016,0.5635842024345734
India,rural,31_50,2017,0.5628151812176246
India,rural,31_50,2018,0.5620513846531268
India,rural,31_50,2019,0.5616291767669158
India,rural,31_50,2020,0.5626731080580808
India,rural,31_50,2025,0.5583896420636576
India,rural,31_50,2030,0.5541822641238753
India,rural,31_50,2035,0.5505301446284162
India,rural,31_50,2040,0.5465993557971813
India,rural,31_50,2045,0.5424185215983014
India,rural,31_50,2050,0.5380118467087697
India,rural,31_50,2055,0.5333755589901756
India,rural,31_50,2060,0.5285724678758348
India,rural,31_50,2065,0.5237360966779185
India,rural,31_50,2070,0.5188809524267275
India,rural,31_50,2075,0.5140175184917446
India,rural,31_50,2080,0.5092520806376932
India,rural,31_50,2085,0.5045982498529161
India,rural,31_50,2090,0.5001094777645249
India,rural,31_50,2095,0.495706532977074
India,rural,31_50,2100,0.4913446084728793
India,rural,51+,2011,0.501566238314875
India,rural,51+,2012,0.5011776649000549
India,rural,51+,2013,0.5006791403115571
India,rural,51+,2014,0.5000465234326759
India,rural,51+,2015,0.4993108333731249
India,rural,51+,2016,0.49850401781063974
India,rural,51+,2017,0.4978237997265015
India,rural,51+,2018,0.4971482029753021
India,rural,51+,2019,0.49677474976863245
India,rural,51+,2020,0.4976981325403922
India,rural,51+,2025,0.4939093020530381
India,rural,51+,2030,0.4901877733118687
India,rural,51+,2035,0.4869573842517313
India,rural,51+,2040,0.48348050534513476
India,rural,51+,2045,0.47978245519231183
India,rural,51+,2050,0.4758846434223451
India,rural,51+,2055,0.4717837334865071
India,rural,51+,2060,0.46753528186549587
India,rural,51+,2065,0.4632573931962073
India,rural,51+,2070,0.45896289930192546
India,rural,51+,2075,0.4546610729794833
India,rural,51+,2080,0.4504459265885635
India,rural,51+,2085,0.44632949938141236
India,rural,51+,2090,0.4423590706301575
India,rural,51+,2095,0.43846455822675584
India,rural,51+,2100,0.43460632926764986
Maldives,large_city,No_travel,2011,0.0
Maldives,large_city,No_travel,2012,0.0
Maldives,large_city,No_travel,2013,0.0
Maldives,large_city,No_travel,2014,0.0
Maldives,large_city,No_travel,2015,0.0
Maldives,large_city,No_travel,2016,0.0
Maldives,large_city,No_travel,2017,0.0
Maldives,large_city,No_travel,2018,0.0
Maldives,large_city,No_travel,2019,0.0
Maldives,large_city,No_travel,2020,0.0
Maldives,large_city,No_travel,2025,0.0
Maldives,large_city,No_travel,2030,0.0
Maldives,large_city,No_travel,2035,0.0
Maldives,large_city,No_travel,2040,0.0
Maldives,large_city,No_travel,2045,0.0
Maldives,large_city,No_travel,2050,0.0
Maldives,large_city,No_travel,2055,0.0
Maldives,large_city,No_travel,2060,0.0
Maldives,large_city,No_travel,2065,0.0
Maldives,large_city,No_travel,2070,0.0
Maldives,large_city,No_travel,2075,0.0
Maldives,large_city,No_travel,2080,0.0
Maldives,large_city,No_travel,2085,0.0
Maldives,large_city,No_travel,2090,0.0
Maldives,large_city,No_travel,2095,0.0
Maldives,large_city,No_travel,2100,0.0
Maldives,large_city,00_01,2011,0.057842438834749
Maldives,large_city,00_01,2012,0.057879065818767214
Maldives,large_city,00_01,2013,0.05781940346117225
Maldives,large_city,00_01,2014,0.057789559705496416
Maldives,large_city,00_01,2015,0.05781418630325998
Maldives,large_city,00_01,2016,0.057760693015476594
Maldives,large_city,00_01,2017,0.05772398797515221
Maldives,large_city,00_01,2018,0.0576716921304595
Maldives,large_city,00_01,2019,0.05760021606843963
Maldives,large_city,00_01,2020,0.05815201194396372
Maldives,large_city,00_01,2025,0.05738815848636432
Maldives,large_city,00_01,2030,0.05700986853037765
Maldives,large_city,00_01,2035,0.05665739443266323
Maldives,large_city,00_01,2040,0.05634802684844607
Maldives,large_city,00_01,2045,0.05609044747201035
Maldives,large_city,00_01,2050,0.05587392468368354
Maldives,large_city,00_01,2055,0.0556805205646187
Maldives,large_city,00_01,2060,0.05550062372210998
Maldives,large_city,00_01,2065,0.05533548251893602
Maldives,large_city,00_01,2070,0.05519596875672793
Maldives,large_city,00_01,2075,0.05507881664513688
Maldives,large_city,00_01,2080,0.054970837806679426
Maldives,large_city,00_01,2085,0.05483908390367203
Maldives,large_city,00_01,2090,0.054688025962864865
Maldives,large_city,00_01,2095,0.05455145331703807
Maldives,large_city,00_01,2100,0.054446912499405274
Maldives,large_city,02_05,2011,0.21148322952951493
Maldives,large_city,02_05,2012,0.21161714492146835
Maldives,large_city,02_05,2013,0.21139900771426007
Maldives,large_city,02_05,2014,0.21128989312713753
Maldives,large_city,02_05,2015,0.21137993276813957
Maldives,large_city,02_05,2016,0.21118435088247767
Maldives,large_city,02_05,2017,0.2110501501014562
Maldives,large_city,02_05,2018,0.21085894630110838
Maldives,large_city,02_05,2019,0.21059761588810144
Maldives,large_city,02_05,2020,0.2126150891507744
Maldives,large_city,02_05,2025,0.2098222920392639
Maldives,large_city,02_05,2030,0.20843919023369867
Maldives,large_city,02_05,2035,0.20715047623733507
Maldives,large_city,02_05,2040,0.2060193680555223
Maldives,large_city,02_05,2045,0.20507760765457425
Maldives,large_city,02_05,2050,0.2042859581414389
Maldives,large_city,02_05,2055,0.20357883498881746
Maldives,large_city,02_05,2060,0.20292109707177353
Maldives,large_city,02_05,2065,0.2023173086479245
Maldives,large_city,02_05,2070,0.20180721914288352
Maldives,large_city,02_05,2075,0.20137888819065206
Maldives,large_city,02_05,2080,0.2009840965128138
Maldives,large_city,02_05,2085,0.20050237856536127
Maldives,large_city,02_05,2090,0.19995008129346986
Maldives,large_city,02_05,2095,0.1994507450831251
Maldives,large_city,02_05,2100,0.19906852347947177
Maldives,large_city,06_10,2011,0.3458702568351818
Maldives,large_city,06_10,2012,0.34608926876871504
Maldives,large_city,06_10,2013,0.34573251626379875
Maldives,large_city,06_10,2014,0.3455540648075935
Maldives,large_city,06_10,2015,0.3457013201423451
Maldives,large_city,06_10,2016,0.34538145573902257
Maldives,large_city,06_10,2017,0.34516197706592566
Maldives,large_city,06_10,2018,0.3448492728024184
Maldives,large_city,06_10,2019,0.34442187996721996
Maldives,large_city,06_10,2020,0.34772135670147997
Maldives,large_city,06_10,2025,0.3431538765452727
Maldives,large_city,06_10,2030,0.3408918826378395
Maldives,large_city,06_10,2035,0.3387842552770271
Maldives,large_city,06_10,2040,0.3369343843524044
Maldives,large_city,06_10,2045,0.33539418226414547
Maldives,large_city,06_10,2050,0.3340994790338198
Maldives,large_city,06_10,2055,0.33294301444343416
Maldives,large_city,06_10,2060,0.3318673169386991
Maldives,large_city,06_10,2065,0.33087985113493124
Maldives,large_city,06_10,2070,0.33004562523196035
Maldives,large_city,06_10,2075,0.3293451113577003
Maldives,large_city,06_10,2080,0.32869944929118994
Maldives,large_city,06_10,2085,0.32791162365329807
Maldives,large_city,06_10,2090,0.3270083690562153
Maldives,large_city,06_10,2095,0.32619172962951815
Maldives,large_city,06_10,2100,0.3255666252913744
Maldives,large_city,11_20,2011,0.499426097052528
Maldives,large_city,11_20,2012,0.49974234360166264
Maldives,large_city,11_20,2013,0.4992272038704398
Maldives,large_city,11_20,2014,0.49896952541291223
Maldives,large_city,11_20,2015,0.4991821576229731
Maldives,large_city,11_20,2016,0.49872028318485523
Maldives,large_city,11_20,2017,0.4984033626780327
Maldives,large_city,11_20,2018,0.49795182726332504
Maldives,large_city,11_20,2019,0.49733468505067996
Maldives,large_city,11_20,2020,0.5020990287753627
Maldives,large_city,11_20,2025,0.4955037268009969
Maldives,large_city,11_20,2030,0.4922374766207038
Maldives,large_city,11_20,2035,0.4891941270234204
Maldives,large_city,11_20,2040,0.4865229698548654
Maldives,large_city,11_20,2045,0.48429896503684516
Maldives,large_city,11_20,2050,0.4824294530785765
Maldives,large_city,11_20,2055,0.48075955349819427
Maldives,large_city,11_20,2060,0.47920627912498037
Maldives,large_city,11_20,2065,0.47778040863567833
Maldives,large_city,11_20,2070,0.4765758118871947
Maldives,large_city,11_20,2075,0.47556429122810673
Maldives,large_city,11_20,2080,0.474631974905672
Maldives,large_city,11_20,2085,0.4734943787241138
Maldives,large_city,11_20,2090,0.47219010664766065
Maldives,large_city,11_20,2095,0.47101090423428593
Maldives,large_city,11_20,2100,0.47010827264431815
Maldives,large_city,21_30,2011,0.512059307619934
Maldives,large_city,21_30,2012,0.5123835537695501
Maldives,large_city,21_30,2013,0.5118553833442274
Maldives,large_city,21_30,2014,0.5115911867927679
Maldives,large_city,21_30,2015,0.5118091976314166
Maldives,large_city,21_30,2016,0.5113356398690454
Maldives,large_city,21_30,2017,0.5110107027136748
Maldives,large_city,21_30,2018,0.5105477455050195
Maldives,large_city,21_30,2019,0.5099149923990542
Maldives,large_city,21_30,2020,0.5147998523679713
Maldives,large_city,21_30,2025,0.508037719226613
Maldives,large_city,21_30,2030,0.5046888477605341
Maldives,large_city,21_30,2035,0.5015685152492227
Maldives,large_city,21_30,2040,0.49882978994362376
Maldives,large_city,21_30,2045,0.49654952791090295
Maldives,large_city,21_30,2050,0.49463272579625983
Maldives,large_city,21_30,2055,0.4929205853455068
Maldives,large_city,21_30,2060,0.49132802018964944
Maldives,large_city,21_30,2065,0.48986608165696816
Maldives,large_city,21_30,2070,0.4886310140851491
Maldives,large_city,21_30,2075,0.48759390655033524
Maldives,large_city,21_30,2080,0.48663800686194053
Maldives,large_city,21_30,2085,0.48547163466689985
Maldives,large_city,21_30,2090,0.4841343704342973
Maldives,large_city,21_30,2095,0.48292533955885847
Maldives,large_city,21_30,2100,0.48199987549175716
Maldives,large_city,31_50,2011,0.654115841271274
Maldives,large_city,31_50,2012,0.6545300404466018
Maldives,large_city,31_50,2013,0.653855343908616
Maldives,large_city,31_50,2014,0.6535178534129894
Maldives,large_city,31_50,2015,0.6537963452615054
Maldives,large_city,31_50,2016,0.653191412142403
Maldives,large_city,31_50,2017,0.6527763302611
Maldives,large_city,31_50,2018,0.6521849385228662
Maldives,large_city,31_50,2019,0.6513766457644565
Maldives,large_city,31_50,2020,0.6576166735122427
Maldives,large_city,31_50,2025,0.648978575653799
Maldives,large_city,31_50,2030,0.6447006534605176
Maldives,large_city,31_50,2035,0.6407146719632387
Maldives,large_city,31_50,2040,0.6372161639181267
Maldives,large_city,31_50,2045,0.6343033069586762
Maldives,large_city,31_50,2050,0.6318547417063461
Maldives,large_city,31_50,2055,0.6296676157725859
Maldives,large_city,31_50,2060,0.6276332379550146
Maldives,large_city,31_50,2065,0.6257657254638609
Maldives,large_city,31_50,2070,0.6241880229365456
Maldives,large_city,31_50,2075,0.6228631989219666
Maldives,large_city,31_50,2080,0.621642111599579
Maldives,large_city,31_50,2085,0.6201521620600606
Maldives,large_city,31_50,2090,0.6184439112666583
Maldives,large_city,31_50,2095,0.6168994685889411
Maldives,large_city,31_50,2100,0.6157172603997528
Maldives,large_city,51+,2011,0.7204363200833319
Maldives,large_city,51+,2012,0.7208925147064047
Maldives,large_city,51+,2013,0.7201494110230346
Maldives,large_city,51+,2014,0.7197777025344284
Maldives,large_city,51+,2015,0.7200844305325276
Maldives,large_city,51+,2016,0.7194181635462767
Maldives,large_city,51+,2017,0.7189609967201104
Maldives,large_city,51+,2018,0.7183096440685788
Maldives,large_city,51+,2019,0.7174193989106463
Maldives,large_city,51+,2020,0.7242920999586685
Maldives,large_city,51+,2025,0.7147781896678519
Maldives,large_city,51+,2030,0.7100665310776233
Maldives,large_city,51+,2035,0.7056764129049172
Maldives,large_city,51+,2040,0.7018231928744958
Maldives,large_city,51+,2045,0.6986150028011334
Maldives,large_city,51+,2050,0.6959181787394441
Maldives,large_city,51+,2055,0.6935093011984037
Maldives,large_city,51+,2060,0.6912686588288476
Maldives,large_city,51+,2065,0.6892118001779065
Maldives,large_city,51+,2070,0.6874741351784529
Maldives,large_city,51+,2075,0.6860149879179825
Maldives,large_city,51+,2080,0.6846700951611712
Maldives,large_city,51+,2085,0.6830290803811678
Maldives,large_city,51+,2090,0.6811476308920584
Maldives,large_city,51+,2095,0.6794465979417604
Maldives,large_city,51+,2100,0.678144526254067
Maldives,city,No_travel,2011,0.0
Maldives,city,No_travel,2012,0.0
Maldives,city,No_travel,2013,0.0
Maldives,city,No_travel,2014,0.0
Maldives,city,No_travel,2015,0.0
Maldives,city,No_travel,2016,0.0
Maldives,city,No_travel,2017,0.0
Maldives,city,No_travel,2018,0.0
Maldives,city,No_travel,2019,0.0
Maldives,city,No_travel,2020,0.0
Maldives,city,No_travel,2025,0.0
Maldives,city,No_travel,2030,0.0
Maldives,city,No_travel,2035,0.0
Maldives,city,No_travel,2040,0.0
Maldives,city,No_travel,2045,0.0
Maldives,city,No_travel,2050,0.0
Maldives,city,No_travel,2055,0.0
Maldives,city,No_travel,2060,0.0
Maldives,city,No_travel,2065,0.0
Maldives,city,No_travel,2070,0.0
Maldives,city,No_travel,2075,0.0
Maldives,city,No_travel,2080,0.0
Maldives,city,No_travel,2085,0.0
Maldives,city,No_travel,2090,0.0
Maldives,city,No_travel,2095,0.0
Maldives,city,No_travel,2100,0.0
Maldives,city,00_01,2011,0.02898061743012685
Maldives,city,00_01,2012,0.028998968534140353
Maldives,city,00_01,2013,0.028969076088467743
Maldives,city,00_01,2014,0.02895412356427715
Maldives,city,00_01,2015,0.028966462152047116
Maldives,city,00_01,2016,0.028939660576256736
Maldives,city,00_01,2017,0.028921270363934652
Maldives,city,00_01,2018,0.028895068739335887
Maldives,city,00_01,2019,0.028859257310036933
Maldives,city,00_01,2020,0.029135721883285164
Maldives,city,00_01,2025,0.02875301075848955
Maldives,city,00_01,2030,0.02856347731707589
Maldives,city,00_01,2035,0.028386878314930187
Maldives,city,00_01,2040,0.0282318768353229
Maldives,city,00_01,2045,0.02810282264056979
Maldives,city,00_01,2050,0.02799433890060629
Maldives,city,00_01,2055,0.02789743823568029
Maldives,city,00_01,2060,0.02780730507956411
Maldives,city,00_01,2065,0.027724564895582445
Maldives,city,00_01,2070,0.027654664748731073
Maldives,city,00_01,2075,0.027595968390217364
Maldives,city,00_01,2080,0.02754186808824315
Maldives,city,00_01,2085,0.02747585583953953
Maldives,city,00_01,2090,0.027400171748748994
Maldives,city,00_01,2095,0.02733174518030097
Maldives,city,00_01,2100,0.02727936741921963
Maldives,city,02_05,2011,0.11107001729613941
Maldives,city,02_05,2012,0.11114034904269716
Maldives,city,02_05,2013,0.11102578438699631
Maldives,city,02_05,2014,0.11096847790881398
Maldives,city,02_05,2015,0.11101576631322166
Maldives,city,02_05,2016,0.11091304760842599
Maldives,city,02_05,2017,0.11084256597684522
Maldives,city,02_05,2018,0.11074214662227527
Maldives,city,02_05,2019,0.11060489709399231
Maldives,city,02_05,2020,0.11166446475180655
Maldives,city,02_05,2025,0.11019770058251441
Maldives,city,02_05,2030,0.10947130188977545
Maldives,city,02_05,2035,0.1087944752393393
Maldives,city,02_05,2040,0.10820042243620573
Maldives,city,02_05,2045,0.10770581421476508
Maldives,city,02_05,2050,0.10729004353965275
Maldives,city,02_05,2055,0.10691866571944973
Maldives,city,02_05,2060,0.10657322479732594
Maldives,city,02_05,2065,0.10625611790034258
Maldives,city,02_05,2070,0.10598822124360284
Maldives,city,02_05,2075,0.10576326380192455
Maldives,city,02_05,2080,0.105555921032555
Maldives,city,02_05,2085,0.10530292498707923
Maldives,city,02_05,2090,0.1050128610057505
Maldives,city,02_05,2095,0.10475061192981684
Maldives,city,02_05,2100,0.1045498709054662
Maldives,city,06_10,2011,0.1930608768468381
Maldives,city,06_10,2012,0.19318312683825034
Maldives,city,06_10,2013,0.19298399161324814
Maldives,city,06_10,2014,0.19288438202286348
Maldives,city,06_10,2015,0.19296657829006397
Maldives,city,06_10,2016,0.19278803358736935
Maldives,city,06_10,2017,0.1926655230671963
Maldives,city,06_10,2018,0.1924909750737988
Maldives,city,06_10,2019,0.19225240921307263
Maldives,city,06_10,2020,0.19409413991660499
Maldives,city,06_10,2025,0.19154462400272831
Maldives,city,06_10,2030,0.19028200451301788
Maldives,city,06_10,2035,0.18910555068877727
Maldives,city,06_10,2040,0.18807297360039435
Maldives,city,06_10,2045,0.18721325016420914
Maldives,city,06_10,2050,0.18649056142193254
Maldives,city,06_10,2055,0.18584503592949747
Maldives,city,06_10,2060,0.1852445937134295
Maldives,city,06_10,2065,0.18469340143781693
Maldives,city,06_10,2070,0.184227745946681
Maldives,city,06_10,2075,0.18383672700204687
Maldives,city,06_10,2080,0.18347632571791267
Maldives,city,06_10,2085,0.1830365703314693
Maldives,city,06_10,2090,0.18253238380174452
Maldives,city,06_10,2095,0.18207654488333477
Maldives,city,06_10,2100,0.18172761869133702
Maldives,city,11_20,2011,0.3351409639771932
Maldives,city,11_20,2012,0.33535318190884905
Maldives,city,11_20,2013,0.3350074962766326
Maldives,city,11_20,2014,0.33483458058968396
Maldives,city,11_20,2015,0.33497726789471854
Maldives,city,11_20,2016,0.3346673260527908
Maldives,city,11_20,2017,0.334454655860369
Maldives,city,11_20,2018,0.33415165204249075
Maldives,city,11_20,2019,0.3337375174242208
Maldives,city,11_20,2020,0.33693464059826456
Maldives,city,11_20,2025,0.3325088489256737
Maldives,city,11_20,2030,0.3303170246688428
Maldives,city,11_20,2035,0.32827477833095087
Maldives,city,11_20,2040,0.32648229252837185
Maldives,city,11_20,2045,0.324989869278966
Maldives,city,11_20,2050,0.32373532923078113
Maldives,city,11_20,2055,0.32261473950105474
Maldives,city,11_20,2060,0.32157241136916054
Maldives,city,11_20,2065,0.3206155778894694
Maldives,city,11_20,2070,0.3198072306327418
Maldives,city,11_20,2075,0.319128447503926
Maldives,city,11_20,2080,0.31850281461674507
Maldives,city,11_20,2085,0.3177394282355483
Maldives,city,11_20,2090,0.3168641936341312
Maldives,city,11_20,2095,0.31607288730097205
Maldives,city,11_20,2100,0.3154671744177979
Maldives,city,21_30,2011,0.29424500628579375
Maldives,city,21_30,2012,0.2944313280827266
Maldives,city,21_30,2013,0.29412782513334873
Maldives,city,21_30,2014,0.29397600967996657
Maldives,city,21_30,2015,0.2941012854041531
Maldives,city,21_30,2016,0.29382916456835917
Maldives,city,21_30,2017,0.29364244569829523
Maldives,city,21_30,2018,0.2933764162662671
Maldives,city,21_30,2019,0.2930128168962889
Maldives,city,21_30,2020,0.29581980747505615
Maldives,city,21_30,2025,0.29193407807013105
Maldives,city,21_30,2030,0.29000971366365863
Maldives,city,21_30,2035,0.28821667476027046
Maldives,city,21_30,2040,0.2866429190785181
Maldives,city,21_30,2045,0.2853326104752631
Maldives,city,21_30,2050,0.28423115710476715
Maldives,city,21_30,2055,0.2832473086126157
Maldives,city,21_30,2060,0.28233217175771924
Maldives,city,21_30,2065,0.281492096972754
Maldives,city,21_30,2070,0.2807823892103418
Maldives,city,21_30,2075,0.28018643536562265
Maldives,city,21_30,2080,0.2796371460437907
Maldives,city,21_30,2085,0.27896691275488417
Maldives,city,21_30,2090,0.27819847965217026
Maldives,city,21_30,2095,0.27750373337522677
Maldives,city,21_30,2100,0.27697193329623354
Maldives,city,31_50,2011,0.549248998564658
Maldives,city,31_50,2012,0.5495967939670946
Maldives,city,31_50,2013,0.5490302637373673
Maldives,city,31_50,2014,0.5487468791974244
Maldives,city,31_50,2015,0.5489807236623567
Maldives,city,31_50,2016,0.5484727724878066
Maldives,city,31_50,2017,0.5481242358934552
Maldives,city,31_50,2018,0.5476276551664802
Maldives,city,31_50,2019,0.5469489466563167
Maldives,city,31_50,2020,0.5521885827807472
Maldives,city,31_50,2025,0.5449353314468048
Maldives,city,31_50,2030,0.5413432391409057
Maldives,city,31_50,2035,0.5379962840489408
Maldives,city,31_50,2040,0.5350586514172136
Maldives,city,31_50,2045,0.5326127791924548
Maldives,city,31_50,2050,0.5305567641444952
Maldives,city,31_50,2055,0.5287202748668193
Maldives,city,31_50,2060,0.5270120453629571
Maldives,city,31_50,2065,0.5254439295937691
Maldives,city,31_50,2070,0.5241191619020453
Maldives,city,31_50,2075,0.5230067316299583
Maldives,city,31_50,2080,0.521981407143583
Maldives,city,31_50,2085,0.5207303240160106
Maldives,city,31_50,2090,0.5192959373548497
Maldives,city,31_50,2095,0.5179990973449394
Maldives,city,31_50,2100,0.5170064189490996
Maldives,city,51+,2011,0.742960658692243
Maldives,city,51+,2012,0.7434311161750236
Maldives,city,51+,2013,0.7426647794611702
Maldives,city,51+,2014,0.7422814495597787
Maldives,city,51+,2015,0.742597767364912
Maldives,city,51+,2016,0.7419106696365347
Maldives,city,51+,2017,0.7414392095548699
Maldives,city,51+,2018,0.7407674924557556
Maldives,city,51+,2019,0.7398494139101618
Maldives,city,51+,2020,0.7469369889744545
Maldives,city,51+,2025,0.7371256276377768
Maldives,city,51+,2030,0.7322666597149431
Maldives,city,51+,2035,0.7277392851248431
Maldives,city,51+,2040,0.7237655947207323
Maldives,city,51+,2045,0.7204571010431238
Maldives,city,51+,2050,0.7176759611624774
Maldives,city,51+,2055,0.7151917704093054
Maldives,city,51+,2060,0.712881074676216
Maldives,city,51+,2065,0.7107599086334445
Maldives,city,51+,2070,0.7089679157860668
Maldives,city,51+,2075,0.7074631484949859
Maldives,city,51+,2080,0.706076207858296
Maldives,city,51+,2085,0.7043838869856697
Maldives,city,51+,2090,0.7024436142471114
Maldives,city,51+,2095,0.7006893987446721
Maldives,city,51+,2100,0.6993466179717075
Maldives,town,No_travel,2011,0.0
Maldives,town,No_travel,2012,0.0
Maldives,town,No_travel,2013,0.0
Maldives,town,No_travel,2014,0.0
Maldives,town,No_travel,2015,0.0
Maldives,town,No_travel,2016,0.0
Maldives,town,No_travel,2017,0.0
Maldives,town,No_travel,2018,0.0
Maldives,town,No_travel,2019,0.0
Maldives,town,No_travel,2020,0.0
Maldives,town,No_travel,2025,0.0
Maldives,town,No_travel,2030,0.0
Maldives,town,No_travel,2035,0.0
Maldives,town,No_travel,2040,0.0
Maldives,town,No_travel,2045,0.0
Maldives,town,No_travel,2050,0.0
Maldives,town,No_travel,2055,0.0
Maldives,town,No_travel,2060,0.0
Maldives,town,No_travel,2065,0.0
Maldives,town,No_travel,2070,0.0
Maldives,town,No_travel,2075,0.0
Maldives,town,No_travel,2080,0.0
Maldives,town,No_travel,2085,0.0
Maldives,town,No_travel,2090,0.0
Maldives,town,No_travel,2095,0.0
Maldives,town,No_travel,2100,0.0
Maldives,town,00_01,2011,0.02145716041148525
Maldives,town,00_01,2012,0.021470747512708853
Maldives,town,00_01,2013,0.021448615237458495
Maldives,town,00_01,2014,0.021437544434329898
Maldives,town,00_01,2015,0.0214466798869361
Maldives,town,00_01,2016,0.02142683608228282
Maldives,town,00_01,2017,0.02141322002538729
Maldives,town,00_01,2018,0.02139382042275934
Maldives,town,00_01,2019,0.021367305750154972
Maldives,town,00_01,2020,0.021571999273699894
Maldives,town,00_01,2025,0.021288641128698375
Maldives,town,00_01,2030,0.02114831114899525
Maldives,town,00_01,2035,0.02101755778852304
Maldives,town,00_01,2040,0.02090279516761029
Maldives,town,00_01,2045,0.020807243836957347
Maldives,town,00_01,2050,0.020726922808047353
Maldives,town,00_01,2055,0.020655177852429697
Maldives,town,00_01,2060,0.02058844353961385
Maldives,town,00_01,2065,0.020527182960730368
Maldives,town,00_01,2070,0.020475429106024116
Maldives,town,00_01,2075,0.02043197050189895
Maldives,town,00_01,2080,0.02039191480396328
Maldives,town,00_01,2085,0.02034303953714153
Maldives,town,00_01,2090,0.020287003268052183
Maldives,town,00_01,2095,0.02023634044628392
Maldives,town,00_01,2100,0.020197560112351198
Maldives,town,02_05,2011,0.07259776121809702
Maldives,town,02_05,2012,0.07264373156605365
Maldives,town,02_05,2013,0.07256884963372776
Maldives,town,02_05,2014,0.0725313928823865
Maldives,town,02_05,2015,0.07256230160442641
Maldives,town,02_05,2016,0.07249516244135681
Maldives,town,02_05,2017,0.07244909412531324
Maldives,town,02_05,2018,0.07238345786719233
Maldives,town,02_05,2019,0.07229374861239841
Maldives,town,02_05,2020,0.07298630490876888
Maldives,town,02_05,2025,0.07202759618144762
Maldives,town,02_05,2030,0.07155280631350336
Maldives,town,02_05,2035,0.07111041780262918
Maldives,town,02_05,2040,0.0707221320653735
Maldives,town,02_05,2045,0.07039884545364175
Maldives,town,02_05,2050,0.07012708876423013
Maldives,town,02_05,2055,0.06988434820319364
Maldives,town,02_05,2060,0.06965856055869875
Maldives,town,02_05,2065,0.06945129264474471
Maldives,town,02_05,2070,0.06927618960622385
Maldives,town,02_05,2075,0.06912915256569067
Maldives,town,02_05,2080,0.06899362885526523
Maldives,town,02_05,2085,0.06882826517795886
Maldives,town,02_05,2090,0.06863867309751173
Maldives,town,02_05,2095,0.0684672614397325
Maldives,town,02_05,2100,0.06833605277237786
Maldives,town,06_10,2011,0.1876250866698114
Maldives,town,06_10,2012,0.18774389461064708
Maldives,town,06_10,2013,0.1875503662041658
Maldives,town,06_10,2014,0.18745356120496395
Maldives,town,06_10,2015,0.1875334431676345
Maldives,town,06_10,2016,0.1873599255401139
Maldives,town,06_10,2017,0.1872408644059222
Maldives,town,06_10,2018,0.18707123095701153
Maldives,town,06_10,2019,0.18683938211727627
Maldives,town,06_10,2020,0.18862925735516226
Maldives,town,06_10,2025,0.18615152519046962
Maldives,town,06_10,2030,0.18492445580667183
Maldives,town,06_10,2035,0.18378112602209157
Maldives,town,06_10,2040,0.18277762200374606
Maldives,town,06_10,2045,0.18194210479870254
Maldives,town,06_10,2050,0.18123976396134836
Maldives,town,06_10,2055,0.18061241377811163
Maldives,town,06_10,2060,0.18002887751395522
Maldives,town,06_10,2065,0.1794932045170612
Maldives,town,06_10,2070,0.17904065994506088
Maldives,town,06_10,2075,0.17866065046528048
Maldives,town,06_10,2080,0.17831039658020548
Maldives,town,06_10,2085,0.17788302287382576
Maldives,town,06_10,2090,0.17739303213679825
Maldives,town,06_10,2095,0.176950027743723
Maldives,town,06_10,2100,0.17661092585998464
Maldives,town,11_20,2011,0.44707804287844377
Maldives,town,11_20,2012,0.44736114159733054
Maldives,town,11_20,2013,0.44689999696711746
Maldives,town,11_20,2014,0.4466693274423104
Maldives,town,11_20,2015,0.4468596723059208
Maldives,town,11_20,2016,0.44644620989162564
Maldives,town,11_20,2017,0.4461625078568813
Maldives,town,11_20,2018,0.44575830076660466
Maldives,town,11_20,2019,0.44520584518962264
Maldives,town,11_20,2020,0.44947080747453766
Maldives,town,11_20,2025,0.4435668014238053
Maldives,town,11_20,2030,0.4406429078852519
Maldives,town,11_20,2035,0.4379185512891943
Maldives,town,11_20,2040,0.43552737524495827
Maldives,town,11_20,2045,0.4335364826439092
Maldives,town,11_20,2050,0.43186292623111183
Maldives,town,11_20,2055,0.4303680595419122
Maldives,town,11_20,2060,0.4289775938235045
Maldives,town,11_20,2065,0.42770117797035323
Maldives,town,11_20,2070,0.4266228427372764
Maldives,town,11_20,2075,0.4257173460496481
Maldives,town,11_20,2080,0.42488275178387447
Maldives,town,11_20,2085,0.4238643943583443
Maldives,town,11_20,2090,0.42269683140806386
Maldives,town,11_20,2095,0.4216412287668714
Maldives,town,11_20,2100,0.4208332077862605
Maldives,town,21_30,2011,0.404286557269486
Maldives,town,21_30,2012,0.4045425595676289
Maldives,town,21_30,2013,0.40412555278789125
Maldives,town,21_30,2014,0.4039169614926203
Maldives,town,21_30,2015,0.4040890877484916
Maldives,town,21_30,2016,0.4037151993442223
Maldives,town,21_30,2017,0.4034586514758038
Maldives,town,21_30,2018,0.40309313253441337
Maldives,town,21_30,2019,0.4025935545148256
Maldives,town,21_30,2020,0.4064503015560157
Maldives,town,21_30,2025,0.401111389662734
Maldives,town,21_30,2030,0.39846735274042505
Maldives,town,21_30,2035,0.39600375434515783
Maldives,town,21_30,2040,0.39384144656433867
Maldives,town,21_30,2045,0.39204110962453004
Maldives,town,21_30,2050,0.39052773545797526
Maldives,town,21_30,2055,0.3891759479636436
Maldives,town,21_30,2060,0.3879185688387887
Maldives,town,21_30,2065,0.3867643234466593
Maldives,town,21_30,2070,0.3857891996491312
Maldives,town,21_30,2075,0.38497037138348167
Maldives,town,21_30,2080,0.3842156592078309
Maldives,town,21_30,2085,0.38329477252105315
Maldives,town,21_30,2090,0.3822389613196683
Maldives,town,21_30,2095,0.3812843942939548
Maldives,town,21_30,2100,0.38055371197650195
Maldives,town,31_50,2011,0.674170657910804
Maldives,town,31_50,2012,0.6745975561953558
Maldives,town,31_50,2013,0.6739021738483697
Maldives,town,31_50,2014,0.6735543360876559
Maldives,town,31_50,2015,0.6738413663365671
Maldives,town,31_50,2016,0.6732178863148867
Maldives,town,31_50,2017,0.6727900782611006
Maldives,town,31_50,2018,0.6721805547912619
Maldives,town,31_50,2019,0.6713474802403345
Maldives,town,31_50,2020,0.6777788236609902
Maldives,town,31_50,2025,0.6688758866750782
Maldives,town,31_50,2030,0.6644668058402057
Maldives,town,31_50,2035,0.6603586164356834
Maldives,town,31_50,2040,0.6567528461398663
Maldives,town,31_50,2045,0.6537506826561992
Maldives,town,31_50,2050,0.6512270457971795
Maldives,town,31_50,2055,0.648972863836334
Maldives,town,31_50,2060,0.6468761131613379
Maldives,town,31_50,2065,0.6449513438079909
Maldives,town,31_50,2070,0.6433252698258037
Maldives,town,31_50,2075,0.6419598274665591
Maldives,town,31_50,2080,0.6407013023070085
Maldives,town,31_50,2085,0.6391656717689086
Maldives,town,31_50,2090,0.6374050469856494
Maldives,town,31_50,2095,0.6358132525809784
Maldives,town,31_50,2100,0.6345947985665586
Maldives,town,51+,2011,0.786647883633353
Maldives,town,51+,2012,0.7871460047368583
Maldives,town,51+,2013,0.7863346062502083
Maldives,town,51+,2014,0.7859287359633566
Maldives,town,51+,2015,0.7862636537400283
Maldives,town,51+,2016,0.7855361536125939
Maldives,town,51+,2017,0.7850369709558539
Maldives,town,51+,2018,0.7843257558622464
Maldives,town,51+,2019,0.7833536928916824
Maldives,town,51+,2020,0.7908580282278659
Maldives,town,51+,2025,0.7804697438136615
Maldives,town,51+,2030,0.7753250611330638
Maldives,town,51+,2035,0.770531469981163
Maldives,town,51+,2040,0.7663241204936273
Maldives,town,51+,2045,0.7628210823191885
Maldives,town,51+,2050,0.7598764071528753
Maldives,town,51+,2055,0.7572461421776557
Maldives,town,51+,2060,0.7547995739954926
Maldives,town,51+,2065,0.7525536801397962
Maldives,town,51+,2070,0.7506563153676733
Maldives,town,51+,2075,0.749063065454585
Maldives,town,51+,2080,0.7475945705836753
Maldives,town,51+,2085,0.7458027386511161
Maldives,town,51+,2090,0.7437483749030478
Maldives,town,51+,2095,0.7418910088416203
Maldives,town,51+,2100,0.7404692705020756
Maldives,rural,No_travel,2011,0.0
Maldives,rural,No_travel,2012,0.0
Maldives,rural,No_travel,2013,0.0
Maldives,rural,No_travel,2014,0.0
Maldives,rural,No_travel,2015,0.0
Maldives,rural,No_travel,2016,0.0
Maldives,rural,No_travel,2017,0.0
Maldives,rural,No_travel,2018,0.0
Maldives,rural,No_travel,2019,0.0
Maldives,rural,No_travel,2020,0.0
Maldives,rural,No_travel,2025,0.0
Maldives,rural,No_travel,2030,0.0
Maldives,rural,No_travel,2035,0.0
Maldives,rural,No_travel,2040,0.0
Maldives,rural,No_travel,2045,0.0
Maldives,rural,No_travel,2050,0.0
Maldives,rural,No_travel,2055,0.0
Maldives,rural,No_travel,2060,0.0
Maldives,rural,No_travel,2065,0.0
Maldives,rural,No_travel,2070,0.0
Maldives,rural,No_travel,2075,0.0
Maldives,rural,No_travel,2080,0.0
Maldives,rural,No_travel,2085,0.0
Maldives,rural,No_travel,2090,0.0
Maldives,rural,No_travel,2095,0.0
Maldives,rural,No_travel,2100,0.0
Maldives,rural,00_01,2011,0.02747552116779272
Maldives,rural,00_01,2012,0.027492919214883713
Maldives,rural,00_01,2013,0.027464579220892377
Maldives,rural,00_01,2014,0.027450403249800626
Maldives,rural,00_01,2015,0.027462101038168034
Maldives,rural,00_01,2016,0.027436691391022516
Maldives,rural,00_01,2017,0.027419256266696612
Maldives,rural,00_01,2018,0.02739441541252815
Maldives,rural,00_01,2019,0.027360463834853015
Maldives,rural,00_01,2020,0.027622570335956404
Maldives,rural,00_01,2025,0.027259735153585842
Maldives,rural,00_01,2030,0.02708004505229241
Maldives,rural,00_01,2035,0.02691261764556569
Maldives,rural,00_01,2040,0.026765666103064665
Maldives,rural,00_01,2045,0.02664331428401593
Maldives,rural,00_01,2050,0.02654046460177866
Maldives,rural,00_01,2055,0.026448596432414546
Maldives,rural,00_01,2060,0.026363144304116695
Maldives,rural,00_01,2065,0.02628470119703327
Maldives,rural,00_01,2070,0.026218431285114478
Maldives,rural,00_01,2075,0.02616278329746535
Maldives,rural,00_01,2080,0.026111492672078906
Maldives,rural,00_01,2085,0.02604890874194136
Maldives,rural,00_01,2090,0.025977155272796194
Maldives,rural,00_01,2095,0.02591228240960182
Maldives,rural,00_01,2100,0.025862624865666407
Maldives,rural,02_05,2011,0.08859584964879585
Maldives,rural,02_05,2012,0.08865195030489781
Maldives,rural,02_05,2013,0.08856056693017052
Maldives,rural,02_05,2014,0.08851485597910973
Maldives,rural,02_05,2015,0.08855257593692575
Maldives,rural,02_05,2016,0.08847064157563064
Maldives,rural,02_05,2017,0.08841442136259256
Maldives,rural,02_05,2018,0.08833432109560883
Maldives,rural,02_05,2019,0.08822484295859094
Maldives,rural,02_05,2020,0.08907001521290103
Maldives,rural,02_05,2025,0.08790003954371237
Maldives,rural,02_05,2030,0.08732062206513762
Maldives,rural,02_05,2035,0.08678074610562947
Maldives,rural,02_05,2040,0.08630689533913916
Maldives,rural,02_05,2045,0.08591236730458435
Maldives,rural,02_05,2050,0.08558072464243893
Maldives,rural,02_05,2055,0.0852844922808838
Maldives,rural,02_05,2060,0.08500894868465457
Maldives,rural,02_05,2065,0.08475600594050402
Maldives,rural,02_05,2070,0.08454231612123761
Maldives,rural,02_05,2075,0.08436287709560779
Maldives,rural,02_05,2080,0.08419748854820303
Maldives,rural,02_05,2085,0.08399568431559047
Maldives,rural,02_05,2090,0.08376431256015252
Maldives,rural,02_05,2095,0.08355512757695398
Maldives,rural,02_05,2100,0.08339500496200655
Maldives,rural,06_10,2011,0.19302164217733958
Maldives,rural,06_10,2012,0.19314386732457786
Maldives,rural,06_10,2013,0.19294477256870057
Maldives,rural,06_10,2014,0.19284518322140928
Maldives,rural,06_10,2015,0.1929273627843275
Maldives,rural,06_10,2016,0.1927488543662625
Maldives,rural,06_10,2017,0.19262636874320918
Maldives,rural,06_10,2018,0.19245185622221264
Maldives,rural,06_10,2019,0.1922133388438763
Maldives,rural,06_10,2020,0.1940546952628999
Maldives,rural,06_10,2025,0.19150569747271506
Maldives,rural,06_10,2030,0.19024333457801854
Maldives,rural,06_10,2035,0.18906711983783125
Maldives,rural,06_10,2040,0.18803475259424682
Maldives,rural,06_10,2045,0.18717520387479047
Maldives,rural,06_10,2050,0.18645266200045738
Maldives,rural,06_10,2055,0.1858072676945152
Maldives,rural,06_10,2060,0.185206947502921
Maldives,rural,06_10,2065,0.1846558672429955
Maldives,rural,06_10,2070,0.18419030638438993
Maldives,rural,06_10,2075,0.18379936690432322
Maldives,rural,06_10,2080,0.1834390388625025
Maldives,rural,06_10,2085,0.18299937284505782
Maldives,rural,06_10,2090,0.1824952887783084
Maldives,rural,06_10,2095,0.1820395424974625
Maldives,rural,06_10,2100,0.18169068721576023
Maldives,rural,11_20,2011,0.40317189715969404
Maldives,rural,11_20,2012,0.40342719363286056
Maldives,rural,11_20,2013,0.40301133658420973
Maldives,rural,11_20,2014,0.4028033203968465
Maldives,rural,11_20,2015,0.4029749720827184
Maldives,rural,11_20,2016,0.4026021145276877
Maldives,rural,11_20,2017,0.40234627398843964
Maldives,rural,11_20,2018,0.4019817628208077
Maldives,rural,11_20,2019,0.40148356218980774
Maldives,rural,11_20,2020,0.40532967577805934
Maldives,rural,11_20,2025,0.40000548382045237
Maldives,rural,11_20,2030,0.39736873678308543
Maldives,rural,11_20,2035,0.39491193078496417
Maldives,rural,11_20,2040,0.3927555847117137
Maldives,rural,11_20,2045,0.3909602114881971
Maldives,rural,11_20,2050,0.3894510098517063
Maldives,rural,11_20,2055,0.38810294937616796
Maldives,rural,11_20,2060,0.3868490369764074
Maldives,rural,11_20,2065,0.3856979739589386
Maldives,rural,11_20,2070,0.384725538679195
Maldives,rural,11_20,2075,0.38390896800828384
Maldives,rural,11_20,2080,0.38315633665263915
Maldives,rural,11_20,2085,0.38223798894628735
Maldives,rural,11_20,2090,0.38118508872625595
Maldives,rural,11_20,2095,0.38023315354116777
Maldives,rural,11_20,2100,0.37950448579090135
Maldives,rural,21_30,2011,0.4275976654157429
Maldives,rural,21_30,2012,0.42786842877173054
Maldives,rural,21_30,2013,0.42742737743754167
Maldives,rural,21_30,2014,0.42720675879643144
Maldives,rural,21_30,2015,0.4273888098289081
Maldives,rural,21_30,2016,0.4269933630698781
Maldives,rural,21_30,2017,0.4267220226861067
Maldives,rural,21_30,2018,0.42633542797205193
Maldives,rural,21_30,2019,0.4258070443515044
Maldives,rural,21_30,2020,0.4298861709048335
Maldives,rural,21_30,2025,0.4242394180747465
Maldives,rural,21_30,2030,0.4214429263415358
Maldives,rural,21_30,2035,0.41883727719640224
Maldives,rural,21_30,2040,0.41655029104174696
Maldives,rural,21_30,2045,0.414646146917779
Maldives,rural,21_30,2050,0.4130455118017122
Maldives,rural,21_30,2055,0.4116157804235077
Maldives,rural,21_30,2060,0.41028590098858003
Maldives,rural,21_30,2065,0.4090651019634409
Maldives,rural,21_30,2070,0.40803375265979247
Maldives,rural,21_30,2075,0.40716771086722603
Maldives,rural,21_30,2080,0.40636948208972556
Maldives,rural,21_30,2085,0.40539549720128876
Maldives,rural,21_30,2090,0.40427880806900324
Maldives,rural,21_30,2095,0.40326920083784845
Maldives,rural,21_30,2100,0.40249638747691563
Maldives,rural,31_50,2011,0.713065368968106
Maldives,rural,31_50,2012,0.7135168961581636
Maldives,rural,31_50,2013,0.7127813953409609
Maldives,rural,31_50,2014,0.7124134898881292
Maldives,rural,31_50,2015,0.7127170796809261
Maldives,rural,31_50,2016,0.7120576294267701
Maldives,rural,31_50,2017,0.7116051399804543
Maldives,rural,31_50,2018,0.7109604514689991
Maldives,rural,31_50,2019,0.7100793146157937
Maldives,rural,31_50,2020,0.7168816994650868
Maldives,rural,31_50,2025,0.7074651281974613
Maldives,rural,31_50,2030,0.7028016756792643
Maldives,rural,31_50,2035,0.6984564738239886
Maldives,rural,31_50,2040,0.6946426769815557
Maldives,rural,31_50,2045,0.6914673106450593
Maldives,rural,31_50,2050,0.6887980784159454
Maldives,rural,31_50,2055,0.686413846659831
Maldives,rural,31_50,2060,0.6841961288221347
Maldives,rural,31_50,2065,0.6821603143691947
Maldives,rural,31_50,2070,0.6804404278234484
Maldives,rural,31_50,2075,0.678996209437088
Maldives,rural,31_50,2080,0.6776650765900554
Maldives,rural,31_50,2085,0.6760408514129435
Maldives,rural,31_50,2090,0.6741786514700097
Maldives,rural,31_50,2095,0.6724950221824262
Maldives,rural,31_50,2100,0.6712062722922199
Maldives,rural,51+,2011,0.8434383382567929
Maldives,rural,51+,2012,0.8439724202069668
Maldives,rural,51+,2013,0.8431024444459145
Maldives,rural,51+,2014,0.8426672731737198
Maldives,rural,51+,2015,0.8430263696626138
Maldives,rural,51+,2016,0.8422463491333132
Maldives,rural,51+,2017,0.8417111289932135
Maldives,rural,51+,2018,0.8409485691628549
Maldives,rural,51+,2019,0.8399063300700772
Maldives,rural,51+,2020,0.8479524257341728
Maldives,rural,51+,2025,0.8368141801150702
Maldives,rural,51+,2030,0.8312980874626119
Maldives,rural,51+,2035,0.826158432682423
Maldives,rural,51+,2040,0.8216473420991213
Maldives,rural,51+,2045,0.817891409161182
Maldives,rural,51+,2050,0.8147341491206289
Maldives,rural,51+,2055,0.8119139974796842
Maldives,rural,51+,2060,0.8092908042506315
Maldives,rural,51+,2065,0.8068827726256045
Maldives,rural,51+,2070,0.8048484314371749
Maldives,rural,51+,2075,0.8031401600655973
Maldives,rural,51+,2080,0.8015656501744144
Maldives,rural,51+,2085,0.7996444605556834
Maldives,rural,51+,2090,0.7974417861674391
Maldives,rural,51+,2095,0.7954503313158106
Maldives,rural,51+,2100,0.7939259534493083
Nepal,large_city,No_travel,2011,0.0
Nepal,large_city,No_travel,2012,0.0
Nepal,large_city,No_travel,2013,0.0
Nepal,large_city,No_travel,2014,0.0
Nepal,large_city,No_travel,2015,0.0
Nepal,large_city,No_travel,2016,0.0
Nepal,large_city,No_travel,2017,0.0
Nepal,large_city,No_travel,2018,0.0
Nepal,large_city,No_travel,2019,0.0
Nepal,large_city,No_travel,2020,0.0
Nepal,large_city,No_travel,2025,0.0
Nepal,large_city,No_travel,2030,0.0
Nepal,large_city,No_travel,2035,0.0
Nepal,large_city,No_travel,2040,0.0
Nepal,large_city,No_travel,2045,0.0
Nepal,large_city,No_travel,2050,0.0
Nepal,large_city,No_travel,2055,0.0
Nepal,large_city,No_travel,2060,0.0
Nepal,large_city,No_travel,2065,0.0
Nepal,large_city,No_travel,2070,0.0
Nepal,large_city,No_travel,2075,0.0
Nepal,large_city,No_travel,2080,0.0
Nepal,large_city,No_travel,2085,0.0
Nepal,large_city,No_travel,2090,0.0
Nepal,large_city,No_travel,2095,0.0
Nepal,large_city,No_travel,2100,0.0
Nepal,large_city,00_01,2011,0.057842438834749
Nepal,large_city,00_01,2012,0.05776966487048187
Nepal,large_city,00_01,2013,0.05771280990173151
Nepal,large_city,00_01,2014,0.05761302644750687
Nepal,large_city,00_01,2015,0.05755041465829641
Nepal,large_city,00_01,2016,0.05755927585148677
Nepal,large_city,00_01,2017,0.05741453190838942
Nepal,large_city,00_01,2018,0.05728809035793658
Nepal,large_city,00_01,2019,0.05717441217196687
Nepal,large_city,00_01,2020,0.057264073494148846
Nepal,large_city,00_01,2025,0.0569077082946915
Nepal,large_city,00_01,2030,0.05640970955135209
Nepal,large_city,00_01,2035,0.05580032825160044
Nepal,large_city,00_01,2040,0.055078781563689706
Nepal,large_city,00_01,2045,0.05427673209571923
Nepal,large_city,00_01,2050,0.053421929587917444
Nepal,large_city,00_01,2055,0.0525339262017329
Nepal,large_city,00_01,2060,0.051623038676657136
Nepal,large_city,00_01,2065,0.0507027027830895
Nepal,large_city,00_01,2070,0.049786708221367125
Nepal,large_city,00_01,2075,0.04889058174196989
Nepal,large_city,00_01,2080,0.04803917166337599
Nepal,large_city,00_01,2085,0.04723362874846707
Nepal,large_city,00_01,2090,0.04647859316432555
Nepal,large_city,00_01,2095,0.04576011734156641
Nepal,large_city,00_01,2100,0.04508546498007708
Nepal,large_city,02_05,2011,0.21148322952951493
Nepal,large_city,02_05,2012,0.2112171537329385
Nepal,large_city,02_05,2013,0.21100928088648963
Nepal,large_city,02_05,2014,0.21064445313063848
Nepal,large_city,02_05,2015,0.21041553222661716
Nepal,large_city,02_05,2016,0.21044793047591534
Nepal,large_city,02_05,2017,0.20991871841021184
Nepal,large_city,02_05,2018,0.20945642345904494
Nepal,large_city,02_05,2019,0.2090407938559327
Nepal,large_city,02_05,2020,0.20936861312429209
Nepal,large_city,02_05,2025,0.2080656725016036
Nepal,large_city,02_05,2030,0.20624489203894114
Nepal,large_city,02_05,2035,0.20401687524223322
Nepal,large_city,02_05,2040,0.20137875992604404
Nepal,large_city,02_05,2045,0.19844631075644012
Nepal,large_city,02_05,2050,0.19532098619195706
Nepal,large_city,02_05,2055,0.19207427274545155
Nepal,large_city,02_05,2060,0.1887438904271762
Nepal,large_city,02_05,2065,0.1853789630322634
Nepal,large_city,02_05,2070,0.1820299083926768
Nepal,large_city,02_05,2075,0.1787534953342428
Nepal,large_city,02_05,2080,0.17564057415210818
Nepal,large_city,02_05,2085,0.17269535225964514
Nepal,large_city,02_05,2090,0.16993479501204814
Nepal,large_city,02_05,2095,0.16730790737734666
Nepal,large_city,02_05,2100,0.16484124685798135
Nepal,large_city,06_10,2011,0.3458702568351818
Nepal,large_city,06_10,2012,0.34543510316222037
Nepal,large_city,06_10,2013,0.3450951375065498
Nepal,large_city,06_10,2014,0.34449847993754273
Nepal,large_city,06_10,2015,0.3441240912352095
Nepal,large_city,06_10,2016,0.3441770769534185
Nepal,large_city,06_10,2017,0.34331157705778914
Nepal,large_city,06_10,2018,0.3425555167600085
Nepal,large_city,06_10,2019,0.341875775307712
Nepal,large_city,06_10,2020,0.342411907344258
Nepal,large_city,06_10,2025,0.34028101304681035
Nepal,large_city,06_10,2030,0.3373032175607922
Nepal,large_city,06_10,2035,0.33365940739473393
Nepal,large_city,06_10,2040,0.3293449015873416
Nepal,large_city,06_10,2045,0.32454902746671555
Nepal,large_city,06_10,2050,0.319437715273234
Nepal,large_city,06_10,2055,0.31412787762742495
Nepal,large_city,06_10,2060,0.30868120372167923
Nepal,large_city,06_10,2065,0.3031780330688601
Nepal,large_city,06_10,2070,0.29770082151442234
Nepal,large_city,06_10,2075,0.29234241163700675
Nepal,large_city,06_10,2080,0.28725138455572075
Nepal,large_city,06_10,2085,0.28243462128494506
Nepal,large_city,06_10,2090,0.27791986781556255
Nepal,large_city,06_10,2095,0.27362372432034243
Nepal,large_city,06_10,2100,0.26958962426779426
Nepal,large_city,11_20,2011,0.499426097052528
Nepal,large_city,11_20,2012,0.4987977484269659
Nepal,large_city,11_20,2013,0.49830684839382317
Nepal,large_city,11_20,2014,0.4974452930704696
Nepal,large_city,11_20,2015,0.4969046872083241
Nepal,large_city,11_20,2016,0.496981196968622
Nepal,large_city,11_20,2017,0.4957314415290281
Nepal,large_city,11_20,2018,0.4946397135293091
Nepal,large_city,11_20,2019,0.4936581876136909
Nepal,large_city,11_20,2020,0.4944323459150351
Nepal,large_city,11_20,2025,0.4913553995712131
Nepal,large_city,11_20,2030,0.4870555537532728
Nepal,large_city,11_20,2035,0.4817940030599965
Nepal,large_city,11_20,2040,0.47556398832610963
Nepal,large_city,11_20,2045,0.468638892436292
Nepal,large_city,11_20,2050,0.46125831359448677
Nepal,large_city,11_20,2055,0.4535910700572875
Nepal,large_city,11_20,2060,0.4457262391361346
Nepal,large_city,11_20,2065,0.43777982863613846
Nepal,large_city,11_20,2070,0.42987090228209407
Nepal,large_city,11_20,2075,0.42213352192457854
Nepal,large_city,11_20,2080,0.41478223416580773
Nepal,large_city,11_20,2085,0.4078269749805814
Nepal,large_city,11_20,2090,0.40130780873309874
Nepal,large_city,11_20,2095,0.3951043086176846
Nepal,large_city,11_20,2100,0.38927919123754623
Nepal,large_city,21_30,2011,0.512059307619934
Nepal,large_city,21_30,2012,0.5114150646297335
Nepal,large_city,21_30,2013,0.5109117470566928
Nepal,large_city,21_30,2014,0.5100283982990761
Nepal,large_city,21_30,2015,0.5094741175654517
Nepal,large_city,21_30,2016,0.5095525626749794
Nepal,large_city,21_30,2017,0.5082711941023927
Nepal,large_city,21_30,2018,0.5071518503457396
Nepal,large_city,21_30,2019,0.5061454962850915
Nepal,large_city,21_30,2020,0.5069392372732258
Nepal,large_city,21_30,2025,0.503784458170372
Nepal,large_city,21_30,2030,0.4993758457942842
Nepal,large_city,21_30,2035,0.49398120178007104
Nepal,large_city,21_30,2040,0.4875935959862942
Nepal,large_city,21_30,2045,0.48049332664220196
Nepal,large_city,21_30,2050,0.4729260526974213
Nepal,large_city,21_30,2055,0.4650648627432272
Nepal,large_city,21_30,2060,0.45700108734221967
Nepal,large_city,21_30,2065,0.44885366876977
Nepal,large_city,21_30,2070,0.4407446825218146
Nepal,large_city,21_30,2075,0.4328115816044935
Nepal,large_city,21_30,2080,0.42527433967403194
Nepal,large_city,21_30,2085,0.41814314404023717
Nepal,large_city,21_30,2090,0.4114590725136463
Nepal,large_city,21_30,2095,0.40509865203769135
Nepal,large_city,21_30,2100,0.3991261856606194
Nepal,large_city,31_50,2011,0.654115841271274
Nepal,large_city,31_50,2012,0.6532928710815965
Nepal,large_city,31_50,2013,0.6526499221246751
Nepal,large_city,31_50,2014,0.6515215129597093
Nepal,large_city,31_50,2015,0.6508134625386351
Nepal,large_city,31_50,2016,0.6509136700498527
Nepal,large_city,31_50,2017,0.6492768216040508
Nepal,large_city,31_50,2018,0.6478469472278615
Nepal,large_city,31_50,2019,0.6465614083787441
Nepal,large_city,31_50,2020,0.64757535060473
Nepal,large_city,31_50,2025,0.6435453662724856
Nepal,large_city,31_50,2030,0.6379137076924914
Nepal,large_city,31_50,2035,0.6310224705736553
Nepal,large_city,31_50,2040,0.6228628022006183
Nepal,large_city,31_50,2045,0.6137927617069676
Nepal,large_city,31_50,2050,0.6041261592473276
Nepal,large_city,31_50,2055,0.59408410200169
Nepal,large_city,31_50,2060,0.5837832576429196
Nepal,large_city,31_50,2065,0.5733755656541184
Nepal,large_city,31_50,2070,0.563016967963369
Nepal,large_city,31_50,2075,0.5528830500690868
Nepal,large_city,31_50,2080,0.543254811166205
Nepal,large_city,31_50,2085,0.5341452647487187
Nepal,large_city,31_50,2090,0.5256068845168363
Nepal,large_city,31_50,2095,0.5174819432677334
Nepal,large_city,31_50,2100,0.5098525831319687
Nepal,large_city,51+,2011,0.7204363200833319
Nepal,large_city,51+,2012,0.7195299093566979
Nepal,large_city,51+,2013,0.7188217721257976
Nepal,large_city,51+,2014,0.7175789541185523
Nepal,large_city,51+,2015,0.7167991148185275
Nepal,large_city,51+,2016,0.7169094823193145
Nepal,large_city,51+,2017,0.7151066746262066
Nepal,large_city,51+,2018,0.7135318260003712
Nepal,large_city,51+,2019,0.7121159470086893
Nepal,large_city,51+,2020,0.7132326923311183
Nepal,large_city,51+,2025,0.7087941098979623
Nepal,large_city,51+,2030,0.7025914602641431
Nepal,large_city,51+,2035,0.6950015240518246
Nepal,large_city,51+,2040,0.6860145509732546
Nepal,large_city,51+,2045,0.6760249035989411
Nepal,large_city,51+,2050,0.6653782091385276
Nepal,large_city,51+,2055,0.6543179927186764
Nepal,large_city,51+,2060,0.6429727508893993
Nepal,large_city,51+,2065,0.631509828202188
Nepal,large_city,51+,2070,0.6201009774594153
Nepal,large_city,51+,2075,0.6089395866855822
Nepal,large_city,51+,2080,0.5983351454438073
Nepal,large_city,51+,2085,0.5883019866597496
Nepal,large_city,51+,2090,0.578897904315903
Nepal,large_city,51+,2095,0.5699491793270376
Nepal,large_city,51+,2100,0.5615462821733493
Nepal,city,No_travel,2011,0.0
Nepal,city,No_travel,2012,0.0
Nepal,city,No_travel,2013,0.0
Nepal,city,No_travel,2014,0.0
Nepal,city,No_travel,2015,0.0
Nepal,city,No_travel,2016,0.0
Nepal,city,No_travel,2017,0.0
Nepal,city,No_travel,2018,0.0
Nepal,city,No_travel,2019,0.0
Nepal,city,No_travel,2020,0.0
Nepal,city,No_travel,2025,0.0
Nepal,city,No_travel,2030,0.0
Nepal,city,No_travel,2035,0.0
Nepal,city,No_travel,2040,0.0
Nepal,city,No_travel,2045,0.0
Nepal,city,No_travel,2050,0.0
Nepal,city,No_travel,2055,0.0
Nepal,city,No_travel,2060,0.0
Nepal,city,No_travel,2065,0.0
Nepal,city,No_travel,2070,0.0
Nepal,city,No_travel,2075,0.0
Nepal,city,No_travel,2080,0.0
Nepal,city,No_travel,2085,0.0
Nepal,city,No_travel,2090,0.0
Nepal,city,No_travel,2095,0.0
Nepal,city,No_travel,2100,0.0
Nepal,city,00_01,2011,0.02898061743012685
Nepal,city,00_01,2012,0.028944155716897145
Nepal,city,00_01,2013,0.028915669848535625
Nepal,city,00_01,2014,0.028865675654462953
Nepal,city,00_01,2015,0.028834305464231037
Nepal,city,00_01,2016,0.028838745160326116
Nepal,city,00_01,2017,0.02876622455219241
Nepal,city,00_01,2018,0.028702873934985305
Nepal,city,00_01,2019,0.0286459181066332
Nepal,city,00_01,2020,0.028690840840334988
Nepal,city,00_01,2025,0.02851229229157152
Nepal,city,00_01,2030,0.028262781528330096
Nepal,city,00_01,2035,0.027957465108881915
Nepal,city,00_01,2040,0.027595950813468877
Nepal,city,00_01,2045,0.02719410246026069
Nepal,city,00_01,2050,0.02676582341539382
Nepal,city,00_01,2055,0.026320909837576092
Nepal,city,00_01,2060,0.0258645306907439
Nepal,city,00_01,2065,0.025403417657199497
Nepal,city,00_01,2070,0.024944479747662302
Nepal,city,00_01,2075,0.02449549628168825
Nepal,city,00_01,2080,0.024068916935088138
Nepal,city,00_01,2085,0.023665318271013487
Nepal,city,00_01,2090,0.02328702513796197
Nepal,city,00_01,2095,0.02292704942857557
Nepal,city,00_01,2100,0.022589030451842726
Nepal,city,02_05,2011,0.11107001729613941
Nepal,city,02_05,2012,0.11093027551428006
Nepal,city,02_05,2013,0.11082110165353544
Nepal,city,02_05,2014,0.11062949579787187
Nepal,city,02_05,2015,0.1105092675943133
Nepal,city,02_05,2016,0.1105262830055018
Nepal,city,02_05,2017,0.11024834326804941
Nepal,city,02_05,2018,0.11000554809069064
Nepal,city,02_05,2019,0.10978726133902166
Nepal,city,02_05,2020,0.10995943050764884
Nepal,city,02_05,2025,0.10927513209864588
Nepal,city,02_05,2030,0.10831886659272232
Nepal,city,02_05,2035,0.10714872244135402
Nepal,city,02_05,2040,0.10576319643794367
Nepal,city,02_05,2045,0.10422308765148076
Nepal,city,02_05,2050,0.10258168159670546
Nepal,city,02_05,2055,0.10087652266064595
Nepal,city,02_05,2060,0.09912742121881284
Nepal,city,02_05,2065,0.09736017686196864
Nepal,city,02_05,2070,0.09560126880305476
Nepal,city,02_05,2075,0.0938805117677137
Nepal,city,02_05,2080,0.09224561991217317
Nepal,city,02_05,2085,0.09069880295054178
Nepal,city,02_05,2090,0.08924897100916418
Nepal,city,02_05,2095,0.08786934173231606
Nepal,city,02_05,2100,0.08657386299785987
Nepal,city,06_10,2011,0.1930608768468381
Nepal,city,06_10,2012,0.19281797897399472
Nepal,city,06_10,2013,0.19262821397892937
Nepal,city,06_10,2014,0.192295166452658
Nepal,city,06_10,2015,0.19208618690114818
Nepal,city,06_10,2016,0.19211576293151109
Nepal,city,06_10,2017,0.19163265065036264
Nepal,city,06_10,2018,0.19121062631853877
Nepal,city,06_10,2019,0.19083120230558576
Nepal,city,06_10,2020,0.19113046516220825
Nepal,city,06_10,2025,0.18994102399632848
Nepal,city,06_10,2030,0.18827885213783535
Nepal,city,06_10,2035,0.18624491839586038
Nepal,city,06_10,2040,0.1838366099105983
Nepal,city,06_10,2045,0.18115960706147405
Nepal,city,06_10,2050,0.1783065302374044
Nepal,city,06_10,2055,0.1753426387446972
Nepal,city,06_10,2060,0.17230236679485111
Nepal,city,06_10,2065,0.1692305589979253
Nepal,city,06_10,2070,0.16617324127696473
Nepal,city,06_10,2075,0.1631822373123434
Nepal,city,06_10,2080,0.1603404834091379
Nepal,city,06_10,2085,0.15765182047197548
Nepal,city,06_10,2090,0.15513173600006425
Nepal,city,06_10,2095,0.1527336771503775
Nepal,city,06_10,2100,0.15048188799522053
Nepal,city,11_20,2011,0.3351409639771932
Nepal,city,11_20,2012,0.33471930927126686
Nepal,city,11_20,2013,0.33438988974094025
Nepal,city,11_20,2014,0.3338117411754318
Nepal,city,11_20,2015,0.33344896644091065
Nepal,city,11_20,2016,0.333500308481247
Nepal,city,11_20,2017,0.3326616573870548
Nepal,city,11_20,2018,0.33192905094861264
Nepal,city,11_20,2019,0.3312703958573584
Nepal,city,11_20,2020,0.3317898964619817
Nepal,city,11_20,2025,0.32972510495456847
Nepal,city,11_20,2030,0.3268396841067543
Nepal,city,11_20,2035,0.32330890911969146
Nepal,city,11_20,2040,0.3191282442408849
Nepal,city,11_20,2045,0.314481143647133
Nepal,city,11_20,2050,0.3095283902320624
Nepal,city,11_20,2055,0.30438326985235065
Nepal,city,11_20,2060,0.29910555803074435
Nepal,city,11_20,2065,0.2937731020560877
Nepal,city,11_20,2070,0.28846579989874715
Nepal,city,11_20,2075,0.28327361405387486
Nepal,city,11_20,2080,0.27834051648350683
Nepal,city,11_20,2085,0.2736731747450498
Nepal,city,11_20,2090,0.2692984741168623
Nepal,city,11_20,2095,0.2651356019302015
Nepal,city,11_20,2100,0.26122664429746784
Nepal,city,21_30,2011,0.29424500628579375
Nepal,city,21_30,2012,0.29387480447541714
Nepal,city,21_30,2013,0.2935855827383268
Nepal,city,21_30,2014,0.29307798340975366
Nepal,city,21_30,2015,0.292759476675236
Nepal,city,21_30,2016,0.29280455364464675
Nepal,city,21_30,2017,0.29206823990503783
Nepal,city,21_30,2018,0.29142503060132796
Nepal,city,21_30,2019,0.29084674864747095
Nepal,city,21_30,2020,0.2913028565993573
Nepal,city,21_30,2025,0.2894900236264265
Nepal,city,21_30,2030,0.28695669954265374
Nepal,city,21_30,2035,0.28385677139321774
Nepal,city,21_30,2040,0.28018625690598553
Nepal,city,21_30,2045,0.27610622405296703
Nepal,city,21_30,2050,0.27175783601214076
Nepal,city,21_30,2055,0.2672405548045457
Nepal,city,21_30,2060,0.26260686177671033
Nepal,city,21_30,2065,0.25792510481342745
Nepal,city,21_30,2070,0.25326543224426473
Nepal,city,21_30,2075,0.24870682878847997
Nepal,city,21_30,2080,0.244375698065528
Nepal,city,21_30,2085,0.24027789401653177
Nepal,city,21_30,2090,0.23643702121314897
Nepal,city,21_30,2095,0.2327821282445463
Nepal,city,21_30,2100,0.22935016561734298
Nepal,city,31_50,2011,0.549248998564658
Nepal,city,31_50,2012,0.5485579656863678
Nepal,city,31_50,2013,0.5480180933144788
Nepal,city,31_50,2014,0.5470705889662825
Nepal,city,31_50,2015,0.5464760520965555
Nepal,city,31_50,2016,0.5465601944941435
Nepal,city,31_50,2017,0.5451857630663531
Nepal,city,31_50,2018,0.5439851239445901
Nepal,city,31_50,2019,0.5429056807008347
Nepal,city,31_50,2020,0.5437570692731444
Nepal,city,31_50,2025,0.540373165812842
Nepal,city,31_50,2030,0.5356443660496254
Nepal,city,31_50,2035,0.5298579214360288
Nepal,city,31_50,2040,0.5230063985103646
Nepal,city,31_50,2045,0.5153904529182252
Nepal,city,31_50,2050,0.507273585254294
Nepal,city,31_50,2055,0.4988414551365217
Nepal,city,31_50,2060,0.4901920262564181
Nepal,city,31_50,2065,0.48145287939351894
Nepal,city,31_50,2070,0.47275495610653534
Nepal,city,31_50,2075,0.4642456922976153
Nepal,city,31_50,2080,0.45616103780419814
Nepal,city,31_50,2085,0.448511919816995
Nepal,city,31_50,2090,0.441342399533537
Nepal,city,31_50,2095,0.43452003633286385
Nepal,city,31_50,2100,0.4281138034458666
Nepal,city,51+,2011,0.742960658692243
Nepal,city,51+,2012,0.742025909163752
Nepal,city,51+,2013,0.7412956321235087
Nepal,city,51+,2014,0.7400139575888453
Nepal,city,51+,2015,0.7392097367245314
Nepal,city,51+,2016,0.7393235548494608
Nepal,city,51+,2017,0.7374643826314193
Nepal,city,51+,2018,0.7358402965883172
Nepal,city,51+,2019,0.7343801503422661
Nepal,city,51+,2020,0.7355318105476363
Nepal,city,51+,2025,0.7309544564689081
Nepal,city,51+,2030,0.724557881880544
Nepal,city,51+,2035,0.7167306473970244
Nepal,city,51+,2040,0.7074626978892434
Nepal,city,51+,2045,0.6971607256171282
Nepal,city,51+,2050,0.6861811637756474
Nepal,city,51+,2055,0.6747751512697525
Nepal,city,51+,2060,0.6630752020757313
Nepal,city,51+,2065,0.6512538927485674
Nepal,city,51+,2070,0.639488345917459
Nepal,city,51+,2075,0.627977995855861
Nepal,city,51+,2080,0.6170420082738622
Nepal,city,51+,2085,0.6066951642139943
Nepal,city,51+,2090,0.596997064579356
Nepal,city,51+,2095,0.5877685589823392
Nepal,city,51+,2100,0.5791029464497764
Nepal,town,No_travel,2011,0.0
Nepal,town,No_travel,2012,0.0
Nepal,town,No_travel,2013,0.0
Nepal,town,No_travel,2014,0.0
Nepal,town,No_travel,2015,0.0
Nepal,town,No_travel,2016,0.0
Nepal,town,No_travel,2017,0.0
Nepal,town,No_travel,2018,0.0
Nepal,town,No_travel,2019,0.0
Nepal,town,No_travel,2020,0.0
Nepal,town,No_travel,2025,0.0
Nepal,town,No_travel,2030,0.0
Nepal,town,No_travel,2035,0.0
Nepal,town,No_travel,2040,0.0
Nepal,town,No_travel,2045,0.0
Nepal,town,No_travel,2050,0.0
Nepal,town,No_travel,2055,0.0
Nepal,town,No_travel,2060,0.0
Nepal,town,No_travel,2065,0.0
Nepal,town,No_travel,2070,0.0
Nepal,town,No_travel,2075,0.0
Nepal,town,No_travel,2080,0.0
Nepal,town,No_travel,2085,0.0
Nepal,town,No_travel,2090,0.0
Nepal,town,No_travel,2095,0.0
Nepal,town,No_travel,2100,0.0
Nepal,town,00_01,2011,0.02145716041148525
Nepal,town,00_01,2012,0.021430164270649615
Nepal,town,00_01,2013,0.021409073420933688
Nepal,town,00_01,2014,0.021372057872716104
Nepal,town,00_01,2015,0.021348831479918645
Nepal,town,00_01,2016,0.021352118617313835
Nepal,town,00_01,2017,0.02129842458109756
Nepal,town,00_01,2018,0.021251519978086362
Nepal,town,00_01,2019,0.02120935005716364
Nepal,town,00_01,2020,0.021242610711650577
Nepal,town,00_01,2025,0.02111041391283176
Nepal,town,00_01,2030,0.020925676907687842
Nepal,town,00_01,2035,0.02069962156555598
Nepal,town,00_01,2040,0.020431957488128188
Nepal,town,00_01,2045,0.02013443019780498
Nepal,town,00_01,2050,0.019817333704304014
Nepal,town,00_01,2055,0.01948792105353838
Nepal,town,00_01,2060,0.019150019330580085
Nepal,town,00_01,2065,0.018808612652394432
Nepal,town,00_01,2070,0.01846881642936385
Nepal,town,00_01,2075,0.01813639044586859
Nepal,town,00_01,2080,0.017820552403760143
Nepal,town,00_01,2085,0.01752172918863056
Nepal,town,00_01,2090,0.017241642111189222
Nepal,town,00_01,2095,0.016975117198144662
Nepal,town,00_01,2100,0.01672484898272897
Nepal,town,02_05,2011,0.07259776121809702
Nepal,town,02_05,2012,0.07250642297255981
Nepal,town,02_05,2013,0.0724350645802003
Nepal,town,02_05,2014,0.07230982685632055
Nepal,town,02_05,2015,0.07223124310684338
Nepal,town,02_05,2016,0.07224236474694537
Nepal,town,02_05,2017,0.07206069733404862
Nepal,town,02_05,2018,0.07190200116437213
Nepal,town,02_05,2019,0.07175932423084391
Nepal,town,02_05,2020,0.07187185771645406
Nepal,town,02_05,2025,0.0714245855028713
Nepal,town,02_05,2030,0.07079954972318789
Nepal,town,02_05,2035,0.07003471824337196
Nepal,town,02_05,2040,0.06912910853513843
Nepal,town,02_05,2045,0.06812246018258242
Nepal,town,02_05,2050,0.06704960174852995
Nepal,town,02_05,2055,0.06593507305489613
Nepal,town,02_05,2060,0.06479182259080492
Nepal,town,02_05,2065,0.06363671352577137
Nepal,town,02_05,2070,0.0624870532450391
Nepal,town,02_05,2075,0.0613623292969643
Nepal,town,02_05,2080,0.06029372868416807
Nepal,town,02_05,2085,0.05928269572349776
Nepal,town,02_05,2090,0.05833505426589478
Nepal,town,02_05,2095,0.05743329878544798
Nepal,town,02_05,2100,0.05658654591625181
Nepal,town,06_10,2011,0.1876250866698114
Nepal,town,06_10,2012,0.187389027789377
Nepal,town,06_10,2013,0.18720460578618534
Nepal,town,06_10,2014,0.18688093549108248
Nepal,town,06_10,2015,0.18667783993332557
Nepal,town,06_10,2016,0.18670658322586012
Nepal,town,06_10,2017,0.18623707337434506
Nepal,town,06_10,2018,0.1858269314899381
Nepal,town,06_10,2019,0.18545819047685652
Nepal,town,06_10,2020,0.1857490273378918
Nepal,town,06_10,2025,0.18459307588111953
Nepal,town,06_10,2030,0.18297770385907433
Nepal,town,06_10,2035,0.18100103721976626
Nepal,town,06_10,2040,0.1786605366706394
Nepal,town,06_10,2045,0.17605890707180183
Nepal,town,06_10,2050,0.1732861610077902
Nepal,town,06_10,2055,0.17040572035465737
Nepal,town,06_10,2060,0.1674510497999276
Nepal,town,06_10,2065,0.16446573131622236
Nepal,town,06_10,2070,0.16149449492829554
Nepal,town,06_10,2075,0.15858770517753196
Nepal,town,06_10,2080,0.1558259632280939
Nepal,town,06_10,2085,0.15321300184073205
Nepal,town,06_10,2090,0.15076387245118356
Nepal,town,06_10,2095,0.14843333295058483
Nepal,town,06_10,2100,0.1462449447991436
Nepal,town,11_20,2011,0.44707804287844377
Nepal,town,11_20,2012,0.44651555550459693
Nepal,town,11_20,2013,0.446076109854156
Nepal,town,11_20,2014,0.4453048596730588
Nepal,town,11_20,2015,0.44482091818052766
Nepal,town,11_20,2016,0.4448894084618665
Nepal,town,11_20,2017,0.4437706479098892
Nepal,town,11_20,2018,0.442793350927712
Nepal,town,11_20,2019,0.44191470504200675
Nepal,town,11_20,2020,0.4426077188438199
Nepal,town,11_20,2025,0.4398532869918271
Nepal,town,11_20,2030,0.4360041356072497
Nepal,town,11_20,2035,0.4312940818068207
Nepal,town,11_20,2040,0.4257170748967532
Nepal,town,11_20,2045,0.4195178427472173
Nepal,town,11_20,2050,0.41291086973683966
Nepal,town,11_20,2055,0.4060472791973911
Nepal,town,11_20,2060,0.3990068116756687
Nepal,town,11_20,2065,0.3918933154542781
Nepal,town,11_20,2070,0.384813374424957
Nepal,town,11_20,2075,0.377886998555415
Nepal,town,11_20,2080,0.3713062464416907
Nepal,town,11_20,2085,0.3650800126053034
Nepal,town,11_20,2090,0.3592441620073375
Nepal,town,11_20,2095,0.3536908905484296
Nepal,town,11_20,2100,0.34847634110213677
Nepal,town,21_30,2011,0.404286557269486
Nepal,town,21_30,2012,0.40377790763324806
Nepal,town,21_30,2013,0.4033805229440337
Nepal,town,21_30,2014,0.40268309195748436
Nepal,town,21_30,2015,0.4022454702870583
Nepal,town,21_30,2016,0.40230740511139146
Nepal,town,21_30,2017,0.40129572525107954
Nepal,town,21_30,2018,0.4004119689614384
Nepal,town,21_30,2019,0.3996174215085961
Nepal,town,21_30,2020,0.4002441044077861
Nepal,town,21_30,2025,0.3977533093700653
Nepal,town,21_30,2030,0.3942725744369409
Nepal,town,21_30,2035,0.39001333722799747
Nepal,town,21_30,2040,0.3849701261836287
Nepal,town,21_30,2045,0.3793642453684718
Nepal,town,21_30,2050,0.3733896500715512
Nepal,town,21_30,2055,0.3671829990541235
Nepal,town,21_30,2060,0.36081640060165004
Nepal,town,21_30,2065,0.35438376329524257
Nepal,town,21_30,2070,0.3479814694899227
Nepal,town,21_30,2075,0.3417180425575181
Nepal,town,21_30,2080,0.3357671584586878
Nepal,town,21_30,2085,0.33013686038754725
Nepal,town,21_30,2090,0.3248595805377019
Nepal,town,21_30,2095,0.31983783313706926
Nepal,town,21_30,2100,0.31512238741806214
Nepal,town,31_50,2011,0.674170657910804
Nepal,town,31_50,2012,0.6733224559269818
Nepal,town,31_50,2013,0.6726597945236922
Nepal,town,31_50,2014,0.6714967889807304
Nepal,town,31_50,2015,0.6707670301397247
Nepal,town,31_50,2016,0.6708703099557797
Nepal,town,31_50,2017,0.6691832766751579
Nepal,town,31_50,2018,0.6677095631704494
Nepal,town,31_50,2019,0.6663846104373141
Nepal,town,31_50,2020,0.6674296395505794
Nepal,town,31_50,2025,0.6632760982094017
Nepal,town,31_50,2030,0.6574717762063987
Nepal,town,31_50,2035,0.650369257708764
Nepal,town,31_50,2040,0.6419594185819617
Nepal,town,31_50,2045,0.6326112958473127
Nepal,town,31_50,2050,0.6226483208988509
Nepal,town,31_50,2055,0.6122983799359293
Nepal,town,31_50,2060,0.6016817175953685
Nepal,town,31_50,2065,0.5909549317377037
Nepal,town,31_50,2070,0.5802787453811198
Nepal,town,31_50,2075,0.5698341273747368
Nepal,town,31_50,2080,0.5599106921876867
Nepal,town,31_50,2085,0.5505218523002289
Nepal,town,31_50,2090,0.5417216902261331
Nepal,town,31_50,2095,0.5333476429369731
Nepal,town,31_50,2100,0.5254843709939322
Nepal,town,51+,2011,0.786647883633353
Nepal,town,51+,2012,0.7856581694005577
Nepal,town,51+,2013,0.7848849509515693
Nepal,town,51+,2014,0.783527911990752
Nepal,town,51+,2015,0.7826764017075564
Nepal,town,51+,2016,0.7827969125126001
Nepal,town,51+,2017,0.7808284181199002
Nepal,town,51+,2018,0.7791088333293764
Nepal,town,51+,2019,0.7775628282471247
Nepal,town,51+,2020,0.7787822078369053
Nepal,town,51+,2025,0.7739356983258767
Nepal,town,51+,2030,0.7671629953522139
Nepal,town,51+,2035,0.7588755074898004
Nepal,town,51+,2040,0.7490625883525346
Nepal,town,51+,2045,0.7381548443282768
Nepal,town,51+,2050,0.7265296674299128
Nepal,town,51+,2055,0.7144529639147479
Nepal,town,51+,2060,0.7020650397838862
Nepal,town,51+,2065,0.6895486193581303
Nepal,town,51+,2070,0.6770912403486256
Nepal,town,51+,2075,0.664904064069638
Nepal,town,51+,2080,0.6533250236639689
Nepal,town,51+,2085,0.6423697693220953
Nepal,town,51+,2090,0.6321014065715264
Nepal,town,51+,2095,0.6223302507074054
Nepal,town,51+,2100,0.6131550868822765
Nepal,rural,No_travel,2011,0.0
Nepal,rural,No_travel,2012,0.0
Nepal,rural,No_travel,2013,0.0
Nepal,rural,No_travel,2014,0.0
Nepal,rural,No_travel,2015,0.0
Nepal,rural,No_travel,2016,0.0
Nepal,rural,No_travel,2017,0.0
Nepal,rural,No_travel,2018,0.0
Nepal,rural,No_travel,2019,0.0
Nepal,rural,No_travel,2020,0.0
Nepal,rural,No_travel,2025,0.0
Nepal,rural,No_travel,2030,0.0
Nepal,rural,No_travel,2035,0.0
Nepal,rural,No_travel,2040,0.0
Nepal,rural,No_travel,2045,0.0
Nepal,rural,No_travel,2050,0.0
Nepal,rural,No_travel,2055,0.0
Nepal,rural,No_travel,2060,0.0
Nepal,rural,No_travel,2065,0.0
Nepal,rural,No_travel,2070,0.0
Nepal,rural,No_travel,2075,0.0
Nepal,rural,No_travel,2080,0.0
Nepal,rural,No_travel,2085,0.0
Nepal,rural,No_travel,2090,0.0
Nepal,rural,No_travel,2095,0.0
Nepal,rural,No_travel,2100,0.0
Nepal,rural,00_01,2011,0.02747552116779272
Nepal,rural,00_01,2012,0.02744095307841118
Nepal,rural,00_01,2013,0.02741394661172575
Nepal,rural,00_01,2014,0.027366548845241923
Nepal,rural,00_01,2015,0.027336807852737784
Nepal,rural,00_01,2016,0.027341016975070423
Nepal,rural,00_01,2017,0.02727226269443155
Nepal,rural,00_01,2018,0.027212202165070393
Nepal,rural,00_01,2019,0.02715820431387587
Nepal,rural,00_01,2020,0.027200794004165058
Nepal,rural,00_01,2025,0.027031518299709924
Nepal,rural,00_01,2030,0.026794965773748035
Nepal,rural,00_01,2035,0.026505505835026966
Nepal,rural,00_01,2040,0.026162766633557953
Nepal,rural,00_01,2045,0.025781788106739666
Nepal,rural,00_01,2050,0.025375751555195076
Nepal,rural,00_01,2055,0.024953944378220932
Nepal,rural,00_01,2060,0.024521267091770445
Nepal,rural,00_01,2065,0.02408410177103701
Nepal,rural,00_01,2070,0.02364899861015392
Nepal,rural,00_01,2075,0.023223332912965047
Nepal,rural,00_01,2080,0.02281890778656762
Nepal,rural,00_01,2085,0.022436269850546687
Nepal,rural,00_01,2090,0.022077623213364185
Nepal,rural,00_01,2095,0.021736342692099116
Nepal,rural,00_01,2100,0.02141587858974758
Nepal,rural,02_05,2011,0.08859584964879585
Nepal,rural,02_05,2012,0.08848438354663206
Nepal,rural,02_05,2013,0.08839730018077356
Nepal,rural,02_05,2014,0.08824446430306826
Nepal,rural,02_05,2015,0.08814856335603213
Nepal,rural,02_05,2016,0.08816213582903669
Nepal,rural,02_05,2017,0.08794043506954997
Nepal,rural,02_05,2018,0.08774676763748883
Nepal,rural,02_05,2019,0.08757264953881576
Nepal,rural,02_05,2020,0.08770998159429912
Nepal,rural,02_05,2025,0.08716414572936634
Nepal,rural,02_05,2030,0.08640137322739358
Nepal,rural,02_05,2035,0.08546799878642601
Nepal,rural,02_05,2040,0.08436282336221271
Nepal,rural,02_05,2045,0.08313434379761107
Nepal,rural,02_05,2050,0.08182506369140773
Nepal,rural,02_05,2055,0.08046493061135572
Nepal,rural,02_05,2060,0.07906974645514937
Nepal,rural,02_05,2065,0.0776600904638822
Nepal,rural,02_05,2070,0.07625708398448187
Nepal,rural,02_05,2075,0.07488450896111881
Nepal,rural,02_05,2080,0.07358042495580783
Nepal,rural,02_05,2085,0.07234659456392524
Nepal,rural,02_05,2090,0.0711901250159658
Nepal,rural,02_05,2095,0.07008965316084023
Nepal,rural,02_05,2100,0.06905630463011048
Nepal,rural,06_10,2011,0.19302164217733958
Nepal,rural,06_10,2012,0.1927787936672564
Nepal,rural,06_10,2013,0.19258906723705715
Nepal,rural,06_10,2014,0.19225608739414987
Nepal,rural,06_10,2015,0.1920471503123717
Nepal,rural,06_10,2016,0.19207672033216533
Nepal,rural,06_10,2017,0.19159370623119193
Nepal,rural,06_10,2018,0.19117176766498484
Nepal,rural,06_10,2019,0.19079242076022687
Nepal,rural,06_10,2020,0.1910916227993525
Nepal,rural,06_10,2025,0.18990242335687
Nepal,rural,06_10,2030,0.18824058929215767
Nepal,rural,06_10,2035,0.18620706889502736
Nepal,rural,06_10,2040,0.18379924983667048
Nepal,rural,06_10,2045,0.18112279101968648
Nepal,rural,06_10,2050,0.17827029401027464
Nepal,rural,06_10,2055,0.17530700485246326
Nepal,rural,06_10,2060,0.17226735075988112
Nepal,rural,06_10,2065,0.16919616722907097
Nepal,rural,06_10,2070,0.1661394708294899
Nepal,rural,06_10,2075,0.16314907470967868
Nepal,rural,06_10,2080,0.16030789832003783
Nepal,rural,06_10,2085,0.1576197817846294
Nepal,rural,06_10,2090,0.1551002094552246
Nepal,rural,06_10,2095,0.15270263794946762
Nepal,rural,06_10,2100,0.1504513064126781
Nepal,rural,11_20,2011,0.40317189715969404
Nepal,rural,11_20,2012,0.402664649923435
Nepal,rural,11_20,2013,0.40226836086516193
Nepal,rural,11_20,2014,0.40157285276841953
Nepal,rural,11_20,2015,0.4011364376664792
Nepal,rural,11_20,2016,0.40119820173005655
Nepal,rural,11_20,2017,0.4001893111763982
Nepal,rural,11_20,2018,0.3993079914948142
Nepal,rural,11_20,2019,0.3985156346919827
Nepal,rural,11_20,2020,0.3991405897612049
Nepal,rural,11_20,2025,0.3966566621046035
Nepal,rural,11_20,2030,0.3931855239199066
Nepal,rural,11_20,2035,0.3889380298711785
Nepal,rural,11_20,2040,0.38390872348447236
Nepal,rural,11_20,2045,0.37831829866608935
Nepal,rural,11_20,2050,0.3723601759501386
Nepal,rural,11_20,2055,0.36617063731545063
Nepal,rural,11_20,2060,0.35982159223744
Nepal,rural,11_20,2065,0.35340669038148786
Nepal,rural,11_20,2070,0.3470220483664332
Nepal,rural,11_20,2075,0.3407758903538742
Nepal,rural,11_20,2080,0.3348414134617731
Nepal,rural,11_20,2085,0.3292266387083222
Nepal,rural,11_20,2090,0.32396390886819415
Nepal,rural,11_20,2095,0.3189560069477247
Nepal,rural,11_20,2100,0.3142535622032698
Nepal,rural,21_30,2011,0.4275976654157429
Nepal,rural,21_30,2012,0.4270596871103576
Nepal,rural,21_30,2013,0.4266393892737744
Nepal,rural,21_30,2014,0.4259017445109823
Nepal,rural,21_30,2015,0.4254388896342994
Nepal,rural,21_30,2016,0.4255043956122168
Nepal,rural,21_30,2017,0.42443438242815446
Nepal,rural,21_30,2018,0.42349966887052526
Nepal,rural,21_30,2019,0.42265930791914463
Nepal,rural,21_30,2020,0.4233221252694406
Nepal,rural,21_30,2025,0.4206877113271323
Nepal,rural,21_30,2030,0.41700627768910287
Nepal,rural,21_30,2035,0.4125014534394504
Nepal,rural,21_30,2040,0.4071674515291827
Nepal,rural,21_30,2045,0.4012383363853364
Nepal,rural,21_30,2050,0.3949192467326369
Nepal,rural,21_30,2055,0.38835472105800933
Nepal,rural,21_30,2060,0.3816210254008903
Nepal,rural,21_30,2065,0.3748174830984621
Nepal,rural,21_30,2070,0.3680460338992851
Nepal,rural,21_30,2075,0.3614214586181113
Nepal,rural,21_30,2080,0.35512744734797314
Nepal,rural,21_30,2085,0.3491725070524696
Nepal,rural,21_30,2090,0.34359093996109774
Nepal,rural,21_30,2095,0.3382796392853575
Nepal,rural,21_30,2100,0.33329230160472795
Nepal,rural,31_50,2011,0.713065368968106
Nepal,rural,31_50,2012,0.7121682319398824
Nepal,rural,31_50,2013,0.7114673398252628
Nepal,rural,31_50,2014,0.7102372373773546
Nepal,rural,31_50,2015,0.7094653767941128
Nepal,rural,31_50,2016,0.7095746150993966
Nepal,rural,31_50,2017,0.7077902523500061
Nepal,rural,31_50,2018,0.70623151636579
Nepal,rural,31_50,2019,0.7048301235605229
Nepal,rural,31_50,2020,0.7059354432024992
Nepal,rural,31_50,2025,0.7015422729358647
Nepal,rural,31_50,2030,0.6954030840493194
Nepal,rural,31_50,2035,0.6878908022350776
Nepal,rural,31_50,2040,0.678995776962843
Nepal,rural,31_50,2045,0.6691083359881815
Nepal,rural,31_50,2050,0.6585705703285779
Nepal,rural,31_50,2055,0.6476235135486309
Nepal,rural,31_50,2060,0.6363943475203411
Nepal,rural,31_50,2065,0.6250487046542739
Nepal,rural,31_50,2070,0.6137565805100382
Nepal,rural,31_50,2075,0.602709384514395
Nepal,rural,31_50,2080,0.5922134397709482
Nepal,rural,31_50,2085,0.5822829325618695
Nepal,rural,31_50,2090,0.572975065566011
Nepal,rural,31_50,2095,0.5641178970584024
Nepal,rural,31_50,2100,0.5558009718947701
Nepal,rural,51+,2011,0.8434383382567929
Nepal,rural,51+,2012,0.8423771736045695
Nepal,rural,51+,2013,0.8415481342118593
Nepal,rural,51+,2014,0.8400931265650137
Nepal,rural,51+,2015,0.8391801432173055
Nepal,rural,51+,2016,0.8393093540564405
Nepal,rural,51+,2017,0.8371987481881861
Nepal,rural,51+,2018,0.835355021447942
Nepal,rural,51+,2019,0.8336974056523104
Nepal,rural,51+,2020,0.8350048158879528
Nepal,rural,51+,2025,0.8298084224146147
Nepal,rural,51+,2030,0.8225467778332692
Nepal,rural,51+,2035,0.8136609915285858
Nepal,rural,51+,2040,0.8031396485201283
Nepal,rural,51+,2045,0.7914444419539355
Nepal,rural,51+,2050,0.7789800088967845
Nepal,rural,51+,2055,0.7660314521709926
Nepal,rural,51+,2060,0.7527492068859407
Nepal,rural,51+,2065,0.7393291887755972
Nepal,rural,51+,2070,0.7259724744572644
Nepal,rural,51+,2075,0.7129054696096637
Nepal,rural,51+,2080,0.7004905037760841
Nepal,rural,51+,2085,0.6887443569808847
Nepal,rural,51+,2090,0.6777346905276351
Nepal,rural,51+,2095,0.667258125807449
Nepal,rural,51+,2100,0.6574205795673735
Pakistan,large_city,No_travel,2011,0.0
Pakistan,large_city,No_travel,2012,0.0
Pakistan,large_city,No_travel,2013,0.0
Pakistan,large_city,No_travel,2014,0.0
Pakistan,large_city,No_travel,2015,0.0
Pakistan,large_city,No_travel,2016,0.0
Pakistan,large_city,No_travel,2017,0.0
Pakistan,large_city,No_travel,2018,0.0
Pakistan,large_city,No_travel,2019,0.0
Pakistan,large_city,No_travel,2020,0.0
Pakistan,large_city,No_travel,2025,0.0
Pakistan,large_city,No_travel,2030,0.0
Pakistan,large_city,No_travel,2035,0.0
Pakistan,large_city,No_travel,2040,0.0
Pakistan,large_city,No_travel,2045,0.0
Pakistan,large_city,No_travel,2050,0.0
Pakistan,large_city,No_travel,2055,0.0
Pakistan,large_city,No_travel,2060,0.0
Pakistan,large_city,No_travel,2065,0.0
Pakistan,large_city,No_travel,2070,0.0
Pakistan,large_city,No_travel,2075,0.0
Pakistan,large_city,No_travel,2080,0.0
Pakistan,large_city,No_travel,2085,0.0
Pakistan,large_city,No_travel,2090,0.0
Pakistan,large_city,No_travel,2095,0.0
Pakistan,large_city,No_travel,2100,0.0
Pakistan,large_city,00_01,2011,0.05827400034779323
Pakistan,large_city,00_01,2012,0.05825539463899211
Pakistan,large_city,00_01,2013,0.058223424970333726
Pakistan,large_city,00_01,2014,0.05818582932696595
Pakistan,large_city,00_01,2015,0.05814506449166609
Pakistan,large_city,00_01,2016,0.05809205398474858
Pakistan,large_city,00_01,2017,0.05805266894222908
Pakistan,large_city,00_01,2018,0.05799269653415633
Pakistan,large_city,00_01,2019,0.057980804293949376
Pakistan,large_city,00_01,2020,0.05802217613352672
Pakistan,large_city,00_01,2025,0.05780958388889997
Pakistan,large_city,00_01,2030,0.057569810276841646
Pakistan,large_city,00_01,2035,0.05730230148588836
Pakistan,large_city,00_01,2040,0.056988229513097274
Pakistan,large_city,00_01,2045,0.056626747620485925
Pakistan,large_city,00_01,2050,0.056225985392901565
Pakistan,large_city,00_01,2055,0.05579260009460147
Pakistan,large_city,00_01,2060,0.05533625401981632
Pakistan,large_city,00_01,2065,0.054855920496760954
Pakistan,large_city,00_01,2070,0.0543584961027683
Pakistan,large_city,00_01,2075,0.05384787686212925
Pakistan,large_city,00_01,2080,0.05333658759925967
Pakistan,large_city,00_01,2085,0.05283390650250163
Pakistan,large_city,00_01,2090,0.052348492437645694
Pakistan,large_city,00_01,2095,0.051882054854912193
Pakistan,large_city,00_01,2100,0.05143340960574506
Pakistan,large_city,02_05,2011,0.21452239727168868
Pakistan,large_city,02_05,2012,0.2144539046123357
Pakistan,large_city,02_05,2013,0.214336215592882
Pakistan,large_city,02_05,2014,0.21419781583494377
Pakistan,large_city,02_05,2015,0.21404774942212296
Pakistan,large_city,02_05,2016,0.21385260337145437
Pakistan,large_city,02_05,2017,0.21370761635001248
Pakistan,large_city,02_05,2018,0.21348684165335294
Pakistan,large_city,02_05,2019,0.2134430630923669
Pakistan,large_city,02_05,2020,0.2135953640525327
Pakistan,large_city,02_05,2025,0.21281275435203997
Pakistan,large_city,02_05,2030,0.21193008266733915
Pakistan,large_city,02_05,2035,0.21094531026825802
Pakistan,large_city,02_05,2040,0.20978912617042916
Pakistan,large_city,02_05,2045,0.20845841330173162
Pakistan,large_city,02_05,2050,0.20698309886846403
Pakistan,large_city,02_05,2055,0.2053876900655885
Pakistan,large_city,02_05,2060,0.20370775641826436
Pakistan,large_city,02_05,2065,0.20193951846925087
Pakistan,large_city,02_05,2070,0.2001083643898354
Pakistan,large_city,02_05,2075,0.19822863650190625
Pakistan,large_city,02_05,2080,0.19634644208045857
Pakistan,large_city,02_05,2085,0.1944959366527189
Pakistan,large_city,02_05,2090,0.19270899585166174
Pakistan,large_city,02_05,2095,0.1909919126270948
Pakistan,large_city,02_05,2100,0.18934032780708113
Pakistan,large_city,06_10,2011,0.3454745494359448
Pakistan,large_city,06_10,2012,0.3453642464049766
Pakistan,large_city,06_10,2013,0.34517471579425046
Pakistan,large_city,06_10,2014,0.344951831868731
Pakistan,large_city,06_10,2015,0.3447101595444698
Pakistan,large_city,06_10,2016,0.34439588935736415
Pakistan,large_city,06_10,2017,0.34416239706684465
Pakistan,large_city,06_10,2018,0.34380685359061397
Pakistan,large_city,06_10,2019,0.3437363510285321
Pakistan,large_city,06_10,2020,0.3439816219478446
Pakistan,large_city,06_10,2025,0.3427212792652131
Pakistan,large_city,06_10,2030,0.34129979318054254
Pakistan,large_city,06_10,2035,0.3397138804497677
Pakistan,large_city,06_10,2040,0.33785192018201743
Pakistan,large_city,06_10,2045,0.3357088925327428
Pakistan,large_city,06_10,2050,0.33333299334649624
Pakistan,large_city,06_10,2055,0.3307636898875128
Pakistan,large_city,06_10,2060,0.32805826459265863
Pakistan,large_city,06_10,2065,0.3252106308886715
Pakistan,large_city,06_10,2070,0.3222616747956037
Pakistan,large_city,06_10,2075,0.3192344937021441
Pakistan,large_city,06_10,2080,0.3162033404147931
Pakistan,large_city,06_10,2085,0.31322322021751847
Pakistan,large_city,06_10,2090,0.31034546677095376
Pakistan,large_city,06_10,2095,0.3075802144667853
Pakistan,large_city,06_10,2100,0.30492044313844774
Pakistan,large_city,11_20,2011,0.49491906190807855
Pakistan,large_city,11_20,2012,0.4947610442691482
Pakistan,large_city,11_20,2013,0.49448952698309456
Pakistan,large_city,11_20,2014,0.494170228489146
Pakistan,large_city,11_20,2015,0.4938240141581402
Pakistan,large_city,11_20,2016,0.49337379776320756
Pakistan,large_city,11_20,2017,0.4930393019643843
Pakistan,large_city,11_20,2018,0.49252995838463026
Pakistan,large_city,11_20,2019,0.49242895800140474
Pakistan,large_city,11_20,2020,0.4927803275986664
Pakistan,large_city,11_20,2025,0.490974789045424
Pakistan,large_city,11_20,2030,0.4889384000822161
Pakistan,large_city,11_20,2035,0.4866664572075104
Pakistan,large_city,11_20,2040,0.4839990548459482
Pakistan,large_city,11_20,2045,0.4809290016812397
Pakistan,large_city,11_20,2050,0.47752534199526525
Pakistan,large_city,11_20,2055,0.4738446157022478
Pakistan,large_city,11_20,2060,0.46996888433165107
Pakistan,large_city,11_20,2065,0.46588942839564607
Pakistan,large_city,11_20,2070,0.46166482028609895
Pakistan,large_city,11_20,2075,0.4573281488020576
Pakistan,large_city,11_20,2080,0.4529857868424728
Pakistan,large_city,11_20,2085,0.4487165337388315
Pakistan,large_city,11_20,2090,0.4445939289376908
Pakistan,large_city,11_20,2095,0.44063249074042654
Pakistan,large_city,11_20,2100,0.4368221622144612
Pakistan,large_city,21_30,2011,0.5042582541473913
Pakistan,large_city,21_30,2012,0.5040972546934113
Pakistan,large_city,21_30,2013,0.5038206138380189
Pakistan,large_city,21_30,2014,0.5034952901366249
Pakistan,large_city,21_30,2015,0.5031425426925464
Pakistan,large_city,21_30,2016,0.5026838306509814
Pakistan,large_city,21_30,2017,0.5023430228694343
Pakistan,large_city,21_30,2018,0.5018240679047625
Pakistan,large_city,21_30,2019,0.5017211616301139
Pakistan,large_city,21_30,2020,0.5020791616210469
Pakistan,large_city,21_30,2025,0.5002395523016084
Pakistan,large_city,21_30,2030,0.4981647363925317
Pakistan,large_city,21_30,2035,0.4958499216365495
Pakistan,large_city,21_30,2040,0.49313218501762773
Pakistan,large_city,21_30,2045,0.4900041995183278
Pakistan,large_city,21_30,2050,0.4865363122958306
Pakistan,large_city,21_30,2055,0.48278613018048483
Pakistan,large_city,21_30,2060,0.4788372632143457
Pakistan,large_city,21_30,2065,0.4746808273716237
Pakistan,large_city,21_30,2070,0.4703765003134495
Pakistan,large_city,21_30,2075,0.46595799522915826
Pakistan,large_city,21_30,2080,0.4615336922892506
Pakistan,large_city,21_30,2085,0.45718387777967057
Pakistan,large_city,21_30,2090,0.4529834788466649
Pakistan,large_city,21_30,2095,0.44894728775399634
Pakistan,large_city,21_30,2100,0.44506505779335653
Pakistan,large_city,31_50,2011,0.618752652250464
Pakistan,large_city,31_50,2012,0.618555097052623
Pakistan,large_city,31_50,2013,0.6182156434857513
Pakistan,large_city,31_50,2014,0.6178164533853971
Pakistan,large_city,31_50,2015,0.6173836128422767
Pakistan,large_city,31_50,2016,0.6168207479015383
Pakistan,large_city,31_50,2017,0.6164025579819773
Pakistan,large_city,31_50,2018,0.6157657716564223
Pakistan,large_city,31_50,2019,0.6156394999893782
Pakistan,large_city,31_50,2020,0.616078785696798
Pakistan,large_city,31_50,2025,0.6138214837366509
Pakistan,large_city,31_50,2030,0.6112755703359009
Pakistan,large_city,31_50,2035,0.6084351651309245
Pakistan,large_city,31_50,2040,0.6051003526072914
Pakistan,large_city,31_50,2045,0.6012621421110343
Pakistan,large_city,31_50,2050,0.5970068534787168
Pakistan,large_city,31_50,2055,0.592405173464146
Pakistan,large_city,31_50,2060,0.5875596961941426
Pakistan,large_city,31_50,2065,0.5824595204797329
Pakistan,large_city,31_50,2070,0.5771778740981542
Pakistan,large_city,31_50,2075,0.5717561249896345
Pakistan,large_city,31_50,2080,0.566327261592929
Pakistan,large_city,31_50,2085,0.5609897996030385
Pakistan,large_city,31_50,2090,0.5558356787553754
Pakistan,large_city,31_50,2095,0.5508830499723305
Pakistan,large_city,31_50,2100,0.5461193399784233
Pakistan,large_city,51+,2011,0.6494195964482046
Pakistan,large_city,51+,2012,0.6492122499158034
Pakistan,large_city,51+,2013,0.6488559721728169
Pakistan,large_city,51+,2014,0.648436997202875
Pakistan,large_city,51+,2015,0.6479827039892341
Pakistan,large_city,51+,2016,0.6473919420404332
Pakistan,large_city,51+,2017,0.6469530255722576
Pakistan,large_city,51+,2018,0.6462846785081092
Pakistan,large_city,51+,2019,0.6461521484983284
Pakistan,large_city,51+,2020,0.6466132063148896
Pakistan,large_city,51+,2025,0.6442440267684445
Pakistan,large_city,51+,2030,0.6415719314694689
Pakistan,large_city,51+,2035,0.6385907486086665
Pakistan,large_city,51+,2040,0.6350906543537952
Pakistan,large_city,51+,2045,0.63106221245137
Pakistan,large_city,51+,2050,0.626596020967068
Pakistan,large_city,51+,2055,0.6217662700687451
Pakistan,large_city,51+,2060,0.616680638707264
Pakistan,large_city,51+,2065,0.6113276854031928
Pakistan,large_city,51+,2070,0.6057842672873567
Pakistan,large_city,51+,2075,0.6000938025995818
Pakistan,large_city,51+,2080,0.5943958710215305
Pakistan,large_city,51+,2085,0.5887938709348639
Pakistan,large_city,51+,2090,0.5833842988404888
Pakistan,large_city,51+,2095,0.5781862052663528
Pakistan,large_city,51+,2100,0.5731863937736867
Pakistan,city,No_travel,2011,0.0
Pakistan,city,No_travel,2012,0.0
Pakistan,city,No_travel,2013,0.0
Pakistan,city,No_travel,2014,0.0
Pakistan,city,No_travel,2015,0.0
Pakistan,city,No_travel,2016,0.0
Pakistan,city,No_travel,2017,0.0
Pakistan,city,No_travel,2018,0.0
Pakistan,city,No_travel,2019,0.0
Pakistan,city,No_travel,2020,0.0
Pakistan,city,No_travel,2025,0.0
Pakistan,city,No_travel,2030,0.0
Pakistan,city,No_travel,2035,0.0
Pakistan,city,No_travel,2040,0.0
Pakistan,city,No_travel,2045,0.0
Pakistan,city,No_travel,2050,0.0
Pakistan,city,No_travel,2055,0.0
Pakistan,city,No_travel,2060,0.0
Pakistan,city,No_travel,2065,0.0
Pakistan,city,No_travel,2070,0.0
Pakistan,city,No_travel,2075,0.0
Pakistan,city,No_travel,2080,0.0
Pakistan,city,No_travel,2085,0.0
Pakistan,city,No_travel,2090,0.0
Pakistan,city,No_travel,2095,0.0
Pakistan,city,No_travel,2100,0.0
Pakistan,city,00_01,2011,0.03443334851853788
Pakistan,city,00_01,2012,0.03442235464731298
Pakistan,city,00_01,2013,0.03440346418610616
Pakistan,city,00_01,2014,0.03438124940965122
Pakistan,city,00_01,2015,0.03435716199892253
Pakistan,city,00_01,2016,0.034325838780181056
Pakistan,city,00_01,2017,0.03430256667105181
Pakistan,city,00_01,2018,0.034267129755509024
Pakistan,city,00_01,2019,0.03426010278551781
Pakistan,city,00_01,2020,0.034284548867175454
Pakistan,city,00_01,2025,0.03415893087616948
Pakistan,city,00_01,2030,0.03401725176884412
Pakistan,city,00_01,2035,0.0338591843052121
Pakistan,city,00_01,2040,0.03367360326333277
Pakistan,city,00_01,2045,0.0334600083167504
Pakistan,city,00_01,2050,0.03322320313136552
Pakistan,city,00_01,2055,0.03296712139800049
Pakistan,city,00_01,2060,0.03269747244058617
Pakistan,city,00_01,2065,0.032413649612124236
Pakistan,city,00_01,2070,0.0321197280104194
Pakistan,city,00_01,2075,0.03181800974552837
Pakistan,city,00_01,2080,0.03151589557321994
Pakistan,city,00_01,2085,0.03121886785425357
Pakistan,city,00_01,2090,0.030932042999751927
Pakistan,city,00_01,2095,0.03065643110160608
Pakistan,city,00_01,2100,0.030391332461842915
Pakistan,city,02_05,2011,0.1172561922728026
Pakistan,city,02_05,2012,0.11721875474396408
Pakistan,city,02_05,2013,0.11715442688603889
Pakistan,city,02_05,2014,0.1170787787074165
Pakistan,city,02_05,2015,0.11699675363041197
Pakistan,city,02_05,2016,0.11689008839111999
Pakistan,city,02_05,2017,0.11681083966800544
Pakistan,city,02_05,2018,0.11669016601989356
Pakistan,city,02_05,2019,0.11666623701560454
Pakistan,city,02_05,2020,0.11674948347795838
Pakistan,city,02_05,2025,0.11632171540020697
Pakistan,city,02_05,2030,0.1158392542581941
Pakistan,city,02_05,2035,0.11530098569863961
Pakistan,city,02_05,2040,0.114669024902928
Pakistan,city,02_05,2045,0.11394166810486707
Pakistan,city,02_05,2050,0.11313527327127318
Pakistan,city,02_05,2055,0.11226323583498268
Pakistan,city,02_05,2060,0.11134499780827112
Pakistan,city,02_05,2065,0.11037849337064355
Pakistan,city,02_05,2070,0.10937759948940869
Pakistan,city,02_05,2075,0.10835015556070589
Pakistan,city,02_05,2080,0.10732136344490384
Pakistan,city,02_05,2085,0.10630989227454346
Pakistan,city,02_05,2090,0.10533316501056689
Pakistan,city,02_05,2095,0.10439462132800105
Pakistan,city,02_05,2100,0.10349187853902736
Pakistan,city,06_10,2011,0.200017206570617
Pakistan,city,06_10,2012,0.19995334512505883
Pakistan,city,06_10,2013,0.19984361379064083
Pakistan,city,06_10,2014,0.19971457209930735
Pakistan,city,06_10,2015,0.19957465260803636
Pakistan,city,06_10,2016,0.19939270159301678
Pakistan,city,06_10,2017,0.1992575180439486
Pakistan,city,06_10,2018,0.1990516712947563
Pakistan,city,06_10,2019,0.19901085287398776
Pakistan,city,06_10,2020,0.19915285582098918
Pakistan,city,06_10,2025,0.1984231632195711
Pakistan,city,06_10,2030,0.19760017444572645
Pakistan,city,06_10,2035,0.19668198862048325
Pakistan,city,06_10,2040,0.19560398130530202
Pakistan,city,06_10,2045,0.19436324619265377
Pakistan,city,06_10,2050,0.1929876869246778
Pakistan,city,06_10,2055,0.19150015361278222
Pakistan,city,06_10,2060,0.18993381070577
Pakistan,city,06_10,2065,0.18828513429896152
Pakistan,city,06_10,2070,0.186577795911813
Pakistan,city,06_10,2075,0.18482516809281518
Pakistan,city,06_10,2080,0.18307024051793835
Pakistan,city,06_10,2085,0.18134485924722896
Pakistan,city,06_10,2090,0.17967874460428168
Pakistan,city,06_10,2095,0.1780777640335109
Pakistan,city,06_10,2100,0.17653785311364925
Pakistan,city,11_20,2011,0.34492847757715667
Pakistan,city,11_20,2012,0.3448183488958801
Pakistan,city,11_20,2013,0.34462911786534894
Pakistan,city,11_20,2014,0.3444065862397014
Pakistan,city,11_20,2015,0.3441652959130593
Pakistan,city,11_20,2016,0.3438515224748617
Pakistan,city,11_20,2017,0.34361839925224985
Pakistan,city,11_20,2018,0.34326341776325464
Pakistan,city,11_20,2019,0.3431930266405398
Pakistan,city,11_20,2020,0.34343790987413986
Pakistan,city,11_20,2025,0.34217955934309396
Pakistan,city,11_20,2030,0.3407603201201669
Pakistan,city,11_20,2035,0.3391769141509297
Pakistan,city,11_20,2040,0.3373178969772686
Pakistan,city,11_20,2045,0.33517825668921575
Pakistan,city,11_20,2050,0.332806112950909
Pakistan,city,11_20,2055,0.3302408706429364
Pakistan,city,11_20,2060,0.32753972165909256
Pakistan,city,11_20,2065,0.32469658904681375
Pakistan,city,11_20,2070,0.3217522941999589
Pakistan,city,11_20,2075,0.31872989799849577
Pakistan,city,11_20,2080,0.315703535881761
Pakistan,city,11_20,2085,0.31272812619001616
Pakistan,city,11_20,2090,0.3098549214437139
Pakistan,city,11_20,2095,0.30709404001568735
Pakistan,city,11_20,2100,0.3044384728357468
Pakistan,city,21_30,2011,0.3020747578557574
Pakistan,city,21_30,2012,0.30197831149979604
Pakistan,city,21_30,2013,0.3018125904258853
Pakistan,city,21_30,2014,0.30161770600403387
Pakistan,city,21_30,2015,0.3014063934516307
Pakistan,city,21_30,2016,0.3011316030486148
Pakistan,city,21_30,2017,0.30092744292383855
Pakistan,city,21_30,2018,0.3006165641350394
Pakistan,city,21_30,2019,0.3005549183657523
Pakistan,city,21_30,2020,0.3007693774443772
Pakistan,city,21_30,2025,0.2996673636743534
Pakistan,city,21_30,2030,0.2984244499328831
Pakistan,city,21_30,2035,0.29703776542917265
Pakistan,city,21_30,2040,0.29540971150179646
Pakistan,city,21_30,2045,0.29353589891765747
Pakistan,city,21_30,2050,0.2914584689809316
Pakistan,city,21_30,2055,0.28921193093204334
Pakistan,city,21_30,2060,0.2868463711761243
Pakistan,city,21_30,2065,0.2843564677577734
Pakistan,city,21_30,2070,0.28177797044387537
Pakistan,city,21_30,2075,0.2791310750436633
Pakistan,city,21_30,2080,0.2764807064512585
Pakistan,city,21_30,2085,0.27387495998326955
Pakistan,city,21_30,2090,0.27135872057588367
Pakistan,city,21_30,2095,0.26894084950099384
Pakistan,city,21_30,2100,0.26661520849134196
Pakistan,city,31_50,2011,0.5432627574154263
Pakistan,city,31_50,2012,0.5430893046130334
Pakistan,city,31_50,2013,0.5427912655176331
Pakistan,city,31_50,2014,0.542440777945802
Pakistan,city,31_50,2015,0.5420607453978662
Pakistan,city,31_50,2016,0.5415665518640755
Pakistan,city,31_50,2017,0.5411993825145822
Pakistan,city,31_50,2018,0.5406402862523728
Pakistan,city,31_50,2019,0.5405294201513995
Pakistan,city,31_50,2020,0.5409151115320151
Pakistan,city,31_50,2025,0.5389332079672733
Pakistan,city,31_50,2030,0.5366979045238021
Pakistan,city,31_50,2035,0.5342040382620249
Pakistan,city,31_50,2040,0.5312760840294845
Pakistan,city,31_50,2045,0.5279061480620933
Pakistan,city,31_50,2050,0.5241700188874009
Pakistan,city,31_50,2055,0.5201297592386271
Pakistan,city,31_50,2060,0.5158754464156895
Pakistan,city,31_50,2065,0.5113975092111605
Pakistan,city,31_50,2070,0.506760241368326
Pakistan,city,31_50,2075,0.5019999638002278
Pakistan,city,31_50,2080,0.4972334399109177
Pakistan,city,31_50,2085,0.49254716615082694
Pakistan,city,31_50,2090,0.48802186529988145
Pakistan,city,31_50,2095,0.4836734738071806
Pakistan,city,31_50,2100,0.47949095237894135
Pakistan,city,51+,2011,0.717071066177833
Pakistan,city,51+,2012,0.7168421199004642
Pakistan,city,51+,2013,0.7164487279202775
Pakistan,city,51+,2014,0.7159861074049109
Pakistan,city,51+,2015,0.7154844894666095
Pakistan,city,51+,2016,0.7148321865444298
Pakistan,city,51+,2017,0.7143475471810368
Pakistan,city,51+,2018,0.71360957693116
Pakistan,city,51+,2019,0.7134632409783587
Pakistan,city,51+,2020,0.7139723282031657
Pakistan,city,51+,2025,0.7113563460051732
Pakistan,city,51+,2030,0.708405892653527
Pakistan,city,51+,2035,0.7051141534079634
Pakistan,city,51+,2040,0.7012494466254917
Pakistan,city,51+,2045,0.6968013530573174
Pakistan,city,51+,2050,0.691869908569165
Pakistan,city,51+,2055,0.6865370318820814
Pakistan,city,51+,2060,0.6809216191004076
Pakistan,city,51+,2065,0.675011036860599
Pakistan,city,51+,2070,0.6688901486700789
Pakistan,city,51+,2075,0.6626068957423463
Pakistan,city,51+,2080,0.6563153980819313
Pakistan,city,51+,2085,0.6501298253076507
Pakistan,city,51+,2090,0.6441567261734474
Pakistan,city,51+,2095,0.6384171357427249
Pakistan,city,51+,2100,0.6328964828746215
Pakistan,town,No_travel,2011,0.0
Pakistan,town,No_travel,2012,0.0
Pakistan,town,No_travel,2013,0.0
Pakistan,town,No_travel,2014,0.0
Pakistan,town,No_travel,2015,0.0
Pakistan,town,No_travel,2016,0.0
Pakistan,town,No_travel,2017,0.0
Pakistan,town,No_travel,2018,0.0
Pakistan,town,No_travel,2019,0.0
Pakistan,town,No_travel,2020,0.0
Pakistan,town,No_travel,2025,0.0
Pakistan,town,No_travel,2030,0.0
Pakistan,town,No_travel,2035,0.0
Pakistan,town,No_travel,2040,0.0
Pakistan,town,No_travel,2045,0.0
Pakistan,town,No_travel,2050,0.0
Pakistan,town,No_travel,2055,0.0
Pakistan,town,No_travel,2060,0.0
Pakistan,town,No_travel,2065,0.0
Pakistan,town,No_travel,2070,0.0
Pakistan,town,No_travel,2075,0.0
Pakistan,town,No_travel,2080,0.0
Pakistan,town,No_travel,2085,0.0
Pakistan,town,No_travel,2090,0.0
Pakistan,town,No_travel,2095,0.0
Pakistan,town,No_travel,2100,0.0
Pakistan,town,00_01,2011,0.027047867565327503
Pakistan,town,00_01,2012,0.027039231728683232
Pakistan,town,00_01,2013,0.027024393012294815
Pakistan,town,00_01,2014,0.02700694300068113
Pakistan,town,00_01,2015,0.026988022009159486
Pakistan,town,00_01,2016,0.02696341719119404
Pakistan,town,00_01,2017,0.026945136630261816
Pakistan,town,00_01,2018,0.026917300447033544
Pakistan,town,00_01,2019,0.026911780665720215
Pakistan,town,00_01,2020,0.026930983398176258
Pakistan,town,00_01,2025,0.026832308743205573
Pakistan,town,00_01,2030,0.02672101786106418
Pakistan,town,00_01,2035,0.02659685370025349
Pakistan,town,00_01,2040,0.026451077246340354
Pakistan,town,00_01,2045,0.026283295486031085
Pakistan,town,00_01,2050,0.02609728176477987
Pakistan,town,00_01,2055,0.025896126050684046
Pakistan,town,00_01,2060,0.025684313096003074
Pakistan,town,00_01,2065,0.025461366371198713
Pakistan,town,00_01,2070,0.025230486921492528
Pakistan,town,00_01,2075,0.024993483085910883
Pakistan,town,00_01,2080,0.024756168259622423
Pakistan,town,00_01,2085,0.024522848912202338
Pakistan,town,00_01,2090,0.02429754405476658
Pakistan,town,00_01,2095,0.024081047128350495
Pakistan,town,00_01,2100,0.023872808510598805
Pakistan,town,02_05,2011,0.08140578256416522
Pakistan,town,02_05,2012,0.08137979134550721
Pakistan,town,02_05,2013,0.08133513136198248
Pakistan,town,02_05,2014,0.08128261218102543
Pakistan,town,02_05,2015,0.08122566580187043
Pakistan,town,02_05,2016,0.08115161284902717
Pakistan,town,02_05,2017,0.08109659396944986
Pakistan,town,02_05,2018,0.08101281559861069
Pakistan,town,02_05,2019,0.08099620275043294
Pakistan,town,02_05,2020,0.08105399708335694
Pakistan,town,02_05,2025,0.08075701664718256
Pakistan,town,02_05,2030,0.08042206523812619
Pakistan,town,02_05,2035,0.08004836921004545
Pakistan,town,02_05,2040,0.07960962681079471
Pakistan,town,02_05,2045,0.07910465519094406
Pakistan,town,02_05,2050,0.07854481096257543
Pakistan,town,02_05,2055,0.07793939398159999
Pakistan,town,02_05,2060,0.07730190197631023
Pakistan,town,02_05,2065,0.0766309007390045
Pakistan,town,02_05,2070,0.07593602443365727
Pakistan,town,02_05,2075,0.07522271560590463
Pakistan,town,02_05,2080,0.07450847079154241
Pakistan,town,02_05,2085,0.07380625114268402
Pakistan,town,02_05,2090,0.07312815264967835
Pakistan,town,02_05,2095,0.07247656332659877
Pakistan,town,02_05,2100,0.07184982897879064
Pakistan,town,06_10,2011,0.19908062987368702
Pakistan,town,06_10,2012,0.19901706745811118
Pakistan,town,06_10,2013,0.1989078499385419
Pakistan,town,06_10,2014,0.19877941248242953
Pakistan,town,06_10,2015,0.19864014816146722
Pakistan,town,06_10,2016,0.19845904912855242
Pakistan,town,06_10,2017,0.19832449857383525
Pakistan,town,06_10,2018,0.19811961569806033
Pakistan,town,06_10,2019,0.1980789884087567
Pakistan,town,06_10,2020,0.19822032642970833
Pakistan,town,06_10,2025,0.19749405059976768
Pakistan,town,06_10,2030,0.1966749154549214
Pakistan,town,06_10,2035,0.19576102901702655
Pakistan,town,06_10,2040,0.1946880694502257
Pakistan,town,06_10,2045,0.1934531440557187
Pakistan,town,06_10,2050,0.19208402581738074
Pakistan,town,06_10,2055,0.19060345785141572
Pakistan,town,06_10,2060,0.18904444931473724
Pakistan,town,06_10,2065,0.18740349280328109
Pakistan,town,06_10,2070,0.18570414899507204
Pakistan,town,06_10,2075,0.18395972782190137
Pakistan,town,06_10,2080,0.1822130176614141
Pakistan,town,06_10,2085,0.18049571545509704
Pakistan,town,06_10,2090,0.1788374023617052
Pakistan,town,06_10,2095,0.17724391835145806
Pakistan,town,06_10,2100,0.17571121803466208
Pakistan,town,11_20,2011,0.46310481127692005
Pakistan,town,11_20,2012,0.46295695128427167
Pakistan,town,11_20,2013,0.46270288759751144
Pakistan,town,11_20,2014,0.46240411416128335
Pakistan,town,11_20,2015,0.4620801550844119
Pakistan,town,11_20,2016,0.4616588793756016
Pakistan,town,11_20,2017,0.4613458855434592
Pakistan,town,11_20,2018,0.46086928344721395
Pakistan,town,11_20,2019,0.46077477554276547
Pakistan,town,11_20,2020,0.4611035584964892
Pakistan,town,11_20,2025,0.4594140830745305
Pakistan,town,11_20,2030,0.45750859670498767
Pakistan,town,11_20,2035,0.4553826982355164
Pakistan,town,11_20,2040,0.45288676109684883
Pakistan,town,11_20,2045,0.45001405624290547
Pakistan,town,11_20,2050,0.4468291896700822
Pakistan,town,11_20,2055,0.44338506680943063
Pakistan,town,11_20,2060,0.43975847413381136
Pakistan,town,11_20,2065,0.4359412526591069
Pakistan,town,11_20,2070,0.4319882096428447
Pakistan,town,11_20,2075,0.4279303068790186
Pakistan,town,11_20,2080,0.4238670794332286
Pakistan,town,11_20,2085,0.41987226128006877
Pakistan,town,11_20,2090,0.41601466462367614
Pakistan,town,11_20,2095,0.4123078745039818
Pakistan,town,11_20,2100,0.40874248046537437
Pakistan,town,21_30,2011,0.4152421813255062
Pakistan,town,21_30,2012,0.4151096029018254
Pakistan,town,21_30,2013,0.4148817971072904
Pakistan,town,21_30,2014,0.4146139023880812
Pakistan,town,21_30,2015,0.41432342500485264
Pakistan,town,21_30,2016,0.41394568882071864
Pakistan,town,21_30,2017,0.4136650434064723
Pakistan,town,21_30,2018,0.413237698906372
Pakistan,town,21_30,2019,0.4131529585464361
Pakistan,town,21_30,2020,0.41344776125105587
Pakistan,town,21_30,2025,0.41193289584169945
Pakistan,town,21_30,2030,0.4102243445649521
Pakistan,town,21_30,2035,0.40831816113467045
Pakistan,town,21_30,2040,0.4060801831290998
Pakistan,town,21_30,2045,0.40350437695993757
Pakistan,town,21_30,2050,0.4006486714895425
Pakistan,town,21_30,2055,0.3975605042872483
Pakistan,town,21_30,2060,0.39430872581997006
Pakistan,town,21_30,2065,0.39088602034777176
Pakistan,town,21_30,2070,0.3873415307096265
Pakistan,town,21_30,2075,0.3837030187481294
Pakistan,town,21_30,2080,0.38005973241914626
Pakistan,town,21_30,2085,0.37647778517194974
Pakistan,town,21_30,2090,0.37301887735827854
Pakistan,town,21_30,2095,0.36969518998225326
Pakistan,town,21_30,2100,0.3664982851740433
Pakistan,town,31_50,2011,0.6804906855894606
Pakistan,town,31_50,2012,0.680273418687199
Pakistan,town,31_50,2013,0.6799000950503529
Pakistan,town,31_50,2014,0.6794610744755197
Pakistan,town,31_50,2015,0.6789850458769066
Pakistan,town,31_50,2016,0.6783660192787591
Pakistan,town,31_50,2017,0.6779061031167295
Pakistan,town,31_50,2018,0.6772057793901567
Pakistan,town,31_50,2019,0.677066908561943
Pakistan,town,31_50,2020,0.6775500254118256
Pakistan,town,31_50,2025,0.6750674938980519
Pakistan,town,31_50,2030,0.6722675538101561
Pakistan,town,31_50,2035,0.6691437380523471
Pakistan,town,31_50,2040,0.6654761838976041
Pakistan,town,31_50,2045,0.6612550036205822
Pakistan,town,31_50,2050,0.6565751298968012
Pakistan,town,31_50,2055,0.6515143024779781
Pakistan,town,31_50,2060,0.6461853521494741
Pakistan,town,31_50,2065,0.6405762900211708
Pakistan,town,31_50,2070,0.6347676504069899
Pakistan,town,31_50,2075,0.6288049288662712
Pakistan,town,31_50,2080,0.6228343831864116
Pakistan,town,31_50,2085,0.6169643587823175
Pakistan,town,31_50,2090,0.6112959689718162
Pakistan,town,31_50,2095,0.6058491757438816
Pakistan,town,31_50,2100,0.6006101512840866
Pakistan,town,51+,2011,0.7954469694604287
Pakistan,town,51+,2012,0.7951929993435295
Pakistan,town,51+,2013,0.7947566096002959
Pakistan,town,51+,2014,0.7942434246395359
Pakistan,town,51+,2015,0.7936869798355701
Pakistan,town,51+,2016,0.7929633801714758
Pakistan,town,51+,2017,0.7924257697015025
Pakistan,town,51+,2018,0.7916071392665229
Pakistan,town,51+,2019,0.7914448087867848
Pakistan,town,51+,2020,0.7920095392706437
Pakistan,town,51+,2025,0.7891076300879915
Pakistan,town,51+,2030,0.7858346920379164
Pakistan,town,51+,2035,0.7821831655287041
Pakistan,town,51+,2040,0.7778960461022344
Pakistan,town,51+,2045,0.7729617756853004
Pakistan,town,51+,2050,0.7674913240687372
Pakistan,town,51+,2055,0.7615755636938866
Pakistan,town,51+,2060,0.7553463860152211
Pakistan,town,51+,2065,0.7487897768419312
Pakistan,town,51+,2070,0.7419998752670321
Pakistan,town,51+,2075,0.7350298624810488
Pakistan,town,51+,2080,0.7280507038126897
Pakistan,town,51+,2085,0.7211890476258004
Pakistan,town,51+,2090,0.7145630884584417
Pakistan,town,51+,2095,0.7081961605074956
Pakistan,town,51+,2100,0.7020721000056781
Pakistan,rural,No_travel,2011,0.0
Pakistan,rural,No_travel,2012,0.0
Pakistan,rural,No_travel,2013,0.0
Pakistan,rural,No_travel,2014,0.0
Pakistan,rural,No_travel,2015,0.0
Pakistan,rural,No_travel,2016,0.0
Pakistan,rural,No_travel,2017,0.0
Pakistan,rural,No_travel,2018,0.0
Pakistan,rural,No_travel,2019,0.0
Pakistan,rural,No_travel,2020,0.0
Pakistan,rural,No_travel,2025,0.0
Pakistan,rural,No_travel,2030,0.0
Pakistan,rural,No_travel,2035,0.0
Pakistan,rural,No_travel,2040,0.0
Pakistan,rural,No_travel,2045,0.0
Pakistan,rural,No_travel,2050,0.0
Pakistan,rural,No_travel,2055,0.0
Pakistan,rural,No_travel,2060,0.0
Pakistan,rural,No_travel,2065,0.0
Pakistan,rural,No_travel,2070,0.0
Pakistan,rural,No_travel,2075,0.0
Pakistan,rural,No_travel,2080,0.0
Pakistan,rural,No_travel,2085,0.0
Pakistan,rural,No_travel,2090,0.0
Pakistan,rural,No_travel,2095,0.0
Pakistan,rural,No_travel,2100,0.0
Pakistan,rural,00_01,2011,0.034010264700701204
Pakistan,rural,00_01,2012,0.033999405911575804
Pakistan,rural,00_01,2013,0.033980747558159594
Pakistan,rural,00_01,2014,0.03395880573547881
Pakistan,rural,00_01,2015,0.033935014287650375
Pakistan,rural,00_01,2016,0.033904075938447936
Pakistan,rural,00_01,2017,0.03388108977457825
Pakistan,rural,00_01,2018,0.03384608827371819
Pakistan,rural,00_01,2019,0.033839147644365325
Pakistan,rural,00_01,2020,0.03386329335611984
Pakistan,rural,00_01,2025,0.03373921883798277
Pakistan,rural,00_01,2030,0.033599280547052385
Pakistan,rural,00_01,2035,0.03344315526415115
Pakistan,rural,00_01,2040,0.03325985446334898
Pakistan,rural,00_01,2045,0.03304888396571971
Pakistan,rural,00_01,2050,0.032814988414344486
Pakistan,rural,00_01,2055,0.032562053166642096
Pakistan,rural,00_01,2060,0.03229571739587058
Pakistan,rural,00_01,2065,0.03201538190892555
Pakistan,rural,00_01,2070,0.031725071732735345
Pakistan,rural,00_01,2075,0.031427060691245845
Pakistan,rural,00_01,2080,0.031128658606867934
Pakistan,rural,00_01,2085,0.03083528047839306
Pakistan,rural,00_01,2090,0.030551979851412527
Pakistan,rural,00_01,2095,0.030279754406781243
Pakistan,rural,00_01,2100,0.030017913043740786
Pakistan,rural,02_05,2011,0.1002189696232352
Pakistan,rural,02_05,2012,0.1001869717347424
Pakistan,rural,02_05,2013,0.10013199065856747
Pakistan,rural,02_05,2014,0.10006733409443674
Pakistan,rural,02_05,2015,0.09999722718970686
Pakistan,rural,02_05,2016,0.0999060603168172
Pakistan,rural,02_05,2017,0.09983832636417428
Pakistan,rural,02_05,2018,0.09973518649207001
Pakistan,rural,02_05,2019,0.09971473435127069
Pakistan,rural,02_05,2020,0.09978588517512205
Pakistan,rural,02_05,2025,0.09942027142663686
Pakistan,rural,02_05,2030,0.09900791146850955
Pakistan,rural,02_05,2035,0.09854785286202139
Pakistan,rural,02_05,2040,0.09800771541971774
Pakistan,rural,02_05,2045,0.09738604293115075
Pakistan,rural,02_05,2050,0.09669681656480025
Pakistan,rural,02_05,2055,0.09595148540877403
Pakistan,rural,02_05,2060,0.09516666656789093
Pakistan,rural,02_05,2065,0.09434059438357537
Pakistan,rural,02_05,2070,0.09348512951186791
Pakistan,rural,02_05,2075,0.09260697229147412
Pakistan,rural,02_05,2080,0.09172766277439283
Pakistan,rural,02_05,2085,0.0908631574844608
Pakistan,rural,02_05,2090,0.09002834784156437
Pakistan,rural,02_05,2095,0.08922617373894376
Pakistan,rural,02_05,2100,0.08845459869124596
Pakistan,rural,06_10,2011,0.20903713331151952
Pakistan,rural,06_10,2012,0.20897039198592315
Pakistan,rural,06_10,2013,0.20885571223424343
Pakistan,rural,06_10,2014,0.20872085131054335
Pakistan,rural,06_10,2015,0.20857462204431587
Pakistan,rural,06_10,2016,0.20838446581108505
Pakistan,rural,06_10,2017,0.20824318605794484
Pakistan,rural,06_10,2018,0.2080280564943917
Pakistan,rural,06_10,2019,0.20798539733616203
Pakistan,rural,06_10,2020,0.208133804013127
Pakistan,rural,06_10,2025,0.2073712053736684
Pakistan,rural,06_10,2030,0.20651110330054345
Pakistan,rural,06_10,2035,0.20555151119320972
Pakistan,rural,06_10,2040,0.20442489032534567
Pakistan,rural,06_10,2045,0.203128203327293
Pakistan,rural,06_10,2050,0.2016906121769723
Pakistan,rural,06_10,2055,0.20013599742879432
Pakistan,rural,06_10,2060,0.1984990191073864
Pakistan,rural,06_10,2065,0.19677599439493043
Pakistan,rural,06_10,2070,0.1949916622959006
Pakistan,rural,06_10,2075,0.19315999840394446
Pakistan,rural,06_10,2080,0.191325931046884
Pakistan,rural,06_10,2085,0.18952274240685493
Pakistan,rural,06_10,2090,0.1877814930678533
Pakistan,rural,06_10,2095,0.18610831507112324
Pakistan,rural,06_10,2100,0.18449896070725588
Pakistan,rural,11_20,2011,0.42565676697973387
Pakistan,rural,11_20,2012,0.4255208633896528
Pakistan,rural,11_20,2013,0.4252873440547637
Pakistan,rural,11_20,2014,0.42501273033487247
Pakistan,rural,11_20,2015,0.4247149675607942
Pakistan,rural,11_20,2016,0.42432775746957346
Pakistan,rural,11_20,2017,0.424040073257641
Pakistan,rural,11_20,2018,0.42360201063664565
Pakistan,rural,11_20,2019,0.4235151449248629
Pakistan,rural,11_20,2020,0.4238173415026402
Pakistan,rural,11_20,2025,0.4222644821315191
Pakistan,rural,11_20,2030,0.42051307910604163
Pakistan,rural,11_20,2035,0.4185590871642451
Pakistan,rural,11_20,2040,0.4162649789901139
Pakistan,rural,11_20,2045,0.41362456966842076
Pakistan,rural,11_20,2050,0.41069724096088306
Pakistan,rural,11_20,2055,0.4075316202066877
Pakistan,rural,11_20,2060,0.40419828469414987
Pakistan,rural,11_20,2065,0.40068973519908374
Pakistan,rural,11_20,2070,0.3970563470997582
Pakistan,rural,11_20,2075,0.39332657852662306
Pakistan,rural,11_20,2080,0.38959191584128094
Pakistan,rural,11_20,2085,0.38592013066794756
Pakistan,rural,11_20,2090,0.38237447084950515
Pakistan,rural,11_20,2095,0.37896742289880264
Pakistan,rural,11_20,2100,0.37569033731789947
Pakistan,rural,21_30,2011,0.4472028880076915
Pakistan,rural,21_30,2012,0.44706010517727596
Pakistan,rural,21_30,2013,0.4468147654362705
Pakistan,rural,21_30,2014,0.4465262511727871
Pakistan,rural,21_30,2015,0.4462134160839576
Pakistan,rural,21_30,2016,0.4458066059860275
Pakistan,rural,21_30,2017,0.44550435962137247
Pakistan,rural,21_30,2018,0.4450441229132206
Pakistan,rural,21_30,2019,0.4449528601865554
Pakistan,rural,21_30,2020,0.44527035351172195
Pakistan,rural,21_30,2025,0.44363889067756423
Pakistan,rural,21_30,2030,0.4417988342005666
Pakistan,rural,21_30,2035,0.43974593405354095
Pakistan,rural,21_30,2040,0.4373357014895127
Pakistan,rural,21_30,2045,0.43456163852192026
Pakistan,rural,21_30,2050,0.4314861327301352
Pakistan,rural,21_30,2055,0.42816027289790876
Pakistan,rural,21_30,2060,0.4246582088323409
Pakistan,rural,21_30,2065,0.42097206170952023
Pakistan,rural,21_30,2070,0.4171547568354536
Pakistan,rural,21_30,2075,0.41323619284940105
Pakistan,rural,21_30,2080,0.40931248701836215
Pakistan,rural,21_30,2085,0.405454841466737
Pakistan,rural,21_30,2090,0.40172970555041837
Pakistan,rural,21_30,2095,0.39815019783121564
Pakistan,rural,21_30,2100,0.39470723098629285
Pakistan,rural,31_50,2011,0.7371136503841371
Pakistan,rural,31_50,2012,0.7368783049153084
Pakistan,rural,31_50,2013,0.7364739173835496
Pakistan,rural,31_50,2014,0.7359983663358102
Pakistan,rural,31_50,2015,0.7354827278628059
Pakistan,rural,31_50,2016,0.734812192666501
Pakistan,rural,31_50,2017,0.7343140073301792
Pakistan,rural,31_50,2018,0.7335554103508574
Pakistan,rural,31_50,2019,0.7334049842167689
Pakistan,rural,31_50,2020,0.7339283007475023
Pakistan,rural,31_50,2025,0.7312392002130456
Pakistan,rural,31_50,2030,0.7282062798472688
Pakistan,rural,31_50,2035,0.724822534433661
Pakistan,rural,31_50,2040,0.7208498066825937
Pakistan,rural,31_50,2045,0.7162773861207606
Pakistan,rural,31_50,2050,0.7112081046788187
Pakistan,rural,31_50,2055,0.7057261707572375
Pakistan,rural,31_50,2060,0.6999538036807409
Pakistan,rural,31_50,2065,0.6938780169753818
Pakistan,rural,31_50,2070,0.6875860461366246
Pakistan,rural,31_50,2075,0.6811271723648314
Pakistan,rural,31_50,2080,0.6746598234149274
Pakistan,rural,31_50,2085,0.6683013600178894
Pakistan,rural,31_50,2090,0.6621613090318872
Pakistan,rural,31_50,2095,0.6562612934634852
Pakistan,rural,31_50,2100,0.6505863348993335
Pakistan,rural,51+,2011,0.8701436965792113
Pakistan,rural,51+,2012,0.8698658773092615
Pakistan,rural,51+,2013,0.8693885082338797
Pakistan,rural,51+,2014,0.8688271324590905
Pakistan,rural,51+,2015,0.8682184345103215
Pakistan,rural,51+,2016,0.8674268849655599
Pakistan,rural,51+,2017,0.8668387899955335
Pakistan,rural,51+,2018,0.8659432857819609
Pakistan,rural,51+,2019,0.8657657116014941
Pakistan,rural,51+,2020,0.8663834732998374
Pakistan,rural,51+,2025,0.8632090593159072
Pakistan,rural,51+,2030,0.8596287748684112
Pakistan,rural,51+,2035,0.8556343504795191
Pakistan,rural,51+,2040,0.8509446475971819
Pakistan,rural,51+,2045,0.8455470227832679
Pakistan,rural,51+,2050,0.8395628664858054
Pakistan,rural,51+,2055,0.8330915845546654
Pakistan,rural,51+,2060,0.8262774537576879
Pakistan,rural,51+,2065,0.8191051438965521
Pakistan,rural,51+,2070,0.8116776342288752
Pakistan,rural,51+,2075,0.8040530999435614
Pakistan,rural,51+,2080,0.7964185609285744
Pakistan,rural,51+,2085,0.7889125585068599
Pakistan,rural,51+,2090,0.7816643863160987
Pakistan,rural,51+,2095,0.7746995697591283
Pakistan,rural,51+,2100,0.7680004272044201
Sri Lanka,large_city,No_travel,2011,0.0
Sri Lanka,large_city,No_travel,2012,0.0
Sri Lanka,large_city,No_travel,2013,0.0
Sri Lanka,large_city,No_travel,2014,0.0
Sri Lanka,large_city,No_travel,2015,0.0
Sri Lanka,large_city,No_travel,2016,0.0
Sri Lanka,large_city,No_travel,2017,0.0
Sri Lanka,large_city,No_travel,2018,0.0
Sri Lanka,large_city,No_travel,2019,0.0
Sri Lanka,large_city,No_travel,2020,0.0
Sri Lanka,large_city,No_travel,2025,0.0
Sri Lanka,large_city,No_travel,2030,0.0
Sri Lanka,large_city,No_travel,2035,0.0
Sri Lanka,large_city,No_travel,2040,0.0
Sri Lanka,large_city,No_travel,2045,0.0
Sri Lanka,large_city,No_travel,2050,0.0
Sri Lanka,large_city,No_travel,2055,0.0
Sri Lanka,large_city,No_travel,2060,0.0
Sri Lanka,large_city,No_travel,2065,0.0
Sri Lanka,large_city,No_travel,2070,0.0
Sri Lanka,large_city,No_travel,2075,0.0
Sri Lanka,large_city,No_travel,2080,0.0
Sri Lanka,large_city,No_travel,2085,0.0
Sri Lanka,large_city,No_travel,2090,0.0
Sri Lanka,large_city,No_travel,2095,0.0
Sri Lanka,large_city,No_travel,2100,0.0
Sri Lanka,large_city,00_01,2011,0.04845544984797895
Sri Lanka,large_city,00_01,2012,0.04838999835475129
Sri Lanka,large_city,00_01,2013,0.04835850015121829
Sri Lanka,large_city,00_01,2014,0.048304794907020374
Sri Lanka,large_city,00_01,2015,0.04826886246766002
Sri Lanka,large_city,00_01,2016,0.048223040238883234
Sri Lanka,large_city,00_01,2017,0.04816081243123046
Sri Lanka,large_city,00_01,2018,0.04813950592169678
Sri Lanka,large_city,00_01,2019,0.04814545944443987
Sri Lanka,large_city,00_01,2020,0.04819963830584357
Sri Lanka,large_city,00_01,2025,0.04825053863895437
Sri Lanka,large_city,00_01,2030,0.04812854471055333
Sri Lanka,large_city,00_01,2035,0.047984479362823025
Sri Lanka,large_city,00_01,2040,0.04782116578909555
Sri Lanka,large_city,00_01,2045,0.04763803093988662
Sri Lanka,large_city,00_01,2050,0.047435561138318094
Sri Lanka,large_city,00_01,2055,0.04721655595947929
Sri Lanka,large_city,00_01,2060,0.04698800729956589
Sri Lanka,large_city,00_01,2065,0.04675600398943691
Sri Lanka,large_city,00_01,2070,0.0465243193323631
Sri Lanka,large_city,00_01,2075,0.04628659765148781
Sri Lanka,large_city,00_01,2080,0.04605104878345267
Sri Lanka,large_city,00_01,2085,0.04581897514462848
Sri Lanka,large_city,00_01,2090,0.04559718522501199
Sri Lanka,large_city,00_01,2095,0.045387027235259364
Sri Lanka,large_city,00_01,2100,0.0451822887985597
Sri Lanka,large_city,02_05,2011,0.19139849721913774
Sri Lanka,large_city,02_05,2012,0.19113996453635745
Sri Lanka,large_city,02_05,2013,0.191015546976718
Sri Lanka,large_city,02_05,2014,0.1908034118492036
Sri Lanka,large_city,02_05,2015,0.19066147910651798
Sri Lanka,large_city,02_05,2016,0.19048048180374555
Sri Lanka,large_city,02_05,2017,0.19023468264374704
Sri Lanka,large_city,02_05,2018,0.19015052216399658
Sri Lanka,large_city,02_05,2019,0.1901740385137521
Sri Lanka,large_city,02_05,2020,0.1903880444240521
Sri Lanka,large_city,02_05,2025,0.19058910018343367
Sri Lanka,large_city,02_05,2030,0.19010722549980005
Sri Lanka,large_city,02_05,2035,0.18953816895108488
Sri Lanka,large_city,02_05,2040,0.18889308212008876
Sri Lanka,large_city,02_05,2045,0.1881697014676129
Sri Lanka,large_city,02_05,2050,0.18736994796467252
Sri Lanka,large_city,02_05,2055,0.18650487990226747
Sri Lanka,large_city,02_05,2060,0.1856021151939403
Sri Lanka,large_city,02_05,2065,0.18468570465502537
Sri Lanka,large_city,02_05,2070,0.18377055279219504
Sri Lanka,large_city,02_05,2075,0.1828315547513413
Sri Lanka,large_city,02_05,2080,0.18190113929745455
Sri Lanka,large_city,02_05,2085,0.18098445096096233
Sri Lanka,large_city,02_05,2090,0.18010838320292621
Sri Lanka,large_city,02_05,2095,0.17927826144070044
Sri Lanka,large_city,02_05,2100,0.17846954685379116
Sri Lanka,large_city,06_10,2011,0.3029745494359447
Sri Lanka,large_city,06_10,2012,0.3025653047228572
Sri Lanka,large_city,06_10,2013,0.30236835775294174
Sri Lanka,large_city,06_10,2014,0.3020325581222653
Sri Lanka,large_city,06_10,2015,0.3018078854660524
Sri Lanka,large_city,06_10,2016,0.30152137550357444
Sri Lanka,large_city,06_10,2017,0.30113228734021746
Sri Lanka,large_city,06_10,2018,0.3009990653776462
Sri Lanka,large_city,06_10,2019,0.3010362906201381
Sri Lanka,large_city,06_10,2020,0.3013750516093403
Sri Lanka,large_city,06_10,2025,0.3016933131369655
Sri Lanka,large_city,06_10,2030,0.3009305288555857
Sri Lanka,large_city,06_10,2035,0.30002973990501647
Sri Lanka,large_city,06_10,2040,0.29900859870062996
Sri Lanka,large_city,06_10,2045,0.2978635221695241
Sri Lanka,large_city,06_10,2050,0.2965975511157611
Sri Lanka,large_city,06_10,2055,0.29522819027831143
Sri Lanka,large_city,06_10,2060,0.29379915747645546
Sri Lanka,large_city,06_10,2065,0.29234852398580574
Sri Lanka,large_city,06_10,2070,0.2908998829184256
Sri Lanka,large_city,06_10,2075,0.28941349450638304
Sri Lanka,large_city,06_10,2080,0.2879406919137544
Sri Lanka,large_city,06_10,2085,0.28648961868299677
Sri Lanka,large_city,06_10,2090,0.28510284586020673
Sri Lanka,large_city,06_10,2095,0.283788803323084
Sri Lanka,large_city,06_10,2100,0.282508647307488
Sri Lanka,large_city,11_20,2011,0.4299190619080786
Sri Lanka,large_city,11_20,2012,0.4293383461236374
Sri Lanka,large_city,11_20,2013,0.42905887955884064
Sri Lanka,large_city,11_20,2014,0.4285823819042414
Sri Lanka,large_city,11_20,2015,0.4282635727574821
Sri Lanka,large_city,11_20,2016,0.4278570168453596
Sri Lanka,large_city,11_20,2017,0.42730490308365454
Sri Lanka,large_city,11_20,2018,0.42711586192068957
Sri Lanka,large_city,11_20,2019,0.42716868431570987
Sri Lanka,large_city,11_20,2020,0.42764938412023146
Sri Lanka,large_city,11_20,2025,0.4281009953121708
Sri Lanka,large_city,11_20,2030,0.4270186090084381
Sri Lanka,large_city,11_20,2035,0.4257403949098385
Sri Lanka,large_city,11_20,2040,0.4242914016875271
Sri Lanka,large_city,11_20,2045,0.42266654498262407
Sri Lanka,large_city,11_20,2050,0.4208701396777895
Sri Lanka,large_city,11_20,2055,0.4189270248922538
Sri Lanka,large_city,11_20,2060,0.41689923594841816
Sri Lanka,large_city,11_20,2065,0.41484079575720856
Sri Lanka,large_city,11_20,2070,0.4127851828026252
Sri Lanka,large_city,11_20,2075,0.41067600659318426
Sri Lanka,large_city,11_20,2080,0.4085861085797124
Sri Lanka,large_city,11_20,2085,0.40652704439993675
Sri Lanka,large_city,11_20,2090,0.40455922211201367
Sri Lanka,large_city,11_20,2095,0.40269460366165577
Sri Lanka,large_city,11_20,2100,0.400878069981366
Sri Lanka,large_city,21_30,2011,0.40425825414739147
Sri Lanka,large_city,21_30,2012,0.40371219985491114
Sri Lanka,large_city,21_30,2013,0.4034494139596408
Sri Lanka,large_city,21_30,2014,0.4030013572740435
Sri Lanka,large_city,21_30,2015,0.40270157705843007
Sri Lanka,large_city,21_30,2016,0.40231928746531803
Sri Lanka,large_city,21_30,2017,0.4018001280114268
Sri Lanka,large_city,21_30,2018,0.40162237024892367
Sri Lanka,large_city,21_30,2019,0.4016720398055514
Sri Lanka,large_city,21_30,2020,0.4021240478251131
Sri Lanka,large_city,21_30,2025,0.4025487034595866
Sri Lanka,large_city,21_30,2030,0.4015309221229833
Sri Lanka,large_city,21_30,2035,0.4003290014692838
Sri Lanka,large_city,21_30,2040,0.3989664950762822
Sri Lanka,large_city,21_30,2045,0.39743862205793196
Sri Lanka,large_city,21_30,2050,0.3957494397521965
Sri Lanka,large_city,21_30,2055,0.3939223046925824
Sri Lanka,large_city,21_30,2060,0.3920155494662006
Sri Lanka,large_city,21_30,2065,0.39007997248975307
Sri Lanka,large_city,21_30,2070,0.38814705399915517
Sri Lanka,large_city,21_30,2075,0.38616376931218743
Sri Lanka,large_city,21_30,2080,0.38419861215325024
Sri Lanka,large_city,21_30,2085,0.38226244843257406
Sri Lanka,large_city,21_30,2090,0.38041208060041176
Sri Lanka,large_city,21_30,2095,0.3786587566234585
Sri Lanka,large_city,21_30,2100,0.37695064735532163
Sri Lanka,large_city,31_50,2011,0.46875265225046414
Sri Lanka,large_city,31_50,2012,0.468119481757971
Sri Lanka,large_city,31_50,2013,0.46781477162745855
Sri Lanka,large_city,31_50,2014,0.4672952330464215
Sri Lanka,large_city,31_50,2015,0.466947626609894
Sri Lanka,large_city,31_50,2016,0.46650434744648644
Sri Lanka,large_city,31_50,2017,0.46590236253101286
Sri Lanka,large_city,31_50,2018,0.46569624571885976
Sri Lanka,large_city,31_50,2019,0.4657538394381382
Sri Lanka,large_city,31_50,2020,0.4662779597395403
Sri Lanka,large_city,31_50,2025,0.46677036392154614
Sri Lanka,large_city,31_50,2030,0.4655902081769219
Sri Lanka,large_city,31_50,2035,0.46419653596754545
Sri Lanka,large_city,31_50,2040,0.4626166585528598
Sri Lanka,large_city,31_50,2045,0.4608450323156563
Sri Lanka,large_city,31_50,2050,0.4588863618919243
Sri Lanka,large_city,31_50,2055,0.4567677300608432
Sri Lanka,large_city,31_50,2060,0.4545567756514051
Sri Lanka,large_city,31_50,2065,0.4523124013386078
Sri Lanka,large_city,31_50,2070,0.45007110964015457
Sri Lanka,large_city,31_50,2075,0.44777141644243723
Sri Lanka,large_city,31_50,2080,0.44549274279535583
Sri Lanka,large_city,31_50,2085,0.44324768813055443
Sri Lanka,large_city,31_50,2090,0.44110211702578045
Sri Lanka,large_city,31_50,2095,0.43906907192152006
Sri Lanka,large_city,31_50,2100,0.4370884549729276
Sri Lanka,large_city,51+,2011,0.39941959644820463
Sri Lanka,large_city,51+,2012,0.39888007800200415
Sri Lanka,large_city,51+,2013,0.39862043745004433
Sri Lanka,large_city,51+,2014,0.3981777436553941
Sri Lanka,large_city,51+,2015,0.39788155157640737
Sri Lanka,large_city,51+,2016,0.39750383769316405
Sri Lanka,large_city,51+,2017,0.39699089217519845
Sri Lanka,large_city,51+,2018,0.39681526203521705
Sri Lanka,large_city,51+,2019,0.39686433708578306
Sri Lanka,large_city,51+,2020,0.3973109349199954
Sri Lanka,large_city,51+,2025,0.3977305077559504
Sri Lanka,large_city,51+,2030,0.39672490847240344
Sri Lanka,large_city,51+,2035,0.39553737387653987
Sri Lanka,large_city,51+,2040,0.39419117562809947
Sri Lanka,large_city,51+,2045,0.39268159006453285
Sri Lanka,large_city,51+,2050,0.3910126259606154
Sri Lanka,large_city,51+,2055,0.38920736029026665
Sri Lanka,large_city,51+,2060,0.38732342744478104
Sri Lanka,large_city,51+,2065,0.38541101782321957
Sri Lanka,large_city,51+,2070,0.38350123486749443
Sri Lanka,large_city,51+,2075,0.3815416885596985
Sri Lanka,large_city,51+,2080,0.379600052807485
Sri Lanka,large_city,51+,2085,0.37768706346456815
Sri Lanka,large_city,51+,2090,0.3758588430999358
Sri Lanka,large_city,51+,2095,0.37412650505084716
Sri Lanka,large_city,51+,2100,0.3724388405255858
Sri Lanka,city,No_travel,2011,0.0
Sri Lanka,city,No_travel,2012,0.0
Sri Lanka,city,No_travel,2013,0.0
Sri Lanka,city,No_travel,2014,0.0
Sri Lanka,city,No_travel,2015,0.0
Sri Lanka,city,No_travel,2016,0.0
Sri Lanka,city,No_travel,2017,0.0
Sri Lanka,city,No_travel,2018,0.0
Sri Lanka,city,No_travel,2019,0.0
Sri Lanka,city,No_travel,2020,0.0
Sri Lanka,city,No_travel,2025,0.0
Sri Lanka,city,No_travel,2030,0.0
Sri Lanka,city,No_travel,2035,0.0
Sri Lanka,city,No_travel,2040,0.0
Sri Lanka,city,No_travel,2045,0.0
Sri Lanka,city,No_travel,2050,0.0
Sri Lanka,city,No_travel,2055,0.0
Sri Lanka,city,No_travel,2060,0.0
Sri Lanka,city,No_travel,2065,0.0
Sri Lanka,city,No_travel,2070,0.0
Sri Lanka,city,No_travel,2075,0.0
Sri Lanka,city,No_travel,2080,0.0
Sri Lanka,city,No_travel,2085,0.0
Sri Lanka,city,No_travel,2090,0.0
Sri Lanka,city,No_travel,2095,0.0
Sri Lanka,city,No_travel,2100,0.0
Sri Lanka,city,00_01,2011,0.03443334851853788
Sri Lanka,city,00_01,2012,0.034386837463859045
Sri Lanka,city,00_01,2013,0.034364454251581335
Sri Lanka,city,00_01,2014,0.03432629030105478
Sri Lanka,city,00_01,2015,0.03430075603790176
Sri Lanka,city,00_01,2016,0.0342681939055035
Sri Lanka,city,00_01,2017,0.03422397366205978
Sri Lanka,city,00_01,2018,0.034208832858067896
Sri Lanka,city,00_01,2019,0.03421306354262802
Sri Lanka,city,00_01,2020,0.034251564054395105
Sri Lanka,city,00_01,2025,0.03428773478266638
Sri Lanka,city,00_01,2030,0.034201043616513604
Sri Lanka,city,00_01,2035,0.03409866808716851
Sri Lanka,city,00_01,2040,0.033982614408591405
Sri Lanka,city,00_01,2045,0.03385247536110583
Sri Lanka,city,00_01,2050,0.03370859653501381
Sri Lanka,city,00_01,2055,0.033552967360710804
Sri Lanka,city,00_01,2060,0.033390556410344385
Sri Lanka,city,00_01,2065,0.033225690520951374
Sri Lanka,city,00_01,2070,0.03306105107237646
Sri Lanka,city,00_01,2075,0.032892121601828306
Sri Lanka,city,00_01,2080,0.0327247361727043
Sri Lanka,city,00_01,2085,0.0325598203064257
Sri Lanka,city,00_01,2090,0.032402212243266386
Sri Lanka,city,00_01,2095,0.032252870046922934
Sri Lanka,city,00_01,2100,0.03210737908629543
Sri Lanka,city,02_05,2011,0.1172561922728026
Sri Lanka,city,02_05,2012,0.1170978077588104
Sri Lanka,city,02_05,2013,0.11702158600416154
Sri Lanka,city,02_05,2014,0.11689162595922366
Sri Lanka,city,02_05,2015,0.11680467390260904
Sri Lanka,city,02_05,2016,0.11669378977946755
Sri Lanka,city,02_05,2017,0.11654320618563568
Sri Lanka,city,02_05,2018,0.11649164706924359
Sri Lanka,city,02_05,2019,0.11650605385753374
Sri Lanka,city,02_05,2020,0.11663715999749953
Sri Lanka,city,02_05,2025,0.11676033250471418
Sri Lanka,city,02_05,2030,0.11646512229472572
Sri Lanka,city,02_05,2035,0.1161165019812974
Sri Lanka,city,02_05,2040,0.11572130334292287
Sri Lanka,city,02_05,2045,0.11527813967076497
Sri Lanka,city,02_05,2050,0.11478818780659618
Sri Lanka,city,02_05,2055,0.11425822237568532
Sri Lanka,city,02_05,2060,0.11370516290157925
Sri Lanka,city,02_05,2065,0.11314374360146424
Sri Lanka,city,02_05,2070,0.11258309540230943
Sri Lanka,city,02_05,2075,0.11200783835263642
Sri Lanka,city,02_05,2080,0.11143783924115111
Sri Lanka,city,02_05,2085,0.11087624975429687
Sri Lanka,city,02_05,2090,0.11033954559531554
Sri Lanka,city,02_05,2095,0.10983098926715411
Sri Lanka,city,02_05,2100,0.10933554758671142
Sri Lanka,city,06_10,2011,0.200017206570617
Sri Lanka,city,06_10,2012,0.19974703211382536
Sri Lanka,city,06_10,2013,0.19961701200870965
Sri Lanka,city,06_10,2014,0.19939532439758725
Sri Lanka,city,06_10,2015,0.19924700039752793
Sri Lanka,city,06_10,2016,0.19905785275309315
Sri Lanka,city,06_10,2017,0.1988009852119441
Sri Lanka,city,06_10,2018,0.19871303497039094
Sri Lanka,city,06_10,2019,0.19873761026567893
Sri Lanka,city,06_10,2020,0.1989612529012781
Sri Lanka,city,06_10,2025,0.19917136223829338
Sri Lanka,city,06_10,2030,0.1986677886494833
Sri Lanka,city,06_10,2035,0.19807310738025471
Sri Lanka,city,06_10,2040,0.19739897217122215
Sri Lanka,city,06_10,2045,0.1966430175556026
Sri Lanka,city,06_10,2050,0.1958072510060876
Sri Lanka,city,06_10,2055,0.19490322877054406
Sri Lanka,city,06_10,2060,0.1939598124022149
Sri Lanka,city,06_10,2065,0.19300213572904973
Sri Lanka,city,06_10,2070,0.19204577441038356
Sri Lanka,city,06_10,2075,0.19106449311593426
Sri Lanka,city,06_10,2080,0.1900921808839135
Sri Lanka,city,06_10,2085,0.1891342139038953
Sri Lanka,city,06_10,2090,0.18821869665441374
Sri Lanka,city,06_10,2095,0.18735119435734096
Sri Lanka,city,06_10,2100,0.18650606320460625
Sri Lanka,city,11_20,2011,0.34492847757715667
Sri Lanka,city,11_20,2012,0.3444625633407808
Sri Lanka,city,11_20,2013,0.3442383444464121
Sri Lanka,city,11_20,2014,0.3438560454856716
Sri Lanka,city,11_20,2015,0.34360026163384305
Sri Lanka,city,11_20,2016,0.34327407765122075
Sri Lanka,city,11_20,2017,0.34283111111135833
Sri Lanka,city,11_20,2018,0.3426794414453251
Sri Lanka,city,11_20,2019,0.3427218213952056
Sri Lanka,city,11_20,2020,0.3431074917839745
Sri Lanka,city,11_20,2025,0.3434698240802004
Sri Lanka,city,11_20,2030,0.3426014144352782
Sri Lanka,city,11_20,2035,0.3415758901398659
Sri Lanka,city,11_20,2040,0.3404133480000192
Sri Lanka,city,11_20,2045,0.3391097087824051
Sri Lanka,city,11_20,2050,0.337668434361685
Sri Lanka,city,11_20,2055,0.3361094534182538
Sri Lanka,city,11_20,2060,0.3344825375282238
Sri Lanka,city,11_20,2065,0.3328310298277131
Sri Lanka,city,11_20,2070,0.3311817904481763
Sri Lanka,city,11_20,2075,0.32948957671930473
Sri Lanka,city,11_20,2080,0.32781283008499873
Sri Lanka,city,11_20,2085,0.3261608217520546
Sri Lanka,city,11_20,2090,0.32458201772577294
Sri Lanka,city,11_20,2095,0.32308601519801866
Sri Lanka,city,11_20,2100,0.32162859157500207
Sri Lanka,city,21_30,2011,0.3020747578557574
Sri Lanka,city,21_30,2012,0.3016667285416127
Sri Lanka,city,21_30,2013,0.30147036647635533
Sri Lanka,city,21_30,2014,0.30113556412310993
Sri Lanka,city,21_30,2015,0.30091155871292385
Sri Lanka,city,21_30,2016,0.3006258996445304
Sri Lanka,city,21_30,2017,0.3002379670180131
Sri Lanka,city,21_30,2018,0.30010514070583705
Sri Lanka,city,21_30,2019,0.30014225539462125
Sri Lanka,city,21_30,2020,0.30048001031157634
Sri Lanka,city,21_30,2025,0.30079732664745723
Sri Lanka,city,21_30,2030,0.300036807727558
Sri Lanka,city,21_30,2035,0.29913869399282705
Sri Lanka,city,21_30,2040,0.29812058543345843
Sri Lanka,city,21_30,2045,0.29697890961777
Sri Lanka,city,21_30,2050,0.29571669831906583
Sri Lanka,city,21_30,2055,0.2943514042897163
Sri Lanka,city,21_30,2060,0.2929266155132588
Sri Lanka,city,21_30,2065,0.29148029019899974
Sri Lanka,city,21_30,2070,0.29003595139079474
Sri Lanka,city,21_30,2075,0.28855397734220456
Sri Lanka,city,21_30,2080,0.28708554876506526
Sri Lanka,city,21_30,2085,0.28563878501666423
Sri Lanka,city,21_30,2090,0.28425613071310923
Sri Lanka,city,21_30,2095,0.28294599069655496
Sri Lanka,city,21_30,2100,0.2816696365633491
Sri Lanka,city,31_50,2011,0.44826275741542626
Sri Lanka,city,31_50,2012,0.44765726377284865
Sri Lanka,city,31_50,2013,0.4473658729878362
Sri Lanka,city,31_50,2014,0.4468690442321987
Sri Lanka,city,31_50,2015,0.4465366322042665
Sri Lanka,city,31_50,2016,0.446112729450565
Sri Lanka,city,31_50,2017,0.4455370582157738
Sri Lanka,city,31_50,2018,0.4453399510844928
Sri Lanka,city,31_50,2019,0.4453950272942798
Sri Lanka,city,31_50,2020,0.4458962374962829
Sri Lanka,city,31_50,2025,0.44636711793894085
Sri Lanka,city,31_50,2030,0.4452385486055726
Sri Lanka,city,31_50,2035,0.4439057959384484
Sri Lanka,city,31_50,2040,0.44239497738012074
Sri Lanka,city,31_50,2045,0.44070079163336146
Sri Lanka,city,31_50,2050,0.4388277376873305
Sri Lanka,city,31_50,2055,0.4368017144915385
Sri Lanka,city,31_50,2060,0.4346874042783881
Sri Lanka,city,31_50,2065,0.4325411349969306
Sri Lanka,city,31_50,2070,0.430397813584033
Sri Lanka,city,31_50,2075,0.4281986434906605
Sri Lanka,city,31_50,2080,0.426019574151241
Sri Lanka,city,31_50,2085,0.4238726542570053
Sri Lanka,city,31_50,2090,0.4218208693443453
Sri Lanka,city,31_50,2095,0.41987669174874054
Sri Lanka,city,31_50,2100,0.4179826505939922
Sri Lanka,city,51+,2011,0.5770710661778331
Sri Lanka,city,51+,2012,0.5762915839297409
Sri Lanka,city,51+,2013,0.5759164619991326
Sri Lanka,city,51+,2014,0.5752768694945564
Sri Lanka,city,51+,2015,0.5748489388663793
Sri Lanka,city,51+,2016,0.5743032276512771
Sri Lanka,city,51+,2017,0.5735621372802093
Sri Lanka,city,51+,2018,0.5733083914123719
Sri Lanka,city,51+,2019,0.573379293771707
Sri Lanka,city,51+,2020,0.5740245267313148
Sri Lanka,city,51+,2025,0.574630714674863
Sri Lanka,city,51+,2030,0.5731778509299081
Sri Lanka,city,51+,2035,0.571462131767774
Sri Lanka,city,51+,2040,0.5695171794784465
Sri Lanka,city,51+,2045,0.5673361694368748
Sri Lanka,city,51+,2050,0.5649248934168084
Sri Lanka,city,51+,2055,0.5623166924312127
Sri Lanka,city,51+,2060,0.5595948351527534
Sri Lanka,city,51+,2065,0.5568318353673227
Sri Lanka,city,51+,2070,0.5540726305205184
Sri Lanka,city,51+,2075,0.5512415288742292
Sri Lanka,city,51+,2080,0.5484363039337845
Sri Lanka,city,51+,2085,0.545672466581986
Sri Lanka,city,51+,2090,0.543031101249869
Sri Lanka,city,51+,2095,0.5405282641986638
Sri Lanka,city,51+,2100,0.5380899702952013
Sri Lanka,town,No_travel,2011,0.0
Sri Lanka,town,No_travel,2012,0.0
Sri Lanka,town,No_travel,2013,0.0
Sri Lanka,town,No_travel,2014,0.0
Sri Lanka,town,No_travel,2015,0.0
Sri Lanka,town,No_travel,2016,0.0
Sri Lanka,town,No_travel,2017,0.0
Sri Lanka,town,No_travel,2018,0.0
Sri Lanka,town,No_travel,2019,0.0
Sri Lanka,town,No_travel,2020,0.0
Sri Lanka,town,No_travel,2025,0.0
Sri Lanka,town,No_travel,2030,0.0
Sri Lanka,town,No_travel,2035,0.0
Sri Lanka,town,No_travel,2040,0.0
Sri Lanka,town,No_travel,2045,0.0
Sri Lanka,town,No_travel,2050,0.0
Sri Lanka,town,No_travel,2055,0.0
Sri Lanka,town,No_travel,2060,0.0
Sri Lanka,town,No_travel,2065,0.0
Sri Lanka,town,No_travel,2070,0.0
Sri Lanka,town,No_travel,2075,0.0
Sri Lanka,town,No_travel,2080,0.0
Sri Lanka,town,No_travel,2085,0.0
Sri Lanka,town,No_travel,2090,0.0
Sri Lanka,town,No_travel,2095,0.0
Sri Lanka,town,No_travel,2100,0.0
Sri Lanka,town,00_01,2011,0.027047867565327503
Sri Lanka,town,00_01,2012,0.02701133249390976
Sri Lanka,town,00_01,2013,0.02699375017364694
Sri Lanka,town,00_01,2014,0.026963771867033623
Sri Lanka,town,00_01,2015,0.026943714353086956
Sri Lanka,town,00_01,2016,0.026918136351450583
Sri Lanka,town,00_01,2017,0.02688340074367987
Sri Lanka,town,00_01,2018,0.02687150743446585
Sri Lanka,town,00_01,2019,0.026874830695217893
Sri Lanka,town,00_01,2020,0.026905073375302076
Sri Lanka,town,00_01,2025,0.026933485978493897
Sri Lanka,town,00_01,2030,0.02686538887838405
Sri Lanka,town,00_01,2035,0.026784971495852527
Sri Lanka,town,00_01,2040,0.026693809739483338
Sri Lanka,town,00_01,2045,0.026591583732634986
Sri Lanka,town,00_01,2050,0.02647856494123
Sri Lanka,town,00_01,2055,0.026356316090131983
Sri Lanka,town,00_01,2060,0.026228740060914114
Sri Lanka,town,00_01,2065,0.026099235643417762
Sri Lanka,town,00_01,2070,0.025969909098289997
Sri Lanka,town,00_01,2075,0.02583721268205829
Sri Lanka,town,00_01,2080,0.025705729131544047
Sri Lanka,town,00_01,2085,0.02557618545651856
Sri Lanka,town,00_01,2090,0.02545238216108054
Sri Lanka,town,00_01,2095,0.025335071817404894
Sri Lanka,town,00_01,2100,0.025220786672209495
Sri Lanka,town,02_05,2011,0.08140578256416522
Sri Lanka,town,02_05,2012,0.08129582320886242
Sri Lanka,town,02_05,2013,0.08124290581946632
Sri Lanka,town,02_05,2014,0.08115268031448293
Sri Lanka,town,02_05,2015,0.0810923133515356
Sri Lanka,town,02_05,2016,0.08101533141443439
Sri Lanka,town,02_05,2017,0.08091078789259898
Sri Lanka,town,02_05,2018,0.08087499268096145
Sri Lanka,town,02_05,2019,0.0808849946761846
Sri Lanka,town,02_05,2020,0.08097601586420042
Sri Lanka,town,02_05,2025,0.08106152908227311
Sri Lanka,town,02_05,2030,0.08085657770444625
Sri Lanka,town,02_05,2035,0.08061454605663042
Sri Lanka,town,02_05,2040,0.08034017714014435
Sri Lanka,town,02_05,2045,0.08003250822444145
Sri Lanka,town,02_05,2050,0.07969235633865757
Sri Lanka,town,02_05,2055,0.079324424805158
Sri Lanka,town,02_05,2060,0.07894046009999868
Sri Lanka,town,02_05,2065,0.07855069153778783
Sri Lanka,town,02_05,2070,0.07816145831683177
Sri Lanka,town,02_05,2075,0.0777620828177943
Sri Lanka,town,02_05,2080,0.07736635767243578
Sri Lanka,town,02_05,2085,0.07697647095710722
Sri Lanka,town,02_05,2090,0.07660386102307774
Sri Lanka,town,02_05,2095,0.07625079288169018
Sri Lanka,town,02_05,2100,0.07590682965953892
Sri Lanka,town,06_10,2011,0.19908062987368702
Sri Lanka,town,06_10,2012,0.19881172050355803
Sri Lanka,town,06_10,2013,0.19868230921506702
Sri Lanka,town,06_10,2014,0.19846165965189128
Sri Lanka,town,06_10,2015,0.1983140301760903
Sri Lanka,town,06_10,2016,0.19812576821183822
Sri Lanka,town,06_10,2017,0.19787010344797698
Sri Lanka,town,06_10,2018,0.19778256503172698
Sri Lanka,town,06_10,2019,0.1978070252536706
Sri Lanka,town,06_10,2020,0.1980296206869589
Sri Lanka,town,06_10,2025,0.19823874619107182
Sri Lanka,town,06_10,2030,0.19773753057584093
Sri Lanka,town,06_10,2035,0.19714563389014095
Sri Lanka,town,06_10,2040,0.19647465530617175
Sri Lanka,town,06_10,2045,0.19572224043340264
Sri Lanka,town,06_10,2050,0.19489038734457317
Sri Lanka,town,06_10,2055,0.19399059817564343
Sri Lanka,town,06_10,2060,0.19305159933619206
Sri Lanka,town,06_10,2065,0.19209840696550595
Sri Lanka,town,06_10,2070,0.19114652379019687
Sri Lanka,town,06_10,2075,0.19016983732640877
Sri Lanka,town,06_10,2080,0.189202077927588
Sri Lanka,town,06_10,2085,0.18824859660940507
Sri Lanka,town,06_10,2090,0.1873373662517175
Sri Lanka,town,06_10,2095,0.18647392601735374
Sri Lanka,town,06_10,2100,0.18563275217487785
Sri Lanka,town,11_20,2011,0.46310481127692005
Sri Lanka,town,11_20,2012,0.4624792696399301
Sri Lanka,town,11_20,2013,0.46217823085794635
Sri Lanka,town,11_20,2014,0.4616649520202328
Sri Lanka,town,11_20,2015,0.4613215337752077
Sri Lanka,town,11_20,2016,0.4608835955313871
Sri Lanka,town,11_20,2017,0.460288863727026
Sri Lanka,town,11_20,2018,0.4600852303461056
Sri Lanka,town,11_20,2019,0.46014213013828625
Sri Lanka,town,11_20,2020,0.4606599354927774
Sri Lanka,town,11_20,2025,0.46114640686458724
Sri Lanka,town,11_20,2030,0.45998047041437695
Sri Lanka,town,11_20,2035,0.4586035900865397
Sri Lanka,town,11_20,2040,0.45704274807646034
Sri Lanka,town,11_20,2045,0.4552924675600848
Sri Lanka,town,11_20,2050,0.45335739648884643
Sri Lanka,town,11_20,2055,0.45126429133074736
Sri Lanka,town,11_20,2060,0.4490799759575778
Sri Lanka,town,11_20,2065,0.4468626433460763
Sri Lanka,town,11_20,2070,0.4446483562075491
Sri Lanka,town,11_20,2075,0.4423763712295214
Sri Lanka,town,11_20,2080,0.44012515254472667
Sri Lanka,town,11_20,2085,0.43790714777855055
Sri Lanka,town,11_20,2090,0.43578742792888736
Sri Lanka,town,11_20,2095,0.4337788782923023
Sri Lanka,town,11_20,2100,0.431822125122403
Sri Lanka,town,21_30,2011,0.4152421813255062
Sri Lanka,town,21_30,2012,0.4146812904266675
Sri Lanka,town,21_30,2013,0.414411364488844
Sri Lanka,town,21_30,2014,0.4139511338477226
Sri Lanka,town,21_30,2015,0.4136432084327868
Sri Lanka,town,21_30,2016,0.41325053181353827
Sri Lanka,town,21_30,2017,0.4127172665013823
Sri Lanka,town,21_30,2018,0.4125346789591563
Sri Lanka,town,21_30,2019,0.4125856980659475
Sri Lanka,town,21_30,2020,0.4130499874010293
Sri Lanka,town,21_30,2025,0.4134861811711301
Sri Lanka,town,21_30,2030,0.41244074613551196
Sri Lanka,town,21_30,2035,0.41120616861259907
Sri Lanka,town,21_30,2040,0.4098066421443191
Sri Lanka,town,21_30,2045,0.40823725594522664
Sri Lanka,town,21_30,2050,0.40650217759347
Sri Lanka,town,21_30,2055,0.4046253982328838
Sri Lanka,town,21_30,2060,0.402666835380218
Sri Lanka,town,21_30,2065,0.40067866767410987
Sri Lanka,town,21_30,2070,0.39869323068642715
Sri Lanka,town,21_30,2075,0.3966560590241123
Sri Lanka,town,21_30,2080,0.39463750742509657
Sri Lanka,town,21_30,2085,0.3926487370325847
Sri Lanka,town,21_30,2090,0.3907480936517782
Sri Lanka,town,21_30,2095,0.38894713086303834
Sri Lanka,town,21_30,2100,0.38719261129252425
Sri Lanka,town,31_50,2011,0.5954906855894606
Sri Lanka,town,31_50,2012,0.5946863229285572
Sri Lanka,town,31_50,2013,0.594299227423809
Sri Lanka,town,31_50,2014,0.5936392196684894
Sri Lanka,town,31_50,2015,0.5931976298572973
Sri Lanka,town,31_50,2016,0.5926345000026548
Sri Lanka,town,31_50,2017,0.5918697546549564
Sri Lanka,town,31_50,2018,0.5916079094340465
Sri Lanka,town,31_50,2019,0.5916810749366077
Sri Lanka,town,31_50,2020,0.5923469031855036
Sri Lanka,town,31_50,2025,0.5929724401345151
Sri Lanka,town,31_50,2030,0.591473202210005
Sri Lanka,town,31_50,2035,0.589702718746148
Sri Lanka,town,31_50,2040,0.5876956852279338
Sri Lanka,town,31_50,2045,0.5854450591940636
Sri Lanka,town,31_50,2050,0.5829568172867969
Sri Lanka,town,31_50,2055,0.5802653647359792
Sri Lanka,town,31_50,2060,0.5774566280797441
Sri Lanka,town,31_50,2065,0.5746054356825798
Sri Lanka,town,31_50,2070,0.5717581593552671
Sri Lanka,town,31_50,2075,0.5688366913435566
Sri Lanka,town,31_50,2080,0.5659419260002129
Sri Lanka,town,31_50,2085,0.5630898693022721
Sri Lanka,town,31_50,2090,0.5603641938270961
Sri Lanka,town,31_50,2095,0.5577814683381672
Sri Lanka,town,31_50,2100,0.5552653461595619
Sri Lanka,town,51+,2011,0.6754469694604288
Sri Lanka,town,51+,2012,0.6745346053633874
Sri Lanka,town,51+,2013,0.674095534708042
Sri Lanka,town,51+,2014,0.6733469079890367
Sri Lanka,town,51+,2015,0.6728460260996432
Sri Lanka,town,51+,2016,0.672207285036289
Sri Lanka,town,51+,2017,0.6713398576524323
Sri Lanka,town,51+,2018,0.6710428545838517
Sri Lanka,town,51+,2019,0.6711258439876658
Sri Lanka,town,51+,2020,0.6718810727154717
Sri Lanka,town,51+,2025,0.6725906002475053
Sri Lanka,town,51+,2030,0.6708900602775004
Sri Lanka,town,51+,2035,0.6688818547436753
Sri Lanka,town,51+,2040,0.6666053376791955
Sri Lanka,town,51+,2045,0.6640525210344456
Sri Lanka,town,51+,2050,0.6612301839329272
Sri Lanka,town,51+,2055,0.6581773511802252
Sri Lanka,town,51+,2060,0.6549914866346053
Sri Lanka,town,51+,2065,0.6517574658335799
Sri Lanka,town,51+,2070,0.6485278869114576
Sri Lanka,town,51+,2075,0.6452141546186811
Sri Lanka,town,51+,2080,0.6419307103503209
Sri Lanka,town,51+,2085,0.6386957091992173
Sri Lanka,town,51+,2090,0.6356040584244989
Sri Lanka,town,51+,2095,0.6326745514705514
Sri Lanka,town,51+,2100,0.6298205906253892
Sri Lanka,rural,No_travel,2011,0.0
Sri Lanka,rural,No_travel,2012,0.0
Sri Lanka,rural,No_travel,2013,0.0
Sri Lanka,rural,No_travel,2014,0.0
Sri Lanka,rural,No_travel,2015,0.0
Sri Lanka,rural,No_travel,2016,0.0
Sri Lanka,rural,No_travel,2017,0.0
Sri Lanka,rural,No_travel,2018,0.0
Sri Lanka,rural,No_travel,2019,0.0
Sri Lanka,rural,No_travel,2020,0.0
Sri Lanka,rural,No_travel,2025,0.0
Sri Lanka,rural,No_travel,2030,0.0
Sri Lanka,rural,No_travel,2035,0.0
Sri Lanka,rural,No_travel,2040,0.0
Sri Lanka,rural,No_travel,2045,0.0
Sri Lanka,rural,No_travel,2050,0.0
Sri Lanka,rural,No_travel,2055,0.0
Sri Lanka,rural,No_travel,2060,0.0
Sri Lanka,rural,No_travel,2065,0.0
Sri Lanka,rural,No_travel,2070,0.0
Sri Lanka,rural,No_travel,2075,0.0
Sri Lanka,rural,No_travel,2080,0.0
Sri Lanka,rural,No_travel,2085,0.0
Sri Lanka,rural,No_travel,2090,0.0
Sri Lanka,rural,No_travel,2095,0.0
Sri Lanka,rural,No_travel,2100,0.0
Sri Lanka,rural,00_01,2011,0.034010264700701204
Sri Lanka,rural,00_01,2012,0.03396432512905936
Sri Lanka,rural,00_01,2013,0.03394221694013294
Sri Lanka,rural,00_01,2014,0.03390452191146811
Sri Lanka,rural,00_01,2015,0.03387930138874421
Sri Lanka,rural,00_01,2016,0.0338471393484626
Sri Lanka,rural,00_01,2017,0.03380346244077409
Sri Lanka,rural,00_01,2018,0.03378850767239691
Sri Lanka,rural,00_01,2019,0.03379268637438047
Sri Lanka,rural,00_01,2020,0.033830713828945515
Sri Lanka,rural,00_01,2025,0.03386644012615012
Sri Lanka,rural,00_01,2030,0.03378081413753966
Sri Lanka,rural,00_01,2035,0.03367969650008344
Sri Lanka,rural,00_01,2040,0.03356506877731717
Sri Lanka,rural,00_01,2045,0.0334365287530875
Sri Lanka,rural,00_01,2050,0.03329441777141573
Sri Lanka,rural,00_01,2055,0.03314070081849298
Sri Lanka,rural,00_01,2060,0.03298028541743837
Sri Lanka,rural,00_01,2065,0.03281744524128315
Sri Lanka,rural,00_01,2070,0.03265482872365937
Sri Lanka,rural,00_01,2075,0.032487974895719904
Sri Lanka,rural,00_01,2080,0.03232264613751089
Sri Lanka,rural,00_01,2085,0.03215975659853791
Sri Lanka,rural,00_01,2090,0.032004085071438905
Sri Lanka,rural,00_01,2095,0.03185657784814662
Sri Lanka,rural,00_01,2100,0.03171287454029561
Sri Lanka,rural,02_05,2011,0.1002189696232352
Sri Lanka,rural,02_05,2012,0.10008359824123055
Sri Lanka,rural,02_05,2013,0.10001845144117062
Sri Lanka,rural,02_05,2014,0.09990737447761408
Sri Lanka,rural,02_05,2015,0.09983305647912183
Sri Lanka,rural,02_05,2016,0.09973828372253289
Sri Lanka,rural,02_05,2017,0.09960957979378102
Sri Lanka,rural,02_05,2018,0.09956551217211138
Sri Lanka,rural,02_05,2019,0.09957782566660607
Sri Lanka,rural,02_05,2020,0.09968988219858078
Sri Lanka,rural,02_05,2025,0.0997951578477358
Sri Lanka,rural,02_05,2030,0.09954284142423749
Sri Lanka,rural,02_05,2035,0.0992448753388283
Sri Lanka,rural,02_05,2040,0.09890709871853472
Sri Lanka,rural,02_05,2045,0.09852832634210631
Sri Lanka,rural,02_05,2050,0.09810956405723065
Sri Lanka,rural,02_05,2055,0.09765660214202322
Sri Lanka,rural,02_05,2060,0.09718390172799028
Sri Lanka,rural,02_05,2065,0.09670405616338915
Sri Lanka,rural,02_05,2070,0.09622486965945003
Sri Lanka,rural,02_05,2075,0.09573319695825397
Sri Lanka,rural,02_05,2080,0.09524601822140472
Sri Lanka,rural,02_05,2085,0.09476602719804937
Sri Lanka,rural,02_05,2090,0.09430730568609312
Sri Lanka,rural,02_05,2095,0.09387264214964519
Sri Lanka,rural,02_05,2100,0.09344918771402058
Sri Lanka,rural,06_10,2011,0.20903713331151952
Sri Lanka,rural,06_10,2012,0.2087547751338905
Sri Lanka,rural,06_10,2013,0.208618891674101
Sri Lanka,rural,06_10,2014,0.2083872068930052
Sri Lanka,rural,06_10,2015,0.20823219411032867
Sri Lanka,rural,06_10,2016,0.20803451671025303
Sri Lanka,rural,06_10,2017,0.20776606553366078
Sri Lanka,rural,06_10,2018,0.20767414910965135
Sri Lanka,rural,06_10,2019,0.20769983264640984
Sri Lanka,rural,06_10,2020,0.20793356061528526
Sri Lanka,rural,06_10,2025,0.2081531449912732
Sri Lanka,rural,06_10,2030,0.2076268623717872
Sri Lanka,rural,06_10,2035,0.2070053635023401
Sri Lanka,rural,06_10,2040,0.2063008276577663
Sri Lanka,rural,06_10,2045,0.20551078269877457
Sri Lanka,rural,06_10,2050,0.20463732662655112
Sri Lanka,rural,06_10,2055,0.2036925368266737
Sri Lanka,rural,06_10,2060,0.20270657638589
Sri Lanka,rural,06_10,2065,0.2017057125610716
Sri Lanka,rural,06_10,2070,0.2007062234076551
Sri Lanka,rural,06_10,2075,0.19968069049335815
Sri Lanka,rural,06_10,2080,0.19866453110812252
Sri Lanka,rural,06_10,2085,0.19766336388484465
Sri Lanka,rural,06_10,2090,0.19670656069470857
Sri Lanka,rural,06_10,2095,0.19579993772746287
Sri Lanka,rural,06_10,2100,0.19491669474817672
Sri Lanka,rural,11_20,2011,0.42565676697973387
Sri Lanka,rural,11_20,2012,0.4250818085160587
Sri Lanka,rural,11_20,2013,0.42480511263306536
Sri Lanka,rural,11_20,2014,0.4243333390619426
Sri Lanka,rural,11_20,2015,0.4240176906464226
Sri Lanka,rural,11_20,2016,0.42361516540275806
Sri Lanka,rural,11_20,2017,0.4230685253962197
Sri Lanka,rural,11_20,2018,0.42288135842135555
Sri Lanka,rural,11_20,2019,0.4229336571256481
Sri Lanka,rural,11_20,2020,0.4234095911858229
Sri Lanka,rural,11_20,2025,0.423856725023154
Sri Lanka,rural,11_20,2030,0.4227850696919733
Sri Lanka,rural,11_20,2035,0.4215195280379163
Sri Lanka,rural,11_20,2040,0.4200849003951055
Sri Lanka,rural,11_20,2045,0.4184761528119098
Sri Lanka,rural,11_20,2050,0.4166975573924664
Sri Lanka,rural,11_20,2055,0.4147737069965086
Sri Lanka,rural,11_20,2060,0.4127660219170904
Sri Lanka,rural,11_20,2065,0.4107279894722793
Sri Lanka,rural,11_20,2070,0.40869275623436185
Sri Lanka,rural,11_20,2075,0.40660449077733224
Sri Lanka,rural,11_20,2080,0.4045353123887685
Sri Lanka,rural,11_20,2085,0.40249666214172625
Sri Lanka,rural,11_20,2090,0.400548349198005
Sri Lanka,rural,11_20,2095,0.39870221691043545
Sri Lanka,rural,11_20,2100,0.3969036926718725
Sri Lanka,rural,21_30,2011,0.4472028880076915
Sri Lanka,rural,21_30,2012,0.4465988259901546
Sri Lanka,rural,21_30,2013,0.4463081241675278
Sri Lanka,rural,21_30,2014,0.44581247011041314
Sri Lanka,rural,21_30,2015,0.44548084403521365
Sri Lanka,rural,21_30,2016,0.4450579435542931
Sri Lanka,rural,21_30,2017,0.444483633432645
Sri Lanka,rural,21_30,2018,0.44428699234012153
Sri Lanka,rural,21_30,2019,0.4443419383280936
Sri Lanka,rural,21_30,2020,0.44484196347211186
Sri Lanka,rural,21_30,2025,0.44531173056826134
Sri Lanka,rural,21_30,2030,0.4441858296165312
Sri Lanka,rural,21_30,2035,0.4428562281007275
Sri Lanka,rural,21_30,2040,0.44134898171149956
Sri Lanka,rural,21_30,2045,0.4396588016859703
Sri Lanka,rural,21_30,2050,0.43779017637592044
Sri Lanka,rural,21_30,2055,0.43576894349556067
Sri Lanka,rural,21_30,2060,0.43365963234306454
Sri Lanka,rural,21_30,2065,0.43151843768606457
Sri Lanka,rural,21_30,2070,0.4293801839277043
Sri Lanka,rural,21_30,2075,0.4271862135371083
Sri Lanka,rural,21_30,2080,0.4250122963743797
Sri Lanka,rural,21_30,2085,0.422870452642906
Sri Lanka,rural,21_30,2090,0.4208235189565061
Sri Lanka,rural,21_30,2095,0.4188839381611545
Sri Lanka,rural,21_30,2100,0.4169943752644004
Sri Lanka,rural,31_50,2011,0.6971136503841371
Sri Lanka,rural,31_50,2012,0.6961720198862225
Sri Lanka,rural,31_50,2013,0.6957188649219342
Sri Lanka,rural,31_50,2014,0.6949462240952566
Sri Lanka,rural,31_50,2015,0.6944292751442451
Sri Lanka,rural,31_50,2016,0.693770044835342
Sri Lanka,rural,31_50,2017,0.6928747925100757
Sri Lanka,rural,31_50,2018,0.6925682623120367
Sri Lanka,rural,31_50,2019,0.6926539138122312
Sri Lanka,rural,31_50,2020,0.6934333684239475
Sri Lanka,rural,31_50,2025,0.6941656558577028
Sri Lanka,rural,31_50,2030,0.692410566739365
Sri Lanka,rural,31_50,2035,0.6903379429010721
Sri Lanka,rural,31_50,2040,0.6879884007567804
Sri Lanka,rural,31_50,2045,0.6853536960198495
Sri Lanka,rural,31_50,2050,0.6824408252714238
Sri Lanka,rural,31_50,2055,0.6792900651370667
Sri Lanka,rural,31_50,2060,0.6760020058763956
Sri Lanka,rural,31_50,2065,0.6726642456258433
Sri Lanka,rural,31_50,2070,0.6693310697387669
Sri Lanka,rural,31_50,2075,0.6659110410474567
Sri Lanka,rural,31_50,2080,0.6625222719460453
Sri Lanka,rural,31_50,2085,0.6591834998981905
Sri Lanka,rural,31_50,2090,0.6559926765549478
Sri Lanka,rural,31_50,2095,0.652969198208271
Sri Lanka,rural,31_50,2100,0.6500236893041246
Sri Lanka,rural,51+,2011,0.7901436965792114
Sri Lanka,rural,51+,2012,0.7890764051812822
Sri Lanka,rural,51+,2013,0.7885627765377912
Sri Lanka,rural,51+,2014,0.7876870265383719
Sri Lanka,rural,51+,2015,0.7871010905796226
Sri Lanka,rural,51+,2016,0.7863538857689196
Sri Lanka,rural,51+,2017,0.7853391617260504
Sri Lanka,rural,51+,2018,0.7849917249721464
Sri Lanka,rural,51+,2019,0.785088806693246
Sri Lanka,rural,51+,2020,0.785972279779561
Sri Lanka,rural,51+,2025,0.7868022912124846
Sri Lanka,rural,51+,2030,0.7848129848733744
Sri Lanka,rural,51+,2035,0.7824637687013707
Sri Lanka,rural,51+,2040,0.7798006793842467
Sri Lanka,rural,51+,2045,0.7768143724325952
Sri Lanka,rural,51+,2050,0.7735127781236181
Sri Lanka,rural,51+,2055,0.7699415480118228
Sri Lanka,rural,51+,2060,0.766214696160096
Sri Lanka,rural,51+,2065,0.7624315107050224
Sri Lanka,rural,51+,2070,0.75865352139824
Sri Lanka,rural,51+,2075,0.7547770887518994
Sri Lanka,rural,51+,2080,0.7509360872980229
Sri Lanka,rural,51+,2085,0.7471517550209635
Sri Lanka,rural,51+,2090,0.7435351152518646
Sri Lanka,rural,51+,2095,0.740108152724228
Sri Lanka,rural,51+,2100,0.7367695646869019
