n,area_type,trip_dist,y,value
Afghanistan,large_city,No_travel,2011,0.0
Afghanistan,large_city,No_travel,2012,0.0
Afghanistan,large_city,No_travel,2013,0.0
Afghanistan,large_city,No_travel,2014,0.0
Afghanistan,large_city,No_travel,2015,0.0
Afghanistan,large_city,No_travel,2016,0.0
Afghanistan,large_city,No_travel,2017,0.0
Afghanistan,large_city,No_travel,2018,0.0
Afghanistan,large_city,No_travel,2019,0.0
Afghanistan,large_city,No_travel,2020,0.0
Afghanistan,large_city,No_travel,2025,0.0
Afghanistan,large_city,No_travel,2030,0.0
Afghanistan,large_city,No_travel,2035,0.0
Afghanistan,large_city,No_travel,2040,0.0
Afghanistan,large_city,No_travel,2045,0.0
Afghanistan,large_city,No_travel,2050,0.0
Afghanistan,large_city,No_travel,2055,0.0
Afghanistan,large_city,No_travel,2060,0.0
Afghanistan,large_city,No_travel,2065,0.0
Afghanistan,large_city,No_travel,2070,0.0
Afghanistan,large_city,No_travel,2075,0.0
Afghanistan,large_city,No_travel,2080,0.0
Afghanistan,large_city,No_travel,2085,0.0
Afghanistan,large_city,No_travel,2090,0.0
Afghanistan,large_city,No_travel,2095,0.0
Afghanistan,large_city,No_travel,2100,0.0
Afghanistan,large_city,00_01,2011,0.057842438834749
Afghanistan,large_city,00_01,2012,0.058660136389875696
Afghanistan,large_city,00_01,2013,0.05886726775811542
Afghanistan,large_city,00_01,2014,0.05876513325957692
Afghanistan,large_city,00_01,2015,0.058593306564957405
Afghanistan,large_city,00_01,2016,0.05855523701534335
Afghanistan,large_city,00_01,2017,0.058531081052534434
Afghanistan,large_city,00_01,2018,0.05835303366294725
Afghanistan,large_city,00_01,2019,0.05844981603850926
Afghanistan,large_city,00_01,2020,0.057881310921091195
Afghanistan,large_city,00_01,2025,0.05835162059727348
Afghanistan,large_city,00_01,2030,0.06016201552087344
Afghanistan,large_city,00_01,2035,0.0622955476992044
Afghanistan,large_city,00_01,2040,0.06464776576490898
Afghanistan,large_city,00_01,2045,0.06711560139884569
Afghanistan,large_city,00_01,2050,0.06961995134671721
Afghanistan,large_city,00_01,2055,0.07210662145811159
Afghanistan,large_city,00_01,2060,0.07453603528866941
Afghanistan,large_city,00_01,2065,0.07688036808712514
Afghanistan,large_city,00_01,2070,0.07912990445210283
Afghanistan,large_city,00_01,2075,0.0812685845073524
Afghanistan,large_city,00_01,2080,0.08329701457588115
Afghanistan,large_city,00_01,2085,0.08521053602496949
Afghanistan,large_city,00_01,2090,0.0869833684450031
Afghanistan,large_city,00_01,2095,0.088611644985954
Afghanistan,large_city,00_01,2100,0.09010717749966388
Afghanistan,large_city,02_05,2011,0.21148322952951493
Afghanistan,large_city,02_05,2012,0.21447289115548174
Afghanistan,large_city,02_05,2013,0.2152302038064464
Afghanistan,large_city,02_05,2014,0.21485678017437912
Afghanistan,large_city,02_05,2015,0.21422854829084234
Afghanistan,large_city,02_05,2016,0.21408935859792297
Afghanistan,large_city,02_05,2017,0.21400103969003914
Afghanistan,large_city,02_05,2018,0.21335006373332382
Afghanistan,large_city,02_05,2019,0.21370391896069188
Afghanistan,large_city,02_05,2020,0.211625353453122
Afghanistan,large_city,02_05,2025,0.21334489728982237
Afghanistan,large_city,02_05,2030,0.219964053965781
Afghanistan,large_city,02_05,2035,0.22776466342257848
Afghanistan,large_city,02_05,2040,0.23636483110420167
Afghanistan,large_city,02_05,2045,0.24538771914846264
Afghanistan,large_city,02_05,2050,0.25454411064089333
Afghanistan,large_city,02_05,2055,0.26363586120546795
Afghanistan,large_city,02_05,2060,0.2725182716483932
Afghanistan,large_city,02_05,2065,0.2810896092561626
Afghanistan,large_city,02_05,2070,0.28931435262787125
Afghanistan,large_city,02_05,2075,0.297133783725974
Afghanistan,large_city,02_05,2080,0.30455011938555415
Afghanistan,large_city,02_05,2085,0.31154632673744903
Afghanistan,large_city,02_05,2090,0.31802814757965897
Afghanistan,large_city,02_05,2095,0.3239814439548557
Afghanistan,large_city,02_05,2100,0.3294494022954323
Afghanistan,large_city,06_10,2011,0.3458702568351818
Afghanistan,large_city,06_10,2012,0.3507596990700287
Afghanistan,large_city,06_10,2013,0.35199824607763963
Afghanistan,large_city,06_10,2014,0.35138753038250503
Afghanistan,large_city,06_10,2015,0.35036008852153894
Afghanistan,large_city,06_10,2016,0.35013245073226396
Afghanistan,large_city,06_10,2017,0.34998800957056453
Afghanistan,large_city,06_10,2018,0.3489233709141399
Afghanistan,large_city,06_10,2019,0.349502083460967
Afghanistan,large_city,06_10,2020,0.34610269341216127
Afghanistan,large_city,06_10,2025,0.3489149214538931
Afghanistan,large_city,06_10,2030,0.3597402215244437
Afghanistan,large_city,06_10,2035,0.37249772859626074
Afghanistan,large_city,06_10,2040,0.38656287320127775
Afghanistan,large_city,06_10,2045,0.4013193558415625
Afghanistan,large_city,06_10,2050,0.41629417670190166
Afghanistan,large_city,06_10,2055,0.43116328055399683
Afghanistan,large_city,06_10,2060,0.44569001909513156
Afghanistan,large_city,06_10,2065,0.4597080135546237
Afghanistan,large_city,06_10,2070,0.47315917045583483
Afghanistan,large_city,06_10,2075,0.4859474593817345
Afghanistan,large_city,06_10,2080,0.49807650585535534
Afghanistan,large_city,06_10,2085,0.5095184534700921
Afghanistan,large_city,06_10,2090,0.5201191476454282
Afghanistan,large_city,06_10,2095,0.5298554664584425
Afghanistan,large_city,06_10,2100,0.538798039161851
Afghanistan,large_city,11_20,2011,0.499426097052528
Afghanistan,large_city,11_20,2012,0.5064863024441614
Afghanistan,large_city,11_20,2013,0.50827472653037
Afghanistan,large_city,11_20,2014,0.5073928717018551
Afghanistan,large_city,11_20,2015,0.5059092770057804
Afghanistan,large_city,11_20,2016,0.5055805749841624
Afghanistan,large_city,11_20,2017,0.5053720063541178
Afghanistan,large_city,11_20,2018,0.5038347006204167
Afghanistan,large_city,11_20,2019,0.5046703438793134
Afghanistan,large_city,11_20,2020,0.49976172837716204
Afghanistan,large_city,11_20,2025,0.5038224998576455
Afghanistan,large_city,11_20,2030,0.5194539028384282
Afghanistan,large_city,11_20,2035,0.5378753537700525
Afghanistan,large_city,11_20,2040,0.5581849933986214
Afghanistan,large_city,11_20,2045,0.5794929040547628
Afghanistan,large_city,11_20,2050,0.6011160884383333
Afghanistan,large_city,11_20,2055,0.6225866206878274
Afghanistan,large_city,11_20,2060,0.643562787875163
Afghanistan,large_city,11_20,2065,0.6638043441323241
Afghanistan,large_city,11_20,2070,0.683227404251698
Afghanistan,large_city,11_20,2075,0.7016933032413463
Afghanistan,large_city,11_20,2080,0.7192072762458993
Afghanistan,large_city,11_20,2085,0.735729099464224
Afghanistan,large_city,11_20,2090,0.7510361783858974
Afghanistan,large_city,11_20,2095,0.7650951256597591
Afghanistan,large_city,11_20,2100,0.7780079277715638
Afghanistan,large_city,21_30,2011,0.512059307619934
Afghanistan,large_city,21_30,2012,0.5192981041222202
Afghanistan,large_city,21_30,2013,0.5211317672101515
Afghanistan,large_city,21_30,2014,0.520227605462146
Afghanistan,large_city,21_30,2015,0.5187064825625937
Afghanistan,large_city,21_30,2016,0.5183694658736454
Afghanistan,large_city,21_30,2017,0.5181556214051202
Afghanistan,large_city,21_30,2018,0.5165794288227842
Afghanistan,large_city,21_30,2019,0.5174362100584731
Afghanistan,large_city,21_30,2020,0.5124034288917737
Afghanistan,large_city,21_30,2025,0.5165669194361624
Afghanistan,large_city,21_30,2030,0.5325937258740044
Afghanistan,large_city,21_30,2035,0.5514811557962137
Afghanistan,large_city,21_30,2040,0.5723045370083524
Afghanistan,large_city,21_30,2045,0.5941514409683264
Afghanistan,large_city,21_30,2050,0.6163215936482427
Afghanistan,large_city,21_30,2055,0.6383352327888322
Afghanistan,large_city,21_30,2060,0.6598420016778783
Afghanistan,large_city,21_30,2065,0.6805955773187239
Afghanistan,large_city,21_30,2070,0.7005099525892274
Afghanistan,large_city,21_30,2075,0.7194429549033303
Afghanistan,large_city,21_30,2080,0.7373999518310307
Afghanistan,large_city,21_30,2085,0.7543397020918275
Afghanistan,large_city,21_30,2090,0.7700339805457854
Afghanistan,large_city,21_30,2095,0.7844485552934916
Afghanistan,large_city,21_30,2100,0.7976879926153031
Afghanistan,large_city,31_50,2011,0.654115841271274
Afghanistan,large_city,31_50,2012,0.6633628394088393
Afghanistan,large_city,31_50,2013,0.6657052010367243
Afghanistan,large_city,31_50,2014,0.6645502048992827
Afghanistan,large_city,31_50,2015,0.662607088993935
Afghanistan,large_city,31_50,2016,0.6621765764503031
Afghanistan,large_city,31_50,2017,0.6619034068147763
Afghanistan,large_city,31_50,2018,0.6598899436833426
Afghanistan,large_city,31_50,2019,0.6609844149104609
Afghanistan,large_city,31_50,2020,0.6545554293656201
Afghanistan,large_city,31_50,2025,0.6598739639172645
Afghanistan,large_city,31_50,2030,0.6803469595644054
Afghanistan,large_city,31_50,2035,0.704474178675884
Afghanistan,large_city,31_50,2040,0.7310744246180989
Afghanistan,large_city,31_50,2045,0.7589821410687057
Afghanistan,large_city,31_50,2050,0.7873027825559994
Afghanistan,large_city,31_50,2055,0.8154234901998427
Afghanistan,large_city,31_50,2060,0.8428967106169724
Afghanistan,large_city,31_50,2065,0.8694077853844575
Afghanistan,large_city,31_50,2070,0.894846847109561
Afghanistan,large_city,31_50,2075,0.9190322813984978
Afghanistan,large_city,31_50,2080,0.941970944903442
Afghanistan,large_city,31_50,2085,0.9636101551040518
Afghanistan,large_city,31_50,2090,0.9836583721783051
Afghanistan,large_city,31_50,2095,1.002071867543693
Afghanistan,large_city,31_50,2100,1.0189842164705538
Afghanistan,large_city,51+,2011,0.7204363200833319
Afghanistan,large_city,51+,2012,0.7306208667487936
Afghanistan,large_city,51+,2013,0.7332007192535397
Afghanistan,large_city,51+,2014,0.7319286186339435
Afghanistan,large_city,51+,2015,0.7297884911763614
Afghanistan,large_city,51+,2016,0.7293143291807108
Afghanistan,large_city,51+,2017,0.7290134630121207
Afghanistan,large_city,51+,2018,0.7267958558582954
Afghanistan,large_city,51+,2019,0.7280012949771061
Afghanistan,large_city,51+,2020,0.7209204777952558
Afghanistan,large_city,51+,2025,0.7267782559117069
Afghanistan,large_city,51+,2030,0.7493269983736577
Afghanistan,large_city,51+,2035,0.7759004641939254
Afghanistan,large_city,51+,2040,0.8051976958015197
Afghanistan,large_city,51+,2045,0.8359349617000625
Afghanistan,large_city,51+,2050,0.8671270188987562
Afghanistan,large_city,51+,2055,0.898098871061358
Afghanistan,large_city,51+,2060,0.9283575875903569
Afghanistan,large_city,51+,2065,0.9575566070023024
Afghanistan,large_city,51+,2070,0.9855749225043202
Afghanistan,large_city,51+,2075,1.0122125059098455
Afghanistan,large_city,51+,2080,1.0374769090635956
Afghanistan,large_city,51+,2085,1.061310107990774
Afghanistan,large_city,51+,2090,1.0833910037922516
Afghanistan,large_city,51+,2095,1.1036714342663547
Afghanistan,large_city,51+,2100,1.1222985178134415
Afghanistan,city,No_travel,2011,0.0
Afghanistan,city,No_travel,2012,0.0
Afghanistan,city,No_travel,2013,0.0
Afghanistan,city,No_travel,2014,0.0
Afghanistan,city,No_travel,2015,0.0
Afghanistan,city,No_travel,2016,0.0
Afghanistan,city,No_travel,2017,0.0
Afghanistan,city,No_travel,2018,0.0
Afghanistan,city,No_travel,2019,0.0
Afghanistan,city,No_travel,2020,0.0
Afghanistan,city,No_travel,2025,0.0
Afghanistan,city,No_travel,2030,0.0
Afghanistan,city,No_travel,2035,0.0
Afghanistan,city,No_travel,2040,0.0
Afghanistan,city,No_travel,2045,0.0
Afghanistan,city,No_travel,2050,0.0
Afghanistan,city,No_travel,2055,0.0
Afghanistan,city,No_travel,2060,0.0
Afghanistan,city,No_travel,2065,0.0
Afghanistan,city,No_travel,2070,0.0
Afghanistan,city,No_travel,2075,0.0
Afghanistan,city,No_travel,2080,0.0
Afghanistan,city,No_travel,2085,0.0
Afghanistan,city,No_travel,2090,0.0
Afghanistan,city,No_travel,2095,0.0
Afghanistan,city,No_travel,2100,0.0
Afghanistan,city,00_01,2011,0.02898061743012685
Afghanistan,city,00_01,2012,0.029390305895828965
Afghanistan,city,00_01,2013,0.029494084281762582
Afghanistan,city,00_01,2014,0.029442912151261335
Afghanistan,city,00_01,2015,0.029356822356270535
Afghanistan,city,00_01,2016,0.02933774848809817
Afghanistan,city,00_01,2017,0.02932564570109741
Afghanistan,city,00_01,2018,0.029236439170632806
Afghanistan,city,00_01,2019,0.029284929743586596
Afghanistan,city,00_01,2020,0.029000093390782876
Afghanistan,city,00_01,2025,0.029235731186728252
Afghanistan,city,00_01,2030,0.030142787730941163
Afghanistan,city,00_01,2035,0.031211744730000643
Afghanistan,city,00_01,2040,0.03239026923981894
Afghanistan,city,00_01,2045,0.0336267212606592
Afghanistan,city,00_01,2050,0.0348814679347711
Afghanistan,city,00_01,2055,0.036127356535338856
Afghanistan,city,00_01,2060,0.037344558199397304
Afghanistan,city,00_01,2065,0.03851913197826309
Afghanistan,city,00_01,2070,0.03964621019456768
Afghanistan,city,00_01,2075,0.040717746418406774
Afghanistan,city,00_01,2080,0.041734044433913035
Afghanistan,city,00_01,2085,0.042692770140807954
Afghanistan,city,00_01,2090,0.043581006860554536
Afghanistan,city,00_01,2095,0.04439681719729643
Afghanistan,city,00_01,2100,0.04514611920646593
Afghanistan,city,02_05,2011,0.11107001729613941
Afghanistan,city,02_05,2012,0.11264017380095766
Afghanistan,city,02_05,2013,0.11303791091433708
Afghanistan,city,02_05,2014,0.11284179054410835
Afghanistan,city,02_05,2015,0.11251184605477152
Afghanistan,city,02_05,2016,0.11243874426965887
Afghanistan,city,02_05,2017,0.11239235958635298
Afghanistan,city,02_05,2018,0.11205047001462384
Afghanistan,city,02_05,2019,0.11223631314890703
Afghanistan,city,02_05,2020,0.11114466012568364
Afghanistan,city,02_05,2025,0.1120477566223121
Afghanistan,city,02_05,2030,0.1155241071968714
Afghanistan,city,02_05,2035,0.11962095132590436
Afghanistan,city,02_05,2040,0.12413771974897345
Afghanistan,city,02_05,2045,0.1288764989579288
Afghanistan,city,02_05,2050,0.1336853935624656
Afghanistan,city,02_05,2055,0.1384603390496611
Afghanistan,city,02_05,2060,0.14312534006994024
Afghanistan,city,02_05,2065,0.1476269670711164
Afghanistan,city,02_05,2070,0.1519465643771737
Afghanistan,city,02_05,2075,0.15605329354545996
Afghanistan,city,02_05,2080,0.1599483188475423
Afghanistan,city,02_05,2085,0.16362269469905108
Afghanistan,city,02_05,2090,0.1670269171267886
Afghanistan,city,02_05,2095,0.1701535609407363
Afghanistan,city,02_05,2100,0.17302530745611497
Afghanistan,city,06_10,2011,0.1930608768468381
Afghanistan,city,06_10,2012,0.19579010836211502
Afghanistan,city,06_10,2013,0.19648145133416867
Afghanistan,city,06_10,2014,0.19614055672043207
Afghanistan,city,06_10,2015,0.19556705026051757
Afghanistan,city,06_10,2016,0.19543998541370758
Afghanistan,city,06_10,2017,0.19535935998616827
Afghanistan,city,06_10,2018,0.19476509069451206
Afghanistan,city,06_10,2019,0.1950881215117759
Afghanistan,city,06_10,2020,0.19319062032282688
Afghanistan,city,06_10,2025,0.19476037430109028
Afghanistan,city,06_10,2030,0.2008029347191911
Afghanistan,city,06_10,2035,0.20792403129512022
Afghanistan,city,06_10,2040,0.21577503639532505
Afghanistan,city,06_10,2045,0.22401193859031807
Afghanistan,city,06_10,2050,0.23237071471745724
Afghanistan,city,06_10,2055,0.24067048080280795
Afghanistan,city,06_10,2060,0.24877914243257246
Afghanistan,city,06_10,2065,0.25660382885327654
Afghanistan,city,06_10,2070,0.26411211294140413
Afghanistan,city,06_10,2075,0.2712503916011428
Afghanistan,city,06_10,2080,0.27802068855856277
Afghanistan,city,06_10,2085,0.2844074546816449
Afghanistan,city,06_10,2090,0.2903246426220084
Afghanistan,city,06_10,2095,0.2957593459830339
Afghanistan,city,06_10,2100,0.3007509892170728
Afghanistan,city,11_20,2011,0.3351409639771932
Afghanistan,city,11_20,2012,0.33987873009472974
Afghanistan,city,11_20,2013,0.3410788559507659
Afghanistan,city,11_20,2014,0.3404870853583587
Afghanistan,city,11_20,2015,0.33949151592470606
Afghanistan,city,11_20,2016,0.3392709397212668
Afghanistan,city,11_20,2017,0.33913097929040215
Afghanistan,city,11_20,2018,0.3380993669486344
Afghanistan,city,11_20,2019,0.3386601271671743
Afghanistan,city,11_20,2020,0.3353661901044273
Afghanistan,city,11_20,2025,0.338091179600355
Afghanistan,city,11_20,2030,0.3485806664217545
Afghanistan,city,11_20,2035,0.3609424209626547
Afghanistan,city,11_20,2040,0.3745712486176742
Afghanistan,city,11_20,2045,0.38886996820758807
Afghanistan,city,11_20,2050,0.4033802529150453
Afghanistan,city,11_20,2055,0.4177881000773494
Afghanistan,city,11_20,2060,0.431864202494102
Afghanistan,city,11_20,2065,0.44544734265529806
Afghanistan,city,11_20,2070,0.45848122921070833
Afghanistan,city,11_20,2075,0.4708728107172015
Afghanistan,city,11_20,2080,0.48262560022991907
Afghanistan,city,11_20,2085,0.4937126054800027
Afghanistan,city,11_20,2090,0.5039844539391853
Afghanistan,city,11_20,2095,0.5134187409531676
Afghanistan,city,11_20,2100,0.5220839047740758
Afghanistan,city,21_30,2011,0.29424500628579375
Afghanistan,city,21_30,2012,0.2984046410988333
Afghanistan,city,21_30,2013,0.2994583202309287
Afghanistan,city,21_30,2014,0.298938761118798
Afghanistan,city,21_30,2015,0.2980646771787548
Afghanistan,city,21_30,2016,0.297871017037669
Afghanistan,city,21_30,2017,0.2977481354377272
Afghanistan,city,21_30,2018,0.29684240676646695
Afghanistan,city,21_30,2019,0.29733473958090717
Afghanistan,city,21_30,2020,0.2944427489384294
Afghanistan,city,21_30,2025,0.2968352184886827
Afghanistan,city,21_30,2030,0.30604471373829206
Afghanistan,city,21_30,2035,0.3168980111073303
Afghanistan,city,21_30,2040,0.32886376555115926
Afghanistan,city,21_30,2045,0.3414176676038469
Afghanistan,city,21_30,2050,0.35415731829974023
Afghanistan,city,21_30,2055,0.36680703150855415
Afghanistan,city,21_30,2060,0.37916548150208795
Afghanistan,city,21_30,2065,0.391091123520543
Afghanistan,city,21_30,2070,0.4025345352297902
Afghanistan,city,21_30,2075,0.4134140198949866
Afghanistan,city,21_30,2080,0.4237326618867204
Afghanistan,city,21_30,2085,0.43346676269847156
Afghanistan,city,21_30,2090,0.44248517715479746
Afghanistan,city,21_30,2095,0.45076823455484755
Afghanistan,city,21_30,2100,0.45837602189511456
Afghanistan,city,31_50,2011,0.549248998564658
Afghanistan,city,31_50,2012,0.5570135322241948
Afghanistan,city,31_50,2013,0.5589803700489625
Afghanistan,city,31_50,2014,0.5580105411107077
Afghanistan,city,31_50,2015,0.5563789425500718
Afghanistan,city,31_50,2016,0.5560174491133745
Afghanistan,city,31_50,2017,0.5557880736124544
Afghanistan,city,31_50,2018,0.554097405784509
Afghanistan,city,31_50,2019,0.5550164130727046
Afghanistan,city,31_50,2020,0.549618112573778
Afghanistan,city,31_50,2025,0.5540839878698798
Afghanistan,city,31_50,2030,0.5712747844342262
Afghanistan,city,31_50,2035,0.5915339649937044
Afghanistan,city,31_50,2040,0.6138697005370299
Afghanistan,city,31_50,2045,0.6373032949335999
Afghanistan,city,31_50,2050,0.6610836148619073
Afghanistan,city,31_50,2055,0.6846960540321506
Afghanistan,city,31_50,2060,0.7077648101291255
Afghanistan,city,31_50,2065,0.7300256702829085
Afghanistan,city,31_50,2070,0.7513863808716971
Afghanistan,city,31_50,2075,0.7716944436411796
Afghanistan,city,31_50,2080,0.7909556159956299
Afghanistan,city,31_50,2085,0.8091256613951052
Afghanistan,city,31_50,2090,0.8259597792321534
Afghanistan,city,31_50,2095,0.8414212514231625
Afghanistan,city,31_50,2100,0.8556222386571684
Afghanistan,city,51+,2011,0.742960658692243
Afghanistan,city,51+,2012,0.7534636237539962
Afghanistan,city,51+,2013,0.7561241349786848
Afghanistan,city,51+,2014,0.7548122623149792
Afghanistan,city,51+,2015,0.7526052240782247
Afghanistan,city,51+,2016,0.75211623747553
Afghanistan,city,51+,2017,0.7518059647691677
Afghanistan,city,51+,2018,0.7495190244445378
Afghanistan,city,51+,2019,0.7507621514451607
Afghanistan,city,51+,2020,0.7434599535258521
Afghanistan,city,51+,2025,0.7495008742381338
Afghanistan,city,51+,2030,0.7727545999113133
Afghanistan,city,51+,2035,0.8001588813435409
Afghanistan,city,51+,2040,0.8303720867112542
Afghanistan,city,51+,2045,0.8620703488362655
Afghanistan,city,51+,2050,0.8942376212464448
Afghanistan,city,51+,2055,0.9261778039415423
Afghanistan,city,51+,2060,0.9573825549193477
Afghanistan,city,51+,2065,0.9874944775011484
Afghanistan,city,51+,2070,1.0163887816339805
Afghanistan,city,51+,2075,1.0438591852786072
Afghanistan,city,51+,2080,1.0699134763870919
Afghanistan,city,51+,2085,1.0944918168733566
Afghanistan,city,51+,2090,1.1172630687270708
Afghanistan,city,51+,2095,1.1381775639622072
Afghanistan,city,51+,2100,1.1573870206148897
Afghanistan,town,No_travel,2011,0.0
Afghanistan,town,No_travel,2012,0.0
Afghanistan,town,No_travel,2013,0.0
Afghanistan,town,No_travel,2014,0.0
Afghanistan,town,No_travel,2015,0.0
Afghanistan,town,No_travel,2016,0.0
Afghanistan,town,No_travel,2017,0.0
Afghanistan,town,No_travel,2018,0.0
Afghanistan,town,No_travel,2019,0.0
Afghanistan,town,No_travel,2020,0.0
Afghanistan,town,No_travel,2025,0.0
Afghanistan,town,No_travel,2030,0.0
Afghanistan,town,No_travel,2035,0.0
Afghanistan,town,No_travel,2040,0.0
Afghanistan,town,No_travel,2045,0.0
Afghanistan,town,No_travel,2050,0.0
Afghanistan,town,No_travel,2055,0.0
Afghanistan,town,No_travel,2060,0.0
Afghanistan,town,No_travel,2065,0.0
Afghanistan,town,No_travel,2070,0.0
Afghanistan,town,No_travel,2075,0.0
Afghanistan,town,No_travel,2080,0.0
Afghanistan,town,No_travel,2085,0.0
Afghanistan,town,No_travel,2090,0.0
Afghanistan,town,No_travel,2095,0.0
Afghanistan,town,No_travel,2100,0.0
Afghanistan,town,00_01,2011,0.02145716041148525
Afghanistan,town,00_01,2012,0.02176049249709386
Afghanistan,town,00_01,2013,0.02183732969628713
Afghanistan,town,00_01,2014,0.02179944200754447
Afghanistan,town,00_01,2015,0.02173570138692577
Afghanistan,town,00_01,2016,0.02172157915333193
Afghanistan,town,00_01,2017,0.021712618286893266
Afghanistan,town,00_01,2018,0.02164657004487268
Afghanistan,town,00_01,2019,0.021682472316617678
Afghanistan,town,00_01,2020,0.02147158035312285
Afghanistan,town,00_01,2025,0.021646045855757474
Afghanistan,town,00_01,2030,0.022317627743837998
Afghanistan,town,00_01,2035,0.023109080232974935
Afghanistan,town,00_01,2040,0.02398165617160039
Afghanistan,town,00_01,2045,0.024897121462022203
Afghanistan,town,00_01,2050,0.025826132057711188
Afghanistan,town,00_01,2055,0.02674858416287002
Afghanistan,town,00_01,2060,0.027649796548071932
Afghanistan,town,00_01,2065,0.028519447377596627
Afghanistan,town,00_01,2070,0.029353932638024445
Afghanistan,town,00_01,2075,0.030147294777291053
Afghanistan,town,00_01,2080,0.03089975871623814
Afghanistan,town,00_01,2085,0.03160959629416613
Afghanistan,town,00_01,2090,0.032267244041834925
Afghanistan,town,00_01,2095,0.032871267517284454
Afghanistan,town,00_01,2100,0.03342604843063672
Afghanistan,town,02_05,2011,0.07259776121809702
Afghanistan,town,02_05,2012,0.07362404940807643
Afghanistan,town,02_05,2013,0.07388401897220918
Afghanistan,town,02_05,2014,0.07375583046414487
Afghanistan,town,02_05,2015,0.07354017162267519
Afghanistan,town,02_05,2016,0.07349239071771617
Afghanistan,town,02_05,2017,0.073462072687299
Afghanistan,town,02_05,2018,0.07323860628209289
Afghanistan,town,02_05,2019,0.07336007736686585
Afghanistan,town,02_05,2020,0.07264654938296645
Afghanistan,town,02_05,2025,0.07323683275029796
Afghanistan,town,02_05,2030,0.0755090505374741
Afghanistan,town,02_05,2035,0.0781868363078166
Afghanistan,town,02_05,2040,0.08113909366257266
Afghanistan,town,02_05,2045,0.08423646206002029
Afghanistan,town,02_05,2050,0.08737965939375557
Afghanistan,town,02_05,2055,0.09050066685146214
Afghanistan,town,02_05,2060,0.09354981223197859
Afghanistan,town,02_05,2065,0.09649217282649415
Afghanistan,town,02_05,2070,0.0993155548824037
Afghanistan,town,02_05,2075,0.10199980172781231
Afghanistan,town,02_05,2080,0.1045456743557519
Afghanistan,town,02_05,2085,0.10694732573915047
Afghanistan,town,02_05,2090,0.10917239901237459
Afghanistan,town,02_05,2095,0.11121604091092416
Afghanistan,town,02_05,2100,0.11309307643209905
Afghanistan,town,06_10,2011,0.1876250866698114
Afghanistan,town,06_10,2012,0.19027747439309964
Afghanistan,town,06_10,2013,0.19094935202656255
Afghanistan,town,06_10,2014,0.19061805558529368
Afghanistan,town,06_10,2015,0.1900606966785872
Afghanistan,town,06_10,2016,0.18993720944862746
Afghanistan,town,06_10,2017,0.1898588540973159
Afghanistan,town,06_10,2018,0.18928131695373057
Afghanistan,town,06_10,2019,0.18959525256863108
Afghanistan,town,06_10,2020,0.18775117710990896
Afghanistan,town,06_10,2025,0.18927673335430337
Afghanistan,town,06_10,2030,0.19514916043880878
Afghanistan,town,06_10,2035,0.20206975659513293
Afghanistan,town,06_10,2040,0.2096997100918203
Afghanistan,town,06_10,2045,0.21770469542840087
Afghanistan,town,06_10,2050,0.22582812323481363
Afghanistan,town,06_10,2055,0.2338942024764329
Afghanistan,town,06_10,2060,0.2417745579679689
Afghanistan,town,06_10,2065,0.24937893380955073
Afghanistan,town,06_10,2070,0.2566758158903988
Afghanistan,town,06_10,2075,0.26361311035461726
Afghanistan,town,06_10,2080,0.2701927839485792
Afghanistan,town,06_10,2085,0.2763997253390597
Afghanistan,town,06_10,2090,0.28215030991261386
Afghanistan,town,06_10,2095,0.2874319946629948
Afghanistan,town,06_10,2100,0.292283094014182
Afghanistan,town,11_20,2011,0.44707804287844377
Afghanistan,town,11_20,2012,0.4533982228358786
Afghanistan,town,11_20,2013,0.45499919071684763
Afghanistan,town,11_20,2014,0.4542097687519921
Afghanistan,town,11_20,2015,0.4528816791366107
Afghanistan,town,11_20,2016,0.45258743048324146
Afghanistan,town,11_20,2017,0.45240072326974884
Afghanistan,town,11_20,2018,0.4510245524152718
Afghanistan,town,11_20,2019,0.45177260654167206
Afghanistan,town,11_20,2020,0.4473784945301129
Afghanistan,town,11_20,2025,0.451013630492742
Afghanistan,town,11_20,2030,0.4650066058164916
Afghanistan,town,11_20,2035,0.48149718626092053
Afghanistan,town,11_20,2040,0.49967804222798873
Afghanistan,town,11_20,2045,0.5187525340300753
Afghanistan,town,11_20,2050,0.5381092536970284
Afghanistan,town,11_20,2055,0.5573293216796849
Afghanistan,town,11_20,2060,0.5761068421748117
Afghanistan,town,11_20,2065,0.5942267510255375
Afghanistan,town,11_20,2070,0.6116139555711716
Afghanistan,town,11_20,2075,0.6281443251874287
Afghanistan,town,11_20,2080,0.6438225462898352
Afghanistan,town,11_20,2085,0.658612611191981
Afghanistan,town,11_20,2090,0.672315256942525
Afghanistan,town,11_20,2095,0.684900595732837
Afghanistan,town,11_20,2100,0.6964599241906271
Afghanistan,town,21_30,2011,0.404286557269486
Afghanistan,town,21_30,2012,0.4100018095325224
Afghanistan,town,21_30,2013,0.41144954288289853
Afghanistan,town,21_30,2014,0.4107356794009222
Afghanistan,town,21_30,2015,0.4095347061326065
Afghanistan,town,21_30,2016,0.4092686211012641
Afghanistan,town,21_30,2017,0.409099784322624
Afghanistan,town,21_30,2018,0.4078553318476399
Afghanistan,town,21_30,2019,0.4085317869592944
Afghanistan,town,21_30,2020,0.40455825158732184
Afghanistan,town,21_30,2025,0.4078454553025295
Afghanistan,town,21_30,2030,0.4204991114364178
Afghanistan,town,21_30,2035,0.4354113177087942
Afghanistan,town,21_30,2040,0.45185201701000516
Afghanistan,town,21_30,2045,0.46910081897013023
Afghanistan,town,21_30,2050,0.48660483572702296
Afghanistan,town,21_30,2055,0.5039852802354694
Afghanistan,town,21_30,2060,0.5209655351058614
Afghanistan,town,21_30,2065,0.5373511207636402
Afghanistan,town,21_30,2070,0.5530741319431581
Afghanistan,town,21_30,2075,0.5680223190192247
Afghanistan,town,21_30,2080,0.5821999198532811
Afghanistan,town,21_30,2085,0.5955743731871626
Afghanistan,town,21_30,2090,0.6079654882602797
Afghanistan,town,21_30,2095,0.6193462379362121
Afghanistan,town,21_30,2100,0.6297991805062809
Afghanistan,town,31_50,2011,0.674170657910804
Afghanistan,town,31_50,2012,0.683701163709267
Afghanistan,town,31_50,2013,0.6861153408016106
Afghanistan,town,31_50,2014,0.6849249331448415
Afghanistan,town,31_50,2015,0.6829222424199703
Afghanistan,town,31_50,2016,0.682478530608596
Afghanistan,town,31_50,2017,0.6821969857486726
Afghanistan,town,31_50,2018,0.6801217909920991
Afghanistan,town,31_50,2019,0.681249818079498
Afghanistan,town,31_50,2020,0.6746237235240737
Afghanistan,town,31_50,2025,0.6801053212955555
Afghanistan,town,31_50,2030,0.7012060072505283
Afghanistan,town,31_50,2035,0.726072953066014
Afghanistan,town,31_50,2040,0.753488747296894
Afghanistan,town,31_50,2045,0.7822520983322819
Afghanistan,town,31_50,2050,0.8114410344492207
Afghanistan,town,31_50,2055,0.8404239068657059
Afghanistan,town,31_50,2060,0.8687394404683595
Afghanistan,town,31_50,2065,0.8960633295874211
Afghanistan,town,31_50,2070,0.9222823383588873
Afghanistan,town,31_50,2075,0.9472092841957931
Afghanistan,town,31_50,2080,0.9708512339713365
Afghanistan,town,31_50,2085,0.993153889949309
Afghanistan,town,31_50,2090,1.013816773863907
Afghanistan,town,31_50,2095,1.0327948164393548
Afghanistan,town,31_50,2100,1.0502256882871905
Afghanistan,town,51+,2011,0.786647883633353
Afghanistan,town,51+,2012,0.7977684391311989
Afghanistan,town,51+,2013,0.8005853924917818
Afghanistan,town,51+,2014,0.7991963797056716
Afghanistan,town,51+,2015,0.7968595642394303
Afghanistan,town,51+,2016,0.7963418244753735
Afghanistan,town,51+,2017,0.7960133072585417
Afghanistan,town,51+,2018,0.7935918913392486
Afghanistan,town,51+,2019,0.794908116111969
Afghanistan,town,51+,2020,0.7871765377680942
Afghanistan,town,51+,2025,0.7935726738729021
Afghanistan,town,51+,2030,0.8181937542401931
Afghanistan,town,51+,2035,0.8472094494037836
Afghanistan,town,51+,2040,0.8791992375335165
Afghanistan,town,51+,2045,0.9127614060329718
Afghanistan,town,51+,2050,0.9468201633408831
Afghanistan,town,51+,2055,0.9806384777105662
Afghanistan,town,51+,2060,1.0136781158513049
Afghanistan,town,51+,2065,1.0455606656121488
Afghanistan,town,51+,2070,1.0761539990938427
Afghanistan,town,51+,2075,1.1052397045572202
Afghanistan,town,51+,2080,1.132826027897857
Afghanistan,town,51+,2085,1.1588496124585426
Afghanistan,town,51+,2090,1.1829598488066375
Afghanistan,town,51+,2095,1.2051041484024454
Afghanistan,town,51+,2100,1.2254431505350454
Afghanistan,rural,No_travel,2011,0.0
Afghanistan,rural,No_travel,2012,0.0
Afghanistan,rural,No_travel,2013,0.0
Afghanistan,rural,No_travel,2014,0.0
Afghanistan,rural,No_travel,2015,0.0
Afghanistan,rural,No_travel,2016,0.0
Afghanistan,rural,No_travel,2017,0.0
Afghanistan,rural,No_travel,2018,0.0
Afghanistan,rural,No_travel,2019,0.0
Afghanistan,rural,No_travel,2020,0.0
Afghanistan,rural,No_travel,2025,0.0
Afghanistan,rural,No_travel,2030,0.0
Afghanistan,rural,No_travel,2035,0.0
Afghanistan,rural,No_travel,2040,0.0
Afghanistan,rural,No_travel,2045,0.0
Afghanistan,rural,No_travel,2050,0.0
Afghanistan,rural,No_travel,2055,0.0
Afghanistan,rural,No_travel,2060,0.0
Afghanistan,rural,No_travel,2065,0.0
Afghanistan,rural,No_travel,2070,0.0
Afghanistan,rural,No_travel,2075,0.0
Afghanistan,rural,No_travel,2080,0.0
Afghanistan,rural,No_travel,2085,0.0
Afghanistan,rural,No_travel,2090,0.0
Afghanistan,rural,No_travel,2095,0.0
Afghanistan,rural,No_travel,2100,0.0
Afghanistan,rural,00_01,2011,0.02747552116779272
Afghanistan,rural,00_01,2012,0.02786393263413703
Afghanistan,rural,00_01,2013,0.027962321332940743
Afghanistan,rural,00_01,2014,0.027913806805664784
Afghanistan,rural,00_01,2015,0.027832188048220997
Afghanistan,rural,00_01,2016,0.027814104773425868
Afghanistan,rural,00_01,2017,0.027802630539613203
Afghanistan,rural,00_01,2018,0.027718056913050727
Afghanistan,rural,00_01,2019,0.02776402914835049
Afghanistan,rural,00_01,2020,0.027493985652566305
Afghanistan,rural,00_01,2025,0.027717385697994562
Afghanistan,rural,00_01,2030,0.028577334639420467
Afghanistan,rural,00_01,2035,0.02959077580318902
Afghanistan,rural,00_01,2040,0.030708094134806546
Afghanistan,rural,00_01,2045,0.031880331536354826
Afghanistan,rural,00_01,2050,0.033069913465997934
Afghanistan,rural,00_01,2055,0.034251097362446796
Afghanistan,rural,00_01,2060,0.035405084166452716
Afghanistan,rural,00_01,2065,0.03651865694667971
Afghanistan,rural,00_01,2070,0.037587200826550364
Afghanistan,rural,00_01,2075,0.038603087264136825
Afghanistan,rural,00_01,2080,0.039566604266669705
Afghanistan,rural,00_01,2085,0.04047553895439362
Afghanistan,rural,00_01,2090,0.04131764547107666
Afghanistan,rural,00_01,2095,0.04209108703870711
Afghanistan,rural,00_01,2100,0.042801474360980134
Afghanistan,rural,02_05,2011,0.08859584964879585
Afghanistan,rural,02_05,2012,0.08984829700598909
Afghanistan,rural,02_05,2013,0.09016555505955323
Afghanistan,rural,02_05,2014,0.09000911814474188
Afghanistan,rural,02_05,2015,0.08974593539676594
Afghanistan,rural,02_05,2016,0.08968762519820325
Afghanistan,rural,02_05,2017,0.08965062610044297
Afghanistan,rural,02_05,2018,0.08937791526604519
Afghanistan,rural,02_05,2019,0.08952615446492201
Afghanistan,rural,02_05,2020,0.08865538907324763
Afghanistan,rural,02_05,2025,0.08937575090789399
Afghanistan,rural,02_05,2030,0.09214868855864616
Afghanistan,rural,02_05,2035,0.09541656764362559
Afghanistan,rural,02_05,2040,0.09901940255668512
Afghanistan,rural,02_05,2045,0.10279932607282237
Afghanistan,rural,02_05,2050,0.10663517767104892
Afghanistan,rural,02_05,2055,0.11044394949591362
Afghanistan,rural,02_05,2060,0.11416502327500715
Afghanistan,rural,02_05,2065,0.11775578051697098
Afghanistan,rural,02_05,2070,0.12120134037900315
Afghanistan,rural,02_05,2075,0.12447710434122287
Afghanistan,rural,02_05,2080,0.1275840010937593
Afghanistan,rural,02_05,2085,0.13051489512275263
Afghanistan,rural,02_05,2090,0.13323029920497903
Afghanistan,rural,02_05,2095,0.1357242905807729
Afghanistan,rural,02_05,2100,0.13801496117486836
Afghanistan,rural,06_10,2011,0.19302164217733958
Afghanistan,rural,06_10,2012,0.19575031904634
Afghanistan,rural,06_10,2013,0.19644152152067362
Afghanistan,rural,06_10,2014,0.1961006961850203
Afghanistan,rural,06_10,2015,0.19552730627557827
Afghanistan,rural,06_10,2016,0.19540026725143803
Afghanistan,rural,06_10,2017,0.19531965820894812
Afghanistan,rural,06_10,2018,0.1947255096872772
Afghanistan,rural,06_10,2019,0.195048474856816
Afghanistan,rural,06_10,2020,0.19315135928629595
Afghanistan,rural,06_10,2025,0.19472079425234134
Afghanistan,rural,06_10,2030,0.20076212667508236
Afghanistan,rural,06_10,2035,0.2078817760708516
Afghanistan,rural,06_10,2040,0.21573118565571758
Afghanistan,rural,06_10,2045,0.22396641391168895
Afghanistan,rural,06_10,2050,0.23232349133205688
Afghanistan,rural,06_10,2055,0.2406215707029132
Afghanistan,rural,06_10,2060,0.24872858445526042
Afghanistan,rural,06_10,2065,0.25655168070922196
Afghanistan,rural,06_10,2070,0.26405843893126263
Afghanistan,rural,06_10,2075,0.27119526691902374
Afghanistan,rural,06_10,2080,0.27796418798730516
Afghanistan,rural,06_10,2085,0.2843496561640499
Afghanistan,rural,06_10,2090,0.2902656415877927
Afghanistan,rural,06_10,2095,0.29569924048480833
Afghanistan,rural,06_10,2100,0.3006898692954397
Afghanistan,rural,11_20,2011,0.40317189715969404
Afghanistan,rural,11_20,2012,0.4088713918774932
Afghanistan,rural,11_20,2013,0.41031513367636635
Afghanistan,rural,11_20,2014,0.4096032383902969
Afghanistan,rural,11_20,2015,0.4084055763302592
Afghanistan,rural,11_20,2016,0.40814022492303786
Afghanistan,rural,11_20,2017,0.4079718536449662
Afghanistan,rural,11_20,2018,0.40673083225495743
Afghanistan,rural,11_20,2019,0.40740542230947496
Afghanistan,rural,11_20,2020,0.4034428423880222
Afghanistan,rural,11_20,2025,0.40672098294050973
Afghanistan,rural,11_20,2030,0.4193397516276555
Afghanistan,rural,11_20,2035,0.43421084339552535
Afghanistan,rural,11_20,2040,0.45060621397788914
Afghanistan,rural,11_20,2045,0.4678074591960426
Afghanistan,rural,11_20,2050,0.4852632155572105
Afghanistan,rural,11_20,2055,0.5025957403714805
Afghanistan,rural,11_20,2060,0.5195291789121732
Afghanistan,rural,11_20,2065,0.535869587805155
Afghanistan,rural,11_20,2070,0.5515492490066625
Afghanistan,rural,11_20,2075,0.5664562223754023
Afghanistan,rural,11_20,2080,0.5805947340885911
Afghanistan,rural,11_20,2085,0.5939323126628411
Afghanistan,rural,11_20,2090,0.606289264142241
Afghanistan,rural,11_20,2095,0.6176386359069984
Afghanistan,rural,11_20,2100,0.6280627586266336
Afghanistan,rural,21_30,2011,0.4275976654157429
Afghanistan,rural,21_30,2012,0.4336424583503431
Afghanistan,rural,21_30,2013,0.4351736678096591
Afghanistan,rural,21_30,2014,0.4344186430559788
Afghanistan,rural,21_30,2015,0.4331484218316402
Afghanistan,rural,21_30,2016,0.4328669943734221
Afghanistan,rural,21_30,2017,0.4326884224889884
Afghanistan,rural,21_30,2018,0.43137221505281254
Afghanistan,rural,21_30,2019,0.4320876744746038
Afghanistan,rural,21_30,2020,0.42788502559115404
Afghanistan,rural,21_30,2025,0.4313617690274485
Afghanistan,rural,21_30,2030,0.4447450332605396
Afghanistan,rural,21_30,2035,0.46051707532726555
Afghanistan,rural,21_30,2040,0.4779057431238899
Afghanistan,rural,21_30,2045,0.4961491086693133
Afghanistan,rural,21_30,2050,0.5146624046621263
Afghanistan,rural,21_30,2055,0.5330450032473811
Afghanistan,rural,21_30,2060,0.5510043373142423
Afghanistan,rural,21_30,2065,0.5683347136222173
Afghanistan,rural,21_30,2070,0.5849643114972366
Afghanistan,rural,21_30,2075,0.6007744090159212
Afghanistan,rural,21_30,2080,0.6157694883942292
Afghanistan,rural,21_30,2085,0.6299151108962593
Afghanistan,rural,21_30,2090,0.6430206959865667
Afghanistan,rural,21_30,2095,0.6550576581477051
Afghanistan,rural,21_30,2100,0.6661133159708933
Afghanistan,rural,31_50,2011,0.713065368968106
Afghanistan,rural,31_50,2012,0.7231457151740556
Afghanistan,rural,31_50,2013,0.72569917260936
Afghanistan,rural,31_50,2014,0.7244400871463007
Afghanistan,rural,31_50,2015,0.7223218558291967
Afghanistan,rural,31_50,2016,0.7218525450949183
Afghanistan,rural,31_50,2017,0.7215547571578929
Afghanistan,rural,31_50,2018,0.7193598388572917
Afghanistan,rural,31_50,2019,0.7205529448488439
Afghanistan,rural,31_50,2020,0.713544573150166
Afghanistan,rural,31_50,2025,0.7193424189798394
Afghanistan,rural,31_50,2030,0.7416604600268787
Afghanistan,rural,31_50,2035,0.767962046553914
Afghanistan,rural,31_50,2040,0.7969595313886552
Afghanistan,rural,31_50,2045,0.82738231718946
Afghanistan,rural,31_50,2050,0.8582552412151229
Afghanistan,rural,31_50,2055,0.8889102131735003
Afghanistan,rural,31_50,2060,0.9188593457543733
Afghanistan,rural,31_50,2065,0.9477596232252226
Afghanistan,rural,31_50,2070,0.9754912768417422
Afghanistan,rural,31_50,2075,1.0018563249521464
Afghanistan,rural,31_50,2080,1.026862242136477
Afghanistan,rural,31_50,2085,1.0504515980766844
Afghanistan,rural,31_50,2090,1.0723065791109634
Afghanistan,rural,31_50,2095,1.0923795157962983
Afghanistan,rural,31_50,2100,1.110816021330565
Afghanistan,rural,51+,2011,0.8434383382567929
Afghanistan,rural,51+,2012,0.8553617197909473
Afghanistan,rural,51+,2013,0.8583820374080533
Afghanistan,rural,51+,2014,0.8568927476501973
Afghanistan,rural,51+,2015,0.8543872305126492
Afghanistan,rural,51+,2016,0.8538321135723625
Afghanistan,rural,51+,2017,0.8534798797187945
Afghanistan,rural,51+,2018,0.8508836545694123
Afghanistan,rural,51+,2019,0.852294901530312
Afghanistan,rural,51+,2020,0.8440051575087042
Afghanistan,rural,51+,2025,0.8508630497369096
Afghanistan,rural,51+,2030,0.8772615992571342
Afghanistan,rural,51+,2035,0.9083720239100416
Afghanistan,rural,51+,2040,0.9426712501619543
Afghanistan,rural,51+,2045,0.9786563716075604
Afghanistan,rural,51+,2050,1.0151739320873456
Afghanistan,rural,51+,2055,1.051433691336766
Afghanistan,rural,51+,2060,1.0868585594001225
Afghanistan,rural,51+,2065,1.121042805425768
Afghanistan,rural,51+,2070,1.1538447628077095
Afghanistan,rural,51+,2075,1.1850302520125489
Afghanistan,rural,51+,2080,1.214608114231633
Afghanistan,rural,51+,2085,1.2425104189018887
Afghanistan,rural,51+,2090,1.2683612450510555
Afghanistan,rural,51+,2095,1.2921042076160625
Afghanistan,rural,51+,2100,1.3139115429149102
Bangladesh,large_city,No_travel,2011,0.0
Bangladesh,large_city,No_travel,2012,0.0
Bangladesh,large_city,No_travel,2013,0.0
Bangladesh,large_city,No_travel,2014,0.0
Bangladesh,large_city,No_travel,2015,0.0
Bangladesh,large_city,No_travel,2016,0.0
Bangladesh,large_city,No_travel,2017,0.0
Bangladesh,large_city,No_travel,2018,0.0
Bangladesh,large_city,No_travel,2019,0.0
Bangladesh,large_city,No_travel,2020,0.0
Bangladesh,large_city,No_travel,2025,0.0
Bangladesh,large_city,No_travel,2030,0.0
Bangladesh,large_city,No_travel,2035,0.0
Bangladesh,large_city,No_travel,2040,0.0
Bangladesh,large_city,No_travel,2045,0.0
Bangladesh,large_city,No_travel,2050,0.0
Bangladesh,large_city,No_travel,2055,0.0
Bangladesh,large_city,No_travel,2060,0.0
Bangladesh,large_city,No_travel,2065,0.0
Bangladesh,large_city,No_travel,2070,0.0
Bangladesh,large_city,No_travel,2075,0.0
Bangladesh,large_city,No_travel,2080,0.0
Bangladesh,large_city,No_travel,2085,0.0
Bangladesh,large_city,No_travel,2090,0.0
Bangladesh,large_city,No_travel,2095,0.0
Bangladesh,large_city,No_travel,2100,0.0
Bangladesh,large_city,00_01,2011,0.05827400034779323
Bangladesh,large_city,00_01,2012,0.05867168186599948
Bangladesh,large_city,00_01,2013,0.05903022278680672
Bangladesh,large_city,00_01,2014,0.059394165991923285
Bangladesh,large_city,00_01,2015,0.05979871554194452
Bangladesh,large_city,00_01,2016,0.060241779385233146
Bangladesh,large_city,00_01,2017,0.0606447604259962
Bangladesh,large_city,00_01,2018,0.06110832176471332
Bangladesh,large_city,00_01,2019,0.06161640904922514
Bangladesh,large_city,00_01,2020,0.06179302206897718
Bangladesh,large_city,00_01,2025,0.06443301574833805
Bangladesh,large_city,00_01,2030,0.0662714970040155
Bangladesh,large_city,00_01,2035,0.0679894200106398
Bangladesh,large_city,00_01,2040,0.06960278081687751
Bangladesh,large_city,00_01,2045,0.07109946483396959
Bangladesh,large_city,00_01,2050,0.07247778057239537
Bangladesh,large_city,00_01,2055,0.07374420365923152
Bangladesh,large_city,00_01,2060,0.07491295980722791
Bangladesh,large_city,00_01,2065,0.07599639728012947
Bangladesh,large_city,00_01,2070,0.0770033740245968
Bangladesh,large_city,00_01,2075,0.07793975718336967
Bangladesh,large_city,00_01,2080,0.07878474493558947
Bangladesh,large_city,00_01,2085,0.07954790830490745
Bangladesh,large_city,00_01,2090,0.08022484184449348
Bangladesh,large_city,00_01,2095,0.08084463252073998
Bangladesh,large_city,00_01,2100,0.0814232354090864
Bangladesh,large_city,02_05,2011,0.21452239727168868
Bangladesh,large_city,02_05,2012,0.2159863707783484
Bangladesh,large_city,02_05,2013,0.21730625713234022
Bangladesh,large_city,02_05,2014,0.21864603075979644
Bangladesh,large_city,02_05,2015,0.22013528735395138
Bangladesh,large_city,02_05,2016,0.22176632550543265
Bangladesh,large_city,02_05,2017,0.22324980799168015
Bangladesh,large_city,02_05,2018,0.22495630298208
Bangladesh,large_city,02_05,2019,0.22682671005292163
Bangladesh,large_city,02_05,2020,0.2274768704702686
Bangladesh,large_city,02_05,2025,0.2371954030834162
Bangladesh,large_city,02_05,2030,0.24396335112118847
Bangladesh,large_city,02_05,2035,0.2502874915527658
Bangladesh,large_city,02_05,2040,0.2562267101708919
Bangladesh,large_city,02_05,2045,0.2617364098892667
Bangladesh,large_city,02_05,2050,0.26681036387628854
Bangladesh,large_city,02_05,2055,0.27147241067120353
Bangladesh,large_city,02_05,2060,0.27577491898018913
Bangladesh,large_city,02_05,2065,0.2797633461105333
Bangladesh,large_city,02_05,2070,0.2834703005658773
Bangladesh,large_city,02_05,2075,0.2869173808896224
Bangladesh,large_city,02_05,2080,0.29002800993841865
Bangladesh,large_city,02_05,2085,0.2928374212456729
Bangladesh,large_city,02_05,2090,0.29532939716699147
Bangladesh,large_city,02_05,2095,0.29761101471309276
Bangladesh,large_city,02_05,2100,0.29974100884316107
Bangladesh,large_city,06_10,2011,0.3454745494359448
Bangladesh,large_city,06_10,2012,0.3478321847879257
Bangladesh,large_city,06_10,2013,0.3499577770302802
Bangladesh,large_city,06_10,2014,0.3521153964498758
Bangladesh,large_city,06_10,2015,0.35451374859120754
Bangladesh,large_city,06_10,2016,0.3571404308288771
Bangladesh,large_city,06_10,2017,0.35952948414009567
Bangladesh,large_city,06_10,2018,0.3622776847728549
Bangladesh,large_city,06_10,2019,0.3652898552887495
Bangladesh,large_city,06_10,2020,0.36633689690352117
Bangladesh,large_city,06_10,2025,0.3819879697910457
Bangladesh,large_city,06_10,2030,0.3928873156341468
Bangladesh,large_city,06_10,2035,0.4030719378179171
Bangladesh,large_city,06_10,2040,0.41263666813136807
Bangladesh,large_city,06_10,2045,0.42150968582994525
Bangladesh,large_city,06_10,2050,0.42968096300108855
Bangladesh,large_city,06_10,2055,0.4371888900819272
Bangladesh,large_city,06_10,2060,0.44411780351192537
Bangladesh,large_city,06_10,2065,0.4505409093663162
Bangladesh,large_city,06_10,2070,0.45651072154689526
Bangladesh,large_city,06_10,2075,0.46206202312128103
Bangladesh,large_city,06_10,2080,0.4670714915160158
Bangladesh,large_city,06_10,2085,0.47159586807481724
Bangladesh,large_city,06_10,2090,0.4756090353224888
Bangladesh,large_city,06_10,2095,0.4792834339109318
Bangladesh,large_city,06_10,2100,0.48271365272139294
Bangladesh,large_city,11_20,2011,0.49491906190807855
Bangladesh,large_city,11_20,2012,0.4982965572362549
Bangladesh,large_city,11_20,2013,0.5013416328295301
Bangladesh,large_city,11_20,2014,0.5044325898358982
Bangladesh,large_city,11_20,2015,0.5078684151198479
Bangladesh,large_city,11_20,2016,0.5116313409594518
Bangladesh,large_city,11_20,2017,0.5150538449487244
Bangladesh,large_city,11_20,2018,0.5189908553054094
Bangladesh,large_city,11_20,2019,0.5233060229739619
Bangladesh,large_city,11_20,2020,0.5248059912194016
Bangladesh,large_city,11_20,2025,0.5472273658879423
Bangladesh,large_city,11_20,2030,0.562841523367521
Bangladesh,large_city,11_20,2035,0.5774317838232029
Bangladesh,large_city,11_20,2040,0.5911340011409929
Bangladesh,large_city,11_20,2045,0.6038452865391314
Bangladesh,large_city,11_20,2050,0.6155512742558416
Bangladesh,large_city,11_20,2055,0.6263069615670769
Bangladesh,large_city,11_20,2060,0.6362331669573608
Bangladesh,large_city,11_20,2065,0.6454347638019955
Bangladesh,large_city,11_20,2070,0.6539869823344563
Bangladesh,large_city,11_20,2075,0.6619396519943476
Bangladesh,large_city,11_20,2080,0.6691161036392753
Bangladesh,large_city,11_20,2085,0.6755976236408409
Bangladesh,large_city,11_20,2090,0.6813467966920561
Bangladesh,large_city,11_20,2095,0.6866106573887056
Bangladesh,large_city,11_20,2100,0.691524711632599
Bangladesh,large_city,21_30,2011,0.5042582541473913
Bangladesh,large_city,21_30,2012,0.5076994832869824
Bangladesh,large_city,21_30,2013,0.5108020198845665
Bangladesh,large_city,21_30,2014,0.5139513036839554
Bangladesh,large_city,21_30,2015,0.5174519634737813
Bangladesh,large_city,21_30,2016,0.5212858962527074
Bangladesh,large_city,21_30,2017,0.5247729833731538
Bangladesh,large_city,21_30,2018,0.528784285668459
Bangladesh,large_city,21_30,2019,0.5331808811572415
Bangladesh,large_city,21_30,2020,0.5347091540142334
Bangladesh,large_city,21_30,2025,0.5575536231731981
Bangladesh,large_city,21_30,2030,0.5734624219983626
Bangladesh,large_city,21_30,2035,0.5883280027189217
Bangladesh,large_city,21_30,2040,0.6022887828027977
Bangladesh,large_city,21_30,2045,0.6152399319424626
Bangladesh,large_city,21_30,2050,0.627166813292196
Bangladesh,large_city,21_30,2055,0.6381254619342767
Bangladesh,large_city,21_30,2060,0.6482389762150069
Bangladesh,large_city,21_30,2065,0.6576142084850168
Bangladesh,large_city,21_30,2070,0.6663278085828579
Bangladesh,large_city,21_30,2075,0.6744305462366614
Bangladesh,large_city,21_30,2080,0.6817424185324927
Bangladesh,large_city,21_30,2085,0.6883462457272066
Bangladesh,large_city,21_30,2090,0.6942039064817148
Bangladesh,large_city,21_30,2095,0.6995670969693355
Bangladesh,large_city,21_30,2100,0.7045738801072852
Bangladesh,large_city,31_50,2011,0.618752652250464
Bangladesh,large_city,31_50,2012,0.6229752299467355
Bangladesh,large_city,31_50,2013,0.6267822132388685
Bangladesh,large_city,31_50,2014,0.6306465579224395
Bangladesh,large_city,31_50,2015,0.6349420602999737
Bangladesh,large_city,31_50,2016,0.6396465069917221
Bangladesh,large_city,31_50,2017,0.6439253549563485
Bangladesh,large_city,31_50,2018,0.6488474438141603
Bangladesh,large_city,31_50,2019,0.6542423086422161
Bangladesh,large_city,31_50,2020,0.6561175836146109
Bangladesh,large_city,31_50,2025,0.6841490055399956
Bangladesh,large_city,31_50,2030,0.7036699779509149
Bangladesh,large_city,31_50,2035,0.7219108642873054
Bangladesh,large_city,31_50,2040,0.7390415104063056
Bangladesh,large_city,31_50,2045,0.7549332837465524
Bangladesh,large_city,31_50,2050,0.7695682240921538
Bangladesh,large_city,31_50,2055,0.7830150895754631
Bangladesh,large_city,31_50,2060,0.7954249286476177
Bangladesh,large_city,31_50,2065,0.8069288550282401
Bangladesh,large_city,31_50,2070,0.8176209222910858
Bangladesh,large_city,31_50,2075,0.8275634276889552
Bangladesh,large_city,31_50,2080,0.8365354977319374
Bangladesh,large_city,31_50,2085,0.8446387574369111
Bangladesh,large_city,31_50,2090,0.8518264298211018
Bangladesh,large_city,31_50,2095,0.8584073599525297
Bangladesh,large_city,31_50,2100,0.8645509586350884
Bangladesh,large_city,51+,2011,0.6494195964482046
Bangladesh,large_city,51+,2012,0.6538514557598537
Bangladesh,large_city,51+,2013,0.6578471227590496
Bangladesh,large_city,51+,2014,0.6619029941251178
Bangladesh,large_city,51+,2015,0.6664113924494152
Bangladesh,large_city,51+,2016,0.6713490034009891
Bangladesh,large_city,51+,2017,0.6758399218776118
Bangladesh,large_city,51+,2018,0.6810059618906871
Bangladesh,large_city,51+,2019,0.686668209845158
Bangladesh,large_city,51+,2020,0.6886364281814715
Bangladesh,large_city,51+,2025,0.7180571581750197
Bangladesh,large_city,51+,2030,0.7385456392817547
Bangladesh,large_city,51+,2035,0.7576905900150586
Bangladesh,large_city,51+,2040,0.7756702742217209
Bangladesh,large_city,51+,2045,0.7923496839857567
Bangladesh,large_city,51+,2050,0.807709968937613
Bangladesh,large_city,51+,2055,0.8218232950363416
Bangladesh,large_city,51+,2060,0.8348481970758137
Bangladesh,large_city,51+,2065,0.8469222871027434
Bangladesh,large_city,51+,2070,0.858144280223548
Bangladesh,large_city,51+,2075,0.8685795613002176
Bangladesh,large_city,51+,2080,0.8779963097948325
Bangladesh,large_city,51+,2085,0.886501187516777
Bangladesh,large_city,51+,2090,0.894045099097868
Bangladesh,large_city,51+,2095,0.9009521967477311
Bangladesh,large_city,51+,2100,0.9074002876975731
Bangladesh,city,No_travel,2011,0.0
Bangladesh,city,No_travel,2012,0.0
Bangladesh,city,No_travel,2013,0.0
Bangladesh,city,No_travel,2014,0.0
Bangladesh,city,No_travel,2015,0.0
Bangladesh,city,No_travel,2016,0.0
Bangladesh,city,No_travel,2017,0.0
Bangladesh,city,No_travel,2018,0.0
Bangladesh,city,No_travel,2019,0.0
Bangladesh,city,No_travel,2020,0.0
Bangladesh,city,No_travel,2025,0.0
Bangladesh,city,No_travel,2030,0.0
Bangladesh,city,No_travel,2035,0.0
Bangladesh,city,No_travel,2040,0.0
Bangladesh,city,No_travel,2045,0.0
Bangladesh,city,No_travel,2050,0.0
Bangladesh,city,No_travel,2055,0.0
Bangladesh,city,No_travel,2060,0.0
Bangladesh,city,No_travel,2065,0.0
Bangladesh,city,No_travel,2070,0.0
Bangladesh,city,No_travel,2075,0.0
Bangladesh,city,No_travel,2080,0.0
Bangladesh,city,No_travel,2085,0.0
Bangladesh,city,No_travel,2090,0.0
Bangladesh,city,No_travel,2095,0.0
Bangladesh,city,No_travel,2100,0.0
Bangladesh,city,00_01,2011,0.03443334851853788
Bangladesh,city,00_01,2012,0.03466833335283879
Bangladesh,city,00_01,2013,0.034880190517451316
Bangladesh,city,00_01,2014,0.03509523982156532
Bangladesh,city,00_01,2015,0.03533428288649585
Bangladesh,city,00_01,2016,0.035596083546153116
Bangladesh,city,00_01,2017,0.03583419979937312
Bangladesh,city,00_01,2018,0.03610811216235663
Bangladesh,city,00_01,2019,0.03640833432731902
Bangladesh,city,00_01,2020,0.036512692662524056
Bangladesh,city,00_01,2025,0.03807263057489723
Bangladesh,city,00_01,2030,0.039158965225748736
Bangladesh,city,00_01,2035,0.040174063575991806
Bangladesh,city,00_01,2040,0.041127377482635875
Bangladesh,city,00_01,2045,0.042011748592823576
Bangladesh,city,00_01,2050,0.042826177427407575
Bangladesh,city,00_01,2055,0.04357449035016376
Bangladesh,city,00_01,2060,0.04426509314964477
Bangladesh,city,00_01,2065,0.044905282254216444
Bangladesh,city,00_01,2070,0.04550029170929703
Bangladesh,city,00_01,2075,0.0460535883331856
Bangladesh,city,00_01,2080,0.046552880600619274
Bangladesh,city,00_01,2085,0.04700382390493119
Bangladesh,city,00_01,2090,0.04740381512491505
Bangladesh,city,00_01,2095,0.04777004137051969
Bangladesh,city,00_01,2100,0.04811193028820782
Bangladesh,city,02_05,2011,0.1172561922728026
Bangladesh,city,02_05,2012,0.11805638824843202
Bangladesh,city,02_05,2013,0.11877782736187763
Bangladesh,city,02_05,2014,0.11951013669675829
Bangladesh,city,02_05,2015,0.12032415220175292
Bangladesh,city,02_05,2016,0.12121566434932673
Bangladesh,city,02_05,2017,0.12202652377404437
Bangladesh,city,02_05,2018,0.12295928001419341
Bangladesh,city,02_05,2019,0.1239816292603155
Bangladesh,city,02_05,2020,0.12433700164042205
Bangladesh,city,02_05,2025,0.12964907228288045
Bangladesh,city,02_05,2030,0.13334837746733774
Bangladesh,city,02_05,2035,0.13680510103483584
Bangladesh,city,02_05,2040,0.14005142947929758
Bangladesh,city,02_05,2045,0.14306298639717482
Bangladesh,city,02_05,2050,0.14583636825311264
Bangladesh,city,02_05,2055,0.14838460499818792
Bangladesh,city,02_05,2060,0.15073632093997283
Bangladesh,city,02_05,2065,0.15291636267178976
Bangladesh,city,02_05,2070,0.15494255373570862
Bangladesh,city,02_05,2075,0.15682669971935126
Bangladesh,city,02_05,2080,0.15852694418087984
Bangladesh,city,02_05,2085,0.16006254548221896
Bangladesh,city,02_05,2090,0.1614246391912467
Bangladesh,city,02_05,2095,0.1626717527284865
Bangladesh,city,02_05,2100,0.16383599014346803
Bangladesh,city,06_10,2011,0.200017206570617
Bangladesh,city,06_10,2012,0.20138219174241992
Bangladesh,city,06_10,2013,0.20261283238821584
Bangladesh,city,06_10,2014,0.20386201560548797
Bangladesh,city,06_10,2015,0.20525057431832244
Bangladesh,city,06_10,2016,0.20677132785743293
Bangladesh,city,06_10,2017,0.20815450288563225
Bangladesh,city,06_10,2018,0.2097456111584633
Bangladesh,city,06_10,2019,0.21148954839866607
Bangladesh,city,06_10,2020,0.21209574743501114
Bangladesh,city,06_10,2025,0.22115714974064235
Bangladesh,city,06_10,2030,0.2274674748066813
Bangladesh,city,06_10,2035,0.2333640008532478
Bangladesh,city,06_10,2040,0.23890163203916667
Bangladesh,city,06_10,2045,0.24403878676393204
Bangladesh,city,06_10,2050,0.24876965923067323
Bangladesh,city,06_10,2055,0.2531164761070454
Bangladesh,city,06_10,2060,0.25712806512597786
Bangladesh,city,06_10,2065,0.26084680994408443
Bangladesh,city,06_10,2070,0.2643031142016925
Bangladesh,city,06_10,2075,0.2675171160306335
Bangladesh,city,06_10,2080,0.2704174161434915
Bangladesh,city,06_10,2085,0.2730368657158046
Bangladesh,city,06_10,2090,0.27536034367877044
Bangladesh,city,06_10,2095,0.2774876869018453
Bangladesh,city,06_10,2100,0.2794736589090875
Bangladesh,city,11_20,2011,0.34492847757715667
Bangladesh,city,11_20,2012,0.3472823863497959
Bangladesh,city,11_20,2013,0.349404618790079
Bangladesh,city,11_20,2014,0.3515588277840761
Bangladesh,city,11_20,2015,0.35395338898736634
Bangladesh,city,11_20,2016,0.3565759193786718
Bangladesh,city,11_20,2017,0.3589611964499776
Bangladesh,city,11_20,2018,0.3617050531591966
Bangladesh,city,11_20,2019,0.36471246250945605
Bangladesh,city,11_20,2020,0.3657578491254391
Bangladesh,city,11_20,2025,0.38138418325730805
Bangladesh,city,11_20,2030,0.39226630112788896
Bangladesh,city,11_20,2035,0.40243482506194445
Bangladesh,city,11_20,2040,0.41198443695330145
Bangladesh,city,11_20,2045,0.42084342958034837
Bangladesh,city,11_20,2050,0.4290017908810728
Bangladesh,city,11_20,2055,0.4364978506110361
Bangladesh,city,11_20,2060,0.44341581190391655
Bangladesh,city,11_20,2065,0.4498287651222917
Bangladesh,city,11_20,2070,0.45578914116223646
Bangladesh,city,11_20,2075,0.46133166811176385
Bangladesh,city,11_20,2080,0.4663332183263538
Bangladesh,city,11_20,2085,0.4708504434619279
Bangladesh,city,11_20,2090,0.47485726732568845
Bangladesh,city,11_20,2095,0.4785258580024621
Bangladesh,city,11_20,2100,0.48195065486226163
Bangladesh,city,21_30,2011,0.3020747578557574
Bangladesh,city,21_30,2012,0.3041362183286767
Bangladesh,city,21_30,2013,0.30599478580624523
Bangladesh,city,21_30,2014,0.30788135708851005
Bangladesh,city,21_30,2015,0.3099784193569999
Bangladesh,city,21_30,2016,0.3122751280500237
Bangladesh,city,21_30,2017,0.3143640596418562
Bangladesh,city,21_30,2018,0.31676702113941135
Bangladesh,city,21_30,2019,0.3194007916463697
Bangladesh,city,21_30,2020,0.32031630001815414
Bangladesh,city,21_30,2025,0.33400122720136005
Bangladesh,city,21_30,2030,0.3435313568786878
Bangladesh,city,21_30,2035,0.352436549128125
Bangladesh,city,21_30,2040,0.36079972261835347
Bangladesh,city,21_30,2045,0.36855807899257464
Bangladesh,city,21_30,2050,0.3757028500817198
Bangladesh,city,21_30,2055,0.38226760357411427
Bangladesh,city,21_30,2060,0.3883260812535483
Bangladesh,city,21_30,2065,0.3939422927771319
Bangladesh,city,21_30,2070,0.3991621550559512
Bangladesh,city,21_30,2075,0.4040160815799303
Bangladesh,city,21_30,2080,0.4083962420137342
Bangladesh,city,21_30,2085,0.4123522496434703
Bangladesh,city,21_30,2090,0.41586126796784273
Bangladesh,city,21_30,2095,0.41907407500581895
Bangladesh,city,21_30,2100,0.4220733770332883
Bangladesh,city,31_50,2011,0.5432627574154263
Bangladesh,city,31_50,2012,0.5469701664977695
Bangladesh,city,31_50,2013,0.550312685084472
Bangladesh,city,31_50,2014,0.553705566780841
Bangladesh,city,31_50,2015,0.5574770034892191
Bangladesh,city,31_50,2016,0.5616074919365456
Bangladesh,city,31_50,2017,0.565364306126141
Bangladesh,city,31_50,2018,0.5696858836667188
Bangladesh,city,31_50,2019,0.5744225569265641
Bangladesh,city,31_50,2020,0.5760690420748862
Bangladesh,city,31_50,2025,0.6006805366908243
Bangladesh,city,31_50,2030,0.6178198851215988
Bangladesh,city,31_50,2035,0.6338353222639961
Bangladesh,city,31_50,2040,0.6488759722120284
Bangladesh,city,31_50,2045,0.6628288960074141
Bangladesh,city,31_50,2050,0.675678324640721
Bangladesh,city,31_50,2055,0.687484627521989
Bangladesh,city,31_50,2060,0.6983804246856857
Bangladesh,city,31_50,2065,0.7084808335387394
Bangladesh,city,31_50,2070,0.7178684328040651
Bangladesh,city,31_50,2075,0.7265979192610829
Bangladesh,city,31_50,2080,0.73447536672502
Bangladesh,city,31_50,2085,0.7415900016205087
Bangladesh,city,31_50,2090,0.7479007539132578
Bangladesh,city,31_50,2095,0.753678788539137
Bangladesh,city,31_50,2100,0.7590728476168661
Bangladesh,city,51+,2011,0.717071066177833
Bangladesh,city,51+,2012,0.7219646020352898
Bangladesh,city,51+,2013,0.7263765064663773
Bangladesh,city,51+,2014,0.7308548868858366
Bangladesh,city,51+,2015,0.7358329349934687
Bangladesh,city,51+,2016,0.7412849077531156
Bangladesh,city,51+,2017,0.7462436550988409
Bangladesh,city,51+,2018,0.7519478528784481
Bangladesh,city,51+,2019,0.7581999496736201
Bangladesh,city,51+,2020,0.7603732016490918
Bangladesh,city,51+,2025,0.7928587538861751
Bangladesh,city,51+,2030,0.8154815651963395
Bangladesh,city,51+,2035,0.8366208876149036
Bangladesh,city,51+,2040,0.8564735551262086
Bangladesh,city,51+,2045,0.8748904957423023
Bangladesh,city,51+,2050,0.8918508954091168
Bangladesh,city,51+,2055,0.907434437772606
Bangladesh,city,51+,2060,0.9218161725452971
Bangladesh,city,51+,2065,0.9351480471239051
Bangladesh,city,51+,2070,0.947539059984906
Bangladesh,city,51+,2075,0.9590614072753756
Bangladesh,city,51+,2080,0.9694591192013668
Bangladesh,city,51+,2085,0.9788499687678739
Bangladesh,city,51+,2090,0.9871797462340759
Bangladesh,city,51+,2095,0.9948063714592307
Bangladesh,city,51+,2100,1.0019261742454462
Bangladesh,town,No_travel,2011,0.0
Bangladesh,town,No_travel,2012,0.0
Bangladesh,town,No_travel,2013,0.0
Bangladesh,town,No_travel,2014,0.0
Bangladesh,town,No_travel,2015,0.0
Bangladesh,town,No_travel,2016,0.0
Bangladesh,town,No_travel,2017,0.0
Bangladesh,town,No_travel,2018,0.0
Bangladesh,town,No_travel,2019,0.0
Bangladesh,town,No_travel,2020,0.0
Bangladesh,town,No_travel,2025,0.0
Bangladesh,town,No_travel,2030,0.0
Bangladesh,town,No_travel,2035,0.0
Bangladesh,town,No_travel,2040,0.0
Bangladesh,town,No_travel,2045,0.0
Bangladesh,town,No_travel,2050,0.0
Bangladesh,town,No_travel,2055,0.0
Bangladesh,town,No_travel,2060,0.0
Bangladesh,town,No_travel,2065,0.0
Bangladesh,town,No_travel,2070,0.0
Bangladesh,town,No_travel,2075,0.0
Bangladesh,town,No_travel,2080,0.0
Bangladesh,town,No_travel,2085,0.0
Bangladesh,town,No_travel,2090,0.0
Bangladesh,town,No_travel,2095,0.0
Bangladesh,town,No_travel,2100,0.0
Bangladesh,town,00_01,2011,0.027047867565327503
Bangladesh,town,00_01,2012,0.027232451375833456
Bangladesh,town,00_01,2013,0.027398868084569192
Bangladesh,town,00_01,2014,0.027567792262668225
Bangladesh,town,00_01,2015,0.027755563868998346
Bangladesh,town,00_01,2016,0.027961211878140206
Bangladesh,town,00_01,2017,0.028148255461159125
Bangladesh,town,00_01,2018,0.02836341737939358
Bangladesh,town,00_01,2019,0.02859924600796006
Bangladesh,town,00_01,2020,0.028681220911691663
Bangladesh,town,00_01,2025,0.02990657353870346
Bangladesh,town,00_01,2030,0.030759904307624722
Bangladesh,town,00_01,2035,0.031557277985307434
Bangladesh,town,00_01,2040,0.032306119135078616
Bangladesh,town,00_01,2045,0.03300080477258147
Bangladesh,town,00_01,2050,0.033640549793236454
Bangladesh,town,00_01,2055,0.03422835985827371
Bangladesh,town,00_01,2060,0.03477083782989911
Bangladesh,town,00_01,2065,0.03527371515267525
Bangladesh,town,00_01,2070,0.03574110324107081
Bangladesh,town,00_01,2075,0.036175725328412206
Bangladesh,town,00_01,2080,0.03656792625300912
Bangladesh,town,00_01,2085,0.03692214840389675
Bangladesh,town,00_01,2090,0.03723634699366192
Bangladesh,town,00_01,2095,0.03752402273291593
Bangladesh,town,00_01,2100,0.03779258116726928
Bangladesh,town,02_05,2011,0.08140578256416522
Bangladesh,town,02_05,2012,0.08196132319991481
Bangladesh,town,02_05,2013,0.08246218643335328
Bangladesh,town,02_05,2014,0.0829705963802353
Bangladesh,town,02_05,2015,0.08353573130333838
Bangladesh,town,02_05,2016,0.08415466871407963
Bangladesh,town,02_05,2017,0.08471761251038759
Bangladesh,town,02_05,2018,0.08536518386844673
Bangladesh,town,02_05,2019,0.0860749556836599
Bangladesh,town,02_05,2020,0.08632167499241043
Bangladesh,town,02_05,2025,0.09000961043789527
Bangladesh,town,02_05,2030,0.09257787423400925
Bangladesh,town,02_05,2035,0.09497772435421008
Bangladesh,town,02_05,2040,0.09723150645611288
Bangladesh,town,02_05,2045,0.09932229708204375
Bangladesh,town,02_05,2050,0.10124773330810344
Bangladesh,town,02_05,2055,0.1030168612523999
Bangladesh,town,02_05,2060,0.10464955350428728
Bangladesh,town,02_05,2065,0.10616305995338132
Bangladesh,town,02_05,2070,0.1075697546957714
Bangladesh,town,02_05,2075,0.10887783382822959
Bangladesh,town,02_05,2080,0.11005823827645783
Bangladesh,town,02_05,2085,0.11112433826844142
Bangladesh,town,02_05,2090,0.11206997962144696
Bangladesh,town,02_05,2095,0.11293579533213602
Bangladesh,town,02_05,2100,0.11374407382063197
Bangladesh,town,06_10,2011,0.19908062987368702
Bangladesh,town,06_10,2012,0.20043922352885252
Bangladesh,town,06_10,2013,0.20166410172365282
Bangladesh,town,06_10,2014,0.20290743566469738
Bangladesh,town,06_10,2015,0.20428949247824502
Bangladesh,town,06_10,2016,0.20580312511835425
Bangladesh,town,06_10,2017,0.2071798234562658
Bangladesh,town,06_10,2018,0.20876348139541714
Bangladesh,town,06_10,2019,0.21049925268325967
Bangladesh,town,06_10,2020,0.2111026132043546
Bangladesh,town,06_10,2025,0.22012158566914128
Bangladesh,town,06_10,2030,0.22640236276024228
Bangladesh,town,06_10,2035,0.23227127843776732
Bangladesh,town,06_10,2040,0.23778297977288063
Bangladesh,town,06_10,2045,0.24289607987011552
Bangladesh,town,06_10,2050,0.24760480011813282
Bangladesh,town,06_10,2055,0.2519312631086467
Bangladesh,town,06_10,2060,0.2559240679396725
Bangladesh,town,06_10,2065,0.25962539980717253
Bangladesh,town,06_10,2070,0.2630655199870171
Bangladesh,town,06_10,2075,0.26626447231462524
Bangladesh,town,06_10,2080,0.2691511918283619
Bangladesh,town,06_10,2085,0.27175837587877183
Bangladesh,town,06_10,2090,0.27407097420116444
Bangladesh,town,06_10,2095,0.27618835618078796
Bangladesh,town,06_10,2100,0.2781650289125597
Bangladesh,town,11_20,2011,0.46310481127692005
Bangladesh,town,11_20,2012,0.4662651953819766
Bangladesh,town,11_20,2013,0.4691145282658443
Bangladesh,town,11_20,2014,0.4720067932264634
Bangladesh,town,11_20,2015,0.47522175773716463
Bangladesh,town,11_20,2016,0.47874279621582083
Bangladesh,town,11_20,2017,0.4819452957476351
Bangladesh,town,11_20,2018,0.48562922829046073
Bangladesh,town,11_20,2019,0.48966700954113407
Bangladesh,town,11_20,2020,0.4910705572415351
Bangladesh,town,11_20,2025,0.5120506472877985
Bangladesh,town,11_20,2030,0.5266610998029037
Bangladesh,town,11_20,2035,0.5403134731601954
Bangladesh,town,11_20,2040,0.553134888323649
Bangladesh,town,11_20,2045,0.5650290703797957
Bangladesh,town,11_20,2050,0.5759825770227947
Bangladesh,town,11_20,2055,0.5860468702088759
Bangladesh,town,11_20,2060,0.5953350020020642
Bangladesh,town,11_20,2065,0.6039451043362765
Bangladesh,town,11_20,2070,0.6119475715158692
Bangladesh,town,11_20,2075,0.619389029858154
Bangladesh,town,11_20,2080,0.6261041668178202
Bangladesh,town,11_20,2085,0.6321690435383497
Bangladesh,town,11_20,2090,0.6375486498331985
Bangladesh,town,11_20,2095,0.6424741404884011
Bangladesh,town,11_20,2100,0.6470723108527615
Bangladesh,town,21_30,2011,0.4152421813255062
Bangladesh,town,21_30,2012,0.4180759346307065
Bangladesh,town,21_30,2013,0.4206307843606357
Bangladesh,town,21_30,2014,0.42322412906786794
Bangladesh,town,21_30,2015,0.4261068218056667
Bangladesh,town,21_30,2016,0.42926395527266065
Bangladesh,town,21_30,2017,0.4321354713072658
Bangladesh,town,21_30,2018,0.43543866347389654
Bangladesh,town,21_30,2019,0.43905913351311243
Bangladesh,town,21_30,2020,0.44031762229257887
Bangladesh,town,21_30,2025,0.4591293861591533
Bangladesh,town,21_30,2030,0.47222982481751397
Bangladesh,town,21_30,2035,0.48447120334588817
Bangladesh,town,21_30,2040,0.49596750455138106
Bangladesh,town,21_30,2045,0.5066324036882714
Bangladesh,town,21_30,2050,0.5164538477347307
Bangladesh,town,21_30,2055,0.5254779799707243
Bangladesh,town,21_30,2060,0.5338061683469321
Bangladesh,town,21_30,2065,0.5415264027034614
Bangladesh,town,21_30,2070,0.5487018019796587
Bangladesh,town,21_30,2075,0.5553741735876605
Bangladesh,town,21_30,2080,0.5613952903006199
Bangladesh,town,21_30,2085,0.566833352220035
Bangladesh,town,21_30,2090,0.571656967518667
Bangladesh,town,21_30,2095,0.5760734007622027
Bangladesh,town,21_30,2100,0.5801963427954298
Bangladesh,town,31_50,2011,0.6804906855894606
Bangladesh,town,31_50,2012,0.6851345845384826
Bangladesh,town,31_50,2013,0.6893214218167858
Bangladesh,town,31_50,2014,0.6935713439036051
Bangladesh,town,31_50,2015,0.6982954438282
Bangladesh,town,31_50,2016,0.7034692917995071
Bangladesh,town,31_50,2017,0.7081750755636518
Bangladesh,town,31_50,2018,0.7135882816472174
Bangladesh,town,31_50,2019,0.7195214364420355
Bangladesh,town,31_50,2020,0.7215838229982665
Bangladesh,town,31_50,2025,0.7524121700844153
Bangladesh,town,31_50,2030,0.7738809102198553
Bangladesh,town,31_50,2035,0.7939418395809876
Bangladesh,town,31_50,2040,0.812781750940899
Bangladesh,town,31_50,2045,0.8302591770112432
Bangladesh,town,31_50,2050,0.8463543655378983
Bangladesh,town,31_50,2055,0.8611429352167276
Bangladesh,town,31_50,2060,0.8747910058432549
Bangladesh,town,31_50,2065,0.8874427734296209
Bangladesh,town,31_50,2070,0.8992016760470068
Bangladesh,town,31_50,2075,0.9101362268567128
Bangladesh,town,31_50,2080,0.9200035140069167
Bangladesh,town,31_50,2085,0.9289153024769804
Bangladesh,town,31_50,2090,0.9368201479604233
Bangladesh,town,31_50,2095,0.9440577115339511
Bangladesh,town,31_50,2100,0.950814307508571
Bangladesh,town,51+,2011,0.7954469694604287
Bangladesh,town,51+,2012,0.8008753690310711
Bangladesh,town,51+,2013,0.8057694948364308
Bangladesh,town,51+,2014,0.8107373624590052
Bangladesh,town,51+,2015,0.8162595114729806
Bangladesh,town,51+,2016,0.8223073851270634
Bangladesh,town,51+,2017,0.8278081238048933
Bangladesh,town,51+,2018,0.8341357906861925
Bangladesh,town,51+,2019,0.8410712419727733
Bangladesh,town,51+,2020,0.8434820304975108
Bangladesh,town,51+,2025,0.8795182552136646
Bangladesh,town,51+,2030,0.9046137409278834
Bangladesh,town,51+,2035,0.9280635923406909
Bangladesh,town,51+,2040,0.9500861574007301
Bangladesh,town,51+,2045,0.9705160705443339
Bangladesh,town,51+,2050,0.9893302427402867
Bangladesh,town,51+,2055,1.0066170670610182
Bangladesh,town,51+,2060,1.0225707261613612
Bangladesh,town,51+,2065,1.0373597752960675
Bangladesh,town,51+,2070,1.051105126480526
Bangladesh,town,51+,2075,1.063886866904287
Bangladesh,town,51+,2080,1.0754210492621639
Bangladesh,town,51+,2085,1.0858383191544683
Bangladesh,town,51+,2090,1.0950785417130044
Bangladesh,town,51+,2095,1.1035387574554918
Bangladesh,town,51+,2100,1.1114367550411963
Bangladesh,rural,No_travel,2011,0.0
Bangladesh,rural,No_travel,2012,0.0
Bangladesh,rural,No_travel,2013,0.0
Bangladesh,rural,No_travel,2014,0.0
Bangladesh,rural,No_travel,2015,0.0
Bangladesh,rural,No_travel,2016,0.0
Bangladesh,rural,No_travel,2017,0.0
Bangladesh,rural,No_travel,2018,0.0
Bangladesh,rural,No_travel,2019,0.0
Bangladesh,rural,No_travel,2020,0.0
Bangladesh,rural,No_travel,2025,0.0
Bangladesh,rural,No_travel,2030,0.0
Bangladesh,rural,No_travel,2035,0.0
Bangladesh,rural,No_travel,2040,0.0
Bangladesh,rural,No_travel,2045,0.0
Bangladesh,rural,No_travel,2050,0.0
Bangladesh,rural,No_travel,2055,0.0
Bangladesh,rural,No_travel,2060,0.0
Bangladesh,rural,No_travel,2065,0.0
Bangladesh,rural,No_travel,2070,0.0
Bangladesh,rural,No_travel,2075,0.0
Bangladesh,rural,No_travel,2080,0.0
Bangladesh,rural,No_travel,2085,0.0
Bangladesh,rural,No_travel,2090,0.0
Bangladesh,rural,No_travel,2095,0.0
Bangladesh,rural,No_travel,2100,0.0
Bangladesh,rural,00_01,2011,0.034010264700701204
Bangladesh,rural,00_01,2012,0.034242362267713065
Bangladesh,rural,00_01,2013,0.034451616335563394
Bangladesh,rural,00_01,2014,0.03466402332097992
Bangladesh,rural,00_01,2015,0.03490012925499261
Bangladesh,rural,00_01,2016,0.035158713160329855
Bangladesh,rural,00_01,2017,0.03539390367040155
Bangladesh,rural,00_01,2018,0.03566445046212146
Bangladesh,rural,00_01,2019,0.035960983786317076
Bangladesh,rural,00_01,2020,0.036064059866824816
Bangladesh,rural,00_01,2025,0.03760483076477882
Bangladesh,rural,00_01,2030,0.038677817581878896
Bangladesh,rural,00_01,2035,0.039680443381412314
Bangladesh,rural,00_01,2040,0.04062204388507431
Bangladesh,rural,00_01,2045,0.04149554869495198
Bangladesh,rural,00_01,2050,0.04229997061253496
Bangladesh,rural,00_01,2055,0.043039088986926904
Bangladesh,rural,00_01,2060,0.043721206324447814
Bangladesh,rural,00_01,2065,0.04435352940198021
Bangladesh,rural,00_01,2070,0.044941227954034074
Bangladesh,rural,00_01,2075,0.045487726201984706
Bangladesh,rural,00_01,2080,0.045980883646991565
Bangladesh,rural,00_01,2085,0.04642628619436218
Bangladesh,rural,00_01,2090,0.04682136270753613
Bangladesh,rural,00_01,2095,0.047183089117811106
Bangladesh,rural,00_01,2100,0.04752077723381149
Bangladesh,rural,02_05,2011,0.1002189696232352
Bangladesh,rural,02_05,2012,0.10090289782028652
Bangladesh,rural,02_05,2013,0.10151951245866063
Bangladesh,rural,02_05,2014,0.10214541788475931
Bangladesh,rural,02_05,2015,0.10284115764559086
Bangladesh,rural,02_05,2016,0.10360313385430636
Bangladesh,rural,02_05,2017,0.10429617611057737
Bangladesh,rural,02_05,2018,0.10509340368112559
Bangladesh,rural,02_05,2019,0.105967206471882
Bangladesh,rural,02_05,2020,0.1062709435545597
Bangladesh,rural,02_05,2025,0.11081117495755828
Bangladesh,rural,02_05,2030,0.11397297431946878
Bangladesh,rural,02_05,2035,0.11692743896216354
Bangladesh,rural,02_05,2040,0.11970207871002116
Bangladesh,rural,02_05,2045,0.12227605902970608
Bangladesh,rural,02_05,2050,0.12464647091658713
Bangladesh,rural,02_05,2055,0.12682445108119417
Bangladesh,rural,02_05,2060,0.12883446474413046
Bangladesh,rural,02_05,2065,0.1306977483103411
Bangladesh,rural,02_05,2070,0.13242953557675102
Bangladesh,rural,02_05,2075,0.13403991678937907
Bangladesh,rural,02_05,2080,0.1354931172109446
Bangladesh,rural,02_05,2085,0.13680559698015166
Bangladesh,rural,02_05,2090,0.13796977965914792
Bangladesh,rural,02_05,2095,0.13903568868521093
Bangladesh,rural,02_05,2100,0.1400307634174247
Bangladesh,rural,06_10,2011,0.20903713331151952
Bangladesh,rural,06_10,2012,0.2104636735188275
Bangladesh,rural,06_10,2013,0.21174981083243405
Bangladesh,rural,06_10,2014,0.2130553269087584
Bangladesh,rural,06_10,2015,0.21450650372370492
Bangladesh,rural,06_10,2016,0.21609583679029173
Bangladesh,rural,06_10,2017,0.21754138713928528
Bangladesh,rural,06_10,2018,0.2192042476393564
Bangladesh,rural,06_10,2019,0.2210268290443141
Bangladesh,rural,06_10,2020,0.22166036508327
Bangladesh,rural,06_10,2025,0.2311303981580635
Bangladesh,rural,06_10,2030,0.23772529209086568
Bangladesh,rural,06_10,2035,0.2438877264254128
Bangladesh,rural,06_10,2040,0.24967508126496887
Bangladesh,rural,06_10,2045,0.25504389985540127
Bangladesh,rural,06_10,2050,0.2599881145830518
Bangladesh,rural,06_10,2055,0.2645309544439124
Bangladesh,rural,06_10,2060,0.2687234490943441
Bangladesh,rural,06_10,2065,0.2726098935139127
Bangladesh,rural,06_10,2070,0.27622206241802993
Bangladesh,rural,06_10,2075,0.2795810020827663
Bangladesh,rural,06_10,2080,0.2826120934160055
Bangladesh,rural,06_10,2085,0.28534966904181597
Bangladesh,rural,06_10,2090,0.2877779259953966
Bangladesh,rural,06_10,2095,0.2900012033651075
Bangladesh,rural,06_10,2100,0.29207673427741565
Bangladesh,rural,11_20,2011,0.42565676697973387
Bangladesh,rural,11_20,2012,0.42856159294529284
Bangladesh,rural,11_20,2013,0.43118052022452374
Bangladesh,rural,11_20,2014,0.4338389079639889
Bangladesh,rural,11_20,2015,0.4367939007998577
Bangladesh,rural,11_20,2016,0.44003021754444843
Bangladesh,rural,11_20,2017,0.4429737533570165
Bangladesh,rural,11_20,2018,0.4463597920630858
Bangladesh,rural,11_20,2019,0.4500710662089838
Bangladesh,rural,11_20,2020,0.45136111883186036
Bangladesh,rural,11_20,2025,0.47064469585929947
Bangladesh,rural,11_20,2030,0.48407370335447714
Bangladesh,rural,11_20,2035,0.4966221048466615
Bangladesh,rural,11_20,2040,0.5084067419173336
Bangladesh,rural,11_20,2045,0.5193391247313406
Bangladesh,rural,11_20,2050,0.5294068979680173
Bangladesh,rural,11_20,2055,0.5386573622154334
Bangladesh,rural,11_20,2060,0.5471944278085743
Bangladesh,rural,11_20,2065,0.5551082914387968
Bangladesh,rural,11_20,2070,0.5624636551158327
Bangladesh,rural,11_20,2075,0.5693033748131029
Bangladesh,rural,11_20,2080,0.5754755056536275
Bangladesh,rural,11_20,2085,0.5810499582486526
Bangladesh,rural,11_20,2090,0.5859945534403443
Bangladesh,rural,11_20,2095,0.5905217541453026
Bangladesh,rural,11_20,2100,0.5947481026600566
Bangladesh,rural,21_30,2011,0.4472028880076915
Bangladesh,rural,21_30,2012,0.45025475200171455
Bangladesh,rural,21_30,2013,0.4530062455373734
Bangladesh,rural,21_30,2014,0.4557991969638678
Bangladesh,rural,21_30,2015,0.4589037672015717
Bangladesh,rural,21_30,2016,0.46230390155150336
Bangladesh,rural,21_30,2017,0.46539643482819665
Bangladesh,rural,21_30,2018,0.46895386984562726
Bangladesh,rural,21_30,2019,0.4728530032436707
Bangladesh,rural,21_30,2020,0.4742083564375734
Bangladesh,rural,21_30,2025,0.49446803984159676
Bangladesh,rural,21_30,2030,0.508576803993363
Bangladesh,rural,21_30,2035,0.521760387158275
Bangladesh,rural,21_30,2040,0.5341415452672402
Bangladesh,rural,21_30,2045,0.5456273092594813
Bangladesh,rural,21_30,2050,0.5562046984061285
Bangladesh,rural,21_30,2055,0.5659234075816209
Bangladesh,rural,21_30,2060,0.5748926069096454
Bangladesh,rural,21_30,2065,0.5832070587057401
Bangladesh,rural,21_30,2070,0.59093474010044
Bangladesh,rural,21_30,2075,0.5981206763736625
Bangladesh,rural,21_30,2080,0.6046052314216863
Bangladesh,rural,21_30,2085,0.6104618546283271
Bangladesh,rural,21_30,2090,0.6156567379739941
Bangladesh,rural,21_30,2095,0.6204130989364035
Bangladesh,rural,21_30,2100,0.6248533790121459
Bangladesh,rural,31_50,2011,0.7371136503841371
Bangladesh,rural,31_50,2012,0.7421439636254764
Bangladesh,rural,31_50,2013,0.7466791835412363
Bangladesh,rural,31_50,2014,0.7512827374907659
Bangladesh,rural,31_50,2015,0.7563999251524622
Bangladesh,rural,31_50,2016,0.7620042839562263
Bangladesh,rural,31_50,2017,0.7671016313876646
Bangladesh,rural,31_50,2018,0.7729652650582449
Bangladesh,rural,31_50,2019,0.7793921118641113
Bangladesh,rural,31_50,2020,0.7816261075897836
Bangladesh,rural,31_50,2025,0.8150196513034585
Bangladesh,rural,31_50,2030,0.8382747843207087
Bangladesh,rural,31_50,2035,0.8600049640052012
Bangladesh,rural,31_50,2040,0.880412525974089
Bangladesh,rural,31_50,2045,0.8993442315842413
Bangladesh,rural,31_50,2050,0.9167786850157776
Bangladesh,rural,31_50,2055,0.9327977971223295
Bangladesh,rural,31_50,2060,0.9475815103652311
Bangladesh,rural,31_50,2065,0.961286019165847
Bangladesh,rural,31_50,2070,0.974023368576155
Bangladesh,rural,31_50,2075,0.9858677726706377
Bangladesh,rural,31_50,2080,0.99655610713972
Bangladesh,rural,31_50,2085,1.0062094368174506
Bangladesh,rural,31_50,2090,1.0147720367668913
Bangladesh,rural,31_50,2095,1.0226118309309349
Bangladesh,rural,31_50,2100,1.0299306366522927
Bangladesh,rural,51+,2011,0.8701436965792113
Bangladesh,rural,51+,2012,0.8760818519186074
Bangladesh,rural,51+,2013,0.8814355623270939
Bangladesh,rural,51+,2014,0.8868699393040471
Bangladesh,rural,51+,2015,0.8929106476611878
Bangladesh,rural,51+,2016,0.8995264490154595
Bangladesh,rural,51+,2017,0.9055437364913173
Bangladesh,rural,51+,2018,0.9124656051541024
Bangladesh,rural,51+,2019,0.9200523324302701
Bangladesh,rural,51+,2020,0.9226895068983667
Bangladesh,rural,51+,2025,0.9621097259565187
Bangladesh,rural,51+,2030,0.9895618120731248
Bangladesh,rural,51+,2035,1.0152137300211115
Bangladesh,rural,51+,2040,1.0393043317899477
Bangladesh,rural,51+,2045,1.0616527231046144
Bangladesh,rural,51+,2050,1.082233646750309
Bangladesh,rural,51+,2055,1.101143796381981
Bangladesh,rural,51+,2060,1.1185955894448845
Bangladesh,rural,51+,2065,1.1347734094341844
Bangladesh,rural,51+,2070,1.1498095226505527
Bangladesh,rural,51+,2075,1.1637915368992104
Bangladesh,rural,51+,2080,1.1764088407035227
Bangladesh,rural,51+,2085,1.187804347984796
Bangladesh,rural,51+,2090,1.1979122768889106
Bangladesh,rural,51+,2095,1.2071669521628876
Bangladesh,rural,51+,2100,1.2158066139865542
Bhutan,large_city,No_travel,2011,0.0
Bhutan,large_city,No_travel,2012,0.0
Bhutan,large_city,No_travel,2013,0.0
Bhutan,large_city,No_travel,2014,0.0
Bhutan,large_city,No_travel,2015,0.0
Bhutan,large_city,No_travel,2016,0.0
Bhutan,large_city,No_travel,2017,0.0
Bhutan,large_city,No_travel,2018,0.0
Bhutan,large_city,No_travel,2019,0.0
Bhutan,large_city,No_travel,2020,0.0
Bhutan,large_city,No_travel,2025,0.0
Bhutan,large_city,No_travel,2030,0.0
Bhutan,large_city,No_travel,2035,0.0
Bhutan,large_city,No_travel,2040,0.0
Bhutan,large_city,No_travel,2045,0.0
Bhutan,large_city,No_travel,2050,0.0
Bhutan,large_city,No_travel,2055,0.0
Bhutan,large_city,No_travel,2060,0.0
Bhutan,large_city,No_travel,2065,0.0
Bhutan,large_city,No_travel,2070,0.0
Bhutan,large_city,No_travel,2075,0.0
Bhutan,large_city,No_travel,2080,0.0
Bhutan,large_city,No_travel,2085,0.0
Bhutan,large_city,No_travel,2090,0.0
Bhutan,large_city,No_travel,2095,0.0
Bhutan,large_city,No_travel,2100,0.0
Bhutan,large_city,00_01,2011,0.057842438834749
Bhutan,large_city,00_01,2012,0.05815272363165675
Bhutan,large_city,00_01,2013,0.058214850138262164
Bhutan,large_city,00_01,2014,0.05858334899267484
Bhutan,large_city,00_01,2015,0.05914202777236305
Bhutan,large_city,00_01,2016,0.05970632670762324
Bhutan,large_city,00_01,2017,0.05998808985761773
Bhutan,large_city,00_01,2018,0.060251690093982055
Bhutan,large_city,00_01,2019,0.060628082648894216
Bhutan,large_city,00_01,2020,0.0597039995583925
Bhutan,large_city,00_01,2025,0.06102354565842734
Bhutan,large_city,00_01,2030,0.06292257275555628
Bhutan,large_city,00_01,2035,0.06464263690268106
Bhutan,large_city,00_01,2040,0.06628648046320845
Bhutan,large_city,00_01,2045,0.06786287227848521
Bhutan,large_city,00_01,2050,0.06936691955383911
Bhutan,large_city,00_01,2055,0.07078777172896727
Bhutan,large_city,00_01,2060,0.07212077366783325
Bhutan,large_city,00_01,2065,0.07336588848588121
Bhutan,large_city,00_01,2070,0.07452373227261774
Bhutan,large_city,00_01,2075,0.07559172435467211
Bhutan,large_city,00_01,2080,0.07655266785567344
Bhutan,large_city,00_01,2085,0.07744160134986429
Bhutan,large_city,00_01,2090,0.07822435408702878
Bhutan,large_city,00_01,2095,0.0789175569365163
Bhutan,large_city,00_01,2100,0.0795390808477337
Bhutan,large_city,02_05,2011,0.21148322952951493
Bhutan,large_city,02_05,2012,0.21261769121968382
Bhutan,large_city,02_05,2013,0.2128448378359224
Bhutan,large_city,02_05,2014,0.21419214146590526
Bhutan,large_city,02_05,2015,0.2162347799676396
Bhutan,large_city,02_05,2016,0.21829796685348019
Bhutan,large_city,02_05,2017,0.2193281478438337
Bhutan,large_city,02_05,2018,0.22029192168211073
Bhutan,large_city,02_05,2019,0.22166808621955533
Bhutan,large_city,02_05,2020,0.21828945834234498
Bhutan,large_city,02_05,2025,0.2231139760558131
Bhutan,large_city,02_05,2030,0.23005718923208085
Bhutan,large_city,02_05,2035,0.23634607898431143
Bhutan,large_city,02_05,2040,0.24235629141699988
Bhutan,large_city,02_05,2045,0.2481198871231053
Bhutan,large_city,02_05,2050,0.2536189770917292
Bhutan,large_city,02_05,2055,0.2588138895596942
Bhutan,large_city,02_05,2060,0.2636876044423924
Bhutan,large_city,02_05,2065,0.2682399868826994
Bhutan,large_city,02_05,2070,0.2724732894239231
Bhutan,large_city,02_05,2075,0.2763780766212624
Bhutan,large_city,02_05,2080,0.2798914733431357
Bhutan,large_city,02_05,2085,0.2831415874457848
Bhutan,large_city,02_05,2090,0.2860034840067432
Bhutan,large_city,02_05,2095,0.2885379687256104
Bhutan,large_city,02_05,2100,0.2908103812763604
Bhutan,large_city,06_10,2011,0.3458702568351818
Bhutan,large_city,06_10,2012,0.3477256122551899
Bhutan,large_city,06_10,2013,0.3480970991984924
Bhutan,large_city,06_10,2014,0.35030054697812885
Bhutan,large_city,06_10,2015,0.3536411802036947
Bhutan,large_city,06_10,2016,0.3570154192849316
Bhutan,large_city,06_10,2017,0.35870022882993885
Bhutan,large_city,06_10,2018,0.36027643279522487
Bhutan,large_city,06_10,2019,0.36252708114721155
Bhutan,large_city,06_10,2020,0.35700150404002934
Bhutan,large_city,06_10,2025,0.3648917617421429
Bhutan,large_city,06_10,2030,0.3762470400300697
Bhutan,large_city,06_10,2035,0.3865322050459963
Bhutan,large_city,06_10,2040,0.3963616072276848
Bhutan,large_city,06_10,2045,0.40578768007327004
Bhutan,large_city,06_10,2050,0.4147811669991082
Bhutan,large_city,06_10,2055,0.42327718681840354
Bhutan,large_city,06_10,2060,0.4312479040330517
Bhutan,large_city,06_10,2065,0.4386930980909625
Bhutan,large_city,06_10,2070,0.4456164529141862
Bhutan,large_city,06_10,2075,0.45200253730411644
Bhutan,large_city,06_10,2080,0.45774852212410233
Bhutan,large_city,06_10,2085,0.46306392137314784
Bhutan,large_city,06_10,2090,0.4677444102269283
Bhutan,large_city,06_10,2095,0.4718894333694707
Bhutan,large_city,06_10,2100,0.47560585057338756
Bhutan,large_city,11_20,2011,0.499426097052528
Bhutan,large_city,11_20,2012,0.5021051736650667
Bhutan,large_city,11_20,2013,0.5026415894757155
Bhutan,large_city,11_20,2014,0.5058233008339352
Bhutan,large_city,11_20,2015,0.5106470732762226
Bhutan,large_city,11_20,2016,0.5155193715486561
Bhutan,large_city,11_20,2017,0.5179521851216972
Bhutan,large_city,11_20,2018,0.5202281755515902
Bhutan,large_city,11_20,2019,0.5234780430960148
Bhutan,large_city,11_20,2020,0.5154992783596244
Bhutan,large_city,11_20,2025,0.5268925697196937
Bhutan,large_city,11_20,2030,0.5432892450747158
Bhutan,large_city,11_20,2035,0.5581407095181969
Bhutan,large_city,11_20,2040,0.5723340663360966
Bhutan,large_city,11_20,2045,0.5859450278997757
Bhutan,large_city,11_20,2050,0.598931348595182
Bhutan,large_city,11_20,2055,0.6111993419683549
Bhutan,large_city,11_20,2060,0.6227088144093984
Bhutan,large_city,11_20,2065,0.633459447447824
Bhutan,large_city,11_20,2070,0.6434565605546619
Bhutan,large_city,11_20,2075,0.6526778715499891
Bhutan,large_city,11_20,2080,0.6609748982981901
Bhutan,large_city,11_20,2085,0.6686501726207572
Bhutan,large_city,11_20,2090,0.6754086557060933
Bhutan,large_city,11_20,2095,0.6813939426434978
Bhutan,large_city,11_20,2100,0.6867603356839249
Bhutan,large_city,21_30,2011,0.512059307619934
Bhutan,large_city,21_30,2012,0.5148061526954588
Bhutan,large_city,21_30,2013,0.5153561373883259
Bhutan,large_city,21_30,2014,0.5186183315843275
Bhutan,large_city,21_30,2015,0.5235641235473253
Bhutan,large_city,21_30,2016,0.528559668823442
Bhutan,large_city,21_30,2017,0.5310540215237349
Bhutan,large_city,21_30,2018,0.5333875841680555
Bhutan,large_city,21_30,2019,0.5367196585920309
Bhutan,large_city,21_30,2020,0.528539067368043
Bhutan,large_city,21_30,2025,0.5402205572216573
Bhutan,large_city,21_30,2030,0.5570319939469559
Bhutan,large_city,21_30,2035,0.5722591329470054
Bhutan,large_city,21_30,2040,0.5868115171893771
Bhutan,large_city,21_30,2045,0.6007667742243452
Bhutan,large_city,21_30,2050,0.6140815898158117
Bhutan,large_city,21_30,2055,0.6266599076682969
Bhutan,large_city,21_30,2060,0.6384605174562383
Bhutan,large_city,21_30,2065,0.6494830926532914
Bhutan,large_city,21_30,2070,0.6597330872889285
Bhutan,large_city,21_30,2075,0.6691876555453381
Bhutan,large_city,21_30,2080,0.6776945593636642
Bhutan,large_city,21_30,2085,0.6855639832455992
Bhutan,large_city,21_30,2090,0.6924934252384437
Bhutan,large_city,21_30,2095,0.6986301127346753
Bhutan,large_city,21_30,2100,0.7041322511309565
Bhutan,large_city,31_50,2011,0.654115841271274
Bhutan,large_city,31_50,2012,0.6576247216893844
Bhutan,large_city,31_50,2013,0.6583272842533444
Bhutan,large_city,31_50,2014,0.6624944829921507
Bhutan,large_city,31_50,2015,0.6688123466116326
Bhutan,large_city,31_50,2016,0.67519376620946
Bhutan,large_city,31_50,2017,0.678380107304524
Bhutan,large_city,31_50,2018,0.681361051639554
Bhutan,large_city,31_50,2019,0.6856175169211788
Bhutan,large_city,31_50,2020,0.6751674494564411
Bhutan,large_city,31_50,2025,0.6900896419626461
Bhutan,large_city,31_50,2030,0.7115649416259999
Bhutan,large_city,31_50,2035,0.7310164244697896
Bhutan,large_city,31_50,2040,0.7496059607198894
Bhutan,large_city,31_50,2045,0.767432713519314
Bhutan,large_city,31_50,2050,0.78444135230857
Bhutan,large_city,31_50,2055,0.8005091726594945
Bhutan,large_city,31_50,2060,0.8155835315942656
Bhutan,large_city,31_50,2065,0.8296640120009371
Bhutan,large_city,31_50,2070,0.8427575809769203
Bhutan,large_city,31_50,2075,0.8548350547712025
Bhutan,large_city,31_50,2080,0.8657019611332841
Bhutan,large_city,31_50,2085,0.8757545365796283
Bhutan,large_city,31_50,2090,0.8846063584511181
Bhutan,large_city,31_50,2095,0.8924454982626256
Bhutan,large_city,31_50,2100,0.8994740510734375
Bhutan,large_city,51+,2011,0.7204363200833319
Bhutan,large_city,51+,2012,0.7243009641364754
Bhutan,large_city,51+,2013,0.7250747591682911
Bhutan,large_city,51+,2014,0.7296644681082347
Bhutan,large_city,51+,2015,0.7366228967681518
Bhutan,large_city,51+,2016,0.7436513253153514
Bhutan,large_city,51+,2017,0.7471607279443977
Bhutan,large_city,51+,2018,0.7504439087383812
Bhutan,large_city,51+,2019,0.7551319349113851
Bhutan,large_city,51+,2020,0.7436223403198732
Bhutan,large_city,51+,2025,0.7600574864796907
Bhutan,large_city,51+,2030,0.7837101560620149
Bhutan,large_city,51+,2035,0.8051338150471092
Bhutan,large_city,51+,2040,0.8256081351033995
Bhutan,large_city,51+,2045,0.8452423334754986
Bhutan,large_city,51+,2050,0.8639754696660903
Bhutan,large_city,51+,2055,0.8816723983062565
Bhutan,large_city,51+,2060,0.8982751389729177
Bhutan,large_city,51+,2065,0.913783232263355
Bhutan,large_city,51+,2070,0.9282043516655109
Bhutan,large_city,51+,2075,0.9415063545024167
Bhutan,large_city,51+,2080,0.953475051079116
Bhutan,large_city,51+,2085,0.9645468521347959
Bhutan,large_city,51+,2090,0.9742961558097156
Bhutan,large_city,51+,2095,0.9829301020958124
Bhutan,large_city,51+,2100,0.9906712763696099
Bhutan,city,No_travel,2011,0.0
Bhutan,city,No_travel,2012,0.0
Bhutan,city,No_travel,2013,0.0
Bhutan,city,No_travel,2014,0.0
Bhutan,city,No_travel,2015,0.0
Bhutan,city,No_travel,2016,0.0
Bhutan,city,No_travel,2017,0.0
Bhutan,city,No_travel,2018,0.0
Bhutan,city,No_travel,2019,0.0
Bhutan,city,No_travel,2020,0.0
Bhutan,city,No_travel,2025,0.0
Bhutan,city,No_travel,2030,0.0
Bhutan,city,No_travel,2035,0.0
Bhutan,city,No_travel,2040,0.0
Bhutan,city,No_travel,2045,0.0
Bhutan,city,No_travel,2050,0.0
Bhutan,city,No_travel,2055,0.0
Bhutan,city,No_travel,2060,0.0
Bhutan,city,No_travel,2065,0.0
Bhutan,city,No_travel,2070,0.0
Bhutan,city,No_travel,2075,0.0
Bhutan,city,No_travel,2080,0.0
Bhutan,city,No_travel,2085,0.0
Bhutan,city,No_travel,2090,0.0
Bhutan,city,No_travel,2095,0.0
Bhutan,city,No_travel,2100,0.0
Bhutan,city,00_01,2011,0.02898061743012685
Bhutan,city,00_01,2012,0.029136078457958996
Bhutan,city,00_01,2013,0.029167205508554936
Bhutan,city,00_01,2014,0.02935183334476502
Bhutan,city,00_01,2015,0.02963174643810346
Bhutan,city,00_01,2016,0.029914475380527977
Bhutan,city,00_01,2017,0.030055646296215443
Bhutan,city,00_01,2018,0.030187717103713558
Bhutan,city,00_01,2019,0.03037629989616152
Bhutan,city,00_01,2020,0.02991330941617866
Bhutan,city,00_01,2025,0.03057443749924199
Bhutan,city,00_01,2030,0.031525901146004336
Bhutan,city,00_01,2035,0.03238769954191073
Bhutan,city,00_01,2040,0.03321130937410893
Bhutan,city,00_01,2045,0.034001124067936705
Bhutan,city,00_01,2050,0.034754692201679885
Bhutan,city,00_01,2055,0.03546657735281939
Bhutan,city,00_01,2060,0.036134447173008996
Bhutan,city,00_01,2065,0.036758283182094294
Bhutan,city,00_01,2070,0.03733839405748674
Bhutan,city,00_01,2075,0.037873486812424806
Bhutan,city,00_01,2080,0.03835494534936596
Bhutan,city,00_01,2085,0.03880032493630852
Bhutan,city,00_01,2090,0.039192505108430184
Bhutan,city,00_01,2095,0.03953981837853392
Bhutan,city,00_01,2100,0.0398512185728813
Bhutan,city,02_05,2011,0.11107001729613941
Bhutan,city,02_05,2012,0.1116658313464033
Bhutan,city,02_05,2013,0.1117851277021971
Bhutan,city,02_05,2014,0.11249272535813541
Bhutan,city,02_05,2015,0.11356550968350307
Bhutan,city,02_05,2016,0.11464908592548353
Bhutan,city,02_05,2017,0.11519013223289652
Bhutan,city,02_05,2018,0.11569630181014925
Bhutan,city,02_05,2019,0.11641905708164928
Bhutan,city,02_05,2020,0.11464461729465614
Bhutan,city,02_05,2025,0.11717843175868034
Bhutan,city,02_05,2030,0.12082497531343163
Bhutan,city,02_05,2035,0.12412787122204684
Bhutan,city,02_05,2040,0.12728440708702904
Bhutan,city,02_05,2045,0.1303114209840139
Bhutan,city,02_05,2050,0.13319951768693872
Bhutan,city,02_05,2055,0.13592786176865362
Bhutan,city,02_05,2060,0.1384875143591783
Bhutan,city,02_05,2065,0.14087840463217255
Bhutan,city,02_05,2070,0.14310171561299856
Bhutan,city,02_05,2075,0.1451524918495402
Bhutan,city,02_05,2080,0.14699771161252007
Bhutan,city,02_05,2085,0.14870465655751053
Bhutan,city,02_05,2090,0.15020771143913197
Bhutan,city,02_05,2095,0.15153881113052428
Bhutan,city,02_05,2100,0.15273227172726886
Bhutan,city,06_10,2011,0.1930608768468381
Bhutan,city,06_10,2012,0.19409651531869426
Bhutan,city,06_10,2013,0.19430387514103747
Bhutan,city,06_10,2014,0.19553381484246007
Bhutan,city,06_10,2015,0.19739851863530103
Bhutan,city,06_10,2016,0.1992819808377907
Bhutan,city,06_10,2017,0.20022242252553613
Bhutan,city,06_10,2018,0.20110224180347014
Bhutan,city,06_10,2019,0.20235852833207876
Bhutan,city,06_10,2020,0.1992742135050141
Bhutan,city,06_10,2025,0.20367846637271142
Bhutan,city,06_10,2030,0.21001685465497325
Bhutan,city,06_10,2035,0.2157579177769041
Bhutan,city,06_10,2040,0.22124457922458482
Bhutan,city,06_10,2045,0.22650610678536043
Bhutan,city,06_10,2050,0.23152616976417933
Bhutan,city,06_10,2055,0.23626855221426352
Bhutan,city,06_10,2060,0.24071771667448325
Bhutan,city,06_10,2065,0.24487354003514905
Bhutan,city,06_10,2070,0.2487380786200043
Bhutan,city,06_10,2075,0.25230271890801076
Bhutan,city,06_10,2080,0.25551006283473565
Bhutan,city,06_10,2085,0.258477058751649
Bhutan,city,06_10,2090,0.26108965484606633
Bhutan,city,06_10,2095,0.2634033600191336
Bhutan,city,06_10,2100,0.2654778221908224
Bhutan,city,11_20,2011,0.3351409639771932
Bhutan,city,11_20,2012,0.33693876413980767
Bhutan,city,11_20,2013,0.3372987271311981
Bhutan,city,11_20,2014,0.33943382142840056
Bhutan,city,11_20,2015,0.34267082437209084
Bhutan,city,11_20,2016,0.3459403906791877
Bhutan,city,11_20,2017,0.34757293549584356
Bhutan,city,11_20,2018,0.34910024380267596
Bhutan,city,11_20,2019,0.3512810744562292
Bhutan,city,11_20,2020,0.34592690710117435
Bhutan,city,11_20,2025,0.3535723999414995
Bhutan,city,11_20,2030,0.36457542444689545
Bhutan,city,11_20,2035,0.3745415318238149
Bhutan,city,11_20,2040,0.3840660146533993
Bhutan,city,11_20,2045,0.393199679886412
Bhutan,city,11_20,2050,0.401914178512057
Bhutan,city,11_20,2055,0.41014664203251766
Bhutan,city,11_20,2060,0.4178700984388306
Bhutan,city,11_20,2065,0.425084334020685
Bhutan,city,11_20,2070,0.43179291842063544
Bhutan,city,11_20,2075,0.4379808991335905
Bhutan,city,11_20,2080,0.4435486369008945
Bhutan,city,11_20,2085,0.4486991463565187
Bhutan,city,11_20,2090,0.45323444106700894
Bhutan,city,11_20,2095,0.45725088082800697
Bhutan,city,11_20,2100,0.4608520104991705
Bhutan,city,21_30,2011,0.29424500628579375
Bhutan,city,21_30,2012,0.29582342783674775
Bhutan,city,21_30,2013,0.2961394659342915
Bhutan,city,21_30,2014,0.2980140229190469
Bhutan,city,21_30,2015,0.300856026893166
Bhutan,city,21_30,2016,0.30372662064919814
Bhutan,city,21_30,2017,0.30515995232592935
Bhutan,city,21_30,2018,0.30650088909776135
Bhutan,city,21_30,2019,0.3084156014079124
Bhutan,city,21_30,2020,0.3037147824201431
Bhutan,city,21_30,2025,0.3104273252921406
Bhutan,city,21_30,2030,0.3200876932051877
Bhutan,city,21_30,2035,0.32883767498290356
Bhutan,city,21_30,2040,0.33719992195146786
Bhutan,city,21_30,2045,0.3452190412856327
Bhutan,city,21_30,2050,0.3528701432949202
Bhutan,city,21_30,2055,0.3600980310815363
Bhutan,city,21_30,2060,0.3668790239266195
Bhutan,city,21_30,2065,0.37321293419810275
Bhutan,city,21_30,2070,0.3791028959488439
Bhutan,city,21_30,2075,0.38453578127020893
Bhutan,city,21_30,2080,0.38942410949752027
Bhutan,city,21_30,2085,0.3939461221729039
Bhutan,city,21_30,2090,0.39792799238285814
Bhutan,city,21_30,2095,0.4014543215092547
Bhutan,city,21_30,2100,0.40461601923236434
Bhutan,city,31_50,2011,0.549248998564658
Bhutan,city,31_50,2012,0.5521953406865437
Bhutan,city,31_50,2013,0.5527852695039442
Bhutan,city,31_50,2014,0.5562843893688002
Bhutan,city,31_50,2015,0.561589382838037
Bhutan,city,31_50,2016,0.5669477430892055
Bhutan,city,31_50,2017,0.5696232548948026
Bhutan,city,31_50,2018,0.5721262988321121
Bhutan,city,31_50,2019,0.5757003741653344
Bhutan,city,31_50,2020,0.5669256453974373
Bhutan,city,31_50,2025,0.579455535018354
Bhutan,city,31_50,2030,0.5974879477650762
Bhutan,city,31_50,2035,0.6138209988830331
Bhutan,city,31_50,2040,0.629430289355658
Bhutan,city,31_50,2045,0.6443990846438354
Bhutan,city,31_50,2050,0.6586809246980233
Bhutan,city,31_50,2055,0.6721727768747116
Bhutan,city,31_50,2060,0.6848304378370815
Bhutan,city,31_50,2065,0.696653557343931
Bhutan,city,31_50,2070,0.7076479855383608
Bhutan,city,31_50,2075,0.7177892173633049
Bhutan,city,31_50,2080,0.726913958059493
Bhutan,city,31_50,2085,0.7353549201162587
Bhutan,city,31_50,2090,0.7427876315591424
Bhutan,city,31_50,2095,0.7493700125678501
Bhutan,city,31_50,2100,0.7552717586334926
Bhutan,city,51+,2011,0.742960658692243
Bhutan,city,51+,2012,0.746946130289514
Bhutan,city,51+,2013,0.7477441179124369
Bhutan,city,51+,2014,0.7524773234465939
Bhutan,city,51+,2015,0.7596533063843185
Bhutan,city,51+,2016,0.7669014777457994
Bhutan,city,51+,2017,0.7705206013466069
Bhutan,city,51+,2018,0.7739064303190019
Bhutan,city,51+,2019,0.7787410269604629
Bhutan,city,51+,2020,0.766871586538579
Bhutan,city,51+,2025,0.7838205751947713
Bhutan,city,51+,2030,0.8082127421120096
Bhutan,city,51+,2035,0.8303062087341847
Bhutan,city,51+,2040,0.8514206554815914
Bhutan,city,51+,2045,0.8716687142603904
Bhutan,city,51+,2050,0.890987539277324
Bhutan,city,51+,2055,0.9092377598628252
Bhutan,city,51+,2060,0.9263595828441711
Bhutan,city,51+,2065,0.9423525344554826
Bhutan,city,51+,2070,0.9572245280952063
Bhutan,city,51+,2075,0.9709424161501706
Bhutan,city,51+,2080,0.9832853123152107
Bhutan,city,51+,2085,0.9947032716489183
Bhutan,city,51+,2090,1.0047573859102192
Bhutan,city,51+,2095,1.0136612712933022
Bhutan,city,51+,2100,1.0216444722746836
Bhutan,town,No_travel,2011,0.0
Bhutan,town,No_travel,2012,0.0
Bhutan,town,No_travel,2013,0.0
Bhutan,town,No_travel,2014,0.0
Bhutan,town,No_travel,2015,0.0
Bhutan,town,No_travel,2016,0.0
Bhutan,town,No_travel,2017,0.0
Bhutan,town,No_travel,2018,0.0
Bhutan,town,No_travel,2019,0.0
Bhutan,town,No_travel,2020,0.0
Bhutan,town,No_travel,2025,0.0
Bhutan,town,No_travel,2030,0.0
Bhutan,town,No_travel,2035,0.0
Bhutan,town,No_travel,2040,0.0
Bhutan,town,No_travel,2045,0.0
Bhutan,town,No_travel,2050,0.0
Bhutan,town,No_travel,2055,0.0
Bhutan,town,No_travel,2060,0.0
Bhutan,town,No_travel,2065,0.0
Bhutan,town,No_travel,2070,0.0
Bhutan,town,No_travel,2075,0.0
Bhutan,town,No_travel,2080,0.0
Bhutan,town,No_travel,2085,0.0
Bhutan,town,No_travel,2090,0.0
Bhutan,town,No_travel,2095,0.0
Bhutan,town,No_travel,2100,0.0
Bhutan,town,00_01,2011,0.02145716041148525
Bhutan,town,00_01,2012,0.02157226328049663
Bhutan,town,00_01,2013,0.021595309653452063
Bhutan,town,00_01,2014,0.0217320075380826
Bhutan,town,00_01,2015,0.021939254335343526
Bhutan,town,00_01,2016,0.022148585978646128
Bhutan,town,00_01,2017,0.022253108492379506
Bhutan,town,00_01,2018,0.02235089331387249
Bhutan,town,00_01,2019,0.02249051943599214
Bhutan,town,00_01,2020,0.02214772270221188
Bhutan,town,00_01,2025,0.022637219910648876
Bhutan,town,00_01,2030,0.023341680681489913
Bhutan,town,00_01,2035,0.02397975357513714
Bhutan,town,00_01,2040,0.024589551773141774
Bhutan,town,00_01,2045,0.025174328154171987
Bhutan,town,00_01,2050,0.02573226769309644
Bhutan,town,00_01,2055,0.026259345279327426
Bhutan,town,00_01,2060,0.02675383404929065
Bhutan,town,00_01,2065,0.02721572032033637
Bhutan,town,00_01,2070,0.027645232636274924
Bhutan,town,00_01,2075,0.028041413673666967
Bhutan,town,00_01,2080,0.028397884100273062
Bhutan,town,00_01,2085,0.02872764178276788
Bhutan,town,00_01,2090,0.029018010781416973
Bhutan,town,00_01,2095,0.029275160463186903
Bhutan,town,00_01,2100,0.029505720213626643
Bhutan,town,02_05,2011,0.07259776121809702
Bhutan,town,02_05,2012,0.072987198144501
Bhutan,town,02_05,2013,0.07306517281816127
Bhutan,town,02_05,2014,0.0735276739225532
Bhutan,town,02_05,2015,0.0742288689181739
Bhutan,town,02_05,2016,0.07493711774348165
Bhutan,town,02_05,2017,0.07529075729076626
Bhutan,town,02_05,2018,0.07562160065425727
Bhutan,town,02_05,2019,0.07609400910342119
Bhutan,town,02_05,2020,0.07493419694989867
Bhutan,town,02_05,2025,0.07659035278662404
Bhutan,town,02_05,2030,0.07897381237998477
Bhutan,town,02_05,2035,0.08113265645275157
Bhutan,town,02_05,2040,0.0831958364412029
Bhutan,town,02_05,2045,0.08517435807509488
Bhutan,town,02_05,2050,0.08706208043183747
Bhutan,town,02_05,2055,0.08884538502642522
Bhutan,town,02_05,2060,0.0905184292204559
Bhutan,town,02_05,2065,0.0920811667203045
Bhutan,town,02_05,2070,0.09353437077688825
Bhutan,town,02_05,2075,0.09487480239971988
Bhutan,town,02_05,2080,0.09608087787363069
Bhutan,town,02_05,2085,0.09719657394126031
Bhutan,town,02_05,2090,0.09817900306164762
Bhutan,town,02_05,2095,0.09904903855732534
Bhutan,town,02_05,2100,0.09982911016922273
Bhutan,town,06_10,2011,0.1876250866698114
Bhutan,town,06_10,2012,0.18863156587582247
Bhutan,town,06_10,2013,0.18883308730923978
Bhutan,town,06_10,2014,0.19002839703147384
Bhutan,town,06_10,2015,0.19184059853215837
Bhutan,town,06_10,2016,0.19367103028380628
Bhutan,town,06_10,2017,0.19458499305064444
Bhutan,town,06_10,2018,0.195440040282234
Bhutan,town,06_10,2019,0.1966609550147373
Bhutan,town,06_10,2020,0.19366348164676905
Bhutan,town,06_10,2025,0.1979437290978
Bhutan,town,06_10,2030,0.2041036547659599
Bhutan,town,06_10,2035,0.20968307346239357
Bhutan,town,06_10,2040,0.2150152533761194
Bhutan,town,06_10,2045,0.2201286382354936
Bhutan,town,06_10,2050,0.22500735714981845
Bhutan,town,06_10,2055,0.22961621386253472
Bhutan,town,06_10,2060,0.23394010838270324
Bhutan,town,06_10,2065,0.23797892106689061
Bhutan,town,06_10,2070,0.24173465034132838
Bhutan,town,06_10,2075,0.2451989252058547
Bhutan,town,06_10,2080,0.24831596368646341
Bhutan,town,06_10,2085,0.2511994213561469
Bhutan,town,06_10,2090,0.2537384576262305
Bhutan,town,06_10,2095,0.25598701849840316
Bhutan,town,06_10,2100,0.25800307245564863
Bhutan,town,11_20,2011,0.44707804287844377
Bhutan,town,11_20,2012,0.4494763082789185
Bhutan,town,11_20,2013,0.449956498906139
Bhutan,town,11_20,2014,0.4528047146790672
Bhutan,town,11_20,2015,0.4571228765763258
Bhutan,town,11_20,2016,0.46148447800007064
Bhutan,town,11_20,2017,0.4636622927705489
Bhutan,town,11_20,2018,0.46569972203788573
Bhutan,town,11_20,2019,0.46860895010976733
Bhutan,town,11_20,2020,0.46146649090712427
Bhutan,town,11_20,2025,0.4716655782861483
Bhutan,town,11_20,2030,0.4863436128756493
Bhutan,town,11_20,2035,0.49963840002525234
Bhutan,town,11_20,2040,0.5123440600327521
Bhutan,town,11_20,2045,0.5245283693700019
Bhutan,town,11_20,2050,0.5361535104568592
Bhutan,town,11_20,2055,0.5471356167178122
Bhutan,town,11_20,2060,0.5574387074931504
Bhutan,town,11_20,2065,0.5670624976933212
Bhutan,town,11_20,2070,0.5760117492214596
Bhutan,town,11_20,2075,0.5842665154359107
Bhutan,town,11_20,2080,0.5916938775665397
Bhutan,town,11_20,2085,0.5985646571332061
Bhutan,town,11_20,2090,0.604614740235494
Bhutan,town,11_20,2095,0.6099726708399079
Bhutan,town,11_20,2100,0.6147765777882833
Bhutan,town,21_30,2011,0.404286557269486
Bhutan,town,21_30,2012,0.40645527585815544
Bhutan,town,21_30,2013,0.4068895056724003
Bhutan,town,21_30,2014,0.40946510822667487
Bhutan,town,21_30,2015,0.41336996294943207
Bhutan,town,21_30,2016,0.41731409944165276
Bhutan,town,21_30,2017,0.41928346754181395
Bhutan,town,21_30,2018,0.42112588695223363
Bhutan,town,21_30,2019,0.42375666209368373
Bhutan,town,21_30,2020,0.41729783395960013
Bhutan,town,21_30,2025,0.4265207291329097
Bhutan,town,21_30,2030,0.4397938749878611
Bhutan,town,21_30,2035,0.45181616910845385
Bhutan,town,21_30,2040,0.46330572361485867
Bhutan,town,21_30,2045,0.4743238278432573
Bhutan,town,21_30,2050,0.4848362838733457
Bhutan,town,21_30,2055,0.4947672523083477
Bhutan,town,21_30,2060,0.5040841963299736
Bhutan,town,21_30,2065,0.5127868581356412
Bhutan,town,21_30,2070,0.5208795438492034
Bhutan,town,21_30,2075,0.5283442159955211
Bhutan,town,21_30,2080,0.5350606779493509
Bhutan,town,21_30,2085,0.5412738299057316
Bhutan,town,21_30,2090,0.5467448372781141
Bhutan,town,21_30,2095,0.5515899406166743
Bhutan,town,21_30,2100,0.5559340479432103
Bhutan,town,31_50,2011,0.674170657910804
Bhutan,town,31_50,2012,0.6777871185906285
Bhutan,town,31_50,2013,0.6785112213199674
Bhutan,town,31_50,2014,0.682806183982737
Bhutan,town,31_50,2015,0.6893177496782853
Bhutan,town,31_50,2016,0.695894819942034
Bhutan,town,31_50,2017,0.6991788524281034
Bhutan,town,31_50,2018,0.7022511908072456
Bhutan,town,31_50,2019,0.7066381568738531
Bhutan,town,31_50,2020,0.6958676963324568
Bhutan,town,31_50,2025,0.711247394704886
Bhutan,town,31_50,2030,0.7333811147425124
Bhutan,town,31_50,2035,0.7534289688972935
Bhutan,town,31_50,2040,0.7725884496700409
Bhutan,town,31_50,2045,0.7909617604888767
Bhutan,town,31_50,2050,0.8084918743910784
Bhutan,town,31_50,2055,0.8250523249010714
Bhutan,town,31_50,2060,0.8405888550375179
Bhutan,town,31_50,2065,0.8551010349000587
Bhutan,town,31_50,2070,0.868596045193317
Bhutan,town,31_50,2075,0.8810438074092071
Bhutan,town,31_50,2080,0.8922438868895347
Bhutan,town,31_50,2085,0.9026046685351656
Bhutan,town,31_50,2090,0.9117278821898195
Bhutan,town,31_50,2095,0.919807365533179
Bhutan,town,31_50,2100,0.9270514097431719
Bhutan,town,51+,2011,0.786647883633353
Bhutan,town,51+,2012,0.7908677070662552
Bhutan,town,51+,2013,0.7917126175839169
Bhutan,town,51+,2014,0.7967241428547168
Bhutan,town,51+,2015,0.8043220845827301
Bhutan,town,51+,2016,0.8119964595244089
Bhutan,town,51+,2017,0.8158283931374134
Bhutan,town,51+,2018,0.819413314040449
Bhutan,town,51+,2019,0.8245321923709928
Bhutan,town,51+,2020,0.8119648106684108
Bhutan,town,51+,2025,0.8299104258233073
Bhutan,town,51+,2030,0.855736889523891
Bhutan,town,51+,2035,0.8791294858304707
Bhutan,town,51+,2040,0.9014854943937947
Bhutan,town,51+,2045,0.9229241700486571
Bhutan,town,51+,2050,0.9433789715728775
Bhutan,town,51+,2055,0.9627023330880036
Bhutan,town,51+,2060,0.9808309454911535
Bhutan,town,51+,2065,0.9977643071582889
Bhutan,town,51+,2070,1.0135107968078079
Bhutan,town,51+,2075,1.028035317696103
Bhutan,town,51+,2080,1.0411039950648693
Bhutan,town,51+,2085,1.0531933478996247
Bhutan,town,51+,2090,1.0638386594823157
Bhutan,town,51+,2095,1.0732661069666076
Bhutan,town,51+,2100,1.0817187323958968
Bhutan,rural,No_travel,2011,0.0
Bhutan,rural,No_travel,2012,0.0
Bhutan,rural,No_travel,2013,0.0
Bhutan,rural,No_travel,2014,0.0
Bhutan,rural,No_travel,2015,0.0
Bhutan,rural,No_travel,2016,0.0
Bhutan,rural,No_travel,2017,0.0
Bhutan,rural,No_travel,2018,0.0
Bhutan,rural,No_travel,2019,0.0
Bhutan,rural,No_travel,2020,0.0
Bhutan,rural,No_travel,2025,0.0
Bhutan,rural,No_travel,2030,0.0
Bhutan,rural,No_travel,2035,0.0
Bhutan,rural,No_travel,2040,0.0
Bhutan,rural,No_travel,2045,0.0
Bhutan,rural,No_travel,2050,0.0
Bhutan,rural,No_travel,2055,0.0
Bhutan,rural,No_travel,2060,0.0
Bhutan,rural,No_travel,2065,0.0
Bhutan,rural,No_travel,2070,0.0
Bhutan,rural,No_travel,2075,0.0
Bhutan,rural,No_travel,2080,0.0
Bhutan,rural,No_travel,2085,0.0
Bhutan,rural,No_travel,2090,0.0
Bhutan,rural,No_travel,2095,0.0
Bhutan,rural,No_travel,2100,0.0
Bhutan,rural,00_01,2011,0.02747552116779272
Bhutan,rural,00_01,2012,0.02762290839207348
Bhutan,rural,00_01,2013,0.027652418872297083
Bhutan,rural,00_01,2014,0.027827458138944335
Bhutan,rural,00_01,2015,0.028092834062687342
Bhutan,rural,00_01,2016,0.0283608795955702
Bhutan,rural,00_01,2017,0.028494718858712173
Bhutan,rural,00_01,2018,0.028619930623982905
Bhutan,rural,00_01,2019,0.028798719447867625
Bhutan,rural,00_01,2020,0.028359774185092394
Bhutan,rural,00_01,2025,0.02898656685728527
Bhutan,rural,00_01,2030,0.02988861663693656
Bhutan,rural,00_01,2035,0.030705657893085953
Bhutan,rural,00_01,2040,0.031486493892633693
Bhutan,rural,00_01,2045,0.03223528989020757
Bhutan,rural,00_01,2050,0.032949721777656295
Bhutan,rural,00_01,2055,0.03362463547079376
Bhutan,rural,00_01,2060,0.03425781975081098
Bhutan,rural,00_01,2065,0.03484925709731265
Bhutan,rural,00_01,2070,0.035399240156677794
Bhutan,rural,00_01,2075,0.03590654309287231
Bhutan,rural,00_01,2080,0.03636299728178099
Bhutan,rural,00_01,2085,0.0367852462658907
Bhutan,rural,00_01,2090,0.037157058724569224
Bhutan,rural,00_01,2095,0.03748633442504724
Bhutan,rural,00_01,2100,0.03778156218035904
Bhutan,rural,02_05,2011,0.08859584964879585
Bhutan,rural,02_05,2012,0.08907110528754378
Bhutan,rural,02_05,2013,0.08916626293907612
Bhutan,rural,02_05,2014,0.08973068362670601
Bhutan,rural,02_05,2015,0.09058639825707693
Bhutan,rural,02_05,2016,0.09145072114235701
Bhutan,rural,02_05,2017,0.09188229087171784
Bhutan,rural,02_05,2018,0.09228604091024994
Bhutan,rural,02_05,2019,0.0928625521859794
Bhutan,rural,02_05,2020,0.09144715670476569
Bhutan,rural,02_05,2025,0.09346827321088903
Bhutan,rural,02_05,2030,0.09637696659528953
Bhutan,rural,02_05,2035,0.09901154680378174
Bhutan,rural,02_05,2040,0.10152938180293697
Bhutan,rural,02_05,2045,0.10394390261269837
Bhutan,rural,02_05,2050,0.10624761505906712
Bhutan,rural,02_05,2055,0.10842389960406103
Bhutan,rural,02_05,2060,0.11046562608960428
Bhutan,rural,02_05,2065,0.11237273802052437
Bhutan,rural,02_05,2070,0.11414617904605867
Bhutan,rural,02_05,2075,0.11578199641188781
Bhutan,rural,02_05,2080,0.11725385008283913
Bhutan,rural,02_05,2085,0.11861540778658863
Bhutan,rural,02_05,2090,0.11981433102030861
Bhutan,rural,02_05,2095,0.12087609288005265
Bhutan,rural,02_05,2100,0.12182806586218542
Bhutan,rural,06_10,2011,0.19302164217733958
Bhutan,rural,06_10,2012,0.19405707018224963
Bhutan,rural,06_10,2013,0.19426438786402958
Bhutan,rural,06_10,2014,0.1954940776117667
Bhutan,rural,06_10,2015,0.19735840245140793
Bhutan,rural,06_10,2016,0.1992414818885324
Bhutan,rural,06_10,2017,0.20018173245563545
Bhutan,rural,06_10,2018,0.20106137293287638
Bhutan,rural,06_10,2019,0.20231740415348293
Bhutan,rural,06_10,2020,0.19923371613426688
Bhutan,rural,06_10,2025,0.20363707395057695
Bhutan,rural,06_10,2030,0.2099741741180562
Bhutan,rural,06_10,2035,0.21571407051621658
Bhutan,rural,06_10,2040,0.2211996169407395
Bhutan,rural,06_10,2045,0.22646007523104314
Bhutan,rural,06_10,2050,0.23147911801087068
Bhutan,rural,06_10,2055,0.23622053669340598
Bhutan,rural,06_10,2060,0.24066879697510962
Bhutan,rural,06_10,2065,0.244823775771311
Bhutan,rural,06_10,2070,0.2486875289878585
Bhutan,rural,06_10,2075,0.252251444854191
Bhutan,rural,06_10,2080,0.2554581369705596
Bhutan,rural,06_10,2085,0.2584245299216825
Bhutan,rural,06_10,2090,0.2610365950729798
Bhutan,rural,06_10,2095,0.26334983004483775
Bhutan,rural,06_10,2100,0.2654238706353184
Bhutan,rural,11_20,2011,0.40317189715969404
Bhutan,rural,11_20,2012,0.40533463636553047
Bhutan,rural,11_20,2013,0.40576766896299005
Bhutan,rural,11_20,2014,0.40833617031299674
Bhutan,rural,11_20,2015,0.4122302589449312
Bhutan,rural,11_20,2016,0.41616352104240295
Bhutan,rural,11_20,2017,0.41812745938977297
Bhutan,rural,11_20,2018,0.4199647990581499
Bhutan,rural,11_20,2019,0.4225883208787678
Bhutan,rural,11_20,2020,0.41614730040597697
Bhutan,rural,11_20,2025,0.42534476709752866
Bhutan,rural,11_20,2030,0.43858131750811036
Bhutan,rural,11_20,2035,0.45057046491273284
Bhutan,rural,11_20,2040,0.46202834152172234
Bhutan,rural,11_20,2045,0.4730160676901828
Bhutan,rural,11_20,2050,0.48349953978503524
Bhutan,rural,11_20,2055,0.4934031275066124
Bhutan,rural,11_20,2060,0.5026943837440185
Bhutan,rural,11_20,2065,0.5113730514054601
Bhutan,rural,11_20,2070,0.5194434247423584
Bhutan,rural,11_20,2075,0.52688751601077
Bhutan,rural,11_20,2080,0.5335854599800558
Bhutan,rural,11_20,2085,0.5397814816299316
Bhutan,rural,11_20,2090,0.5452374048656573
Bhutan,rural,11_20,2095,0.5500691497501156
Bhutan,rural,11_20,2100,0.5544012799206901
Bhutan,rural,21_30,2011,0.4275976654157429
Bhutan,rural,21_30,2012,0.42989143202456104
Bhutan,rural,21_30,2013,0.4303506994710946
Bhutan,rural,21_30,2014,0.433074810919877
Bhutan,rural,21_30,2015,0.43720481903717795
Bhutan,rural,21_30,2016,0.44137637390545037
Bhutan,rural,21_30,2017,0.44345929550358754
Bhutan,rural,21_30,2018,0.4454079485677234
Bhutan,rural,21_30,2019,0.44819041384758673
Bhutan,rural,21_30,2020,0.44135917055790513
Bhutan,rural,21_30,2025,0.4511138566180022
Bhutan,rural,21_30,2030,0.4651523302655855
Bhutan,rural,21_30,2035,0.4778678282371894
Bhutan,rural,21_30,2040,0.49001986890059146
Bhutan,rural,21_30,2045,0.5016732755267983
Bhutan,rural,21_30,2050,0.512791878348052
Bhutan,rural,21_30,2055,0.523295465078228
Bhutan,rural,21_30,2060,0.5331496228304997
Bhutan,rural,21_30,2065,0.5423540789374233
Bhutan,rural,21_30,2070,0.5509133878133698
Bhutan,rural,21_30,2075,0.5588084719448259
Bhutan,rural,21_30,2080,0.5659122041854131
Bhutan,rural,21_30,2085,0.5724836056422535
Bhutan,rural,21_30,2090,0.5782700705588787
Bhutan,rural,21_30,2095,0.5833945418998474
Bhutan,rural,21_30,2100,0.5879891298665803
Bhutan,rural,31_50,2011,0.713065368968106
Bhutan,rural,31_50,2012,0.7168904729514343
Bhutan,rural,31_50,2013,0.7176563511067771
Bhutan,rural,31_50,2014,0.7221991016698506
Bhutan,rural,31_50,2015,0.7290863370319546
Bhutan,rural,31_50,2016,0.736042856096256
Bhutan,rural,31_50,2017,0.7395163532129048
Bhutan,rural,31_50,2018,0.7427659430225635
Bhutan,rural,31_50,2019,0.7474060049122785
Bhutan,rural,31_50,2020,0.7360141676529903
Bhutan,rural,31_50,2025,0.7522811620198755
Bhutan,rural,31_50,2030,0.7756918356528342
Bhutan,rural,31_50,2035,0.796896304213062
Bhutan,rural,31_50,2040,0.8171611467512907
Bhutan,rural,31_50,2045,0.836594463085168
Bhutan,rural,31_50,2050,0.8551359362137423
Bhutan,rural,31_50,2055,0.8726518034717156
Bhutan,rural,31_50,2060,0.8890846776471668
Bhutan,rural,31_50,2065,0.9044341040376331
Bhutan,rural,31_50,2070,0.9187076776218216
Bhutan,rural,31_50,2075,0.931873584581948
Bhutan,rural,31_50,2080,0.9437198266475121
Bhutan,rural,31_50,2085,0.9546783495381913
Bhutan,rural,31_50,2090,0.9643279058256015
Bhutan,rural,31_50,2095,0.9728735162043708
Bhutan,rural,31_50,2100,0.9805354887284008
Bhutan,rural,51+,2011,0.8434383382567929
Bhutan,rural,51+,2012,0.8479628033167447
Bhutan,rural,51+,2013,0.8488687104421803
Bhutan,rural,51+,2014,0.8542420326546704
Bhutan,rural,51+,2015,0.8623884924349325
Bhutan,rural,51+,2016,0.8706169033702958
Bhutan,rural,51+,2017,0.8747254756884911
Bhutan,rural,51+,2018,0.8785692027131833
Bhutan,rural,51+,2019,0.8840576281226704
Bhutan,rural,51+,2020,0.870582969689082
Bhutan,rural,51+,2025,0.889824132272946
Bhutan,rural,51+,2030,0.9175150853408659
Bhutan,rural,51+,2035,0.9425964628756328
Bhutan,rural,51+,2040,0.9665664183093312
Bhutan,rural,51+,2045,0.9895528158386119
Bhutan,rural,51+,2050,1.0114843104321982
Bhutan,rural,51+,2055,1.0322026829911835
Bhutan,rural,51+,2060,1.0516400539399127
Bhutan,rural,51+,2065,1.0697958854406133
Bhutan,rural,51+,2070,1.0866791610963302
Bhutan,rural,51+,2075,1.10225225042496
Bhutan,rural,51+,2080,1.11626439455254
Bhutan,rural,51+,2085,1.1292265137899935
Bhutan,rural,51+,2090,1.1406403421347167
Bhutan,rural,51+,2095,1.150748385143017
Bhutan,rural,51+,2100,1.159811230787574
India,large_city,No_travel,2011,0.0
India,large_city,No_travel,2012,0.0
India,large_city,No_travel,2013,0.0
India,large_city,No_travel,2014,0.0
India,large_city,No_travel,2015,0.0
India,large_city,No_travel,2016,0.0
India,large_city,No_travel,2017,0.0
India,large_city,No_travel,2018,0.0
India,large_city,No_travel,2019,0.0
India,large_city,No_travel,2020,0.0
India,large_city,No_travel,2025,0.0
India,large_city,No_travel,2030,0.0
India,large_city,No_travel,2035,0.0
India,large_city,No_travel,2040,0.0
India,large_city,No_travel,2045,0.0
India,large_city,No_travel,2050,0.0
India,large_city,No_travel,2055,0.0
India,large_city,No_travel,2060,0.0
India,large_city,No_travel,2065,0.0
India,large_city,No_travel,2070,0.0
India,large_city,No_travel,2075,0.0
India,large_city,No_travel,2080,0.0
India,large_city,No_travel,2085,0.0
India,large_city,No_travel,2090,0.0
India,large_city,No_travel,2095,0.0
India,large_city,No_travel,2100,0.0
India,large_city,00_01,2011,0.0430238883349347
India,large_city,00_01,2012,0.04324862706265745
India,large_city,00_01,2013,0.04352504409890226
India,large_city,00_01,2014,0.04385892126994413
India,large_city,00_01,2015,0.044226708818282896
India,large_city,00_01,2016,0.04460839073036717
India,large_city,00_01,2017,0.04491495978004602
India,large_city,00_01,2018,0.04520733334758106
India,large_city,00_01,2019,0.045364245095087956
India,large_city,00_01,2020,0.044970216193924425
India,large_city,00_01,2025,0.046475904554325216
India,large_city,00_01,2030,0.04773611216039016
India,large_city,00_01,2035,0.04871076769773622
India,large_city,00_01,2040,0.0496678474544285
India,large_city,00_01,2045,0.05060402523469204
India,large_city,00_01,2050,0.05151789255437848
India,large_city,00_01,2055,0.05241371046244779
India,large_city,00_01,2060,0.05328307377497844
India,large_city,00_01,2065,0.05410781896920125
India,large_city,00_01,2070,0.05489222394909086
India,large_city,00_01,2075,0.05564018866320078
India,large_city,00_01,2080,0.05634100077425821
India,large_city,00_01,2085,0.056998279580420086
India,large_city,00_01,2090,0.0576095281178202
India,large_city,00_01,2095,0.05818951442214694
India,large_city,00_01,2100,0.05874669944759788
India,large_city,02_05,2011,0.183359329476964
India,large_city,02_05,2012,0.18431712162494357
India,large_city,02_05,2013,0.18549515653492876
India,large_city,02_05,2014,0.18691807521055656
India,large_city,02_05,2015,0.18848551322844054
India,large_city,02_05,2016,0.19011216628518976
India,large_city,02_05,2017,0.19141870313164813
India,large_city,02_05,2018,0.1926647416319964
India,large_city,02_05,2019,0.19333346856308972
India,large_city,02_05,2020,0.1916541950732219
India,large_city,02_05,2025,0.19807114200314838
India,large_city,02_05,2030,0.20344189835717627
India,large_city,02_05,2035,0.20759568809388104
India,large_city,02_05,2040,0.21167457331868716
India,large_city,02_05,2045,0.21566437844099573
India,large_city,02_05,2050,0.2195591007790638
India,large_city,02_05,2055,0.22337690008344863
India,large_city,02_05,2060,0.22708195511744605
India,large_city,02_05,2065,0.230596856528141
India,large_city,02_05,2070,0.2339398358988401
India,large_city,02_05,2075,0.23712751404136317
India,large_city,02_05,2080,0.24011423708630203
India,large_city,02_05,2085,0.24291542976881936
India,large_city,02_05,2090,0.24552045052121968
India,large_city,02_05,2095,0.24799223779993534
India,large_city,02_05,2100,0.2503668505235913
India,large_city,06_10,2011,0.277891972044208
India,large_city,06_10,2012,0.2793435630244419
India,large_city,06_10,2013,0.2811289450129479
India,large_city,06_10,2014,0.28328546291665463
India,large_city,06_10,2015,0.28566100848114456
India,large_city,06_10,2016,0.288126297959794
India,large_city,06_10,2017,0.2901064322777282
India,large_city,06_10,2018,0.29199487775302807
India,large_city,06_10,2019,0.2930083732003047
India,large_city,06_10,2020,0.2904633343248241
India,large_city,06_10,2025,0.30018859914743745
India,large_city,06_10,2030,0.30832829991339866
India,large_city,06_10,2035,0.3146236153722987
India,large_city,06_10,2040,0.3208054085872753
India,large_city,06_10,2045,0.3268521956074564
India,large_city,06_10,2050,0.3327548790115552
India,large_city,06_10,2055,0.33854098098188223
India,large_city,06_10,2060,0.3441562123031727
India,large_city,06_10,2065,0.3494832544959273
India,large_city,06_10,2070,0.3545497386092617
India,large_city,06_10,2075,0.3593808544722767
India,large_city,06_10,2080,0.3639074109298919
India,large_city,06_10,2085,0.3681527850858785
India,large_city,06_10,2090,0.3721008490113171
India,large_city,06_10,2095,0.37584698968119984
India,large_city,06_10,2100,0.3794458565318824
India,large_city,11_20,2011,0.333374422171987
India,large_city,11_20,2012,0.3351158301756286
India,large_city,11_20,2013,0.3372576721453555
India,large_city,11_20,2014,0.33984474907587375
India,large_city,11_20,2015,0.3426945835783942
India,large_city,11_20,2016,0.3456520797931489
India,large_city,11_20,2017,0.3480275573184918
India,large_city,11_20,2018,0.3502930398889319
India,large_city,11_20,2019,0.3515088845087831
India,large_city,11_20,2020,0.3484557165519066
India,large_city,11_20,2025,0.3601226766186498
India,large_city,11_20,2030,0.36988750724525565
India,large_city,11_20,2035,0.3774397122912054
India,large_city,11_20,2040,0.3848557298388504
India,large_city,11_20,2045,0.39210978656463896
India,large_city,11_20,2050,0.39919096870397974
India,large_city,11_20,2055,0.406132293373406
India,large_city,11_20,2060,0.4128686322583575
India,large_city,11_20,2065,0.4192592436885173
India,large_city,11_20,2070,0.4253372753829978
India,large_city,11_20,2075,0.4311329464397433
India,large_city,11_20,2080,0.4365632513614209
India,large_city,11_20,2085,0.4416562346014361
India,large_city,11_20,2090,0.4463925482133737
India,large_city,11_20,2095,0.45088662363415793
India,large_city,11_20,2100,0.45520402131928916
India,large_city,21_30,2011,0.257270952131324
India,large_city,21_30,2012,0.2586148275619198
India,large_city,21_30,2013,0.2602677249836128
India,large_city,21_30,2014,0.26226421811831413
India,large_city,21_30,2015,0.2644634859298738
India,large_city,21_30,2016,0.26674583819354614
India,large_city,21_30,2017,0.26857903631573515
India,large_city,21_30,2018,0.27032734938107694
India,large_city,21_30,2019,0.2712656382304581
India,large_city,21_30,2020,0.26890945438718405
India,large_city,21_30,2025,0.2779130543193367
India,large_city,21_30,2030,0.2854487472388492
India,large_city,21_30,2035,0.2912769177691609
India,large_city,21_30,2040,0.29699998999250316
India,large_city,21_30,2045,0.30259807417814427
India,large_city,21_30,2050,0.30806274798045435
India,large_city,21_30,2055,0.3134194912936371
India,large_city,21_30,2060,0.3186180434426578
India,large_city,21_30,2065,0.3235497915852623
India,large_city,21_30,2070,0.32824031640398
India,large_city,21_30,2075,0.3327129385124621
India,large_city,21_30,2080,0.3369036010967759
India,large_city,21_30,2085,0.3408339465588271
India,large_city,21_30,2090,0.3444890437453386
India,large_city,21_30,2095,0.34795720142499004
India,large_city,21_30,2100,0.3512890137636411
India,large_city,31_50,2011,0.220023475238138
India,large_city,31_50,2012,0.22117278548897384
India,large_city,31_50,2013,0.22258637778114765
India,large_city,31_50,2014,0.22429382028154252
India,large_city,31_50,2015,0.2261746799078237
India,large_city,31_50,2016,0.2281265950875619
India,large_city,31_50,2017,0.22969438429307687
India,large_city,31_50,2018,0.2311895780304732
India,large_city,31_50,2019,0.23199202219180493
India,large_city,31_50,2020,0.22997696470784734
India,large_city,31_50,2025,0.23767703084557013
India,large_city,31_50,2030,0.24412171234086863
India,large_city,31_50,2035,0.2491060851343627
India,large_city,31_50,2040,0.2540005756673469
India,large_city,31_50,2045,0.2587881738279496
India,large_city,31_50,2050,0.2634616766508152
India,large_city,31_50,2055,0.26804287507201713
India,large_city,31_50,2060,0.2724887851157222
India,large_city,31_50,2065,0.2767065188176645
India,large_city,31_50,2070,0.2807179533101921
India,large_city,31_50,2075,0.28454303286768845
India,large_city,31_50,2080,0.2881269747690677
India,large_city,31_50,2085,0.29148828804708404
India,large_city,31_50,2090,0.29461420326855414
India,large_city,31_50,2095,0.29758024393124516
India,large_city,31_50,2100,0.30042967921928776
India,large_city,51+,2011,0.187004864635763
India,large_city,51+,2012,0.187981699528719
India,large_city,51+,2013,0.18918315603222163
India,large_city,51+,2014,0.1906343650603224
India,large_city,51+,2015,0.19223296675239593
India,large_city,51+,2016,0.1938919607918836
India,large_city,51+,2017,0.19522447409682717
India,large_city,51+,2018,0.1964952862325023
India,large_city,51+,2019,0.19717730873762443
India,large_city,51+,2020,0.19546464806988015
India,large_city,51+,2025,0.20200917621267386
India,large_city,51+,2030,0.20748671350429465
India,large_city,51+,2035,0.21172308854806074
India,large_city,51+,2040,0.2158830698345625
India,large_city,51+,2045,0.2199521999352707
India,large_city,51+,2050,0.22392435682361603
India,large_city,51+,2055,0.2278180613008278
India,large_city,51+,2060,0.23159677993530986
India,large_city,51+,2065,0.2351815643277377
India,large_city,51+,2070,0.2385910085402629
India,large_city,51+,2075,0.2418420638383234
India,large_city,51+,2080,0.24488816866602173
India,large_city,51+,2085,0.24774505443184067
India,large_city,51+,2090,0.2504018679933081
India,large_city,51+,2095,0.25292279914408816
India,large_city,51+,2100,0.2553446237232702
India,city,No_travel,2011,0.0
India,city,No_travel,2012,0.0
India,city,No_travel,2013,0.0
India,city,No_travel,2014,0.0
India,city,No_travel,2015,0.0
India,city,No_travel,2016,0.0
India,city,No_travel,2017,0.0
India,city,No_travel,2018,0.0
India,city,No_travel,2019,0.0
India,city,No_travel,2020,0.0
India,city,No_travel,2025,0.0
India,city,No_travel,2030,0.0
India,city,No_travel,2035,0.0
India,city,No_travel,2040,0.0
India,city,No_travel,2045,0.0
India,city,No_travel,2050,0.0
India,city,No_travel,2055,0.0
India,city,No_travel,2060,0.0
India,city,No_travel,2065,0.0
India,city,No_travel,2070,0.0
India,city,No_travel,2075,0.0
India,city,No_travel,2080,0.0
India,city,No_travel,2085,0.0
India,city,No_travel,2090,0.0
India,city,No_travel,2095,0.0
India,city,No_travel,2100,0.0
India,city,00_01,2011,0.0236558045409915
India,city,00_01,2012,0.023779372531276648
India,city,00_01,2013,0.02393135478193478
India,city,00_01,2014,0.024114930311821332
India,city,00_01,2015,0.024317150768707555
India,city,00_01,2016,0.02452701075715881
India,city,00_01,2017,0.02469557147535944
India,city,00_01,2018,0.024856327098205955
India,city,00_01,2019,0.024942601811460883
India,city,00_01,2020,0.02472595308373867
India,city,00_01,2025,0.025553825015629254
India,city,00_01,2030,0.026246724378375528
India,city,00_01,2035,0.02678261877980117
India,city,00_01,2040,0.02730884949791292
India,city,00_01,2045,0.027823587692032654
India,city,00_01,2050,0.028326058935975257
India,city,00_01,2055,0.02881860608031136
India,city,00_01,2060,0.029296607706669132
India,city,00_01,2065,0.029750076973760343
India,city,00_01,2070,0.03018136599954051
India,city,00_01,2075,0.03059261909091152
India,city,00_01,2080,0.03097794628844594
India,city,00_01,2085,0.03133933758916844
India,city,00_01,2090,0.03167542008859616
India,city,00_01,2095,0.03199431368893272
India,city,00_01,2100,0.03230067047269493
India,city,02_05,2011,0.106025174348088
India,city,02_05,2012,0.10657900534086287
India,city,02_05,2013,0.1072601888785405
India,city,02_05,2014,0.10808297330460123
India,city,02_05,2015,0.10898932418186516
India,city,02_05,2016,0.10992991539387302
India,city,02_05,2017,0.11068540352383673
India,city,02_05,2018,0.11140590926314492
India,city,02_05,2019,0.11179259201150947
India,city,02_05,2020,0.11082157371072686
India,city,02_05,2025,0.11453209075378443
India,city,02_05,2030,0.11763766154988864
India,city,02_05,2035,0.12003953704919205
India,city,02_05,2040,0.12239809997772981
India,city,02_05,2045,0.1247051534825301
India,city,02_05,2050,0.12695722659006695
India,city,02_05,2055,0.12916481994257356
India,city,02_05,2060,0.13130722037057135
India,city,02_05,2065,0.13333966691118815
India,city,02_05,2070,0.1352727017430207
India,city,02_05,2075,0.13711593563676736
India,city,02_05,2080,0.1388429698295319
India,city,02_05,2085,0.14046272347606667
India,city,02_05,2090,0.14196904322669782
India,city,02_05,2095,0.14339832243449585
India,city,02_05,2100,0.14477141170545352
India,city,06_10,2011,0.186327658988712
India,city,06_10,2012,0.187300956443714
India,city,06_10,2013,0.18849806208110179
India,city,06_10,2014,0.18994401580768516
India,city,06_10,2015,0.19153682844130096
India,city,06_10,2016,0.19318981472193084
India,city,06_10,2017,0.19451750256130892
India,city,06_10,2018,0.19578371267148967
India,city,06_10,2019,0.19646326535053119
India,city,06_10,2020,0.19475680678602064
India,city,06_10,2025,0.20127763505649168
India,city,06_10,2030,0.20673533639789243
India,city,06_10,2035,0.2109563701450123
India,city,06_10,2040,0.21510128678159532
India,city,06_10,2045,0.2191556812341793
India,city,06_10,2050,0.22311345364605126
India,city,06_10,2055,0.22699305774857462
India,city,06_10,2060,0.2307580924096324
India,city,06_10,2065,0.23432989512782015
India,city,06_10,2070,0.23772699263012195
India,city,06_10,2075,0.2409662747959112
India,city,06_10,2080,0.24400134868388054
India,city,06_10,2085,0.2468478887339484
India,city,06_10,2090,0.24949508110641366
India,city,06_10,2095,0.25200688314274816
India,city,06_10,2100,0.25441993750472547
India,city,11_20,2011,0.314212629088163
India,city,11_20,2012,0.315853943930419
India,city,11_20,2013,0.31787267647748907
India,city,11_20,2014,0.3203110526393294
India,city,11_20,2015,0.3229970835161708
India,city,11_20,2016,0.32578458789368697
India,city,11_20,2017,0.32802352702319454
India,city,11_20,2018,0.330158793520167
India,city,11_20,2019,0.3313047534653756
India,city,11_20,2020,0.3284270763942685
India,city,11_20,2025,0.33942343949901427
India,city,11_20,2030,0.34862700431900384
India,city,11_20,2035,0.3557451215022007
India,city,11_20,2040,0.36273487901217355
India,city,11_20,2045,0.36957198493204163
India,city,11_20,2050,0.3762461528017846
India,city,11_20,2055,0.38278850197040126
India,city,11_20,2060,0.38913764758775
India,city,11_20,2065,0.3951609375746328
India,city,11_20,2070,0.4008896143758142
India,city,11_20,2075,0.40635216014703923
India,city,11_20,2080,0.4114703404053628
India,city,11_20,2085,0.41627058765684977
India,city,11_20,2090,0.42073466604203913
India,city,11_20,2095,0.42497042967406906
India,city,11_20,2100,0.42903967070529725
India,city,21_30,2011,0.250284569638574
India,city,21_30,2012,0.25159195114048105
India,city,21_30,2013,0.253199962913353
India,city,21_30,2014,0.25514223980417755
India,city,21_30,2015,0.2572817848759243
India,city,21_30,2016,0.2595021581801957
India,city,21_30,2017,0.26128557445503464
India,city,21_30,2018,0.26298641078936436
India,city,21_30,2019,0.2638992197128691
India,city,21_30,2020,0.2616070197800054
India,city,21_30,2025,0.2703661203140853
India,city,21_30,2030,0.2776971759333217
India,city,21_30,2035,0.2833670781934676
India,city,21_30,2040,0.2889347361687003
India,city,21_30,2045,0.29438080024859886
India,city,21_30,2050,0.29969707680254193
India,city,21_30,2055,0.3049083537994097
India,city,21_30,2060,0.30996573542987527
India,city,21_30,2065,0.3147635583135389
India,city,21_30,2070,0.3193267084706253
India,city,21_30,2075,0.3236778732263183
India,city,21_30,2080,0.3277547352767222
India,city,21_30,2085,0.33157834930835317
India,city,21_30,2090,0.33513418963441627
India,city,21_30,2095,0.33850816693383246
India,city,21_30,2100,0.34174950145056443
India,city,31_50,2011,0.417603041240518
India,city,31_50,2012,0.41978442418412654
India,city,31_50,2013,0.42246741262273296
India,city,31_50,2014,0.4257081267335181
India,city,31_50,2015,0.42927798535533745
India,city,31_50,2016,0.4329827069284331
India,city,31_50,2017,0.4359583600469855
India,city,31_50,2018,0.4387962274668355
India,city,31_50,2019,0.4403192609605803
India,city,31_50,2020,0.43649469572878236
India,city,31_50,2025,0.45110936824673004
India,city,31_50,2030,0.4633413293561083
India,city,31_50,2035,0.47280163460302227
India,city,31_50,2040,0.4820913439382871
India,city,31_50,2045,0.4911781722866771
India,city,31_50,2050,0.5000484484695366
India,city,31_50,2055,0.508743531533512
India,city,31_50,2060,0.5171818381883976
India,city,31_50,2065,0.5251870677175076
India,city,31_50,2070,0.5328007427674245
India,city,31_50,2075,0.540060717433621
India,city,31_50,2080,0.5468630144886303
India,city,31_50,2085,0.5532427639491936
India,city,31_50,2090,0.5591757295190405
India,city,31_50,2095,0.5648052542769884
India,city,31_50,2100,0.5702134628366283
India,city,51+,2011,0.359447715685911
India,city,51+,2012,0.36132531962717324
India,city,51+,2013,0.36363467557104756
India,city,51+,2014,0.366424088408781
India,city,51+,2015,0.36949680915124217
India,city,51+,2016,0.37268561185427274
India,city,51+,2017,0.37524687604660245
India,city,51+,2018,0.37768954255222553
India,city,51+,2019,0.37900047867140096
India,city,51+,2020,0.3757085217163515
India,city,51+,2025,0.388287957528095
India,city,51+,2030,0.39881649789998513
India,city,51+,2035,0.4069593627138843
India,city,51+,2040,0.41495538877257343
India,city,51+,2045,0.4227767870146843
India,city,51+,2050,0.43041179010747943
India,city,51+,2055,0.43789599744409496
India,city,51+,2060,0.4451591870088685
India,city,51+,2065,0.4520496096916925
India,city,51+,2070,0.4586030057027413
India,city,51+,2075,0.46485195758285697
India,city,51+,2080,0.4707069679548524
India,city,51+,2085,0.4761982746355601
India,city,51+,2090,0.4813050164710353
India,city,51+,2095,0.48615057460832906
India,city,51+,2100,0.49080563700189045
India,town,No_travel,2011,0.0
India,town,No_travel,2012,0.0
India,town,No_travel,2013,0.0
India,town,No_travel,2014,0.0
India,town,No_travel,2015,0.0
India,town,No_travel,2016,0.0
India,town,No_travel,2017,0.0
India,town,No_travel,2018,0.0
India,town,No_travel,2019,0.0
India,town,No_travel,2020,0.0
India,town,No_travel,2025,0.0
India,town,No_travel,2030,0.0
India,town,No_travel,2035,0.0
India,town,No_travel,2040,0.0
India,town,No_travel,2045,0.0
India,town,No_travel,2050,0.0
India,town,No_travel,2055,0.0
India,town,No_travel,2060,0.0
India,town,No_travel,2065,0.0
India,town,No_travel,2070,0.0
India,town,No_travel,2075,0.0
India,town,No_travel,2080,0.0
India,town,No_travel,2085,0.0
India,town,No_travel,2090,0.0
India,town,No_travel,2095,0.0
India,town,No_travel,2100,0.0
India,town,00_01,2011,0.0160162759590926
India,town,00_01,2012,0.01609993825976337
India,town,00_01,2013,0.01620283857174416
India,town,00_01,2014,0.016327129265003182
India,town,00_01,2015,0.016464043595541007
India,town,00_01,2016,0.016606130307577495
India,town,00_01,2017,0.01672025515054726
India,town,00_01,2018,0.016829095516260634
India,town,00_01,2019,0.016887508224794307
India,town,00_01,2020,0.01674082516426375
India,town,00_01,2025,0.017301339827672065
India,town,00_01,2030,0.017770470665576705
India,town,00_01,2035,0.0181333005411488
India,town,00_01,2040,0.0184895875735693
India,town,00_01,2045,0.018838093537482763
India,town,00_01,2050,0.019178294103925044
India,town,00_01,2055,0.01951177551111541
India,town,00_01,2060,0.0198354088055728
India,town,00_01,2065,0.02014243234848866
India,town,00_01,2070,0.020434438652609646
India,town,00_01,2075,0.020712879531211526
India,town,00_01,2080,0.020973767159005407
India,town,00_01,2085,0.021218448873024355
India,town,00_01,2090,0.021445995141701393
India,town,00_01,2095,0.021661903583780735
India,town,00_01,2100,0.02186932391404991
India,town,02_05,2011,0.0652376259790535
India,town,02_05,2012,0.06557839994508949
India,town,02_05,2013,0.06599753433583527
India,town,02_05,2014,0.06650379620221539
India,town,02_05,2015,0.06706147677100756
India,town,02_05,2016,0.06764022552634276
India,town,02_05,2017,0.06810507976833982
India,town,02_05,2018,0.06854840923443843
India,town,02_05,2019,0.06878633635566662
India,town,02_05,2020,0.06818886571612494
India,town,02_05,2025,0.07047195861865746
India,town,02_05,2030,0.07238282617717302
India,town,02_05,2035,0.0738607077881702
India,town,02_05,2040,0.07531193903703239
India,town,02_05,2045,0.07673147637413406
India,town,02_05,2050,0.07811718409845834
India,town,02_05,2055,0.07947552328846852
India,town,02_05,2060,0.08079374906530362
India,town,02_05,2065,0.08204431986657267
India,town,02_05,2070,0.08323372232819522
India,town,02_05,2075,0.08436786998785739
India,town,02_05,2080,0.08543051960303948
India,town,02_05,2085,0.08642715915794298
India,town,02_05,2090,0.08735400247700145
India,town,02_05,2095,0.08823344250576144
India,town,02_05,2100,0.08907830868820696
India,town,06_10,2011,0.169058563656165
India,town,06_10,2012,0.1699416546081251
India,town,06_10,2013,0.1710278109023645
India,town,06_10,2014,0.17233975171381574
India,town,06_10,2015,0.1737849403534089
India,town,06_10,2016,0.17528472566635359
India,town,06_10,2017,0.1764893616303712
India,town,06_10,2018,0.17763821770292587
India,town,06_10,2019,0.17825478853557084
India,town,06_10,2020,0.17670648682115714
India,town,06_10,2025,0.18262295605196055
India,town,06_10,2030,0.18757483037190484
India,town,06_10,2035,0.19140465309551624
India,town,06_10,2040,0.19516541334366447
India,town,06_10,2045,0.1988440411242609
India,town,06_10,2050,0.20243500192342814
India,town,06_10,2055,0.20595503915615535
India,town,06_10,2060,0.2093711253956796
India,town,06_10,2065,0.2126118886858822
India,town,06_10,2070,0.21569413867204168
India,town,06_10,2075,0.21863319985704022
India,town,06_10,2080,0.22138697905909366
India,town,06_10,2085,0.22396969799017502
India,town,06_10,2090,0.22637154505163382
India,town,06_10,2095,0.22865054993344294
India,town,06_10,2100,0.23083995920673203
India,town,11_20,2011,0.366436068796568
India,town,11_20,2012,0.36835017696019945
India,town,11_20,2013,0.3707044312135906
India,town,11_20,2014,0.3735480755877361
India,town,11_20,2015,0.3766805359157384
India,town,11_20,2016,0.3799313350603
India,town,11_20,2017,0.3825423951417246
India,town,11_20,2018,0.3850325517699105
India,town,11_20,2019,0.38636897500197204
India,town,11_20,2020,0.3830130160888545
India,town,11_20,2025,0.395837020263531
India,town,11_20,2030,0.40657025565683247
India,town,11_20,2035,0.41487143338292604
India,town,11_20,2040,0.423022917526732
India,town,11_20,2045,0.4309963787542221
India,town,11_20,2050,0.4387798209531375
India,town,11_20,2055,0.4464095356371063
India,town,11_20,2060,0.4538139355397767
India,town,11_20,2065,0.46083832125724505
India,town,11_20,2070,0.46751912785793076
India,town,11_20,2075,0.473889571349772
India,town,11_20,2080,0.47985841435488896
India,town,11_20,2085,0.4854564825712778
India,town,11_20,2090,0.4906625092641436
India,town,11_20,2095,0.4956022743467146
India,town,11_20,2100,0.5003478400828727
India,town,21_30,2011,0.297307534175079
India,town,21_30,2012,0.29886054389964734
India,town,21_30,2013,0.30077066570942335
India,town,21_30,2014,0.303077853699199
India,town,21_30,2015,0.30561937222131985
India,town,21_30,2016,0.3082569048226878
India,town,21_30,2017,0.3103753857815649
India,town,21_30,2018,0.3123957718458164
India,town,21_30,2019,0.313480077484842
India,town,21_30,2020,0.31075722361150854
India,town,21_30,2025,0.321161966441398
India,town,21_30,2030,0.3298703661330089
India,town,21_30,2035,0.33660551829365526
India,town,21_30,2040,0.34321921671756134
India,town,21_30,2045,0.349688476428187
India,town,21_30,2050,0.3560035643919717
India,town,21_30,2055,0.3621939256918291
India,town,21_30,2060,0.3682014780715357
India,town,21_30,2065,0.3739007063260407
India,town,21_30,2070,0.3793211720112928
India,town,21_30,2075,0.3844898249017714
India,town,21_30,2080,0.38933263964311904
India,town,21_30,2085,0.3938746266342589
India,town,21_30,2090,0.39809853113140287
India,town,21_30,2095,0.4021064045400619
India,town,21_30,2100,0.4059567145052258
India,town,31_50,2011,0.454090064176492
India,town,31_50,2012,0.4564620400076886
India,town,31_50,2013,0.4593794478614544
India,town,31_50,2014,0.4629033112753143
India,town,31_50,2015,0.46678507737995656
India,town,31_50,2016,0.47081348974947784
India,town,31_50,2017,0.47404913312878993
India,town,31_50,2018,0.4771349521280387
India,town,31_50,2019,0.4787910568701476
India,town,31_50,2020,0.47463232980150527
India,town,31_50,2025,0.49052392283655466
India,town,31_50,2030,0.503824621003556
India,town,31_50,2035,0.5141114967981846
India,town,31_50,2040,0.524212871289377
India,town,31_50,2045,0.5340936385740785
India,town,31_50,2050,0.5437389329885367
India,town,31_50,2055,0.5531937272228212
India,town,31_50,2060,0.5623693098504654
India,town,31_50,2065,0.571073976319902
India,town,31_50,2070,0.579352877215273
India,town,31_50,2075,0.5872471740391176
India,town,31_50,2080,0.5946438048133598
India,town,31_50,2085,0.6015809689522307
India,town,31_50,2090,0.6080323125735934
India,town,31_50,2095,0.6141537029998364
India,town,31_50,2100,0.6200344402775909
India,town,51+,2011,0.438377508358388
India,town,51+,2012,0.44066740839540386
India,town,51+,2013,0.4434838672582914
India,town,51+,2014,0.4468857969304693
India,town,51+,2015,0.4506332450409431
India,town,51+,2016,0.45452226511979793
India,town,51+,2017,0.45764594783047674
India,town,51+,2018,0.4606249904276516
India,town,51+,2019,0.4622237901541835
India,town,51+,2020,0.45820896456314075
India,town,51+,2025,0.47355067209683127
India,town,51+,2030,0.4863911356565245
India,town,51+,2035,0.4963220619977993
India,town,51+,2040,0.5060739058054251
India,town,51+,2045,0.5156127759209646
India,town,51+,2050,0.5249243210666645
India,town,51+,2055,0.5340519577745577
India,town,51+,2060,0.5429100442366298
India,town,51+,2065,0.5513135093176875
India,town,51+,2070,0.5593059412882935
India,town,51+,2075,0.5669270773687639
India,town,51+,2080,0.5740677677843087
India,town,51+,2085,0.580764890161973
India,town,51+,2090,0.5869930025242764
India,town,51+,2095,0.5929025788274089
India,town,51+,2100,0.598579829131944
India,rural,No_travel,2011,0.0
India,rural,No_travel,2012,0.0
India,rural,No_travel,2013,0.0
India,rural,No_travel,2014,0.0
India,rural,No_travel,2015,0.0
India,rural,No_travel,2016,0.0
India,rural,No_travel,2017,0.0
India,rural,No_travel,2018,0.0
India,rural,No_travel,2019,0.0
India,rural,No_travel,2020,0.0
India,rural,No_travel,2025,0.0
India,rural,No_travel,2030,0.0
India,rural,No_travel,2035,0.0
India,rural,No_travel,2040,0.0
India,rural,No_travel,2045,0.0
India,rural,No_travel,2050,0.0
India,rural,No_travel,2055,0.0
India,rural,No_travel,2060,0.0
India,rural,No_travel,2065,0.0
India,rural,No_travel,2070,0.0
India,rural,No_travel,2075,0.0
India,rural,No_travel,2080,0.0
India,rural,No_travel,2085,0.0
India,rural,No_travel,2090,0.0
India,rural,No_travel,2095,0.0
India,rural,No_travel,2100,0.0
India,rural,00_01,2011,0.0209205858977177
India,rural,00_01,2012,0.021029866254278357
India,rural,00_01,2013,0.021164275452845764
India,rural,00_01,2014,0.021326624936037333
India,rural,00_01,2015,0.02150546351374172
India,rural,00_01,2016,0.021691058296928262
India,rural,00_01,2017,0.02184012906634499
India,rural,00_01,2018,0.021982297209917276
India,rural,00_01,2019,0.022058596350211703
India,rural,00_01,2020,0.021866997780393884
India,rural,00_01,2025,0.022599146451702634
India,rural,00_01,2030,0.023211928849853094
India,rural,00_01,2035,0.02368586009314283
India,rural,00_01,2040,0.0241512450231374
India,rural,00_01,2045,0.024606466260117855
India,rural,00_01,2050,0.02505083892145849
India,rural,00_01,2055,0.025486434964024
India,rural,00_01,2060,0.025909167324115075
India,rural,00_01,2065,0.02631020389582489
India,rural,00_01,2070,0.026691624831855283
India,rural,00_01,2075,0.02705532650215022
India,rural,00_01,2080,0.027396099977885394
India,rural,00_01,2085,0.027715705161313078
India,rural,00_01,2090,0.02801292789097394
India,rural,00_01,2095,0.028294949199803788
India,rural,00_01,2100,0.028565883270084073
India,rural,02_05,2011,0.0812891180946135
India,rural,02_05,2012,0.08171373831573503
India,rural,02_05,2013,0.0822359992728978
India,rural,02_05,2014,0.08286682511956775
India,rural,02_05,2015,0.08356172106244239
India,rural,02_05,2016,0.08428286894625195
India,rural,02_05,2017,0.08486209896585159
India,rural,02_05,2018,0.08541450811293004
India,rural,02_05,2019,0.08571097637898313
India,rural,02_05,2020,0.08496650015614567
India,rural,02_05,2025,0.08781134016664098
India,rural,02_05,2030,0.09019237007531994
India,rural,02_05,2035,0.0920338793424533
India,rural,02_05,2040,0.09384218101807268
India,rural,02_05,2045,0.0956109906046205
India,rural,02_05,2050,0.09733764691923534
India,rural,02_05,2055,0.09903020076637767
India,rural,02_05,2060,0.10067277143384674
India,rural,02_05,2065,0.10223104085313364
India,rural,02_05,2070,0.10371309167447872
India,rural,02_05,2075,0.10512629244105182
India,rural,02_05,2080,0.10645040331672145
India,rural,02_05,2085,0.10769226258521057
India,rural,02_05,2090,0.10884715249555676
India,rural,02_05,2095,0.10994297570006692
India,rural,02_05,2100,0.11099571828302066
India,rural,06_10,2011,0.182182507157311
India,rural,06_10,2012,0.1831341520796187
India,rural,06_10,2013,0.18430462621928828
India,rural,06_10,2014,0.1857184124310196
India,rural,06_10,2015,0.18727579044241588
India,rural,06_10,2016,0.18889200344340695
India,rural,06_10,2017,0.19019015477860313
India,rural,06_10,2018,0.1914281960533805
India,rural,06_10,2019,0.19209263101427243
India,rural,06_10,2020,0.1904241353044571
India,rural,06_10,2025,0.19679989749405588
India,rural,06_10,2030,0.2021361836852136
India,rural,06_10,2035,0.20626331389776303
India,rural,06_10,2040,0.21031602034461688
India,rural,06_10,2045,0.21428021841582862
India,rural,06_10,2050,0.2181499439555916
India,rural,06_10,2055,0.22194324016299102
India,rural,06_10,2060,0.22562451570634573
India,rural,06_10,2065,0.22911685805531587
India,rural,06_10,2070,0.23243838178070478
India,rural,06_10,2075,0.23560560101995473
India,rural,06_10,2080,0.23857315491570477
India,rural,06_10,2085,0.24135636920530454
India,rural,06_10,2090,0.24394467061992517
India,rural,06_10,2095,0.24640059366938497
India,rural,06_10,2100,0.24875996584181453
India,rural,11_20,2011,0.374424119984303
India,rural,11_20,2012,0.3763799543733035
India,rural,11_20,2013,0.3787855297303917
India,rural,11_20,2014,0.38169116357215427
India,rural,11_20,2015,0.38489190935449463
India,rural,11_20,2016,0.3882135736572081
India,rural,11_20,2017,0.3908815530305931
India,rural,11_20,2018,0.39342599333963163
India,rural,11_20,2019,0.39479154966773694
India,rural,11_20,2020,0.39136243318672514
India,rural,11_20,2025,0.4044659917243645
India,rural,11_20,2030,0.4154332041767837
India,rural,11_20,2035,0.4239153417980434
India,rural,11_20,2040,0.432244522621138
India,rural,11_20,2045,0.44039179975228027
India,rural,11_20,2050,0.44834491557231576
India,rural,11_20,2055,0.45614095272460353
India,rural,11_20,2060,0.4637067633902243
India,rural,11_20,2065,0.47088427582597076
India,rural,11_20,2070,0.47771071935938775
India,rural,11_20,2075,0.48422003408426156
India,rural,11_20,2080,0.490318993711394
India,rural,11_20,2085,0.49603909591753664
India,rural,11_20,2090,0.501358610367882
India,rural,11_20,2095,0.5064060588901987
India,rural,11_20,2100,0.5112550746555521
India,rural,21_30,2011,0.376930565406175
India,rural,21_30,2012,0.378899492413649
India,rural,21_30,2013,0.3813211710157445
India,rural,21_30,2014,0.3842462555612722
India,rural,21_30,2015,0.3874684275664025
India,rural,21_30,2016,0.39081232753674566
India,rural,21_30,2017,0.39349816672291826
India,rural,21_30,2018,0.3960596398576307
India,rural,21_30,2019,0.3974343374034734
India,rural,21_30,2020,0.39398226595549724
India,rural,21_30,2025,0.407173541476509
India,rural,21_30,2030,0.41821416992425253
India,rural,21_30,2035,0.42675308811565654
India,rural,21_30,2040,0.43513802559551473
India,rural,21_30,2045,0.4433398416956394
India,rural,21_30,2050,0.45134619674272464
India,rural,21_30,2055,0.459194421616332
India,rural,21_30,2060,0.46681087883620365
India,rural,21_30,2065,0.4740364385056212
India,rural,21_30,2070,0.4809085791702559
India,rural,21_30,2075,0.48746146812344704
India,rural,21_30,2080,0.49360125500667673
India,rural,21_30,2085,0.4993596483463816
India,rural,21_30,2090,0.5047147723419699
India,rural,21_30,2095,0.5097960091636127
India,rural,21_30,2100,0.5146774848927264
India,rural,31_50,2011,0.567046198805511
India,rural,31_50,2012,0.5700082100558074
India,rural,31_50,2013,0.5736513310231057
India,rural,31_50,2014,0.5780517650153422
India,rural,31_50,2015,0.5828991309630673
India,rural,31_50,2016,0.5879296218316593
India,rural,31_50,2017,0.591970140274309
India,rural,31_50,2018,0.5958235651161389
India,rural,31_50,2019,0.5978916304030104
India,rural,31_50,2020,0.5926984087005716
India,rural,31_50,2025,0.6125430785896411
India,rural,31_50,2030,0.6291523614875952
India,rural,31_50,2035,0.641998125526734
India,rural,31_50,2040,0.6546122443102609
India,rural,31_50,2045,0.6669508792465545
India,rural,31_50,2050,0.6789954667976987
India,rural,31_50,2055,0.6908021667323522
India,rural,31_50,2060,0.7022602004161926
India,rural,31_50,2065,0.713130176270686
India,rural,31_50,2070,0.7234684762101953
India,rural,31_50,2075,0.7333265007726172
India,rural,31_50,2080,0.7425630635062859
India,rural,31_50,2085,0.7512258660332923
India,rural,31_50,2090,0.7592819988718653
India,rural,31_50,2095,0.7669261017634371
India,rural,31_50,2100,0.774269688383356
India,rural,51+,2011,0.501566238314875
India,rural,51+,2012,0.5041862097453987
India,rural,51+,2013,0.5074086393871864
India,rural,51+,2014,0.5113009309307823
India,rural,51+,2015,0.5155885447253156
India,rural,51+,2016,0.5200381369933741
India,rural,51+,2017,0.5236120744263217
India,rural,51+,2018,0.527020522991213
India,rural,51+,2019,0.5288497773424647
India,rural,51+,2020,0.5242562456698878
India,rural,51+,2025,0.5418093417806247
India,rural,51+,2030,0.5565006589286507
India,rural,51+,2035,0.5678630515537377
India,rural,51+,2040,0.5790205482819375
India,rural,51+,2045,0.5899343728062421
India,rural,51+,2050,0.6005881052231199
India,rural,51+,2055,0.6110314202221641
India,rural,51+,2060,0.6211663313905927
India,rural,51+,2065,0.6307810910193433
India,rural,51+,2070,0.6399255702913208
India,rural,51+,2075,0.6486452342400522
India,rural,51+,2080,0.6568151999942439
India,rural,51+,2085,0.6644776608058813
India,rural,51+,2090,0.6716035074330515
India,rural,51+,2095,0.6783649034898348
India,rural,51+,2100,0.6848604855507869
Maldives,large_city,No_travel,2011,0.0
Maldives,large_city,No_travel,2012,0.0
Maldives,large_city,No_travel,2013,0.0
Maldives,large_city,No_travel,2014,0.0
Maldives,large_city,No_travel,2015,0.0
Maldives,large_city,No_travel,2016,0.0
Maldives,large_city,No_travel,2017,0.0
Maldives,large_city,No_travel,2018,0.0
Maldives,large_city,No_travel,2019,0.0
Maldives,large_city,No_travel,2020,0.0
Maldives,large_city,No_travel,2025,0.0
Maldives,large_city,No_travel,2030,0.0
Maldives,large_city,No_travel,2035,0.0
Maldives,large_city,No_travel,2040,0.0
Maldives,large_city,No_travel,2045,0.0
Maldives,large_city,No_travel,2050,0.0
Maldives,large_city,No_travel,2055,0.0
Maldives,large_city,No_travel,2060,0.0
Maldives,large_city,No_travel,2065,0.0
Maldives,large_city,No_travel,2070,0.0
Maldives,large_city,No_travel,2075,0.0
Maldives,large_city,No_travel,2080,0.0
Maldives,large_city,No_travel,2085,0.0
Maldives,large_city,No_travel,2090,0.0
Maldives,large_city,No_travel,2095,0.0
Maldives,large_city,No_travel,2100,0.0
Maldives,large_city,00_01,2011,0.057842438834749
Maldives,large_city,00_01,2012,0.057620565146684496
Maldives,large_city,00_01,2013,0.05797984218139449
Maldives,large_city,00_01,2014,0.05815551662450751
Maldives,large_city,00_01,2015,0.05801074055647616
Maldives,large_city,00_01,2016,0.058323029770946604
Maldives,large_city,00_01,2017,0.058532765417891736
Maldives,large_city,00_01,2018,0.0588256244026691
Maldives,large_city,00_01,2019,0.05921536230646029
Maldives,large_city,00_01,2020,0.05580597427413543
Maldives,large_city,00_01,2025,0.060309464178718124
Maldives,large_city,00_01,2030,0.06207959355848752
Maldives,large_city,00_01,2035,0.06357305284509032
Maldives,large_city,00_01,2040,0.06478995629321495
Maldives,large_city,00_01,2045,0.06574879030396726
Maldives,large_city,00_01,2050,0.06652214886852185
Maldives,large_city,00_01,2055,0.06719062213779721
Maldives,large_city,00_01,2060,0.06779531244576009
Maldives,large_city,00_01,2065,0.06833709493152788
Maldives,large_city,00_01,2070,0.06878557814594237
Maldives,large_city,00_01,2075,0.06915604162058435
Maldives,large_city,00_01,2080,0.06949278428829368
Maldives,large_city,00_01,2085,0.06989783817351976
Maldives,large_city,00_01,2090,0.07035474352714605
Maldives,large_city,00_01,2095,0.0707613017451068
Maldives,large_city,00_01,2100,0.07106851190569986
Maldives,large_city,02_05,2011,0.21148322952951493
Maldives,large_city,02_05,2012,0.21067201608407982
Maldives,large_city,02_05,2013,0.2119856029439515
Maldives,large_city,02_05,2014,0.21262790294588402
Maldives,large_city,02_05,2015,0.2120985734251609
Maldives,large_city,02_05,2016,0.21324036365658813
Maldives,large_city,02_05,2017,0.2140071980580583
Maldives,large_city,02_05,2018,0.21507794758289062
Maldives,large_city,02_05,2019,0.2165029053167666
Maldives,large_city,02_05,2020,0.20403751820099758
Maldives,large_city,02_05,2025,0.22050315499573367
Maldives,large_city,02_05,2030,0.22697509299593113
Maldives,large_city,02_05,2035,0.23243547121414454
Maldives,large_city,02_05,2040,0.23688470738778236
Maldives,large_city,02_05,2045,0.240390391402178
Maldives,large_city,02_05,2050,0.24321794103720584
Maldives,large_city,02_05,2055,0.2456620095911683
Maldives,large_city,02_05,2060,0.2478728752076499
Maldives,large_city,02_05,2065,0.24985373756582327
Maldives,large_city,02_05,2070,0.2514934796044521
Maldives,large_city,02_05,2075,0.25284796626888617
Maldives,large_city,02_05,2080,0.2540791630911884
Maldives,large_city,02_05,2085,0.25556011903818465
Maldives,large_city,02_05,2090,0.257230654059197
Maldives,large_city,02_05,2095,0.25871711013985677
Maldives,large_city,02_05,2100,0.2598403303604307
Maldives,large_city,06_10,2011,0.3458702568351818
Maldives,large_city,06_10,2012,0.34454355777093454
Maldives,large_city,06_10,2013,0.34669186345744163
Maldives,large_city,06_10,2014,0.34774231302324343
Maldives,large_city,06_10,2015,0.3468766210357972
Maldives,large_city,06_10,2016,0.3487439619189216
Maldives,large_city,06_10,2017,0.3499980812738065
Maldives,large_city,06_10,2018,0.351749238630273
Maldives,large_city,06_10,2019,0.3540796858174633
Maldives,large_city,06_10,2020,0.33369316792253345
Maldives,large_city,06_10,2025,0.36062189432707986
Maldives,large_city,06_10,2030,0.3712064256080213
Maldives,large_city,06_10,2035,0.3801366013999847
Maldives,large_city,06_10,2040,0.38741310489163255
Maldives,large_city,06_10,2045,0.3931464759638423
Maldives,large_city,06_10,2050,0.3977707921361316
Maldives,large_city,06_10,2055,0.40176794415788947
Maldives,large_city,06_10,2060,0.4053837044255084
Maldives,large_city,06_10,2065,0.4086233058544291
Maldives,large_city,06_10,2070,0.41130502204207053
Maldives,large_city,06_10,2075,0.4135202173157093
Maldives,large_city,06_10,2080,0.4155337782117278
Maldives,large_city,06_10,2085,0.41795580767897544
Maldives,large_city,06_10,2090,0.42068788425098114
Maldives,large_city,06_10,2095,0.4231189089120655
Maldives,large_city,06_10,2100,0.42495587947014074
Maldives,large_city,11_20,2011,0.499426097052528
Maldives,large_city,11_20,2012,0.49751038408639114
Maldives,large_city,11_20,2013,0.5006124719447271
Maldives,large_city,11_20,2014,0.502129289064532
Maldives,large_city,11_20,2015,0.5008792562502159
Maldives,large_city,11_20,2016,0.5035756395057724
Maldives,large_city,11_20,2017,0.5053865495862733
Maldives,large_city,11_20,2018,0.5079151673745373
Maldives,large_city,11_20,2019,0.5112802620020297
Maldives,large_city,11_20,2020,0.4818427522319769
Maldives,large_city,11_20,2025,0.5207270114622431
Maldives,large_city,11_20,2030,0.536010751657602
Maldives,large_city,11_20,2035,0.5489056530075569
Maldives,large_city,11_20,2040,0.5594127020156899
Maldives,large_city,11_20,2045,0.5676915148969954
Maldives,large_city,11_20,2050,0.5743688863443006
Maldives,large_city,11_20,2055,0.5801406518954028
Maldives,large_city,11_20,2060,0.5853616993912418
Maldives,large_city,11_20,2065,0.5900395850020379
Maldives,large_city,11_20,2070,0.5939119013476281
Maldives,large_city,11_20,2075,0.5971105757287265
Maldives,large_city,11_20,2080,0.6000180962211732
Maldives,large_city,11_20,2085,0.6035154328665446
Maldives,large_city,11_20,2090,0.6074604680704699
Maldives,large_city,11_20,2095,0.6109707935012639
Maldives,large_city,11_20,2100,0.6136233229341638
Maldives,large_city,21_30,2011,0.512059307619934
Maldives,large_city,21_30,2012,0.5100951358218884
Maldives,large_city,21_30,2013,0.5132756924053156
Maldives,large_city,21_30,2014,0.514830878104936
Maldives,large_city,21_30,2015,0.5135492251413072
Maldives,large_city,21_30,2016,0.5163138146392667
Maldives,large_city,21_30,2017,0.518170532514956
Maldives,large_city,21_30,2018,0.520763112841726
Maldives,large_city,21_30,2019,0.5242133290703106
Maldives,large_city,21_30,2020,0.4940311840845575
Maldives,large_city,21_30,2025,0.5338990383602421
Maldives,large_city,21_30,2030,0.5495693877241747
Maldives,large_city,21_30,2035,0.5627904714762134
Maldives,large_city,21_30,2040,0.5735633010739976
Maldives,large_city,21_30,2045,0.5820515302973704
Maldives,large_city,21_30,2050,0.5888978088963611
Maldives,large_city,21_30,2055,0.5948155738855846
Maldives,large_city,21_30,2060,0.6001686901555359
Maldives,large_city,21_30,2065,0.6049649050132019
Maldives,large_city,21_30,2070,0.6089351733642362
Maldives,large_city,21_30,2075,0.6122147596705052
Maldives,large_city,21_30,2080,0.6151958272179155
Maldives,large_city,21_30,2085,0.6187816305864454
Maldives,large_city,21_30,2090,0.6228264572524531
Maldives,large_city,21_30,2095,0.6264255779636482
Maldives,large_city,21_30,2100,0.6291452043365353
Maldives,large_city,31_50,2011,0.654115841271274
Maldives,large_city,31_50,2012,0.6516067649417142
Maldives,large_city,31_50,2013,0.6556696779955739
Maldives,large_city,31_50,2014,0.6576563064722021
Maldives,large_city,31_50,2015,0.6560190947390172
Maldives,large_city,31_50,2016,0.6595506422732917
Maldives,large_city,31_50,2017,0.6619224545950031
Maldives,large_city,31_50,2018,0.6652342738242851
Maldives,large_city,31_50,2019,0.6696416560500242
Maldives,large_city,31_50,2020,0.631086319070619
Maldives,large_city,31_50,2025,0.6820143944930387
Maldives,large_city,31_50,2030,0.7020320440204868
Maldives,large_city,31_50,2035,0.7189209476929529
Maldives,large_city,31_50,2040,0.7326823975687101
Maldives,large_city,31_50,2045,0.7435254485917588
Maldives,large_city,31_50,2050,0.7522710357116794
Maldives,large_city,31_50,2055,0.7598305190894226
Maldives,large_city,31_50,2060,0.7666687077527973
Maldives,large_city,31_50,2065,0.7727954982824375
Maldives,large_city,31_50,2070,0.7778672065472098
Maldives,large_city,31_50,2075,0.7820566223508557
Maldives,large_city,31_50,2080,0.7858647037149543
Maldives,large_city,31_50,2085,0.7904452879405227
Maldives,large_city,31_50,2090,0.7956122386395146
Maldives,large_city,31_50,2095,0.8002098347320117
Maldives,large_city,31_50,2100,0.8036839453796889
Maldives,large_city,51+,2011,0.7204363200833319
Maldives,large_city,51+,2012,0.7176728497564812
Maldives,large_city,51+,2013,0.7221476995379088
Maldives,large_city,51+,2014,0.7243357512846654
Maldives,large_city,51+,2015,0.722532543470648
Maldives,large_city,51+,2016,0.7264221528475548
Maldives,large_city,51+,2017,0.7290344420372817
Maldives,large_city,51+,2018,0.7326820449659741
Maldives,large_city,51+,2019,0.7375362894767646
Maldives,large_city,51+,2020,0.6950718461160419
Maldives,large_city,51+,2025,0.7511634936978319
Maldives,large_city,51+,2030,0.7732107227241837
Maldives,large_city,51+,2035,0.7918119839142292
Maldives,large_city,51+,2040,0.8069687003273854
Maldives,large_city,51+,2045,0.8189111228841285
Maldives,large_city,51+,2050,0.8285434207190172
Maldives,large_city,51+,2055,0.8368693563450493
Maldives,large_city,51+,2060,0.8444008655454726
Maldives,large_city,51+,2065,0.8511488483102944
Maldives,large_city,51+,2070,0.8567347745457873
Maldives,large_city,51+,2075,0.8613489531276906
Maldives,large_city,51+,2080,0.8655431339614665
Maldives,large_city,51+,2085,0.8705881413364395
Maldives,large_city,51+,2090,0.8762789665890417
Maldives,large_city,51+,2095,0.8813427106556442
Maldives,large_city,51+,2100,0.8851690596486766
Maldives,city,No_travel,2011,0.0
Maldives,city,No_travel,2012,0.0
Maldives,city,No_travel,2013,0.0
Maldives,city,No_travel,2014,0.0
Maldives,city,No_travel,2015,0.0
Maldives,city,No_travel,2016,0.0
Maldives,city,No_travel,2017,0.0
Maldives,city,No_travel,2018,0.0
Maldives,city,No_travel,2019,0.0
Maldives,city,No_travel,2020,0.0
Maldives,city,No_travel,2025,0.0
Maldives,city,No_travel,2030,0.0
Maldives,city,No_travel,2035,0.0
Maldives,city,No_travel,2040,0.0
Maldives,city,No_travel,2045,0.0
Maldives,city,No_travel,2050,0.0
Maldives,city,No_travel,2055,0.0
Maldives,city,No_travel,2060,0.0
Maldives,city,No_travel,2065,0.0
Maldives,city,No_travel,2070,0.0
Maldives,city,No_travel,2075,0.0
Maldives,city,No_travel,2080,0.0
Maldives,city,No_travel,2085,0.0
Maldives,city,No_travel,2090,0.0
Maldives,city,No_travel,2095,0.0
Maldives,city,No_travel,2100,0.0
Maldives,city,00_01,2011,0.02898061743012685
Maldives,city,00_01,2012,0.028869452745491426
Maldives,city,00_01,2013,0.029049460202025323
Maldives,city,00_01,2014,0.029137477822490015
Maldives,city,00_01,2015,0.029064941118900435
Maldives,city,00_01,2016,0.02922140641383689
Maldives,city,00_01,2017,0.029326489613439557
Maldives,city,00_01,2018,0.029473219840756827
Maldives,city,00_01,2019,0.02966848901189362
Maldives,city,00_01,2020,0.027960293918012108
Maldives,city,00_01,2025,0.030216663473901978
Maldives,city,00_01,2030,0.03110354589778253
Maldives,city,00_01,2035,0.031851809164415476
Maldives,city,00_01,2040,0.03246151051847242
Maldives,city,00_01,2045,0.03294191214406766
Maldives,city,00_01,2050,0.03332938558307148
Maldives,city,00_01,2055,0.03366430866842896
Maldives,city,00_01,2060,0.03396727477483473
Maldives,city,00_01,2065,0.03423872237052199
Maldives,city,00_01,2070,0.03446342452213617
Maldives,city,00_01,2075,0.03464903668591625
Maldives,city,00_01,2080,0.03481775381855938
Maldives,city,00_01,2085,0.03502069670829229
Maldives,city,00_01,2090,0.035249618578150684
Maldives,city,00_01,2095,0.035453315179040136
Maldives,city,00_01,2100,0.03560723573139152
Maldives,city,02_05,2011,0.11107001729613941
Maldives,city,02_05,2012,0.11064397173396512
Maldives,city,02_05,2013,0.11133386149766179
Maldives,city,02_05,2014,0.11167119449793168
Maldives,city,02_05,2015,0.11139319307364441
Maldives,city,02_05,2016,0.11199285603999555
Maldives,city,02_05,2017,0.11239559393284904
Maldives,city,02_05,2018,0.11295794664756564
Maldives,city,02_05,2019,0.11370632788091439
Maldives,city,02_05,2020,0.10715956402814132
Maldives,city,02_05,2025,0.11580724057276326
Maldives,city,02_05,2030,0.11920627257743176
Maldives,city,02_05,2035,0.12207403804748662
Maldives,city,02_05,2040,0.12441075637668914
Maldives,city,02_05,2045,0.12625192546125422
Maldives,city,02_05,2050,0.1277369414957025
Maldives,city,02_05,2055,0.129020555034069
Maldives,city,02_05,2060,0.13018169146464248
Maldives,city,02_05,2065,0.13122203124417514
Maldives,city,02_05,2070,0.13208321620431066
Maldives,city,02_05,2075,0.13279458635683186
Maldives,city,02_05,2080,0.13344120525258205
Maldives,city,02_05,2085,0.13421899648933228
Maldives,city,02_05,2090,0.13509635378187235
Maldives,city,02_05,2095,0.13587703366346926
Maldives,city,02_05,2100,0.13646694374572055
Maldives,city,06_10,2011,0.1930608768468381
Maldives,city,06_10,2012,0.19232032839089638
Maldives,city,06_10,2013,0.19351948839779384
Maldives,city,06_10,2014,0.19410583749908045
Maldives,city,06_10,2015,0.1936226179944461
Maldives,city,06_10,2016,0.1946649466166489
Maldives,city,06_10,2017,0.19536498189733525
Maldives,city,06_10,2018,0.19634245818520618
Maldives,city,06_10,2019,0.19764328752370172
Maldives,city,06_10,2020,0.18626376314174697
Maldives,city,06_10,2025,0.20129507453464238
Maldives,city,06_10,2030,0.20720324052963024
Maldives,city,06_10,2035,0.2121879639475055
Maldives,city,06_10,2040,0.21624962613647497
Maldives,city,06_10,2045,0.21944992921144152
Maldives,city,06_10,2050,0.2220311703485325
Maldives,city,06_10,2055,0.2242623355295802
Maldives,city,06_10,2060,0.2262806121345764
Maldives,city,06_10,2065,0.22808892111790635
Maldives,city,06_10,2070,0.2295858248510514
Maldives,city,06_10,2075,0.23082232187114488
Maldives,city,06_10,2080,0.23194626885556302
Maldives,city,06_10,2085,0.23329821838997625
Maldives,city,06_10,2090,0.23482323272173905
Maldives,city,06_10,2095,0.2361802032719095
Maldives,city,06_10,2100,0.2372055795211683
Maldives,city,11_20,2011,0.3351409639771932
Maldives,city,11_20,2012,0.33385542064262613
Maldives,city,11_20,2013,0.3359370834178001
Maldives,city,11_20,2014,0.33695494683084287
Maldives,city,11_20,2015,0.33611610960374266
Maldives,city,11_20,2016,0.33792552342663335
Maldives,city,11_20,2017,0.33914073855783466
Maldives,city,11_20,2018,0.34083757300058815
Maldives,city,11_20,2019,0.34309572703776825
Maldives,city,11_20,2020,0.32334162235711944
Maldives,city,11_20,2025,0.34943498872079154
Maldives,city,11_20,2030,0.3596911756771388
Maldives,city,11_20,2035,0.3683443271530421
Maldives,city,11_20,2040,0.37539510514386654
Maldives,city,11_20,2045,0.38095062045634676
Maldives,city,11_20,2050,0.38543148502648206
Maldives,city,11_20,2055,0.389304640798803
Maldives,city,11_20,2060,0.39280823602751247
Maldives,city,11_20,2065,0.3959473412970001
Maldives,city,11_20,2070,0.3985458675665419
Maldives,city,11_20,2075,0.400692344936982
Maldives,city,11_20,2080,0.40264344285992365
Maldives,city,11_20,2085,0.4049903381895829
Maldives,city,11_20,2090,0.4076376626064894
Maldives,city,11_20,2095,0.40999327408873487
Maldives,city,11_20,2100,0.41177325970896256
Maldives,city,21_30,2011,0.29424500628579375
Maldives,city,21_30,2012,0.29311633284023403
Maldives,city,21_30,2013,0.2949439783452689
Maldives,city,21_30,2014,0.2958376358164852
Maldives,city,21_30,2015,0.29510115865704833
Maldives,city,21_30,2016,0.29668977669816105
Maldives,city,21_30,2017,0.29775670381944025
Maldives,city,21_30,2018,0.29924648010745
Maldives,city,21_30,2019,0.3012290803273072
Maldives,city,21_30,2020,0.28388549276060415
Maldives,city,21_30,2025,0.3067947863861327
Maldives,city,21_30,2030,0.31579945045233754
Maldives,city,21_30,2035,0.32339669126767506
Maldives,city,21_30,2040,0.3295870900467722
Maldives,city,21_30,2045,0.334464687278225
Maldives,city,21_30,2050,0.3383987692476705
Maldives,city,21_30,2055,0.3417992987772388
Maldives,city,21_30,2060,0.34487536380927897
Maldives,city,21_30,2065,0.3476314161843477
Maldives,city,21_30,2070,0.3499128543273948
Maldives,city,21_30,2075,0.3517974053529162
Maldives,city,21_30,2080,0.3535104183304621
Maldives,city,21_30,2085,0.35557093108555066
Maldives,city,21_30,2090,0.35789521272647296
Maldives,city,21_30,2095,0.35996337803570494
Maldives,city,21_30,2100,0.36152615888408896
Maldives,city,31_50,2011,0.549248998564658
Maldives,city,31_50,2012,0.5471421734820325
Maldives,city,31_50,2013,0.550553726582093
Maldives,city,31_50,2014,0.5522218618456993
Maldives,city,31_50,2015,0.5508471253721988
Maldives,city,31_50,2016,0.5538125006531489
Maldives,city,31_50,2017,0.5558040676819361
Maldives,city,31_50,2018,0.5585849411608219
Maldives,city,31_50,2019,0.5622857386664658
Maldives,city,31_50,2020,0.5299115338404449
Maldives,city,31_50,2025,0.5726748987670998
Maldives,city,31_50,2030,0.5894833495992965
Maldives,city,31_50,2035,0.6036646502859281
Maldives,city,31_50,2040,0.6152198857444786
Maldives,city,31_50,2045,0.6243245955527909
Maldives,city,31_50,2050,0.6316681036356111
Maldives,city,31_50,2055,0.6380156622986487
Maldives,city,31_50,2060,0.6437575631033368
Maldives,city,31_50,2065,0.6489021160257675
Maldives,city,31_50,2070,0.6531607358445818
Maldives,city,31_50,2075,0.6566785109687118
Maldives,city,31_50,2080,0.6598760866024389
Maldives,city,31_50,2085,0.6637223186304614
Maldives,city,31_50,2090,0.6680609117633517
Maldives,city,31_50,2095,0.6719214283420376
Maldives,city,31_50,2100,0.674838574929454
Maldives,city,51+,2011,0.742960658692243
Maldives,city,51+,2012,0.7401107888604777
Maldives,city,51+,2013,0.7447255441809393
Maldives,city,51+,2014,0.7469820050529217
Maldives,city,51+,2015,0.7451224202042478
Maldives,city,51+,2016,0.7491336376625625
Maldives,city,51+,2017,0.7518275997005529
Maldives,city,51+,2018,0.7555892444136284
Maldives,city,51+,2019,0.7605952561854572
Maldives,city,51+,2020,0.7168031680705316
Maldives,city,51+,2025,0.774648512999393
Maldives,city,51+,2030,0.7973850454910674
Maldives,city,51+,2035,0.8165678724544057
Maldives,city,51+,2040,0.8321984614405737
Maldives,city,51+,2045,0.8445142621321777
Maldives,city,51+,2050,0.8544477123825774
Maldives,city,51+,2055,0.8630339571963181
Maldives,city,51+,2060,0.870800937955764
Maldives,city,51+,2065,0.8777598954375523
Maldives,city,51+,2070,0.883520464858661
Maldives,city,51+,2075,0.8882789050746372
Maldives,city,51+,2080,0.8926042163729018
Maldives,city,51+,2085,0.8978069551826047
Maldives,city,51+,2090,0.9036757032736042
Maldives,city,51+,2095,0.9088977645749234
Maldives,city,51+,2100,0.9128437438225007
Maldives,town,No_travel,2011,0.0
Maldives,town,No_travel,2012,0.0
Maldives,town,No_travel,2013,0.0
Maldives,town,No_travel,2014,0.0
Maldives,town,No_travel,2015,0.0
Maldives,town,No_travel,2016,0.0
Maldives,town,No_travel,2017,0.0
Maldives,town,No_travel,2018,0.0
Maldives,town,No_travel,2019,0.0
Maldives,town,No_travel,2020,0.0
Maldives,town,No_travel,2025,0.0
Maldives,town,No_travel,2030,0.0
Maldives,town,No_travel,2035,0.0
Maldives,town,No_travel,2040,0.0
Maldives,town,No_travel,2045,0.0
Maldives,town,No_travel,2050,0.0
Maldives,town,No_travel,2055,0.0
Maldives,town,No_travel,2060,0.0
Maldives,town,No_travel,2065,0.0
Maldives,town,No_travel,2070,0.0
Maldives,town,No_travel,2075,0.0
Maldives,town,No_travel,2080,0.0
Maldives,town,No_travel,2085,0.0
Maldives,town,No_travel,2090,0.0
Maldives,town,No_travel,2095,0.0
Maldives,town,No_travel,2100,0.0
Maldives,town,00_01,2011,0.02145716041148525
Maldives,town,00_01,2012,0.021374854419348766
Maldives,town,00_01,2013,0.021508131389013883
Maldives,town,00_01,2014,0.02157329936571078
Maldives,town,00_01,2015,0.021519593412468247
Maldives,town,00_01,2016,0.021635439837768757
Maldives,town,00_01,2017,0.021713243117007473
Maldives,town,00_01,2018,0.021821881728049882
Maldives,town,00_01,2019,0.021966458424478173
Maldives,town,00_01,2020,0.020701716007174634
Maldives,town,00_01,2025,0.022372325117731073
Maldives,town,00_01,2030,0.023028970148887284
Maldives,town,00_01,2035,0.023582981980445936
Maldives,town,00_01,2040,0.0240344029961866
Maldives,town,00_01,2045,0.024390090888868267
Maldives,town,00_01,2050,0.02467697503672814
Maldives,town,00_01,2055,0.02492495106364861
Maldives,town,00_01,2060,0.025149266241200136
Maldives,town,00_01,2065,0.025350245209920054
Maldives,town,00_01,2070,0.025516613994974964
Maldives,town,00_01,2075,0.02565404067272448
Maldives,town,00_01,2080,0.025778958321149945
Maldives,town,00_01,2085,0.02592921661533117
Maldives,town,00_01,2090,0.02609870966685402
Maldives,town,00_01,2095,0.02624952600646781
Maldives,town,00_01,2100,0.026363488312149908
Maldives,town,02_05,2011,0.07259776121809702
Maldives,town,02_05,2012,0.07231928864067505
Maldives,town,02_05,2013,0.07277021548439853
Maldives,town,02_05,2014,0.07299070361612613
Maldives,town,02_05,2015,0.07280899588338231
Maldives,town,02_05,2016,0.07320094854443596
Maldives,town,02_05,2017,0.07346418672599579
Maldives,town,02_05,2018,0.07383175260108245
Maldives,town,02_05,2019,0.07432091073215484
Maldives,town,02_05,2020,0.07004180453855736
Maldives,town,02_05,2025,0.07569411262458144
Maldives,town,02_05,2030,0.07791579332523052
Maldives,town,02_05,2035,0.07979022674923417
Maldives,town,02_05,2040,0.08131755629709128
Maldives,town,02_05,2045,0.08252098416013928
Maldives,town,02_05,2050,0.08349162270056984
Maldives,town,02_05,2055,0.08433062022144165
Maldives,town,02_05,2060,0.08508956406047656
Maldives,town,02_05,2065,0.08576955260048758
Maldives,town,02_05,2070,0.08633244168273055
Maldives,town,02_05,2075,0.08679740857233424
Maldives,town,02_05,2080,0.08722005264258428
Maldives,town,02_05,2085,0.08772843378681845
Maldives,town,02_05,2090,0.08830189345466884
Maldives,town,02_05,2095,0.08881216267953834
Maldives,town,02_05,2100,0.08919774064498731
Maldives,town,06_10,2011,0.1876250866698114
Maldives,town,06_10,2012,0.18690538897394168
Maldives,town,06_10,2013,0.18807078562964838
Maldives,town,06_10,2014,0.18864062558243666
Maldives,town,06_10,2015,0.18817101152640245
Maldives,town,06_10,2016,0.18918399251599144
Maldives,town,06_10,2017,0.18986431771888015
Maldives,town,06_10,2018,0.19081427234575654
Maldives,town,06_10,2019,0.19207847574814496
Maldives,town,06_10,2020,0.18101935137609867
Maldives,town,06_10,2025,0.19562744364686116
Maldives,town,06_10,2030,0.20136926029544427
Maldives,town,06_10,2035,0.20621363466366938
Maldives,town,06_10,2040,0.2101609373625661
Maldives,town,06_10,2045,0.21327113323247623
Maldives,town,06_10,2050,0.2157796973702357
Maldives,town,06_10,2055,0.21794804223277794
Maldives,town,06_10,2060,0.21990949257487125
Maldives,town,06_10,2065,0.2216668871089914
Maldives,town,06_10,2070,0.2231216442677425
Maldives,town,06_10,2075,0.22432332668186547
Maldives,town,06_10,2080,0.22541562800053724
Maldives,town,06_10,2085,0.22672951226704624
Maldives,town,06_10,2090,0.22821158854704107
Maldives,town,06_10,2095,0.22953035245841652
Maldives,town,06_10,2100,0.23052685838327552
Maldives,town,11_20,2011,0.44707804287844377
Maldives,town,11_20,2012,0.4453631280818963
Maldives,town,11_20,2013,0.4481400662049275
Maldives,town,11_20,2014,0.44949789598861134
Maldives,town,11_20,2015,0.44837888713533647
Maldives,town,11_20,2016,0.45079264515851336
Maldives,town,11_20,2017,0.4524137421324145
Maldives,town,11_20,2018,0.4546773192635187
Maldives,town,11_20,2019,0.4576896967284508
Maldives,town,11_20,2020,0.4313377212652502
Maldives,town,11_20,2025,0.4661462717555884
Maldives,town,11_20,2030,0.47982802506149347
Maldives,town,11_20,2035,0.4913713290511568
Maldives,town,11_20,2040,0.5007770668263896
Maldives,town,11_20,2045,0.5081881242023953
Maldives,town,11_20,2050,0.514165597497948
Maldives,town,11_20,2055,0.519332387262778
Maldives,town,11_20,2060,0.5240061832658123
Maldives,town,11_20,2065,0.5281937496665804
Maldives,town,11_20,2070,0.5316601836863681
Maldives,town,11_20,2075,0.5345235844788911
Maldives,town,11_20,2080,0.5371263490902393
Maldives,town,11_20,2085,0.5402571074385265
Maldives,town,11_20,2090,0.5437886381864521
Maldives,town,11_20,2095,0.5469310238822096
Maldives,town,11_20,2100,0.5493055246833032
Maldives,town,21_30,2011,0.404286557269486
Maldives,town,21_30,2012,0.40273578328236986
Maldives,town,21_30,2013,0.4052469304330608
Maldives,town,21_30,2014,0.4064747973286684
Maldives,town,21_30,2015,0.40546289293289034
Maldives,town,21_30,2016,0.40764562128829984
Maldives,town,21_30,2017,0.40911155710200897
Maldives,town,21_30,2018,0.4111584789314866
Maldives,town,21_30,2019,0.4138825306577861
Maldives,town,21_30,2020,0.3900527997931818
Maldives,town,21_30,2025,0.4215296957522752
Maldives,town,21_30,2030,0.433901918073555
Maldives,town,21_30,2035,0.44434036993634307
Maldives,town,21_30,2040,0.4528458499175245
Maldives,town,21_30,2045,0.45954756770482963
Maldives,town,21_30,2050,0.4649529150224261
Maldives,town,21_30,2055,0.4696251723149325
Maldives,town,21_30,2060,0.47385162209376985
Maldives,town,21_30,2065,0.4776383810958536
Maldives,town,21_30,2070,0.4807730299523237
Maldives,town,21_30,2075,0.48336236411205696
Maldives,town,21_30,2080,0.4857160085391685
Maldives,town,21_30,2085,0.48854711047860305
Maldives,town,21_30,2090,0.49174062541567715
Maldives,town,21_30,2095,0.494582241806344
Maldives,town,21_30,2100,0.4967294703929396
Maldives,town,31_50,2011,0.674170657910804
Maldives,town,31_50,2012,0.6715846547396223
Maldives,town,31_50,2013,0.6757721343781393
Maldives,town,31_50,2014,0.6778196717447773
Maldives,town,31_50,2015,0.6761322640385898
Maldives,town,31_50,2016,0.6797720867953632
Maldives,town,31_50,2017,0.6822166175229196
Maldives,town,31_50,2018,0.6856299752308561
Maldives,town,31_50,2019,0.6901724852685526
Maldives,town,31_50,2020,0.6504350637640355
Maldives,town,31_50,2025,0.7029245647780075
Maldives,town,31_50,2030,0.723555943962342
Maldives,town,31_50,2035,0.7409626517377261
Maldives,town,31_50,2040,0.7551460197761991
Maldives,town,31_50,2045,0.7663215125264772
Maldives,town,31_50,2050,0.7753352343329911
Maldives,town,31_50,2055,0.7831264871366751
Maldives,town,31_50,2060,0.7901743307436205
Maldives,town,31_50,2065,0.7964889651579494
Maldives,town,31_50,2070,0.8017161690901274
Maldives,town,31_50,2075,0.8060340299802057
Maldives,town,31_50,2080,0.809958864935468
Maldives,town,31_50,2085,0.8146798872469985
Maldives,town,31_50,2090,0.8200052536918198
Maldives,town,31_50,2095,0.824743809444365
Maldives,town,31_50,2100,0.8283244343325308
Maldives,town,51+,2011,0.786647883633353
Maldives,town,51+,2012,0.7836304370895012
Maldives,town,51+,2013,0.7885165470925757
Maldives,town,51+,2014,0.7909056913207112
Maldives,town,51+,2015,0.7889367600340657
Maldives,town,51+,2016,0.7931838432240834
Maldives,town,51+,2017,0.7960362143570369
Maldives,town,51+,2018,0.8000190495420519
Maldives,town,51+,2019,0.8053194224752357
Maldives,town,51+,2020,0.7589522924900107
Maldives,town,51+,2025,0.820199032319312
Maldives,town,51+,2030,0.8442725077536897
Maldives,town,51+,2035,0.8645833143304152
Maldives,town,51+,2040,0.8811330058949121
Maldives,town,51+,2045,0.8941729945348941
Maldives,town,51+,2050,0.9046905468779866
Maldives,town,51+,2055,0.9137816760408362
Maldives,town,51+,2060,0.922005367167892
Maldives,town,51+,2065,0.9293735220106788
Maldives,town,51+,2070,0.9354728217388966
Maldives,town,51+,2075,0.9405110655294662
Maldives,town,51+,2080,0.9450907117584122
Maldives,town,51+,2085,0.9505993795806814
Maldives,town,51+,2090,0.9568132190503086
Maldives,town,51+,2095,0.962342345556303
Maldives,town,51+,2100,0.9665203544288477
Maldives,rural,No_travel,2011,0.0
Maldives,rural,No_travel,2012,0.0
Maldives,rural,No_travel,2013,0.0
Maldives,rural,No_travel,2014,0.0
Maldives,rural,No_travel,2015,0.0
Maldives,rural,No_travel,2016,0.0
Maldives,rural,No_travel,2017,0.0
Maldives,rural,No_travel,2018,0.0
Maldives,rural,No_travel,2019,0.0
Maldives,rural,No_travel,2020,0.0
Maldives,rural,No_travel,2025,0.0
Maldives,rural,No_travel,2030,0.0
Maldives,rural,No_travel,2035,0.0
Maldives,rural,No_travel,2040,0.0
Maldives,rural,No_travel,2045,0.0
Maldives,rural,No_travel,2050,0.0
Maldives,rural,No_travel,2055,0.0
Maldives,rural,No_travel,2060,0.0
Maldives,rural,No_travel,2065,0.0
Maldives,rural,No_travel,2070,0.0
Maldives,rural,No_travel,2075,0.0
Maldives,rural,No_travel,2080,0.0
Maldives,rural,No_travel,2085,0.0
Maldives,rural,No_travel,2090,0.0
Maldives,rural,No_travel,2095,0.0
Maldives,rural,No_travel,2100,0.0
Maldives,rural,00_01,2011,0.02747552116779272
Maldives,rural,00_01,2012,0.02737012977462535
Maldives,rural,00_01,2013,0.027540788619085172
Maldives,rural,00_01,2014,0.02762423508119203
Maldives,rural,00_01,2015,0.02755546554100806
Maldives,rural,00_01,2016,0.027703804876200496
Maldives,rural,00_01,2017,0.027803430623720326
Maldives,rural,00_01,2018,0.027942540477964482
Maldives,rural,00_01,2019,0.02812766842625343
Maldives,rural,00_01,2020,0.02650818773113645
Maldives,rural,00_01,2025,0.028647373676525183
Maldives,rural,00_01,2030,0.02948819623213237
Maldives,rural,00_01,2035,0.030197598758528624
Maldives,rural,00_01,2040,0.030775635527407426
Maldives,rural,00_01,2045,0.03123108769521952
Maldives,rural,00_01,2050,0.031598437862998895
Maldives,rural,00_01,2055,0.03191596685780063
Maldives,rural,00_01,2060,0.03220319854600553
Maldives,rural,00_01,2065,0.032460548624182205
Maldives,rural,00_01,2070,0.03267358096340028
Maldives,rural,00_01,2075,0.032849553436976285
Maldives,rural,00_01,2080,0.03300950831580115
Maldives,rural,00_01,2085,0.033201911451315895
Maldives,rural,00_01,2090,0.03341894435947355
Maldives,rural,00_01,2095,0.033612062062470714
Maldives,rural,00_01,2100,0.033757988815221414
Maldives,rural,02_05,2011,0.08859584964879585
Maldives,rural,02_05,2012,0.08825601114432087
Maldives,rural,02_05,2013,0.08880630699613253
Maldives,rural,02_05,2014,0.0890753832464207
Maldives,rural,02_05,2015,0.08885363328195786
Maldives,rural,02_05,2016,0.0893319590380901
Maldives,rural,02_05,2017,0.08965320600168772
Maldives,rural,02_05,2018,0.09010177094995624
Maldives,rural,02_05,2019,0.0906987229703468
Maldives,rural,02_05,2020,0.08547664666113013
Maldives,rural,02_05,2025,0.09237453206359665
Maldives,rural,02_05,2030,0.09508579596512413
Maldives,rural,02_05,2035,0.09737329104793817
Maldives,rural,02_05,2040,0.09923719231315213
Maldives,rural,02_05,2045,0.1007058149294539
Maldives,rural,02_05,2050,0.10189034933862072
Maldives,rural,02_05,2055,0.10291423350484954
Maldives,rural,02_05,2060,0.10384042286836198
Maldives,rural,02_05,2065,0.10467025785835203
Maldives,rural,02_05,2070,0.1053571886350399
Maldives,rural,02_05,2075,0.10592461848345136
Maldives,rural,02_05,2080,0.10644039899616356
Maldives,rural,02_05,2085,0.10706081013093044
Maldives,rural,02_05,2090,0.10776064089237623
Maldives,rural,02_05,2095,0.10838335617682053
Maldives,rural,02_05,2100,0.1088539024702824
Maldives,rural,06_10,2011,0.19302164217733958
Maldives,rural,06_10,2012,0.1922812442188699
Maldives,rural,06_10,2013,0.19348016052726505
Maldives,rural,06_10,2014,0.19406639046814186
Maldives,rural,06_10,2015,0.19358326916547297
Maldives,rural,06_10,2016,0.19462538596112827
Maldives,rural,06_10,2017,0.19532527897760593
Maldives,rural,06_10,2018,0.19630255661850227
Maldives,rural,06_10,2019,0.19760312159681256
Maldives,rural,06_10,2020,0.1862259098112029
Maldives,rural,06_10,2025,0.20125416647574387
Maldives,rural,06_10,2030,0.20716113178759002
Maldives,rural,06_10,2035,0.21214484218833288
Maldives,rural,06_10,2040,0.21620567894868006
Maldives,rural,06_10,2045,0.21940533164416273
Maldives,rural,06_10,2050,0.22198604821022427
Maldives,rural,06_10,2055,0.22421675996419807
Maldives,rural,06_10,2060,0.22623462640626096
Maldives,rural,06_10,2065,0.22804256789718919
Maldives,rural,06_10,2070,0.22953916742305927
Maldives,rural,06_10,2075,0.23077541315686054
Maldives,rural,06_10,2080,0.23189913172789328
Maldives,rural,06_10,2085,0.2332508065132531
Maldives,rural,06_10,2090,0.2347755109249831
Maldives,rural,06_10,2095,0.23613220570570753
Maldives,rural,06_10,2100,0.23715737357355365
Maldives,rural,11_20,2011,0.40317189715969404
Maldives,rural,11_20,2012,0.4016253988178391
Maldives,rural,11_20,2013,0.4041296224745173
Maldives,rural,11_20,2014,0.4053541040133178
Maldives,rural,11_20,2015,0.404344989543261
Maldives,rural,11_20,2016,0.4065216998894527
Maldives,rural,11_20,2017,0.40798359396557327
Maldives,rural,11_20,2018,0.4100248722185576
Maldives,rural,11_20,2019,0.41274141345077375
Maldives,rural,11_20,2020,0.388977383633964
Maldives,rural,11_20,2025,0.4203674945153081
Maldives,rural,11_20,2030,0.4327056053321536
Maldives,rural,11_20,2035,0.443115277296896
Maldives,rural,11_20,2040,0.45159730678466087
Maldives,rural,11_20,2045,0.45828054723862344
Maldives,rural,11_20,2050,0.4636709914511669
Maldives,rural,11_20,2055,0.46833036684410734
Maldives,rural,11_20,2060,0.472545163861086
Maldives,rural,11_20,2065,0.4763214823745383
Maldives,rural,11_20,2070,0.47944748867790915
Maldives,rural,11_20,2075,0.4820296837739093
Maldives,rural,11_20,2080,0.48437683895840733
Maldives,rural,11_20,2085,0.4872001352551809
Maldives,rural,11_20,2090,0.49038484533924576
Maldives,rural,11_20,2095,0.49321862709781555
Maldives,rural,11_20,2100,0.4953599355517501
Maldives,rural,21_30,2011,0.4275976654157429
Maldives,rural,21_30,2012,0.4259574740105256
Maldives,rural,21_30,2013,0.42861341356588184
Maldives,rural,21_30,2014,0.42991207910042034
Maldives,rural,21_30,2015,0.42884182843420726
Maldives,rural,21_30,2016,0.4311504126110186
Maldives,rural,21_30,2017,0.4327008740852385
Maldives,rural,21_30,2018,0.4348658211502228
Maldives,rural,21_30,2019,0.437746941330187
Maldives,rural,21_30,2020,0.4125431914107995
Maldives,rural,21_30,2025,0.4458350409284942
Maldives,rural,21_30,2030,0.45892064391345166
Maldives,rural,21_30,2035,0.46996097549713967
Maldives,rural,21_30,2040,0.4789568803022783
Maldives,rural,21_30,2045,0.4860450182296956
Maldives,rural,21_30,2050,0.4917620371416671
Maldives,rural,21_30,2055,0.49670369615697224
Maldives,rural,21_30,2060,0.5011738424577385
Maldives,rural,21_30,2065,0.5051789454711038
Maldives,rural,21_30,2070,0.5084943377561637
Maldives,rural,21_30,2075,0.5112329725729161
Maldives,rural,21_30,2080,0.5137223278189795
Maldives,rural,21_30,2085,0.5167166707128721
Maldives,rural,21_30,2090,0.5200943232887725
Maldives,rural,21_30,2095,0.5230997868957317
Maldives,rural,21_30,2100,0.5253708243918663
Maldives,rural,31_50,2011,0.713065368968106
Maldives,rural,31_50,2012,0.7103301723472301
Maldives,rural,31_50,2013,0.7147592389024829
Maldives,rural,31_50,2014,0.7169249041842415
Maldives,rural,31_50,2015,0.7151401454076715
Maldives,rural,31_50,2016,0.7189899592887444
Maldives,rural,31_50,2017,0.7215755215417808
Maldives,rural,31_50,2018,0.7251858049987508
Maldives,rural,31_50,2019,0.7299903846078797
Maldives,rural,31_50,2020,0.6879604048179427
Maldives,rural,31_50,2025,0.7434781657413672
Maldives,rural,31_50,2030,0.7652998244531065
Maldives,rural,31_50,2035,0.7837107718248572
Maldives,rural,31_50,2040,0.798712416356385
Maldives,rural,31_50,2045,0.810532653217586
Maldives,rural,31_50,2050,0.8200664007788573
Maldives,rural,31_50,2055,0.8283071518260761
Maldives,rural,31_50,2060,0.835761604408735
Maldives,rural,31_50,2065,0.842440546996515
Maldives,rural,31_50,2070,0.8479693223248879
Maldives,rural,31_50,2075,0.8525362921753377
Maldives,rural,31_50,2080,0.8566875613720509
Maldives,rural,31_50,2085,0.8616809521062462
Maldives,rural,31_50,2090,0.8673135532055501
Maldives,rural,31_50,2095,0.8723254889319365
Maldives,rural,31_50,2100,0.8761126896607974
Maldives,rural,51+,2011,0.8434383382567929
Maldives,rural,51+,2012,0.8402030532561264
Maldives,rural,51+,2013,0.8454419060990253
Maldives,rural,51+,2014,0.8480035297677081
Maldives,rural,51+,2015,0.8458924554648322
Maldives,rural,51+,2016,0.8504461482449891
Maldives,rural,51+,2017,0.8535044405489842
Maldives,rural,51+,2018,0.8577748084733013
Maldives,rural,51+,2019,0.8634578311215761
Maldives,rural,51+,2020,0.8137433198667507
Maldives,rural,51+,2025,0.8794116443357315
Maldives,rural,51+,2030,0.9052230556912864
Maldives,rural,51+,2035,0.9270001599130695
Maldives,rural,51+,2040,0.9447446230232347
Maldives,rural,51+,2045,0.9587260072972185
Maldives,rural,51+,2050,0.9700028530821636
Maldives,rural,51+,2055,0.9797502979472992
Maldives,rural,51+,2060,0.98856768184021
Maldives,rural,51+,2065,0.9964677657353258
Maldives,rural,51+,2070,1.0030073920844584
Maldives,rural,51+,2075,1.008409361706271
Maldives,rural,51+,2080,1.0133196262420447
Maldives,rural,51+,2085,1.0192259812080857
Maldives,rural,51+,2090,1.025888416263844
Maldives,rural,51+,2095,1.031816706886947
Maldives,rural,51+,2100,1.036296338668838
Nepal,large_city,No_travel,2011,0.0
Nepal,large_city,No_travel,2012,0.0
Nepal,large_city,No_travel,2013,0.0
Nepal,large_city,No_travel,2014,0.0
Nepal,large_city,No_travel,2015,0.0
Nepal,large_city,No_travel,2016,0.0
Nepal,large_city,No_travel,2017,0.0
Nepal,large_city,No_travel,2018,0.0
Nepal,large_city,No_travel,2019,0.0
Nepal,large_city,No_travel,2020,0.0
Nepal,large_city,No_travel,2025,0.0
Nepal,large_city,No_travel,2030,0.0
Nepal,large_city,No_travel,2035,0.0
Nepal,large_city,No_travel,2040,0.0
Nepal,large_city,No_travel,2045,0.0
Nepal,large_city,No_travel,2050,0.0
Nepal,large_city,No_travel,2055,0.0
Nepal,large_city,No_travel,2060,0.0
Nepal,large_city,No_travel,2065,0.0
Nepal,large_city,No_travel,2070,0.0
Nepal,large_city,No_travel,2075,0.0
Nepal,large_city,No_travel,2080,0.0
Nepal,large_city,No_travel,2085,0.0
Nepal,large_city,No_travel,2090,0.0
Nepal,large_city,No_travel,2095,0.0
Nepal,large_city,No_travel,2100,0.0
Nepal,large_city,00_01,2011,0.057842438834749
Nepal,large_city,00_01,2012,0.058271213661102716
Nepal,large_city,00_01,2013,0.05859593874472884
Nepal,large_city,00_01,2014,0.059146362268983996
Nepal,large_city,00_01,2015,0.0594802531489636
Nepal,large_city,00_01,2016,0.05943350232044706
Nepal,large_city,00_01,2017,0.06017795778307859
Nepal,large_city,00_01,2018,0.06079793831656742
Nepal,large_city,00_01,2019,0.06133427422951502
Nepal,large_city,00_01,2020,0.060912828432622204
Nepal,large_city,00_01,2025,0.06252587581708588
Nepal,large_city,00_01,2030,0.06455339772653577
Nepal,large_city,00_01,2035,0.06677888200553954
Nepal,large_city,00_01,2040,0.06915615174780484
Nepal,large_city,00_01,2045,0.07156156282111453
Nepal,large_city,00_01,2050,0.07392139361348744
Nepal,large_city,00_01,2055,0.07620274665523341
Nepal,large_city,00_01,2060,0.07840139357296359
Nepal,large_city,00_01,2065,0.08050573188720302
Nepal,large_city,00_01,2070,0.08250410823731573
Nepal,large_city,00_01,2075,0.08438154262669396
Nepal,large_city,00_01,2080,0.08610474381006607
Nepal,large_city,00_01,2085,0.0876881028689463
Nepal,large_city,00_01,2090,0.08913573835779522
Nepal,large_city,00_01,2095,0.09048417287559452
Nepal,large_city,00_01,2100,0.09172716392729634
Nepal,large_city,02_05,2011,0.21148322952951493
Nepal,large_city,02_05,2012,0.21305091386034514
Nepal,large_city,02_05,2013,0.214238172053083
Nepal,large_city,02_05,2014,0.21625062773205356
Nepal,large_city,02_05,2015,0.21747139786261932
Nepal,large_city,02_05,2016,0.21730046772210249
Nepal,large_city,02_05,2017,0.2200223419834558
Nepal,large_city,02_05,2018,0.2222891116444349
Nepal,large_city,02_05,2019,0.2242500602708728
Nepal,large_city,02_05,2020,0.22270917230013618
Nepal,large_city,02_05,2025,0.2286067879111429
Nepal,large_city,02_05,2030,0.23601980316413593
Nepal,large_city,02_05,2035,0.24415660742191445
Nepal,large_city,02_05,2040,0.25284836891546747
Nepal,large_city,02_05,2045,0.2616430205998979
Nepal,large_city,02_05,2050,0.27027102189389596
Nepal,large_city,02_05,2055,0.27861209323675185
Nepal,large_city,02_05,2060,0.28665077487127094
Nepal,large_city,02_05,2065,0.2943446458712381
Nepal,large_city,02_05,2070,0.301651099278997
Nepal,large_city,02_05,2075,0.30851536530743695
Nepal,large_city,02_05,2080,0.31481572467557767
Nepal,large_city,02_05,2085,0.32060479398217195
Nepal,large_city,02_05,2090,0.32589763146500966
Nepal,large_city,02_05,2095,0.33082777086400666
Nepal,large_city,02_05,2100,0.33537238840064254
Nepal,large_city,06_10,2011,0.3458702568351818
Nepal,large_city,06_10,2012,0.348434126241503
Nepal,large_city,06_10,2013,0.35037582770390957
Nepal,large_city,06_10,2014,0.3536670984306876
Nepal,large_city,06_10,2015,0.35566360699325694
Nepal,large_city,06_10,2016,0.35538405928759276
Nepal,large_city,06_10,2017,0.3598355486654583
Nepal,large_city,06_10,2018,0.3635427372050566
Nepal,large_city,06_10,2019,0.3667497707205534
Nepal,large_city,06_10,2020,0.3642297254225004
Nepal,large_city,06_10,2025,0.37387498112732404
Nepal,large_city,06_10,2030,0.38599859724184904
Nepal,large_city,06_10,2035,0.3993059341153986
Nepal,large_city,06_10,2040,0.413520875824078
Nepal,large_city,06_10,2045,0.42790408929985574
Nepal,large_city,06_10,2050,0.4420147543874291
Nepal,large_city,06_10,2055,0.45565615987405905
Nepal,large_city,06_10,2060,0.4688030220991763
Nepal,large_city,06_10,2065,0.48138596375717674
Nepal,large_city,06_10,2070,0.4933353032973277
Nepal,large_city,06_10,2075,0.504561467468942
Nepal,large_city,06_10,2080,0.5148653904687024
Nepal,large_city,06_10,2085,0.5243331241153035
Nepal,large_city,06_10,2090,0.5329892954043866
Nepal,large_city,06_10,2095,0.5410522920966437
Nepal,large_city,06_10,2100,0.5484847870425116
Nepal,large_city,11_20,2011,0.499426097052528
Nepal,large_city,11_20,2012,0.5031282462418455
Nepal,large_city,11_20,2013,0.5059320039048613
Nepal,large_city,11_20,2014,0.5106844984051365
Nepal,large_city,11_20,2015,0.5135673958484143
Nepal,large_city,11_20,2016,0.5131637374914992
Nepal,large_city,11_20,2017,0.5195915523212595
Nepal,large_city,11_20,2018,0.5249446194520123
Nepal,large_city,11_20,2019,0.5295754779895954
Nepal,large_city,11_20,2020,0.5259366094753769
Nepal,large_city,11_20,2025,0.5398640643996931
Nepal,large_city,11_20,2030,0.5573701961314127
Nepal,large_city,11_20,2035,0.5765855845193396
Nepal,large_city,11_20,2040,0.5971115265947173
Nepal,large_city,11_20,2045,0.6178804479671732
Nepal,large_city,11_20,2050,0.6382558177835501
Nepal,large_city,11_20,2055,0.6579535910550607
Nepal,large_city,11_20,2060,0.6769372589473435
Nepal,large_city,11_20,2065,0.6951066427480715
Nepal,large_city,11_20,2070,0.7123611244242364
Nepal,large_city,11_20,2075,0.7285713629350662
Nepal,large_city,11_20,2080,0.7434499133348259
Nepal,large_city,11_20,2085,0.7571210318239423
Nepal,large_city,11_20,2090,0.7696202790326578
Nepal,large_city,11_20,2095,0.7812630002235708
Nepal,large_city,11_20,2100,0.7919952961317046
Nepal,large_city,21_30,2011,0.512059307619934
Nepal,large_city,21_30,2012,0.5158551043589823
Nepal,large_city,21_30,2013,0.5187297843489368
Nepal,large_city,21_30,2014,0.5236024953619188
Nepal,large_city,21_30,2015,0.5265583170089178
Nepal,large_city,21_30,2016,0.5261444479300356
Nepal,large_city,21_30,2017,0.5327348572631906
Nepal,large_city,21_30,2018,0.5382233326648435
Nepal,large_city,21_30,2019,0.542971330878063
Nepal,large_city,21_30,2020,0.5392404155276089
Nepal,large_city,21_30,2025,0.5535201717669052
Nepal,large_city,21_30,2030,0.5714691290732047
Nepal,large_city,21_30,2035,0.5911705794612391
Nepal,large_city,21_30,2040,0.6122157345890843
Nepal,large_city,21_30,2045,0.633510015285982
Nepal,large_city,21_30,2050,0.6544007893609635
Nepal,large_city,21_30,2055,0.6745968267778933
Nepal,large_city,21_30,2060,0.6940606951948188
Nepal,large_city,21_30,2065,0.7126896818332626
Nepal,large_city,21_30,2070,0.730380623481249
Nepal,large_city,21_30,2075,0.7470009073574768
Nepal,large_city,21_30,2080,0.7622558174654039
Nepal,large_city,21_30,2085,0.7762727531226343
Nepal,large_city,21_30,2090,0.7890881744817472
Nepal,large_city,21_30,2095,0.8010254036073684
Nepal,large_city,21_30,2100,0.812029177828068
Nepal,large_city,31_50,2011,0.654115841271274
Nepal,large_city,31_50,2012,0.6589646756549274
Nepal,large_city,31_50,2013,0.6626368552091959
Nepal,large_city,31_50,2014,0.6688613636130042
Nepal,large_city,31_50,2015,0.6726371953076985
Nepal,large_city,31_50,2016,0.672108509827949
Nepal,large_city,31_50,2017,0.6805272439103661
Nepal,large_city,31_50,2018,0.6875383433108158
Nepal,large_city,31_50,2019,0.6936035408365286
Nepal,large_city,31_50,2020,0.6888375873681355
Nepal,large_city,31_50,2025,0.7070788626005522
Nepal,large_city,31_50,2030,0.7300072561159898
Nepal,large_city,31_50,2035,0.7551743229050549
Nepal,large_city,31_50,2040,0.7820578677333281
Nepal,large_city,31_50,2045,0.8092596510522563
Nepal,large_city,31_50,2050,0.8359459861222697
Nepal,large_city,31_50,2055,0.8617448492788135
Nepal,large_city,31_50,2060,0.8866084236235657
Nepal,large_city,31_50,2065,0.9104055015903263
Nepal,large_city,31_50,2070,0.9330043002192199
Nepal,large_city,31_50,2075,0.9542354170216809
Nepal,large_city,31_50,2080,0.9737223752905282
Nepal,large_city,31_50,2085,0.9916279177209372
Nepal,large_city,31_50,2090,1.0079986193151045
Nepal,large_city,31_50,2095,1.0232474988018323
Nepal,large_city,31_50,2100,1.037303962427086
Nepal,large_city,51+,2011,0.7204363200833319
Nepal,large_city,51+,2012,0.7257767753660899
Nepal,large_city,51+,2013,0.7298212753733374
Nepal,large_city,51+,2014,0.7366768835788382
Nepal,large_city,51+,2015,0.740835544965318
Nepal,large_city,51+,2016,0.7402532563285348
Nepal,large_city,51+,2017,0.7495255616595126
Nepal,large_city,51+,2018,0.7572475129303787
Nepal,large_city,51+,2019,0.7639276578073333
Nepal,large_city,51+,2020,0.7586784866944851
Nepal,large_city,51+,2025,0.7787692357222548
Nepal,large_city,51+,2030,0.8040223276173857
Nepal,large_city,51+,2035,0.8317410707524967
Nepal,large_city,51+,2040,0.8613503247788705
Nepal,large_city,51+,2045,0.8913100833376998
Nepal,large_city,51+,2050,0.9207021326068106
Nepal,large_city,51+,2055,0.9491167296278996
Nepal,large_city,51+,2060,0.9765012093711796
Nepal,large_city,51+,2065,1.0027110612007717
Nepal,large_city,51+,2070,1.0276011407482448
Nepal,large_city,51+,2075,1.0509848698912316
Nepal,large_city,51+,2080,1.0724476011370316
Nepal,large_city,51+,2085,1.092168577581493
Nepal,large_city,51+,2090,1.110199096443049
Nepal,large_city,51+,2095,1.1269940522133626
Nepal,large_city,51+,2100,1.142475693672896
Nepal,city,No_travel,2011,0.0
Nepal,city,No_travel,2012,0.0
Nepal,city,No_travel,2013,0.0
Nepal,city,No_travel,2014,0.0
Nepal,city,No_travel,2015,0.0
Nepal,city,No_travel,2016,0.0
Nepal,city,No_travel,2017,0.0
Nepal,city,No_travel,2018,0.0
Nepal,city,No_travel,2019,0.0
Nepal,city,No_travel,2020,0.0
Nepal,city,No_travel,2025,0.0
Nepal,city,No_travel,2030,0.0
Nepal,city,No_travel,2035,0.0
Nepal,city,No_travel,2040,0.0
Nepal,city,No_travel,2045,0.0
Nepal,city,No_travel,2050,0.0
Nepal,city,No_travel,2055,0.0
Nepal,city,No_travel,2060,0.0
Nepal,city,No_travel,2065,0.0
Nepal,city,No_travel,2070,0.0
Nepal,city,No_travel,2075,0.0
Nepal,city,No_travel,2080,0.0
Nepal,city,No_travel,2085,0.0
Nepal,city,No_travel,2090,0.0
Nepal,city,No_travel,2095,0.0
Nepal,city,No_travel,2100,0.0
Nepal,city,00_01,2011,0.02898061743012685
Nepal,city,00_01,2012,0.029195445149299042
Nepal,city,00_01,2013,0.02935814114912402
Nepal,city,00_01,2014,0.02963391813747946
Nepal,city,00_01,2015,0.02980120644777602
Nepal,city,00_01,2016,0.02977778302540529
Nepal,city,00_01,2017,0.03015077523304595
Nepal,city,00_01,2018,0.0304614021536448
Nepal,city,00_01,2019,0.030730120869872833
Nepal,city,00_01,2020,0.03051896519156232
Nepal,city,00_01,2025,0.03132714531134187
Nepal,city,00_01,2030,0.03234298831472623
Nepal,city,00_01,2035,0.03345801578911798
Nepal,city,00_01,2040,0.0346490918626154
Nepal,city,00_01,2045,0.03585426749977924
Nepal,city,00_01,2050,0.03703660619038969
Nepal,city,00_01,2055,0.03817962541741055
Nepal,city,00_01,2060,0.0392812066520591
Nepal,city,00_01,2065,0.040335536740089446
Nepal,city,00_01,2070,0.041336777034425676
Nepal,city,00_01,2075,0.0422774221539058
Nepal,city,00_01,2080,0.043140792289337364
Nepal,city,00_01,2085,0.04393409775958263
Nepal,city,00_01,2090,0.044659402071187855
Nepal,city,00_01,2095,0.04533500402845599
Nepal,city,00_01,2100,0.04595777597348679
Nepal,city,02_05,2011,0.11107001729613941
Nepal,city,02_05,2012,0.11189335788029621
Nepal,city,02_05,2013,0.11251690041033864
Nepal,city,02_05,2014,0.11357383285632146
Nepal,city,02_05,2015,0.11421497570163451
Nepal,city,02_05,2016,0.11412520397975438
Nepal,city,02_05,2017,0.11555471979506984
Nepal,city,02_05,2018,0.1167452167721182
Nepal,city,02_05,2019,0.11777509795153769
Nepal,city,02_05,2020,0.11696583069218158
Nepal,city,02_05,2025,0.12006323122544267
Nepal,city,02_05,2030,0.12395651266529116
Nepal,city,02_05,2035,0.12822992475407635
Nepal,city,02_05,2040,0.13279479782496031
Nepal,city,02_05,2045,0.13741370834981062
Nepal,city,02_05,2050,0.1419450948577972
Nepal,city,02_05,2055,0.1463257870780758
Nepal,city,02_05,2060,0.15054766561743102
Nepal,city,02_05,2065,0.15458845120095813
Nepal,city,02_05,2070,0.158425766850897
Nepal,city,02_05,2075,0.16203084772752377
Nepal,city,02_05,2080,0.16533976742554465
Nepal,city,02_05,2085,0.1683801599400832
Nepal,city,02_05,2090,0.17115993378821423
Nepal,city,02_05,2095,0.17374922027460465
Nepal,city,02_05,2100,0.176136032455984
Nepal,city,06_10,2011,0.1930608768468381
Nepal,city,06_10,2012,0.19449199983565593
Nepal,city,06_10,2013,0.19557583569461975
Nepal,city,06_10,2014,0.19741298589731812
Nepal,city,06_10,2015,0.198527414461511
Nepal,city,06_10,2016,0.19837137408478164
Nepal,city,06_10,2017,0.20085614525426282
Nepal,city,06_10,2018,0.2029254560896043
Nepal,city,06_10,2019,0.2047155860309426
Nepal,city,06_10,2020,0.20330892516513793
Nepal,city,06_10,2025,0.2086927981261268
Nepal,city,06_10,2030,0.2154600639183398
Nepal,city,06_10,2035,0.2228880692889433
Nepal,city,06_10,2040,0.23082268944309
Nepal,city,06_10,2045,0.23885123699996236
Nepal,city,06_10,2050,0.24672765112017725
Nepal,city,06_10,2055,0.25434212982317556
Nepal,city,06_10,2060,0.26168056005476154
Nepal,city,06_10,2065,0.2687042161853429
Nepal,city,06_10,2070,0.27537420275912766
Nepal,city,06_10,2075,0.2816405209977359
Nepal,city,06_10,2080,0.2873920546147014
Nepal,city,06_10,2085,0.2926768367647784
Nepal,city,06_10,2090,0.29750861395920525
Nepal,city,06_10,2095,0.3020092877831534
Nepal,city,06_10,2100,0.3061580226426898
Nepal,city,11_20,2011,0.3351409639771932
Nepal,city,11_20,2012,0.3376252992080066
Nepal,city,11_20,2013,0.33950676685955133
Nepal,city,11_20,2014,0.34269593858589587
Nepal,city,11_20,2015,0.34463051315836934
Nepal,city,11_20,2016,0.3443596373438047
Nepal,city,11_20,2017,0.3486730364053003
Nepal,city,11_20,2018,0.3522652236959184
Nepal,city,11_20,2019,0.3553727713460853
Nepal,city,11_20,2020,0.3529309007493368
Nepal,city,11_20,2025,0.3622769495373987
Nepal,city,11_20,2030,0.37402447714700043
Nepal,city,11_20,2035,0.38691900513729216
Nepal,city,11_20,2040,0.4006929830176643
Nepal,city,11_20,2045,0.4146300126815333
Nepal,city,11_20,2050,0.4283029487214258
Nepal,city,11_20,2055,0.4415211821324923
Nepal,city,11_20,2060,0.4542602135823714
Nepal,city,11_20,2065,0.4664528179292106
Nepal,city,11_20,2070,0.47803147522406264
Nepal,city,11_20,2075,0.4889093908814183
Nepal,city,11_20,2080,0.49889367434795545
Nepal,city,11_20,2085,0.5080677080160578
Nepal,city,11_20,2090,0.5164553549236595
Nepal,city,11_20,2095,0.5242682281921339
Nepal,city,11_20,2100,0.5314701586029954
Nepal,city,21_30,2011,0.29424500628579375
Nepal,city,21_30,2012,0.29642618768162116
Nepal,city,21_30,2013,0.2980780671009122
Nepal,city,21_30,2014,0.3008780765164386
Nepal,city,21_30,2015,0.30257658242416924
Nepal,city,21_30,2016,0.3023387605392723
Nepal,city,21_30,2017,0.3061258121694313
Nepal,city,21_30,2018,0.3092796587161626
Nepal,city,21_30,2019,0.3120080043263369
Nepal,city,21_30,2020,0.30986410576925616
Nepal,city,21_30,2025,0.31806969231336407
Nepal,city,21_30,2030,0.3283837144917004
Nepal,city,21_30,2035,0.3397047730233992
Nepal,city,21_30,2040,0.3517979655710768
Nepal,city,21_30,2045,0.3640343133227336
Nepal,city,21_30,2050,0.3760387937755535
Nepal,city,21_30,2055,0.3876440572055143
Nepal,city,21_30,2060,0.39882859383917896
Nepal,city,21_30,2065,0.40953338175916615
Nepal,city,21_30,2070,0.419699140215171
Nepal,city,21_30,2075,0.42924966582979796
Nepal,city,21_30,2080,0.4380156057391022
Nepal,city,21_30,2085,0.44607016750410494
Nepal,city,21_30,2090,0.453434302248368
Nepal,city,21_30,2095,0.4602938007612052
Nepal,city,21_30,2100,0.46661690741419554
Nepal,city,31_50,2011,0.549248998564658
Nepal,city,31_50,2012,0.5533204752991943
Nepal,city,31_50,2013,0.5564039366916161
Nepal,city,31_50,2014,0.5616305415093569
Nepal,city,31_50,2015,0.5648010376909338
Nepal,city,31_50,2016,0.5643571102518067
Nepal,city,31_50,2017,0.571426165871929
Nepal,city,31_50,2018,0.5773132566310369
Nepal,city,31_50,2019,0.5824060910449234
Nepal,city,31_50,2020,0.5784042078851558
Nepal,city,31_50,2025,0.5937210700092641
Nepal,city,31_50,2030,0.6129736188430841
Nepal,city,31_50,2035,0.634105940304431
Nepal,city,31_50,2040,0.6566795566933872
Nepal,city,31_50,2045,0.6795203920690559
Nepal,city,31_50,2050,0.7019284150640027
Nepal,city,31_50,2055,0.7235912442737326
Nepal,city,31_50,2060,0.7444687287313052
Nepal,city,31_50,2065,0.7644506958651477
Nepal,city,31_50,2070,0.7834264899562382
Nepal,city,31_50,2075,0.8012538668616768
Nepal,city,31_50,2080,0.8176167060392665
Nepal,city,31_50,2085,0.8326516595263209
Nepal,city,31_50,2090,0.8463978354925262
Nepal,city,31_50,2095,0.8592020381411591
Nepal,city,31_50,2100,0.871004991199942
Nepal,city,51+,2011,0.742960658692243
Nepal,city,51+,2012,0.7484680825463532
Nepal,city,51+,2013,0.7526390332684348
Nepal,city,51+,2014,0.7597089810849271
Nepal,city,51+,2015,0.7639976624254509
Nepal,city,51+,2016,0.7633971686176381
Nepal,city,51+,2017,0.7729593712499291
Nepal,city,51+,2018,0.7809227482239391
Nepal,city,51+,2019,0.7878117468759889
Nepal,city,51+,2020,0.7823984611783177
Nepal,city,51+,2025,0.8031173446038031
Nepal,city,51+,2030,0.829159970808784
Nepal,city,51+,2035,0.8577453364874621
Nepal,city,51+,2040,0.8882803196102954
Nepal,city,51+,2045,0.91917676573971
Nepal,city,51+,2050,0.9494877532295793
Nepal,city,51+,2055,0.9787907285665545
Nepal,city,51+,2060,1.0070313801562165
Nepal,city,51+,2065,1.0340606792583042
Nepal,city,51+,2070,1.0597289435864465
Nepal,city,51+,2075,1.0838437616799386
Nepal,city,51+,2080,1.1059775221514676
Nepal,city,51+,2085,1.126315072106662
Nepal,city,51+,2090,1.1449093125641603
Nepal,city,51+,2095,1.1622293602269096
Nepal,city,51+,2100,1.1781950329946036
Nepal,town,No_travel,2011,0.0
Nepal,town,No_travel,2012,0.0
Nepal,town,No_travel,2013,0.0
Nepal,town,No_travel,2014,0.0
Nepal,town,No_travel,2015,0.0
Nepal,town,No_travel,2016,0.0
Nepal,town,No_travel,2017,0.0
Nepal,town,No_travel,2018,0.0
Nepal,town,No_travel,2019,0.0
Nepal,town,No_travel,2020,0.0
Nepal,town,No_travel,2025,0.0
Nepal,town,No_travel,2030,0.0
Nepal,town,No_travel,2035,0.0
Nepal,town,No_travel,2040,0.0
Nepal,town,No_travel,2045,0.0
Nepal,town,No_travel,2050,0.0
Nepal,town,No_travel,2055,0.0
Nepal,town,No_travel,2060,0.0
Nepal,town,No_travel,2065,0.0
Nepal,town,No_travel,2070,0.0
Nepal,town,No_travel,2075,0.0
Nepal,town,No_travel,2080,0.0
Nepal,town,No_travel,2085,0.0
Nepal,town,No_travel,2090,0.0
Nepal,town,No_travel,2095,0.0
Nepal,town,No_travel,2100,0.0
Nepal,town,00_01,2011,0.02145716041148525
Nepal,town,00_01,2012,0.021616218196993966
Nepal,town,00_01,2013,0.021736677817116568
Nepal,town,00_01,2014,0.02194086225491214
Nepal,town,00_01,2015,0.022064722007647017
Nepal,town,00_01,2016,0.02204737937744231
Nepal,town,00_01,2017,0.022323541665939993
Nepal,town,00_01,2018,0.02255352888686395
Nepal,town,00_01,2019,0.02275248740158763
Nepal,town,00_01,2020,0.022596148383889732
Nepal,town,00_01,2025,0.02319452247006279
Nepal,town,00_01,2030,0.023946649519427994
Nepal,town,00_01,2035,0.02477221244744089
Nepal,town,00_01,2040,0.025654081525383593
Nepal,town,00_01,2045,0.026546389877094415
Nepal,town,00_01,2050,0.027421789823500003
Nepal,town,00_01,2055,0.028268077759453447
Nepal,town,00_01,2060,0.0290836851327306
Nepal,town,00_01,2065,0.02986430790172671
Nepal,town,00_01,2070,0.03060562315002372
Nepal,town,00_01,2075,0.03130207391638952
Nepal,town,00_01,2080,0.03194131052116877
Nepal,town,00_01,2085,0.032528671462370325
Nepal,town,00_01,2090,0.03306568455392291
Nepal,town,00_01,2095,0.033565898174504574
Nepal,town,00_01,2100,0.03402699661578233
Nepal,town,02_05,2011,0.07259776121809702
Nepal,town,02_05,2012,0.07313591439917032
Nepal,town,02_05,2013,0.07354347525859338
Nepal,town,02_05,2014,0.07423430912361868
Nepal,town,02_05,2015,0.07465337392907943
Nepal,town,02_05,2016,0.0745946971935585
Nepal,town,02_05,2017,0.07552905959255825
Nepal,town,02_05,2018,0.07630719411864001
Nepal,town,02_05,2019,0.07698034669182419
Nepal,town,02_05,2020,0.0764513921396725
Nepal,town,02_05,2025,0.07847591999862613
Nepal,town,02_05,2030,0.0810206528005611
Nepal,town,02_05,2035,0.0838138472013595
Nepal,town,02_05,2040,0.08679754679246843
Nepal,town,02_05,2045,0.08981656643011544
Nepal,town,02_05,2050,0.09277837848076641
Nepal,town,02_05,2055,0.09564169349160159
Nepal,town,02_05,2060,0.09840120445192421
Nepal,town,02_05,2065,0.10104234914666467
Nepal,town,02_05,2070,0.1035505015000578
Nepal,town,02_05,2075,0.1059068601918501
Nepal,town,02_05,2080,0.10806964154342126
Nepal,town,02_05,2085,0.11005690773058006
Nepal,town,02_05,2090,0.11187382793082515
Nepal,town,02_05,2095,0.11356624147896592
Nepal,town,02_05,2100,0.11512631345009225
Nepal,town,06_10,2011,0.1876250866698114
Nepal,town,06_10,2012,0.18901591519601316
Nepal,town,06_10,2013,0.19006923475145712
Nepal,town,06_10,2014,0.19185465845633443
Nepal,town,06_10,2015,0.19293770935384946
Nepal,town,06_10,2016,0.19278606242420734
Nepal,town,06_10,2017,0.19520087278683929
Nepal,town,06_10,2018,0.19721192044791327
Nepal,town,06_10,2019,0.19895164778614702
Nepal,town,06_10,2020,0.1975845926314612
Nepal,town,06_10,2025,0.2028168781541576
Nepal,town,06_10,2030,0.2093936059278998
Nepal,town,06_10,2035,0.21661246960554154
Nepal,town,06_10,2040,0.22432368390451563
Nepal,town,06_10,2045,0.23212618100177018
Nepal,town,06_10,2050,0.23978082810629484
Nepal,town,06_10,2055,0.24718091480396848
Nepal,town,06_10,2060,0.2543127254054194
Nepal,town,06_10,2065,0.26113862463348897
Nepal,town,06_10,2070,0.26762081216641764
Nepal,town,06_10,2075,0.27371069698317535
Nepal,town,06_10,2080,0.27930029136911405
Nepal,town,06_10,2085,0.2844362760654122
Nepal,town,06_10,2090,0.2891320105388072
Nepal,town,06_10,2095,0.2935059641335624
Nepal,town,06_10,2100,0.29753788789928803
Nepal,town,11_20,2011,0.44707804287844377
Nepal,town,11_20,2012,0.45039214605361283
Nepal,town,11_20,2013,0.4529020238835547
Nepal,town,11_20,2014,0.4571563789373118
Nepal,town,11_20,2015,0.4597371013992867
Nepal,town,11_20,2016,0.45937575306513645
Nepal,town,11_20,2017,0.4651298273736963
Nepal,town,11_20,2018,0.469921805186506
Nepal,town,11_20,2019,0.4740672737233891
Nepal,town,11_20,2020,0.47080981836967406
Nepal,town,11_20,2025,0.4832774473674157
Nepal,town,11_20,2030,0.4989486490911138
Nepal,town,11_20,2035,0.5161499493121553
Nepal,town,11_20,2040,0.5345244356785155
Nepal,town,11_20,2045,0.5531164331225683
Nepal,town,11_20,2050,0.5713561296746534
Nepal,town,11_20,2055,0.5889892529240459
Nepal,town,11_20,2060,0.6059831207616
Nepal,town,11_20,2065,0.6222480548486996
Nepal,town,11_20,2070,0.637693983574067
Nepal,town,11_20,2075,0.6522051229614273
Nepal,town,11_20,2080,0.665524157014414
Nepal,town,11_20,2085,0.677762317843704
Nepal,town,11_20,2090,0.6889514387416829
Nepal,town,11_20,2095,0.6993738116103262
Nepal,town,11_20,2100,0.708981186712505
Nepal,town,21_30,2011,0.404286557269486
Nepal,town,21_30,2012,0.40728345542735245
Nepal,town,21_30,2013,0.40955310360891195
Nepal,town,21_30,2014,0.41340025867609365
Nepal,town,21_30,2015,0.41573397068910684
Nepal,town,21_30,2016,0.4154072083344895
Nepal,town,21_30,2017,0.4206105390046852
Nepal,town,21_30,2018,0.4249438589771432
Nepal,town,21_30,2019,0.4286925494568971
Nepal,town,21_30,2020,0.42574687714891807
Nepal,town,21_30,2025,0.4370211834699302
Nepal,town,21_30,2030,0.4511924367758595
Nepal,town,21_30,2035,0.4667473372181845
Nepal,town,21_30,2040,0.48336313384023116
Nepal,town,21_30,2045,0.5001756227538566
Nepal,town,21_30,2050,0.5166695307910436
Nepal,town,21_30,2055,0.5326149228897195
Nepal,town,21_30,2060,0.5479822450657391
Nepal,town,21_30,2065,0.5626904024244679
Nepal,town,21_30,2070,0.5766579444401837
Nepal,town,21_30,2075,0.5897801692472934
Nepal,town,21_30,2080,0.6018243895108707
Nepal,town,21_30,2085,0.6128911909067271
Nepal,town,21_30,2090,0.623009359845625
Nepal,town,21_30,2095,0.6324341690322133
Nepal,town,21_30,2100,0.6411219868893576
Nepal,town,31_50,2011,0.674170657910804
Nepal,town,31_50,2012,0.6791681547764585
Nepal,town,31_50,2013,0.6829529212503239
Nepal,town,31_50,2014,0.6893682695128137
Nepal,town,31_50,2015,0.693259866042299
Nepal,town,31_50,2016,0.6927149713688755
Nepal,town,31_50,2017,0.7013918190111655
Nepal,town,31_50,2018,0.708617874699242
Nepal,town,31_50,2019,0.714869027703459
Nepal,town,31_50,2020,0.7099569528344047
Nepal,town,31_50,2025,0.7287574951063512
Nepal,town,31_50,2030,0.7523888600203983
Nepal,town,31_50,2035,0.7783275346470424
Nepal,town,31_50,2040,0.8060353135453906
Nepal,town,31_50,2045,0.8340710879440474
Nepal,town,31_50,2050,0.8615756107460227
Nepal,town,31_50,2055,0.888165452254516
Nepal,town,31_50,2060,0.9137913295325197
Nepal,town,31_50,2065,0.9383180122650852
Nepal,town,31_50,2070,0.9616096771023483
Nepal,town,31_50,2075,0.9834917277725755
Nepal,town,31_50,2080,1.0035761450086056
Nepal,town,31_50,2085,1.0220306611033358
Nepal,town,31_50,2090,1.0389032790218249
Nepal,town,31_50,2095,1.0546196804102854
Nepal,town,31_50,2100,1.0691071071506606
Nepal,town,51+,2011,0.786647883633353
Nepal,town,51+,2012,0.7924791524474158
Nepal,town,51+,2013,0.7968953614618203
Nepal,town,51+,2014,0.8043810330410278
Nepal,town,51+,2015,0.8089218954146012
Nepal,town,51+,2016,0.808286091650937
Nepal,town,51+,2017,0.8184105664472275
Nepal,town,51+,2018,0.8268422021871416
Nepal,town,51+,2019,0.8341362845138247
Nepal,town,51+,2020,0.8284046893240185
Nepal,town,51+,2025,0.8503418748360922
Nepal,town,51+,2030,0.8779158473590288
Nepal,town,51+,2035,0.9081820763321732
Nepal,town,51+,2040,0.940512563241988
Nepal,town,51+,2045,0.9732257677369296
Nepal,town,51+,2050,1.0053190877274027
Nepal,town,51+,2055,1.0363451229061245
Nepal,town,51+,2060,1.0662463680737193
Nepal,town,51+,2065,1.094865031371688
Nepal,town,51+,2070,1.122042628965908
Nepal,town,51+,2075,1.1475754353070131
Nepal,town,51+,2080,1.1710106948030186
Nepal,town,51+,2085,1.1925441238525483
Nepal,town,51+,2090,1.2122317341351805
Nepal,town,51+,2095,1.2305702271346792
Nepal,town,51+,2100,1.2474747059204012
Nepal,rural,No_travel,2011,0.0
Nepal,rural,No_travel,2012,0.0
Nepal,rural,No_travel,2013,0.0
Nepal,rural,No_travel,2014,0.0
Nepal,rural,No_travel,2015,0.0
Nepal,rural,No_travel,2016,0.0
Nepal,rural,No_travel,2017,0.0
Nepal,rural,No_travel,2018,0.0
Nepal,rural,No_travel,2019,0.0
Nepal,rural,No_travel,2020,0.0
Nepal,rural,No_travel,2025,0.0
Nepal,rural,No_travel,2030,0.0
Nepal,rural,No_travel,2035,0.0
Nepal,rural,No_travel,2040,0.0
Nepal,rural,No_travel,2045,0.0
Nepal,rural,No_travel,2050,0.0
Nepal,rural,No_travel,2055,0.0
Nepal,rural,No_travel,2060,0.0
Nepal,rural,No_travel,2065,0.0
Nepal,rural,No_travel,2070,0.0
Nepal,rural,No_travel,2075,0.0
Nepal,rural,No_travel,2080,0.0
Nepal,rural,No_travel,2085,0.0
Nepal,rural,No_travel,2090,0.0
Nepal,rural,No_travel,2095,0.0
Nepal,rural,No_travel,2100,0.0
Nepal,rural,00_01,2011,0.02747552116779272
Nepal,rural,00_01,2012,0.027679191899093573
Nepal,rural,00_01,2013,0.027833438350118436
Nepal,rural,00_01,2014,0.028094892975763272
Nepal,rural,00_01,2015,0.02825349323753338
Nepal,rural,00_01,2016,0.02823128630082056
Nepal,rural,00_01,2017,0.02858490731393946
Nepal,rural,00_01,2018,0.028879401955151898
Nepal,rural,00_01,2019,0.029134164877084336
Nepal,rural,00_01,2020,0.02893397548073666
Nepal,rural,00_01,2025,0.029700183103535917
Nepal,rural,00_01,2030,0.03066326872481141
Nepal,rural,00_01,2035,0.03172038771301742
Nepal,rural,00_01,2040,0.032849605748096616
Nepal,rural,00_01,2045,0.033992191091891964
Nepal,rural,00_01,2050,0.03511312551641522
Nepal,rural,00_01,2055,0.03619678251726844
Nepal,rural,00_01,2060,0.03724115359057641
Nepal,rural,00_01,2065,0.03824072748583113
Nepal,rural,00_01,2070,0.03918996878365401
Nepal,rural,00_01,2075,0.04008176189171907
Nepal,rural,00_01,2080,0.04090029325975784
Nepal,rural,00_01,2085,0.041652398741733904
Nepal,rural,00_01,2090,0.04234003467684288
Nepal,rural,00_01,2095,0.04298054952862882
Nepal,rural,00_01,2100,0.04357097807279826
Nepal,rural,02_05,2011,0.08859584964879585
Nepal,rural,02_05,2012,0.08925259356924758
Nepal,rural,02_05,2013,0.08974996704218022
Nepal,rural,02_05,2014,0.09059303729959776
Nepal,rural,02_05,2015,0.09110444979875411
Nepal,rural,02_05,2016,0.09103284269750372
Nepal,rural,02_05,2017,0.09217310693196934
Nepal,rural,02_05,2018,0.09312271596016194
Nepal,rural,02_05,2019,0.09394420856770064
Nepal,rural,02_05,2020,0.09329869034252161
Nepal,rural,02_05,2025,0.09576935559158913
Nepal,rural,02_05,2030,0.09887486133906374
Nepal,rural,02_05,2035,0.10228358120894458
Nepal,rural,02_05,2040,0.10592478716262303
Nepal,rural,02_05,2045,0.10960909650516873
Nepal,rural,02_05,2050,0.11322359164557882
Nepal,rural,02_05,2055,0.11671788433368253
Nepal,rural,02_05,2060,0.1200854980733195
Nepal,rural,02_05,2065,0.12330866163029171
Nepal,rural,02_05,2070,0.12636952583697056
Nepal,rural,02_05,2075,0.1292451461987266
Nepal,rural,02_05,2080,0.1318845313289564
Nepal,rural,02_05,2085,0.13430972369543626
Nepal,rural,02_05,2090,0.13652703158735852
Nepal,rural,02_05,2095,0.1385923957768163
Nepal,rural,02_05,2100,0.14049625478673786
Nepal,rural,06_10,2011,0.19302164217733958
Nepal,rural,06_10,2012,0.19445247432713092
Nepal,rural,06_10,2013,0.19553608992426638
Nepal,rural,06_10,2014,0.19737286677332522
Nepal,rural,06_10,2015,0.19848706885850742
Nepal,rural,06_10,2016,0.19833106019298077
Nepal,rural,06_10,2017,0.20081532639647814
Nepal,rural,06_10,2018,0.2028842166974885
Nepal,rural,06_10,2019,0.2046739828408489
Nepal,rural,06_10,2020,0.20326760784277187
Nepal,rural,06_10,2025,0.2086503866697254
Nepal,rural,06_10,2030,0.21541627718880643
Nepal,rural,06_10,2035,0.22284277300791247
Nepal,rural,06_10,2040,0.23077578065410612
Nepal,rural,06_10,2045,0.23880269661469083
Nepal,rural,06_10,2050,0.24667751005583552
Nepal,rural,06_10,2055,0.25429044131141626
Nepal,rural,06_10,2060,0.26162738019535337
Nepal,rural,06_10,2065,0.2686496089480451
Nepal,rural,06_10,2070,0.275318240018203
Nepal,rural,06_10,2075,0.28158328478841577
Nepal,rural,06_10,2080,0.28733364955375135
Nepal,rural,06_10,2085,0.2926173577074578
Nepal,rural,06_10,2090,0.29744815296714777
Nepal,rural,06_10,2095,0.3019479121446233
Nepal,rural,06_10,2100,0.3060958038802513
Nepal,rural,11_20,2011,0.40317189715969404
Nepal,rural,11_20,2012,0.40616053255747214
Nepal,rural,11_20,2013,0.4084239230828079
Nepal,rural,11_20,2014,0.4122604711431217
Nepal,rural,11_20,2015,0.4145877488692612
Nepal,rural,11_20,2016,0.4142618874324595
Nepal,rural,11_20,2017,0.41945087197852166
Nepal,rural,11_20,2018,0.4237722445368759
Nepal,rural,11_20,2019,0.427510599486876
Nepal,rural,11_20,2020,0.42457304870398643
Nepal,rural,11_20,2025,0.4358162705892299
Nepal,rural,11_20,2030,0.4499484522750871
Nepal,rural,11_20,2035,0.4654604662381981
Nepal,rural,11_20,2040,0.4820304513798629
Nepal,rural,11_20,2045,0.49879658651199005
Nepal,rural,11_20,2050,0.5152450191283078
Nepal,rural,11_20,2055,0.5311464481216372
Nepal,rural,11_20,2060,0.5464714009912431
Nepal,rural,11_20,2065,0.5611390064295543
Nepal,rural,11_20,2070,0.5750680384784239
Nepal,rural,11_20,2075,0.5881540839461982
Nepal,rural,11_20,2080,0.6001650970411473
Nepal,rural,11_20,2085,0.6112013861139073
Nepal,rural,11_20,2090,0.6212916582081104
Nepal,rural,11_20,2095,0.6306904822149944
Nepal,rural,11_20,2100,0.6393543468542234
Nepal,rural,21_30,2011,0.4275976654157429
Nepal,rural,21_30,2012,0.43076736431557117
Nepal,rural,21_30,2013,0.4331678801039381
Nepal,rural,21_30,2014,0.4372368616113364
Nepal,rural,21_30,2015,0.4397051351430035
Nepal,rural,21_30,2016,0.43935953171526704
Nepal,rural,21_30,2017,0.4448628857273044
Nepal,rural,21_30,2018,0.4494460643425839
Nepal,rural,21_30,2019,0.45341090380777666
Nepal,rural,21_30,2020,0.45029538443340367
Nepal,rural,21_30,2025,0.46221976573019086
Nepal,rural,21_30,2030,0.4772081315827595
Nepal,rural,21_30,2035,0.4936599254782438
Nepal,rural,21_30,2040,0.5112337866835127
Nepal,rural,21_30,2045,0.5290156814312579
Nepal,rural,21_30,2050,0.5464606259723696
Nepal,rural,21_30,2055,0.563325427220232
Nepal,rural,21_30,2060,0.5795788271119764
Nepal,rural,21_30,2065,0.5951350548323248
Nepal,rural,21_30,2070,0.6099079634292714
Nepal,rural,21_30,2075,0.6237868139418312
Nepal,rural,21_30,2080,0.6365255023148552
Nepal,rural,21_30,2085,0.6482304139806011
Nepal,rural,21_30,2090,0.658931995170378
Nepal,rural,21_30,2095,0.6689002375784177
Nepal,rural,21_30,2100,0.6780889938367561
Nepal,rural,31_50,2011,0.713065368968106
Nepal,rural,31_50,2012,0.7183511848140048
Nepal,rural,31_50,2013,0.7223543046034483
Nepal,rural,31_50,2014,0.7291397714910571
Nepal,rural,31_50,2015,0.7332558846481793
Nepal,rural,31_50,2016,0.7326795535415164
Nepal,rural,31_50,2017,0.741856991765694
Nepal,rural,31_50,2018,0.749499937961795
Nepal,rural,31_50,2019,0.7561117367268753
Nepal,rural,31_50,2020,0.7509162711013682
Nepal,rural,31_50,2025,0.7708014670152487
Nepal,rural,31_50,2030,0.7957961886690711
Nepal,rural,31_50,2035,0.8232313349130638
Nepal,rural,31_50,2040,0.8525376497928362
Nepal,rural,31_50,2045,0.8821908831118837
Nepal,rural,31_50,2050,0.911282215506651
Nepal,rural,31_50,2055,0.9394060961940923
Nepal,rural,31_50,2060,0.966510398972557
Nepal,rural,31_50,2065,0.9924520917280051
Nepal,rural,31_50,2070,1.017087515097709
Nepal,rural,31_50,2075,1.0402319998833534
Nepal,rural,31_50,2080,1.0614751409469236
Nepal,rural,31_50,2085,1.0809943475065742
Nepal,rural,31_50,2090,1.0988403919469971
Nepal,rural,31_50,2095,1.1154635146287857
Nepal,rural,31_50,2100,1.1307867598231662
Nepal,rural,51+,2011,0.8434383382567929
Nepal,rural,51+,2012,0.8496905837414501
Nepal,rural,51+,2013,0.8544256120431852
Nepal,rural,51+,2014,0.8624516965580781
Nepal,rural,51+,2015,0.867320377316399
Nepal,rural,51+,2016,0.8666386729845886
Nepal,rural,51+,2017,0.8774940637834103
Nepal,rural,51+,2018,0.8865344044303755
Nepal,rural,51+,2019,0.8943550682937429
Nepal,rural,51+,2020,0.8882096921692658
Nepal,rural,51+,2025,0.9117305884677148
Nepal,rural,51+,2030,0.9412952082267682
Nepal,rural,51+,2035,0.9737464464510441
Nepal,rural,51+,2040,1.0084109675431225
Nepal,rural,51+,2045,1.0434858357431473
Nepal,rural,51+,2050,1.0778960681293117
Nepal,rural,51+,2055,1.111161965233072
Nepal,rural,51+,2060,1.1432218703833663
Nepal,rural,51+,2065,1.1739066002572722
Nepal,rural,51+,2070,1.2030462296004625
Nepal,rural,51+,2075,1.2304223253091386
Nepal,rural,51+,2080,1.2555494460160956
Nepal,rural,51+,2085,1.2786374374699327
Nepal,rural,51+,2090,1.29974635500027
Nepal,rural,51+,2095,1.3194087584509606
Nepal,rural,51+,2100,1.3375336219289788
Pakistan,large_city,No_travel,2011,0.0
Pakistan,large_city,No_travel,2012,0.0
Pakistan,large_city,No_travel,2013,0.0
Pakistan,large_city,No_travel,2014,0.0
Pakistan,large_city,No_travel,2015,0.0
Pakistan,large_city,No_travel,2016,0.0
Pakistan,large_city,No_travel,2017,0.0
Pakistan,large_city,No_travel,2018,0.0
Pakistan,large_city,No_travel,2019,0.0
Pakistan,large_city,No_travel,2020,0.0
Pakistan,large_city,No_travel,2025,0.0
Pakistan,large_city,No_travel,2030,0.0
Pakistan,large_city,No_travel,2035,0.0
Pakistan,large_city,No_travel,2040,0.0
Pakistan,large_city,No_travel,2045,0.0
Pakistan,large_city,No_travel,2050,0.0
Pakistan,large_city,No_travel,2055,0.0
Pakistan,large_city,No_travel,2060,0.0
Pakistan,large_city,No_travel,2065,0.0
Pakistan,large_city,No_travel,2070,0.0
Pakistan,large_city,No_travel,2075,0.0
Pakistan,large_city,No_travel,2080,0.0
Pakistan,large_city,No_travel,2085,0.0
Pakistan,large_city,No_travel,2090,0.0
Pakistan,large_city,No_travel,2095,0.0
Pakistan,large_city,No_travel,2100,0.0
Pakistan,large_city,00_01,2011,0.05827400034779323
Pakistan,large_city,00_01,2012,0.05840087654117127
Pakistan,large_city,00_01,2013,0.058614233868756985
Pakistan,large_city,00_01,2014,0.0588581263186939
Pakistan,large_city,00_01,2015,0.05911470428553578
Pakistan,large_city,00_01,2016,0.059437204213663664
Pakistan,large_city,00_01,2017,0.05966934956513041
Pakistan,large_city,00_01,2018,0.060011750138280244
Pakistan,large_city,00_01,2019,0.06007815933086715
Pakistan,large_city,00_01,2020,0.05984504489583977
Pakistan,large_city,00_01,2025,0.0609865536746748
Pakistan,large_city,00_01,2030,0.06213622309745298
Pakistan,large_city,00_01,2035,0.06329231361614368
Pakistan,large_city,00_01,2040,0.06452199025292185
Pakistan,large_city,00_01,2045,0.06580763999451726
Pakistan,large_city,00_01,2050,0.0671083532310919
Pakistan,large_city,00_01,2055,0.06839983327891838
Pakistan,large_city,00_01,2060,0.0696569529581752
Pakistan,large_city,00_01,2065,0.07088796067706102
Pakistan,large_city,00_01,2070,0.07208071755937095
Pakistan,large_city,00_01,2075,0.07323253317433176
Pakistan,large_city,00_01,2080,0.07432335972507577
Pakistan,large_city,00_01,2085,0.07534333780953277
Pakistan,large_city,00_01,2090,0.07628513966688188
Pakistan,large_city,00_01,2095,0.07715475871505713
Pakistan,large_city,00_01,2100,0.07796188950375399
Pakistan,large_city,02_05,2011,0.21452239727168868
Pakistan,large_city,02_05,2012,0.21498946294416219
Pakistan,large_city,02_05,2013,0.21577488912249218
Pakistan,large_city,02_05,2014,0.21667272336631743
Pakistan,large_city,02_05,2015,0.2176172564377646
Pakistan,large_city,02_05,2016,0.2188044661245724
Pakistan,large_city,02_05,2017,0.21965905611350237
Pakistan,large_city,02_05,2018,0.2209195254710361
Pakistan,large_city,02_05,2019,0.22116399571693643
Pakistan,large_city,02_05,2020,0.22030583826863617
Pakistan,large_city,02_05,2025,0.22450804162314883
Pakistan,large_city,02_05,2030,0.22874028652091435
Pakistan,large_city,02_05,2035,0.2329961692139238
Pakistan,large_city,02_05,2040,0.23752294236174717
Pakistan,large_city,02_05,2045,0.24225576768646712
Pakistan,large_city,02_05,2050,0.2470440458209298
Pakistan,large_city,02_05,2055,0.25179833408387353
Pakistan,large_city,02_05,2060,0.25642613251271096
Pakistan,large_city,02_05,2065,0.2609578057347183
Pakistan,large_city,02_05,2070,0.26534866725492146
Pakistan,large_city,02_05,2075,0.2695888128680879
Pakistan,large_city,02_05,2080,0.2736044411976449
Pakistan,large_city,02_05,2085,0.27735925711102655
Pakistan,large_city,02_05,2090,0.2808262851336035
Pakistan,large_city,02_05,2095,0.2840275886620087
Pakistan,large_city,02_05,2100,0.2869988559625142
Pakistan,large_city,06_10,2011,0.3454745494359448
Pakistan,large_city,06_10,2012,0.34622672871795435
Pakistan,large_city,06_10,2013,0.3474916071573375
Pakistan,large_city,06_10,2014,0.3489375115701101
Pakistan,large_city,06_10,2015,0.35045862144691375
Pakistan,large_city,06_10,2016,0.3523705464340118
Pakistan,large_city,06_10,2017,0.35374680875036163
Pakistan,large_city,06_10,2018,0.35577671373422337
Pakistan,large_city,06_10,2019,0.35617041737135896
Pakistan,large_city,06_10,2020,0.35478840989070815
Pakistan,large_city,06_10,2025,0.3615557886306532
Pakistan,large_city,06_10,2030,0.36837154734747546
Pakistan,large_city,06_10,2035,0.3752253732160982
Pakistan,large_city,06_10,2040,0.3825154507722538
Pakistan,large_city,06_10,2045,0.39013736213168104
Pakistan,large_city,06_10,2050,0.39784857668137874
Pakistan,large_city,06_10,2055,0.4055050527249916
Pakistan,large_city,06_10,2060,0.41295782501085293
Pakistan,large_city,06_10,2065,0.420255793821919
Pakistan,large_city,06_10,2070,0.4273269944267056
Pakistan,large_city,06_10,2075,0.43415547673849075
Pakistan,large_city,06_10,2080,0.4406223883780196
Pakistan,large_city,06_10,2085,0.44666927836427855
Pakistan,large_city,06_10,2090,0.4522527044270809
Pakistan,large_city,06_10,2095,0.4574081982503333
Pakistan,large_city,06_10,2100,0.4621932334958412
Pakistan,large_city,11_20,2011,0.49491906190807855
Pakistan,large_city,11_20,2012,0.4959966170137923
Pakistan,large_city,11_20,2013,0.4978086533900445
Pakistan,large_city,11_20,2014,0.4998800235003653
Pakistan,large_city,11_20,2015,0.5020591312653683
Pakistan,large_city,11_20,2016,0.5047981119590202
Pakistan,large_city,11_20,2017,0.5067697143698473
Pakistan,large_city,11_20,2018,0.509677710550798
Pakistan,large_city,11_20,2019,0.5102417215179709
Pakistan,large_city,11_20,2020,0.5082618887141062
Pakistan,large_city,11_20,2025,0.5179566831440249
Pakistan,large_city,11_20,2030,0.5277207856396471
Pakistan,large_city,11_20,2035,0.537539422279939
Pakistan,large_city,11_20,2040,0.5479830232665251
Pakistan,large_city,11_20,2045,0.5589020018891565
Pakistan,large_city,11_20,2050,0.5699489142517006
Pakistan,large_city,11_20,2055,0.580917409462747
Pakistan,large_city,11_20,2060,0.591594083256389
Pakistan,large_city,11_20,2065,0.6020489890771054
Pakistan,large_city,11_20,2070,0.6121790318707024
Pakistan,large_city,11_20,2075,0.6219613619020243
Pakistan,large_city,11_20,2080,0.6312257139282551
Pakistan,large_city,11_20,2085,0.6398883523898924
Pakistan,large_city,11_20,2090,0.6478870428686757
Pakistan,large_city,11_20,2095,0.6552726872550505
Pakistan,large_city,11_20,2100,0.6621276210230239
Pakistan,large_city,21_30,2011,0.5042582541473913
Pakistan,large_city,21_30,2012,0.5053561428693573
Pakistan,large_city,21_30,2013,0.5072023726266386
Pakistan,large_city,21_30,2014,0.5093128297819896
Pakistan,large_city,21_30,2015,0.5115330576167048
Pakistan,large_city,21_30,2016,0.5143237232609003
Pakistan,large_city,21_30,2017,0.5163325300862496
Pakistan,large_city,21_30,2018,0.5192954005637376
Pakistan,large_city,21_30,2019,0.5198700544971101
Pakistan,large_city,21_30,2020,0.5178528619700501
Pakistan,large_city,21_30,2025,0.5277305985330775
Pakistan,large_city,21_30,2030,0.5376789510147468
Pakistan,large_city,21_30,2035,0.5476828667080582
Pakistan,large_city,21_30,2040,0.5583235399126922
Pakistan,large_city,21_30,2045,0.5694485611961589
Pakistan,large_city,21_30,2050,0.5807039303471867
Pakistan,large_city,21_30,2055,0.5918794026040494
Pakistan,large_city,21_30,2060,0.6027575467323575
Pakistan,large_city,21_30,2065,0.6134097380949303
Pakistan,large_city,21_30,2070,0.6237309362194154
Pakistan,large_city,21_30,2075,0.6336978601929442
Pakistan,large_city,21_30,2080,0.6431370318436446
Pakistan,large_city,21_30,2085,0.6519631355102408
Pakistan,large_city,21_30,2090,0.6601127624022552
Pakistan,large_city,21_30,2095,0.6676377749359583
Pakistan,large_city,21_30,2100,0.6746220622673206
Pakistan,large_city,31_50,2011,0.618752652250464
Pakistan,large_city,31_50,2012,0.6200998221837374
Pakistan,large_city,31_50,2013,0.6223652477857696
Pakistan,large_city,31_50,2014,0.6249548949588086
Pakistan,large_city,31_50,2015,0.6276792368015676
Pakistan,large_city,31_50,2016,0.631103537256123
Pakistan,large_city,31_50,2017,0.6335684538753766
Pakistan,large_city,31_50,2018,0.6372040591453787
Pakistan,large_city,31_50,2019,0.6379091911734138
Pakistan,large_city,31_50,2020,0.6354339848362789
Pakistan,large_city,31_50,2025,0.6475545116622378
Pakistan,large_city,31_50,2030,0.6597616881098762
Pakistan,large_city,31_50,2035,0.6720370436786067
Pakistan,large_city,31_50,2040,0.6850937357861658
Pakistan,large_city,31_50,2045,0.698744749664217
Pakistan,large_city,31_50,2050,0.7125557075552916
Pakistan,large_city,31_50,2055,0.726268627556526
Pakistan,large_city,31_50,2060,0.7396167095672689
Pakistan,large_city,31_50,2065,0.752687535089036
Pakistan,large_city,31_50,2070,0.7653522136766492
Pakistan,large_city,31_50,2075,0.777582178367712
Pakistan,large_city,31_50,2080,0.789164561890206
Pakistan,large_city,31_50,2085,0.7999946772285812
Pakistan,large_city,31_50,2090,0.8099947183043822
Pakistan,large_city,31_50,2095,0.8192283231589411
Pakistan,large_city,31_50,2100,0.8277984284072264
Pakistan,large_city,51+,2011,0.6494195964482046
Pakistan,large_city,51+,2012,0.6508335355258498
Pakistan,large_city,51+,2013,0.6532112413423893
Pakistan,large_city,51+,2014,0.6559292379698647
Pakistan,large_city,51+,2015,0.6587886050750829
Pakistan,large_city,51+,2016,0.6623826225087481
Pakistan,large_city,51+,2017,0.664969706621167
Pakistan,large_city,51+,2018,0.6687855016706142
Pakistan,large_city,51+,2019,0.669525581822875
Pakistan,large_city,51+,2020,0.6669276980081685
Pakistan,large_city,51+,2025,0.679648948755822
Pakistan,large_city,51+,2030,0.6924611436992523
Pakistan,large_city,51+,2035,0.7053448968932123
Pakistan,large_city,51+,2040,0.7190487116382474
Pakistan,large_city,51+,2045,0.7333763042417685
Pakistan,large_city,51+,2050,0.7478717680875611
Pakistan,large_city,51+,2055,0.7622643350380834
Pakistan,large_city,51+,2060,0.7762739817058529
Pakistan,large_city,51+,2065,0.7899926303528001
Pakistan,large_city,51+,2070,0.8032850023977522
Pakistan,large_city,51+,2075,0.8161211150275061
Pakistan,large_city,51+,2080,0.8282775507304136
Pakistan,large_city,51+,2085,0.839644433938032
Pakistan,large_city,51+,2090,0.8501401023061466
Pakistan,large_city,51+,2095,0.8598313479381452
Pakistan,large_city,51+,2100,0.8688262092476158
Pakistan,city,No_travel,2011,0.0
Pakistan,city,No_travel,2012,0.0
Pakistan,city,No_travel,2013,0.0
Pakistan,city,No_travel,2014,0.0
Pakistan,city,No_travel,2015,0.0
Pakistan,city,No_travel,2016,0.0
Pakistan,city,No_travel,2017,0.0
Pakistan,city,No_travel,2018,0.0
Pakistan,city,No_travel,2019,0.0
Pakistan,city,No_travel,2020,0.0
Pakistan,city,No_travel,2025,0.0
Pakistan,city,No_travel,2030,0.0
Pakistan,city,No_travel,2035,0.0
Pakistan,city,No_travel,2040,0.0
Pakistan,city,No_travel,2045,0.0
Pakistan,city,No_travel,2050,0.0
Pakistan,city,No_travel,2055,0.0
Pakistan,city,No_travel,2060,0.0
Pakistan,city,No_travel,2065,0.0
Pakistan,city,No_travel,2070,0.0
Pakistan,city,No_travel,2075,0.0
Pakistan,city,No_travel,2080,0.0
Pakistan,city,No_travel,2085,0.0
Pakistan,city,No_travel,2090,0.0
Pakistan,city,No_travel,2095,0.0
Pakistan,city,No_travel,2100,0.0
Pakistan,city,00_01,2011,0.03443334851853788
Pakistan,city,00_01,2012,0.03450831801023602
Pakistan,city,00_01,2013,0.03463438807880685
Pakistan,city,00_01,2014,0.03477850095383854
Pakistan,city,00_01,2015,0.03493010953573983
Pakistan,city,00_01,2016,0.03512067054675941
Pakistan,city,00_01,2017,0.0352578422141635
Pakistan,city,00_01,2018,0.03546016225737058
Pakistan,city,00_01,2019,0.035499402585124504
Pakistan,city,00_01,2020,0.035361658298854584
Pakistan,city,00_01,2025,0.03603616098245292
Pakistan,city,00_01,2030,0.03671548568436738
Pakistan,city,00_01,2035,0.03739860452830241
Pakistan,city,00_01,2040,0.038125204451880335
Pakistan,city,00_01,2045,0.03888487815474805
Pakistan,city,00_01,2050,0.03965345268078616
Pakistan,city,00_01,2055,0.04041657143573931
Pakistan,city,00_01,2060,0.0411593870960169
Pakistan,city,00_01,2065,0.0418867735386916
Pakistan,city,00_01,2070,0.04259155805977036
Pakistan,city,00_01,2075,0.043272150918718326
Pakistan,city,00_01,2080,0.04391670613323717
Pakistan,city,00_01,2085,0.04451939791093849
Pakistan,city,00_01,2090,0.045075896373305266
Pakistan,city,00_01,2095,0.04558974295300573
Pakistan,city,00_01,2100,0.0460666660333052
Pakistan,city,02_05,2011,0.1172561922728026
Pakistan,city,02_05,2012,0.1175114865590501
Pakistan,city,02_05,2013,0.11794079410061051
Pakistan,city,02_05,2014,0.11843154297374449
Pakistan,city,02_05,2015,0.1189478170450871
Pakistan,city,02_05,2016,0.11959673617462752
Pakistan,city,02_05,2017,0.12006384809082281
Pakistan,city,02_05,2018,0.12075281035872887
Pakistan,city,02_05,2019,0.12088643580074723
Pakistan,city,02_05,2020,0.12041737394036353
Pakistan,city,02_05,2025,0.12271426401232237
Pakistan,city,02_05,2030,0.125027574546744
Pakistan,city,02_05,2035,0.1273538053072086
Pakistan,city,02_05,2040,0.1298281025803474
Pakistan,city,02_05,2045,0.13241502629240212
Pakistan,city,02_05,2050,0.1350322600578776
Pakistan,city,02_05,2055,0.13763091523687057
Pakistan,city,02_05,2060,0.14016043210444637
Pakistan,city,02_05,2065,0.14263740771815925
Pakistan,city,02_05,2070,0.1450374168044093
Pakistan,city,02_05,2075,0.14735504580541497
Pakistan,city,02_05,2080,0.149549955490814
Pakistan,city,02_05,2085,0.15160230723724194
Pakistan,city,02_05,2090,0.15349735647033258
Pakistan,city,02_05,2095,0.15524716286269208
Pakistan,city,02_05,2100,0.15687123332951944
Pakistan,city,06_10,2011,0.200017206570617
Pakistan,city,06_10,2012,0.200452691034157
Pakistan,city,06_10,2013,0.20118500967386546
Pakistan,city,06_10,2014,0.20202213577210654
Pakistan,city,06_10,2015,0.2029028031004003
Pakistan,city,06_10,2016,0.204009738171931
Pakistan,city,06_10,2017,0.20480654402774334
Pakistan,city,06_10,2018,0.20598178522898003
Pakistan,city,06_10,2019,0.20620972532426382
Pakistan,city,06_10,2020,0.20540959322715047
Pakistan,city,06_10,2025,0.2093276595321191
Pakistan,city,06_10,2030,0.21327373608515007
Pakistan,city,06_10,2035,0.21724185213538183
Pakistan,city,06_10,2040,0.22146254205551077
Pakistan,city,06_10,2045,0.22587535168600473
Pakistan,city,06_10,2050,0.23033986461760986
Pakistan,city,06_10,2055,0.23477268594386572
Pakistan,city,06_10,2060,0.23908757019875146
Pakistan,city,06_10,2065,0.2433128288686367
Pakistan,city,06_10,2070,0.2474067969898169
Pakistan,city,06_10,2075,0.2513602400418452
Pakistan,city,06_10,2080,0.25510434681726313
Pakistan,city,06_10,2085,0.2586052763226813
Pakistan,city,06_10,2090,0.261837877062732
Pakistan,city,06_10,2095,0.2648227205908663
Pakistan,city,06_10,2100,0.2675930820681765
Pakistan,city,11_20,2011,0.34492847757715667
Pakistan,city,11_20,2012,0.34567946793240056
Pakistan,city,11_20,2013,0.34694234705078697
Pakistan,city,11_20,2014,0.34838596600516153
Pakistan,city,11_20,2015,0.349904671550592
Pakistan,city,11_20,2016,0.35181357446722705
Pakistan,city,11_20,2017,0.35318766140445707
Pakistan,city,11_20,2018,0.35521435783362354
Pakistan,city,11_20,2019,0.3556074391659402
Pakistan,city,11_20,2020,0.3542276161454617
Pakistan,city,11_20,2025,0.36098429807693366
Pakistan,city,11_20,2030,0.3677892835138208
Pakistan,city,11_20,2035,0.374632275931939
Pakistan,city,11_20,2040,0.3819108304795016
Pakistan,city,11_20,2045,0.3895206943196243
Pakistan,city,11_20,2050,0.3972197201935728
Pakistan,city,11_20,2055,0.40486409408346197
Pakistan,city,11_20,2060,0.41230508619847744
Pakistan,city,11_20,2065,0.4195915195276953
Pakistan,city,11_20,2070,0.4266515430901659
Pakistan,city,11_20,2075,0.4334692320105572
Pakistan,city,11_20,2080,0.43992592177277157
Pakistan,city,11_20,2085,0.44596325378591767
Pakistan,city,11_20,2090,0.4515378544465203
Pakistan,city,11_20,2095,0.45668519927558593
Pakistan,city,11_20,2100,0.46146267108959027
Pakistan,city,21_30,2011,0.3020747578557574
Pakistan,city,21_30,2012,0.30273244559237394
Pakistan,city,21_30,2013,0.3038384253205984
Pakistan,city,21_30,2014,0.30510268986941674
Pakistan,city,21_30,2015,0.306432712293522
Pakistan,city,21_30,2016,0.30810445418727067
Pakistan,city,21_30,2017,0.3093078253375801
Pakistan,city,21_30,2018,0.31108272614422816
Pakistan,city,21_30,2019,0.3114269712732799
Pakistan,city,21_30,2020,0.3102185766874731
Pakistan,city,21_30,2025,0.3161358122624952
Pakistan,city,21_30,2030,0.32209535014263385
Pakistan,city,21_30,2035,0.32808817303806864
Pakistan,city,21_30,2040,0.3344624440693814
Pakistan,city,21_30,2045,0.3411268627134064
Pakistan,city,21_30,2050,0.34786936595040857
Pakistan,city,21_30,2055,0.35456400713506
Pakistan,city,21_30,2060,0.36108053458196265
Pakistan,city,21_30,2065,0.3674617055395368
Pakistan,city,21_30,2070,0.373644595752225
Pakistan,city,21_30,2075,0.3796152588422344
Pakistan,city,21_30,2080,0.38526977310609184
Pakistan,city,21_30,2085,0.390557030391359
Pakistan,city,21_30,2090,0.39543904580661965
Pakistan,city,21_30,2095,0.3999468874141375
Pakistan,city,21_30,2100,0.4041308088215987
Pakistan,city,31_50,2011,0.5432627574154263
Pakistan,city,31_50,2012,0.5444455681072194
Pakistan,city,31_50,2013,0.5464346042023429
Pakistan,city,31_50,2014,0.5487083057514859
Pakistan,city,31_50,2015,0.5511002687697557
Pakistan,city,31_50,2016,0.5541067931060872
Pakistan,city,31_50,2017,0.5562709816465393
Pakistan,city,31_50,2018,0.5594630309034949
Pakistan,city,31_50,2019,0.5600821344636963
Pakistan,city,31_50,2020,0.5579089115853889
Pakistan,city,31_50,2025,0.5685506935653919
Pakistan,city,31_50,2030,0.579268553623172
Pakistan,city,31_50,2035,0.5900462747210428
Pakistan,city,31_50,2040,0.6015100066844987
Pakistan,city,31_50,2045,0.6134955511729681
Pakistan,city,31_50,2050,0.625621525969463
Pakistan,city,31_50,2055,0.6376614238268579
Pakistan,city,31_50,2060,0.6493809951498881
Pakistan,city,31_50,2065,0.6608571362037073
Pakistan,city,31_50,2070,0.6719766816089072
Pakistan,city,31_50,2075,0.6827145496681308
Pakistan,city,31_50,2080,0.692883843629114
Pakistan,city,31_50,2085,0.7023926486426418
Pakistan,city,31_50,2090,0.7111726512322842
Pakistan,city,31_50,2095,0.719279725385304
Pakistan,city,31_50,2100,0.7268042491050654
Pakistan,city,51+,2011,0.717071066177833
Pakistan,city,51+,2012,0.7186322984034429
Pakistan,city,51+,2013,0.7212576950718652
Pakistan,city,51+,2014,0.7242588313945
Pakistan,city,51+,2015,0.7274160650689171
Pakistan,city,51+,2016,0.7313844792145866
Pakistan,city,51+,2017,0.7342410655771323
Pakistan,city,51+,2018,0.7384543604012923
Pakistan,city,51+,2019,0.7392715363330645
Pakistan,city,51+,2020,0.7364030252394571
Pakistan,city,51+,2025,0.750449476696459
Pakistan,city,51+,2030,0.7645963462064191
Pakistan,city,51+,2035,0.7788222283474762
Pakistan,city,51+,2040,0.7939535996575958
Pakistan,city,51+,2045,0.8097737291396108
Pakistan,city,51+,2050,0.8257792173809464
Pakistan,city,51+,2055,0.8416710897307981
Pakistan,city,51+,2060,0.8571401521486479
Pakistan,city,51+,2065,0.8722879026409139
Pakistan,city,51+,2070,0.8869649703586671
Pakistan,city,51+,2075,0.9011382491130147
Pakistan,city,51+,2080,0.9145610474980361
Pakistan,city,51+,2085,0.9271120439653192
Pakistan,city,51+,2090,0.9387010692243886
Pakistan,city,51+,2095,0.9494018732591537
Pakistan,city,51+,2100,0.9593337490827042
Pakistan,town,No_travel,2011,0.0
Pakistan,town,No_travel,2012,0.0
Pakistan,town,No_travel,2013,0.0
Pakistan,town,No_travel,2014,0.0
Pakistan,town,No_travel,2015,0.0
Pakistan,town,No_travel,2016,0.0
Pakistan,town,No_travel,2017,0.0
Pakistan,town,No_travel,2018,0.0
Pakistan,town,No_travel,2019,0.0
Pakistan,town,No_travel,2020,0.0
Pakistan,town,No_travel,2025,0.0
Pakistan,town,No_travel,2030,0.0
Pakistan,town,No_travel,2035,0.0
Pakistan,town,No_travel,2040,0.0
Pakistan,town,No_travel,2045,0.0
Pakistan,town,No_travel,2050,0.0
Pakistan,town,No_travel,2055,0.0
Pakistan,town,No_travel,2060,0.0
Pakistan,town,No_travel,2065,0.0
Pakistan,town,No_travel,2070,0.0
Pakistan,town,No_travel,2075,0.0
Pakistan,town,No_travel,2080,0.0
Pakistan,town,No_travel,2085,0.0
Pakistan,town,No_travel,2090,0.0
Pakistan,town,No_travel,2095,0.0
Pakistan,town,No_travel,2100,0.0
Pakistan,town,00_01,2011,0.027047867565327503
Pakistan,town,00_01,2012,0.02710675712937323
Pakistan,town,00_01,2013,0.027205786897472016
Pakistan,town,00_01,2014,0.027318989537529436
Pakistan,town,00_01,2015,0.027438080158147568
Pakistan,town,00_01,2016,0.027587768446127973
Pakistan,town,00_01,2017,0.02769551867238504
Pakistan,town,00_01,2018,0.02785444384144115
Pakistan,town,00_01,2019,0.027885267657130664
Pakistan,town,00_01,2020,0.027777067630900175
Pakistan,town,00_01,2025,0.028306898740662965
Pakistan,town,00_01,2030,0.028840517611954136
Pakistan,town,00_01,2035,0.02937711683384471
Pakistan,town,00_01,2040,0.02994787104020173
Pakistan,town,00_01,2045,0.03054460515384641
Pakistan,town,00_01,2050,0.03114833098617931
Pakistan,town,00_01,2055,0.03174777123549105
Pakistan,town,00_01,2060,0.03233126312544834
Pakistan,town,00_01,2065,0.03290263515334414
Pakistan,town,00_01,2070,0.03345625306180774
Pakistan,town,00_01,2075,0.03399086808784337
Pakistan,town,00_01,2080,0.03449717504987063
Pakistan,town,00_01,2085,0.03497059770805913
Pakistan,town,00_01,2090,0.03540773488344309
Pakistan,town,00_01,2095,0.035811368419959355
Pakistan,town,00_01,2100,0.036185998041236046
Pakistan,town,02_05,2011,0.08140578256416522
Pakistan,town,02_05,2012,0.08158302208348875
Pakistan,town,02_05,2013,0.08188107130122314
Pakistan,town,02_05,2014,0.08222177651504255
Pakistan,town,02_05,2015,0.08258020274380369
Pakistan,town,02_05,2016,0.08303071856337076
Pakistan,town,02_05,2017,0.0833550136845568
Pakistan,town,02_05,2018,0.08383332968210848
Pakistan,town,02_05,2019,0.08392609990999272
Pakistan,town,02_05,2020,0.08360045102889398
Pakistan,town,02_05,2025,0.08519508010687607
Pakistan,town,02_05,2030,0.0868011091849003
Pakistan,town,02_05,2035,0.08841610820379968
Pakistan,town,02_05,2040,0.09013390324653504
Pakistan,town,02_05,2045,0.0919298898390696
Pakistan,town,02_05,2050,0.09374691935966156
Pakistan,town,02_05,2055,0.09555105059025937
Pakistan,town,02_05,2060,0.0973071821524645
Pakistan,town,02_05,2065,0.09902683664847206
Pakistan,town,02_05,2070,0.10069305669229493
Pakistan,town,02_05,2075,0.1023020838904605
Pakistan,town,02_05,2080,0.10382591250142094
Pakistan,town,02_05,2085,0.10525076944736535
Pakistan,town,02_05,2090,0.10656641822315413
Pakistan,town,02_05,2095,0.10778123132551377
Pakistan,town,02_05,2100,0.1089087515419629
Pakistan,town,06_10,2011,0.19908062987368702
Pakistan,town,06_10,2012,0.19951407518965858
Pakistan,town,06_10,2013,0.20024296476151612
Pakistan,town,06_10,2014,0.20107617103301106
Pakistan,town,06_10,2015,0.20195271465359202
Pakistan,town,06_10,2016,0.20305446652308332
Pakistan,town,06_10,2017,0.20384754135090402
Pakistan,town,06_10,2018,0.20501727950797155
Pakistan,town,06_10,2019,0.20524415227817266
Pakistan,town,06_10,2020,0.20444776678411145
Pakistan,town,06_10,2025,0.20834748681947068
Pakistan,town,06_10,2030,0.21227508594544808
Pakistan,town,06_10,2035,0.21622462136910736
Pakistan,town,06_10,2040,0.22042554799040848
Pakistan,town,06_10,2045,0.22481769472525076
Pakistan,town,06_10,2050,0.22926130266149786
Pakistan,town,06_10,2055,0.23367336738772412
Pakistan,town,06_10,2060,0.2379680472806334
Pakistan,town,06_10,2065,0.24217352125860853
Pakistan,town,06_10,2070,0.24624831945333087
Pakistan,town,06_10,2075,0.25018325058481666
Pakistan,town,06_10,2080,0.253909825652754
Pakistan,town,06_10,2085,0.2573943621235499
Pakistan,town,06_10,2090,0.26061182627322654
Pakistan,town,06_10,2095,0.26358269332933454
Pakistan,town,06_10,2100,0.26634008264266834
Pakistan,town,11_20,2011,0.46310481127692005
Pakistan,town,11_20,2012,0.46411309928253486
Pakistan,town,11_20,2013,0.46580865483623674
Pakistan,town,11_20,2014,0.4677468737044422
Pakistan,town,11_20,2015,0.46978590466512726
Pakistan,town,11_20,2016,0.47234881895728364
Pakistan,town,11_20,2017,0.47419368336573664
Pakistan,town,11_20,2018,0.47691474853825433
Pakistan,town,11_20,2019,0.47744250390799836
Pakistan,town,11_20,2020,0.4755899381703628
Pakistan,town,11_20,2025,0.48466153449871346
Pakistan,town,11_20,2030,0.4937979836508043
Pakistan,town,11_20,2035,0.5029854613987185
Pakistan,town,11_20,2040,0.5127577297071934
Pakistan,town,11_20,2045,0.5229748175576298
Pakistan,town,11_20,2050,0.533311615346596
Pakistan,town,11_20,2055,0.5435750367737684
Pakistan,town,11_20,2060,0.553565395567401
Pakistan,town,11_20,2065,0.5633482420157767
Pakistan,town,11_20,2070,0.5728271081925399
Pakistan,town,11_20,2075,0.581980613182908
Pakistan,town,11_20,2080,0.5906494366874417
Pakistan,town,11_20,2085,0.5987552258127792
Pakistan,town,11_20,2090,0.6062397466763693
Pakistan,town,11_20,2095,0.6131506291073754
Pakistan,town,11_20,2100,0.6195649159135739
Pakistan,town,21_30,2011,0.4152421813255062
Pakistan,town,21_30,2012,0.41614626113780917
Pakistan,town,21_30,2013,0.4176665782874765
Pakistan,town,21_30,2014,0.41940447910630135
Pakistan,town,21_30,2015,0.4212327729250819
Pakistan,town,21_30,2016,0.4235308058871902
Pakistan,town,21_30,2017,0.4251850005804035
Pakistan,town,21_30,2018,0.42762483927404527
Pakistan,town,21_30,2019,0.42809805027423875
Pakistan,town,21_30,2020,0.4264369501966481
Pakistan,town,21_30,2025,0.43457098239791647
Pakistan,town,21_30,2030,0.44276316477888333
Pakistan,town,21_30,2035,0.451001101867907
Pakistan,town,21_30,2040,0.4597633904688837
Pakistan,town,21_30,2045,0.4689245257939767
Pakistan,town,21_30,2050,0.47819299884217487
Pakistan,town,21_30,2055,0.4873956790940403
Pakistan,town,21_30,2060,0.49635351817641576
Pakistan,town,21_30,2065,0.5051252916494555
Pakistan,town,21_30,2070,0.5136245017027454
Pakistan,town,21_30,2075,0.5218319771735661
Pakistan,town,21_30,2080,0.5296048637726559
Pakistan,town,21_30,2085,0.5368729065046868
Pakistan,town,21_30,2090,0.5435838900528904
Pakistan,town,21_30,2095,0.5497805216266858
Pakistan,town,21_30,2100,0.5555318815352759
Pakistan,town,31_50,2011,0.6804906855894606
Pakistan,town,31_50,2012,0.6819722737299952
Pakistan,town,31_50,2013,0.6844637394481169
Pakistan,town,31_50,2014,0.6873117769859063
Pakistan,town,31_50,2015,0.6903079487867322
Pakistan,town,31_50,2016,0.6940739198181445
Pakistan,town,31_50,2017,0.6967847814105046
Pakistan,town,31_50,2018,0.700783140874045
Pakistan,town,31_50,2019,0.7015586297150924
Pakistan,town,31_50,2020,0.6988364517151984
Pakistan,town,31_50,2025,0.712166343036882
Pakistan,town,31_50,2030,0.7255915297245707
Pakistan,town,31_50,2035,0.7390916983241527
Pakistan,town,31_50,2040,0.7534511638254122
Pakistan,town,31_50,2045,0.7684642514608023
Pakistan,town,31_50,2050,0.7836532420368625
Pakistan,town,31_50,2055,0.7987344126777217
Pakistan,town,31_50,2060,0.8134143424457124
Pakistan,town,31_50,2065,0.8277893515679796
Pakistan,town,31_50,2070,0.8417176891411761
Pakistan,town,31_50,2075,0.8551679378424737
Pakistan,town,31_50,2080,0.8679059908840493
Pakistan,town,31_50,2085,0.8798167157671172
Pakistan,town,31_50,2090,0.8908145430618276
Pakistan,town,31_50,2095,0.9009694604994947
Pakistan,town,31_50,2100,0.9103946755264821
Pakistan,town,51+,2011,0.7954469694604287
Pakistan,town,51+,2012,0.7971788444461325
Pakistan,town,51+,2013,0.8000911971013017
Pakistan,town,51+,2014,0.8034203577736212
Pakistan,town,51+,2015,0.8069226772460549
Pakistan,town,51+,2016,0.8113248392556903
Pakistan,town,51+,2017,0.8144936506500765
Pakistan,town,51+,2018,0.8191674588085697
Pakistan,town,51+,2019,0.8200739521104247
Pakistan,town,51+,2020,0.8168919126112771
Pakistan,town,51+,2025,0.8324736419128109
Pakistan,town,51+,2030,0.8481667649654976
Pakistan,town,51+,2035,0.8639475367337992
Pakistan,town,51+,2040,0.8807327676824848
Pakistan,town,51+,2045,0.8982820381055917
Pakistan,town,51+,2050,0.916036927009654
Pakistan,town,51+,2055,0.9336657817996288
Pakistan,town,51+,2060,0.9508256135109551
Pakistan,town,51+,2065,0.9676290138872122
Pakistan,town,51+,2070,0.9839102858382366
Pakistan,town,51+,2075,0.9996327046670388
Pakistan,town,51+,2080,1.0145226155847327
Pakistan,town,51+,2085,1.0284454365916158
Pakistan,town,51+,2090,1.0413011428892687
Pakistan,town,51+,2095,1.053171545338519
Pakistan,town,51+,2100,1.0641889756847343
Pakistan,rural,No_travel,2011,0.0
Pakistan,rural,No_travel,2012,0.0
Pakistan,rural,No_travel,2013,0.0
Pakistan,rural,No_travel,2014,0.0
Pakistan,rural,No_travel,2015,0.0
Pakistan,rural,No_travel,2016,0.0
Pakistan,rural,No_travel,2017,0.0
Pakistan,rural,No_travel,2018,0.0
Pakistan,rural,No_travel,2019,0.0
Pakistan,rural,No_travel,2020,0.0
Pakistan,rural,No_travel,2025,0.0
Pakistan,rural,No_travel,2030,0.0
Pakistan,rural,No_travel,2035,0.0
Pakistan,rural,No_travel,2040,0.0
Pakistan,rural,No_travel,2045,0.0
Pakistan,rural,No_travel,2050,0.0
Pakistan,rural,No_travel,2055,0.0
Pakistan,rural,No_travel,2060,0.0
Pakistan,rural,No_travel,2065,0.0
Pakistan,rural,No_travel,2070,0.0
Pakistan,rural,No_travel,2075,0.0
Pakistan,rural,No_travel,2080,0.0
Pakistan,rural,No_travel,2085,0.0
Pakistan,rural,No_travel,2090,0.0
Pakistan,rural,No_travel,2095,0.0
Pakistan,rural,No_travel,2100,0.0
Pakistan,rural,00_01,2011,0.034010264700701204
Pakistan,rural,00_01,2012,0.034084313039501546
Pakistan,rural,00_01,2013,0.03420883408050983
Pakistan,rural,00_01,2014,0.03435117623535335
Pakistan,rural,00_01,2015,0.034500921997040884
Pakistan,rural,00_01,2016,0.03468914157791958
Pakistan,rural,00_01,2017,0.03482462781200854
Pakistan,rural,00_01,2018,0.0350244619414144
Pakistan,rural,00_01,2019,0.03506322012182008
Pakistan,rural,00_01,2020,0.03492716830465431
Pakistan,rural,00_01,2025,0.03559338334900768
Pakistan,rural,00_01,2030,0.03626436116336103
Pakistan,rural,00_01,2035,0.0369390865009726
Pakistan,rural,00_01,2040,0.03765675866460462
Pakistan,rural,00_01,2045,0.038407098228785644
Pakistan,rural,00_01,2050,0.03916622925139587
Pakistan,rural,00_01,2055,0.03991997153818083
Pakistan,rural,00_01,2060,0.040653660195160146
Pakistan,rural,00_01,2065,0.04137210921389992
Pakistan,rural,00_01,2070,0.04206823402168446
Pakistan,rural,00_01,2075,0.04274046441117928
Pakistan,rural,00_01,2080,0.04337709995210558
Pakistan,rural,00_01,2085,0.04397238643379999
Pakistan,rural,00_01,2090,0.044522047179121865
Pakistan,rural,00_01,2095,0.045029580107026165
Pakistan,rural,00_01,2100,0.04550064321592265
Pakistan,rural,02_05,2011,0.1002189696232352
Pakistan,rural,02_05,2012,0.1004371698719598
Pakistan,rural,02_05,2013,0.10080409940150284
Pakistan,rural,02_05,2014,0.10122354289063495
Pakistan,rural,02_05,2015,0.1016648027888992
Pakistan,rural,02_05,2016,0.10221943453389092
Pakistan,rural,02_05,2017,0.1026186754953483
Pakistan,rural,02_05,2018,0.10320753214556419
Pakistan,rural,02_05,2019,0.10332174192719665
Pakistan,rural,02_05,2020,0.10292083434674372
Pakistan,rural,02_05,2025,0.10488398829100622
Pakistan,rural,02_05,2030,0.10686117681883193
Pakistan,rural,02_05,2035,0.1088494082751054
Pakistan,rural,02_05,2040,0.11096419230867383
Pakistan,rural,02_05,2045,0.1131752382576405
Pakistan,rural,02_05,2050,0.115412190235655
Pakistan,rural,02_05,2055,0.11763326307962765
Pakistan,rural,02_05,2060,0.11979524334863763
Pakistan,rural,02_05,2065,0.12191231656222658
Pakistan,rural,02_05,2070,0.12396360641778308
Pakistan,rural,02_05,2075,0.125944485942758
Pakistan,rural,02_05,2080,0.12782047716183983
Pakistan,rural,02_05,2085,0.12957462398636677
Pakistan,rural,02_05,2090,0.1311943242157908
Pakistan,rural,02_05,2095,0.132689885262788
Pakistan,rural,02_05,2100,0.13407797970476246
Pakistan,rural,06_10,2011,0.20903713331151952
Pakistan,rural,06_10,2012,0.209492256275293
Pakistan,rural,06_10,2013,0.21025759937621866
Pakistan,rural,06_10,2014,0.21113247630704304
Pakistan,rural,06_10,2015,0.21205285799251894
Pakistan,rural,06_10,2016,0.2132097111357162
Pakistan,rural,06_10,2017,0.21404244955237858
Pakistan,rural,06_10,2018,0.21527068914170297
Pakistan,rural,06_10,2019,0.2155089083674477
Pakistan,rural,06_10,2020,0.2146726937101249
Pakistan,rural,06_10,2025,0.2187674481692916
Pakistan,rural,06_10,2030,0.2228914760197764
Pakistan,rural,06_10,2035,0.22703853725520579
Pakistan,rural,06_10,2040,0.23144956236963307
Pakistan,rural,06_10,2045,0.23606137097762026
Pakistan,rural,06_10,2050,0.2407272144860659
Pakistan,rural,06_10,2055,0.24535993723232397
Pakistan,rural,06_10,2060,0.2498694044460553
Pakistan,rural,06_10,2065,0.2542852043414539
Pakistan,rural,06_10,2070,0.25856379304186217
Pakistan,rural,06_10,2075,0.2626955195891708
Pakistan,rural,06_10,2080,0.2666084696826383
Pakistan,rural,06_10,2085,0.2702672762437626
Pakistan,rural,06_10,2090,0.2736456535515284
Pakistan,rural,06_10,2095,0.2767651008491006
Pakistan,rural,06_10,2100,0.2796603938660498
Pakistan,rural,11_20,2011,0.42565676697973387
Pakistan,rural,11_20,2012,0.42658352179247494
Pakistan,rural,11_20,2013,0.42814196963764695
Pakistan,rural,11_20,2014,0.4299234583137516
Pakistan,rural,11_20,2015,0.43179760711411425
Pakistan,rural,11_20,2016,0.43415327646817997
Pakistan,rural,11_20,2017,0.43584895960619974
Pakistan,rural,11_20,2018,0.4383499912860076
Pakistan,rural,11_20,2019,0.4388350707733531
Pakistan,rural,11_20,2020,0.43713230905873157
Pakistan,rural,11_20,2025,0.44547034889430126
Pakistan,rural,11_20,2030,0.45386799735973304
Pakistan,rural,11_20,2035,0.4623125480956504
Pakistan,rural,11_20,2040,0.47129460147310204
Pakistan,rural,11_20,2045,0.4806855049499483
Pakistan,rural,11_20,2050,0.4901864382605799
Pakistan,rural,11_20,2055,0.49961992864215227
Pakistan,rural,11_20,2060,0.5088024370538872
Pakistan,rural,11_20,2065,0.5177942131911141
Pakistan,rural,11_20,2070,0.5265065898133944
Pakistan,rural,11_20,2075,0.5349199149308549
Pakistan,rural,11_20,2080,0.5428877513614104
Pakistan,rural,11_20,2085,0.5503380820617051
Pakistan,rural,11_20,2090,0.5572173821156255
Pakistan,rural,11_20,2095,0.5635694298614653
Pakistan,rural,11_20,2100,0.569465038194445
Pakistan,rural,21_30,2011,0.4472028880076915
Pakistan,rural,21_30,2012,0.4481765537893342
Pakistan,rural,21_30,2013,0.44981388797789995
Pakistan,rural,21_30,2014,0.4516855529970184
Pakistan,rural,21_30,2015,0.4536545684599353
Pakistan,rural,21_30,2016,0.45612947834050477
Pakistan,rural,21_30,2017,0.45791099447109285
Pakistan,rural,21_30,2018,0.46053862470506035
Pakistan,rural,21_30,2019,0.4610482582043547
Pakistan,rural,21_30,2020,0.4592593051900028
Pakistan,rural,21_30,2025,0.46801940436861517
Pakistan,rural,21_30,2030,0.47684212947847643
Pakistan,rural,21_30,2035,0.485714130982941
Pakistan,rural,21_30,2040,0.49515084272403925
Pakistan,rural,21_30,2045,0.5050170999567055
Pakistan,rural,21_30,2050,0.5149989565719093
Pakistan,rural,21_30,2055,0.5249099563959361
Pakistan,rural,21_30,2060,0.5345572699110488
Pakistan,rural,21_30,2065,0.5440041965637571
Pakistan,rural,21_30,2070,0.5531575809080027
Pakistan,rural,21_30,2075,0.5619967761990178
Pakistan,rural,21_30,2080,0.5703679328194105
Pakistan,rural,21_30,2085,0.5781953883287523
Pakistan,rural,21_30,2090,0.5854229084582071
Pakistan,rural,21_30,2095,0.592096487541322
Pakistan,rural,21_30,2100,0.5982905229181783
Pakistan,rural,31_50,2011,0.7371136503841371
Pakistan,rural,31_50,2012,0.7387185200256509
Pakistan,rural,31_50,2013,0.7414172981708663
Pakistan,rural,31_50,2014,0.7445023181283291
Pakistan,rural,31_50,2015,0.7477477984560602
Pakistan,rural,31_50,2016,0.7518271322559058
Pakistan,rural,31_50,2017,0.7547635619916042
Pakistan,rural,31_50,2018,0.7590946210378647
Pakistan,rural,31_50,2019,0.7599346375473655
Pakistan,rural,31_50,2020,0.7569859497769235
Pakistan,rural,31_50,2025,0.7714250083260332
Pakistan,rural,31_50,2030,0.7859672916754058
Pakistan,rural,31_50,2035,0.8005907961082684
Pakistan,rural,31_50,2040,0.8161450986980678
Pakistan,rural,31_50,2045,0.8324074106808885
Pakistan,rural,31_50,2050,0.8488602623161342
Pakistan,rural,31_50,2055,0.8651963224247604
Pakistan,rural,31_50,2060,0.8810977547996843
Pakistan,rural,31_50,2065,0.8966688943800022
Pakistan,rural,31_50,2070,0.9117561953082551
Pakistan,rural,31_50,2075,0.926325626056892
Pakistan,rural,31_50,2080,0.9401236000411047
Pakistan,rural,31_50,2085,0.9530254046994217
Pakistan,rural,31_50,2090,0.9649383504533757
Pakistan,rural,31_50,2095,0.9759382486449937
Pakistan,rural,31_50,2100,0.986147726601595
Pakistan,rural,51+,2011,0.8701436965792113
Pakistan,rural,51+,2012,0.8720382038938794
Pakistan,rural,51+,2013,0.8752240420482824
Pakistan,rural,51+,2014,0.8788658287231166
Pakistan,rural,51+,2015,0.8826970347360228
Pakistan,rural,51+,2016,0.8875125833157138
Pakistan,rural,51+,2017,0.8909789630573374
Pakistan,rural,51+,2018,0.8960916668129277
Pakistan,rural,51+,2019,0.8970832846867571
Pakistan,rural,51+,2020,0.8936024346505475
Pakistan,rural,51+,2025,0.9106473717162203
Pakistan,rural,51+,2030,0.9278141630023823
Pakistan,rural,51+,2035,0.9450768336875911
Pakistan,rural,51+,2040,0.9634382876453985
Pakistan,rural,51+,2045,0.9826355284728905
Pakistan,rural,51+,2050,1.0020576964570287
Pakistan,rural,51+,2055,1.021341995049318
Pakistan,rural,51+,2060,1.0401132267859845
Pakistan,rural,51+,2065,1.0584945563778427
Pakistan,rural,51+,2070,1.0763047268912656
Pakistan,rural,51+,2075,1.0935035649836913
Pakistan,rural,51+,2080,1.1097917182171442
Pakistan,rural,51+,2085,1.1250219666219596
Pakistan,rural,51+,2090,1.1390848925358825
Pakistan,rural,51+,2095,1.1520699892973674
Pakistan,rural,51+,2100,1.1641220153108205
Sri Lanka,large_city,No_travel,2011,0.0
Sri Lanka,large_city,No_travel,2012,0.0
Sri Lanka,large_city,No_travel,2013,0.0
Sri Lanka,large_city,No_travel,2014,0.0
Sri Lanka,large_city,No_travel,2015,0.0
Sri Lanka,large_city,No_travel,2016,0.0
Sri Lanka,large_city,No_travel,2017,0.0
Sri Lanka,large_city,No_travel,2018,0.0
Sri Lanka,large_city,No_travel,2019,0.0
Sri Lanka,large_city,No_travel,2020,0.0
Sri Lanka,large_city,No_travel,2025,0.0
Sri Lanka,large_city,No_travel,2030,0.0
Sri Lanka,large_city,No_travel,2035,0.0
Sri Lanka,large_city,No_travel,2040,0.0
Sri Lanka,large_city,No_travel,2045,0.0
Sri Lanka,large_city,No_travel,2050,0.0
Sri Lanka,large_city,No_travel,2055,0.0
Sri Lanka,large_city,No_travel,2060,0.0
Sri Lanka,large_city,No_travel,2065,0.0
Sri Lanka,large_city,No_travel,2070,0.0
Sri Lanka,large_city,No_travel,2075,0.0
Sri Lanka,large_city,No_travel,2080,0.0
Sri Lanka,large_city,No_travel,2085,0.0
Sri Lanka,large_city,No_travel,2090,0.0
Sri Lanka,large_city,No_travel,2095,0.0
Sri Lanka,large_city,No_travel,2100,0.0
Sri Lanka,large_city,00_01,2011,0.04845544984797895
Sri Lanka,large_city,00_01,2012,0.04889070925397125
Sri Lanka,large_city,00_01,2013,0.04909059971319819
Sri Lanka,large_city,00_01,2014,0.049418870533941166
Sri Lanka,large_city,00_01,2015,0.04963050749391507
Sri Lanka,large_city,00_01,2016,0.04989201037302456
Sri Lanka,large_city,00_01,2017,0.050233553010531264
Sri Lanka,large_city,00_01,2018,0.05034720057659409
Sri Lanka,large_city,00_01,2019,0.05031560572650841
Sri Lanka,large_city,00_01,2020,0.050022203286536074
Sri Lanka,large_city,00_01,2025,0.04973616276140154
Sri Lanka,large_city,00_01,2030,0.05040505105089482
Sri Lanka,large_city,00_01,2035,0.05113032260384631
Sri Lanka,large_city,00_01,2040,0.05188600357414373
Sri Lanka,large_city,00_01,2045,0.0526670133133591
Sri Lanka,large_city,00_01,2050,0.05346534897506326
Sri Lanka,large_city,00_01,2055,0.054266827962199685
Sri Lanka,large_city,00_01,2060,0.05504707085882794
Sri Lanka,large_city,00_01,2065,0.05579042653389212
Sri Lanka,large_city,00_01,2070,0.05649143945143711
Sri Lanka,large_city,00_01,2075,0.057173935586768226
Sri Lanka,large_city,00_01,2080,0.05781827805066096
Sri Lanka,large_city,00_01,2085,0.05842581455154613
Sri Lanka,large_city,00_01,2090,0.05898390101940357
Sri Lanka,large_city,00_01,2095,0.059494425882715106
Sri Lanka,large_city,00_01,2100,0.0599762105217224
Sri Lanka,large_city,02_05,2011,0.19139849721913774
Sri Lanka,large_city,02_05,2012,0.1931177671148623
Sri Lanka,large_city,02_05,2013,0.19390733224374893
Sri Lanka,large_city,02_05,2014,0.19520399839726146
Sri Lanka,large_city,02_05,2015,0.19603996207569427
Sri Lanka,large_city,02_05,2016,0.197072895589614
Sri Lanka,large_city,02_05,2017,0.19842198527426524
Sri Lanka,large_city,02_05,2018,0.19887089191789933
Sri Lanka,large_city,02_05,2019,0.19874609260543324
Sri Lanka,large_city,02_05,2020,0.1975871561748085
Sri Lanka,large_city,02_05,2025,0.19645729922731786
Sri Lanka,large_city,02_05,2030,0.19909940065900716
Sri Lanka,large_city,02_05,2035,0.2019642153650148
Sri Lanka,large_city,02_05,2040,0.20494914693712482
Sri Lanka,large_city,02_05,2045,0.20803412686958472
Sri Lanka,large_city,02_05,2050,0.21118754400648074
Sri Lanka,large_city,02_05,2055,0.2143533772444736
Sri Lanka,large_city,02_05,2060,0.21743532815709699
Sri Lanka,large_city,02_05,2065,0.22037157494776702
Sri Lanka,large_city,02_05,2070,0.22314056830909706
Sri Lanka,large_city,02_05,2075,0.22583642058309453
Sri Lanka,large_city,02_05,2080,0.22838156627197911
Sri Lanka,large_city,02_05,2085,0.23078132880932029
Sri Lanka,large_city,02_05,2090,0.2329857642567544
Sri Lanka,large_city,02_05,2095,0.2350023318861417
Sri Lanka,large_city,02_05,2100,0.23690537594369485
Sri Lanka,large_city,06_10,2011,0.3029745494359447
Sri Lanka,large_city,06_10,2012,0.30569607039657976
Sri Lanka,large_city,06_10,2013,0.30694591374775754
Sri Lanka,large_city,06_10,2014,0.30899847345610004
Sri Lanka,large_city,06_10,2015,0.31032176346358636
Sri Lanka,large_city,06_10,2016,0.3119568471791017
Sri Lanka,large_city,06_10,2017,0.3140923907977536
Sri Lanka,large_city,06_10,2018,0.31480298826884096
Sri Lanka,large_city,06_10,2019,0.31460543700269367
Sri Lanka,large_city,06_10,2020,0.3127708967738254
Sri Lanka,large_city,06_10,2025,0.3109823879580999
Sri Lanka,large_city,06_10,2030,0.3151647065366707
Sri Lanka,large_city,06_10,2035,0.31969956943988553
Sri Lanka,large_city,06_10,2040,0.32442457152347937
Sri Lanka,large_city,06_10,2045,0.3293079453149979
Sri Lanka,large_city,06_10,2050,0.33429965188592664
Sri Lanka,large_city,06_10,2055,0.3393110125434351
Sri Lanka,large_city,06_10,2060,0.3441895915432832
Sri Lanka,large_city,06_10,2065,0.34883752797622947
Sri Lanka,large_city,06_10,2070,0.35322071033256514
Sri Lanka,large_city,06_10,2075,0.35748811389072943
Sri Lanka,large_city,06_10,2080,0.361516956225138
Sri Lanka,large_city,06_10,2085,0.3653156640732554
Sri Lanka,large_city,06_10,2090,0.3688051786000193
Sri Lanka,large_city,06_10,2095,0.37199730747144516
Sri Lanka,large_city,06_10,2100,0.3750097340279284
Sri Lanka,large_city,11_20,2011,0.4299190619080786
Sri Lanka,large_city,11_20,2012,0.43378088376914803
Sri Lanka,large_city,11_20,2013,0.43555440396109407
Sri Lanka,large_city,11_20,2014,0.4384669738319422
Sri Lanka,large_city,11_20,2015,0.4403447143870813
Sri Lanka,large_city,11_20,2016,0.44266488833708545
Sri Lanka,large_city,11_20,2017,0.4456952118771448
Sri Lanka,large_city,11_20,2018,0.4467035454112086
Sri Lanka,large_city,11_20,2019,0.44642322135369644
Sri Lanka,large_city,11_20,2020,0.44382001981186386
Sri Lanka,large_city,11_20,2025,0.4412821365681969
Sri Lanka,large_city,11_20,2030,0.4472168214559123
Sri Lanka,large_city,11_20,2035,0.453651764618173
Sri Lanka,large_city,11_20,2040,0.4603565141328575
Sri Lanka,large_city,11_20,2045,0.4672859921477758
Sri Lanka,large_city,11_20,2050,0.47436919372457287
Sri Lanka,large_city,11_20,2055,0.4814802843319197
Sri Lanka,large_city,11_20,2060,0.48840295856631966
Sri Lanka,large_city,11_20,2065,0.49499835238662826
Sri Lanka,large_city,11_20,2070,0.5012180617659017
Sri Lanka,large_city,11_20,2075,0.5072734817274951
Sri Lanka,large_city,11_20,2080,0.5129903847485876
Sri Lanka,large_city,11_20,2085,0.5183807283189169
Sri Lanka,large_city,11_20,2090,0.523332328427421
Sri Lanka,large_city,11_20,2095,0.5278619400810995
Sri Lanka,large_city,11_20,2100,0.5321365552315847
Sri Lanka,large_city,21_30,2011,0.40425825414739147
Sri Lanka,large_city,21_30,2012,0.4078895733925892
Sri Lanka,large_city,21_30,2013,0.4095572365413438
Sri Lanka,large_city,21_30,2014,0.412295962304853
Sri Lanka,large_city,21_30,2015,0.41406162516053857
Sri Lanka,large_city,21_30,2016,0.41624331365367984
Sri Lanka,large_city,21_30,2017,0.41909276466050227
Sri Lanka,large_city,21_30,2018,0.42004091325449516
Sri Lanka,large_city,21_30,2019,0.4197773210481333
Sri Lanka,large_city,21_30,2020,0.4173294981816049
Sri Lanka,large_city,21_30,2025,0.41494309492523085
Sri Lanka,large_city,21_30,2030,0.420523553118861
Sri Lanka,large_city,21_30,2035,0.4265744104052714
Sri Lanka,large_city,21_30,2040,0.43287896996881414
Sri Lanka,large_city,21_30,2045,0.439394844543044
Sri Lanka,large_city,21_30,2050,0.4460552672991354
Sri Lanka,large_city,21_30,2055,0.4527419144583735
Sri Lanka,large_city,21_30,2060,0.45925139135295234
Sri Lanka,large_city,21_30,2065,0.46545312239362563
Sri Lanka,large_city,21_30,2070,0.47130159267035604
Sri Lanka,large_city,21_30,2075,0.47699557955927985
Sri Lanka,large_city,21_30,2080,0.482371254748418
Sri Lanka,large_city,21_30,2085,0.48743986201445694
Sri Lanka,large_city,21_30,2090,0.49209591333308367
Sri Lanka,large_city,21_30,2095,0.49635516364628174
Sri Lanka,large_city,21_30,2100,0.5003746375682279
Sri Lanka,large_city,31_50,2011,0.46875265225046414
Sri Lanka,large_city,31_50,2012,0.4729633035108685
Sri Lanka,large_city,31_50,2013,0.47489702166261727
Sri Lanka,large_city,31_50,2014,0.4780726772052338
Sri Lanka,large_city,31_50,2015,0.4801200297035231
Sri Lanka,large_city,31_50,2016,0.4826497795776504
Sri Lanka,large_city,31_50,2017,0.48595382520492597
Sri Lanka,large_city,31_50,2018,0.48705323916519033
Sri Lanka,large_city,31_50,2019,0.4867475940866371
Sri Lanka,large_city,31_50,2020,0.4839092513956647
Sri Lanka,large_city,31_50,2025,0.48114212705302445
Sri Lanka,large_city,31_50,2030,0.4876128782428894
Sri Lanka,large_city,31_50,2035,0.49462907487535146
Sri Lanka,large_city,31_50,2040,0.5019394488414058
Sri Lanka,large_city,31_50,2045,0.5094948505111712
Sri Lanka,large_city,31_50,2050,0.5172178612351251
Sri Lanka,large_city,31_50,2055,0.5249712801409839
Sri Lanka,large_city,31_50,2060,0.532519263460539
Sri Lanka,large_city,31_50,2065,0.5397104038863315
Sri Lanka,large_city,31_50,2070,0.5464919251680859
Sri Lanka,large_city,31_50,2075,0.553094317150636
Sri Lanka,large_city,31_50,2080,0.559327614743681
Sri Lanka,large_city,31_50,2085,0.5652048555292345
Sri Lanka,large_city,31_50,2090,0.5706037221750713
Sri Lanka,large_city,31_50,2095,0.5755424831290585
Sri Lanka,large_city,31_50,2100,0.5802032143379676
Sri Lanka,large_city,51+,2011,0.39941959644820463
Sri Lanka,large_city,51+,2012,0.4030074516190298
Sri Lanka,large_city,51+,2013,0.4046551541335819
Sri Lanka,large_city,51+,2014,0.40736109947426585
Sri Lanka,large_city,51+,2015,0.4091056287152801
Sri Lanka,large_city,51+,2016,0.41126120408960126
Sri Lanka,large_city,51+,2017,0.41407654937833094
Sri Lanka,large_city,51+,2018,0.41501334936917916
Sri Lanka,large_city,51+,2019,0.414752912157046
Sri Lanka,large_city,51+,2020,0.41233438783133375
Sri Lanka,large_city,51+,2025,0.4099765479706884
Sri Lanka,large_city,51+,2030,0.4154902124087759
Sri Lanka,large_city,51+,2035,0.4214686456274148
Sri Lanka,large_city,51+,2040,0.42769774450373804
Sri Lanka,large_city,51+,2045,0.4341356291139979
Sri Lanka,large_city,51+,2050,0.44071633177651554
Sri Lanka,large_city,51+,2055,0.4473229449564177
Sri Lanka,large_city,51+,2060,0.453754508462289
Sri Lanka,large_city,51+,2065,0.45988200959339237
Sri Lanka,large_city,51+,2070,0.4656604782178556
Sri Lanka,large_city,51+,2075,0.471286312500824
Sri Lanka,large_city,51+,2080,0.476597645028123
Sri Lanka,large_city,51+,2085,0.4816055849971548
Sri Lanka,large_city,51+,2090,0.4862059069934249
Sri Lanka,large_city,51+,2095,0.4904141773844834
Sri Lanka,large_city,51+,2100,0.49438554132168694
Sri Lanka,city,No_travel,2011,0.0
Sri Lanka,city,No_travel,2012,0.0
Sri Lanka,city,No_travel,2013,0.0
Sri Lanka,city,No_travel,2014,0.0
Sri Lanka,city,No_travel,2015,0.0
Sri Lanka,city,No_travel,2016,0.0
Sri Lanka,city,No_travel,2017,0.0
Sri Lanka,city,No_travel,2018,0.0
Sri Lanka,city,No_travel,2019,0.0
Sri Lanka,city,No_travel,2020,0.0
Sri Lanka,city,No_travel,2025,0.0
Sri Lanka,city,No_travel,2030,0.0
Sri Lanka,city,No_travel,2035,0.0
Sri Lanka,city,No_travel,2040,0.0
Sri Lanka,city,No_travel,2045,0.0
Sri Lanka,city,No_travel,2050,0.0
Sri Lanka,city,No_travel,2055,0.0
Sri Lanka,city,No_travel,2060,0.0
Sri Lanka,city,No_travel,2065,0.0
Sri Lanka,city,No_travel,2070,0.0
Sri Lanka,city,No_travel,2075,0.0
Sri Lanka,city,No_travel,2080,0.0
Sri Lanka,city,No_travel,2085,0.0
Sri Lanka,city,No_travel,2090,0.0
Sri Lanka,city,No_travel,2095,0.0
Sri Lanka,city,No_travel,2100,0.0
Sri Lanka,city,00_01,2011,0.03443334851853788
Sri Lanka,city,00_01,2012,0.03474265198944829
Sri Lanka,city,00_01,2013,0.03488469788665253
Sri Lanka,city,00_01,2014,0.03511797326877306
Sri Lanka,city,00_01,2015,0.03526836644900456
Sri Lanka,city,00_01,2016,0.03545419528359856
Sri Lanka,city,00_01,2017,0.03569690186682306
Sri Lanka,city,00_01,2018,0.035777661951866165
Sri Lanka,city,00_01,2019,0.035755210060741345
Sri Lanka,city,00_01,2020,0.035546712801847805
Sri Lanka,city,00_01,2025,0.03534344705726627
Sri Lanka,city,00_01,2030,0.03581877158039731
Sri Lanka,city,00_01,2035,0.03633416310460584
Sri Lanka,city,00_01,2040,0.036871164129273104
Sri Lanka,city,00_01,2045,0.037426164250645357
Sri Lanka,city,00_01,2050,0.0379934764964398
Sri Lanka,city,00_01,2055,0.038563022448049704
Sri Lanka,city,00_01,2060,0.03911747763674371
Sri Lanka,city,00_01,2065,0.039645720076201436
Sri Lanka,city,00_01,2070,0.040143872960583964
Sri Lanka,city,00_01,2075,0.040628867473360974
Sri Lanka,city,00_01,2080,0.04108674927394522
Sri Lanka,city,00_01,2085,0.04151847606914253
Sri Lanka,city,00_01,2090,0.04191506274642041
Sri Lanka,city,00_01,2095,0.04227785125836151
Sri Lanka,city,00_01,2100,0.04262021642962425
Sri Lanka,city,02_05,2011,0.1172561922728026
Sri Lanka,city,02_05,2012,0.11830946617197595
Sri Lanka,city,02_05,2013,0.11879317634687157
Sri Lanka,city,02_05,2014,0.11958755110957321
Sri Lanka,city,02_05,2015,0.12009968636264767
Sri Lanka,city,02_05,2016,0.12073249096912544
Sri Lanka,city,02_05,2017,0.1215589818860087
Sri Lanka,city,02_05,2018,0.12183399493200055
Sri Lanka,city,02_05,2019,0.1217575393046542
Sri Lanka,city,02_05,2020,0.12104754170845727
Sri Lanka,city,02_05,2025,0.12035535903513127
Sri Lanka,city,02_05,2030,0.12197398592081525
Sri Lanka,city,02_05,2035,0.12372905332664229
Sri Lanka,city,02_05,2040,0.1255577077592827
Sri Lanka,city,02_05,2045,0.12744765467827077
Sri Lanka,city,02_05,2050,0.12937952818559975
Sri Lanka,city,02_05,2055,0.13131900815148845
Sri Lanka,city,02_05,2060,0.13320709940631242
Sri Lanka,city,02_05,2065,0.13500592814974302
Sri Lanka,city,02_05,2070,0.13670229265989112
Sri Lanka,city,02_05,2075,0.13835384884853247
Sri Lanka,city,02_05,2080,0.13991307787380775
Sri Lanka,city,02_05,2085,0.1413832410233406
Sri Lanka,city,02_05,2090,0.1427337412123853
Sri Lanka,city,02_05,2095,0.1439691482041749
Sri Lanka,city,02_05,2100,0.14513500740974947
Sri Lanka,city,06_10,2011,0.200017206570617
Sri Lanka,city,06_10,2012,0.20181389550433448
Sri Lanka,city,06_10,2013,0.20263901489544786
Sri Lanka,city,06_10,2014,0.20399407016311438
Sri Lanka,city,06_10,2015,0.2048676774389499
Sri Lanka,city,06_10,2016,0.20594712413800548
Sri Lanka,city,06_10,2017,0.20735696357801023
Sri Lanka,city,06_10,2018,0.20782608456994717
Sri Lanka,city,06_10,2019,0.2076956655216052
Sri Lanka,city,06_10,2020,0.20648454197144964
Sri Lanka,city,06_10,2025,0.20530380735887463
Sri Lanka,city,06_10,2030,0.20806488310147914
Sri Lanka,city,06_10,2035,0.2110587009378962
Sri Lanka,city,06_10,2040,0.21417804452487493
Sri Lanka,city,06_10,2045,0.21740194166817675
Sri Lanka,city,06_10,2050,0.22069735775575294
Sri Lanka,city,06_10,2055,0.22400574904373025
Sri Lanka,city,06_10,2060,0.2272264807698781
Sri Lanka,city,06_10,2065,0.23029494729080036
Sri Lanka,city,06_10,2070,0.23318862892985576
Sri Lanka,city,06_10,2075,0.23600587592503283
Sri Lanka,city,06_10,2080,0.23866562998999338
Sri Lanka,city,06_10,2085,0.24117345427349463
Sri Lanka,city,06_10,2090,0.24347715585248972
Sri Lanka,city,06_10,2095,0.2455845298912157
Sri Lanka,city,06_10,2100,0.24757326837089555
Sri Lanka,city,11_20,2011,0.34492847757715667
Sri Lanka,city,11_20,2012,0.34802685690767743
Sri Lanka,city,11_20,2013,0.3494497703673534
Sri Lanka,city,11_20,2014,0.3517865550796432
Sri Lanka,city,11_20,2015,0.353293085606795
Sri Lanka,city,11_20,2016,0.35515458498934677
Sri Lanka,city,11_20,2017,0.35758584467948434
Sri Lanka,city,11_20,2018,0.35839484102696195
Sri Lanka,city,11_20,2019,0.35816993415738335
Sri Lanka,city,11_20,2020,0.35608135883191244
Sri Lanka,city,11_20,2025,0.3540451890477176
Sri Lanka,city,11_20,2030,0.35880664766770665
Sri Lanka,city,11_20,2035,0.36396946863778196
Sri Lanka,city,11_20,2040,0.3693487580146525
Sri Lanka,city,11_20,2045,0.37490834937466805
Sri Lanka,city,11_20,2050,0.38059127472674076
Sri Lanka,city,11_20,2055,0.3862965757343751
Sri Lanka,city,11_20,2060,0.3918507083514227
Sri Lanka,city,11_20,2065,0.39714226053188234
Sri Lanka,city,11_20,2070,0.40213239722794686
Sri Lanka,city,11_20,2075,0.4069907228373597
Sri Lanka,city,11_20,2080,0.4115774528296746
Sri Lanka,city,11_20,2085,0.4159021808216822
Sri Lanka,city,11_20,2090,0.4198749004294542
Sri Lanka,city,11_20,2095,0.42350905436713926
Sri Lanka,city,11_20,2100,0.426938621992127
Sri Lanka,city,21_30,2011,0.3020747578557574
Sri Lanka,city,21_30,2012,0.3047881962838819
Sri Lanka,city,21_30,2013,0.3060343277769975
Sri Lanka,city,21_30,2014,0.3080807916731775
Sri Lanka,city,21_30,2015,0.30940015169641566
Sri Lanka,city,21_30,2016,0.31103037944444833
Sri Lanka,city,21_30,2017,0.31315958080045553
Sri Lanka,city,21_30,2018,0.31386806789751126
Sri Lanka,city,21_30,2019,0.3136711033306965
Sri Lanka,city,21_30,2020,0.3118420114269583
Sri Lanka,city,21_30,2025,0.3100588142295732
Sri Lanka,city,21_30,2030,0.31422871191322177
Sri Lanka,city,21_30,2035,0.3187501069147095
Sri Lanka,city,21_30,2040,0.3234610764100906
Sri Lanka,city,21_30,2045,0.32832994727181286
Sri Lanka,city,21_30,2050,0.33330682917990556
Sri Lanka,city,21_30,2055,0.3383033068047194
Sri Lanka,city,21_30,2060,0.34316739711462463
Sri Lanka,city,21_30,2065,0.3478015298334457
Sri Lanka,city,21_30,2070,0.3521716947578354
Sri Lanka,city,21_30,2075,0.35642642473071656
Sri Lanka,city,21_30,2080,0.3604433019729511
Sri Lanka,city,21_30,2085,0.3642307281957844
Sri Lanka,city,21_30,2090,0.367709879357718
Sri Lanka,city,21_30,2095,0.37089252805766826
Sri Lanka,city,21_30,2100,0.3738960081331468
Sri Lanka,city,31_50,2011,0.44826275741542626
Sri Lanka,city,31_50,2012,0.45228935467400583
Sri Lanka,city,31_50,2013,0.4541385470499969
Sri Lanka,city,31_50,2014,0.45717538983542017
Sri Lanka,city,31_50,2015,0.4591332494269946
Sri Lanka,city,31_50,2016,0.46155242006785047
Sri Lanka,city,31_50,2017,0.46471204081111095
Sri Lanka,city,31_50,2018,0.46576339770691316
Sri Lanka,city,31_50,2019,0.4654711128418677
Sri Lanka,city,31_50,2020,0.4627568384478204
Sri Lanka,city,31_50,2025,0.460110669339255
Sri Lanka,city,31_50,2030,0.4662985741052171
Sri Lanka,city,31_50,2035,0.4730080820598639
Sri Lanka,city,31_50,2040,0.4799989084072539
Sri Lanka,city,31_50,2045,0.48722405192294427
Sri Lanka,city,31_50,2050,0.494609478044904
Sri Lanka,city,31_50,2055,0.5020239831606641
Sri Lanka,city,31_50,2060,0.5092420325935696
Sri Lanka,city,31_50,2065,0.5161188372809699
Sri Lanka,city,31_50,2070,0.5226039279031479
Sri Lanka,city,31_50,2075,0.5289177192415573
Sri Lanka,city,31_50,2080,0.5348785498703221
Sri Lanka,city,31_50,2085,0.5404988874788205
Sri Lanka,city,31_50,2090,0.545661761412359
Sri Lanka,city,31_50,2095,0.5503846415770286
Sri Lanka,city,31_50,2100,0.5548416451016964
Sri Lanka,city,51+,2011,0.5770710661778331
Sri Lanka,city,51+,2012,0.5822547062073433
Sri Lanka,city,51+,2013,0.5846352640349305
Sri Lanka,city,51+,2014,0.5885447436314578
Sri Lanka,city,51+,2015,0.5910651942003399
Sri Lanka,city,51+,2016,0.5941795135540912
Sri Lanka,city,51+,2017,0.5982470513561244
Sri Lanka,city,51+,2018,0.5996005156686455
Sri Lanka,city,51+,2019,0.5992242427440957
Sri Lanka,city,51+,2020,0.5957300215701058
Sri Lanka,city,51+,2025,0.5923234757362044
Sri Lanka,city,51+,2030,0.6002894750114718
Sri Lanka,city,51+,2035,0.6089269601579981
Sri Lanka,city,51+,2040,0.6179266005408233
Sri Lanka,city,51+,2045,0.6272278891330926
Sri Lanka,city,51+,2050,0.6367355175404805
Sri Lanka,city,51+,2055,0.6462805807908888
Sri Lanka,city,51+,2060,0.6555727368155992
Sri Lanka,city,51+,2065,0.6644255914130582
Sri Lanka,city,51+,2070,0.6727741729039179
Sri Lanka,city,51+,2075,0.6809022322597472
Sri Lanka,city,51+,2080,0.6885759076417485
Sri Lanka,city,51+,2085,0.6958112493299936
Sri Lanka,city,51+,2090,0.7024576751507488
Sri Lanka,city,51+,2095,0.7085376749878315
Sri Lanka,city,51+,2100,0.7142753985291936
Sri Lanka,town,No_travel,2011,0.0
Sri Lanka,town,No_travel,2012,0.0
Sri Lanka,town,No_travel,2013,0.0
Sri Lanka,town,No_travel,2014,0.0
Sri Lanka,town,No_travel,2015,0.0
Sri Lanka,town,No_travel,2016,0.0
Sri Lanka,town,No_travel,2017,0.0
Sri Lanka,town,No_travel,2018,0.0
Sri Lanka,town,No_travel,2019,0.0
Sri Lanka,town,No_travel,2020,0.0
Sri Lanka,town,No_travel,2025,0.0
Sri Lanka,town,No_travel,2030,0.0
Sri Lanka,town,No_travel,2035,0.0
Sri Lanka,town,No_travel,2040,0.0
Sri Lanka,town,No_travel,2045,0.0
Sri Lanka,town,No_travel,2050,0.0
Sri Lanka,town,No_travel,2055,0.0
Sri Lanka,town,No_travel,2060,0.0
Sri Lanka,town,No_travel,2065,0.0
Sri Lanka,town,No_travel,2070,0.0
Sri Lanka,town,No_travel,2075,0.0
Sri Lanka,town,No_travel,2080,0.0
Sri Lanka,town,No_travel,2085,0.0
Sri Lanka,town,No_travel,2090,0.0
Sri Lanka,town,No_travel,2095,0.0
Sri Lanka,town,No_travel,2100,0.0
Sri Lanka,town,00_01,2011,0.027047867565327503
Sri Lanka,town,00_01,2012,0.02729082968427962
Sri Lanka,town,00_01,2013,0.027402408684901944
Sri Lanka,town,00_01,2014,0.027585649697272563
Sri Lanka,town,00_01,2015,0.02770378560320805
Sri Lanka,town,00_01,2016,0.02784975670169741
Sri Lanka,town,00_01,2017,0.02804040605189799
Sri Lanka,town,00_01,2018,0.02810384420644269
Sri Lanka,town,00_01,2019,0.028086207938003434
Sri Lanka,town,00_01,2020,0.027922430481296015
Sri Lanka,town,00_01,2025,0.02776276245083859
Sri Lanka,town,00_01,2030,0.028136136383532916
Sri Lanka,town,00_01,2035,0.028540983495151457
Sri Lanka,town,00_01,2040,0.028962805165786414
Sri Lanka,town,00_01,2045,0.02939876537376722
Sri Lanka,town,00_01,2050,0.02984439692436055
Sri Lanka,town,00_01,2055,0.030291783081510485
Sri Lanka,town,00_01,2060,0.03072731523739798
Sri Lanka,town,00_01,2065,0.031142256919213962
Sri Lanka,town,00_01,2070,0.03153356284279588
Sri Lanka,town,00_01,2075,0.03191453268499525
Sri Lanka,town,00_01,2080,0.03227420511987647
Sri Lanka,town,00_01,2085,0.03261333243927189
Sri Lanka,town,00_01,2090,0.03292485671404321
Sri Lanka,town,00_01,2095,0.03320983206635094
Sri Lanka,town,00_01,2100,0.033478764604419654
Sri Lanka,town,02_05,2011,0.08140578256416522
Sri Lanka,town,02_05,2012,0.08213702399674673
Sri Lanka,town,02_05,2013,0.08247284255403038
Sri Lanka,town,02_05,2014,0.08302434177938899
Sri Lanka,town,02_05,2015,0.08337989460988025
Sri Lanka,town,02_05,2016,0.08381922282958469
Sri Lanka,town,02_05,2017,0.08439301887879054
Sri Lanka,town,02_05,2018,0.08458394825992067
Sri Lanka,town,02_05,2019,0.08453086850306583
Sri Lanka,town,02_05,2020,0.08403794860845919
Sri Lanka,town,02_05,2025,0.08355739682601376
Sri Lanka,town,02_05,2030,0.08468113780509948
Sri Lanka,town,02_05,2035,0.08589960339616871
Sri Lanka,town,02_05,2040,0.08716915720175525
Sri Lanka,town,02_05,2045,0.08848126366677682
Sri Lanka,town,02_05,2050,0.08982247790570765
Sri Lanka,town,02_05,2055,0.09116897297202672
Sri Lanka,town,02_05,2060,0.09247979113158207
Sri Lanka,town,02_05,2065,0.09372863828173678
Sri Lanka,town,02_05,2070,0.09490634905151345
Sri Lanka,town,02_05,2075,0.09605295138763778
Sri Lanka,town,02_05,2080,0.09713545506218985
Sri Lanka,town,02_05,2085,0.09815612424276736
Sri Lanka,town,02_05,2090,0.09909371672817281
Sri Lanka,town,02_05,2095,0.09995140510268437
Sri Lanka,town,02_05,2100,0.10076080952858134
Sri Lanka,town,06_10,2011,0.19908062987368702
Sri Lanka,town,06_10,2012,0.2008689058462608
Sri Lanka,town,06_10,2013,0.20169016163180167
Sri Lanka,town,06_10,2014,0.20303887187941463
Sri Lanka,town,06_10,2015,0.2039083885060963
Sri Lanka,town,06_10,2016,0.20498278071688436
Sri Lanka,town,06_10,2017,0.2063860186110093
Sri Lanka,town,06_10,2018,0.20685294295298487
Sri Lanka,town,06_10,2019,0.20672313458931155
Sri Lanka,town,06_10,2020,0.20551768210172916
Sri Lanka,town,06_10,2025,0.20434247625611554
Sri Lanka,town,06_10,2030,0.20709062331501668
Sri Lanka,town,06_10,2035,0.21007042265738257
Sri Lanka,town,06_10,2040,0.21317515997841363
Sri Lanka,town,06_10,2045,0.2163839612857647
Sri Lanka,town,06_10,2050,0.2196639466513184
Sri Lanka,town,06_10,2055,0.22295684646114852
Sri Lanka,town,06_10,2060,0.22616249717335016
Sri Lanka,town,06_10,2065,0.22921659565920144
Sri Lanka,town,06_10,2070,0.23209672769001094
Sri Lanka,town,06_10,2075,0.23490078298068207
Sri Lanka,town,06_10,2080,0.237548082798733
Sri Lanka,town,06_10,2085,0.24004416424358455
Sri Lanka,town,06_10,2090,0.24233707878454147
Sri Lanka,town,06_10,2095,0.2444345850851352
Sri Lanka,town,06_10,2100,0.24641401133539093
Sri Lanka,town,11_20,2011,0.46310481127692005
Sri Lanka,town,11_20,2012,0.46726472983512074
Sri Lanka,town,11_20,2013,0.4691751492757981
Sri Lanka,town,11_20,2014,0.47231254242692655
Sri Lanka,town,11_20,2015,0.4743352270726254
Sri Lanka,town,11_20,2016,0.47683449685256374
Sri Lanka,town,11_20,2017,0.4800987331599718
Sri Lanka,town,11_20,2018,0.4811849006560682
Sri Lanka,town,11_20,2019,0.480882938190914
Sri Lanka,town,11_20,2020,0.4780787937238238
Sri Lanka,town,11_20,2025,0.47534500951945524
Sri Lanka,town,11_20,2030,0.4817377968332242
Sri Lanka,town,11_20,2035,0.4886694577033199
Sri Lanka,town,11_20,2040,0.4958917514645601
Sri Lanka,town,11_20,2045,0.5033561206742055
Sri Lanka,town,11_20,2050,0.5109860794736605
Sri Lanka,town,11_20,2055,0.5186460800771987
Sri Lanka,town,11_20,2060,0.5261031203178076
Sri Lanka,town,11_20,2065,0.5332076171430823
Sri Lanka,town,11_20,2070,0.5399074301858022
Sri Lanka,town,11_20,2075,0.5464302721972035
Sri Lanka,town,11_20,2080,0.5525884669116253
Sri Lanka,town,11_20,2085,0.5583948948256983
Sri Lanka,town,11_20,2090,0.5637287123670517
Sri Lanka,town,11_20,2095,0.5686079678732499
Sri Lanka,town,11_20,2100,0.5732125435200262
Sri Lanka,town,21_30,2011,0.4152421813255062
Sri Lanka,town,21_30,2012,0.4189721655843197
Sri Lanka,town,21_30,2013,0.42068514009133506
Sri Lanka,town,21_30,2014,0.4234982785948158
Sri Lanka,town,21_30,2015,0.42531191551665587
Sri Lanka,town,21_30,2016,0.4275528817296412
Sri Lanka,town,21_30,2017,0.4304797539444054
Sri Lanka,town,21_30,2018,0.4314536642761083
Sri Lanka,town,21_30,2019,0.43118291011926135
Sri Lanka,town,21_30,2020,0.4286685785102768
Sri Lanka,town,21_30,2025,0.4262173353172614
Sri Lanka,town,21_30,2030,0.43194941774067663
Sri Lanka,town,21_30,2035,0.43816468026833383
Sri Lanka,town,21_30,2040,0.44464053830859435
Sri Lanka,town,21_30,2045,0.45133345290882443
Sri Lanka,town,21_30,2050,0.45817484314740464
Sri Lanka,town,21_30,2055,0.465043170321112
Sri Lanka,town,21_30,2060,0.4717295134130885
Sri Lanka,town,21_30,2065,0.4780997490209046
Sri Lanka,town,21_30,2070,0.4841071255684753
Sri Lanka,town,21_30,2075,0.4899558213265427
Sri Lanka,town,21_30,2080,0.49547755667451476
Sri Lanka,town,21_30,2085,0.5006838808888991
Sri Lanka,town,21_30,2090,0.5054664397756378
Sri Lanka,town,21_30,2095,0.5098414163474677
Sri Lanka,town,21_30,2100,0.5139701016668313
Sri Lanka,town,31_50,2011,0.5954906855894606
Sri Lanka,town,31_50,2012,0.6008397830159997
Sri Lanka,town,31_50,2013,0.6032963262321144
Sri Lanka,town,31_50,2014,0.607330593104397
Sri Lanka,town,31_50,2015,0.6099314943195611
Sri Lanka,town,31_50,2016,0.6131452201079519
Sri Lanka,town,31_50,2017,0.6173425902697188
Sri Lanka,town,31_50,2018,0.6187392560161445
Sri Lanka,town,31_50,2019,0.6183509727787039
Sri Lanka,town,31_50,2020,0.6147452190259083
Sri Lanka,town,31_50,2025,0.6112299391357592
Sri Lanka,town,31_50,2030,0.6194502063573569
Sri Lanka,town,31_50,2035,0.6283633927101946
Sri Lanka,town,31_50,2040,0.6376502939875767
Sri Lanka,town,31_50,2045,0.6472484718296261
Sri Lanka,town,31_50,2050,0.6570595756788364
Sri Lanka,town,31_50,2055,0.6669093092595334
Sri Lanka,town,31_50,2060,0.6764980630302064
Sri Lanka,town,31_50,2065,0.6856334932443425
Sri Lanka,town,31_50,2070,0.6942485543816471
Sri Lanka,town,31_50,2075,0.7026360545042455
Sri Lanka,town,31_50,2080,0.7105546671016248
Sri Lanka,town,31_50,2085,0.7180209547651955
Sri Lanka,town,31_50,2090,0.7248795288658441
Sri Lanka,town,31_50,2095,0.7311535971454214
Sri Lanka,town,31_50,2100,0.73707446395997
Sri Lanka,town,51+,2011,0.6754469694604288
Sri Lanka,town,51+,2012,0.6815142879484216
Sri Lanka,town,51+,2013,0.6843006701888604
Sri Lanka,town,51+,2014,0.688876616377138
Sri Lanka,town,51+,2015,0.6918267395044368
Sri Lanka,town,51+,2016,0.6954719709026352
Sri Lanka,town,51+,2017,0.7002329201904696
Sri Lanka,town,51+,2018,0.701817115659184
Sri Lanka,town,51+,2019,0.701376697794777
Sri Lanka,town,51+,2020,0.6972868010022931
Sri Lanka,town,51+,2025,0.6932995259599369
Sri Lanka,town,51+,2030,0.7026235250036617
Sri Lanka,town,51+,2035,0.7127334811389131
Sri Lanka,town,51+,2040,0.7232673307444307
Sri Lanka,town,51+,2045,0.7341542518880202
Sri Lanka,town,51+,2050,0.7452826885241883
Sri Lanka,town,51+,2055,0.7564549416896409
Sri Lanka,town,51+,2060,0.7673311733957545
Sri Lanka,town,51+,2065,0.7776932139820777
Sri Lanka,town,51+,2070,0.7874650157545078
Sri Lanka,town,51+,2075,0.7969787019905068
Sri Lanka,town,51+,2080,0.8059605433705053
Sri Lanka,town,51+,2085,0.8144293263380953
Sri Lanka,town,51+,2090,0.8222087982982943
Sri Lanka,town,51+,2095,0.8293252830866893
Sri Lanka,town,51+,2100,0.8360411421979145
Sri Lanka,rural,No_travel,2011,0.0
Sri Lanka,rural,No_travel,2012,0.0
Sri Lanka,rural,No_travel,2013,0.0
Sri Lanka,rural,No_travel,2014,0.0
Sri Lanka,rural,No_travel,2015,0.0
Sri Lanka,rural,No_travel,2016,0.0
Sri Lanka,rural,No_travel,2017,0.0
Sri Lanka,rural,No_travel,2018,0.0
Sri Lanka,rural,No_travel,2019,0.0
Sri Lanka,rural,No_travel,2020,0.0
Sri Lanka,rural,No_travel,2025,0.0
Sri Lanka,rural,No_travel,2030,0.0
Sri Lanka,rural,No_travel,2035,0.0
Sri Lanka,rural,No_travel,2040,0.0
Sri Lanka,rural,No_travel,2045,0.0
Sri Lanka,rural,No_travel,2050,0.0
Sri Lanka,rural,No_travel,2055,0.0
Sri Lanka,rural,No_travel,2060,0.0
Sri Lanka,rural,No_travel,2065,0.0
Sri Lanka,rural,No_travel,2070,0.0
Sri Lanka,rural,No_travel,2075,0.0
Sri Lanka,rural,No_travel,2080,0.0
Sri Lanka,rural,No_travel,2085,0.0
Sri Lanka,rural,No_travel,2090,0.0
Sri Lanka,rural,No_travel,2095,0.0
Sri Lanka,rural,No_travel,2100,0.0
Sri Lanka,rural,00_01,2011,0.034010264700701204
Sri Lanka,rural,00_01,2012,0.03431576774850514
Sri Lanka,rural,00_01,2013,0.0344560683225537
Sri Lanka,rural,00_01,2014,0.03468647744148691
Sri Lanka,rural,00_01,2015,0.034835022735189604
Sri Lanka,rural,00_01,2016,0.035018568284068255
Sri Lanka,rural,00_01,2017,0.0352582927225911
Sri Lanka,rural,00_01,2018,0.03533806050550331
Sri Lanka,rural,00_01,2019,0.035315884481589295
Sri Lanka,rural,00_01,2020,0.035109949036173
Sri Lanka,rural,00_01,2025,0.03490918082526021
Sri Lanka,rural,00_01,2030,0.03537866501851891
Sri Lanka,rural,00_01,2035,0.03588772390814137
Sri Lanka,rural,00_01,2040,0.0364181267814968
Sri Lanka,rural,00_01,2045,0.03696630759599497
Sri Lanka,rural,00_01,2050,0.037526649255390385
Sri Lanka,rural,00_01,2055,0.03808919717497588
Sri Lanka,rural,00_01,2060,0.03863683975240364
Sri Lanka,rural,00_01,2065,0.03915859165760766
Sri Lanka,rural,00_01,2070,0.03965062371920476
Sri Lanka,rural,00_01,2075,0.04012965908659151
Sri Lanka,rural,00_01,2080,0.04058191487667594
Sri Lanka,rural,00_01,2085,0.041008337028885185
Sri Lanka,rural,00_01,2090,0.04140005083109442
Sri Lanka,rural,00_01,2095,0.041758381747265635
Sri Lanka,rural,00_01,2100,0.04209654026509546
Sri Lanka,rural,02_05,2011,0.1002189696232352
Sri Lanka,rural,02_05,2012,0.10111920374187872
Sri Lanka,rural,02_05,2013,0.10153263124949836
Sri Lanka,rural,02_05,2014,0.10221158405079213
Sri Lanka,rural,02_05,2015,0.10264930649747916
Sri Lanka,rural,02_05,2016,0.10319016514557933
Sri Lanka,rural,02_05,2017,0.10389656765181365
Sri Lanka,rural,02_05,2018,0.10413162154165964
Sri Lanka,rural,02_05,2019,0.10406627485040156
Sri Lanka,rural,02_05,2020,0.10345943928678131
Sri Lanka,rural,02_05,2025,0.1028678301532492
Sri Lanka,rural,02_05,2030,0.104251271961681
Sri Lanka,rural,02_05,2035,0.10575132960146935
Sri Lanka,rural,02_05,2040,0.10731428213714277
Sri Lanka,rural,02_05,2045,0.10892962141426105
Sri Lanka,rural,02_05,2050,0.11058079538293718
Sri Lanka,rural,02_05,2055,0.11223847059836678
Sri Lanka,rural,02_05,2060,0.11385222383770842
Sri Lanka,rural,02_05,2065,0.1153896843308468
Sri Lanka,rural,02_05,2070,0.11683956855458943
Sri Lanka,rural,02_05,2075,0.1182511550669284
Sri Lanka,rural,02_05,2080,0.11958382947235487
Sri Lanka,rural,02_05,2085,0.12084037919624019
Sri Lanka,rural,02_05,2090,0.12199465288361316
Sri Lanka,rural,02_05,2095,0.12305055631508774
Sri Lanka,rural,02_05,2100,0.12404701719313338
Sri Lanka,rural,06_10,2011,0.20903713331151952
Sri Lanka,rural,06_10,2012,0.21091484528738513
Sri Lanka,rural,06_10,2013,0.211777174059571
Sri Lanka,rural,06_10,2014,0.21319333656622855
Sri Lanka,rural,06_10,2015,0.2141063398208574
Sri Lanka,rural,06_10,2016,0.21523446498269688
Sri Lanka,rural,06_10,2017,0.21670788219525083
Sri Lanka,rural,06_10,2018,0.21719815855203084
Sri Lanka,rural,06_10,2019,0.21706185815836948
Sri Lanka,rural,06_10,2020,0.21579611807854684
Sri Lanka,rural,06_10,2025,0.21456213734835788
Sri Lanka,rural,06_10,2030,0.2174477258833935
Sri Lanka,rural,06_10,2035,0.2205765521924469
Sri Lanka,rural,06_10,2040,0.2238365649304285
Sri Lanka,rural,06_10,2045,0.22720584614618772
Sri Lanka,rural,06_10,2050,0.23064987150693778
Sri Lanka,rural,06_10,2055,0.2341074571945342
Sri Lanka,rural,06_10,2060,0.2374734302462662
Sri Lanka,rural,06_10,2065,0.2406802715785368
Sri Lanka,rural,06_10,2070,0.24370444597290702
Sri Lanka,rural,06_10,2075,0.2466487388455024
Sri Lanka,rural,06_10,2080,0.24942843652544539
Sri Lanka,rural,06_10,2085,0.25204935303588083
Sri Lanka,rural,06_10,2090,0.2544569417745444
Sri Lanka,rural,06_10,2095,0.25665934943448176
Sri Lanka,rural,06_10,2100,0.25873777157538796
Sri Lanka,rural,11_20,2011,0.42565676697973387
Sri Lanka,rural,11_20,2012,0.42948030204407567
Sri Lanka,rural,11_20,2013,0.4312362392377571
Sri Lanka,rural,11_20,2014,0.4341199333668927
Sri Lanka,rural,11_20,2015,0.43597905766433576
Sri Lanka,rural,11_20,2016,0.43827622899236707
Sri Lanka,rural,11_20,2017,0.4412765093596517
Sri Lanka,rural,11_20,2018,0.4422748460936452
Sri Lanka,rural,11_20,2019,0.4419973012192735
Sri Lanka,rural,11_20,2020,0.4394199082858799
Sri Lanka,rural,11_20,2025,0.4369071860732921
Sri Lanka,rural,11_20,2030,0.44278303342729597
Sri Lanka,rural,11_20,2035,0.4491541794053078
Sri Lanka,rural,11_20,2040,0.4557924568270233
Sri Lanka,rural,11_20,2045,0.4626532347501895
Sri Lanka,rural,11_20,2050,0.46966621219218496
Sri Lanka,rural,11_20,2055,0.47670680216786365
Sri Lanka,rural,11_20,2060,0.48356084376441566
Sri Lanka,rural,11_20,2065,0.4900908496637841
Sri Lanka,rural,11_20,2070,0.49624889572525666
Sri Lanka,rural,11_20,2075,0.5022442811638942
Sri Lanka,rural,11_20,2080,0.507904505779883
Sri Lanka,rural,11_20,2085,0.5132414085142561
Sri Lanka,rural,11_20,2090,0.5181439175684208
Sri Lanka,rural,11_20,2095,0.5226286218372229
Sri Lanka,rural,11_20,2100,0.5268608576840417
Sri Lanka,rural,21_30,2011,0.4472028880076915
Sri Lanka,rural,21_30,2012,0.451219964807163
Sri Lanka,rural,21_30,2013,0.4530647849653066
Sri Lanka,rural,21_30,2014,0.45609444746035077
Sri Lanka,rural,21_30,2015,0.45804767790205403
Sri Lanka,rural,21_30,2016,0.46046112867233857
Sri Lanka,rural,21_30,2017,0.46361327882985354
Sri Lanka,rural,21_30,2018,0.4646621499045786
Sri Lanka,rural,21_30,2019,0.4643705561158755
Sri Lanka,rural,21_30,2020,0.4616626993337017
Sri Lanka,rural,21_30,2025,0.4590227868093371
Sri Lanka,rural,21_30,2030,0.4651960609354548
Sri Lanka,rural,21_30,2035,0.4718897049752337
Sri Lanka,rural,21_30,2040,0.4788640022604658
Sri Lanka,rural,21_30,2045,0.486072062696083
Sri Lanka,rural,21_30,2050,0.49344002676686793
Sri Lanka,rural,21_30,2055,0.5008370010772785
Sri Lanka,rural,21_30,2060,0.5080379842033117
Sri Lanka,rural,21_30,2065,0.5148985294205897
Sri Lanka,rural,21_30,2070,0.5213682867387108
Sri Lanka,rural,21_30,2075,0.5276671497919221
Sri Lanka,rural,21_30,2080,0.5336138866733844
Sri Lanka,rural,21_30,2085,0.5392209355939562
Sri Lanka,rural,21_30,2090,0.5443716024635626
Sri Lanka,rural,21_30,2095,0.5490833158825678
Sri Lanka,rural,21_30,2100,0.5535297812984862
Sri Lanka,rural,31_50,2011,0.6971136503841371
Sri Lanka,rural,31_50,2012,0.703375593557243
Sri Lanka,rural,31_50,2013,0.7062513561008955
Sri Lanka,rural,31_50,2014,0.7109740874114228
Sri Lanka,rural,31_50,2015,0.7140188432476904
Sri Lanka,rural,31_50,2016,0.7177810047220737
Sri Lanka,rural,31_50,2017,0.7226946735775092
Sri Lanka,rural,31_50,2018,0.7243296861485178
Sri Lanka,rural,31_50,2019,0.723875140760008
Sri Lanka,rural,31_50,2020,0.7196540501169033
Sri Lanka,rural,31_50,2025,0.7155388730777896
Sri Lanka,rural,31_50,2030,0.725161963125468
Sri Lanka,rural,31_50,2035,0.7355962218390701
Sri Lanka,rural,31_50,2040,0.7464679714850356
Sri Lanka,rural,31_50,2045,0.7577041183374148
Sri Lanka,rural,31_50,2050,0.769189527906585
Sri Lanka,rural,31_50,2055,0.7807201595317531
Sri Lanka,rural,31_50,2060,0.791945274055739
Sri Lanka,rural,31_50,2065,0.8026397034708724
Sri Lanka,rural,31_50,2070,0.8127249606596797
Sri Lanka,rural,31_50,2075,0.8225438225991811
Sri Lanka,rural,31_50,2080,0.8318137794050927
Sri Lanka,rural,31_50,2085,0.8405542201440064
Sri Lanka,rural,31_50,2090,0.8485832384702972
Sri Lanka,rural,31_50,2095,0.855928002623587
Sri Lanka,rural,31_50,2100,0.8628592900113026
Sri Lanka,rural,51+,2011,0.7901436965792114
Sri Lanka,rural,51+,2012,0.7972412981307523
Sri Lanka,rural,51+,2013,0.80050083213281
Sri Lanka,rural,51+,2014,0.8058538134918669
Sri Lanka,rural,51+,2015,0.8093048929970867
Sri Lanka,rural,51+,2016,0.8135691161590619
Sri Lanka,rural,51+,2017,0.8191385157412684
Sri Lanka,rural,51+,2018,0.8209917212782686
Sri Lanka,rural,51+,2019,0.8204765166579857
Sri Lanka,rural,51+,2020,0.8156921200786034
Sri Lanka,rural,51+,2025,0.8110277713085406
Sri Lanka,rural,51+,2030,0.8219350658918518
Sri Lanka,rural,51+,2035,0.8337617798666626
Sri Lanka,rural,51+,2040,0.8460843680828212
Sri Lanka,rural,51+,2045,0.8588199824325812
Sri Lanka,rural,51+,2050,0.8718381236907672
Sri Lanka,rural,51+,2055,0.8849075219032151
Sri Lanka,rural,51+,2060,0.8976306316567249
Sri Lanka,rural,51+,2065,0.9097522361988575
Sri Lanka,rural,51+,2070,0.9211833742804675
Sri Lanka,rural,51+,2075,0.9323125665790308
Sri Lanka,rural,51+,2080,0.9428196021731788
Sri Lanka,rural,51+,2085,0.9527264576068247
Sri Lanka,rural,51+,2090,0.9618269510726202
Sri Lanka,rural,51+,2095,0.9701518764207108
Sri Lanka,rural,51+,2100,0.9780081463927083
