n,area_type,trip_dist,y,value
Afghanistan,large_city,No_travel,2011,0.0
Afghanistan,large_city,No_travel,2012,0.0
Afghanistan,large_city,No_travel,2013,0.0
Afghanistan,large_city,No_travel,2014,0.0
Afghanistan,large_city,No_travel,2015,0.0
Afghanistan,large_city,No_travel,2016,0.0
Afghanistan,large_city,No_travel,2017,0.0
Afghanistan,large_city,No_travel,2018,0.0
Afghanistan,large_city,No_travel,2019,0.0
Afghanistan,large_city,No_travel,2020,0.0
Afghanistan,large_city,No_travel,2025,0.0
Afghanistan,large_city,No_travel,2030,0.0
Afghanistan,large_city,No_travel,2035,0.0
Afghanistan,large_city,No_travel,2040,0.0
Afghanistan,large_city,No_travel,2045,0.0
Afghanistan,large_city,No_travel,2050,0.0
Afghanistan,large_city,No_travel,2055,0.0
Afghanistan,large_city,No_travel,2060,0.0
Afghanistan,large_city,No_travel,2065,0.0
Afghanistan,large_city,No_travel,2070,0.0
Afghanistan,large_city,No_travel,2075,0.0
Afghanistan,large_city,No_travel,2080,0.0
Afghanistan,large_city,No_travel,2085,0.0
Afghanistan,large_city,No_travel,2090,0.0
Afghanistan,large_city,No_travel,2095,0.0
Afghanistan,large_city,No_travel,2100,0.0
Afghanistan,large_city,00_01,2011,0.0204991553484746
Afghanistan,large_city,00_01,2012,0.02036493298602442
Afghanistan,large_city,00_01,2013,0.020330913766481065
Afghanistan,large_city,00_01,2014,0.02034768929319841
Afghanistan,large_city,00_01,2015,0.020375907440854074
Afghanistan,large_city,00_01,2016,0.02038215866628126
Afghanistan,large_city,00_01,2017,0.02038612506910893
Afghanistan,large_city,00_01,2018,0.02041535713313783
Afghanistan,large_city,00_01,2019,0.020399467984902366
Afghanistan,large_city,00_01,2020,0.020492777373445983
Afghanistan,large_city,00_01,2025,0.02041558910915342
Afghanistan,large_city,00_01,2030,0.020118087818667852
Afghanistan,large_city,00_01,2035,0.019766719743296707
Afghanistan,large_city,00_01,2040,0.019378374756457796
Afghanistan,large_city,00_01,2045,0.018969856644032834
Afghanistan,large_city,00_01,2050,0.018554160455506463
Afghanistan,large_city,00_01,2055,0.018140275442396072
Afghanistan,large_city,00_01,2060,0.017734850267179476
Afghanistan,large_city,00_01,2065,0.017342636641761926
Afghanistan,large_city,00_01,2070,0.016965390825880205
Afghanistan,large_city,00_01,2075,0.016605947562489634
Afghanistan,large_city,00_01,2080,0.016264347569562673
Afghanistan,large_city,00_01,2085,0.015941510433230284
Afghanistan,large_city,00_01,2090,0.015641922400776127
Afghanistan,large_city,00_01,2095,0.0153663704842041
Afghanistan,large_city,00_01,2100,0.015112969923326622
Afghanistan,large_city,02_05,2011,0.0599141683583879
Afghanistan,large_city,02_05,2012,0.05952186823262203
Afghanistan,large_city,02_05,2013,0.05942243812379595
Afghanistan,large_city,02_05,2014,0.05947146900896939
Afghanistan,large_city,02_05,2015,0.05955394396077413
Afghanistan,large_city,02_05,2016,0.05957221480980785
Afghanistan,large_city,02_05,2017,0.05958380766437938
Afghanistan,large_city,02_05,2018,0.05966924605322602
Afghanistan,large_city,02_05,2019,0.059622805842092064
Afghanistan,large_city,02_05,2020,0.05989552705033622
Afghanistan,large_city,02_05,2025,0.0596699240640912
Afghanistan,large_city,02_05,2030,0.05880039836403271
Afghanistan,large_city,02_05,2035,0.05777343282981054
Afghanistan,large_city,02_05,2040,0.056638392554878736
Afghanistan,large_city,02_05,2045,0.055444391019244664
Afghanistan,large_city,02_05,2050,0.05422940966991983
Afghanistan,large_city,02_05,2055,0.053019721956696325
Afghanistan,large_city,02_05,2060,0.05183476034282849
Afghanistan,large_city,02_05,2065,0.05068841295503383
Afghanistan,large_city,02_05,2070,0.04958581292391026
Afghanistan,large_city,02_05,2075,0.04853524553067016
Afghanistan,large_city,02_05,2080,0.04753682978428805
Afghanistan,large_city,02_05,2085,0.04659325341688431
Afghanistan,large_city,02_05,2090,0.04571762866505997
Afghanistan,large_city,02_05,2095,0.04491225577821069
Afghanistan,large_city,02_05,2100,0.04417162604940321
Afghanistan,large_city,06_10,2011,0.0468854192381946
Afghanistan,large_city,06_10,2012,0.046578427480356836
Afghanistan,large_city,06_10,2013,0.046500619134435636
Afghanistan,large_city,06_10,2014,0.0465389879154763
Afghanistan,large_city,06_10,2015,0.04660352812020526
Afghanistan,large_city,06_10,2016,0.046617825847107844
Afghanistan,large_city,06_10,2017,0.04662689775550023
Afghanistan,large_city,06_10,2018,0.046693756977448354
Afghanistan,large_city,06_10,2019,0.046657415510510156
Afghanistan,large_city,06_10,2020,0.04687083161114246
Afghanistan,large_city,06_10,2025,0.04669428755017486
Afghanistan,large_city,06_10,2030,0.04601384621046094
Afghanistan,large_city,06_10,2035,0.04521020141433915
Afghanistan,large_city,06_10,2040,0.04432198347523522
Afghanistan,large_city,06_10,2045,0.043387625808207465
Afghanistan,large_city,06_10,2050,0.04243685053266769
Afghanistan,large_city,06_10,2055,0.04149021775555035
Afghanistan,large_city,06_10,2060,0.04056293421695504
Afghanistan,large_city,06_10,2065,0.039665867974662164
Afghanistan,large_city,06_10,2070,0.0388030359246194
Afghanistan,large_city,06_10,2075,0.037980921656498315
Afghanistan,large_city,06_10,2080,0.03719961829995115
Afghanistan,large_city,06_10,2085,0.03646122912121221
Afghanistan,large_city,06_10,2090,0.03577601501060231
Afghanistan,large_city,06_10,2095,0.035145776012421893
Afghanistan,large_city,06_10,2100,0.03456620132605227
Afghanistan,large_city,11_20,2011,0.0406330553046253
Afghanistan,large_city,11_20,2012,0.04036700216322299
Afghanistan,large_city,11_20,2013,0.040299569880983696
Afghanistan,large_city,11_20,2014,0.040332822026903005
Afghanistan,large_city,11_20,2015,0.04038875552927398
Afghanistan,large_city,11_20,2016,0.04040114659535385
Afghanistan,large_city,11_20,2017,0.040409008727364526
Afghanistan,large_city,11_20,2018,0.04046695199644868
Afghanistan,large_city,11_20,2019,0.04043545681393897
Afghanistan,large_city,11_20,2020,0.04062041299777588
Afghanistan,large_city,11_20,2025,0.040467411815114894
Afghanistan,large_city,11_20,2030,0.039877710133069885
Afghanistan,large_city,11_20,2035,0.03918123468341689
Afghanistan,large_city,11_20,2040,0.0384114642680386
Afghanistan,large_city,11_20,2045,0.03760170704765928
Afghanistan,large_city,11_20,2050,0.03677772157454217
Afghanistan,large_city,11_20,2055,0.03595732618060602
Afghanistan,large_city,11_20,2060,0.03515369972447064
Afghanistan,large_city,11_20,2065,0.03437626096360946
Afghanistan,large_city,11_20,2070,0.03362849112433649
Afghanistan,large_city,11_20,2075,0.032916009182912945
Afghanistan,large_city,11_20,2080,0.03223889584976804
Afghanistan,large_city,11_20,2085,0.031598973911913325
Afghanistan,large_city,11_20,2090,0.031005135927646348
Afghanistan,large_city,11_20,2095,0.030458941897939663
Afghanistan,large_city,11_20,2100,0.02995665588520774
Afghanistan,large_city,21_30,2011,0.0412215199580625
Afghanistan,large_city,21_30,2012,0.04095161372541521
Afghanistan,large_city,21_30,2013,0.04088320486107297
Afghanistan,large_city,21_30,2014,0.04091693857827403
Afghanistan,large_city,21_30,2015,0.04097368213267878
Afghanistan,large_city,21_30,2016,0.04098625265128448
Afghanistan,large_city,21_30,2017,0.04099422864593123
Afghanistan,large_city,21_30,2018,0.041053011073319025
Afghanistan,large_city,21_30,2019,0.04102105976459578
Afghanistan,large_city,21_30,2020,0.04120869456011488
Afghanistan,large_city,21_30,2025,0.04105347755126867
Afghanistan,large_city,21_30,2030,0.04045523556642451
Afghanistan,large_city,21_30,2035,0.03974867347226411
Afghanistan,large_city,21_30,2040,0.038967754924476974
Afghanistan,large_city,21_30,2045,0.038146270466298614
Afghanistan,large_city,21_30,2050,0.037310351695962286
Afghanistan,large_city,21_30,2055,0.03647807499781323
Afghanistan,large_city,21_30,2060,0.035662810092133325
Afghanistan,large_city,21_30,2065,0.03487411214272359
Afghanistan,large_city,21_30,2070,0.03411551279245226
Afghanistan,large_city,21_30,2075,0.03339271239391056
Afghanistan,large_city,21_30,2080,0.032705792826409424
Afghanistan,large_city,21_30,2085,0.03205660327531314
Afghanistan,large_city,21_30,2090,0.0314541650846135
Afghanistan,large_city,21_30,2095,0.03090006084786009
Afghanistan,large_city,21_30,2100,0.030390500522079523
Afghanistan,large_city,31_50,2011,0.0600379215385309
Afghanistan,large_city,31_50,2012,0.05964481111380797
Afghanistan,large_city,31_50,2013,0.05954517563131975
Afghanistan,large_city,31_50,2014,0.05959430779016738
Afghanistan,large_city,31_50,2015,0.05967695309462573
Afghanistan,large_city,31_50,2016,0.05969526168224005
Afghanistan,large_city,31_50,2017,0.05970687848194275
Afghanistan,large_city,31_50,2018,0.05979249334444521
Afghanistan,large_city,31_50,2019,0.05974595721069442
Afghanistan,large_city,31_50,2020,0.060019241726712635
Afghanistan,large_city,31_50,2025,0.059793172755747095
Afghanistan,large_city,31_50,2030,0.05892185104360088
Afghanistan,large_city,31_50,2035,0.05789276430409055
Afghanistan,large_city,31_50,2040,0.05675537959465416
Afghanistan,large_city,31_50,2045,0.05555891183957352
Afghanistan,large_city,31_50,2050,0.05434142093683397
Afghanistan,large_city,31_50,2055,0.053129234604242244
Afghanistan,large_city,31_50,2060,0.05194182544295647
Afghanistan,large_city,31_50,2065,0.05079311026572777
Afghanistan,large_city,31_50,2070,0.049688232805675185
Afghanistan,large_city,31_50,2075,0.04863549545732379
Afghanistan,large_city,31_50,2080,0.047635017475462074
Afghanistan,large_city,31_50,2085,0.046689492143742
Afghanistan,large_city,31_50,2090,0.04581205878219112
Afghanistan,large_city,31_50,2095,0.045005022391388115
Afghanistan,large_city,31_50,2100,0.04426286288612275
Afghanistan,large_city,51+,2011,0.0683410685329549
Afghanistan,large_city,51+,2012,0.06789359157524964
Afghanistan,large_city,51+,2013,0.0677801766674289
Afghanistan,large_city,51+,2014,0.06783610372401135
Afghanistan,large_city,51+,2015,0.06793017873978766
Afghanistan,large_city,51+,2016,0.0679510193753198
Afghanistan,large_city,51+,2017,0.06796424275954549
Afghanistan,large_city,51+,2018,0.06806169801841826
Afghanistan,large_city,51+,2019,0.06800872601298531
Afghanistan,large_city,51+,2020,0.06831980533351459
Afghanistan,large_city,51+,2025,0.06806247139119924
Afghanistan,large_city,51+,2030,0.0670706473020555
Afghanistan,large_city,51+,2035,0.06589923953861228
Afghanistan,large_city,51+,2040,0.0646045563719733
Afghanistan,large_city,51+,2045,0.06324261907048027
Afghanistan,large_city,51+,2050,0.06185675115416719
Afghanistan,large_city,51+,2055,0.06047692142143407
Afghanistan,large_city,51+,2060,0.05912529550253863
Afghanistan,large_city,51+,2065,0.057817714882822314
Afghanistan,large_city,51+,2070,0.05656003466533658
Afghanistan,large_city,51+,2075,0.05536170545227895
Afghanistan,large_city,51+,2080,0.05422286299118136
Afghanistan,large_city,51+,2085,0.0531465730424486
Afghanistan,large_city,51+,2090,0.05214779207271824
Afghanistan,large_city,51+,2095,0.05122914386040362
Afghanistan,large_city,51+,2100,0.05038434490147941
Afghanistan,city,No_travel,2011,0.0
Afghanistan,city,No_travel,2012,0.0
Afghanistan,city,No_travel,2013,0.0
Afghanistan,city,No_travel,2014,0.0
Afghanistan,city,No_travel,2015,0.0
Afghanistan,city,No_travel,2016,0.0
Afghanistan,city,No_travel,2017,0.0
Afghanistan,city,No_travel,2018,0.0
Afghanistan,city,No_travel,2019,0.0
Afghanistan,city,No_travel,2020,0.0
Afghanistan,city,No_travel,2025,0.0
Afghanistan,city,No_travel,2030,0.0
Afghanistan,city,No_travel,2035,0.0
Afghanistan,city,No_travel,2040,0.0
Afghanistan,city,No_travel,2045,0.0
Afghanistan,city,No_travel,2050,0.0
Afghanistan,city,No_travel,2055,0.0
Afghanistan,city,No_travel,2060,0.0
Afghanistan,city,No_travel,2065,0.0
Afghanistan,city,No_travel,2070,0.0
Afghanistan,city,No_travel,2075,0.0
Afghanistan,city,No_travel,2080,0.0
Afghanistan,city,No_travel,2085,0.0
Afghanistan,city,No_travel,2090,0.0
Afghanistan,city,No_travel,2095,0.0
Afghanistan,city,No_travel,2100,0.0
Afghanistan,city,00_01,2011,0.0195275670690455
Afghanistan,city,00_01,2012,0.019399706377209402
Afghanistan,city,00_01,2013,0.01936729954970961
Afghanistan,city,00_01,2014,0.019383279975123374
Afghanistan,city,00_01,2015,0.01941016068125702
Afghanistan,city,00_01,2016,0.019416115620459046
Afghanistan,city,00_01,2017,0.01941989402966291
Afghanistan,city,00_01,2018,0.01944774059607929
Afghanistan,city,00_01,2019,0.019432604537906965
Afghanistan,city,00_01,2020,0.019521491387729913
Afghanistan,city,00_01,2025,0.019447961577242944
Afghanistan,city,00_01,2030,0.019164560807585537
Afghanistan,city,00_01,2035,0.018829846350277808
Afghanistan,city,00_01,2040,0.01845990755780026
Afghanistan,city,00_01,2045,0.01807075177534545
Afghanistan,city,00_01,2050,0.01767475813249522
Afghanistan,city,00_01,2055,0.017280489821679797
Afghanistan,city,00_01,2060,0.01689428038202546
Afghanistan,city,00_01,2065,0.016520656310909546
Afghanistan,city,00_01,2070,0.016161290627498822
Afghanistan,city,00_01,2075,0.015818883717845435
Afghanistan,city,00_01,2080,0.015493474370032324
Afghanistan,city,00_01,2085,0.015185938585023583
Afghanistan,city,00_01,2090,0.014900549977669705
Afghanistan,city,00_01,2095,0.014638058258357733
Afghanistan,city,00_01,2100,0.014396667997942106
Afghanistan,city,02_05,2011,0.0495217408664981
Afghanistan,city,02_05,2012,0.04919748726000784
Afghanistan,city,02_05,2013,0.04911530382629714
Afghanistan,city,02_05,2014,0.04915583004666441
Afghanistan,city,02_05,2015,0.049223999284478424
Afghanistan,city,02_05,2016,0.049239100958690885
Afghanistan,city,02_05,2017,0.04924868297168921
Afghanistan,city,02_05,2018,0.049319301622810355
Afghanistan,city,02_05,2019,0.04928091671045032
Afghanistan,city,02_05,2020,0.049506332991331975
Afghanistan,city,02_05,2025,0.04931986202912642
Afghanistan,city,02_05,2030,0.048601160133149454
Afghanistan,city,02_05,2035,0.04775232716996179
Afghanistan,city,02_05,2040,0.04681416559802799
Afghanistan,city,02_05,2045,0.045827269906041086
Afghanistan,city,02_05,2050,0.04482303345934643
Afghanistan,city,02_05,2055,0.0438231724397408
Afghanistan,city,02_05,2060,0.042843748647563684
Afghanistan,city,02_05,2065,0.04189624124093861
Afghanistan,city,02_05,2070,0.040984892981974594
Afghanistan,city,02_05,2075,0.04011655202629903
Afghanistan,city,02_05,2080,0.03929131674015416
Afghanistan,city,02_05,2085,0.03851140865439372
Afghanistan,city,02_05,2090,0.03778766561924457
Afghanistan,city,02_05,2095,0.03712198889375148
Afghanistan,city,02_05,2100,0.03650982528515999
Afghanistan,city,06_10,2011,0.0572198770303753
Afghanistan,city,06_10,2012,0.05684521832158625
Afghanistan,city,06_10,2013,0.05675025950373012
Afghanistan,city,06_10,2014,0.056797085509951765
Afghanistan,city,06_10,2015,0.05687585163038133
Afghanistan,city,06_10,2016,0.05689330085422261
Afghanistan,city,06_10,2017,0.05690437238757088
Afghanistan,city,06_10,2018,0.05698596868169342
Afghanistan,city,06_10,2019,0.05694161684901079
Afghanistan,city,06_10,2020,0.05720207400675621
Afghanistan,city,06_10,2025,0.05698661620296249
Afghanistan,city,06_10,2030,0.056156192365073535
Afghanistan,city,06_10,2035,0.05517540863406812
Afghanistan,city,06_10,2040,0.054091410195374466
Afghanistan,city,06_10,2045,0.05295110193582577
Afghanistan,city,06_10,2050,0.05179075730771188
Afghanistan,city,06_10,2055,0.05063546826519754
Afghanistan,city,06_10,2060,0.04950379340949974
Afghanistan,city,06_10,2065,0.04840899632959469
Afghanistan,city,06_10,2070,0.04735597932338023
Afghanistan,city,06_10,2075,0.04635265508972416
Afghanistan,city,06_10,2080,0.04539913728586438
Afghanistan,city,06_10,2085,0.04449799277879803
Afghanistan,city,06_10,2090,0.043661744158531114
Afghanistan,city,06_10,2095,0.04289258823411841
Afghanistan,city,06_10,2100,0.04218526402068849
Afghanistan,city,11_20,2011,0.0736255863590152
Afghanistan,city,11_20,2012,0.07314350795286165
Afghanistan,city,11_20,2013,0.0730213231631092
Afghanistan,city,11_20,2014,0.07308157481592366
Afghanistan,city,11_20,2015,0.07318292424382916
Afghanistan,city,11_20,2016,0.07320537639513564
Afghanistan,city,11_20,2017,0.07321962228619597
Afghanistan,city,11_20,2018,0.07332461333670635
Afghanistan,city,11_20,2019,0.07326754523630442
Afghanistan,city,11_20,2020,0.07360267896876997
Afghanistan,city,11_20,2025,0.07332544651104347
Afghanistan,city,11_20,2030,0.07225692897545664
Afghanistan,city,11_20,2035,0.07099494134048982
Afghanistan,city,11_20,2040,0.06960014595114093
Afghanistan,city,11_20,2045,0.06813289595696963
Afghanistan,city,11_20,2050,0.06663986489753433
Afghanistan,city,11_20,2055,0.0651533389281739
Afghanistan,city,11_20,2060,0.06369719765100419
Afghanistan,city,11_20,2065,0.06228850750458257
Afghanistan,city,11_20,2070,0.06093357634163376
Afghanistan,city,11_20,2075,0.05964258553835182
Afghanistan,city,11_20,2080,0.0584156813390354
Afghanistan,city,11_20,2085,0.05725616656601788
Afghanistan,city,11_20,2090,0.056180154204502585
Afghanistan,city,11_20,2095,0.05519047091828486
Afghanistan,city,11_20,2100,0.05428034732728062
Afghanistan,city,21_30,2011,0.0391220097897899
Afghanistan,city,21_30,2012,0.038865850524272876
Afghanistan,city,21_30,2013,0.03880092588628698
Afghanistan,city,21_30,2014,0.03883294146494416
Afghanistan,city,21_30,2015,0.03888679493500515
Afghanistan,city,21_30,2016,0.03889872520716531
Afghanistan,city,21_30,2017,0.03890629496541224
Afghanistan,city,21_30,2018,0.03896208346380027
Afghanistan,city,21_30,2019,0.038931759511312856
Afghanistan,city,21_30,2020,0.03910983761989963
Afghanistan,city,21_30,2025,0.038962526182917165
Afghanistan,city,21_30,2030,0.03839475408689675
Afghanistan,city,21_30,2035,0.03772417888265974
Afghanistan,city,21_30,2040,0.036983034376037026
Afghanistan,city,21_30,2045,0.03620339007743498
Afghanistan,city,21_30,2050,0.035410046640564186
Afghanistan,city,21_30,2055,0.03462015977647166
Afghanistan,city,21_30,2060,0.03384641825374931
Afghanistan,city,21_30,2065,0.03309789056895296
Afghanistan,city,21_30,2070,0.032377928489970016
Afghanistan,city,21_30,2075,0.031691942036860564
Afghanistan,city,21_30,2080,0.031040008918627217
Afghanistan,city,21_30,2085,0.030423884137220397
Afghanistan,city,21_30,2090,0.02985212955810074
Afghanistan,city,21_30,2095,0.02932624716955987
Afghanistan,city,21_30,2100,0.0288426399645379
Afghanistan,city,31_50,2011,0.0678243479409768
Afghanistan,city,31_50,2012,0.0673802543157749
Afghanistan,city,31_50,2013,0.0672676969277379
Afghanistan,city,31_50,2014,0.06732320112494157
Afghanistan,city,31_50,2015,0.06741656484809566
Afghanistan,city,31_50,2016,0.06743724790948152
Afghanistan,city,31_50,2017,0.06745037131290399
Afghanistan,city,31_50,2018,0.06754708972144449
Afghanistan,city,31_50,2019,0.06749451823251786
Afghanistan,city,31_50,2020,0.06780324551064998
Afghanistan,city,31_50,2025,0.06754785724682434
Afghanistan,city,31_50,2030,0.06656353224924418
Afghanistan,city,31_50,2035,0.06540098139316233
Afghanistan,city,31_50,2040,0.06411608720797551
Afghanistan,city,31_50,2045,0.06276444739032012
Afghanistan,city,31_50,2050,0.06138905789504277
Afghanistan,city,31_50,2055,0.06001966092918955
Afghanistan,city,31_50,2060,0.05867825453070748
Afghanistan,city,31_50,2065,0.05738056040891083
Afghanistan,city,31_50,2070,0.0561323893969504
Afghanistan,city,31_50,2075,0.05494312064188161
Afghanistan,city,31_50,2080,0.053812888864861706
Afghanistan,city,31_50,2085,0.05274473664636038
Afghanistan,city,31_50,2090,0.05175350736853379
Afghanistan,city,31_50,2095,0.050841804971645775
Afghanistan,city,31_50,2100,0.05000339346067239
Afghanistan,city,51+,2011,0.0385852189262921
Afghanistan,city,51+,2012,0.03833257440743734
Afghanistan,city,51+,2013,0.03826854059670379
Afghanistan,city,51+,2014,0.03830011689143345
Afghanistan,city,51+,2015,0.038353231441105334
Afghanistan,city,51+,2016,0.03836499801868208
Afghanistan,city,51+,2017,0.03837246391270814
Afghanistan,city,51+,2018,0.03842748694029383
Afghanistan,city,51+,2019,0.03839757906102781
Afghanistan,city,51+,2020,0.03857321377005019
Afghanistan,city,51+,2025,0.03842792358488699
Afghanistan,city,51+,2030,0.03786794185739136
Afghanistan,city,51+,2035,0.03720656757725965
Afghanistan,city,51+,2040,0.03647559227211263
Afghanistan,city,51+,2045,0.03570664542843471
Afghanistan,city,51+,2050,0.03492418741158239
Afghanistan,city,51+,2055,0.034145138540070515
Afghanistan,city,51+,2060,0.033382013480621336
Afghanistan,city,51+,2065,0.03264375630146703
Afghanistan,city,51+,2070,0.031933672781079094
Afghanistan,city,51+,2075,0.03125709870894114
Afghanistan,city,51+,2080,0.030614110727815003
Afghanistan,city,51+,2085,0.0300064397593695
Afghanistan,city,51+,2090,0.029442530192197943
Afghanistan,city,51+,2095,0.02892386340589632
Afghanistan,city,51+,2100,0.02844689174773333
Afghanistan,town,No_travel,2011,0.0
Afghanistan,town,No_travel,2012,0.0
Afghanistan,town,No_travel,2013,0.0
Afghanistan,town,No_travel,2014,0.0
Afghanistan,town,No_travel,2015,0.0
Afghanistan,town,No_travel,2016,0.0
Afghanistan,town,No_travel,2017,0.0
Afghanistan,town,No_travel,2018,0.0
Afghanistan,town,No_travel,2019,0.0
Afghanistan,town,No_travel,2020,0.0
Afghanistan,town,No_travel,2025,0.0
Afghanistan,town,No_travel,2030,0.0
Afghanistan,town,No_travel,2035,0.0
Afghanistan,town,No_travel,2040,0.0
Afghanistan,town,No_travel,2045,0.0
Afghanistan,town,No_travel,2050,0.0
Afghanistan,town,No_travel,2055,0.0
Afghanistan,town,No_travel,2060,0.0
Afghanistan,town,No_travel,2065,0.0
Afghanistan,town,No_travel,2070,0.0
Afghanistan,town,No_travel,2075,0.0
Afghanistan,town,No_travel,2080,0.0
Afghanistan,town,No_travel,2085,0.0
Afghanistan,town,No_travel,2090,0.0
Afghanistan,town,No_travel,2095,0.0
Afghanistan,town,No_travel,2100,0.0
Afghanistan,town,00_01,2011,0.0129968328827312
Afghanistan,town,00_01,2012,0.012911733492818036
Afghanistan,town,00_01,2013,0.0128901646962657
Afghanistan,town,00_01,2014,0.012900800681678697
Afghanistan,town,00_01,2015,0.012918691494402754
Afghanistan,town,00_01,2016,0.012922654883664814
Afghanistan,town,00_01,2017,0.012925169654338067
Afghanistan,town,00_01,2018,0.012943703308263919
Afghanistan,town,00_01,2019,0.012933629302737606
Afghanistan,town,00_01,2020,0.012992789131944007
Afghanistan,town,00_01,2025,0.012943850385226661
Afghanistan,town,00_01,2030,0.012755229220641675
Afghanistan,town,00_01,2035,0.012532455546395363
Afghanistan,town,00_01,2040,0.012286237845763744
Afghanistan,town,00_01,2045,0.012027230020977874
Afghanistan,town,00_01,2050,0.011763671166945988
Afghanistan,town,00_01,2055,0.011501260630676597
Afghanistan,town,00_01,2060,0.01124421378366423
Afghanistan,town,00_01,2065,0.010995543296650171
Afghanistan,town,00_01,2070,0.01075636266986941
Afghanistan,town,00_01,2075,0.010528469181298995
Afghanistan,town,00_01,2080,0.010311888646865207
Afghanistan,town,00_01,2085,0.010107204100701027
Afghanistan,town,00_01,2090,0.009917259904206966
Afghanistan,town,00_01,2095,0.009742555037136946
Afghanistan,town,00_01,2100,0.00958189452766088
Afghanistan,town,02_05,2011,0.0454311662241691
Afghanistan,town,02_05,2012,0.045133696481840006
Afghanistan,town,02_05,2013,0.045058301530603355
Afghanistan,town,02_05,2014,0.04509548022064389
Afghanistan,town,02_05,2015,0.045158018570877825
Afghanistan,town,02_05,2016,0.04517187282275598
Afghanistan,town,02_05,2017,0.04518066334622451
Afghanistan,town,02_05,2018,0.04524544878432654
Afghanistan,town,02_05,2019,0.04521023452684253
Afghanistan,town,02_05,2020,0.045417031064023575
Afghanistan,town,02_05,2025,0.04524596290018864
Afghanistan,town,02_05,2030,0.04458662692511099
Afghanistan,town,02_05,2035,0.04380790891616431
Afghanistan,town,02_05,2040,0.042947240983779764
Afghanistan,town,02_05,2045,0.042041864447251234
Afghanistan,town,02_05,2050,0.04112057952996315
Afghanistan,town,02_05,2055,0.04020330862252013
Afghanistan,town,02_05,2060,0.0393047867949806
Afghanistan,town,02_05,2065,0.03843554500873039
Afghanistan,town,02_05,2070,0.037599475566973115
Afghanistan,town,02_05,2075,0.036802860956777976
Afghanistan,town,02_05,2080,0.03604579141917897
Afghanistan,town,02_05,2085,0.035330304983044285
Afghanistan,town,02_05,2090,0.034666344274916404
Afghanistan,town,02_05,2095,0.034055653506815865
Afghanistan,town,02_05,2100,0.033494055586959184
Afghanistan,town,06_10,2011,0.0569320146292085
Afghanistan,town,06_10,2012,0.056559240757667044
Afghanistan,town,06_10,2013,0.05646475965970021
Afghanistan,town,06_10,2014,0.0565113500931229
Afghanistan,town,06_10,2015,0.056589719956067576
Afghanistan,town,06_10,2016,0.05660708139615723
Afghanistan,town,06_10,2017,0.05661809723071096
Afghanistan,town,06_10,2018,0.05669928302927896
Afghanistan,town,06_10,2019,0.05665515432229521
Afghanistan,town,06_10,2020,0.05691430116924094
Afghanistan,town,06_10,2025,0.05669992729299074
Afghanistan,town,06_10,2030,0.05587368116068885
Afghanistan,town,06_10,2035,0.054897831567512545
Afghanistan,town,06_10,2040,0.05381928652036075
Afghanistan,town,06_10,2045,0.05268471493643422
Afghanistan,town,06_10,2050,0.05153020778313092
Afghanistan,town,06_10,2055,0.050380730781730255
Afghanistan,town,06_10,2060,0.049254749168629396
Afghanistan,town,06_10,2065,0.04816545980619191
Afghanistan,town,06_10,2070,0.047117740329780215
Afghanistan,town,06_10,2075,0.04611946363096759
Afghanistan,town,06_10,2080,0.04517074279520386
Afghanistan,town,06_10,2085,0.04427413177606278
Afghanistan,town,06_10,2090,0.04344209016476364
Afghanistan,town,06_10,2095,0.042676803718629544
Afghanistan,town,06_10,2100,0.04197303791981092
Afghanistan,town,11_20,2011,0.0621547171877937
Afghanistan,town,11_20,2012,0.061747746615760386
Afghanistan,town,11_20,2013,0.06164459822092547
Afghanistan,town,11_20,2014,0.061695462663926545
Afghanistan,town,11_20,2015,0.06178102184708732
Afghanistan,town,11_20,2016,0.06179997595236136
Afghanistan,town,11_20,2017,0.06181200233304953
Afghanistan,town,11_20,2018,0.06190063577387405
Afghanistan,town,11_20,2019,0.06185245888569784
Afghanistan,town,11_20,2020,0.06213537876982498
Afghanistan,town,11_20,2025,0.06190133913961758
Afghanistan,town,11_20,2030,0.06099929667695045
Afghanistan,town,11_20,2035,0.05993392676378776
Afghanistan,town,11_20,2040,0.0587564405494562
Afghanistan,town,11_20,2045,0.05751778816050524
Afghanistan,town,11_20,2050,0.056257371397244654
Afghanistan,town,11_20,2055,0.055002446230776415
Afghanistan,town,11_20,2060,0.053773171820293245
Afghanistan,town,11_20,2065,0.05258395565257241
Afghanistan,town,11_20,2070,0.051440122816642814
Afghanistan,town,11_20,2075,0.050350268429898
Afghanistan,town,11_20,2080,0.049314515951769305
Afghanistan,town,11_20,2085,0.048335653624744214
Afghanistan,town,11_20,2090,0.04742728403031497
Afghanistan,town,11_20,2095,0.0465917934379495
Afghanistan,town,11_20,2100,0.045823467137239754
Afghanistan,town,21_30,2011,0.0318021562733665
Afghanistan,town,21_30,2012,0.03159392522806449
Afghanistan,town,21_30,2013,0.03154114819809305
Afghanistan,town,21_30,2014,0.031567173559292755
Afghanistan,town,21_30,2015,0.031610950872369085
Afghanistan,town,21_30,2016,0.03162064895234145
Afghanistan,town,21_30,2017,0.0316268023845402
Afghanistan,town,21_30,2018,0.03167215267593693
Afghanistan,town,21_30,2019,0.031647502432224695
Afghanistan,town,21_30,2020,0.03179226155550522
Afghanistan,town,21_30,2025,0.031672512560887024
Afghanistan,town,21_30,2030,0.031210972445174193
Afghanistan,town,21_30,2035,0.030665864012535446
Afghanistan,town,21_30,2040,0.030063390020340034
Afghanistan,town,21_30,2045,0.029429619670733598
Afghanistan,town,21_30,2050,0.02878471333556881
Afghanistan,town,21_30,2055,0.02814261683732843
Afghanistan,town,21_30,2060,0.027513644835301304
Afghanistan,town,21_30,2065,0.026905169081250263
Afghanistan,town,21_30,2070,0.026319914216540098
Afghanistan,town,21_30,2075,0.025762278029124876
Afghanistan,town,21_30,2080,0.025232323688403585
Afghanistan,town,21_30,2085,0.024731477829832507
Afghanistan,town,21_30,2090,0.02426670036638221
Afghanistan,town,21_30,2095,0.023839212259517295
Afghanistan,town,21_30,2100,0.02344608951373626
Afghanistan,town,31_50,2011,0.0457355874252065
Afghanistan,town,31_50,2012,0.04543612442354118
Afghanistan,town,31_50,2013,0.045360224272383086
Afghanistan,town,31_50,2014,0.04539765208615113
Afghanistan,town,31_50,2015,0.04546060948791447
Afghanistan,town,31_50,2016,0.04547455657315675
Afghanistan,town,31_50,2017,0.04548340599939917
Afghanistan,town,31_50,2018,0.045548625546121255
Afghanistan,town,31_50,2019,0.045513175328008276
Afghanistan,town,31_50,2020,0.045721357549411215
Afghanistan,town,31_50,2025,0.045549143106926135
Afghanistan,town,31_50,2030,0.044885389110782735
Afghanistan,town,31_50,2035,0.04410145313603735
Afghanistan,town,31_50,2040,0.04323501811494594
Afghanistan,town,31_50,2045,0.04232357491019055
Afghanistan,town,31_50,2050,0.04139611672718363
Afghanistan,town,31_50,2055,0.04047269945074927
Afghanistan,town,31_50,2060,0.039568156886419764
Afghanistan,town,31_50,2065,0.038693090560529594
Afghanistan,town,31_50,2070,0.03785141885748863
Afghanistan,town,31_50,2075,0.037049466361508146
Afghanistan,town,31_50,2080,0.0362873239183014
Afghanistan,town,31_50,2085,0.03556704321298288
Afghanistan,town,31_50,2090,0.03489863349478089
Afghanistan,town,31_50,2095,0.03428385066317993
Afghanistan,town,31_50,2100,0.033718489636903756
Afghanistan,town,51+,2011,0.0299585707997298
Afghanistan,town,51+,2012,0.029762411002898465
Afghanistan,town,51+,2013,0.029712693481375462
Afghanistan,town,51+,2014,0.02973721014054121
Afghanistan,town,51+,2015,0.029778449662853645
Afghanistan,town,51+,2016,0.02978758554071602
Afghanistan,town,51+,2017,0.029793382255649533
Afghanistan,town,51+,2018,0.02983610357001321
Afghanistan,town,51+,2019,0.02981288231214831
Afghanistan,town,51+,2020,0.02994924968316643
Afghanistan,town,51+,2025,0.029836442592268943
Afghanistan,town,51+,2030,0.02940165816712988
Afghanistan,town,51+,2035,0.028888149918432478
Afghanistan,town,51+,2040,0.02832060161777533
Afghanistan,town,51+,2045,0.02772357122379054
Afghanistan,town,51+,2050,0.027116050402398655
Afghanistan,town,51+,2055,0.026511176530405807
Afghanistan,town,51+,2060,0.025918666321607227
Afghanistan,town,51+,2065,0.025345464183960872
Afghanistan,town,51+,2070,0.02479413681013152
Afghanistan,town,51+,2075,0.02426882704630393
Afghanistan,town,51+,2080,0.023769594399918274
Afghanistan,town,51+,2085,0.023297782803724115
Afghanistan,town,51+,2090,0.022859948701369377
Afghanistan,town,51+,2095,0.022457242274626844
Afghanistan,town,51+,2100,0.02208690903334507
Afghanistan,rural,No_travel,2011,0.0
Afghanistan,rural,No_travel,2012,0.0
Afghanistan,rural,No_travel,2013,0.0
Afghanistan,rural,No_travel,2014,0.0
Afghanistan,rural,No_travel,2015,0.0
Afghanistan,rural,No_travel,2016,0.0
Afghanistan,rural,No_travel,2017,0.0
Afghanistan,rural,No_travel,2018,0.0
Afghanistan,rural,No_travel,2019,0.0
Afghanistan,rural,No_travel,2020,0.0
Afghanistan,rural,No_travel,2025,0.0
Afghanistan,rural,No_travel,2030,0.0
Afghanistan,rural,No_travel,2035,0.0
Afghanistan,rural,No_travel,2040,0.0
Afghanistan,rural,No_travel,2045,0.0
Afghanistan,rural,No_travel,2050,0.0
Afghanistan,rural,No_travel,2055,0.0
Afghanistan,rural,No_travel,2060,0.0
Afghanistan,rural,No_travel,2065,0.0
Afghanistan,rural,No_travel,2070,0.0
Afghanistan,rural,No_travel,2075,0.0
Afghanistan,rural,No_travel,2080,0.0
Afghanistan,rural,No_travel,2085,0.0
Afghanistan,rural,No_travel,2090,0.0
Afghanistan,rural,No_travel,2095,0.0
Afghanistan,rural,No_travel,2100,0.0
Afghanistan,rural,00_01,2011,0.00937229078988372
Afghanistan,rural,00_01,2012,0.00931092382183048
Afghanistan,rural,00_01,2013,0.009295370106929296
Afghanistan,rural,00_01,2014,0.009303039940728576
Afghanistan,rural,00_01,2015,0.009315941383782445
Afghanistan,rural,00_01,2016,0.009318799467518128
Afghanistan,rural,00_01,2017,0.00932061292178289
Afghanistan,rural,00_01,2018,0.009333977931209375
Afghanistan,rural,00_01,2019,0.00932671335297994
Afghanistan,rural,00_01,2020,0.009369374755754377
Afghanistan,rural,00_01,2025,0.009334083991514662
Afghanistan,rural,00_01,2030,0.009198065284529065
Afghanistan,rural,00_01,2035,0.00903741848124967
Afghanistan,rural,00_01,2040,0.00885986569521653
Afghanistan,rural,00_01,2045,0.00867308968042497
Afghanistan,rural,00_01,2050,0.008483031822289593
Afghanistan,rural,00_01,2055,0.0082938020403545
Afghanistan,rural,00_01,2060,0.008108440128067112
Afghanistan,rural,00_01,2065,0.007929118585950922
Afghanistan,rural,00_01,2070,0.0077566403825515065
Afghanistan,rural,00_01,2075,0.007592301572991148
Afghanistan,rural,00_01,2080,0.007436120773679728
Afghanistan,rural,00_01,2085,0.0072885184228489355
Afghanistan,rural,00_01,2090,0.007151545649600576
Afghanistan,rural,00_01,2095,0.007025562278777691
Afghanistan,rural,00_01,2100,0.006909706590946139
Afghanistan,rural,02_05,2011,0.0357129319501618
Afghanistan,rural,02_05,2012,0.03547909431076219
Afghanistan,rural,02_05,2013,0.0354198271823417
Afghanistan,rural,02_05,2014,0.0354490529350081
Afghanistan,rural,02_05,2015,0.035498213633088346
Afghanistan,rural,02_05,2016,0.03550910430563027
Afghanistan,rural,02_05,2017,0.03551601443787052
Afghanistan,rural,02_05,2018,0.03556694154660647
Afghanistan,rural,02_05,2019,0.0355392600124148
Afghanistan,rural,02_05,2020,0.03570182045877082
Afghanistan,rural,02_05,2025,0.035567345687339005
Afghanistan,rural,02_05,2030,0.03504904904722954
Afghanistan,rural,02_05,2035,0.034436907524719305
Afghanistan,rural,02_05,2040,0.033760346083411115
Afghanistan,rural,02_05,2045,0.03304863970812737
Afghanistan,rural,02_05,2050,0.0323244279325486
Afghanistan,rural,02_05,2055,0.0316033715252414
Afghanistan,rural,02_05,2060,0.030897053560073624
Afghanistan,rural,02_05,2065,0.03021375230807811
Afghanistan,rural,02_05,2070,0.029556527465296006
Afghanistan,rural,02_05,2075,0.028930317624588264
Afghanistan,rural,02_05,2080,0.02833519372342303
Afghanistan,rural,02_05,2085,0.027772757833512983
Afghanistan,rural,02_05,2090,0.027250825742446878
Afghanistan,rural,02_05,2095,0.026770768555797686
Afghanistan,rural,02_05,2100,0.026329302708404924
Afghanistan,rural,06_10,2011,0.0564972292407587
Afghanistan,rural,06_10,2012,0.0561273022144167
Afghanistan,rural,06_10,2013,0.05603354266128097
Afghanistan,rural,06_10,2014,0.05607977728717031
Afghanistan,rural,06_10,2015,0.05615754864553852
Afghanistan,rural,06_10,2016,0.05617477749765421
Afghanistan,rural,06_10,2017,0.056185709205132224
Afghanistan,rural,06_10,2018,0.05626627499404139
Afghanistan,rural,06_10,2019,0.05622248329457674
Afghanistan,rural,06_10,2020,0.05647965105711366
Afghanistan,rural,06_10,2025,0.05626691433756108
Afghanistan,rural,06_10,2030,0.05544697818300945
Afghanistan,rural,06_10,2035,0.054478581077632864
Afghanistan,rural,06_10,2040,0.05340827279551284
Afghanistan,rural,06_10,2045,0.05228236584694227
Afghanistan,rural,06_10,2050,0.05113667557539498
Afghanistan,rural,06_10,2055,0.04999597704086964
Afghanistan,rural,06_10,2060,0.048878594462182505
Afghanistan,rural,06_10,2065,0.047797623918280886
Afghanistan,rural,06_10,2070,0.04675790579440352
Afghanistan,rural,06_10,2075,0.045767252857460215
Afghanistan,rural,06_10,2080,0.044825777329275965
Afghanistan,rural,06_10,2085,0.04393601365907878
Afghanistan,rural,06_10,2090,0.04311032628515438
Afghanistan,rural,06_10,2095,0.042350884272366336
Afghanistan,rural,06_10,2100,0.04165249307847273
Afghanistan,rural,11_20,2011,0.0790926871290141
Afghanistan,rural,11_20,2012,0.07857481177568745
Afghanistan,rural,11_20,2013,0.07844355409984782
Afghanistan,rural,11_20,2014,0.07850827976602891
Afghanistan,rural,11_20,2015,0.07861715494093
Afghanistan,rural,11_20,2016,0.07864127428675086
Afghanistan,rural,11_20,2017,0.07865657801280901
Afghanistan,rural,11_20,2018,0.07876936522062658
Afghanistan,rural,11_20,2019,0.07870805950296306
Afghanistan,rural,11_20,2020,0.07906807874028395
Afghanistan,rural,11_20,2025,0.0787702602626959
Afghanistan,rural,11_20,2030,0.07762239948068549
Afghanistan,rural,11_20,2035,0.07626670239073091
Afghanistan,rural,11_20,2040,0.07476833584732812
Afghanistan,rural,11_20,2045,0.07319213455008942
Afghanistan,rural,11_20,2050,0.07158823780308095
Afghanistan,rural,11_20,2055,0.06999132918451369
Afghanistan,rural,11_20,2060,0.06842706148701473
Afghanistan,rural,11_20,2065,0.06691376842515231
Afghanistan,rural,11_20,2070,0.06545822624407005
Afghanistan,rural,11_20,2075,0.06407137234259466
Afghanistan,rural,11_20,2080,0.06275336382446046
Afghanistan,rural,11_20,2085,0.061507748764547066
Afghanistan,rural,11_20,2090,0.06035183662496435
Afghanistan,rural,11_20,2095,0.05928866396468919
Afghanistan,rural,11_20,2100,0.05831095874029854
Afghanistan,rural,21_30,2011,0.0462193616190824
Afghanistan,rural,21_30,2012,0.04591673100811364
Afghanistan,rural,21_30,2013,0.045840028013119725
Afghanistan,rural,21_30,2014,0.045877851724512655
Afghanistan,rural,21_30,2015,0.04594147506647708
Afghanistan,rural,21_30,2016,0.04595556967884866
Afghanistan,rural,21_30,2017,0.04596451271106158
Afghanistan,rural,21_30,2018,0.04603042212612069
Afghanistan,rural,21_30,2019,0.04599459692866109
Afghanistan,rural,21_30,2020,0.04620498122490352
Afghanistan,rural,21_30,2025,0.046030945161493086
Afghanistan,rural,21_30,2030,0.04536017022011877
Afghanistan,rural,21_30,2035,0.04456794205945026
Afghanistan,rural,21_30,2040,0.043692342207917796
Afghanistan,rural,21_30,2045,0.04277125809273647
Afghanistan,rural,21_30,2050,0.041833989598763895
Afghanistan,rural,21_30,2055,0.04090080475458487
Afghanistan,rural,21_30,2060,0.039986694272261515
Afghanistan,rural,21_30,2065,0.039102371817168066
Afghanistan,rural,21_30,2070,0.038251797220941075
Afghanistan,rural,21_30,2075,0.0374413619669135
Afghanistan,rural,21_30,2080,0.03667115786173108
Afghanistan,rural,21_30,2085,0.03594325829247756
Afghanistan,rural,21_30,2090,0.03526777838253198
Afghanistan,rural,21_30,2095,0.03464649260463667
Afghanistan,rural,21_30,2100,0.034075151397714894
Afghanistan,rural,31_50,2011,0.0461113884100324
Afghanistan,rural,31_50,2012,0.04580946477547089
Afghanistan,rural,31_50,2013,0.04573294096660641
Afghanistan,rural,31_50,2014,0.04577067631789755
Afghanistan,rural,31_50,2015,0.04583415102915481
Afghanistan,rural,31_50,2016,0.04584821271505413
Afghanistan,rural,31_50,2017,0.04585713485541885
Afghanistan,rural,31_50,2018,0.045922890299267605
Afghanistan,rural,31_50,2019,0.04588714879317455
Afghanistan,rural,31_50,2020,0.04609704160994164
Afghanistan,rural,31_50,2025,0.04592341211277528
Afghanistan,rural,31_50,2030,0.045254204171039925
Afghanistan,rural,31_50,2035,0.04446382673729215
Afghanistan,rural,31_50,2040,0.04359027237757311
Afghanistan,rural,31_50,2045,0.04267134001014937
Afghanistan,rural,31_50,2050,0.04173626107231714
Afghanistan,rural,31_50,2055,0.04080525624445018
Afghanistan,rural,31_50,2060,0.03989328121875679
Afghanistan,rural,31_50,2065,0.03901102463238084
Afghanistan,rural,31_50,2070,0.03816243706638261
Afghanistan,rural,31_50,2075,0.03735389507292894
Afghanistan,rural,31_50,2080,0.03658549024419576
Afghanistan,rural,31_50,2085,0.035859291123620136
Afghanistan,rural,31_50,2090,0.035185389204606725
Afghanistan,rural,31_50,2095,0.03456555481454601
Afghanistan,rural,31_50,2100,0.033995548319775436
Afghanistan,rural,51+,2011,0.0228571795411535
Afghanistan,rural,51+,2012,0.02270751753875349
Afghanistan,rural,51+,2013,0.022669585077843078
Afghanistan,rural,51+,2014,0.022688290298597664
Afghanistan,rural,51+,2015,0.02271975438852332
Afghanistan,rural,51+,2016,0.022726724694348728
Afghanistan,rural,51+,2017,0.0227311473537229
Afghanistan,rural,51+,2018,0.022763741991136423
Afghanistan,rural,51+,2019,0.02274602510925519
Afghanistan,rural,51+,2020,0.022850067905680723
Afghanistan,rural,51+,2025,0.02276400065142498
Afghanistan,rural,51+,2030,0.0224322776952955
Afghanistan,rural,51+,2035,0.022040491641321065
Afghanistan,rural,51+,2040,0.02160747521029312
Afghanistan,rural,51+,2045,0.021151965132791054
Afghanistan,rural,51+,2050,0.020688451282869065
Afghanistan,rural,51+,2055,0.02022695694843246
Afghanistan,rural,51+,2060,0.01977489558966438
Afghanistan,rural,51+,2065,0.019337565509363157
Afghanistan,rural,51+,2070,0.018916924990367377
Afghanistan,rural,51+,2075,0.018516134856993043
Afghanistan,rural,51+,2080,0.018135240511013593
Afghanistan,rural,51+,2085,0.017775267318837638
Afghanistan,rural,51+,2090,0.017441217582164208
Afghanistan,rural,51+,2095,0.017133968843231928
Afghanistan,rural,51+,2100,0.016851419537304718
Bangladesh,large_city,No_travel,2011,0.0
Bangladesh,large_city,No_travel,2012,0.0
Bangladesh,large_city,No_travel,2013,0.0
Bangladesh,large_city,No_travel,2014,0.0
Bangladesh,large_city,No_travel,2015,0.0
Bangladesh,large_city,No_travel,2016,0.0
Bangladesh,large_city,No_travel,2017,0.0
Bangladesh,large_city,No_travel,2018,0.0
Bangladesh,large_city,No_travel,2019,0.0
Bangladesh,large_city,No_travel,2020,0.0
Bangladesh,large_city,No_travel,2025,0.0
Bangladesh,large_city,No_travel,2030,0.0
Bangladesh,large_city,No_travel,2035,0.0
Bangladesh,large_city,No_travel,2040,0.0
Bangladesh,large_city,No_travel,2045,0.0
Bangladesh,large_city,No_travel,2050,0.0
Bangladesh,large_city,No_travel,2055,0.0
Bangladesh,large_city,No_travel,2060,0.0
Bangladesh,large_city,No_travel,2065,0.0
Bangladesh,large_city,No_travel,2070,0.0
Bangladesh,large_city,No_travel,2075,0.0
Bangladesh,large_city,No_travel,2080,0.0
Bangladesh,large_city,No_travel,2085,0.0
Bangladesh,large_city,No_travel,2090,0.0
Bangladesh,large_city,No_travel,2095,0.0
Bangladesh,large_city,No_travel,2100,0.0
Bangladesh,large_city,00_01,2011,0.0204991553484746
Bangladesh,large_city,00_01,2012,0.020417697322506024
Bangladesh,large_city,00_01,2013,0.020344142869056562
Bangladesh,large_city,00_01,2014,0.02026936821603651
Bangladesh,large_city,00_01,2015,0.02018611639241443
Bangladesh,large_city,00_01,2016,0.020094773944984205
Bangladesh,large_city,00_01,2017,0.020011542996580804
Bangladesh,large_city,00_01,2018,0.019915617881307638
Bangladesh,large_city,00_01,2019,0.01981025151003087
Bangladesh,large_city,00_01,2020,0.019773569286712905
Bangladesh,large_city,00_01,2025,0.019221639408056178
Bangladesh,large_city,00_01,2030,0.018833077915656686
Bangladesh,large_city,00_01,2035,0.018466682281940164
Bangladesh,large_city,00_01,2040,0.018119531692726884
Bangladesh,large_city,00_01,2045,0.017794730120017168
Bangladesh,large_city,00_01,2050,0.017493185255667197
Bangladesh,large_city,00_01,2055,0.017214002138586454
Bangladesh,large_city,00_01,2060,0.016954502505703285
Bangladesh,large_city,00_01,2065,0.016712326528405295
Bangladesh,large_city,00_01,2070,0.016485816739044284
Bangladesh,large_city,00_01,2075,0.016273933644057298
Bangladesh,large_city,00_01,2080,0.016081679986991393
Bangladesh,large_city,00_01,2085,0.015907175314061557
Bangladesh,large_city,00_01,2090,0.01575169134022923
Bangladesh,large_city,00_01,2095,0.015608753104086442
Bangladesh,large_city,00_01,2100,0.015474810184081814
Bangladesh,large_city,02_05,2011,0.0599141683583879
Bangladesh,large_city,02_05,2012,0.059676085871619176
Bangladesh,large_city,02_05,2013,0.0594611036524709
Bangladesh,large_city,02_05,2014,0.05924255507942851
Bangladesh,large_city,02_05,2015,0.05899922974763589
Bangladesh,large_city,02_05,2016,0.058732257441676504
Bangladesh,large_city,02_05,2017,0.05848899312319615
Bangladesh,large_city,02_05,2018,0.05820862676621345
Bangladesh,large_city,02_05,2019,0.05790066585754809
Bangladesh,large_city,02_05,2020,0.05779345242039561
Bangladesh,large_city,02_05,2025,0.056180292311614616
Bangladesh,large_city,02_05,2030,0.05504461924228779
Bangladesh,large_city,02_05,2035,0.05397373171979758
Bangladesh,large_city,02_05,2040,0.05295909289716016
Bangladesh,large_city,02_05,2045,0.05200977494822099
Bangladesh,large_city,02_05,2050,0.0511284308409568
Bangladesh,large_city,02_05,2055,0.05031244481639897
Bangladesh,large_city,02_05,2060,0.04955398894691559
Bangladesh,large_city,02_05,2065,0.04884616601326147
Bangladesh,large_city,02_05,2070,0.04818413163067856
Bangladesh,large_city,02_05,2075,0.047564847606066725
Bangladesh,large_city,02_05,2080,0.04700293577208379
Bangladesh,large_city,02_05,2085,0.046492900008389675
Bangladesh,large_city,02_05,2090,0.04603845723614566
Bangladesh,large_city,02_05,2095,0.04562068267911997
Bangladesh,large_city,02_05,2100,0.045229199297334266
Bangladesh,large_city,06_10,2011,0.0468854192381946
Bangladesh,large_city,06_10,2012,0.046699109430159674
Bangladesh,large_city,06_10,2013,0.04653087657723528
Bangladesh,large_city,06_10,2014,0.04635985289866715
Bangladesh,large_city,06_10,2015,0.046169440338417155
Bangladesh,large_city,06_10,2016,0.04596052300161929
Bangladesh,large_city,06_10,2017,0.04577015818691602
Bangladesh,large_city,06_10,2018,0.04555075942786475
Bangladesh,large_city,06_10,2019,0.045309766742705836
Bangladesh,large_city,06_10,2020,0.04522586760688218
Bangladesh,large_city,06_10,2025,0.04396350028925355
Bangladesh,large_city,06_10,2030,0.04307478716125999
Bangladesh,large_city,06_10,2035,0.04223677151613628
Bangladesh,large_city,06_10,2040,0.041442772903151376
Bangladesh,large_city,06_10,2045,0.04069989068937991
Bangladesh,large_city,06_10,2050,0.040010200936615295
Bangladesh,large_city,06_10,2055,0.03937165670071678
Bangladesh,large_city,06_10,2060,0.03877813229090297
Bangladesh,large_city,06_10,2065,0.03822423033582165
Bangladesh,large_city,06_10,2070,0.03770615989559074
Bangladesh,large_city,06_10,2075,0.03722154345315326
Bangladesh,large_city,06_10,2080,0.036781823222813044
Bangladesh,large_city,06_10,2085,0.03638269825350311
Bangladesh,large_city,06_10,2090,0.03602707719624371
Bangladesh,large_city,06_10,2095,0.03570015059791335
Bangladesh,large_city,06_10,2100,0.035393797977444415
Bangladesh,large_city,11_20,2011,0.0406330553046253
Bangladesh,large_city,11_20,2012,0.04047159067752626
Bangladesh,large_city,11_20,2013,0.0403257923690542
Bangladesh,large_city,11_20,2014,0.040177575403042766
Bangladesh,large_city,11_20,2015,0.04001255514264952
Bangladesh,large_city,11_20,2016,0.03983149779394425
Bangladesh,large_city,11_20,2017,0.03966651891203225
Bangladesh,large_city,11_20,2018,0.03947637788193917
Bangladesh,large_city,11_20,2019,0.03926752256480264
Bangladesh,large_city,11_20,2020,0.039194811724602756
Bangladesh,large_city,11_20,2025,0.03810078629270111
Bangladesh,large_city,11_20,2030,0.03733058672391296
Bangladesh,large_city,11_20,2035,0.03660432391966116
Bangladesh,large_city,11_20,2040,0.03591620829485879
Bangladesh,large_city,11_20,2045,0.035272392486715
Bangladesh,large_city,11_20,2050,0.03467467570562481
Bangladesh,large_city,11_20,2055,0.034121283975886846
Bangladesh,large_city,11_20,2060,0.033606908492837664
Bangladesh,large_city,11_20,2065,0.03312687164684473
Bangladesh,large_city,11_20,2070,0.032677888035486824
Bangladesh,large_city,11_20,2075,0.032257897193407464
Bangladesh,large_city,11_20,2080,0.03187681546846426
Bangladesh,large_city,11_20,2085,0.03153091545914504
Bangladesh,large_city,11_20,2090,0.03122271793586601
Bangladesh,large_city,11_20,2095,0.030939388347129195
Bangladesh,large_city,11_20,2100,0.03067388911149283
Bangladesh,large_city,21_30,2011,0.0412215199580625
Bangladesh,large_city,21_30,2012,0.041057716933687746
Bangladesh,large_city,21_30,2013,0.040909807114023054
Bangladesh,large_city,21_30,2014,0.04075944360882368
Bangladesh,large_city,21_30,2015,0.04059203345700793
Bangladesh,large_city,21_30,2016,0.0404083539611577
Bangladesh,large_city,21_30,2017,0.04024098578708342
Bangladesh,large_city,21_30,2018,0.040048091056227766
Bangladesh,large_city,21_30,2019,0.0398362110103108
Bangladesh,large_city,21_30,2020,0.03976244714175607
Bangladesh,large_city,21_30,2025,0.03865257758265776
Bangladesh,large_city,21_30,2030,0.037871223666284225
Bangladesh,large_city,21_30,2035,0.037134442824779144
Bangladesh,large_city,21_30,2040,0.03643636162589827
Bangladesh,large_city,21_30,2045,0.03578322181187857
Bangladesh,large_city,21_30,2050,0.03517684865002151
Bangladesh,large_city,21_30,2055,0.03461544247317851
Bangladesh,large_city,21_30,2060,0.03409361759238899
Bangladesh,large_city,21_30,2065,0.03360662865494991
Bangladesh,large_city,21_30,2070,0.03315114267788812
Bangladesh,large_city,21_30,2075,0.03272506935533866
Bangladesh,large_city,21_30,2080,0.03233846864779573
Bangladesh,large_city,21_30,2085,0.03198755917198225
Bangladesh,large_city,21_30,2090,0.0316748982051505
Bangladesh,large_city,21_30,2095,0.031387465320538085
Bangladesh,large_city,21_30,2100,0.031118121015548325
Bangladesh,large_city,31_50,2011,0.0600379215385309
Bangladesh,large_city,31_50,2012,0.05979934729053639
Bangladesh,large_city,31_50,2013,0.05958392102394453
Bangladesh,large_city,31_50,2014,0.05936492103712689
Bangladesh,large_city,31_50,2015,0.05912109311497136
Bangladesh,large_city,31_50,2016,0.05885356937564024
Bangladesh,large_city,31_50,2017,0.05860980259282045
Bangladesh,large_city,31_50,2018,0.05832885713694958
Bangladesh,large_city,31_50,2019,0.058020260132635205
Bangladesh,large_city,31_50,2020,0.05791282524529548
Bangladesh,large_city,31_50,2025,0.05629633314177916
Bangladesh,large_city,31_50,2030,0.05515831433090601
Bangladesh,large_city,31_50,2035,0.0540852148819197
Bangladesh,large_city,31_50,2040,0.05306848031491265
Bangladesh,large_city,31_50,2045,0.05211720154237588
Bangladesh,large_city,31_50,2050,0.05123403701201207
Bangladesh,large_city,31_50,2055,0.050416365561982125
Bangladesh,large_city,31_50,2060,0.04965634309600883
Bangladesh,large_city,31_50,2065,0.048947058148587054
Bangladesh,large_city,31_50,2070,0.0482836563288444
Bangladesh,large_city,31_50,2075,0.04766309316826928
Bangladesh,large_city,31_50,2080,0.04710002070102845
Bangladesh,large_city,31_50,2085,0.04658893145450259
Bangladesh,large_city,31_50,2090,0.046133550027182516
Bangladesh,large_city,31_50,2095,0.045714912553564115
Bangladesh,large_city,31_50,2100,0.04532262055981238
Bangladesh,large_city,51+,2011,0.0683410685329549
Bangladesh,large_city,51+,2012,0.06806949985411702
Bangladesh,large_city,51+,2013,0.06782428048489711
Bangladesh,large_city,51+,2014,0.06757499315575105
Bangladesh,large_city,51+,2015,0.06729744422815227
Bangladesh,large_city,51+,2016,0.06699292239036535
Bangladesh,large_city,51+,2017,0.0667154430575731
Bangladesh,large_city,51+,2018,0.06639564330165765
Bangladesh,large_city,51+,2019,0.06604436783307938
Bangladesh,large_city,51+,2020,0.06592207487538924
Bangladesh,large_city,51+,2025,0.06408202454056061
Bangladesh,large_city,51+,2030,0.06278661957728651
Bangladesh,large_city,51+,2035,0.0615651122181621
Bangladesh,large_city,51+,2040,0.06040776491260857
Bangladesh,large_city,51+,2045,0.059324925831542814
Bangladesh,large_city,51+,2050,0.05831962108166514
Bangladesh,large_city,51+,2055,0.05738886699871318
Bangladesh,large_city,51+,2060,0.056523734660640285
Bangladesh,large_city,51+,2065,0.05571635675749226
Bangladesh,large_city,51+,2070,0.05496120754402684
Bangladesh,large_city,51+,2075,0.054254821506684196
Bangladesh,large_city,51+,2080,0.053613877032148566
Bangladesh,large_city,51+,2085,0.05303210497328634
Bangladesh,large_city,51+,2090,0.052513745034507585
Bangladesh,large_city,51+,2095,0.05203721067852298
Bangladesh,large_city,51+,2100,0.05159066533946238
Bangladesh,city,No_travel,2011,0.0
Bangladesh,city,No_travel,2012,0.0
Bangladesh,city,No_travel,2013,0.0
Bangladesh,city,No_travel,2014,0.0
Bangladesh,city,No_travel,2015,0.0
Bangladesh,city,No_travel,2016,0.0
Bangladesh,city,No_travel,2017,0.0
Bangladesh,city,No_travel,2018,0.0
Bangladesh,city,No_travel,2019,0.0
Bangladesh,city,No_travel,2020,0.0
Bangladesh,city,No_travel,2025,0.0
Bangladesh,city,No_travel,2030,0.0
Bangladesh,city,No_travel,2035,0.0
Bangladesh,city,No_travel,2040,0.0
Bangladesh,city,No_travel,2045,0.0
Bangladesh,city,No_travel,2050,0.0
Bangladesh,city,No_travel,2055,0.0
Bangladesh,city,No_travel,2060,0.0
Bangladesh,city,No_travel,2065,0.0
Bangladesh,city,No_travel,2070,0.0
Bangladesh,city,No_travel,2075,0.0
Bangladesh,city,No_travel,2080,0.0
Bangladesh,city,No_travel,2085,0.0
Bangladesh,city,No_travel,2090,0.0
Bangladesh,city,No_travel,2095,0.0
Bangladesh,city,No_travel,2100,0.0
Bangladesh,city,00_01,2011,0.0195275670690455
Bangladesh,city,00_01,2012,0.01944996986865491
Bangladesh,city,00_01,2013,0.01937990163908426
Bangladesh,city,00_01,2014,0.019308671043135713
Bangladesh,city,00_01,2015,0.019229365064827614
Bangladesh,city,00_01,2016,0.019142351929987533
Bangladesh,city,00_01,2017,0.019063065837485748
Bangladesh,city,00_01,2018,0.018971687237233224
Bangladesh,city,00_01,2019,0.018871314863496268
Bangladesh,city,00_01,2020,0.018836371249288445
Bangladesh,city,00_01,2025,0.018310600916820508
Bangladesh,city,00_01,2030,0.017940455880388843
Bangladesh,city,00_01,2035,0.01759142611845101
Bangladesh,city,00_01,2040,0.017260729253205515
Bangladesh,city,00_01,2045,0.016951322139234233
Bangladesh,city,00_01,2050,0.016664069446973503
Bangladesh,city,00_01,2055,0.016398118633358875
Bangladesh,city,00_01,2060,0.016150918375622606
Bangladesh,city,00_01,2065,0.01592022069277637
Bangladesh,city,00_01,2070,0.015704446675342446
Bangladesh,city,00_01,2075,0.015502606098117726
Bangladesh,city,00_01,2080,0.015319464592099376
Bangladesh,city,00_01,2085,0.015153230830435982
Bangladesh,city,00_01,2090,0.015005116253246905
Bangladesh,city,00_01,2095,0.01486895278965244
Bangladesh,city,00_01,2100,0.014741358295667164
Bangladesh,city,02_05,2011,0.0495217408664981
Bangladesh,city,02_05,2012,0.04932495503874386
Bangladesh,city,02_05,2013,0.049147262615744966
Bangladesh,city,02_05,2014,0.04896662244168448
Bangladesh,city,02_05,2015,0.04876550316793925
Bangladesh,city,02_05,2016,0.04854483861201704
Bangladesh,city,02_05,2017,0.04834376976850429
Bangladesh,city,02_05,2018,0.04811203443012605
Bangladesh,city,02_05,2019,0.04785749096012891
Bangladesh,city,02_05,2020,0.04776887425730976
Bangladesh,city,02_05,2025,0.04643552525035421
Bangladesh,city,02_05,2030,0.04549684064554003
Bangladesh,city,02_05,2035,0.044611704193862955
Bangladesh,city,02_05,2040,0.043773059809329745
Bangladesh,city,02_05,2045,0.04298840604953673
Bangladesh,city,02_05,2050,0.042259935711217465
Bangladesh,city,02_05,2055,0.0415854867525484
Bangladesh,city,02_05,2060,0.04095858904109963
Bangladesh,city,02_05,2065,0.04037354171656514
Bangladesh,city,02_05,2070,0.03982634067819184
Bangladesh,city,02_05,2075,0.03931447472344566
Bangladesh,city,02_05,2080,0.03885002945123776
Bangladesh,city,02_05,2085,0.03842846207219609
Bangladesh,city,02_05,2090,0.038052844787965355
Bangladesh,city,02_05,2095,0.03770753542424545
Bangladesh,city,02_05,2100,0.03738395689319808
Bangladesh,city,06_10,2011,0.0572198770303753
Bangladesh,city,06_10,2012,0.05699250091902709
Bangladesh,city,06_10,2013,0.05678718627508846
Bangladesh,city,06_10,2014,0.05657846565328417
Bangladesh,city,06_10,2015,0.05634608246338048
Bangladesh,city,06_10,2016,0.05609111568446878
Bangladesh,city,06_10,2017,0.055858790764158416
Bangladesh,city,06_10,2018,0.055591032253783326
Bangladesh,city,06_10,2019,0.0552969200962284
Bangladesh,city,06_10,2020,0.05519452795997821
Bangladesh,city,06_10,2025,0.053653910346751627
Bangladesh,city,06_10,2030,0.05256930756991124
Bangladesh,city,06_10,2035,0.0515465769866589
Bangladesh,city,06_10,2040,0.0505775656450631
Bangladesh,city,06_10,2045,0.04967093775070424
Bangladesh,city,06_10,2050,0.048829226969751
Bangladesh,city,06_10,2055,0.04804993517178402
Bangladesh,city,06_10,2060,0.04732558644469818
Bangladesh,city,06_10,2065,0.046649593731577295
Bangladesh,city,06_10,2070,0.04601733049569828
Bangladesh,city,06_10,2075,0.04542589516902894
Bangladesh,city,06_10,2080,0.044889252052327556
Bangladesh,city,06_10,2085,0.04440215218130706
Bangladesh,city,06_10,2090,0.043968145330212975
Bangladesh,city,06_10,2095,0.04356915775457916
Bangladesh,city,06_10,2100,0.04319527906145903
Bangladesh,city,11_20,2011,0.0736255863590152
Bangladesh,city,11_20,2012,0.07333301845445368
Bangladesh,city,11_20,2013,0.07306883733711136
Bangladesh,city,11_20,2014,0.07280027370218077
Bangladesh,city,11_20,2015,0.07250126312221125
Bangladesh,city,11_20,2016,0.07217319393413035
Bangladesh,city,11_20,2017,0.07187425833043129
Bangladesh,city,11_20,2018,0.07152972984920933
Bangladesh,city,11_20,2019,0.07115129177525469
Bangladesh,city,11_20,2020,0.07101954243461961
Bangladesh,city,11_20,2025,0.06903720900407728
Bangladesh,city,11_20,2030,0.06764163600469635
Bangladesh,city,11_20,2035,0.06632567479004224
Bangladesh,city,11_20,2040,0.06507883484706833
Bangladesh,city,11_20,2045,0.0639122645257764
Bangladesh,city,11_20,2050,0.06282922392854672
Bangladesh,city,11_20,2055,0.061826498677326196
Bangladesh,city,11_20,2060,0.06089446941533057
Bangladesh,city,11_20,2065,0.06002466048771742
Bangladesh,city,11_20,2070,0.05921111886737928
Bangladesh,city,11_20,2075,0.05845011106765349
Bangladesh,city,11_20,2080,0.05775960514238396
Bangladesh,city,11_20,2085,0.05713284717853432
Bangladesh,city,11_20,2090,0.05657440471843136
Bangladesh,city,11_20,2095,0.05606102203167011
Bangladesh,city,11_20,2100,0.05557994728218229
Bangladesh,city,21_30,2011,0.0391220097897899
Bangladesh,city,21_30,2012,0.03896654964349481
Bangladesh,city,21_30,2013,0.038826173223148956
Bangladesh,city,21_30,2014,0.038683468089315415
Bangladesh,city,21_30,2015,0.03852458453516921
Bangladesh,city,21_30,2016,0.0383502602734208
Bangladesh,city,21_30,2017,0.03819141655898973
Bangladesh,city,21_30,2018,0.03800834641609807
Bangladesh,city,21_30,2019,0.03780725792544906
Bangladesh,city,21_30,2020,0.037737251026366575
Bangladesh,city,21_30,2025,0.03668390976673791
Bangladesh,city,21_30,2030,0.03594235206588759
Bangladesh,city,21_30,2035,0.03524309722706514
Bangladesh,city,21_30,2040,0.034580570965916345
Bangladesh,city,21_30,2045,0.03396069711788317
Bangladesh,city,21_30,2050,0.03338520798505711
Bangladesh,city,21_30,2055,0.03285239556162281
Bangladesh,city,21_30,2060,0.032357148464582895
Bangladesh,city,21_30,2065,0.03189496303334712
Bangladesh,city,21_30,2070,0.03146267604170168
Bangladesh,city,21_30,2075,0.031058303648036755
Bangladesh,city,21_30,2080,0.030691393435103763
Bangladesh,city,21_30,2085,0.030358356614480168
Bangladesh,city,21_30,2090,0.030061620215198405
Bangladesh,city,21_30,2095,0.02978882697183536
Bangladesh,city,21_30,2100,0.02953320101366221
Bangladesh,city,31_50,2011,0.0678243479409768
Bangladesh,city,31_50,2012,0.06755483256817443
Bangladesh,city,31_50,2013,0.06731146728026095
Bangladesh,city,31_50,2014,0.06706406478989564
Bangladesh,city,31_50,2015,0.06678861438444833
Bangladesh,city,31_50,2016,0.06648639500852907
Bangladesh,city,31_50,2017,0.0662110136716883
Bangladesh,city,31_50,2018,0.06589363189258735
Bangladesh,city,31_50,2019,0.06554501238581897
Bangladesh,city,31_50,2020,0.06542364407403867
Bangladesh,city,31_50,2025,0.06359750619212733
Bangladesh,city,31_50,2030,0.06231189566774397
Bangladesh,city,31_50,2035,0.06109962401445884
Bangladesh,city,31_50,2040,0.05995102730642577
Bangladesh,city,31_50,2045,0.05887637547298427
Bangladesh,city,31_50,2050,0.05787867174071762
Bangladesh,city,31_50,2055,0.05695495500457707
Bangladesh,city,31_50,2060,0.056096363853281976
Bangladesh,city,31_50,2065,0.05529509046089183
Bangladesh,city,31_50,2070,0.05454565086182066
Bangladesh,city,31_50,2075,0.05384460574494086
Bangladesh,city,31_50,2080,0.053208507393174696
Bangladesh,city,31_50,2085,0.05263113405983878
Bangladesh,city,31_50,2090,0.052116693393324476
Bangladesh,city,31_50,2095,0.051643762070183924
Bangladesh,city,31_50,2100,0.05120059301974301
Bangladesh,city,51+,2011,0.0385852189262921
Bangladesh,city,51+,2012,0.03843189183979168
Bangladesh,city,51+,2013,0.03829344151629763
Bangladesh,city,51+,2014,0.03815269443146074
Bangladesh,city,51+,2015,0.03799599090949294
Bangladesh,city,51+,2016,0.0378240585409907
Bangladesh,city,51+,2017,0.037667394312099575
Bangladesh,city,51+,2018,0.03748683606419009
Bangladesh,city,51+,2019,0.03728850669724446
Bangladesh,city,51+,2020,0.03721946035882876
Bangladesh,city,51+,2025,0.03618057193450564
Bangladesh,city,51+,2030,0.035449189104545434
Bangladesh,city,51+,2035,0.034759528701457584
Bangladesh,city,51+,2040,0.034106092925325356
Bangladesh,city,51+,2045,0.03349472433098271
Bangladesh,city,51+,2050,0.03292713145170301
Bangladesh,city,51+,2055,0.032401629717121204
Bangladesh,city,51+,2060,0.03191317787723432
Bangladesh,city,51+,2065,0.031457334065922014
Bangladesh,city,51+,2070,0.031030978459416835
Bangladesh,city,51+,2075,0.030632154436286457
Bangladesh,city,51+,2080,0.030270278577444288
Bangladesh,city,51+,2085,0.029941811336028912
Bangladesh,city,51+,2090,0.029649146439945925
Bangladesh,city,51+,2095,0.02938009617710581
Bangladesh,city,51+,2100,0.0291279776481153
Bangladesh,town,No_travel,2011,0.0
Bangladesh,town,No_travel,2012,0.0
Bangladesh,town,No_travel,2013,0.0
Bangladesh,town,No_travel,2014,0.0
Bangladesh,town,No_travel,2015,0.0
Bangladesh,town,No_travel,2016,0.0
Bangladesh,town,No_travel,2017,0.0
Bangladesh,town,No_travel,2018,0.0
Bangladesh,town,No_travel,2019,0.0
Bangladesh,town,No_travel,2020,0.0
Bangladesh,town,No_travel,2025,0.0
Bangladesh,town,No_travel,2030,0.0
Bangladesh,town,No_travel,2035,0.0
Bangladesh,town,No_travel,2040,0.0
Bangladesh,town,No_travel,2045,0.0
Bangladesh,town,No_travel,2050,0.0
Bangladesh,town,No_travel,2055,0.0
Bangladesh,town,No_travel,2060,0.0
Bangladesh,town,No_travel,2065,0.0
Bangladesh,town,No_travel,2070,0.0
Bangladesh,town,No_travel,2075,0.0
Bangladesh,town,No_travel,2080,0.0
Bangladesh,town,No_travel,2085,0.0
Bangladesh,town,No_travel,2090,0.0
Bangladesh,town,No_travel,2095,0.0
Bangladesh,town,No_travel,2100,0.0
Bangladesh,town,00_01,2011,0.0129968328827312
Bangladesh,town,00_01,2012,0.012945187030379068
Bangladesh,town,00_01,2013,0.012898552185039724
Bangladesh,town,00_01,2014,0.012851143711244331
Bangladesh,town,00_01,2015,0.01279836055894341
Bangladesh,town,00_01,2016,0.012740447805750938
Bangladesh,town,00_01,2017,0.01268767788871381
Bangladesh,town,00_01,2018,0.012626859641753462
Bangladesh,town,00_01,2019,0.01256005546881734
Bangladesh,town,00_01,2020,0.012536798280014869
Bangladesh,town,00_01,2025,0.012186864818174874
Bangladesh,town,00_01,2030,0.011940509849127008
Bangladesh,town,00_01,2035,0.011708208432828392
Bangladesh,town,00_01,2040,0.011488108720598912
Bangladesh,town,00_01,2045,0.011282178686468478
Bangladesh,town,00_01,2050,0.011090993823386104
Bangladesh,town,00_01,2055,0.010913986709936992
Bangladesh,town,00_01,2060,0.010749459279202456
Bangladesh,town,00_01,2065,0.010595915357433589
Bangladesh,town,00_01,2070,0.010452304080354958
Bangladesh,town,00_01,2075,0.010317966390366836
Bangladesh,town,00_01,2080,0.010196074116782722
Bangladesh,town,00_01,2085,0.010085435018109152
Bangladesh,town,00_01,2090,0.009986855384485753
Bangladesh,town,00_01,2095,0.009896229974017883
Bangladesh,town,00_01,2100,0.00981130775563708
Bangladesh,town,02_05,2011,0.0454311662241691
Bangladesh,town,02_05,2012,0.04525063521910277
Bangladesh,town,02_05,2013,0.045087620473159146
Bangladesh,town,02_05,2014,0.04492190146508492
Bangladesh,town,02_05,2015,0.044737394963566005
Bangladesh,town,02_05,2016,0.04453495765129724
Bangladesh,town,02_05,2017,0.04435049741439331
Bangladesh,town,02_05,2018,0.04413790378392589
Bangladesh,town,02_05,2019,0.043904386009825574
Bangladesh,town,02_05,2020,0.04382308918775165
Bangladesh,town,02_05,2025,0.042599876931681546
Bangladesh,town,02_05,2030,0.041738729169765294
Bangladesh,town,02_05,2035,0.040926706398279555
Bangladesh,town,02_05,2040,0.04015733537516858
Bangladesh,town,02_05,2045,0.039437495265232304
Bangladesh,town,02_05,2050,0.038769197736702794
Bangladesh,town,02_05,2055,0.038150459335853475
Bangladesh,town,02_05,2060,0.03757534437349463
Bangladesh,town,02_05,2065,0.03703862288945825
Bangladesh,town,02_05,2070,0.036536621528088634
Bangladesh,town,02_05,2075,0.03606703651617928
Bangladesh,town,02_05,2080,0.035640955162929006
Bangladesh,town,02_05,2085,0.035254209920600785
Bangladesh,town,02_05,2090,0.034909619222092
Bangladesh,town,02_05,2095,0.034592832961604654
Bangladesh,town,02_05,2100,0.03429598253241204
Bangladesh,town,06_10,2011,0.0569320146292085
Bangladesh,town,06_10,2012,0.056705782404159556
Bangladesh,town,06_10,2013,0.05650150065944173
Bangladesh,town,06_10,2014,0.05629383007169
Bangladesh,town,06_10,2015,0.05606261595775271
Bangladesh,town,06_10,2016,0.05580893186858108
Bangladesh,town,06_10,2017,0.05557777573109379
Bangladesh,town,06_10,2018,0.05531136426324535
Bangladesh,town,06_10,2019,0.055018731728441815
Bangladesh,town,06_10,2020,0.054916854707702724
Bangladesh,town,06_10,2025,0.053383987650898836
Bangladesh,town,06_10,2030,0.05230484130591145
Bangladesh,town,06_10,2035,0.05128725588718446
Bangladesh,town,06_10,2040,0.05032311945874867
Bangladesh,town,06_10,2045,0.04942105263820157
Bangladesh,town,06_10,2050,0.04858357634531555
Bangladesh,town,06_10,2055,0.04780820501729389
Bangladesh,town,06_10,2060,0.047087500351934194
Bangladesh,town,06_10,2065,0.04641490843056033
Bangladesh,town,06_10,2070,0.045785825991682204
Bangladesh,town,06_10,2075,0.04519736606450873
Bangladesh,town,06_10,2080,0.044663422698036824
Bangladesh,town,06_10,2085,0.04417877333452801
Bangladesh,town,06_10,2090,0.04374694988998358
Bangladesh,town,06_10,2095,0.04334996954553442
Bangladesh,town,06_10,2100,0.04297797176555029
Bangladesh,town,11_20,2011,0.0621547171877937
Bangladesh,town,11_20,2012,0.06190773137395481
Bangladesh,town,11_20,2013,0.06168470968480047
Bangladesh,town,11_20,2014,0.06145798827446575
Bangladesh,town,11_20,2015,0.06120556355429388
Bangladesh,town,11_20,2016,0.06092860755826601
Bangladesh,town,11_20,2017,0.060676246133058796
Bangladesh,town,11_20,2018,0.06038539520239087
Bangladesh,town,11_20,2019,0.06006591779483521
Bangladesh,town,11_20,2020,0.05995469500651103
Bangladesh,town,11_20,2025,0.05828120920027976
Bangladesh,town,11_20,2030,0.057103066527588876
Bangladesh,town,11_20,2035,0.055992132120518914
Bangladesh,town,11_20,2040,0.05493954988835719
Bangladesh,town,11_20,2045,0.05395473126774874
Bangladesh,town,11_20,2050,0.053040428436998265
Bangladesh,town,11_20,2055,0.05219392781827635
Bangladesh,town,11_20,2060,0.05140710875095366
Bangladesh,town,11_20,2065,0.05067281608753648
Bangladesh,town,11_20,2070,0.04998602428276839
Bangladesh,town,11_20,2075,0.04934358152735161
Bangladesh,town,11_20,2080,0.04876065645165382
Bangladesh,town,11_20,2085,0.04823154740254807
Bangladesh,town,11_20,2090,0.047760110299091905
Bangladesh,town,11_20,2095,0.04732671265456711
Bangladesh,town,11_20,2100,0.046920589369452606
Bangladesh,town,21_30,2011,0.0318021562733665
Bangladesh,town,21_30,2012,0.03167578321908525
Bangladesh,town,21_30,2013,0.03156167167724672
Bangladesh,town,21_30,2014,0.031445667131683466
Bangladesh,town,21_30,2015,0.0313165112001407
Bangladesh,town,21_30,2016,0.03117480356691453
Bangladesh,town,21_30,2017,0.031045680020948412
Bangladesh,town,21_30,2018,0.03089686288899351
Bangladesh,town,21_30,2019,0.030733398699940927
Bangladesh,town,21_30,2020,0.030676490316225533
Bangladesh,town,21_30,2025,0.029820232584889906
Bangladesh,town,21_30,2030,0.02921742270843221
Bangladesh,town,21_30,2035,0.028649000692829548
Bangladesh,town,21_30,2040,0.02811043522021004
Bangladesh,town,21_30,2045,0.027606541757403617
Bangladesh,town,21_30,2050,0.027138728487224054
Bangladesh,town,21_30,2055,0.026705606977222515
Bangladesh,town,21_30,2060,0.026303022200555318
Bangladesh,town,21_30,2065,0.025927313145974247
Bangladesh,town,21_30,2070,0.02557590843703622
Bangladesh,town,21_30,2075,0.02524719541525983
Bangladesh,town,21_30,2080,0.02494893528003962
Bangladesh,town,21_30,2085,0.024678210716778025
Bangladesh,town,21_30,2090,0.024436994649590763
Bangladesh,town,21_30,2095,0.024215241897051598
Bangladesh,town,21_30,2100,0.02400744437557883
Bangladesh,town,31_50,2011,0.0457355874252065
Bangladesh,town,31_50,2012,0.045553846733707826
Bangladesh,town,31_50,2013,0.04538973967275512
Bangladesh,town,31_50,2014,0.0452229102291877
Bangladesh,town,31_50,2015,0.04503716740257612
Bangladesh,town,31_50,2016,0.04483337361600002
Bangladesh,town,31_50,2017,0.04464767736400933
Bangladesh,town,31_50,2018,0.04443365920466232
Bangladesh,town,31_50,2019,0.04419857669500351
Bangladesh,town,31_50,2020,0.044116735126266154
Bangladesh,town,31_50,2025,0.04288532647606698
Bangladesh,town,31_50,2030,0.042018408410243936
Bangladesh,town,31_50,2035,0.041200944507307914
Bangladesh,town,31_50,2040,0.04042641814986669
Bangladesh,town,31_50,2045,0.03970175459802843
Bangladesh,town,31_50,2050,0.039028978999636456
Bangladesh,town,31_50,2055,0.03840609461041023
Bangladesh,town,31_50,2060,0.037827125967810994
Bangladesh,town,31_50,2065,0.03728680806720924
Bangladesh,town,31_50,2070,0.03678144293884768
Bangladesh,town,31_50,2075,0.03630871137259698
Bangladesh,town,31_50,2080,0.03587977497053163
Bangladesh,town,31_50,2085,0.03549043825937375
Bangladesh,town,31_50,2090,0.03514353855753037
Bangladesh,town,31_50,2095,0.03482462960326462
Bangladesh,town,31_50,2100,0.03452579006457529
Bangladesh,town,51+,2011,0.0299585707997298
Bangladesh,town,51+,2012,0.029839523648922808
Bangladesh,town,51+,2013,0.02973202720510152
Bangladesh,town,51+,2014,0.029622747495843003
Bangladesh,town,51+,2015,0.02950107879243595
Bangladesh,town,51+,2016,0.029367586015204877
Bangladesh,town,51+,2017,0.029245947819967852
Bangladesh,town,51+,2018,0.029105757684885172
Bangladesh,town,51+,2019,0.02895176958927125
Bangladesh,town,51+,2020,0.02889816021046118
Bangladesh,town,51+,2025,0.028091540129529198
Bangladesh,town,51+,2030,0.027523675415973326
Bangladesh,town,51+,2035,0.0269882050833274
Bangladesh,town,51+,2040,0.026480860496278947
Bangladesh,town,51+,2045,0.026006177966854057
Bangladesh,town,51+,2050,0.025565484044867866
Bangladesh,town,51+,2055,0.025157470785932532
Bangladesh,town,51+,2060,0.02477822403200163
Bangladesh,town,51+,2065,0.02442429500231527
Bangladesh,town,51+,2070,0.02409326138429312
Bangladesh,town,51+,2075,0.023783604005999926
Bangladesh,town,51+,2080,0.023502634146568887
Bangladesh,town,51+,2085,0.023247603609457455
Bangladesh,town,51+,2090,0.023020370947472394
Bangladesh,town,51+,2095,0.022811473302926724
Bangladesh,town,51+,2100,0.022615721898350937
Bangladesh,rural,No_travel,2011,0.0
Bangladesh,rural,No_travel,2012,0.0
Bangladesh,rural,No_travel,2013,0.0
Bangladesh,rural,No_travel,2014,0.0
Bangladesh,rural,No_travel,2015,0.0
Bangladesh,rural,No_travel,2016,0.0
Bangladesh,rural,No_travel,2017,0.0
Bangladesh,rural,No_travel,2018,0.0
Bangladesh,rural,No_travel,2019,0.0
Bangladesh,rural,No_travel,2020,0.0
Bangladesh,rural,No_travel,2025,0.0
Bangladesh,rural,No_travel,2030,0.0
Bangladesh,rural,No_travel,2035,0.0
Bangladesh,rural,No_travel,2040,0.0
Bangladesh,rural,No_travel,2045,0.0
Bangladesh,rural,No_travel,2050,0.0
Bangladesh,rural,No_travel,2055,0.0
Bangladesh,rural,No_travel,2060,0.0
Bangladesh,rural,No_travel,2065,0.0
Bangladesh,rural,No_travel,2070,0.0
Bangladesh,rural,No_travel,2075,0.0
Bangladesh,rural,No_travel,2080,0.0
Bangladesh,rural,No_travel,2085,0.0
Bangladesh,rural,No_travel,2090,0.0
Bangladesh,rural,No_travel,2095,0.0
Bangladesh,rural,No_travel,2100,0.0
Bangladesh,rural,00_01,2011,0.00937229078988372
Bangladesh,rural,00_01,2012,0.009335047874574811
Bangladesh,rural,00_01,2013,0.00930141850229579
Bangladesh,rural,00_01,2014,0.009267231250191828
Bangladesh,rural,00_01,2015,0.009229168203860882
Bangladesh,rural,00_01,2016,0.009187406093948414
Bangladesh,rural,00_01,2017,0.009149352591845825
Bangladesh,rural,00_01,2018,0.009105495268989832
Bangladesh,rural,00_01,2019,0.009057321368441573
Bangladesh,rural,00_01,2020,0.009040550118216327
Bangladesh,rural,00_01,2025,0.008788205705460756
Bangladesh,rural,00_01,2030,0.008610553932272441
Bangladesh,rural,00_01,2035,0.00844303647289622
Bangladesh,rural,00_01,2040,0.008284317920122852
Bangladesh,rural,00_01,2045,0.00813581742160482
Bangladesh,rural,00_01,2050,0.007997949977466726
Bangladesh,rural,00_01,2055,0.007870306408137826
Bangladesh,rural,00_01,2060,0.007751662201686164
Bangladesh,rural,00_01,2065,0.007640938435610117
Bangladesh,rural,00_01,2070,0.00753737730947793
Bangladesh,rural,00_01,2075,0.007440503562929813
Bangladesh,rural,00_01,2080,0.007352604469098401
Bangladesh,rural,00_01,2085,0.00727282027745298
Bangladesh,rural,00_01,2090,0.0072017324208486005
Bangladesh,rural,00_01,2095,0.007136380522619148
Bangladesh,rural,00_01,2100,0.007075141316701187
Bangladesh,rural,02_05,2011,0.0357129319501618
Bangladesh,rural,02_05,2012,0.03557101854501134
Bangladesh,rural,02_05,2013,0.03544287447536471
Bangladesh,rural,02_05,2014,0.03531260461548481
Bangladesh,rural,02_05,2015,0.03516756611701012
Bangladesh,rural,02_05,2016,0.03500843240863127
Bangladesh,rural,02_05,2017,0.03486343027825329
Bangladesh,rural,02_05,2018,0.034696312801663354
Bangladesh,rural,02_05,2019,0.03451274708964866
Bangladesh,rural,02_05,2020,0.03444884056653268
Bangladesh,rural,02_05,2025,0.033487287084808595
Bangladesh,rural,02_05,2030,0.03281034845486895
Bangladesh,rural,02_05,2035,0.032172026430799396
Bangladesh,rural,02_05,2040,0.031567232469376254
Bangladesh,rural,02_05,2045,0.031001374205155096
Bangladesh,rural,02_05,2050,0.030476032988047214
Bangladesh,rural,02_05,2055,0.029989649647248703
Bangladesh,rural,02_05,2060,0.029537558203835242
Bangladesh,rural,02_05,2065,0.029115647444578004
Bangladesh,rural,02_05,2070,0.02872102978565592
Bangladesh,rural,02_05,2075,0.02835189425670238
Bangladesh,rural,02_05,2080,0.02801695646754731
Bangladesh,rural,02_05,2085,0.027712940355498466
Bangladesh,rural,02_05,2090,0.027442061459152726
Bangladesh,rural,02_05,2095,0.027193039320744312
Bangladesh,rural,02_05,2100,0.026959688516478748
Bangladesh,rural,06_10,2011,0.0564972292407587
Bangladesh,rural,06_10,2012,0.05627272473369915
Bangladesh,rural,06_10,2013,0.05607000307285169
Bangladesh,rural,06_10,2014,0.05586391844930224
Bangladesh,rural,06_10,2015,0.055634470099654124
Bangladesh,rural,06_10,2016,0.055382723376233074
Bangladesh,rural,06_10,2017,0.05515333256027331
Bangladesh,rural,06_10,2018,0.05488895565618113
Bangladesh,rural,06_10,2019,0.054598557933392355
Bangladesh,rural,06_10,2020,0.05449745893957405
Bangladesh,rural,06_10,2025,0.052976298269819255
Bangladesh,rural,06_10,2030,0.051905393281928676
Bangladesh,rural,06_10,2035,0.05089557908427025
Bangladesh,rural,06_10,2040,0.049938805691101804
Bangladesh,rural,06_10,2045,0.049043627885031596
Bangladesh,rural,06_10,2050,0.04821254733376286
Bangladesh,rural,06_10,2055,0.047443097456549545
Bangladesh,rural,06_10,2060,0.046727896756927345
Bangladesh,rural,06_10,2065,0.04606044136798971
Bangladesh,rural,06_10,2070,0.04543616318299819
Bangladesh,rural,06_10,2075,0.044852197278734136
Bangladesh,rural,06_10,2080,0.044322331596417866
Bangladesh,rural,06_10,2085,0.04384138346258004
Bangladesh,rural,06_10,2090,0.043412857820252886
Bangladesh,rural,06_10,2095,0.043018909183962874
Bangladesh,rural,06_10,2100,0.04264975232222704
Bangladesh,rural,11_20,2011,0.0790926871290141
Bangladesh,rural,11_20,2012,0.07877839446414295
Bangladesh,rural,11_20,2013,0.07849459646004339
Bangladesh,rural,11_20,2014,0.07820609051255635
Bangladesh,rural,11_20,2015,0.07788487676853978
Bangladesh,rural,11_20,2016,0.07753244665649933
Bangladesh,rural,11_20,2017,0.07721131345614964
Bangladesh,rural,11_20,2018,0.07684120185881108
Bangladesh,rural,11_20,2019,0.07643466269679956
Bangladesh,rural,11_20,2020,0.07629313025008339
Bangladesh,rural,11_20,2025,0.07416359776605352
Bangladesh,rural,11_20,2030,0.07266439587083871
Bangladesh,rural,11_20,2035,0.07125071736895185
Bangladesh,rural,11_20,2040,0.06991129276961869
Bangladesh,rural,11_20,2045,0.06865809824854527
Bangladesh,rural,11_20,2050,0.06749463598846889
Bangladesh,rural,11_20,2055,0.06641745292625977
Bangladesh,rural,11_20,2060,0.06541621541550302
Bangladesh,rural,11_20,2065,0.06448181843782372
Bangladesh,rural,11_20,2070,0.06360786692143003
Bangladesh,rural,11_20,2075,0.06279035014794113
Bangladesh,rural,11_20,2080,0.06204857039705719
Bangladesh,rural,11_20,2085,0.06137527224091548
Bangladesh,rural,11_20,2090,0.06077536238673647
Bangladesh,rural,11_20,2095,0.06022385823947629
Bangladesh,rural,11_20,2100,0.05970706106978896
Bangladesh,rural,21_30,2011,0.0462193616190824
Bangladesh,rural,21_30,2012,0.046035698541505965
Bangladesh,rural,21_30,2013,0.045869855616522834
Bangladesh,rural,21_30,2014,0.04570126151256467
Bangladesh,rural,21_30,2015,0.04551355396676458
Bangladesh,rural,21_30,2016,0.04530760452459579
Bangladesh,rural,21_30,2017,0.04511994404606578
Bangladesh,rural,21_30,2018,0.04490366208147777
Bangladesh,rural,21_30,2019,0.044666092955640904
Bangladesh,rural,21_30,2020,0.04458338569694152
Bangladesh,rural,21_30,2025,0.04333895165971619
Bangladesh,rural,21_30,2030,0.04246286365398288
Bangladesh,rural,21_30,2035,0.0416367529190517
Bangladesh,rural,21_30,2040,0.04085403390715251
Bangladesh,rural,21_30,2045,0.040121705131243496
Bangladesh,rural,21_30,2050,0.03944181316043576
Bangladesh,rural,21_30,2055,0.0388123401296234
Bangladesh,rural,21_30,2060,0.03822724737002642
Bangladesh,rural,21_30,2065,0.037681214185736056
Bangladesh,rural,21_30,2070,0.03717050349123333
Bangladesh,rural,21_30,2075,0.03669277154463863
Bangladesh,rural,21_30,2080,0.03625929801134101
Bangladesh,rural,21_30,2085,0.03586584303989195
Bangladesh,rural,21_30,2090,0.03551527396080728
Bangladesh,rural,21_30,2095,0.035192991705115764
Bangladesh,rural,21_30,2100,0.03489099115188466
Bangladesh,rural,31_50,2011,0.0461113884100324
Bangladesh,rural,31_50,2012,0.04592815438840082
Bangladesh,rural,31_50,2013,0.045762698889643
Bangladesh,rural,31_50,2014,0.045594498638948794
Bangladesh,rural,31_50,2015,0.04540722959738963
Bangladesh,rural,31_50,2016,0.04520176127441838
Bangladesh,rural,31_50,2017,0.04501453919017528
Bangladesh,rural,31_50,2018,0.04479876248262585
Bangladesh,rural,31_50,2019,0.04456174834283788
Bangladesh,rural,31_50,2020,0.04447923429684895
Bangladesh,rural,31_50,2025,0.04323770738624206
Bangladesh,rural,31_50,2030,0.042363666012700876
Bangladesh,rural,31_50,2035,0.04153948515788826
Bangladesh,rural,31_50,2040,0.04075859465855477
Bangladesh,rural,31_50,2045,0.040027976678408496
Bangladesh,rural,31_50,2050,0.039349673005563426
Bangladesh,rural,31_50,2055,0.038721670488855255
Bangladesh,rural,31_50,2060,0.0381379445664588
Bangladesh,rural,31_50,2065,0.03759318697216125
Bangladesh,rural,31_50,2070,0.037083669350661916
Bangladesh,rural,31_50,2075,0.03660705343530461
Bangladesh,rural,31_50,2080,0.03617459254101343
Bangladesh,rural,31_50,2085,0.03578205672107136
Bangladesh,rural,31_50,2090,0.035432306607613574
Bangladesh,rural,31_50,2095,0.035110777236603885
Bangladesh,rural,31_50,2100,0.03480948218789999
Bangladesh,rural,51+,2011,0.0228571795411535
Bangladesh,rural,51+,2012,0.0227663513732129
Bangladesh,rural,51+,2013,0.022684335928187704
Bangladesh,rural,51+,2014,0.022600959923657158
Bangladesh,rural,51+,2015,0.02250813161696305
Bangladesh,rural,51+,2016,0.02240628201949676
Bangladesh,rural,51+,2017,0.02231347698930421
Bangladesh,rural,51+,2018,0.02220651757829278
Bangladesh,rural,51+,2019,0.022089030880673696
Bangladesh,rural,51+,2020,0.022048129089839184
Bangladesh,rural,51+,2025,0.02143271054619062
Bangladesh,rural,51+,2030,0.020999452704900366
Bangladesh,rural,51+,2035,0.020590910467886858
Bangladesh,rural,51+,2040,0.020203827038810077
Bangladesh,rural,51+,2045,0.019841663440531506
Bangladesh,rural,51+,2050,0.019505431776982843
Bangladesh,rural,51+,2055,0.019194134139421972
Bangladesh,rural,51+,2060,0.01890478418334608
Bangladesh,rural,51+,2065,0.018634750628326147
Bangladesh,rural,51+,2070,0.01838218534769673
Bangladesh,rural,51+,2075,0.01814592927462818
Bangladesh,rural,51+,2080,0.017931560619808176
Bangladesh,rural,51+,2085,0.017736982620270045
Bangladesh,rural,51+,2090,0.01756361327674136
Bangladesh,rural,51+,2095,0.01740423281099673
Bangladesh,rural,51+,2100,0.01725488239539339
Bhutan,large_city,No_travel,2011,0.0
Bhutan,large_city,No_travel,2012,0.0
Bhutan,large_city,No_travel,2013,0.0
Bhutan,large_city,No_travel,2014,0.0
Bhutan,large_city,No_travel,2015,0.0
Bhutan,large_city,No_travel,2016,0.0
Bhutan,large_city,No_travel,2017,0.0
Bhutan,large_city,No_travel,2018,0.0
Bhutan,large_city,No_travel,2019,0.0
Bhutan,large_city,No_travel,2020,0.0
Bhutan,large_city,No_travel,2025,0.0
Bhutan,large_city,No_travel,2030,0.0
Bhutan,large_city,No_travel,2035,0.0
Bhutan,large_city,No_travel,2040,0.0
Bhutan,large_city,No_travel,2045,0.0
Bhutan,large_city,No_travel,2050,0.0
Bhutan,large_city,No_travel,2055,0.0
Bhutan,large_city,No_travel,2060,0.0
Bhutan,large_city,No_travel,2065,0.0
Bhutan,large_city,No_travel,2070,0.0
Bhutan,large_city,No_travel,2075,0.0
Bhutan,large_city,No_travel,2080,0.0
Bhutan,large_city,No_travel,2085,0.0
Bhutan,large_city,No_travel,2090,0.0
Bhutan,large_city,No_travel,2095,0.0
Bhutan,large_city,No_travel,2100,0.0
Bhutan,large_city,00_01,2011,0.0204991553484746
Bhutan,large_city,00_01,2012,0.020448237422654218
Bhutan,large_city,00_01,2013,0.020438040323220087
Bhutan,large_city,00_01,2014,0.020377542553379306
Bhutan,large_city,00_01,2015,0.020285775195295546
Bhutan,large_city,00_01,2016,0.020193027070595875
Bhutan,large_city,00_01,2017,0.02014669482087742
Bhutan,large_city,00_01,2018,0.02010333614379648
Bhutan,large_city,00_01,2019,0.020041402730477886
Bhutan,large_city,00_01,2020,0.02019340967958284
Bhutan,large_city,00_01,2025,0.019976303584580912
Bhutan,large_city,00_01,2030,0.01966329822843576
Bhutan,large_city,00_01,2035,0.019379222616196477
Bhutan,large_city,00_01,2040,0.019107230709794754
Bhutan,large_city,00_01,2045,0.018845936742313663
Bhutan,large_city,00_01,2050,0.01859621282989352
Bhutan,large_city,00_01,2055,0.01835992556676636
Bhutan,large_city,00_01,2060,0.018137916743610667
Bhutan,large_city,00_01,2065,0.017930257669162467
Bhutan,large_city,00_01,2070,0.017736906056379682
Bhutan,large_city,00_01,2075,0.017558349289656255
Bhutan,large_city,00_01,2080,0.01739751938993155
Bhutan,large_city,00_01,2085,0.017248599097962752
Bhutan,large_city,00_01,2090,0.017117354648518764
Bhutan,large_city,00_01,2095,0.01700103808615025
Bhutan,large_city,00_01,2100,0.016896680120501203
Bhutan,large_city,02_05,2011,0.0599141683583879
Bhutan,large_city,02_05,2012,0.059765347339755574
Bhutan,large_city,02_05,2013,0.05973554363702353
Bhutan,large_city,02_05,2014,0.05955872300681073
Bhutan,large_city,02_05,2015,0.059290508787806624
Bhutan,large_city,02_05,2016,0.05901942802063763
Bhutan,large_city,02_05,2017,0.058884009845456046
Bhutan,large_city,02_05,2018,0.058757282717715256
Bhutan,large_city,02_05,2019,0.058576266042174224
Bhutan,large_city,02_05,2020,0.0590205462959456
Bhutan,large_city,02_05,2025,0.05838599668126865
Bhutan,large_city,02_05,2030,0.057471156275097794
Bhutan,large_city,02_05,2035,0.056640870647769105
Bhutan,large_city,02_05,2040,0.055845902826156674
Bhutan,large_city,02_05,2045,0.05508220254228824
Bhutan,large_city,02_05,2050,0.054352318784762134
Bhutan,large_city,02_05,2055,0.053661707165732826
Bhutan,large_city,02_05,2060,0.0530128280396674
Bhutan,large_city,02_05,2065,0.05240588982508568
Bhutan,large_city,02_05,2070,0.05184076892699484
Bhutan,large_city,02_05,2075,0.05131888985436306
Bhutan,large_city,02_05,2080,0.050848822208874156
Bhutan,large_city,02_05,2085,0.05041356352170768
Bhutan,large_city,02_05,2090,0.05002996712925065
Bhutan,large_city,02_05,2095,0.049690001409583344
Bhutan,large_city,02_05,2100,0.04938498783135798
Bhutan,large_city,06_10,2011,0.0468854192381946
Bhutan,large_city,06_10,2012,0.04676896037643932
Bhutan,large_city,06_10,2013,0.046745637694413866
Bhutan,large_city,06_10,2014,0.0466072679297215
Bhutan,large_city,06_10,2015,0.04639737874243561
Bhutan,large_city,06_10,2016,0.046185246357653024
Bhutan,large_city,06_10,2017,0.0460792757986046
Bhutan,large_city,06_10,2018,0.04598010635879134
Bhutan,large_city,06_10,2019,0.04583845300776627
Bhutan,large_city,06_10,2020,0.046186121456282855
Bhutan,large_city,06_10,2025,0.04568955903162227
Bhutan,large_city,06_10,2030,0.04497365698116252
Bhutan,large_city,06_10,2035,0.04432392268973589
Bhutan,large_city,06_10,2040,0.04370182610359584
Bhutan,large_city,06_10,2045,0.04310419771347421
Bhutan,large_city,06_10,2050,0.04253303221281898
Bhutan,large_city,06_10,2055,0.041992598853295864
Bhutan,large_city,06_10,2060,0.04148482296832472
Bhutan,large_city,06_10,2065,0.04100986765438082
Bhutan,large_city,06_10,2070,0.04056763619305495
Bhutan,large_city,06_10,2075,0.04015924332401573
Bhutan,large_city,06_10,2080,0.03979139512995875
Bhutan,large_city,06_10,2085,0.0394507864461697
Bhutan,large_city,06_10,2090,0.039150605734805645
Bhutan,large_city,06_10,2095,0.038884567905525066
Bhutan,large_city,06_10,2100,0.0386458816334751
Bhutan,large_city,11_20,2011,0.0406330553046253
Bhutan,large_city,11_20,2012,0.040532126712169395
Bhutan,large_city,11_20,2013,0.04051191420593632
Bhutan,large_city,11_20,2014,0.04039199661977442
Bhutan,large_city,11_20,2015,0.04021009702085
Bhutan,large_city,11_20,2016,0.040026253364062334
Bhutan,large_city,11_20,2017,0.03993441441591086
Bhutan,large_city,11_20,2018,0.039848469629707936
Bhutan,large_city,11_20,2019,0.039725706336986896
Bhutan,large_city,11_20,2020,0.040027011764682416
Bhutan,large_city,11_20,2025,0.03959666798635494
Bhutan,large_city,11_20,2030,0.038976234425523545
Bhutan,large_city,11_20,2035,0.03841314488029148
Bhutan,large_city,11_20,2040,0.0378740074384137
Bhutan,large_city,11_20,2045,0.0373560752577488
Bhutan,large_city,11_20,2050,0.03686107703115064
Bhutan,large_city,11_20,2055,0.036392712687975934
Bhutan,large_city,11_20,2060,0.03595265081049613
Bhutan,large_city,11_20,2065,0.03554103274559918
Bhutan,large_city,11_20,2070,0.03515777467267443
Bhutan,large_city,11_20,2075,0.034803842676260355
Bhutan,large_city,11_20,2080,0.03448504855528026
Bhutan,large_city,11_20,2085,0.034189861443583026
Bhutan,large_city,11_20,2090,0.03392971106752963
Bhutan,large_city,11_20,2095,0.03369915047948494
Bhutan,large_city,11_20,2100,0.03349229400576143
Bhutan,large_city,21_30,2011,0.0412215199580625
Bhutan,large_city,21_30,2012,0.041119129676133924
Bhutan,large_city,21_30,2013,0.04109862444405519
Bhutan,large_city,21_30,2014,0.04097697016198764
Bhutan,large_city,21_30,2015,0.04079243621810346
Bhutan,large_city,21_30,2016,0.04060593006170883
Bhutan,large_city,21_30,2017,0.0405127610640597
Bhutan,large_city,21_30,2018,0.04042557159004169
Bhutan,large_city,21_30,2019,0.04030103038871978
Bhutan,large_city,21_30,2020,0.04060669944579926
Bhutan,large_city,21_30,2025,0.04017012325151207
Bhutan,large_city,21_30,2030,0.039540704316147104
Bhutan,large_city,21_30,2035,0.03896945987604915
Bhutan,large_city,21_30,2040,0.03842251442353788
Bhutan,large_city,21_30,2045,0.037897081335571924
Bhutan,large_city,21_30,2050,0.03739491434064749
Bhutan,large_city,21_30,2055,0.03691976695202316
Bhutan,large_city,21_30,2060,0.036473331917066504
Bhutan,large_city,21_30,2065,0.036055752629709364
Bhutan,large_city,21_30,2070,0.03566694405541646
Bhutan,large_city,21_30,2075,0.0353078862699607
Bhutan,large_city,21_30,2080,0.034984475241132705
Bhutan,large_city,21_30,2085,0.0346850131080254
Bhutan,large_city,21_30,2090,0.03442109512700757
Bhutan,large_city,21_30,2095,0.03418719546550353
Bhutan,large_city,21_30,2100,0.033977343211073686
Bhutan,large_city,31_50,2011,0.0600379215385309
Bhutan,large_city,31_50,2012,0.059888793128928586
Bhutan,large_city,31_50,2013,0.05985892786641704
Bhutan,large_city,31_50,2014,0.059681742011819035
Bhutan,large_city,31_50,2015,0.05941297379426216
Bhutan,large_city,31_50,2016,0.05914133310766288
Bhutan,large_city,31_50,2017,0.05900563522518856
Bhutan,large_city,31_50,2018,0.05887864634158104
Bhutan,large_city,31_50,2019,0.058697255774690586
Bhutan,large_city,31_50,2020,0.05914245369277719
Bhutan,large_city,31_50,2025,0.05850659341094209
Bhutan,large_city,31_50,2030,0.05758986339480603
Bhutan,large_city,31_50,2035,0.056757862806064645
Bhutan,large_city,31_50,2040,0.05596125297224155
Bhutan,large_city,31_50,2045,0.055195975259504544
Bhutan,large_city,31_50,2050,0.05446458392140771
Bhutan,large_city,31_50,2055,0.0537725458387148
Bhutan,large_city,31_50,2060,0.05312232644777415
Bhutan,large_city,31_50,2065,0.05251413459759566
Bhutan,large_city,31_50,2070,0.05194784643790009
Bhutan,large_city,31_50,2075,0.05142488941998996
Bhutan,large_city,31_50,2080,0.05095385084612793
Bhutan,large_city,31_50,2085,0.05051769312876212
Bhutan,large_city,31_50,2090,0.05013330441497679
Bhutan,large_city,31_50,2095,0.049792636493474735
Bhutan,large_city,31_50,2100,0.04948699290733428
Bhutan,large_city,51+,2011,0.0683410685329549
Bhutan,large_city,51+,2012,0.06817131590662019
Bhutan,large_city,51+,2013,0.06813732032683073
Bhutan,large_city,51+,2014,0.06793562995644739
Bhutan,large_city,51+,2015,0.06762969153111821
Bhutan,large_city,51+,2016,0.06732048337894549
Bhutan,large_city,51+,2017,0.06716601869981761
Bhutan,large_city,51+,2018,0.06702146745994873
Bhutan,large_city,51+,2019,0.06681499087239504
Bhutan,large_city,51+,2020,0.06732175893916029
Bhutan,large_city,51+,2025,0.06659796021354339
Bhutan,large_city,51+,2030,0.06555444792575102
Bhutan,large_city,51+,2035,0.06460738300748693
Bhutan,large_city,51+,2040,0.06370060332804066
Bhutan,large_city,51+,2045,0.06282948895111577
Bhutan,large_city,51+,2050,0.061996947379382536
Bhutan,large_city,51+,2055,0.0612092015543313
Bhutan,large_city,51+,2060,0.060469057878151364
Bhutan,large_city,51+,2065,0.05977675408333132
Bhutan,large_city,51+,2070,0.05913214919129956
Bhutan,large_city,51+,2075,0.058536868067554315
Bhutan,large_city,51+,2080,0.058000685624307824
Bhutan,large_city,51+,2085,0.05750420800333382
Bhutan,large_city,51+,2090,0.057066658955017106
Bhutan,large_city,51+,2095,0.05667887721351545
Bhutan,large_city,51+,2100,0.056330963616045594
Bhutan,city,No_travel,2011,0.0
Bhutan,city,No_travel,2012,0.0
Bhutan,city,No_travel,2013,0.0
Bhutan,city,No_travel,2014,0.0
Bhutan,city,No_travel,2015,0.0
Bhutan,city,No_travel,2016,0.0
Bhutan,city,No_travel,2017,0.0
Bhutan,city,No_travel,2018,0.0
Bhutan,city,No_travel,2019,0.0
Bhutan,city,No_travel,2020,0.0
Bhutan,city,No_travel,2025,0.0
Bhutan,city,No_travel,2030,0.0
Bhutan,city,No_travel,2035,0.0
Bhutan,city,No_travel,2040,0.0
Bhutan,city,No_travel,2045,0.0
Bhutan,city,No_travel,2050,0.0
Bhutan,city,No_travel,2055,0.0
Bhutan,city,No_travel,2060,0.0
Bhutan,city,No_travel,2065,0.0
Bhutan,city,No_travel,2070,0.0
Bhutan,city,No_travel,2075,0.0
Bhutan,city,No_travel,2080,0.0
Bhutan,city,No_travel,2085,0.0
Bhutan,city,No_travel,2090,0.0
Bhutan,city,No_travel,2095,0.0
Bhutan,city,No_travel,2100,0.0
Bhutan,city,00_01,2011,0.0195275670690455
Bhutan,city,00_01,2012,0.019479062474852638
Bhutan,city,00_01,2013,0.019469348682273152
Bhutan,city,00_01,2014,0.019411718295166427
Bhutan,city,00_01,2015,0.01932430038895191
Bhutan,city,00_01,2016,0.019235948201029404
Bhutan,city,00_01,2017,0.019191811937927024
Bhutan,city,00_01,2018,0.01915050831051751
Bhutan,city,00_01,2019,0.019091510324413474
Bhutan,city,00_01,2020,0.019236312675688344
Bhutan,city,00_01,2025,0.019029496650384933
Bhutan,city,00_01,2030,0.018731326653563588
Bhutan,city,00_01,2035,0.01846071523195223
Bhutan,city,00_01,2040,0.018201614790777594
Bhutan,city,00_01,2045,0.017952705243628683
Bhutan,city,00_01,2050,0.01771481737139049
Bhutan,city,00_01,2055,0.017489729298255798
Bhutan,city,00_01,2060,0.017278242916968622
Bhutan,city,00_01,2065,0.017080426156480245
Bhutan,city,00_01,2070,0.016896238734006523
Bhutan,city,00_01,2075,0.016726144933625474
Bhutan,city,00_01,2080,0.016572937808736993
Bhutan,city,00_01,2085,0.016431075817843848
Bhutan,city,00_01,2090,0.016306051896351
Bhutan,city,00_01,2095,0.016195248332288
Bhutan,city,00_01,2100,0.016095836569278335
Bhutan,city,02_05,2011,0.0495217408664981
Bhutan,city,02_05,2012,0.04939873363595266
Bhutan,city,02_05,2013,0.04937409954214817
Bhutan,city,02_05,2014,0.04922794937985483
Bhutan,city,02_05,2015,0.04900625832723469
Bhutan,city,02_05,2016,0.04878219794429932
Bhutan,city,02_05,2017,0.04867026876354457
Bhutan,city,02_05,2018,0.04856552312236008
Bhutan,city,02_05,2019,0.048415904740860785
Bhutan,city,02_05,2020,0.048783122248875946
Bhutan,city,02_05,2025,0.04825863860091809
Bhutan,city,02_05,2030,0.047502482072839504
Bhutan,city,02_05,2035,0.046816213852678305
Bhutan,city,02_05,2040,0.04615913737915359
Bhutan,city,02_05,2045,0.045527904924566605
Bhutan,city,02_05,2050,0.044924623342042336
Bhutan,city,02_05,2055,0.04435380193912497
Bhutan,city,02_05,2060,0.04381747430886432
Bhutan,city,02_05,2065,0.04331581271849221
Bhutan,city,02_05,2070,0.04284871501121711
Bhutan,city,02_05,2075,0.04241735860743752
Bhutan,city,02_05,2080,0.04202882666637174
Bhutan,city,02_05,2085,0.04166906588680427
Bhutan,city,02_05,2090,0.041352006305321806
Bhutan,city,02_05,2095,0.04107100942705169
Bhutan,city,02_05,2100,0.04081890205753456
Bhutan,city,06_10,2011,0.0572198770303753
Bhutan,city,06_10,2012,0.05707774837167909
Bhutan,city,06_10,2013,0.05704928491717236
Bhutan,city,06_10,2014,0.05688041576661202
Bhutan,city,06_10,2015,0.056624262922473204
Bhutan,city,06_10,2016,0.056365372436504566
Bhutan,city,06_10,2017,0.05623604390631087
Bhutan,city,06_10,2018,0.05611501559423675
Bhutan,city,06_10,2019,0.055942139091087306
Bhutan,city,06_10,2020,0.0563664404238832
Bhutan,city,06_10,2025,0.055760425988294296
Bhutan,city,06_10,2030,0.05488672520970064
Bhutan,city,06_10,2035,0.05409377685044691
Bhutan,city,06_10,2040,0.05333455808396627
Bhutan,city,06_10,2045,0.052605200779536676
Bhutan,city,06_10,2050,0.05190813929981633
Bhutan,city,06_10,2055,0.05124858392252679
Bhutan,city,06_10,2060,0.05062888436199967
Bhutan,city,06_10,2065,0.050049239664343784
Bhutan,city,06_10,2070,0.04950953179253242
Bhutan,city,06_10,2075,0.04901112119652628
Bhutan,city,06_10,2080,0.04856219211000466
Bhutan,city,06_10,2085,0.048146506651314966
Bhutan,city,06_10,2090,0.04778016027604038
Bhutan,city,06_10,2095,0.047455482537754064
Bhutan,city,06_10,2100,0.04716418517159098
Bhutan,city,11_20,2011,0.0736255863590152
Bhutan,city,11_20,2012,0.07344270749981432
Bhutan,city,11_20,2013,0.07340608318958122
Bhutan,city,11_20,2014,0.07318879697938273
Bhutan,city,11_20,2015,0.0728592016652013
Bhutan,city,11_20,2016,0.07252608379040941
Bhutan,city,11_20,2017,0.07235967502893295
Bhutan,city,11_20,2018,0.07220394626989055
Bhutan,city,11_20,2019,0.07198150374514836
Bhutan,city,11_20,2020,0.07252745798415217
Bhutan,city,11_20,2025,0.0717476910486417
Bhutan,city,11_20,2030,0.0706234884906366
Bhutan,city,11_20,2035,0.06960319115809456
Bhutan,city,11_20,2040,0.06862629414681241
Bhutan,city,11_20,2045,0.06768782028089773
Bhutan,city,11_20,2050,0.06679090188756652
Bhutan,city,11_20,2055,0.0659422431013303
Bhutan,city,11_20,2060,0.06514486733126333
Bhutan,city,11_20,2065,0.06439903069267437
Bhutan,city,11_20,2070,0.06370458130573155
Bhutan,city,11_20,2075,0.06306326967972056
Bhutan,city,11_20,2080,0.06248562657833422
Bhutan,city,11_20,2085,0.06195075850057344
Bhutan,city,11_20,2090,0.06147937568589572
Bhutan,city,11_20,2095,0.061061608467585224
Bhutan,city,11_20,2100,0.06068679222362146
Bhutan,city,21_30,2011,0.0391220097897899
Bhutan,city,21_30,2012,0.039024834488731994
Bhutan,city,21_30,2013,0.03900537363695015
Bhutan,city,21_30,2014,0.038889915497151845
Bhutan,city,21_30,2015,0.03871478030644248
Bhutan,city,21_30,2016,0.03853777335270205
Bhutan,city,21_30,2017,0.038449349673957495
Bhutan,city,21_30,2018,0.03836660096746706
Bhutan,city,21_30,2019,0.038248402946086356
Bhutan,city,21_30,2020,0.03853850355022869
Bhutan,city,21_30,2025,0.03812416322109311
Bhutan,city,21_30,2030,0.037526802090880565
Bhutan,city,21_30,2035,0.03698465249036579
Bhutan,city,21_30,2040,0.0364655642721391
Bhutan,city,21_30,2045,0.035966892742506106
Bhutan,city,21_30,2050,0.03549030230839475
Bhutan,city,21_30,2055,0.03503935530769546
Bhutan,city,21_30,2060,0.034615658272121604
Bhutan,city,21_30,2065,0.03421934729221063
Bhutan,city,21_30,2070,0.03385034166443862
Bhutan,city,21_30,2075,0.03350957154698562
Bhutan,city,21_30,2080,0.03320263261196315
Bhutan,city,21_30,2085,0.03291842279837514
Bhutan,city,21_30,2090,0.03266794678857285
Bhutan,city,21_30,2095,0.03244596019379179
Bhutan,city,21_30,2100,0.03224679621438088
Bhutan,city,31_50,2011,0.0678243479409768
Bhutan,city,31_50,2012,0.06765587879878206
Bhutan,city,31_50,2013,0.06762214025647373
Bhutan,city,31_50,2014,0.06742197484860295
Bhutan,city,31_50,2015,0.06711834959583074
Bhutan,city,31_50,2016,0.06681147933832172
Bhutan,city,31_50,2017,0.066658182552558
Bhutan,city,31_50,2018,0.06651472425144234
Bhutan,city,31_50,2019,0.0663098088145531
Bhutan,city,31_50,2020,0.06681274525414196
Bhutan,city,31_50,2025,0.06609441910473732
Bhutan,city,31_50,2030,0.0650587967182687
Bhutan,city,31_50,2035,0.0641188924715556
Bhutan,city,31_50,2040,0.06321896887064035
Bhutan,city,31_50,2045,0.06235444091014395
Bhutan,city,31_50,2050,0.06152819410937387
Bhutan,city,31_50,2055,0.06074640435872689
Bhutan,city,31_50,2060,0.06001185684144107
Bhutan,city,31_50,2065,0.05932478749253133
Bhutan,city,31_50,2070,0.058685056399352196
Bhutan,city,31_50,2075,0.0580942761419419
Bhutan,city,31_50,2080,0.05756214772529216
Bhutan,city,31_50,2085,0.057069423926371585
Bhutan,city,31_50,2090,0.05663518314653997
Bhutan,city,31_50,2095,0.056250333387451355
Bhutan,city,31_50,2100,0.05590505033299028
Bhutan,city,51+,2011,0.0385852189262921
Bhutan,city,51+,2012,0.038489376961993886
Bhutan,city,51+,2013,0.03847018313144864
Bhutan,city,51+,2014,0.03835630918619692
Bhutan,city,51+,2015,0.0381835770154437
Bhutan,city,51+,2016,0.038008998764013154
Bhutan,city,51+,2017,0.037921788341518006
Bhutan,city,51+,2018,0.037840175025306566
Bhutan,city,51+,2019,0.037723598792231264
Bhutan,city,51+,2020,0.0380097189425412
Bhutan,city,51+,2025,0.03760106375341386
Bhutan,city,51+,2030,0.0370118989811755
Bhutan,city,51+,2035,0.03647718818438705
Bhutan,city,51+,2040,0.03596522234597649
Bhutan,city,51+,2045,0.03547339305994068
Bhutan,city,51+,2050,0.035003341895975114
Bhutan,city,51+,2055,0.03455858231333532
Bhutan,city,51+,2060,0.034140698800604725
Bhutan,city,51+,2065,0.03374982558103028
Bhutan,city,51+,2070,0.033385883058416506
Bhutan,city,51+,2075,0.03304978862829615
Bhutan,city,51+,2080,0.03274706118488306
Bhutan,city,51+,2085,0.03246675099792646
Bhutan,city,51+,2090,0.032219711755159135
Bhutan,city,51+,2095,0.032000771025775525
Bhutan,city,51+,2100,0.03180433976395915
Bhutan,town,No_travel,2011,0.0
Bhutan,town,No_travel,2012,0.0
Bhutan,town,No_travel,2013,0.0
Bhutan,town,No_travel,2014,0.0
Bhutan,town,No_travel,2015,0.0
Bhutan,town,No_travel,2016,0.0
Bhutan,town,No_travel,2017,0.0
Bhutan,town,No_travel,2018,0.0
Bhutan,town,No_travel,2019,0.0
Bhutan,town,No_travel,2020,0.0
Bhutan,town,No_travel,2025,0.0
Bhutan,town,No_travel,2030,0.0
Bhutan,town,No_travel,2035,0.0
Bhutan,town,No_travel,2040,0.0
Bhutan,town,No_travel,2045,0.0
Bhutan,town,No_travel,2050,0.0
Bhutan,town,No_travel,2055,0.0
Bhutan,town,No_travel,2060,0.0
Bhutan,town,No_travel,2065,0.0
Bhutan,town,No_travel,2070,0.0
Bhutan,town,No_travel,2075,0.0
Bhutan,town,No_travel,2080,0.0
Bhutan,town,No_travel,2085,0.0
Bhutan,town,No_travel,2090,0.0
Bhutan,town,No_travel,2095,0.0
Bhutan,town,No_travel,2100,0.0
Bhutan,town,00_01,2011,0.0129968328827312
Bhutan,town,00_01,2012,0.012964550002711362
Bhutan,town,00_01,2013,0.012958084858417313
Bhutan,town,00_01,2014,0.012919728185128479
Bhutan,town,00_01,2015,0.012861546030945567
Bhutan,town,00_01,2016,0.01280274205310274
Bhutan,town,00_01,2017,0.012773366574141043
Bhutan,town,00_01,2018,0.012745876393669815
Bhutan,town,00_01,2019,0.01270660949661599
Bhutan,town,00_01,2020,0.01280298463407637
Bhutan,town,00_01,2025,0.012665335468215867
Bhutan,town,00_01,2030,0.012466884447378025
Bhutan,town,00_01,2035,0.012286775404075016
Bhutan,town,00_01,2040,0.012114327647430168
Bhutan,town,00_01,2045,0.011948662576314434
Bhutan,town,00_01,2050,0.011790333128033632
Bhutan,town,00_01,2055,0.011640522756875576
Bhutan,town,00_01,2060,0.011499765173258306
Bhutan,town,00_01,2065,0.01136810558820195
Bhutan,town,00_01,2070,0.011245517190961896
Bhutan,town,00_01,2075,0.01113230899200272
Bhutan,town,00_01,2080,0.011030339945291534
Bhutan,town,00_01,2085,0.010935921803926017
Bhutan,town,00_01,2090,0.010852710464375068
Bhutan,town,00_01,2095,0.010778963673500104
Bhutan,town,00_01,2100,0.010712798847854085
Bhutan,town,02_05,2011,0.0454311662241691
Bhutan,town,02_05,2012,0.04531831958671446
Bhutan,town,02_05,2013,0.045295720308279754
Bhutan,town,02_05,2014,0.04516164238208693
Bhutan,town,02_05,2015,0.04495826336338183
Bhutan,town,02_05,2016,0.0447527107248179
Bhutan,town,02_05,2017,0.04465002707260316
Bhutan,town,02_05,2018,0.0445539335881528
Bhutan,town,02_05,2019,0.04441667392318242
Bhutan,town,02_05,2020,0.04475355868036486
Bhutan,town,02_05,2025,0.044272398216792554
Bhutan,town,02_05,2030,0.043578701421858816
Bhutan,town,02_05,2035,0.04294912004933481
Bhutan,town,02_05,2040,0.04234631913869705
Bhutan,town,02_05,2045,0.04176722748988483
Bhutan,town,02_05,2050,0.04121377792660057
Bhutan,town,02_05,2055,0.040690107280405736
Bhutan,town,02_05,2060,0.04019808116632641
Bhutan,town,02_05,2065,0.0397378576220468
Bhutan,town,02_05,2070,0.039309342929089
Bhutan,town,02_05,2075,0.03891361725105194
Bhutan,town,02_05,2080,0.03855717866692494
Bhutan,town,02_05,2085,0.038227134700548074
Bhutan,town,02_05,2090,0.03793626474530706
Bhutan,town,02_05,2095,0.0376784786565753
Bhutan,town,02_05,2100,0.037447195757176685
Bhutan,town,06_10,2011,0.0569320146292085
Bhutan,town,06_10,2012,0.056790600992967594
Bhutan,town,06_10,2013,0.05676228073272806
Bhutan,town,06_10,2014,0.05659426113099037
Bhutan,town,06_10,2015,0.05633939694346192
Bhutan,town,06_10,2016,0.05608180888666296
Bhutan,town,06_10,2017,0.055953130983894095
Bhutan,town,06_10,2018,0.055832711542414086
Bhutan,town,06_10,2019,0.055660704748321785
Bhutan,town,06_10,2020,0.05608287150119868
Bhutan,town,06_10,2025,0.05547990580985083
Bhutan,town,06_10,2030,0.054610600454964464
Bhutan,town,06_10,2035,0.053821641269238225
Bhutan,town,06_10,2040,0.05306624198907025
Bhutan,town,06_10,2045,0.05234055394357406
Bhutan,town,06_10,2050,0.05164699924858879
Bhutan,town,06_10,2055,0.05099076196991222
Bhutan,town,06_10,2060,0.050374180000906675
Bhutan,town,06_10,2065,0.049797451386317554
Bhutan,town,06_10,2070,0.049260458682940156
Bhutan,town,06_10,2075,0.048764555496568204
Bhutan,town,06_10,2080,0.04831788488754614
Bhutan,town,06_10,2085,0.047904290663939045
Bhutan,town,06_10,2090,0.04753978730813109
Bhutan,town,06_10,2095,0.04721674296226362
Bhutan,town,06_10,2100,0.04692691105816773
Bhutan,town,11_20,2011,0.0621547171877937
Bhutan,town,11_20,2012,0.06200033086185221
Bhutan,town,11_20,2013,0.06196941262055445
Bhutan,town,11_20,2014,0.061785979610217
Bhutan,town,11_20,2015,0.061507735258593425
Bhutan,town,11_20,2016,0.061226517161437274
Bhutan,town,11_20,2017,0.061086034891364674
Bhutan,town,11_20,2018,0.06095456867893836
Bhutan,town,11_20,2019,0.06076678270806036
Bhutan,town,11_20,2020,0.06122767725574233
Bhutan,town,11_20,2025,0.060569398038613755
Bhutan,town,11_20,2030,0.05962034628215129
Bhutan,town,11_20,2035,0.058759011313049954
Bhutan,town,11_20,2040,0.057934314893495965
Bhutan,town,11_20,2045,0.057142055291791345
Bhutan,town,11_20,2050,0.05638487681845202
Bhutan,town,11_20,2055,0.05566843910357616
Bhutan,town,11_20,2060,0.05499529450898858
Bhutan,town,11_20,2065,0.054365659247223155
Bhutan,town,11_20,2070,0.05377940510133162
Bhutan,town,11_20,2075,0.053238009851186
Bhutan,town,11_20,2080,0.05275036356709292
Bhutan,town,11_20,2085,0.05229882795630821
Bhutan,town,11_20,2090,0.05190088660218965
Bhutan,town,11_20,2095,0.05154820753247327
Bhutan,town,11_20,2100,0.05123178767365735
Bhutan,town,21_30,2011,0.0318021562733665
Bhutan,town,21_30,2012,0.03172316278282856
Bhutan,town,21_30,2013,0.03170734311883624
Bhutan,town,21_30,2014,0.03161348756732885
Bhutan,town,21_30,2015,0.03147112073255139
Bhutan,town,21_30,2016,0.03132723234760971
Bhutan,town,21_30,2017,0.031255353022779264
Bhutan,town,21_30,2018,0.03118808686469158
Bhutan,town,21_30,2019,0.031092004072234104
Bhutan,town,21_30,2020,0.03132782592283699
Bhutan,town,21_30,2025,0.030991009998288892
Bhutan,town,21_30,2030,0.030505417051588792
Bhutan,town,21_30,2035,0.03006470538028775
Bhutan,town,21_30,2040,0.029642740232678773
Bhutan,town,21_30,2045,0.029237371745740606
Bhutan,town,21_30,2050,0.028849952910526357
Bhutan,town,21_30,2055,0.02848337954008087
Bhutan,town,21_30,2060,0.028138957578880946
Bhutan,town,21_30,2065,0.027816797654487975
Bhutan,town,21_30,2070,0.02751683416326622
Bhutan,town,21_30,2075,0.027239823227816727
Bhutan,town,21_30,2080,0.026990313552050716
Bhutan,town,21_30,2085,0.026759280306194594
Bhutan,town,21_30,2090,0.02655566916123392
Bhutan,town,21_30,2095,0.026375216970363546
Bhutan,town,21_30,2100,0.026213317210323505
Bhutan,town,31_50,2011,0.0457355874252065
Bhutan,town,31_50,2012,0.0456219846348339
Bhutan,town,31_50,2013,0.04559923392512292
Bhutan,town,31_50,2014,0.045464257581242055
Bhutan,town,31_50,2015,0.04525951577812516
Bhutan,town,31_50,2016,0.045052585790346836
Bhutan,town,31_50,2017,0.04494921408446031
Bhutan,town,31_50,2018,0.04485247670516023
Bhutan,town,31_50,2019,0.04471429730258378
Bhutan,town,31_50,2020,0.045053439427800455
Bhutan,town,31_50,2025,0.044569054846108666
Bhutan,town,31_50,2030,0.043870709788120715
Bhutan,town,31_50,2035,0.04323690977157976
Bhutan,town,31_50,2040,0.04263006966511117
Bhutan,town,31_50,2045,0.04204709768942439
Bhutan,town,31_50,2050,0.041489939619518544
Bhutan,town,31_50,2055,0.04096276000667566
Bhutan,town,31_50,2060,0.040467436966872466
Bhutan,town,31_50,2065,0.040004129596758316
Bhutan,town,31_50,2070,0.039572743549874695
Bhutan,town,31_50,2075,0.03917436622768668
Bhutan,town,31_50,2080,0.038815539250945226
Bhutan,town,31_50,2085,0.03848328375470923
Bhutan,town,31_50,2090,0.03819046476341039
Bhutan,town,31_50,2095,0.037930951324111506
Bhutan,town,31_50,2100,0.0376981186644081
Bhutan,town,51+,2011,0.0299585707997298
Bhutan,town,51+,2012,0.02988415659779153
Bhutan,town,51+,2013,0.02986925400692102
Bhutan,town,51+,2014,0.029780839304452043
Bhutan,town,51+,2015,0.029646725539883637
Bhutan,town,51+,2016,0.029511178430106547
Bhutan,town,51+,2017,0.029443465982451757
Bhutan,town,51+,2018,0.029380099274164014
Bhutan,town,51+,2019,0.02928958644491653
Bhutan,town,51+,2020,0.029511737595507744
Bhutan,town,51+,2025,0.02919444704340448
Bhutan,town,51+,2030,0.02873700414083791
Bhutan,town,51+,2035,0.028321840725708203
Bhutan,town,51+,2040,0.027924337089759815
Bhutan,town,51+,2045,0.027542467998509332
Bhutan,town,51+,2050,0.0271775080095027
Bhutan,town,51+,2055,0.02683218506418456
Bhutan,town,51+,2060,0.026507729400836
Bhutan,town,51+,2065,0.026204245233888326
Bhutan,town,51+,2070,0.02592167076277842
Bhutan,town,51+,2075,0.025660718277336007
Bhutan,town,51+,2080,0.02542567279103627
Bhutan,town,51+,2085,0.02520803264759516
Bhutan,town,51+,2090,0.025016224933379665
Bhutan,town,51+,2095,0.024846233638145265
Bhutan,town,51+,2100,0.024693719280881987
Bhutan,rural,No_travel,2011,0.0
Bhutan,rural,No_travel,2012,0.0
Bhutan,rural,No_travel,2013,0.0
Bhutan,rural,No_travel,2014,0.0
Bhutan,rural,No_travel,2015,0.0
Bhutan,rural,No_travel,2016,0.0
Bhutan,rural,No_travel,2017,0.0
Bhutan,rural,No_travel,2018,0.0
Bhutan,rural,No_travel,2019,0.0
Bhutan,rural,No_travel,2020,0.0
Bhutan,rural,No_travel,2025,0.0
Bhutan,rural,No_travel,2030,0.0
Bhutan,rural,No_travel,2035,0.0
Bhutan,rural,No_travel,2040,0.0
Bhutan,rural,No_travel,2045,0.0
Bhutan,rural,No_travel,2050,0.0
Bhutan,rural,No_travel,2055,0.0
Bhutan,rural,No_travel,2060,0.0
Bhutan,rural,No_travel,2065,0.0
Bhutan,rural,No_travel,2070,0.0
Bhutan,rural,No_travel,2075,0.0
Bhutan,rural,No_travel,2080,0.0
Bhutan,rural,No_travel,2085,0.0
Bhutan,rural,No_travel,2090,0.0
Bhutan,rural,No_travel,2095,0.0
Bhutan,rural,No_travel,2100,0.0
Bhutan,rural,00_01,2011,0.00937229078988372
Bhutan,rural,00_01,2012,0.00934901092302609
Bhutan,rural,00_01,2013,0.009344348770879553
Bhutan,rural,00_01,2014,0.00931668896336805
Bhutan,rural,00_01,2015,0.00927473258270945
Bhutan,rural,00_01,2016,0.009232327791871742
Bhutan,rural,00_01,2017,0.009211144513344944
Bhutan,rural,00_01,2018,0.009191320763392364
Bhutan,rural,00_01,2019,0.009163004574292645
Bhutan,rural,00_01,2020,0.009232502722137097
Bhutan,rural,00_01,2025,0.009133241000372274
Bhutan,rural,00_01,2030,0.008990133776356735
Bhutan,rural,00_01,2035,0.008860253339872363
Bhutan,rural,00_01,2040,0.008735897619065482
Bhutan,rural,00_01,2045,0.00861643303609878
Bhutan,rural,00_01,2050,0.008502258325745983
Bhutan,rural,00_01,2055,0.008394226901898156
Bhutan,rural,00_01,2060,0.008292723634414023
Bhutan,rural,00_01,2065,0.008197781125915423
Bhutan,rural,00_01,2070,0.008109380042607955
Bhutan,rural,00_01,2075,0.008027743218466422
Bhutan,rural,00_01,2080,0.007954211184472643
Bhutan,rural,00_01,2085,0.007886124267859769
Bhutan,rural,00_01,2090,0.007826118812813605
Bhutan,rural,00_01,2095,0.0077729384437854486
Bhutan,rural,00_01,2100,0.007725225590076267
Bhutan,rural,02_05,2011,0.0357129319501618
Bhutan,rural,02_05,2012,0.035624224469831295
Bhutan,rural,02_05,2013,0.035606459429663076
Bhutan,rural,02_05,2014,0.03550106227057374
Bhutan,rural,02_05,2015,0.03534118829729145
Bhutan,rural,02_05,2016,0.03517960566573434
Bhutan,rural,02_05,2017,0.03509888719450152
Bhutan,rural,02_05,2018,0.03502334918048496
Bhutan,rural,02_05,2019,0.0349154508921073
Bhutan,rural,02_05,2020,0.03518027223411156
Bhutan,rural,02_05,2025,0.034802037371993395
Bhutan,rural,02_05,2030,0.03425673007547204
Bhutan,rural,02_05,2035,0.03376182319584019
Bhutan,rural,02_05,2040,0.033287968137951554
Bhutan,rural,02_05,2045,0.032832750665767546
Bhutan,rural,02_05,2050,0.032397690150395994
Bhutan,rural,02_05,2055,0.031986038508886865
Bhutan,rural,02_05,2060,0.03159926228035877
Bhutan,rural,02_05,2065,0.031237485696468732
Bhutan,rural,02_05,2070,0.030900635086168856
Bhutan,rural,02_05,2075,0.03058955955399045
Bhutan,rural,02_05,2080,0.030309367167193048
Bhutan,rural,02_05,2085,0.030049923294376328
Bhutan,rural,02_05,2090,0.029821273673835823
Bhutan,rural,02_05,2095,0.029618630910954732
Bhutan,rural,02_05,2100,0.02943682200896214
Bhutan,rural,06_10,2011,0.0564972292407587
Bhutan,rural,06_10,2012,0.056356895569510526
Bhutan,rural,06_10,2013,0.05632879158890608
Bhutan,rural,06_10,2014,0.05616205513985998
Bhutan,rural,06_10,2015,0.0559091373304019
Bhutan,rural,06_10,2016,0.055653516453652074
Bhutan,rural,06_10,2017,0.05552582125406532
Bhutan,rural,06_10,2018,0.05540632144653787
Bhutan,rural,06_10,2019,0.05523562825501651
Bhutan,rural,06_10,2020,0.05565457095308284
Bhutan,rural,06_10,2025,0.05505621006404248
Bhutan,rural,06_10,2030,0.05419354352685592
Bhutan,rural,06_10,2035,0.05341060956135543
Bhutan,rural,06_10,2040,0.05266097920701244
Bhutan,rural,06_10,2045,0.05194083318494207
Bhutan,rural,06_10,2050,0.05125257511347231
Bhutan,rural,06_10,2055,0.05060134946809176
Bhutan,rural,06_10,2060,0.04998947628785209
Bhutan,rural,06_10,2065,0.049417152105046346
Bhutan,rural,06_10,2070,0.04888426037337447
Bhutan,rural,06_10,2075,0.04839214436124752
Bhutan,rural,06_10,2080,0.04794888494108848
Bhutan,rural,06_10,2085,0.04753844930454954
Bhutan,rural,06_10,2090,0.047176729632652625
Bhutan,rural,06_10,2095,0.04685615235144674
Bhutan,rural,06_10,2100,0.04656853387116569
Bhutan,rural,11_20,2011,0.0790926871290141
Bhutan,rural,11_20,2012,0.07889622851851484
Bhutan,rural,11_20,2013,0.07885688465378202
Bhutan,rural,11_20,2014,0.07862346375908277
Bhutan,rural,11_20,2015,0.07826939419776716
Bhutan,rural,11_20,2016,0.07791154050653105
Bhutan,rural,11_20,2017,0.07773277498821239
Bhutan,rural,11_20,2018,0.07756548252067441
Bhutan,rural,11_20,2019,0.07732652242699405
Bhutan,rural,11_20,2020,0.07791301674164339
Bhutan,rural,11_20,2025,0.07707534786437098
Bhutan,rural,11_20,2030,0.07586766714375356
Bhutan,rural,11_20,2035,0.07477160717748298
Bhutan,rural,11_20,2040,0.07372217024269452
Bhutan,rural,11_20,2045,0.07271400958107885
Bhutan,rural,11_20,2050,0.07175049011220719
Bhutan,rural,11_20,2055,0.07083881378909086
Bhutan,rural,11_20,2060,0.06998222852539412
Bhutan,rural,11_20,2065,0.06918100945438228
Bhutan,rural,11_20,2070,0.06843499341831877
Bhutan,rural,11_20,2075,0.06774606091133745
Bhutan,rural,11_20,2080,0.06712552466368842
Bhutan,rural,11_20,2085,0.06655093971813232
Bhutan,rural,11_20,2090,0.06604455416219937
Bhutan,rural,11_20,2095,0.06559576545266749
Bhutan,rural,11_20,2100,0.06519311706124903
Bhutan,rural,21_30,2011,0.0462193616190824
Bhutan,rural,21_30,2012,0.04610455718024677
Bhutan,rural,21_30,2013,0.046081565821910295
Bhutan,rural,21_30,2014,0.045945161747991854
Bhutan,rural,21_30,2015,0.045738254261512575
Bhutan,rural,21_30,2016,0.045529135444560685
Bhutan,rural,21_30,2017,0.0454246703108535
Bhutan,rural,21_30,2018,0.04532690967919518
Bhutan,rural,21_30,2019,0.045187268665806336
Bhutan,rural,21_30,2020,0.045529998111476795
Bhutan,rural,21_30,2025,0.04504048988813687
Bhutan,rural,21_30,2030,0.04433475799340985
Bhutan,rural,21_30,2035,0.04369425387379857
Bhutan,rural,21_30,2040,0.04308099483625582
Bhutan,rural,21_30,2045,0.042491856397788796
Bhutan,rural,21_30,2050,0.04192880491508769
Bhutan,rural,21_30,2055,0.0413960489905237
Bhutan,rural,21_30,2060,0.04089548660609242
Bhutan,rural,21_30,2065,0.04042727854130893
Bhutan,rural,21_30,2070,0.03999132945175265
Bhutan,rural,21_30,2075,0.03958873824102073
Bhutan,rural,21_30,2080,0.03922611572471836
Bhutan,rural,21_30,2085,0.038890345752252774
Bhutan,rural,21_30,2090,0.038594429429544365
Bhutan,rural,21_30,2095,0.03833217095269453
Bhutan,rural,21_30,2100,0.038096875474897006
Bhutan,rural,31_50,2011,0.0461113884100324
Bhutan,rural,31_50,2012,0.04599685216623972
Bhutan,rural,31_50,2013,0.04597391451809423
Bhutan,rural,31_50,2014,0.045837829098200264
Bhutan,rural,31_50,2015,0.04563140496900912
Bhutan,rural,31_50,2016,0.04542277467524207
Bhutan,rural,31_50,2017,0.045318553582891684
Bhutan,rural,31_50,2018,0.04522102133017996
Bhutan,rural,31_50,2019,0.04508170653264098
Bhutan,rural,31_50,2020,0.045423635326879035
Bhutan,rural,31_50,2025,0.044935270645376967
Bhutan,rural,31_50,2030,0.044231187413347424
Bhutan,rural,31_50,2035,0.04359217957760467
Bhutan,rural,31_50,2040,0.042980353176600865
Bhutan,rural,31_50,2045,0.04239259102645864
Bhutan,rural,31_50,2050,0.041830854890255585
Bhutan,rural,31_50,2055,0.04129934353863247
Bhutan,rural,31_50,2060,0.040799950519702644
Bhutan,rural,31_50,2065,0.040332836237383624
Bhutan,rural,31_50,2070,0.03989790556998924
Bhutan,rural,31_50,2075,0.0394962548539642
Bhutan,rural,31_50,2080,0.039134479461364696
Bhutan,rural,31_50,2085,0.038799493882282314
Bhutan,rural,31_50,2090,0.038504268850709344
Bhutan,rural,31_50,2095,0.03824262303678592
Bhutan,rural,31_50,2100,0.03800787723356032
Bhutan,rural,51+,2011,0.0228571795411535
Bhutan,rural,51+,2012,0.022800404510545897
Bhutan,rural,51+,2013,0.022789034435603647
Bhutan,rural,51+,2014,0.02272157758854907
Bhutan,rural,51+,2015,0.02261925420282509
Bhutan,rural,51+,2016,0.02251583723259741
Bhutan,rural,51+,2017,0.0224641753698349
Bhutan,rural,51+,2018,0.02241582913069195
Bhutan,rural,51+,2019,0.022346771497645374
Bhutan,rural,51+,2020,0.022516263853214723
Bhutan,rural,51+,2025,0.022274183976820836
Bhutan,rural,51+,2030,0.021925173517554044
Bhutan,rural,51+,2035,0.021608420599600303
Bhutan,rural,51+,2040,0.021305141379911505
Bhutan,rural,51+,2045,0.021013790686372807
Bhutan,rural,51+,2050,0.020735340954914416
Bhutan,rural,51+,2055,0.02047187349468137
Bhutan,rural,51+,2060,0.02022432692779478
Bhutan,rural,51+,2065,0.019992780765656665
Bhutan,rural,51+,2070,0.0197771878569334
Bhutan,rural,51+,2075,0.01957809164999681
Bhutan,rural,51+,2080,0.019398761437063577
Bhutan,rural,51+,2085,0.019232710797757357
Bhutan,rural,51+,2090,0.019086369258619534
Bhutan,rural,51+,2095,0.018956672766033817
Bhutan,rural,51+,2100,0.018840310471254326
India,large_city,No_travel,2011,0.0
India,large_city,No_travel,2012,0.0
India,large_city,No_travel,2013,0.0
India,large_city,No_travel,2014,0.0
India,large_city,No_travel,2015,0.0
India,large_city,No_travel,2016,0.0
India,large_city,No_travel,2017,0.0
India,large_city,No_travel,2018,0.0
India,large_city,No_travel,2019,0.0
India,large_city,No_travel,2020,0.0
India,large_city,No_travel,2025,0.0
India,large_city,No_travel,2030,0.0
India,large_city,No_travel,2035,0.0
India,large_city,No_travel,2040,0.0
India,large_city,No_travel,2045,0.0
India,large_city,No_travel,2050,0.0
India,large_city,No_travel,2055,0.0
India,large_city,No_travel,2060,0.0
India,large_city,No_travel,2065,0.0
India,large_city,No_travel,2070,0.0
India,large_city,No_travel,2075,0.0
India,large_city,No_travel,2080,0.0
India,large_city,No_travel,2085,0.0
India,large_city,No_travel,2090,0.0
India,large_city,No_travel,2095,0.0
India,large_city,No_travel,2100,0.0
India,large_city,00_01,2011,0.0204991553484746
India,large_city,00_01,2012,0.020436816448078314
India,large_city,00_01,2013,0.02036003650613479
India,large_city,00_01,2014,0.020267137170844215
India,large_city,00_01,2015,0.020164597837230097
India,large_city,00_01,2016,0.02005795358145657
India,large_city,00_01,2017,0.019972122714154186
India,large_city,00_01,2018,0.01989011973677343
India,large_city,00_01,2019,0.019846050490382433
India,large_city,00_01,2020,0.019956635788780555
India,large_city,00_01,2025,0.01953261274098189
India,large_city,00_01,2030,0.01917459487603792
India,large_city,00_01,2035,0.0188956393481858
India,large_city,00_01,2040,0.018619888024123163
India,large_city,00_01,2045,0.018348343839359047
India,large_city,00_01,2050,0.018081480808942414
India,large_city,00_01,2055,0.017818118262365082
India,large_city,00_01,2060,0.017560809190473727
India,large_city,00_01,2065,0.017315095122988726
India,large_city,00_01,2070,0.017079909879387418
India,large_city,00_01,2075,0.016854269063720277
India,large_city,00_01,2080,0.016641606143679794
India,large_city,00_01,2085,0.016441038977497047
India,large_city,00_01,2090,0.01625353545853532
India,large_city,00_01,2095,0.016074735064542225
India,large_city,00_01,2100,0.015902141369062053
India,large_city,02_05,2011,0.0599141683583879
India,large_city,02_05,2012,0.05973196654030675
India,large_city,02_05,2013,0.05950755698342743
India,large_city,02_05,2014,0.05923603426357078
India,large_city,02_05,2015,0.05893633611537511
India,large_city,02_05,2016,0.058624640253460224
India,large_city,02_05,2017,0.05837377698878019
India,large_city,02_05,2018,0.0581341017383048
India,large_city,02_05,2019,0.058005297785029025
India,large_city,02_05,2020,0.05832851237965772
India,large_city,02_05,2025,0.05708919359594323
India,large_city,02_05,2030,0.05604279230423538
India,large_city,02_05,2035,0.05522747146900503
India,large_city,02_05,2040,0.05442151576136332
India,large_city,02_05,2045,0.05362785652389094
India,large_city,02_05,2050,0.052847879190132084
India,large_city,02_05,2055,0.05207813294026514
India,large_city,02_05,2060,0.05132607956092499
India,large_city,02_05,2065,0.05060791562894541
India,large_city,02_05,2070,0.04992052495157364
India,large_city,02_05,2075,0.049261030372963546
India,large_city,02_05,2080,0.04863946710470723
India,large_city,02_05,2085,0.04805325685567216
India,large_city,02_05,2090,0.04750522854855954
India,large_city,02_05,2095,0.046982637411210774
India,large_city,02_05,2100,0.04647818698128783
India,large_city,06_10,2011,0.0468854192381946
India,large_city,06_10,2012,0.04674283846204835
India,large_city,06_10,2013,0.046567228311000144
India,large_city,06_10,2014,0.046354750079189856
India,large_city,06_10,2015,0.046120223360250644
India,large_city,06_10,2016,0.045876307913185206
India,large_city,06_10,2017,0.04567999659554111
India,large_city,06_10,2018,0.04549244038125236
India,large_city,06_10,2019,0.045391645735939956
India,large_city,06_10,2020,0.045644575087849214
India,large_city,06_10,2025,0.04467475472087606
India,large_city,06_10,2030,0.04385590060677664
India,large_city,06_10,2035,0.04321787691019873
India,large_city,06_10,2040,0.042587181829626744
India,large_city,06_10,2045,0.041966109266980564
India,large_city,06_10,2050,0.04135574338372528
India,large_city,06_10,2055,0.04075338376460879
India,large_city,06_10,2060,0.04016486957930044
India,large_city,06_10,2065,0.03960287534729841
India,large_city,06_10,2070,0.03906496251345549
India,large_city,06_10,2075,0.038548879579307214
India,large_city,06_10,2080,0.03806247953047502
India,large_city,06_10,2085,0.03760374474301489
India,large_city,06_10,2090,0.037174888970876376
India,large_city,06_10,2095,0.03676593888050378
India,large_city,06_10,2100,0.03637118467561606
India,large_city,11_20,2011,0.0406330553046253
India,large_city,11_20,2012,0.04050948826274616
India,large_city,11_20,2013,0.040357296449266916
India,large_city,11_20,2014,0.04017315306557839
India,large_city,11_20,2015,0.03996990145141118
India,large_city,11_20,2016,0.03975851313471701
India,large_city,11_20,2017,0.039588380740544916
India,large_city,11_20,2018,0.03942583592060412
India,large_city,11_20,2019,0.03933848265675504
India,large_city,11_20,2020,0.039557682836923624
India,large_city,11_20,2025,0.03871719201382632
India,large_city,11_20,2030,0.03800753547144616
India,large_city,11_20,2035,0.03745459486496455
India,large_city,11_20,2040,0.036908005573333354
India,large_city,11_20,2045,0.03636975559719515
India,large_city,11_20,2050,0.035840784520614385
India,large_city,11_20,2055,0.03531875203984488
India,large_city,11_20,2060,0.03480871864720945
India,large_city,11_20,2065,0.034321668662782384
India,large_city,11_20,2070,0.03385548872279794
India,large_city,11_20,2075,0.03340822757539335
India,large_city,11_20,2080,0.03298669097818467
India,large_city,11_20,2085,0.03258913036569817
India,large_city,11_20,2090,0.03221746427866836
India,large_city,11_20,2095,0.03186304936868277
India,large_city,11_20,2100,0.03152093726433223
India,large_city,21_30,2011,0.0412215199580625
India,large_city,21_30,2012,0.04109616336735593
India,large_city,21_30,2013,0.04094176744930951
India,large_city,21_30,2014,0.04075495722524552
India,large_city,21_30,2015,0.04054876203743377
India,large_city,21_30,2016,0.04033431230801562
India,large_city,21_30,2017,0.040161715986392725
India,large_city,21_30,2018,0.039996817125378295
India,large_city,21_30,2019,0.03990819877556035
India,large_city,21_30,2020,0.040130573503079345
India,large_city,21_30,2025,0.03927791034548189
India,large_city,21_30,2030,0.038557976264576986
India,large_city,21_30,2035,0.03799702774434326
India,large_city,21_30,2040,0.03744252252131924
India,large_city,21_30,2045,0.03689647738719215
India,large_city,21_30,2050,0.036359845533470096
India,large_city,21_30,2055,0.03583025276316351
India,large_city,21_30,2060,0.035312832856730675
India,large_city,21_30,2065,0.034818729213696255
India,large_city,21_30,2070,0.034345797863689465
India,large_city,21_30,2075,0.033892059296013854
India,large_city,21_30,2080,0.03346441783207223
India,large_city,21_30,2085,0.03306109958294498
India,large_city,21_30,2090,0.03268405087446427
India,large_city,21_30,2095,0.03232450318168364
India,large_city,21_30,2100,0.031977436468839736
India,large_city,31_50,2011,0.0600379215385309
India,large_city,31_50,2012,0.059855343381179205
India,large_city,31_50,2013,0.05963047030461699
India,large_city,31_50,2014,0.05935838675247336
India,large_city,31_50,2015,0.05905806957542461
India,large_city,31_50,2016,0.058745729903285755
India,large_city,31_50,2017,0.05849434847858388
India,large_city,31_50,2018,0.05825417817701689
India,large_city,31_50,2019,0.058125108178175115
India,large_city,31_50,2020,0.05844899037505966
India,large_city,31_50,2025,0.057207111768770684
India,large_city,31_50,2030,0.056158549127066616
India,large_city,31_50,2035,0.05534154424031788
India,large_city,31_50,2040,0.054533923824901576
India,large_city,31_50,2045,0.053738625278109235
India,large_city,31_50,2050,0.05295703689510883
India,large_city,31_50,2055,0.052185700728383584
India,large_city,31_50,2060,0.05143209397694664
India,large_city,31_50,2065,0.05071244667178703
India,large_city,31_50,2070,0.05002363618363166
India,large_city,31_50,2075,0.04936277941384666
India,large_city,31_50,2080,0.04873993230183161
India,large_city,31_50,2085,0.04815251123097361
India,large_city,31_50,2090,0.0476033509671357
India,large_city,31_50,2095,0.04707968041373338
India,large_city,31_50,2100,0.04657418803752898
India,large_city,51+,2011,0.0683410685329549
India,large_city,51+,2012,0.06813324011310887
India,large_city,51+,2013,0.06787726745544963
India,large_city,51+,2014,0.06756755519014736
India,large_city,51+,2015,0.06722570463549182
India,large_city,51+,2016,0.06687016889421032
India,large_city,51+,2017,0.06658402182693657
India,large_city,51+,2018,0.06631063636291054
India,large_city,51+,2019,0.06616371619295205
India,large_city,51+,2020,0.06653239077139637
India,large_city,51+,2025,0.06511876237176004
India,large_city,51+,2030,0.06392518522049566
India,large_city,51+,2035,0.06299518988544361
India,large_city,51+,2040,0.06207587687886065
India,large_city,51+,2045,0.0611705898353108
India,large_city,51+,2050,0.060280909048927946
India,large_city,51+,2055,0.0594028983436725
India,large_city,51+,2060,0.058545069003031566
India,large_city,51+,2065,0.05772589564490815
India,large_city,51+,2070,0.05694182378547455
India,large_city,51+,2075,0.056189571598240534
India,large_city,51+,2080,0.055480585742684954
India,large_city,51+,2085,0.05481192529221544
India,large_city,51+,2090,0.054186817056207696
India,large_city,51+,2095,0.05359072371617109
India,large_city,51+,2100,0.053015322565701545
India,city,No_travel,2011,0.0
India,city,No_travel,2012,0.0
India,city,No_travel,2013,0.0
India,city,No_travel,2014,0.0
India,city,No_travel,2015,0.0
India,city,No_travel,2016,0.0
India,city,No_travel,2017,0.0
India,city,No_travel,2018,0.0
India,city,No_travel,2019,0.0
India,city,No_travel,2020,0.0
India,city,No_travel,2025,0.0
India,city,No_travel,2030,0.0
India,city,No_travel,2035,0.0
India,city,No_travel,2040,0.0
India,city,No_travel,2045,0.0
India,city,No_travel,2050,0.0
India,city,No_travel,2055,0.0
India,city,No_travel,2060,0.0
India,city,No_travel,2065,0.0
India,city,No_travel,2070,0.0
India,city,No_travel,2075,0.0
India,city,No_travel,2080,0.0
India,city,No_travel,2085,0.0
India,city,No_travel,2090,0.0
India,city,No_travel,2095,0.0
India,city,No_travel,2100,0.0
India,city,00_01,2011,0.0195275670690455
India,city,00_01,2012,0.019468182814533296
India,city,00_01,2013,0.019395041973343897
India,city,00_01,2014,0.019306545741683726
India,city,00_01,2015,0.019208866413910158
India,city,00_01,2016,0.019107276722932918
India,city,00_01,2017,0.01902551393859623
India,city,00_01,2018,0.01894739761558474
India,city,00_01,2019,0.01890541709736565
India,city,00_01,2020,0.01901076103932863
India,city,00_01,2025,0.018606835201217177
India,city,00_01,2030,0.018265786131108533
India,city,00_01,2035,0.018000052119788956
India,city,00_01,2040,0.01773737044420412
India,city,00_01,2045,0.01747869650422712
India,city,00_01,2050,0.01722448184825119
India,city,00_01,2055,0.016973601765421526
India,city,00_01,2060,0.016728488243746294
India,city,00_01,2065,0.01649442016381546
India,city,00_01,2070,0.01627038187833478
India,city,00_01,2075,0.016055435648280374
India,city,00_01,2080,0.015852852206982702
India,city,00_01,2085,0.015661791223107898
India,city,00_01,2090,0.015483174715258485
India,city,00_01,2095,0.015312848834688399
India,city,00_01,2100,0.015148435476826108
India,city,02_05,2011,0.0495217408664981
India,city,02_05,2012,0.04937114291166299
India,city,02_05,2013,0.049185658372225376
India,city,02_05,2014,0.04896123269561953
India,city,02_05,2015,0.04871351876684833
India,city,02_05,2016,0.04845588819087877
India,city,02_05,2017,0.04824853847833504
India,city,02_05,2018,0.04805043616011278
India,city,02_05,2019,0.047943973929700956
India,city,02_05,2020,0.048211125253637035
India,city,02_05,2025,0.047186772828498175
India,city,02_05,2030,0.04632187534214142
India,city,02_05,2035,0.04564797619221386
India,city,02_05,2040,0.04498181773925889
India,city,02_05,2045,0.04432582286907544
India,city,02_05,2050,0.043681136704475765
India,city,02_05,2055,0.04304490698847851
India,city,02_05,2060,0.04242330122159744
India,city,02_05,2065,0.04182970659926335
India,city,02_05,2070,0.04126154744873938
India,city,02_05,2075,0.04071644567198716
India,city,02_05,2080,0.040202695820389434
India,city,02_05,2085,0.03971816682096561
India,city,02_05,2090,0.03926519690490172
India,city,02_05,2095,0.03883325194777388
India,city,02_05,2100,0.03841630109699669
India,city,06_10,2011,0.0572198770303753
India,city,06_10,2012,0.05704586867958002
India,city,06_10,2013,0.05683155063760593
India,city,06_10,2014,0.05657223807320186
India,city,06_10,2015,0.05628601710651149
India,city,06_10,2016,0.055988337953511116
India,city,06_10,2017,0.05574875580541942
India,city,06_10,2018,0.05551985855565052
India,city,06_10,2019,0.05539684681119334
India,city,06_10,2020,0.055705526708883804
India,city,06_10,2025,0.054521939080972595
India,city,06_10,2030,0.05352259360265775
India,city,06_10,2035,0.052743937080996256
India,city,06_10,2040,0.05197422454476724
India,city,06_10,2045,0.05121625551646421
India,city,06_10,2050,0.05047135312781387
India,city,06_10,2055,0.04973622173954997
India,city,06_10,2060,0.04901798758784289
India,city,06_10,2065,0.04833211890266453
India,city,06_10,2070,0.04767563962391088
India,city,06_10,2075,0.04704580197908967
India,city,06_10,2080,0.04645218990450522
India,city,06_10,2085,0.04589234105267622
India,city,06_10,2090,0.04536895713195526
India,city,06_10,2095,0.044869866492202204
India,city,06_10,2100,0.04438810078704459
India,city,11_20,2011,0.0736255863590152
India,city,11_20,2012,0.07340168747066445
India,city,11_20,2013,0.07312592155982052
India,city,11_20,2014,0.07279226059102162
India,city,11_20,2015,0.0724239762186236
India,city,11_20,2016,0.07204094844359234
India,city,11_20,2017,0.07173267486717344
India,city,11_20,2018,0.07143814969332074
India,city,11_20,2019,0.07127986882512005
India,city,11_20,2020,0.07167705140649185
India,city,11_20,2025,0.07015411326620224
India,city,11_20,2030,0.06886824198100004
India,city,11_20,2035,0.0678663341483571
India,city,11_20,2040,0.0668759346622194
India,city,11_20,2045,0.0659006457058807
India,city,11_20,2050,0.06494216977075246
India,city,11_20,2055,0.06399626631340817
India,city,11_20,2060,0.06307210475789782
India,city,11_20,2065,0.062189588284037915
India,city,11_20,2070,0.06134488755521386
India,city,11_20,2075,0.060534466975555395
India,city,11_20,2080,0.059770658324972824
India,city,11_20,2085,0.05905029326780135
India,city,11_20,2090,0.05837684812856232
India,city,11_20,2095,0.05773466148110398
India,city,11_20,2100,0.057114767060305695
India,city,21_30,2011,0.0391220097897899
India,city,21_30,2012,0.039003037908747505
India,city,21_30,2013,0.03885650574245522
India,city,21_30,2014,0.038679210207935875
India,city,21_30,2015,0.038483517032032
India,city,21_30,2016,0.038279989737981454
India,city,21_30,2017,0.038116184158005696
India,city,21_30,2018,0.0379596839886404
India,city,21_30,2019,0.03787557918239697
India,city,21_30,2020,0.038086627835524044
India,city,21_30,2025,0.037277392842907126
India,city,21_30,2030,0.036594126719051934
India,city,21_30,2035,0.03606174864268603
India,city,21_30,2040,0.03553548569106014
India,city,21_30,2045,0.03501725193585848
India,city,21_30,2050,0.03450795202027589
India,city,21_30,2055,0.034005332670828926
India,city,21_30,2060,0.03351426619231256
India,city,21_30,2065,0.03304532842437898
India,city,21_30,2070,0.0325964845941736
India,city,21_30,2075,0.03216585601219337
India,city,21_30,2080,0.031759995346311444
India,city,21_30,2085,0.03137721905599489
India,city,21_30,2090,0.031019374336066628
India,city,21_30,2095,0.03067813926343537
India,city,21_30,2100,0.03034874948471292
India,city,31_50,2011,0.0678243479409768
India,city,31_50,2012,0.06761809089287601
India,city,31_50,2013,0.06736405362115726
India,city,31_50,2014,0.06705668306207214
India,city,31_50,2015,0.06671741720831112
India,city,31_50,2016,0.06636456964037324
India,city,31_50,2017,0.06608058610500159
India,city,31_50,2018,0.06580926768355833
India,city,31_50,2019,0.06566345836361762
India,city,31_50,2020,0.06602934542716773
India,city,31_50,2025,0.06462640534305203
India,city,31_50,2030,0.06344185271987028
India,city,31_50,2035,0.06251888899480591
India,city,31_50,2040,0.06160652683009844
India,city,31_50,2045,0.060708084579395624
India,city,31_50,2050,0.0598251305883714
India,city,31_50,2055,0.058953758442054555
India,city,31_50,2060,0.05810241507089328
India,city,31_50,2065,0.057289435407888015
India,city,31_50,2070,0.05651129184433941
India,city,31_50,2075,0.05576472736734828
India,city,31_50,2080,0.05506110208924417
India,city,31_50,2085,0.05439749731951268
India,city,31_50,2090,0.05377711546991788
India,city,31_50,2095,0.05318552913730961
India,city,31_50,2100,0.05261447854250854
India,city,51+,2011,0.0385852189262921
India,city,51+,2012,0.038467879451639354
India,city,51+,2013,0.038323357844837674
India,city,51+,2014,0.0381484949722286
India,city,51+,2015,0.03795548689122241
India,city,51+,2016,0.03775475218355753
India,city,51+,2017,0.03759319417059567
India,city,51+,2018,0.037438841331122234
India,city,51+,2019,0.037355890522125124
India,city,51+,2020,0.037564043388727916
India,city,51+,2025,0.036765911863258866
India,city,51+,2030,0.03609202079489274
India,city,51+,2035,0.035566947447727995
India,city,51+,2040,0.035047905320025725
India,city,51+,2045,0.034536782220601796
India,city,51+,2050,0.03403447038009341
India,city,51+,2055,0.033538747442054
India,city,51+,2060,0.033054418858662504
India,city,51+,2065,0.03259191535907885
India,city,51+,2070,0.03214923008945065
India,city,51+,2075,0.03172451013766631
India,city,51+,2080,0.03132421826281708
India,city,51+,2085,0.030946694024133598
India,city,51+,2090,0.030593759271184042
India,city,51+,2095,0.030257206265508898
India,city,51+,2100,0.029932336025140886
India,town,No_travel,2011,0.0
India,town,No_travel,2012,0.0
India,town,No_travel,2013,0.0
India,town,No_travel,2014,0.0
India,town,No_travel,2015,0.0
India,town,No_travel,2016,0.0
India,town,No_travel,2017,0.0
India,town,No_travel,2018,0.0
India,town,No_travel,2019,0.0
India,town,No_travel,2020,0.0
India,town,No_travel,2025,0.0
India,town,No_travel,2030,0.0
India,town,No_travel,2035,0.0
India,town,No_travel,2040,0.0
India,town,No_travel,2045,0.0
India,town,No_travel,2050,0.0
India,town,No_travel,2055,0.0
India,town,No_travel,2060,0.0
India,town,No_travel,2065,0.0
India,town,No_travel,2070,0.0
India,town,No_travel,2075,0.0
India,town,No_travel,2080,0.0
India,town,No_travel,2085,0.0
India,town,No_travel,2090,0.0
India,town,No_travel,2095,0.0
India,town,No_travel,2100,0.0
India,town,00_01,2011,0.0129968328827312
India,town,00_01,2012,0.01295730889958308
India,town,00_01,2013,0.012908629036573017
India,town,00_01,2014,0.012849729188498141
India,town,00_01,2015,0.012784717408245036
India,town,00_01,2016,0.012717103033573013
India,town,00_01,2017,0.0126626847212306
India,town,00_01,2018,0.012610693359889784
India,town,00_01,2019,0.012582752665706286
India,town,00_01,2020,0.012652865732227065
India,town,00_01,2025,0.012384027499773957
India,town,00_01,2030,0.012157037739434622
India,town,00_01,2035,0.01198017492164648
India,town,00_01,2040,0.011805343626643849
India,town,00_01,2045,0.011633179733563283
India,town,00_01,2050,0.011463983776464383
India,town,00_01,2055,0.011297007189027047
India,town,00_01,2060,0.011133868613328051
India,town,00_01,2065,0.010978081478797343
India,town,00_01,2070,0.01082896980782315
India,town,00_01,2075,0.01068590947568282
India,town,00_01,2080,0.01055107736259649
India,town,00_01,2085,0.010423914174829628
India,town,00_01,2090,0.010305033574168638
India,town,00_01,2095,0.010191670911142248
India,town,00_01,2100,0.010082243406514079
India,town,02_05,2011,0.0454311662241691
India,town,02_05,2012,0.045293007900180086
India,town,02_05,2013,0.04512284467902191
India,town,02_05,2014,0.0449169569206263
India,town,02_05,2015,0.044689704556772916
India,town,02_05,2016,0.04445335467656869
India,town,02_05,2017,0.04426313238041592
India,town,02_05,2018,0.04408139362909029
India,town,02_05,2019,0.04398372534841587
India,town,02_05,2020,0.04422880954764598
India,town,02_05,2025,0.043289070263761116
India,town,02_05,2030,0.04249561468683648
India,town,02_05,2035,0.04187738067965122
India,town,02_05,2040,0.04126624797554415
India,town,02_05,2045,0.040664439326089576
India,town,02_05,2050,0.040073005265132244
India,town,02_05,2055,0.0394893291366587
India,town,02_05,2060,0.03891906899582062
India,town,02_05,2065,0.0383745062343916
India,town,02_05,2070,0.03785327793430372
India,town,02_05,2075,0.037353202432202914
India,town,02_05,2080,0.03688188913632142
India,town,02_05,2085,0.036437383003699864
India,town,02_05,2090,0.036021829123905454
India,town,02_05,2095,0.03562556350796379
India,town,02_05,2100,0.03524305346131512
India,town,06_10,2011,0.0569320146292085
India,town,06_10,2012,0.05675888168158223
India,town,06_10,2013,0.05654564183322507
India,town,06_10,2014,0.056287633821387635
India,town,06_10,2015,0.05600285277835687
India,town,06_10,2016,0.055706671192988715
India,town,06_10,2017,0.05546829433746327
India,town,06_10,2018,0.055240548626553906
India,town,06_10,2019,0.055118155730964805
India,town,06_10,2020,0.05542528271835289
India,town,06_10,2025,0.05424764949639716
India,town,06_10,2030,0.05325333153655864
India,town,06_10,2035,0.05247859228888727
India,town,06_10,2040,0.051712752031145844
India,town,06_10,2045,0.0509585962019586
India,town,06_10,2050,0.05021744127662626
India,town,06_10,2055,0.04948600819562167
India,town,06_10,2060,0.048771387344366125
India,town,06_10,2065,0.04808896913508613
India,town,06_10,2070,0.047435792479674325
India,town,06_10,2075,0.04680912342916323
India,town,06_10,2080,0.046218497704882545
India,town,06_10,2085,0.045661465346956406
India,town,06_10,2090,0.045140714471952594
India,town,06_10,2095,0.044644134663005465
India,town,06_10,2100,0.04416479263017788
India,town,11_20,2011,0.0621547171877937
India,town,11_20,2012,0.061965701754813064
India,town,11_20,2013,0.06173290018342783
India,town,11_20,2014,0.06145122360633172
India,town,11_20,2015,0.06114031795324174
India,town,11_20,2016,0.06081696592021276
India,town,11_20,2017,0.060556721378792686
India,town,11_20,2018,0.06030808323829305
India,town,11_20,2019,0.060174462535412934
India,town,11_20,2020,0.060509764055413105
India,town,11_20,2025,0.05922409973563939
India,town,11_20,2030,0.05813856724586165
India,town,11_20,2035,0.05729275669187165
India,town,11_20,2040,0.05645666148356113
India,town,11_20,2045,0.05563332258392888
India,town,11_20,2050,0.05482417723615934
India,town,11_20,2055,0.05402564557365406
India,town,11_20,2060,0.05324546842384526
India,town,11_20,2065,0.05250044805037268
India,town,11_20,2070,0.05178735172741276
India,town,11_20,2075,0.05110319470506706
India,town,11_20,2080,0.05045838747146413
India,town,11_20,2085,0.049850255317756956
India,town,11_20,2090,0.04928173295697346
India,town,11_20,2095,0.048739599013755464
India,town,11_20,2100,0.04821628416743111
India,town,21_30,2011,0.0318021562733665
India,town,21_30,2012,0.0317054444128722
India,town,21_30,2013,0.031586328884898526
India,town,21_30,2014,0.03144220591356729
India,town,21_30,2015,0.03128312755856543
India,town,21_30,2016,0.031117680874050258
India,town,21_30,2017,0.030984523843498164
India,town,21_30,2018,0.030857305357799035
India,town,21_30,2019,0.030788936830571868
India,town,21_30,2020,0.03096049760375542
India,town,21_30,2025,0.030302673073897134
India,town,21_30,2030,0.029747248233407183
India,town,21_30,2035,0.029314479802744365
India,town,21_30,2040,0.028886682337368304
India,town,21_30,2045,0.028465411780011662
India,town,21_30,2050,0.02805140351222586
India,town,21_30,2055,0.02764282585522365
India,town,21_30,2060,0.027243639489944817
India,town,21_30,2065,0.026862441482520375
India,town,21_30,2070,0.026497577772623418
India,town,21_30,2075,0.026147521179582852
India,town,21_30,2080,0.025817598346094928
India,town,21_30,2085,0.02550644072746043
India,town,21_30,2090,0.025215549902425985
India,town,21_30,2095,0.024938161006403448
India,town,21_30,2100,0.02467040111180532
India,town,31_50,2011,0.0457355874252065
India,town,31_50,2012,0.04559650334195534
India,town,31_50,2013,0.045425199905908084
India,town,31_50,2014,0.045217932552756294
India,town,31_50,2015,0.0449891574360596
India,town,31_50,2016,0.044751223843167
India,town,31_50,2017,0.0445597269220228
India,town,31_50,2018,0.04437677039150391
India,town,31_50,2019,0.044278447663722416
India,town,31_50,2020,0.04452517410180497
India,town,31_50,2025,0.04357913789478918
India,town,31_50,2030,0.042780365599854146
India,town,31_50,2035,0.04215798898408911
India,town,31_50,2040,0.041542761255195314
India,town,31_50,2045,0.0409369200587672
India,town,31_50,2050,0.040341522967975184
India,town,31_50,2055,0.03975393579334513
India,town,31_50,2060,0.039179854503031804
India,town,31_50,2065,0.038631642782888914
India,town,31_50,2070,0.03810692188161303
India,town,31_50,2075,0.03760349551715029
India,town,31_50,2080,0.03712902408619277
India,town,31_50,2085,0.03668153944559954
India,town,31_50,2090,0.03626320105856712
India,town,31_50,2095,0.035864280180505616
India,town,31_50,2100,0.03547920704385757
India,town,51+,2011,0.0299585707997298
India,town,51+,2012,0.029867465369805904
India,town,51+,2013,0.02975525502320324
India,town,51+,2014,0.02961948692611637
India,town,51+,2015,0.029469630415757064
India,town,51+,2016,0.029313774750844835
India,town,51+,2017,0.029188336893959086
India,town,51+,2018,0.029068493321778303
India,town,51+,2019,0.029004088149191826
India,town,51+,2020,0.02916570346626956
India,town,51+,2025,0.028546013323810165
India,town,51+,2030,0.02802278671412011
India,town,51+,2035,0.027615106066353534
India,town,51+,2040,0.027212108214753547
India,town,51+,2045,0.026815258903344432
India,town,51+,2050,0.02642525088327437
India,town,51+,2055,0.026040358659009076
India,town,51+,2060,0.025664313309011595
India,town,51+,2065,0.025305213523576443
India,town,51+,2070,0.024961501129006698
India,town,51+,2075,0.02463173747598985
India,town,51+,2080,0.024320940419320675
India,town,51+,2085,0.024027820749459052
India,town,51+,2090,0.023753792997948237
India,town,51+,2095,0.023492484462479223
India,town,51+,2100,0.023240246730839492
India,rural,No_travel,2011,0.0
India,rural,No_travel,2012,0.0
India,rural,No_travel,2013,0.0
India,rural,No_travel,2014,0.0
India,rural,No_travel,2015,0.0
India,rural,No_travel,2016,0.0
India,rural,No_travel,2017,0.0
India,rural,No_travel,2018,0.0
India,rural,No_travel,2019,0.0
India,rural,No_travel,2020,0.0
India,rural,No_travel,2025,0.0
India,rural,No_travel,2030,0.0
India,rural,No_travel,2035,0.0
India,rural,No_travel,2040,0.0
India,rural,No_travel,2045,0.0
India,rural,No_travel,2050,0.0
India,rural,No_travel,2055,0.0
India,rural,No_travel,2060,0.0
India,rural,No_travel,2065,0.0
India,rural,No_travel,2070,0.0
India,rural,No_travel,2075,0.0
India,rural,No_travel,2080,0.0
India,rural,No_travel,2085,0.0
India,rural,No_travel,2090,0.0
India,rural,No_travel,2095,0.0
India,rural,No_travel,2100,0.0
India,rural,00_01,2011,0.00937229078988372
India,rural,00_01,2012,0.009343789210569668
India,rural,00_01,2013,0.00930868513284099
India,rural,00_01,2014,0.0092662112079534
India,rural,00_01,2015,0.009219329839638683
India,rural,00_01,2016,0.009170571685500659
India,rural,00_01,2017,0.009131329490715998
India,rural,00_01,2018,0.009093837421575409
India,rural,00_01,2019,0.00907368879666642
India,rural,00_01,2020,0.009124248810289148
India,rural,00_01,2025,0.008930383880831089
India,rural,00_01,2030,0.008766696768792206
India,rural,00_01,2035,0.008639157254113123
India,rural,00_01,2040,0.008513082713436851
India,rural,00_01,2045,0.008388931692643665
India,rural,00_01,2050,0.008266920913193653
India,rural,00_01,2055,0.008146510568097618
India,rural,00_01,2060,0.008028867894355926
India,rural,00_01,2065,0.007916526500162535
India,rural,00_01,2070,0.007808998923779485
India,rural,00_01,2075,0.007705835095682716
India,rural,00_01,2080,0.007608604810192271
India,rural,00_01,2085,0.007516904748779373
India,rural,00_01,2090,0.007431177435923697
India,rural,00_01,2095,0.0073494292244797674
India,rural,00_01,2100,0.0072705187388991425
India,rural,02_05,2011,0.0357129319501618
India,rural,02_05,2012,0.03560432723597458
India,rural,02_05,2013,0.03547056382986573
India,rural,02_05,2014,0.03530871776435482
India,rural,02_05,2015,0.03513007722130198
India,rural,02_05,2016,0.03494428522233559
India,rural,02_05,2017,0.03479475360158901
India,rural,02_05,2018,0.03465189080060402
India,rural,02_05,2019,0.034575114856878426
India,rural,02_05,2020,0.034767772806400934
India,rural,02_05,2025,0.034029054259518916
India,rural,02_05,2030,0.033405327699554205
India,rural,02_05,2035,0.03291934085697702
India,rural,02_05,2040,0.03243893626937295
India,rural,02_05,2045,0.031965861216909155
India,rural,02_05,2050,0.03150094151249839
India,rural,02_05,2055,0.03104212023209683
India,rural,02_05,2060,0.030593845109614822
India,rural,02_05,2065,0.030165770409847137
India,rural,02_05,2070,0.02975603866931273
India,rural,02_05,2075,0.02936293490683506
India,rural,02_05,2080,0.028992440793169368
India,rural,02_05,2085,0.028643019490898283
India,rural,02_05,2090,0.028316357230953295
India,rural,02_05,2095,0.028004857259623372
India,rural,02_05,2100,0.02770417038755823
India,rural,06_10,2011,0.0564972292407587
India,rural,06_10,2012,0.05632541849605072
India,rural,06_10,2013,0.05611380714390796
India,rural,06_10,2014,0.05585776951928376
India,rural,06_10,2015,0.05557516332703289
India,rural,06_10,2016,0.055281243657503906
India,rural,06_10,2017,0.05504468726757066
India,rural,06_10,2018,0.05481868083302506
India,rural,06_10,2019,0.054697222642504775
India,rural,06_10,2020,0.05500200412486578
India,rural,06_10,2025,0.0538333643966621
India,rural,06_10,2030,0.05284663996610981
India,rural,06_10,2035,0.052077817342098084
India,rural,06_10,2040,0.05131782574711909
India,rural,06_10,2045,0.05056942934761794
India,rural,06_10,2050,0.0498339345650754
India,rural,06_10,2055,0.04910808738188808
India,rural,06_10,2060,0.04839892403475268
India,rural,06_10,2065,0.04772171740050897
India,rural,06_10,2070,0.04707352900465024
India,rural,06_10,2075,0.04645164577716561
India,rural,06_10,2080,0.0458655306158192
India,rural,06_10,2085,0.04531275227088904
India,rural,06_10,2090,0.04479597833000479
India,rural,06_10,2095,0.044303190862616894
India,rural,06_10,2100,0.04382750952778675
India,rural,11_20,2011,0.0790926871290141
India,rural,11_20,2012,0.07885216252879552
India,rural,11_20,2013,0.07855591949718325
India,rural,11_20,2014,0.07819748238425228
India,rural,11_20,2015,0.0778018508914375
India,rural,11_20,2016,0.07739038121804778
India,rural,11_20,2017,0.07705921664964693
India,rural,11_20,2018,0.07674282137757997
India,rural,11_20,2019,0.0765727872928793
India,rural,11_20,2020,0.07699946284407083
India,rural,11_20,2025,0.0753634382525734
India,rural,11_20,2030,0.0739820840212773
India,rural,11_20,2035,0.072905779075427
India,rural,11_20,2040,0.0718418370334872
India,rural,11_20,2045,0.0707941275604796
India,rural,11_20,2050,0.06976447956707513
India,rural,11_20,2055,0.06874833762640285
India,rural,11_20,2060,0.06775555204218735
India,rural,11_20,2065,0.0668075039137441
India,rural,11_20,2070,0.06590007955535933
India,rural,11_20,2075,0.06502948083391373
India,rural,11_20,2080,0.06420895523113782
India,rural,11_20,2085,0.06343509914518813
India,rural,11_20,2090,0.06271164703661465
India,rural,11_20,2095,0.06202177453307794
India,rural,11_20,2100,0.061355849575439665
India,rural,21_30,2011,0.0462193616190824
India,rural,21_30,2012,0.046078806355639976
India,rural,21_30,2013,0.045905690934957825
India,rural,21_30,2014,0.04569623118410585
India,rural,21_30,2015,0.04546503616851008
India,rural,21_30,2016,0.04522458580173137
India,rural,21_30,2017,0.04503106329670662
India,rural,21_30,2018,0.04484617151941275
India,rural,21_30,2019,0.04474680877004085
India,rural,21_30,2020,0.04499614498948647
India,rural,21_30,2025,0.04404010196001158
India,rural,21_30,2030,0.04323288054602447
India,rural,21_30,2035,0.0426039206597139
India,rural,21_30,2040,0.041982185278566106
India,rural,21_30,2045,0.04136993571716623
India,rural,21_30,2050,0.040768240735304044
India,rural,21_30,2055,0.04017443828001966
India,rural,21_30,2060,0.03959428456932046
India,rural,21_30,2065,0.0390402740675741
India,rural,21_30,2070,0.03851000286192222
India,rural,21_30,2075,0.03800125143884857
India,rural,21_30,2080,0.03752176122389918
India,rural,21_30,2085,0.03706954325564007
India,rural,21_30,2090,0.03664677983927387
India,rural,21_30,2095,0.036243639323134694
India,rural,21_30,2100,0.03585449302471585
India,rural,31_50,2011,0.0461113884100324
India,rural,31_50,2012,0.04597116149822252
India,rural,31_50,2013,0.04579845049306781
India,rural,31_50,2014,0.04558948006185752
India,rural,31_50,2015,0.045358825141729876
India,rural,31_50,2016,0.045118936491876906
India,rural,31_50,2017,0.044925866075439254
India,rural,31_50,2018,0.04474140622445986
India,rural,31_50,2019,0.04464227559674724
India,rural,31_50,2020,0.04489102934099625
India,rural,31_50,2025,0.04393721972691842
India,rural,31_50,2030,0.04313188406564249
India,rural,31_50,2035,0.042504393494677474
India,rural,31_50,2040,0.04188411055168397
India,rural,31_50,2045,0.04127329126858236
India,rural,31_50,2050,0.04067300190842903
India,rural,31_50,2055,0.04008058663709511
India,rural,31_50,2060,0.039501788225467384
India,rural,31_50,2065,0.03894907194955248
India,rural,31_50,2070,0.03842003951228111
India,rural,31_50,2075,0.03791247658515015
India,rural,31_50,2080,0.03743410650893489
India,rural,31_50,2085,0.036982944968620965
India,rural,31_50,2090,0.036561169171320344
India,rural,31_50,2095,0.03615897043312229
India,rural,31_50,2100,0.0357707332207046
India,rural,51+,2011,0.0228571795411535
India,rural,51+,2012,0.022787669777725023
India,rural,51+,2013,0.022702057815264673
India,rural,51+,2014,0.022598472240644964
India,rural,51+,2015,0.022484137775706993
India,rural,51+,2016,0.022365226198141457
India,rural,51+,2017,0.02226952217957322
India,rural,51+,2018,0.022178086374290615
India,rural,51+,2019,0.022128947828829647
India,rural,51+,2020,0.02225225378837427
India,rural,51+,2025,0.021779455237977297
India,rural,51+,2030,0.02138025446707462
India,rural,51+,2035,0.021069210598401868
India,rural,51+,2040,0.02076173951407354
India,rural,51+,2045,0.020458959517581077
India,rural,51+,2050,0.020161399150071438
India,rural,51+,2055,0.019867741928141974
India,rural,51+,2060,0.01958083451396767
India,rural,51+,2065,0.019306855881150012
India,rural,51+,2070,0.01904461720609041
India,rural,51+,2075,0.018793020857468173
India,rural,51+,2080,0.018555895255828545
India,rural,51+,2085,0.01833225678636153
India,rural,51+,2090,0.018123184679503954
India,rural,51+,2095,0.01792381682077736
India,rural,51+,2100,0.01773136961901717
Maldives,large_city,No_travel,2011,0.0
Maldives,large_city,No_travel,2012,0.0
Maldives,large_city,No_travel,2013,0.0
Maldives,large_city,No_travel,2014,0.0
Maldives,large_city,No_travel,2015,0.0
Maldives,large_city,No_travel,2016,0.0
Maldives,large_city,No_travel,2017,0.0
Maldives,large_city,No_travel,2018,0.0
Maldives,large_city,No_travel,2019,0.0
Maldives,large_city,No_travel,2020,0.0
Maldives,large_city,No_travel,2025,0.0
Maldives,large_city,No_travel,2030,0.0
Maldives,large_city,No_travel,2035,0.0
Maldives,large_city,No_travel,2040,0.0
Maldives,large_city,No_travel,2045,0.0
Maldives,large_city,No_travel,2050,0.0
Maldives,large_city,No_travel,2055,0.0
Maldives,large_city,No_travel,2060,0.0
Maldives,large_city,No_travel,2065,0.0
Maldives,large_city,No_travel,2070,0.0
Maldives,large_city,No_travel,2075,0.0
Maldives,large_city,No_travel,2080,0.0
Maldives,large_city,No_travel,2085,0.0
Maldives,large_city,No_travel,2090,0.0
Maldives,large_city,No_travel,2095,0.0
Maldives,large_city,No_travel,2100,0.0
Maldives,large_city,00_01,2011,0.0204991553484746
Maldives,large_city,00_01,2012,0.020535554233947945
Maldives,large_city,00_01,2013,0.020476609532388147
Maldives,large_city,00_01,2014,0.020447779011387467
Maldives,large_city,00_01,2015,0.020471539102921484
Maldives,large_city,00_01,2016,0.02042028264602835
Maldives,large_city,00_01,2017,0.020385848500193444
Maldives,large_city,00_01,2018,0.020337753890197166
Maldives,large_city,00_01,2019,0.02027372521152911
Maldives,large_city,00_01,2020,0.020832906556216443
Maldives,large_city,00_01,2025,0.020093831397836062
Maldives,large_city,00_01,2030,0.019802322622420158
Maldives,large_city,00_01,2035,0.019555932255585193
Maldives,large_city,00_01,2040,0.019354867120594033
Maldives,large_city,00_01,2045,0.01919625167426413
Maldives,large_city,00_01,2050,0.019068196403363435
Maldives,large_city,00_01,2055,0.018957420548587386
Maldives,large_city,00_01,2060,0.01885714436561544
Maldives,large_city,00_01,2065,0.018767243722784908
Maldives,large_city,00_01,2070,0.01869278433041556
Maldives,large_city,00_01,2075,0.018631250618698834
Maldives,large_city,00_01,2080,0.018575296311967245
Maldives,large_city,00_01,2085,0.018507963962620146
Maldives,large_city,00_01,2090,0.018431976682474385
Maldives,large_city,00_01,2095,0.01836433085111446
Maldives,large_city,00_01,2100,0.018313195424841427
Maldives,large_city,02_05,2011,0.0599141683583879
Maldives,large_city,02_05,2012,0.06002055366623278
Maldives,large_city,02_05,2013,0.059848272286192834
Maldives,large_city,02_05,2014,0.05976400751236529
Maldives,large_city,02_05,2015,0.05983345262364816
Maldives,large_city,02_05,2016,0.05968364215899514
Maldives,large_city,02_05,2017,0.059582999319045954
Maldives,large_city,02_05,2018,0.059442430182832136
Maldives,large_city,02_05,2019,0.05925528954370485
Maldives,large_city,02_05,2020,0.060889643967530396
Maldives,large_city,02_05,2025,0.05872950259994964
Maldives,large_city,02_05,2030,0.05787749159992004
Maldives,large_city,02_05,2035,0.05715735100536947
Maldives,large_city,02_05,2040,0.05656968531163352
Maldives,large_city,02_05,2045,0.056106089988114116
Maldives,large_city,02_05,2050,0.05573181480801533
Maldives,large_city,02_05,2055,0.055408043262296966
Maldives,large_city,02_05,2060,0.05511495976657309
Maldives,large_city,02_05,2065,0.05485220151343967
Maldives,large_city,02_05,2070,0.05463457437249446
Maldives,large_city,02_05,2075,0.05445472592992012
Maldives,large_city,02_05,2080,0.054291184764593874
Maldives,large_city,02_05,2085,0.0540943882797549
Maldives,large_city,02_05,2090,0.05387229548527847
Maldives,large_city,02_05,2095,0.05367458276687891
Maldives,large_city,02_05,2100,0.05352512604601806
Maldives,large_city,06_10,2011,0.0468854192381946
Maldives,large_city,06_10,2012,0.046968670327139965
Maldives,large_city,06_10,2013,0.04683385272136447
Maldives,large_city,06_10,2014,0.04676791190375546
Maldives,large_city,06_10,2015,0.04682225569664706
Maldives,large_city,06_10,2016,0.04670502255073221
Maldives,large_city,06_10,2017,0.04662626519043449
Maldives,large_city,06_10,2018,0.04651626378235497
Maldives,large_city,06_10,2019,0.046369818165860686
Maldives,large_city,06_10,2020,0.04764877094855638
Maldives,large_city,06_10,2025,0.04595836721922528
Maldives,large_city,06_10,2030,0.045291631887225146
Maldives,large_city,06_10,2035,0.04472809083156065
Maldives,large_city,06_10,2040,0.04426821709588762
Maldives,large_city,06_10,2045,0.04390543377275016
Maldives,large_city,06_10,2050,0.04361254731183134
Maldives,large_city,06_10,2055,0.04335918212168799
Maldives,large_city,06_10,2060,0.043129831653421234
Maldives,large_city,06_10,2065,0.042924211994599226
Maldives,large_city,06_10,2070,0.04275390937636389
Maldives,large_city,06_10,2075,0.04261317021798996
Maldives,large_city,06_10,2080,0.04248519220695993
Maldives,large_city,06_10,2085,0.04233119047499754
Maldives,large_city,06_10,2090,0.04215739329038968
Maldives,large_city,06_10,2095,0.042002674566173445
Maldives,large_city,06_10,2100,0.04188571824002348
Maldives,large_city,11_20,2011,0.0406330553046253
Maldives,large_city,11_20,2012,0.04070520451766959
Maldives,large_city,11_20,2013,0.04058836539538975
Maldives,large_city,11_20,2014,0.0405312180576401
Maldives,large_city,11_20,2015,0.04057831488172541
Maldives,large_city,11_20,2016,0.040476715259094485
Maldives,large_city,11_20,2017,0.04040846051745795
Maldives,large_city,11_20,2018,0.04031312825061025
Maldives,large_city,11_20,2019,0.04018621176077572
Maldives,large_city,11_20,2020,0.04129461091760663
Maldives,large_city,11_20,2025,0.03982962949401937
Maldives,large_city,11_20,2030,0.03925180606705854
Maldives,large_city,11_20,2035,0.038763415534280955
Maldives,large_city,11_20,2040,0.03836486785702089
Maldives,large_city,11_20,2045,0.03805046318554401
Maldives,large_city,11_20,2050,0.03779663434156952
Maldives,large_city,11_20,2055,0.037577056443992035
Maldives,large_city,11_20,2060,0.03737829080613179
Maldives,large_city,11_20,2065,0.037200091376450105
Maldives,large_city,11_20,2070,0.03705249931440363
Maldives,large_city,11_20,2075,0.03693052830297507
Maldives,large_city,11_20,2080,0.036819616687286186
Maldives,large_city,11_20,2085,0.03668615172113018
Maldives,large_city,11_20,2090,0.03653553110754277
Maldives,large_city,11_20,2095,0.036401444763005664
Maldives,large_city,11_20,2100,0.036300085045082836
Maldives,large_city,21_30,2011,0.0412215199580625
Maldives,large_city,21_30,2012,0.04129471406574569
Maldives,large_city,21_30,2013,0.041176182831142896
Maldives,large_city,21_30,2014,0.04111820786209524
Maldives,large_city,21_30,2015,0.04116598676179745
Maldives,large_city,21_30,2016,0.04106291573155829
Maldives,large_city,21_30,2017,0.040993672496622856
Maldives,large_city,21_30,2018,0.04089695958859641
Maldives,large_city,21_30,2019,0.04076820504184871
Maldives,large_city,21_30,2020,0.04189265649208469
Maldives,large_city,21_30,2025,0.04040645860374331
Maldives,large_city,21_30,2030,0.03982026689976896
Maldives,large_city,21_30,2035,0.03932480329401032
Maldives,large_city,21_30,2040,0.038920483685030656
Maldives,large_city,21_30,2045,0.03860152567552264
Maldives,large_city,21_30,2050,0.038344020777616644
Maldives,large_city,21_30,2055,0.03812126286242956
Maldives,large_city,21_30,2060,0.03791961861868251
Maldives,large_city,21_30,2065,0.03773883843141703
Maldives,large_city,21_30,2070,0.03758910888029937
Maldives,large_city,21_30,2075,0.03746537143441415
Maldives,large_city,21_30,2080,0.03735285355099573
Maldives,large_city,21_30,2085,0.037217455690193565
Maldives,large_city,21_30,2090,0.03706465372680338
Maldives,large_city,21_30,2095,0.03692862548856231
Maldives,large_city,21_30,2100,0.036825797837430105
Maldives,large_city,31_50,2011,0.0600379215385309
Maldives,large_city,31_50,2012,0.06014452658605551
Maldives,large_city,31_50,2013,0.05997188935748685
Maldives,large_city,31_50,2014,0.05988745053411442
Maldives,large_city,31_50,2015,0.05995703908481408
Maldives,large_city,31_50,2016,0.05980691918548262
Maldives,large_city,31_50,2017,0.05970606846696576
Maldives,large_city,31_50,2018,0.05956520898410918
Maldives,large_city,31_50,2019,0.05937768180453811
Maldives,large_city,31_50,2020,0.06101541200012134
Maldives,large_city,31_50,2025,0.058850808843766395
Maldives,large_city,31_50,2030,0.05799703800839801
Maldives,large_city,31_50,2035,0.05727540995785552
Maldives,large_city,31_50,2040,0.056686530436064315
Maldives,large_city,31_50,2045,0.05622197755280309
Maldives,large_city,31_50,2050,0.055846929304412526
Maldives,large_city,31_50,2055,0.0555224890060515
Maldives,large_city,31_50,2060,0.05522880014409061
Maldives,large_city,31_50,2065,0.0549654991617443
Maldives,large_city,31_50,2070,0.054747422510248986
Maldives,large_city,31_50,2075,0.0545672025893195
Maldives,large_city,31_50,2080,0.05440332362844592
Maldives,large_city,31_50,2085,0.054206120658938844
Maldives,large_city,31_50,2090,0.05398356913007026
Maldives,large_city,31_50,2095,0.053785448034515064
Maldives,large_city,31_50,2100,0.053635682609636325
Maldives,large_city,51+,2011,0.0683410685329549
Maldives,large_city,51+,2012,0.06846241688533186
Maldives,large_city,51+,2013,0.06826590420856675
Maldives,large_city,51+,2014,0.06816978763312478
Maldives,large_city,51+,2015,0.06824900016731324
Maldives,large_city,51+,2016,0.0680781189298309
Maldives,large_city,51+,2017,0.06796332072081336
Maldives,large_city,51+,2018,0.06780298060035732
Maldives,large_city,51+,2019,0.06758951871656055
Maldives,large_city,51+,2020,0.06945374433707961
Maldives,large_city,51+,2025,0.06698978008141888
Maldives,large_city,51+,2030,0.06601793412679331
Maldives,large_city,51+,2035,0.06519650608941903
Maldives,large_city,51+,2040,0.06452618548662203
Maldives,large_city,51+,2045,0.06399738569444798
Maldives,large_city,51+,2050,0.063570468882713
Maldives,large_city,51+,2055,0.06320115901826487
Maldives,large_city,51+,2060,0.06286685346390362
Maldives,large_city,51+,2065,0.06256713838353103
Maldives,large_city,51+,2070,0.06231890208548209
Maldives,large_city,51+,2075,0.06211375804232361
Maldives,large_city,51+,2080,0.06192721488744469
Maldives,large_city,51+,2085,0.06170273906768574
Maldives,large_city,51+,2090,0.06144940902399392
Maldives,large_city,51+,2095,0.06122388810284624
Maldives,large_city,51+,2100,0.061053410363057455
Maldives,city,No_travel,2011,0.0
Maldives,city,No_travel,2012,0.0
Maldives,city,No_travel,2013,0.0
Maldives,city,No_travel,2014,0.0
Maldives,city,No_travel,2015,0.0
Maldives,city,No_travel,2016,0.0
Maldives,city,No_travel,2017,0.0
Maldives,city,No_travel,2018,0.0
Maldives,city,No_travel,2019,0.0
Maldives,city,No_travel,2020,0.0
Maldives,city,No_travel,2025,0.0
Maldives,city,No_travel,2030,0.0
Maldives,city,No_travel,2035,0.0
Maldives,city,No_travel,2040,0.0
Maldives,city,No_travel,2045,0.0
Maldives,city,No_travel,2050,0.0
Maldives,city,No_travel,2055,0.0
Maldives,city,No_travel,2060,0.0
Maldives,city,No_travel,2065,0.0
Maldives,city,No_travel,2070,0.0
Maldives,city,No_travel,2075,0.0
Maldives,city,No_travel,2080,0.0
Maldives,city,No_travel,2085,0.0
Maldives,city,No_travel,2090,0.0
Maldives,city,No_travel,2095,0.0
Maldives,city,No_travel,2100,0.0
Maldives,city,00_01,2011,0.0195275670690455
Maldives,city,00_01,2012,0.01956224077463172
Maldives,city,00_01,2013,0.01950608984580043
Maldives,city,00_01,2014,0.0194786257906769
Maldives,city,00_01,2015,0.019501259736959552
Maldives,city,00_01,2016,0.01945243265688297
Maldives,city,00_01,2017,0.01941963056914688
Maldives,city,00_01,2018,0.019373815475480994
Maldives,city,00_01,2019,0.019312821532278066
Maldives,city,00_01,2020,0.019845499636644618
Maldives,city,00_01,2025,0.019141454056278196
Maldives,city,00_01,2030,0.018863761777431546
Maldives,city,00_01,2035,0.018629049452374966
Maldives,city,00_01,2040,0.018437514101671906
Maldives,city,00_01,2045,0.018286416472831107
Maldives,city,00_01,2050,0.018164430573970925
Maldives,city,00_01,2055,0.018058905107335974
Maldives,city,00_01,2060,0.017963381664778216
Maldives,city,00_01,2065,0.017877741998041697
Maldives,city,00_01,2070,0.017806811720491457
Maldives,city,00_01,2075,0.01774819449153109
Maldives,city,00_01,2080,0.017694892223270343
Maldives,city,00_01,2085,0.01763075119182586
Maldives,city,00_01,2090,0.01755836544303689
Maldives,city,00_01,2095,0.017493925787530763
Maldives,city,00_01,2100,0.017445214001646125
Maldives,city,02_05,2011,0.0495217408664981
Maldives,city,02_05,2012,0.04960967308339182
Maldives,city,02_05,2013,0.04946727481446439
Maldives,city,02_05,2014,0.049397626208667174
Maldives,city,02_05,2015,0.04945502570030034
Maldives,city,02_05,2016,0.04933120064834837
Maldives,city,02_05,2017,0.049248014838103635
Maldives,city,02_05,2018,0.049131828157588125
Maldives,city,02_05,2019,0.04897714804618248
Maldives,city,02_05,2020,0.05032801510281204
Maldives,city,02_05,2025,0.048542561612070885
Maldives,city,02_05,2030,0.047838336399321765
Maldives,city,02_05,2035,0.04724310797693165
Maldives,city,02_05,2040,0.04675737598734211
Maldives,city,02_05,2045,0.04637419370997292
Maldives,city,02_05,2050,0.04606483852756022
Maldives,city,02_05,2055,0.04579722685862907
Maldives,city,02_05,2060,0.04555498023608284
Maldives,city,02_05,2065,0.04533779878336916
Maldives,city,02_05,2070,0.04515792021416431
Maldives,city,02_05,2075,0.045009267429481824
Maldives,city,02_05,2080,0.04487409333907558
Maldives,city,02_05,2085,0.04471143223916116
Maldives,city,02_05,2090,0.04452786260750761
Maldives,city,02_05,2095,0.04436444419956065
Maldives,city,02_05,2100,0.04424091153268033
Maldives,city,06_10,2011,0.0572198770303753
Maldives,city,06_10,2012,0.05732147827761803
Maldives,city,06_10,2013,0.05715694425084923
Maldives,city,06_10,2014,0.057076468795234744
Maldives,city,06_10,2015,0.05714279101645289
Maldives,city,06_10,2016,0.05699971740631725
Maldives,city,06_10,2017,0.056903600392868396
Maldives,city,06_10,2018,0.056769352536162644
Maldives,city,06_10,2019,0.05659062745907911
Maldives,city,06_10,2020,0.058151486296273584
Maldives,city,06_10,2025,0.0560884847257295
Maldives,city,06_10,2030,0.05527478796608156
Maldives,city,06_10,2035,0.05458703150723728
Maldives,city,06_10,2040,0.054025792660869584
Maldives,city,06_10,2045,0.0535830448412727
Maldives,city,06_10,2050,0.053225600511032305
Maldives,city,06_10,2055,0.05291638870788882
Maldives,city,06_10,2060,0.05263648493813876
Maldives,city,06_10,2065,0.0523855427095314
Maldives,city,06_10,2070,0.05217770208377374
Maldives,city,06_10,2075,0.05200594127910645
Maldives,city,06_10,2080,0.05184975442671793
Maldives,city,06_10,2085,0.05166180771943597
Maldives,city,06_10,2090,0.05144970225694741
Maldives,city,06_10,2095,0.05126088051838146
Maldives,city,06_10,2100,0.0511181447444679
Maldives,city,11_20,2011,0.0736255863590152
Maldives,city,11_20,2012,0.07375631805211341
Maldives,city,11_20,2013,0.07354460990407892
Maldives,city,11_20,2014,0.07344106105157125
Maldives,city,11_20,2015,0.07352639874677858
Maldives,city,11_20,2016,0.07334230400583486
Maldives,city,11_20,2017,0.07321862895021577
Maldives,city,11_20,2018,0.07304589042506733
Maldives,city,11_20,2019,0.072815922461481
Maldives,city,11_20,2020,0.07482430054749277
Maldives,city,11_20,2025,0.07216980864408923
Maldives,city,11_20,2030,0.07112281406533982
Maldives,city,11_20,2035,0.07023786856768122
Maldives,city,11_20,2040,0.06951571498581764
Maldives,city,11_20,2045,0.0689460254038269
Maldives,city,11_20,2050,0.06848609697037913
Maldives,city,11_20,2055,0.06808822997909773
Maldives,city,11_20,2060,0.06772807402907695
Maldives,city,11_20,2065,0.06740518328407155
Maldives,city,11_20,2070,0.06713775195190512
Maldives,city,11_20,2075,0.06691674501142512
Maldives,city,11_20,2080,0.0667157772850777
Maldives,city,11_20,2085,0.06647394372572672
Maldives,city,11_20,2090,0.06620102477070379
Maldives,city,11_20,2095,0.06595806529681561
Maldives,city,11_20,2100,0.06577440525428851
Maldives,city,21_30,2011,0.0391220097897899
Maldives,city,21_30,2012,0.03919147594727875
Maldives,city,21_30,2013,0.03907898179070121
Maldives,city,21_30,2014,0.03902395962487733
Maldives,city,21_30,2015,0.03906930503144644
Maldives,city,21_30,2016,0.038971483654210416
Maldives,city,21_30,2017,0.03890576714211244
Maldives,city,21_30,2018,0.03881398005278485
Maldives,city,21_30,2019,0.038691783281693724
Maldives,city,21_30,2020,0.03975896374202199
Maldives,city,21_30,2025,0.038348461451072756
Maldives,city,21_30,2030,0.037792125886423285
Maldives,city,21_30,2035,0.03732189742190538
Maldives,city,21_30,2040,0.036938170773378125
Maldives,city,21_30,2045,0.036635458054798134
Maldives,city,21_30,2050,0.036391068494513935
Maldives,city,21_30,2055,0.03617965617037915
Maldives,city,21_30,2060,0.035988282148122025
Maldives,city,21_30,2065,0.03581670952626831
Maldives,city,21_30,2070,0.03567460605772554
Maldives,city,21_30,2075,0.03555717085460323
Maldives,city,21_30,2080,0.03545038377491523
Maldives,city,21_30,2085,0.03532188204957352
Maldives,city,21_30,2090,0.03517686265403129
Maldives,city,21_30,2095,0.035047762657874695
Maldives,city,21_30,2100,0.03495017226386817
Maldives,city,31_50,2011,0.0678243479409768
Maldives,city,31_50,2012,0.06794477878951864
Maldives,city,31_50,2013,0.06774975192719643
Maldives,city,31_50,2014,0.06765436208042329
Maldives,city,31_50,2015,0.06773297569585854
Maldives,city,31_50,2016,0.0675633864758422
Maldives,city,31_50,2017,0.06744945624562271
Maldives,city,31_50,2018,0.06729032844220734
Maldives,city,31_50,2019,0.06707848052426342
Maldives,city,31_50,2020,0.06892861090473293
Maldives,city,31_50,2025,0.06648327645829422
Maldives,city,31_50,2030,0.06551877854237752
Maldives,city,31_50,2035,0.06470356124754575
Maldives,city,31_50,2040,0.06403830887774727
Maldives,city,31_50,2045,0.06351350729261791
Maldives,city,31_50,2050,0.06308981835999605
Maldives,city,31_50,2055,0.06272330081378169
Maldives,city,31_50,2060,0.06239152291325524
Maldives,city,31_50,2065,0.062094073951295486
Maldives,city,31_50,2070,0.06184771454527694
Maldives,city,31_50,2075,0.06164412157753617
Maldives,city,31_50,2080,0.06145898885845358
Maldives,city,31_50,2085,0.061236210279913716
Maldives,city,31_50,2090,0.06098479564159896
Maldives,city,31_50,2095,0.060760979863586737
Maldives,city,31_50,2100,0.060591791090454664
Maldives,city,51+,2011,0.0385852189262921
Maldives,city,51+,2012,0.038653731942598725
Maldives,city,51+,2013,0.03854278131192316
Maldives,city,51+,2014,0.038488514102096236
Maldives,city,51+,2015,0.038533237326929835
Maldives,city,51+,2016,0.03843675815122786
Maldives,city,51+,2017,0.03837194333164171
Maldives,city,51+,2018,0.03828141564772818
Maldives,city,51+,2019,0.03816089553155901
Maldives,city,51+,2020,0.039213433269698776
Maldives,city,51+,2025,0.03782228440018143
Maldives,city,51+,2030,0.03727358228406253
Maldives,city,51+,2035,0.03680980579746871
Maldives,city,51+,2040,0.0364313442403853
Maldives,city,51+,2045,0.036132785025740084
Maldives,city,51+,2050,0.03589174872066439
Maldives,city,51+,2055,0.03568323717296303
Maldives,city,51+,2060,0.03549448898274292
Maldives,city,51+,2065,0.03532527049904141
Maldives,city,51+,2070,0.03518511682408018
Maldives,city,51+,2075,0.03506929294267749
Maldives,city,51+,2080,0.034963971082415175
Maldives,city,51+,2085,0.03483723252191285
Maldives,city,51+,2090,0.0346942029292201
Maldives,city,51+,2095,0.03456687430674259
Maldives,city,51+,2100,0.0344706229449624
Maldives,town,No_travel,2011,0.0
Maldives,town,No_travel,2012,0.0
Maldives,town,No_travel,2013,0.0
Maldives,town,No_travel,2014,0.0
Maldives,town,No_travel,2015,0.0
Maldives,town,No_travel,2016,0.0
Maldives,town,No_travel,2017,0.0
Maldives,town,No_travel,2018,0.0
Maldives,town,No_travel,2019,0.0
Maldives,town,No_travel,2020,0.0
Maldives,town,No_travel,2025,0.0
Maldives,town,No_travel,2030,0.0
Maldives,town,No_travel,2035,0.0
Maldives,town,No_travel,2040,0.0
Maldives,town,No_travel,2045,0.0
Maldives,town,No_travel,2050,0.0
Maldives,town,No_travel,2055,0.0
Maldives,town,No_travel,2060,0.0
Maldives,town,No_travel,2065,0.0
Maldives,town,No_travel,2070,0.0
Maldives,town,No_travel,2075,0.0
Maldives,town,No_travel,2080,0.0
Maldives,town,No_travel,2085,0.0
Maldives,town,No_travel,2090,0.0
Maldives,town,No_travel,2095,0.0
Maldives,town,No_travel,2100,0.0
Maldives,town,00_01,2011,0.0129968328827312
Maldives,town,00_01,2012,0.013019910430248294
Maldives,town,00_01,2013,0.012982538430159904
Maldives,town,00_01,2014,0.012964259361730101
Maldives,town,00_01,2015,0.012979323686756984
Maldives,town,00_01,2016,0.012946826171953257
Maldives,town,00_01,2017,0.012924994304675409
Maldives,town,00_01,2018,0.012894501457626066
Maldives,town,00_01,2019,0.01285390612468652
Maldives,town,00_01,2020,0.013208437146306538
Maldives,town,00_01,2025,0.012739850213920436
Maldives,town,00_01,2030,0.012555028411581536
Maldives,town,00_01,2035,0.012398812491109128
Maldives,town,00_01,2040,0.0122713335821687
Maldives,town,00_01,2045,0.012170768538705924
Maldives,town,00_01,2050,0.012089579195664378
Maldives,town,00_01,2055,0.012019345312975492
Maldives,town,00_01,2060,0.011955768410900767
Maldives,town,00_01,2065,0.011898769787735276
Maldives,town,00_01,2070,0.011851561194858003
Maldives,town,00_01,2075,0.011812547715802832
Maldives,town,00_01,2080,0.011777071679776123
Maldives,town,00_01,2085,0.01173438176025556
Maldives,town,00_01,2090,0.011686204459070258
Maldives,town,00_01,2095,0.011643315786319953
Maldives,town,00_01,2100,0.01161089500710442
Maldives,town,02_05,2011,0.0454311662241691
Maldives,town,02_05,2012,0.04551183509994485
Maldives,town,02_05,2013,0.04538119915475229
Maldives,town,02_05,2014,0.04531730363468596
Maldives,town,02_05,2015,0.0453699618369208
Maldives,town,02_05,2016,0.0452563649314099
Maldives,town,02_05,2017,0.04518005040153688
Maldives,town,02_05,2018,0.045073460925820256
Maldives,town,02_05,2019,0.04493155763789289
Maldives,town,02_05,2020,0.04617084092484232
Maldives,town,02_05,2025,0.044532868735171996
Maldives,town,02_05,2030,0.04388681364623832
Maldives,town,02_05,2035,0.04334075203923917
Maldives,town,02_05,2040,0.04289514228535494
Maldives,town,02_05,2045,0.04254361147418565
Maldives,town,02_05,2050,0.042259809522384575
Maldives,town,02_05,2055,0.042014303003388924
Maldives,town,02_05,2060,0.04179206633756148
Maldives,town,02_05,2065,0.04159282441863054
Maldives,town,02_05,2070,0.041427804105638275
Maldives,town,02_05,2075,0.04129143027765025
Maldives,town,02_05,2080,0.04116742178233094
Maldives,town,02_05,2085,0.041018196748252675
Maldives,town,02_05,2090,0.04084979026044675
Maldives,town,02_05,2095,0.04069987047318519
Maldives,town,02_05,2100,0.04058654180127352
Maldives,town,06_10,2011,0.0569320146292085
Maldives,town,06_10,2012,0.05703310473975344
Maldives,town,06_10,2013,0.05686939845261775
Maldives,town,06_10,2014,0.056789327853830826
Maldives,town,06_10,2015,0.05685531642047226
Maldives,town,06_10,2016,0.05671296258666426
Maldives,town,06_10,2017,0.05661732911976811
Maldives,town,06_10,2018,0.056483756638690354
Maldives,town,06_10,2019,0.05630593069373551
Maldives,town,06_10,2020,0.05785893714473002
Maldives,town,06_10,2025,0.05580631414569863
Maldives,town,06_10,2030,0.054996710940864335
Maldives,town,06_10,2035,0.05431241445495142
Maldives,town,06_10,2040,0.05375399909528674
Maldives,town,06_10,2045,0.05331347865640221
Maldives,town,06_10,2050,0.052957832561120126
Maldives,town,06_10,2055,0.05265017634419496
Maldives,town,06_10,2060,0.05237168071747905
Maldives,town,06_10,2065,0.052122000931858814
Maldives,town,06_10,2070,0.05191520591305971
Maldives,town,06_10,2075,0.05174430920458109
Maldives,town,06_10,2080,0.051588908098766886
Maldives,town,06_10,2085,0.05140190691589457
Maldives,town,06_10,2090,0.051190868515953176
Maldives,town,06_10,2095,0.05100299670391411
Maldives,town,06_10,2100,0.05086097900673793
Maldives,town,11_20,2011,0.0621547171877937
Maldives,town,11_20,2012,0.062265080878106185
Maldives,town,11_20,2013,0.06208635686763418
Maldives,town,11_20,2014,0.06199894093030838
Maldives,town,11_20,2015,0.06207098300933788
Maldives,town,11_20,2016,0.06191557023607559
Maldives,town,11_20,2017,0.06181116375885305
Maldives,town,11_20,2018,0.06166533790253071
Maldives,town,11_20,2019,0.06147119895646837
Maldives,town,11_20,2020,0.06316667165985064
Maldives,town,11_20,2025,0.06092574969654279
Maldives,town,11_20,2030,0.06004187691321448
Maldives,town,11_20,2035,0.059294805957943945
Maldives,town,11_20,2040,0.05868516393176011
Maldives,town,11_20,2045,0.05820423200843654
Maldives,town,11_20,2050,0.05781596044251412
Maldives,town,11_20,2055,0.05748008114369444
Maldives,town,11_20,2060,0.057176037504464365
Maldives,town,11_20,2065,0.05690345314988273
Maldives,town,11_20,2070,0.0566776876294982
Maldives,town,11_20,2075,0.05649111357879943
Maldives,town,11_20,2080,0.05632145663190479
Maldives,town,11_20,2085,0.056117300750351845
Maldives,town,11_20,2090,0.05588690257896178
Maldives,town,11_20,2095,0.055681796200399584
Maldives,town,11_20,2100,0.05552675039952399
Maldives,town,21_30,2011,0.0318021562733665
Maldives,town,21_30,2012,0.031858625089974876
Maldives,town,21_30,2013,0.03176717895092061
Maldives,town,21_30,2014,0.031722451608807246
Maldives,town,21_30,2015,0.03175931274436084
Maldives,town,21_30,2016,0.03167979406057001
Maldives,town,21_30,2017,0.0316263733186728
Maldives,town,21_30,2018,0.03155175988816762
Maldives,town,21_30,2019,0.031452426524896625
Maldives,town,21_30,2020,0.03231993409809139
Maldives,town,21_30,2025,0.03117334130999757
Maldives,town,21_30,2030,0.030721097913953246
Maldives,town,21_30,2035,0.03033885070341534
Maldives,town,21_30,2040,0.030026920541639662
Maldives,town,21_30,2045,0.029780846343664055
Maldives,town,21_30,2050,0.029582182853994207
Maldives,town,21_30,2055,0.02941032645381498
Maldives,town,21_30,2060,0.029254759124958774
Maldives,town,21_30,2065,0.02911528829097705
Maldives,town,21_30,2070,0.0289997728371988
Maldives,town,21_30,2075,0.028904310137256813
Maldives,town,21_30,2080,0.028817503262700474
Maldives,town,21_30,2085,0.028713044622342462
Maldives,town,21_30,2090,0.02859515882085926
Maldives,town,21_30,2095,0.028490213848074798
Maldives,town,21_30,2100,0.028410882929810345
Maldives,town,31_50,2011,0.0457355874252065
Maldives,town,31_50,2012,0.045816796839957825
Maldives,town,31_50,2013,0.04568528554080368
Maldives,town,31_50,2014,0.045620961875202544
Maldives,town,31_50,2015,0.045673972924931756
Maldives,town,31_50,2016,0.04555961483917206
Maldives,town,31_50,2017,0.04548278894754517
Maldives,town,31_50,2018,0.04537548524635489
Maldives,town,31_50,2019,0.04523263110523725
Maldives,town,31_50,2020,0.04648021847367949
Maldives,town,31_50,2025,0.04483127070264757
Maldives,town,31_50,2030,0.044180886584053086
Maldives,town,31_50,2035,0.04363116597500625
Maldives,town,31_50,2040,0.043182570318101125
Maldives,town,31_50,2045,0.04282868399989489
Maldives,town,31_50,2050,0.04254298037269773
Maldives,town,31_50,2055,0.042295828785006144
Maldives,town,31_50,2060,0.042072102975087795
Maldives,town,31_50,2065,0.04187152599326283
Maldives,town,31_50,2070,0.04170539992653251
Maldives,town,31_50,2075,0.04156811229667769
Maldives,town,31_50,2080,0.04144327285603557
Maldives,town,31_50,2085,0.041293047907848233
Maldives,town,31_50,2090,0.04112351297651904
Maldives,town,31_50,2095,0.04097258861980681
Maldives,town,31_50,2100,0.04085850056500266
Maldives,town,51+,2011,0.0299585707997298
Maldives,town,51+,2012,0.030011766093338107
Maldives,town,51+,2013,0.029925621128585718
Maldives,town,51+,2014,0.02988348665085192
Maldives,town,51+,2015,0.02991821092960045
Maldives,town,51+,2016,0.029843301980101197
Maldives,town,51+,2017,0.02979297806292575
Maldives,town,51+,2018,0.0297226900069466
Maldives,town,51+,2019,0.02962911504395512
Maldives,town,51+,2020,0.0304463328082934
Maldives,town,51+,2025,0.029366208525986925
Maldives,town,51+,2030,0.028940181885445865
Maldives,town,51+,2035,0.028580093719679272
Maldives,town,51+,2040,0.02828624629135398
Maldives,town,51+,2045,0.028054437126633507
Maldives,town,51+,2050,0.02786729024987975
Maldives,town,51+,2055,0.02770539644343783
Maldives,town,51+,2060,0.02755884742344051
Maldives,town,51+,2065,0.02742746177718362
Maldives,town,51+,2070,0.027318642806836733
Maldives,town,51+,2075,0.027228714123059383
Maldives,town,51+,2080,0.027146939482530455
Maldives,town,51+,2085,0.027048536357097423
Maldives,town,51+,2090,0.02693748444918088
Maldives,town,51+,2095,0.026838623184233506
Maldives,town,51+,2100,0.02676389111540761
Maldives,rural,No_travel,2011,0.0
Maldives,rural,No_travel,2012,0.0
Maldives,rural,No_travel,2013,0.0
Maldives,rural,No_travel,2014,0.0
Maldives,rural,No_travel,2015,0.0
Maldives,rural,No_travel,2016,0.0
Maldives,rural,No_travel,2017,0.0
Maldives,rural,No_travel,2018,0.0
Maldives,rural,No_travel,2019,0.0
Maldives,rural,No_travel,2020,0.0
Maldives,rural,No_travel,2025,0.0
Maldives,rural,No_travel,2030,0.0
Maldives,rural,No_travel,2035,0.0
Maldives,rural,No_travel,2040,0.0
Maldives,rural,No_travel,2045,0.0
Maldives,rural,No_travel,2050,0.0
Maldives,rural,No_travel,2055,0.0
Maldives,rural,No_travel,2060,0.0
Maldives,rural,No_travel,2065,0.0
Maldives,rural,No_travel,2070,0.0
Maldives,rural,No_travel,2075,0.0
Maldives,rural,No_travel,2080,0.0
Maldives,rural,No_travel,2085,0.0
Maldives,rural,No_travel,2090,0.0
Maldives,rural,No_travel,2095,0.0
Maldives,rural,No_travel,2100,0.0
Maldives,rural,00_01,2011,0.00937229078988372
Maldives,rural,00_01,2012,0.009388932496982604
Maldives,rural,00_01,2013,0.009361982758120196
Maldives,rural,00_01,2014,0.009348801335673815
Maldives,rural,00_01,2015,0.00935966453873099
Maldives,rural,00_01,2016,0.009336229894195877
Maldives,rural,00_01,2017,0.009320486473436347
Maldives,rural,00_01,2018,0.009298497437173703
Maldives,rural,00_01,2019,0.009269223284889487
Maldives,rural,00_01,2020,0.009524883095140052
Maldives,rural,00_01,2025,0.00918697515785347
Maldives,rural,00_01,2030,0.00905369625125676
Maldives,rural,00_01,2035,0.008941045650461384
Maldives,rural,00_01,2040,0.008849117915839646
Maldives,rural,00_01,2045,0.008776598338252188
Maldives,rural,00_01,2050,0.008718050987609862
Maldives,rural,00_01,2055,0.0086674038508957
Maldives,rural,00_01,2060,0.008621557203551636
Maldives,rural,00_01,2065,0.008580454292115437
Maldives,rural,00_01,2070,0.008546411178364632
Maldives,rural,00_01,2075,0.008518277734337977
Maldives,rural,00_01,2080,0.008492695215218532
Maldives,rural,00_01,2085,0.008461910612296149
Maldives,rural,00_01,2090,0.008427168942517474
Maldives,rural,00_01,2095,0.008396241014441851
Maldives,rural,00_01,2100,0.008372861705560659
Maldives,rural,02_05,2011,0.0357129319501618
Maldives,rural,02_05,2012,0.035776344851711814
Maldives,rural,02_05,2013,0.03567365339541314
Maldives,rural,02_05,2014,0.03562342584129776
Maldives,rural,02_05,2015,0.03566481986547384
Maldives,rural,02_05,2016,0.03557552260781063
Maldives,rural,02_05,2017,0.035515532608902924
Maldives,rural,02_05,2018,0.03543174381347363
Maldives,rural,02_05,2019,0.03532019522499478
Maldives,rural,02_05,2020,0.03629438196445498
Maldives,rural,02_05,2025,0.035006790335014616
Maldives,rural,02_05,2030,0.03449893365105237
Maldives,rural,02_05,2035,0.03406968072553575
Maldives,rural,02_05,2040,0.033719391878926086
Maldives,rural,02_05,2045,0.033443057437592835
Maldives,rural,02_05,2050,0.03321996389555202
Maldives,rural,02_05,2055,0.03302697396518241
Maldives,rural,02_05,2060,0.0328522762062835
Maldives,rural,02_05,2065,0.03269565436089017
Maldives,rural,02_05,2070,0.032565933737404344
Maldives,rural,02_05,2075,0.03245873179557683
Maldives,rural,02_05,2080,0.03236125010354348
Maldives,rural,02_05,2085,0.032243945972256126
Maldives,rural,02_05,2090,0.03211156351459914
Maldives,rural,02_05,2095,0.03199371324560018
Maldives,rural,02_05,2100,0.031904626843371066
Maldives,rural,06_10,2011,0.0564972292407587
Maldives,rural,06_10,2012,0.05659754733395509
Maldives,rural,06_10,2013,0.05643509125906127
Maldives,rural,06_10,2014,0.056355632153238785
Maldives,rural,06_10,2015,0.056421116770305146
Maldives,rural,06_10,2016,0.05627985008170591
Maldives,rural,06_10,2017,0.05618494696019319
Maldives,rural,06_10,2018,0.05605239456181318
Maldives,rural,06_10,2019,0.05587592665983393
Maldives,rural,06_10,2020,0.05741707292078496
Maldives,rural,06_10,2025,0.05538012564469763
Maldives,rural,06_10,2030,0.05457670531686491
Maldives,rural,06_10,2035,0.05389763475024152
Maldives,rural,06_10,2040,0.05334348396545004
Maldives,rural,06_10,2045,0.052906327747055296
Maldives,rural,06_10,2050,0.052553397693471275
Maldives,rural,06_10,2055,0.0522480910232582
Maldives,rural,06_10,2060,0.051971722246084366
Maldives,rural,06_10,2065,0.05172394924565847
Maldives,rural,06_10,2070,0.051518733504409324
Maldives,rural,06_10,2075,0.05134914192086375
Maldives,rural,06_10,2080,0.05119492760126459
Maldives,rural,06_10,2085,0.05100935453194957
Maldives,rural,06_10,2090,0.05079992781593142
Maldives,rural,06_10,2095,0.050613490766377195
Maldives,rural,06_10,2100,0.05047255764736035
Maldives,rural,11_20,2011,0.0790926871290141
Maldives,rural,11_20,2012,0.07923312636232144
Maldives,rural,11_20,2013,0.07900569773128134
Maldives,rural,11_20,2014,0.07889445981252274
Maldives,rural,11_20,2015,0.07898613429636905
Maldives,rural,11_20,2016,0.07878836951828555
Maldives,rural,11_20,2017,0.07865551091622233
Maldives,rural,11_20,2018,0.07846994561480562
Maldives,rural,11_20,2019,0.07822290127746157
Maldives,rural,11_20,2020,0.08038041237447502
Maldives,rural,11_20,2025,0.07752880999023554
Maldives,rural,11_20,2030,0.07640407036182699
Maldives,rural,11_20,2035,0.07545341284133891
Maldives,rural,11_20,2040,0.074677635422998
Maldives,rural,11_20,2045,0.07406564328687648
Maldives,rural,11_20,2050,0.07357156266236316
Maldives,rural,11_20,2055,0.07314415188009876
Maldives,rural,11_20,2060,0.07275725238929207
Maldives,rural,11_20,2065,0.07241038524792853
Maldives,rural,11_20,2070,0.0721230956828527
Maldives,rural,11_20,2075,0.07188567777338453
Maldives,rural,11_20,2080,0.07166978709883672
Maldives,rural,11_20,2085,0.07140999608061958
Maldives,rural,11_20,2090,0.07111681140680322
Maldives,rural,11_20,2095,0.07085581086876247
Maldives,rural,11_20,2100,0.0706585130678205
Maldives,rural,21_30,2011,0.0462193616190824
Maldives,rural,21_30,2012,0.04630143003710378
Maldives,rural,21_30,2013,0.046168527659878576
Maldives,rural,21_30,2014,0.04610352360224085
Maldives,rural,21_30,2015,0.046157095383323764
Maldives,rural,21_30,2016,0.04604152765986472
Maldives,rural,21_30,2017,0.0459638891322604
Maldives,rural,21_30,2018,0.04585545041205175
Maldives,rural,21_30,2019,0.04571108521245971
Maldives,rural,21_30,2020,0.04697186910044911
Maldives,rural,21_30,2025,0.04530547936740066
Maldives,rural,21_30,2030,0.04464821572521424
Maldives,rural,21_30,2035,0.04409268037409301
Maldives,rural,21_30,2040,0.04363933963760078
Maldives,rural,21_30,2045,0.043281710040299376
Maldives,rural,21_30,2050,0.04299298434539267
Maldives,rural,21_30,2055,0.04274321847926209
Maldives,rural,21_30,2060,0.0425171261801515
Maldives,rural,21_30,2065,0.04231442756890938
Maldives,rural,21_30,2070,0.04214654428184936
Maldives,rural,21_30,2075,0.04200780447402545
Maldives,rural,21_30,2080,0.04188164452777357
Maldives,rural,21_30,2085,0.0417298305554302
Maldives,rural,21_30,2090,0.04155850234605747
Maldives,rural,21_30,2095,0.04140598156710349
Maldives,rural,21_30,2100,0.04129068673088796
Maldives,rural,31_50,2011,0.0461113884100324
Maldives,rural,31_50,2012,0.04619326510774124
Maldives,rural,31_50,2013,0.046060673204214864
Maldives,rural,31_50,2014,0.045995821002778915
Maldives,rural,31_50,2015,0.04604926763464048
Maldives,rural,31_50,2016,0.0459339698893362
Maldives,rural,31_50,2017,0.04585651273336225
Maldives,rural,31_50,2018,0.04574832733721945
Maldives,rural,31_50,2019,0.04560429938966484
Maldives,rural,31_50,2020,0.04686213795609341
Maldives,rural,31_50,2025,0.04519964108181025
Maldives,rural,31_50,2030,0.04454391287547047
Maldives,rural,31_50,2035,0.04398967531238655
Maldives,rural,31_50,2040,0.04353739362674222
Maldives,rural,31_50,2045,0.043180599489168504
Maldives,rural,31_50,2050,0.04289254828734699
Maldives,rural,31_50,2055,0.042643365900112105
Maldives,rural,31_50,2060,0.04241780177599618
Maldives,rural,31_50,2065,0.04221557668967433
Maldives,rural,31_50,2070,0.04204808559533647
Maldives,rural,31_50,2075,0.04190966989805301
Maldives,rural,31_50,2080,0.041783804674483865
Maldives,rural,31_50,2085,0.04163234535528147
Maldives,rural,31_50,2090,0.04146141738632572
Maldives,rural,31_50,2095,0.04130925291168608
Maldives,rural,31_50,2100,0.04119422741613248
Maldives,rural,51+,2011,0.0228571795411535
Maldives,rural,51+,2012,0.02289776540170331
Maldives,rural,51+,2013,0.022832040272855392
Maldives,rural,51+,2014,0.022799893368089064
Maldives,rural,51+,2015,0.022826386590315786
Maldives,rural,51+,2016,0.02276923408730122
Maldives,rural,51+,2017,0.022730838970999354
Maldives,rural,51+,2018,0.022677212023110085
Maldives,rural,51+,2019,0.022605818105691556
Maldives,rural,51+,2020,0.023229322253755545
Maldives,rural,51+,2025,0.022405231050858062
Maldives,rural,51+,2030,0.02208018993066386
Maldives,rural,51+,2035,0.021805457203572423
Maldives,rural,51+,2040,0.021581263483790636
Maldives,rural,51+,2045,0.021404402453512505
Maldives,rural,51+,2050,0.021261616945114175
Maldives,rural,51+,2055,0.021138098509432417
Maldives,rural,51+,2060,0.021026287526056366
Maldives,rural,51+,2065,0.020926045584419708
Maldives,rural,51+,2070,0.020843021105070223
Maldives,rural,51+,2075,0.020774409151424658
Maldives,rural,51+,2080,0.020712018403448794
Maldives,rural,51+,2085,0.020636940793089163
Maldives,rural,51+,2090,0.020552212672558832
Maldives,rural,51+,2095,0.020476785520253286
Maldives,rural,51+,2100,0.02041976797004856
Nepal,large_city,No_travel,2011,0.0
Nepal,large_city,No_travel,2012,0.0
Nepal,large_city,No_travel,2013,0.0
Nepal,large_city,No_travel,2014,0.0
Nepal,large_city,No_travel,2015,0.0
Nepal,large_city,No_travel,2016,0.0
Nepal,large_city,No_travel,2017,0.0
Nepal,large_city,No_travel,2018,0.0
Nepal,large_city,No_travel,2019,0.0
Nepal,large_city,No_travel,2020,0.0
Nepal,large_city,No_travel,2025,0.0
Nepal,large_city,No_travel,2030,0.0
Nepal,large_city,No_travel,2035,0.0
Nepal,large_city,No_travel,2040,0.0
Nepal,large_city,No_travel,2045,0.0
Nepal,large_city,No_travel,2050,0.0
Nepal,large_city,No_travel,2055,0.0
Nepal,large_city,No_travel,2060,0.0
Nepal,large_city,No_travel,2065,0.0
Nepal,large_city,No_travel,2070,0.0
Nepal,large_city,No_travel,2075,0.0
Nepal,large_city,No_travel,2080,0.0
Nepal,large_city,No_travel,2085,0.0
Nepal,large_city,No_travel,2090,0.0
Nepal,large_city,No_travel,2095,0.0
Nepal,large_city,No_travel,2100,0.0
Nepal,large_city,00_01,2011,0.0204991553484746
Nepal,large_city,00_01,2012,0.02042878852121991
Nepal,large_city,00_01,2013,0.020375475213000146
Nepal,large_city,00_01,2014,0.020285062998504515
Nepal,large_city,00_01,2015,0.02023019145494324
Nepal,large_city,00_01,2016,0.020237875695063547
Nepal,large_city,00_01,2017,0.020115465386601493
Nepal,large_city,00_01,2018,0.02001344542800777
Nepal,large_city,00_01,2019,0.019925133014600298
Nepal,large_city,00_01,2020,0.01999453217222167
Nepal,large_city,00_01,2025,0.019728737754055446
Nepal,large_city,00_01,2030,0.019393974107025154
Nepal,large_city,00_01,2035,0.019025661575760244
Nepal,large_city,00_01,2040,0.018631232322946154
Nepal,large_city,00_01,2045,0.01823109109746559
Nepal,large_city,00_01,2050,0.017837521943010616
Nepal,large_city,00_01,2055,0.01745610313227849
Nepal,large_city,00_01,2060,0.01708765589411262
Nepal,large_city,00_01,2065,0.016734245109855907
Nepal,large_city,00_01,2070,0.016397955738013018
Nepal,large_city,00_01,2075,0.016081441430185257
Nepal,large_city,00_01,2080,0.015790456811857197
Nepal,large_city,00_01,2085,0.015522705636475734
Nepal,large_city,00_01,2090,0.015277602138030002
Nepal,large_city,00_01,2095,0.015049047302143799
Nepal,large_city,00_01,2100,0.014838165119613719
Nepal,large_city,02_05,2011,0.0599141683583879
Nepal,large_city,02_05,2012,0.059708502814451385
Nepal,large_city,02_05,2013,0.05955268066128841
Nepal,large_city,02_05,2014,0.059288427205530826
Nepal,large_city,02_05,2015,0.05912805070010279
Nepal,large_city,02_05,2016,0.05915050991115066
Nepal,large_city,02_05,2017,0.05879273361718528
Nepal,large_city,02_05,2018,0.05849455347897022
Nepal,large_city,02_05,2019,0.05823643724368716
Nepal,large_city,02_05,2020,0.0584392745188321
Nepal,large_city,02_05,2025,0.057662420485189395
Nepal,large_city,02_05,2030,0.05668398575617343
Nepal,large_city,02_05,2035,0.055607495596867826
Nepal,large_city,02_05,2040,0.05445467245577508
Nepal,large_city,02_05,2045,0.05328515457354886
Nepal,large_city,02_05,2050,0.052134845295930834
Nepal,large_city,02_05,2055,0.051020048590760196
Nepal,large_city,02_05,2060,0.0499431647151377
Nepal,large_city,02_05,2065,0.048910228827406
Nepal,large_city,02_05,2070,0.047927334766688964
Nepal,large_city,02_05,2075,0.047002238527128926
Nepal,large_city,02_05,2080,0.046151759513928706
Nepal,large_city,02_05,2085,0.04536918634311974
Nepal,large_city,02_05,2090,0.04465280695960528
Nepal,large_city,02_05,2095,0.04398479539114675
Nepal,large_city,02_05,2100,0.04336843679621411
Nepal,large_city,06_10,2011,0.0468854192381946
Nepal,large_city,06_10,2012,0.046724477085202755
Nepal,large_city,06_10,2013,0.046602539533905314
Nepal,large_city,06_10,2014,0.04639574981458175
Nepal,large_city,06_10,2015,0.046270248286329335
Nepal,large_city,06_10,2016,0.04628782358704017
Nepal,large_city,06_10,2017,0.04600784821567702
Nepal,large_city,06_10,2018,0.045774509404978854
Nepal,large_city,06_10,2019,0.045572522325210994
Nepal,large_city,06_10,2020,0.04573125123596574
Nepal,large_city,06_10,2025,0.04512332946967586
Nepal,large_city,06_10,2030,0.04435766212046528
Nepal,large_city,06_10,2035,0.04351526217054145
Nepal,large_city,06_10,2040,0.04261312837216655
Nepal,large_city,06_10,2045,0.04169793021925644
Nepal,large_city,06_10,2050,0.040797763627406294
Nepal,large_city,06_10,2055,0.039925387154204926
Nepal,large_city,06_10,2060,0.03908267910429265
Nepal,large_city,06_10,2065,0.038274362249207786
Nepal,large_city,06_10,2070,0.03750520528072926
Nepal,large_city,06_10,2075,0.03678127759858231
Nepal,large_city,06_10,2080,0.03611574111230985
Nepal,large_city,06_10,2085,0.035503343874673736
Nepal,large_city,06_10,2090,0.034942746128765564
Nepal,large_city,06_10,2095,0.0344199982829506
Nepal,large_city,06_10,2100,0.03393767111533274
Nepal,large_city,11_20,2011,0.0406330553046253
Nepal,large_city,11_20,2012,0.04049357545119497
Nepal,large_city,11_20,2013,0.04038789877503243
Nepal,large_city,11_20,2014,0.04020868531724047
Nepal,large_city,11_20,2015,0.04009991993514187
Nepal,large_city,11_20,2016,0.04011515149705136
Nepal,large_city,11_20,2017,0.03987251199561624
Nepal,large_city,11_20,2018,0.03967028987722916
Nepal,large_city,11_20,2019,0.03949523860720999
Nepal,large_city,11_20,2020,0.0396328003633793
Nepal,large_city,11_20,2025,0.03910594747069109
Nepal,large_city,11_20,2030,0.03844238501884733
Nepal,large_city,11_20,2035,0.03771232257491414
Nepal,large_city,11_20,2040,0.036930492037464714
Nepal,large_city,11_20,2045,0.036137339331013214
Nepal,large_city,11_20,2050,0.03535721366498896
Nepal,large_city,11_20,2055,0.03460117219073104
Nepal,large_city,11_20,2060,0.03387084273321296
Nepal,large_city,11_20,2065,0.033170318262919475
Nepal,large_city,11_20,2070,0.032503731546922585
Nepal,large_city,11_20,2075,0.03187634260547395
Nepal,large_city,11_20,2080,0.031299558153220934
Nepal,large_city,11_20,2085,0.030768826611739984
Nepal,large_city,11_20,2090,0.03028298688622936
Nepal,large_city,11_20,2095,0.02982994962060394
Nepal,large_city,11_20,2100,0.02941194276910981
Nepal,large_city,21_30,2011,0.0412215199580625
Nepal,large_city,21_30,2012,0.04108002009990954
Nepal,large_city,21_30,2013,0.040972812970569206
Nepal,large_city,21_30,2014,0.04079100406962043
Nepal,large_city,21_30,2015,0.0406806635024317
Nepal,large_city,21_30,2016,0.040696115654098294
Nepal,large_city,21_30,2017,0.0404499621474019
Nepal,large_city,21_30,2018,0.040244811364952476
Nepal,large_city,21_30,2019,0.04006722493029522
Nepal,large_city,21_30,2020,0.040206778912512106
Nepal,large_city,21_30,2025,0.03967229591909473
Nepal,large_city,21_30,2030,0.0389991234823426
Nepal,large_city,21_30,2035,0.038258487973208286
Nepal,large_city,21_30,2040,0.03746533464369173
Nepal,large_city,21_30,2045,0.03666069517285528
Nepal,large_city,21_30,2050,0.03586927140541451
Nepal,large_city,21_30,2055,0.035102280626931305
Nepal,large_city,21_30,2060,0.03436137423721132
Nepal,large_city,21_30,2065,0.03365070448282475
Nepal,large_city,21_30,2070,0.0329744639832796
Nepal,large_city,21_30,2075,0.032337988936608705
Nepal,large_city,21_30,2080,0.0317528512542021
Nepal,large_city,21_30,2085,0.031214433439801615
Nepal,large_city,21_30,2090,0.030721557583152065
Nepal,large_city,21_30,2095,0.030261959245130986
Nepal,large_city,21_30,2100,0.029837898646136094
Nepal,large_city,31_50,2011,0.0600379215385309
Nepal,large_city,31_50,2012,0.05983183119081583
Nepal,large_city,31_50,2013,0.0596756871857851
Nepal,large_city,31_50,2014,0.059410887912462
Nepal,large_city,31_50,2015,0.059250180148116234
Nepal,large_city,31_50,2016,0.059272685748838976
Nepal,large_city,31_50,2017,0.058914170465159295
Nepal,large_city,31_50,2018,0.05861537443355257
Nepal,large_city,31_50,2019,0.05835672505718054
Nepal,large_city,31_50,2020,0.05855998129429288
Nepal,large_city,31_50,2025,0.057781522662609275
Nepal,large_city,31_50,2030,0.05680106696906028
Nepal,large_city,31_50,2035,0.05572235331096872
Nepal,large_city,31_50,2040,0.05456714900472319
Nepal,large_city,31_50,2045,0.05339521547422671
Nepal,large_city,31_50,2050,0.05224253022386044
Nepal,large_city,31_50,2055,0.05112543089743579
Nepal,large_city,31_50,2060,0.05004632270980323
Nepal,large_city,31_50,2065,0.04901125328497182
Nepal,large_city,31_50,2070,0.04802632904893749
Nepal,large_city,31_50,2075,0.04709932201590872
Nepal,large_city,31_50,2080,0.04624708633170042
Nepal,large_city,31_50,2085,0.04546289674992831
Nepal,large_city,31_50,2090,0.04474503767923253
Nepal,large_city,31_50,2095,0.0440756463276904
Nepal,large_city,31_50,2100,0.043458014639292206
Nepal,large_city,51+,2011,0.0683410685329549
Nepal,large_city,51+,2012,0.0681064762250227
Nepal,large_city,51+,2013,0.06792873775781133
Nepal,large_city,51+,2014,0.0676273171752544
Nepal,large_city,51+,2015,0.06744438378823028
Nepal,large_city,51+,2016,0.0674700018769641
Nepal,large_city,51+,2017,0.06706190451209545
Nepal,large_city,51+,2018,0.0667217854748249
Nepal,large_city,51+,2019,0.06642736530997455
Nepal,large_city,51+,2020,0.06665873155441274
Nepal,large_city,51+,2025,0.06577261335886835
Nepal,large_city,51+,2030,0.06465656223602334
Nepal,large_city,51+,2035,0.06342866423179683
Nepal,large_city,51+,2040,0.0621136970470647
Nepal,large_city,51+,2045,0.06077968701355067
Nepal,large_city,51+,2050,0.05946758726603275
Nepal,large_city,51+,2055,0.05819599491791475
Nepal,large_city,51+,2060,0.05696764782135278
Nepal,large_city,51+,2065,0.05578942997692971
Nepal,large_city,51+,2070,0.05466829231943449
Nepal,large_city,51+,2075,0.05361308172001205
Nepal,large_city,51+,2080,0.05264298322545757
Nepal,large_city,51+,2085,0.05175034149873952
Nepal,large_city,51+,2090,0.05093320368500061
Nepal,large_city,51+,2095,0.050171236597220115
Nepal,large_city,51+,2100,0.04946818744989318
Nepal,city,No_travel,2011,0.0
Nepal,city,No_travel,2012,0.0
Nepal,city,No_travel,2013,0.0
Nepal,city,No_travel,2014,0.0
Nepal,city,No_travel,2015,0.0
Nepal,city,No_travel,2016,0.0
Nepal,city,No_travel,2017,0.0
Nepal,city,No_travel,2018,0.0
Nepal,city,No_travel,2019,0.0
Nepal,city,No_travel,2020,0.0
Nepal,city,No_travel,2025,0.0
Nepal,city,No_travel,2030,0.0
Nepal,city,No_travel,2035,0.0
Nepal,city,No_travel,2040,0.0
Nepal,city,No_travel,2045,0.0
Nepal,city,No_travel,2050,0.0
Nepal,city,No_travel,2055,0.0
Nepal,city,No_travel,2060,0.0
Nepal,city,No_travel,2065,0.0
Nepal,city,No_travel,2070,0.0
Nepal,city,No_travel,2075,0.0
Nepal,city,No_travel,2080,0.0
Nepal,city,No_travel,2085,0.0
Nepal,city,No_travel,2090,0.0
Nepal,city,No_travel,2095,0.0
Nepal,city,No_travel,2100,0.0
Nepal,city,00_01,2011,0.0195275670690455
Nepal,city,00_01,2012,0.019460535383334893
Nepal,city,00_01,2013,0.019409748939491895
Nepal,city,00_01,2014,0.019323621947798273
Nepal,city,00_01,2015,0.019271351123519916
Nepal,city,00_01,2016,0.01927867115752976
Nepal,city,00_01,2017,0.019162062669628666
Nepal,city,00_01,2018,0.019064878100315742
Nepal,city,00_01,2019,0.018980751386481556
Nepal,city,00_01,2020,0.019046861266715596
Nepal,city,00_01,2025,0.01879366457450627
Nepal,city,00_01,2030,0.018474767553700543
Nepal,city,00_01,2035,0.01812391174845486
Nepal,city,00_01,2040,0.017748177062933104
Nepal,city,00_01,2045,0.017367001132274906
Nepal,city,00_01,2050,0.016992085779457756
Nepal,city,00_01,2055,0.01662874488655987
Nepal,city,00_01,2060,0.016277760759049274
Nepal,city,00_01,2065,0.015941100410113946
Nepal,city,00_01,2070,0.015620749978516387
Nepal,city,00_01,2075,0.015319237342051636
Nepal,city,00_01,2080,0.015042044377079808
Nepal,city,00_01,2085,0.014786983671104603
Nepal,city,00_01,2090,0.014553497221375694
Nepal,city,00_01,2095,0.014335775085470489
Nepal,city,00_01,2100,0.014134887980952335
Nepal,city,02_05,2011,0.0495217408664981
Nepal,city,02_05,2012,0.0493517490924144
Nepal,city,02_05,2013,0.04922295511093012
Nepal,city,02_05,2014,0.049004537806348246
Nepal,city,02_05,2015,0.04887197944894312
Nepal,city,02_05,2016,0.04889054299175866
Nepal,city,02_05,2017,0.048594824876939016
Nepal,city,02_05,2018,0.04834836565133657
Nepal,city,02_05,2019,0.04813502103407236
Nepal,city,02_05,2020,0.04830267511745559
Nepal,city,02_05,2025,0.047660570500146625
Nepal,city,02_05,2030,0.04685185041885842
Nepal,city,02_05,2035,0.04596208313717663
Nepal,city,02_05,2040,0.04500922323070837
Nepal,city,02_05,2045,0.04404256437372644
Nepal,city,02_05,2050,0.04309178228789693
Nepal,city,02_05,2055,0.042170352932121555
Nepal,city,02_05,2060,0.04128026022628795
Nepal,city,02_05,2065,0.04042649249879526
Nepal,city,02_05,2070,0.03961408658033383
Nepal,city,02_05,2075,0.038849453147085974
Nepal,city,02_05,2080,0.03814649418999649
Nepal,city,02_05,2085,0.03749966244993029
Nepal,city,02_05,2090,0.03690754283674804
Nepal,city,02_05,2095,0.03635540138681343
Nepal,city,02_05,2100,0.03584595343058857
Nepal,city,06_10,2011,0.0572198770303753
Nepal,city,06_10,2012,0.05702346009835617
Nepal,city,06_10,2013,0.05687464514044403
Nepal,city,06_10,2014,0.0566222749472561
Nepal,city,06_10,2015,0.056469110442589
Nepal,city,06_10,2016,0.05649055968121769
Nepal,city,06_10,2017,0.056148872295645955
Nepal,city,06_10,2018,0.05586410107526437
Nepal,city,06_10,2019,0.05561759211674734
Nepal,city,06_10,2020,0.05581130796491775
Nepal,city,06_10,2025,0.05506938842412246
Nepal,city,06_10,2030,0.05413495310756008
Nepal,city,06_10,2035,0.05310687183350443
Nepal,city,06_10,2040,0.05200589020965014
Nepal,city,06_10,2045,0.050888964593566864
Nepal,city,06_10,2050,0.04979038378679533
Nepal,city,06_10,2055,0.04872571858102683
Nepal,city,06_10,2060,0.04769726129575623
Nepal,city,06_10,2065,0.046710775693173466
Nepal,city,06_10,2070,0.045772081577422775
Nepal,city,06_10,2075,0.04488858616191014
Nepal,city,06_10,2080,0.04407635249689226
Nepal,city,06_10,2085,0.043328971003868656
Nepal,city,06_10,2090,0.042644806617465135
Nepal,city,06_10,2095,0.042006834984888615
Nepal,city,06_10,2100,0.04141819353370968
Nepal,city,11_20,2011,0.0736255863590152
Nepal,city,11_20,2012,0.0733728540474258
Nepal,city,11_20,2013,0.07318137183697895
Nepal,city,11_20,2014,0.07285664371071725
Nepal,city,11_20,2015,0.07265956487988515
Nepal,city,11_20,2016,0.07268716390408704
Nepal,city,11_20,2017,0.0722475101435443
Nepal,city,11_20,2018,0.07188109117924565
Nepal,city,11_20,2019,0.07156390478256863
Nepal,city,11_20,2020,0.07181316157319419
Nepal,city,11_20,2025,0.07085852370857126
Nepal,city,11_20,2030,0.06965617320264557
Nepal,city,11_20,2035,0.06833332718207673
Nepal,city,11_20,2040,0.06691667929966792
Nepal,city,11_20,2045,0.06547951606773926
Nepal,city,11_20,2050,0.06406595734900282
Nepal,city,11_20,2055,0.06269603829082071
Nepal,city,11_20,2060,0.061372708451557824
Nepal,city,11_20,2065,0.06010338414164492
Nepal,city,11_20,2070,0.058895553781450095
Nepal,city,11_20,2075,0.05775874833221627
Nepal,city,11_20,2080,0.05671363633703097
Nepal,city,11_20,2085,0.05575197050491937
Nepal,city,11_20,2090,0.05487164697524497
Nepal,city,11_20,2095,0.05405076028400078
Nepal,city,11_20,2100,0.053293347401493815
Nepal,city,21_30,2011,0.0391220097897899
Nepal,city,21_30,2012,0.03898771685635256
Nepal,city,21_30,2013,0.03888597004139147
Nepal,city,21_30,2014,0.03871342110069193
Nepal,city,21_30,2015,0.0386087004413334
Nepal,city,21_30,2016,0.03862336557812091
Nepal,city,21_30,2017,0.03838974925566205
Nepal,city,21_30,2018,0.038195047291068436
Nepal,city,21_30,2019,0.038026505756397634
Nepal,city,21_30,2020,0.038158951921993846
Nepal,city,21_30,2025,0.03765169142014374
Nepal,city,21_30,2030,0.03701280525855565
Nepal,city,21_30,2035,0.036309892079505066
Nepal,city,21_30,2040,0.035557135937719905
Nepal,city,21_30,2045,0.03479347867114311
Nepal,city,21_30,2050,0.03404236400071878
Nepal,city,21_30,2055,0.03331443788894448
Nepal,city,21_30,2060,0.03261126762590148
Nepal,city,21_30,2065,0.031936793974354796
Nepal,city,21_30,2070,0.031294996013717415
Nepal,city,21_30,2075,0.030690938156749784
Nepal,city,21_30,2080,0.030135602929839776
Nepal,city,21_30,2085,0.02962460801680884
Nepal,city,21_30,2090,0.029156835501175937
Nepal,city,21_30,2095,0.028720645600907233
Nepal,city,21_30,2100,0.028318183417993532
Nepal,city,31_50,2011,0.0678243479409768
Nepal,city,31_50,2012,0.06759152936410896
Nepal,city,31_50,2013,0.06741513476125274
Nepal,city,31_50,2014,0.06711599319225527
Nepal,city,31_50,2015,0.06693444294790164
Nepal,city,31_50,2016,0.06695986734060086
Nepal,city,31_50,2017,0.06655485556272238
Nepal,city,31_50,2018,0.06621730813450118
Nepal,city,31_50,2019,0.06592511405368986
Nepal,city,31_50,2020,0.06615473095903582
Nepal,city,31_50,2025,0.06527531262242534
Nepal,city,31_50,2030,0.06416769986042621
Nepal,city,31_50,2035,0.06294908588112429
Nepal,city,31_50,2040,0.061644061043456856
Nepal,city,31_50,2045,0.060320137338251985
Nepal,city,31_50,2050,0.059017958257367255
Nepal,city,31_50,2055,0.057755980303126606
Nepal,city,31_50,2060,0.05653692062703544
Nepal,city,31_50,2065,0.05536761118037551
Nepal,city,31_50,2070,0.05425495034255118
Nepal,city,31_50,2075,0.053207718094320774
Nepal,city,31_50,2080,0.05224495442608879
Nepal,city,31_50,2085,0.05135906188212945
Nepal,city,31_50,2090,0.050548102372943084
Nepal,city,31_50,2095,0.04979189644888329
Nepal,city,31_50,2100,0.04909416299209785
Nepal,city,51+,2011,0.0385852189262921
Nepal,city,51+,2012,0.03845276861852989
Nepal,city,51+,2013,0.03835241786580985
Nepal,city,51+,2014,0.03818223645927768
Nepal,city,51+,2015,0.038078952666109445
Nepal,city,51+,2016,0.03809341658339208
Nepal,city,51+,2017,0.03786300569716038
Nepal,city,51+,2018,0.03767097522711065
Nepal,city,51+,2019,0.03750474624121782
Nepal,city,51+,2020,0.037635375120535046
Nepal,city,51+,2025,0.03713507471107972
Nepal,city,51+,2030,0.03650495467005135
Nepal,city,51+,2035,0.03581168612261284
Nepal,city,51+,2040,0.03506925850488672
Nepal,city,51+,2045,0.03431607933608008
Nepal,city,51+,2050,0.033575270667179934
Nepal,city,51+,2055,0.03285733238804005
Nepal,city,51+,2060,0.032163810284043914
Nepal,city,51+,2065,0.03149859104697556
Nepal,city,51+,2070,0.030865599159526462
Nepal,city,51+,2075,0.03026982954593862
Nepal,city,51+,2080,0.029722114041982148
Nepal,city,51+,2085,0.02921813046098867
Nepal,city,51+,2090,0.028756776225345376
Nepal,city,51+,2095,0.028326571261803397
Nepal,city,51+,2100,0.027929631239531554
Nepal,town,No_travel,2011,0.0
Nepal,town,No_travel,2012,0.0
Nepal,town,No_travel,2013,0.0
Nepal,town,No_travel,2014,0.0
Nepal,town,No_travel,2015,0.0
Nepal,town,No_travel,2016,0.0
Nepal,town,No_travel,2017,0.0
Nepal,town,No_travel,2018,0.0
Nepal,town,No_travel,2019,0.0
Nepal,town,No_travel,2020,0.0
Nepal,town,No_travel,2025,0.0
Nepal,town,No_travel,2030,0.0
Nepal,town,No_travel,2035,0.0
Nepal,town,No_travel,2040,0.0
Nepal,town,No_travel,2045,0.0
Nepal,town,No_travel,2050,0.0
Nepal,town,No_travel,2055,0.0
Nepal,town,No_travel,2060,0.0
Nepal,town,No_travel,2065,0.0
Nepal,town,No_travel,2070,0.0
Nepal,town,No_travel,2075,0.0
Nepal,town,No_travel,2080,0.0
Nepal,town,No_travel,2085,0.0
Nepal,town,No_travel,2090,0.0
Nepal,town,No_travel,2095,0.0
Nepal,town,No_travel,2100,0.0
Nepal,town,00_01,2011,0.0129968328827312
Nepal,town,00_01,2012,0.012952219049684403
Nepal,town,00_01,2013,0.012918417454175766
Nepal,town,00_01,2014,0.012861094485381112
Nepal,town,00_01,2015,0.0128263049406628
Nepal,town,00_01,2016,0.012831176886993107
Nepal,town,00_01,2017,0.01275356655158369
Nepal,town,00_01,2018,0.012688884064427239
Nepal,town,00_01,2019,0.012632892407258156
Nepal,town,00_01,2020,0.01267689272036737
Nepal,town,00_01,2025,0.012508374282639338
Nepal,town,00_01,2030,0.012296128114360502
Nepal,town,00_01,2035,0.012062611350567503
Nepal,town,00_01,2040,0.011812536115966837
Nepal,town,00_01,2045,0.011558839388045354
Nepal,town,00_01,2050,0.01130930947126126
Nepal,town,00_01,2055,0.011067483090752154
Nepal,town,00_01,2060,0.010833880920363118
Nepal,town,00_01,2065,0.010609812131973683
Nepal,town,00_01,2070,0.01039659862674475
Nepal,town,00_01,2075,0.010195922867480512
Nepal,town,00_01,2080,0.010011433390154973
Nepal,town,00_01,2085,0.009841674333187451
Nepal,town,00_01,2090,0.009686274310400221
Nepal,town,00_01,2095,0.00954136643707294
Nepal,town,00_01,2100,0.009407663343569966
Nepal,town,02_05,2011,0.0454311662241691
Nepal,town,02_05,2012,0.045275216041279584
Nepal,town,02_05,2013,0.0451570606477271
Nepal,town,02_05,2014,0.04495668496025996
Nepal,town,02_05,2015,0.04483507613423121
Nepal,town,02_05,2016,0.04485210629885397
Nepal,town,02_05,2017,0.04458081497115031
Nepal,town,02_05,2018,0.04435471366998625
Nepal,town,02_05,2019,0.044158991657787784
Nepal,town,02_05,2020,0.04431279724695068
Nepal,town,02_05,2025,0.04372373149336759
Nepal,town,02_05,2030,0.04298181297840917
Nepal,town,02_05,2035,0.04216554189085015
Nepal,town,02_05,2040,0.04129138972976585
Nepal,town,02_05,2045,0.040404578433450515
Nepal,town,02_05,2050,0.03953233246171198
Nepal,town,02_05,2055,0.03868701463779073
Nepal,town,02_05,2060,0.03787044500663297
Nepal,town,02_05,2065,0.03708719985276981
Nepal,town,02_05,2070,0.03634189995665713
Nepal,town,02_05,2075,0.03564042646241773
Nepal,town,02_05,2080,0.03499553303441011
Nepal,town,02_05,2085,0.034402130625935896
Nepal,town,02_05,2090,0.03385892103555431
Nepal,town,02_05,2095,0.0333523873484843
Nepal,town,02_05,2100,0.03288502060456855
Nepal,town,06_10,2011,0.0569320146292085
Nepal,town,06_10,2012,0.05673658583370093
Nepal,town,06_10,2013,0.05658851953575343
Nepal,town,06_10,2014,0.0563374189693729
Nepal,town,06_10,2015,0.0561850250064192
Nepal,town,06_10,2016,0.056206366337976855
Nepal,town,06_10,2017,0.05586639791714891
Nepal,town,06_10,2018,0.05558305932702689
Nepal,town,06_10,2019,0.055337790508551934
Nepal,town,06_10,2020,0.05553053180885379
Nepal,town,06_10,2025,0.05479234472523196
Nepal,town,06_10,2030,0.05386261037637382
Nepal,town,06_10,2035,0.05283970118515902
Nepal,town,06_10,2040,0.051744258392045564
Nepal,town,06_10,2045,0.050632951817918645
Nepal,town,06_10,2050,0.04953989776383036
Nepal,town,06_10,2055,0.04848058868775799
Nepal,town,06_10,2060,0.04745730537696969
Nepal,town,06_10,2065,0.04647578259725572
Nepal,town,06_10,2070,0.045541810874424146
Nepal,town,06_10,2075,0.04466276015758841
Nepal,town,06_10,2080,0.04385461268683125
Nepal,town,06_10,2085,0.04311099112903182
Nepal,town,06_10,2090,0.04243026864452121
Nepal,town,06_10,2095,0.04179550652681191
Nepal,town,06_10,2100,0.041209826419668596
Nepal,town,11_20,2011,0.0621547171877937
Nepal,town,11_20,2012,0.06194136058001801
Nepal,town,11_20,2013,0.06177971130528377
Nepal,town,11_20,2014,0.061505575833515846
Nepal,town,11_20,2015,0.06133920189206647
Nepal,town,11_20,2016,0.06136250098724194
Nepal,town,11_20,2017,0.06099134529941036
Nepal,town,11_20,2018,0.060682014423766494
Nepal,town,11_20,2019,0.060414245679825465
Nepal,town,11_20,2020,0.06062466825293644
Nepal,town,11_20,2025,0.05981876300414066
Nepal,town,11_20,2030,0.05880373875303314
Nepal,town,11_20,2035,0.05768699219307332
Nepal,town,11_20,2040,0.056491058104936515
Nepal,town,11_20,2045,0.055277804959519845
Nepal,town,11_20,2050,0.05408447874323708
Nepal,town,11_20,2055,0.05292799312672489
Nepal,town,11_20,2060,0.05181083812704206
Nepal,town,11_20,2065,0.05073927459317056
Nepal,town,11_20,2070,0.049719624249298655
Nepal,town,11_20,2075,0.04875993313254303
Nepal,town,11_20,2080,0.04787764962618751
Nepal,town,11_20,2085,0.04706581136750664
Nepal,town,11_20,2090,0.046322642277431575
Nepal,town,11_20,2095,0.045629649764085574
Nepal,town,11_20,2100,0.04499024183764741
Nepal,town,21_30,2011,0.0318021562733665
Nepal,town,21_30,2012,0.03169298997852298
Nepal,town,21_30,2013,0.03161028031899639
Nepal,town,21_30,2014,0.03147001583855646
Nepal,town,21_30,2015,0.031384888750457855
Nepal,town,21_30,2016,0.03139680999311366
Nepal,town,21_30,2017,0.031206904033916613
Nepal,town,21_30,2018,0.031048631431409537
Nepal,town,21_30,2019,0.03091162455847652
Nepal,town,21_30,2020,0.031019289621665534
Nepal,town,21_30,2025,0.030606939186761408
Nepal,town,21_30,2030,0.03008759067524863
Nepal,town,21_30,2035,0.029516194806608734
Nepal,town,21_30,2040,0.028904281753434357
Nepal,town,21_30,2045,0.028283507210882474
Nepal,town,21_30,2050,0.027672928504512258
Nepal,town,21_30,2055,0.027081199703090825
Nepal,town,21_30,2060,0.026509594851698095
Nepal,town,21_30,2065,0.025961317383745672
Nepal,town,21_30,2070,0.02543960188012539
Nepal,town,21_30,2075,0.024948565185725986
Nepal,town,21_30,2080,0.02449713496102146
Nepal,town,21_30,2085,0.024081748835246646
Nepal,town,21_30,2090,0.023701498057679852
Nepal,town,21_30,2095,0.023346920686840644
Nepal,town,21_30,2100,0.02301976046925688
Nepal,town,31_50,2011,0.0457355874252065
Nepal,town,31_50,2012,0.045578592264916604
Nepal,town,31_50,2013,0.04545964514599575
Nepal,town,31_50,2014,0.045257926798577146
Nepal,town,31_50,2015,0.04513550310672053
Nepal,town,31_50,2016,0.045152647385586865
Nepal,town,31_50,2017,0.044879538212587236
Nepal,town,31_50,2018,0.044651921871520464
Nepal,town,31_50,2019,0.04445488838231238
Nepal,town,31_50,2020,0.04460972457856884
Nepal,town,31_50,2025,0.04401671166449881
Nepal,town,31_50,2030,0.043269821766585316
Nepal,town,31_50,2035,0.04244808108082975
Nepal,town,31_50,2040,0.041568071477093564
Nepal,town,31_50,2045,0.040675317912895734
Nepal,town,31_50,2050,0.03979722727133282
Nepal,town,31_50,2055,0.03894624521537433
Nepal,town,31_50,2060,0.038124203985565076
Nepal,town,31_50,2065,0.03733571053080493
Nepal,town,31_50,2070,0.036585416594072905
Nepal,town,31_50,2075,0.035879242727350026
Nepal,town,31_50,2080,0.03523002805363794
Nepal,town,31_50,2085,0.03463264942599746
Nepal,town,31_50,2090,0.03408579994411269
Nepal,town,31_50,2095,0.0335758721202375
Nepal,town,31_50,2100,0.03310537368595735
Nepal,town,51+,2011,0.0299585707997298
Nepal,town,51+,2012,0.029855732924684433
Nepal,town,51+,2013,0.02977781798176516
Nepal,town,51+,2014,0.02964568469709647
Nepal,town,51+,2015,0.029565492465039787
Nepal,town,51+,2016,0.02957672262783298
Nepal,town,51+,2017,0.029397825603524604
Nepal,town,51+,2018,0.029248728135821234
Nepal,town,51+,2019,0.029119663613669612
Nepal,town,51+,2020,0.029221087284142758
Nepal,town,51+,2025,0.028832640991627672
Nepal,town,51+,2030,0.028343399349704163
Nepal,town,51+,2035,0.027805127559635087
Nepal,town,51+,2040,0.027228687384660034
Nepal,town,51+,2045,0.026643899424879915
Nepal,town,51+,2050,0.026068716244017468
Nepal,town,51+,2055,0.025511290230534556
Nepal,town,51+,2060,0.02497282157253795
Nepal,town,51+,2065,0.02445632799894636
Nepal,town,51+,2070,0.02396485658052513
Nepal,town,51+,2075,0.023502285506791062
Nepal,town,51+,2080,0.023077024897677125
Nepal,town,51+,2085,0.02268571889467279
Nepal,town,51+,2090,0.022327511427749316
Nepal,town,51+,2095,0.021993489068480403
Nepal,town,51+,2100,0.02168529447761405
Nepal,rural,No_travel,2011,0.0
Nepal,rural,No_travel,2012,0.0
Nepal,rural,No_travel,2013,0.0
Nepal,rural,No_travel,2014,0.0
Nepal,rural,No_travel,2015,0.0
Nepal,rural,No_travel,2016,0.0
Nepal,rural,No_travel,2017,0.0
Nepal,rural,No_travel,2018,0.0
Nepal,rural,No_travel,2019,0.0
Nepal,rural,No_travel,2020,0.0
Nepal,rural,No_travel,2025,0.0
Nepal,rural,No_travel,2030,0.0
Nepal,rural,No_travel,2035,0.0
Nepal,rural,No_travel,2040,0.0
Nepal,rural,No_travel,2045,0.0
Nepal,rural,No_travel,2050,0.0
Nepal,rural,No_travel,2055,0.0
Nepal,rural,No_travel,2060,0.0
Nepal,rural,No_travel,2065,0.0
Nepal,rural,No_travel,2070,0.0
Nepal,rural,No_travel,2075,0.0
Nepal,rural,No_travel,2080,0.0
Nepal,rural,No_travel,2085,0.0
Nepal,rural,No_travel,2090,0.0
Nepal,rural,No_travel,2095,0.0
Nepal,rural,No_travel,2100,0.0
Nepal,rural,00_01,2011,0.00937229078988372
Nepal,rural,00_01,2012,0.009340118812268967
Nepal,rural,00_01,2013,0.009315743767584818
Nepal,rural,00_01,2014,0.00927440696366263
Nepal,rural,00_01,2015,0.009249319487929912
Nepal,rural,00_01,2016,0.009252832751363578
Nepal,rural,00_01,2017,0.009196866298742343
Nepal,rural,00_01,2018,0.009150222390636958
Nepal,rural,00_01,2019,0.009109845623656028
Nepal,rural,00_01,2020,0.00914157517908129
Nepal,rural,00_01,2025,0.009020052973164295
Nepal,rural,00_01,2030,0.008866997776864054
Nepal,rural,00_01,2035,0.008698603904731672
Nepal,rural,00_01,2040,0.008518269369451159
Nepal,rural,00_01,2045,0.008335323298821798
Nepal,rural,00_01,2050,0.008155382003740332
Nepal,rural,00_01,2055,0.007980995891427705
Nepal,rural,00_01,2060,0.007812540430794443
Nepal,rural,00_01,2065,0.007650959693343168
Nepal,rural,00_01,2070,0.007497206929930238
Nepal,rural,00_01,2075,0.00735249540003097
Nepal,rural,00_01,2080,0.007219456140022784
Nepal,rural,00_01,2085,0.00709703929736029
Nepal,rural,00_01,2090,0.006984977057624049
Nepal,rural,00_01,2095,0.006880480928542368
Nepal,rural,00_01,2100,0.006784064802927497
Nepal,rural,02_05,2011,0.0357129319501618
Nepal,rural,02_05,2012,0.03559034125456602
Nepal,rural,02_05,2013,0.035497460620407
Nepal,rural,02_05,2014,0.03533994753224036
Nepal,rural,02_05,2015,0.03524435219341339
Nepal,rural,02_05,2016,0.035257739415464256
Nepal,rural,02_05,2017,0.03504448033518567
Nepal,rural,02_05,2018,0.034866744629646604
Nepal,rural,02_05,2019,0.034712889743591005
Nepal,rural,02_05,2020,0.03483379459803005
Nepal,rural,02_05,2025,0.0343707365935738
Nepal,rural,02_05,2030,0.03378752274195184
Nepal,rural,02_05,2035,0.033145861164103736
Nepal,rural,02_05,2040,0.032458699921338145
Nepal,rural,02_05,2045,0.031761587473868196
Nepal,rural,02_05,2050,0.031075924665240375
Nepal,rural,02_05,2055,0.030411429772615368
Nepal,rural,02_05,2060,0.029769533512981335
Nepal,rural,02_05,2065,0.029153833252455602
Nepal,rural,02_05,2070,0.028567961334904544
Nepal,rural,02_05,2075,0.028016540861985084
Nepal,rural,02_05,2080,0.027509597346692047
Nepal,rural,02_05,2085,0.027043130346299973
Nepal,rural,02_05,2090,0.02661611935916726
Nepal,rural,02_05,2095,0.02621793888967334
Nepal,rural,02_05,2100,0.025850547116394312
Nepal,rural,06_10,2011,0.0564972292407587
Nepal,rural,06_10,2012,0.05630329291983371
Nepal,rural,06_10,2013,0.05615635739274139
Nepal,rural,06_10,2014,0.05590717446194788
Nepal,rural,06_10,2015,0.05575594431989199
Nepal,rural,06_10,2016,0.055777122669352634
Nepal,rural,06_10,2017,0.05543975056103661
Nepal,rural,06_10,2018,0.05515857580579328
Nepal,rural,06_10,2019,0.054915180086298046
Nepal,rural,06_10,2020,0.05510644943621016
Nepal,rural,06_10,2025,0.05437389983020073
Nepal,rural,06_10,2030,0.053451265790591375
Nepal,rural,06_10,2035,0.052436168477683495
Nepal,rural,06_10,2040,0.051349091496379624
Nepal,rural,06_10,2045,0.05024627188452982
Nepal,rural,06_10,2050,0.049161565399636106
Nepal,rural,06_10,2055,0.048110346184973486
Nepal,rural,06_10,2060,0.04709487760961433
Nepal,rural,06_10,2065,0.046120850643386495
Nepal,rural,06_10,2070,0.04519401159030071
Nepal,rural,06_10,2075,0.04432167411573956
Nepal,rural,06_10,2080,0.04351969840465553
Nepal,rural,06_10,2085,0.04278175582712709
Nepal,rural,06_10,2090,0.04210623196753397
Nepal,rural,06_10,2095,0.041476317478978834
Nepal,rural,06_10,2100,0.04089511016547456
Nepal,rural,11_20,2011,0.0790926871290141
Nepal,rural,11_20,2012,0.07882118806684758
Nepal,rural,11_20,2013,0.07861548725941639
Nepal,rural,11_20,2014,0.07826664630123142
Nepal,rural,11_20,2015,0.07805493329387081
Nepal,rural,11_20,2016,0.0780845816959307
Nepal,rural,11_20,2017,0.07761228124920641
Nepal,rural,11_20,2018,0.07721865368120182
Nepal,rural,11_20,2019,0.07687791446709731
Nepal,rural,11_20,2020,0.07714567993193988
Nepal,rural,11_20,2025,0.07612015500667882
Nepal,rural,11_20,2030,0.074828523427395
Nepal,rural,11_20,2035,0.0734074488852579
Nepal,rural,11_20,2040,0.07188560718217148
Nepal,rural,11_20,2045,0.07034172675313177
Nepal,rural,11_20,2050,0.06882320360094472
Nepal,rural,11_20,2055,0.06735156059178037
Nepal,rural,11_20,2060,0.0659299663047762
Nepal,rural,11_20,2065,0.0645663877518035
Nepal,rural,11_20,2070,0.06326886940922644
Nepal,rural,11_20,2075,0.062047649964068155
Nepal,rural,11_20,2080,0.060924932711306355
Nepal,rural,11_20,2085,0.05989185795369456
Nepal,rural,11_20,2090,0.05894616560748588
Nepal,rural,11_20,2095,0.05806432360866832
Nepal,rural,11_20,2100,0.05725066869458053
Nepal,rural,21_30,2011,0.0462193616190824
Nepal,rural,21_30,2012,0.04606070582182712
Nepal,rural,21_30,2013,0.045940500524104824
Nepal,rural,21_30,2014,0.045736648474324314
Nepal,rural,21_30,2015,0.04561292982975858
Nepal,rural,21_30,2016,0.04563025545449047
Nepal,rural,21_30,2017,0.04535425743327775
Nepal,rural,21_30,2018,0.045124233450413595
Nepal,rural,21_30,2019,0.044925115813547765
Nepal,rural,21_30,2020,0.04508158981004346
Nepal,rural,21_30,2025,0.04448230422384625
Nepal,rural,21_30,2030,0.04372751399976185
Nepal,rural,21_30,2035,0.04289708124377812
Nepal,rural,21_30,2040,0.0420077632226668
Nepal,rural,21_30,2045,0.04110556644017521
Nepal,rural,21_30,2050,0.040218187679312054
Nepal,rural,21_30,2055,0.03935820424868449
Nepal,rural,21_30,2060,0.038527467769602794
Nepal,rural,21_30,2065,0.037730633921575
Nepal,rural,21_30,2070,0.03697240365200357
Nepal,rural,21_30,2075,0.03625876013828712
Nepal,rural,21_30,2080,0.03560267831094022
Nepal,rural,21_30,2085,0.03499898083226282
Nepal,rural,21_30,2090,0.034446346978028994
Nepal,rural,21_30,2095,0.0339310253255005
Nepal,rural,21_30,2100,0.03345555013212359
Nepal,rural,31_50,2011,0.0461113884100324
Nepal,rural,31_50,2012,0.04595310324912873
Nepal,rural,31_50,2013,0.04583317876341433
Nepal,rural,31_50,2014,0.04562980293310581
Nepal,rural,31_50,2015,0.04550637330808957
Nepal,rural,31_50,2016,0.045523658458370156
Nepal,rural,31_50,2017,0.04524830519708051
Nepal,rural,31_50,2018,0.04501881857403091
Nepal,rural,31_50,2019,0.04482016609655884
Nepal,rural,31_50,2020,0.04497627455361516
Nepal,rural,31_50,2025,0.04437838896052933
Nepal,rural,31_50,2030,0.04362536200447372
Nepal,rural,31_50,2035,0.04279686922529674
Nepal,rural,31_50,2040,0.041909628743061804
Nepal,rural,31_50,2045,0.04100953958556519
Nepal,rural,31_50,2050,0.04012423383326591
Nepal,rural,31_50,2055,0.03926625941287739
Nepal,rural,31_50,2060,0.038437463620131014
Nepal,rural,31_50,2065,0.037642491258385966
Nepal,rural,31_50,2070,0.03688603229314537
Nepal,rural,31_50,2075,0.03617405592448663
Nepal,rural,31_50,2080,0.03551950677214467
Nepal,rural,31_50,2085,0.034917219593215795
Nepal,rural,31_50,2090,0.03436587674882246
Nepal,rural,31_50,2095,0.03385175894097219
Nepal,rural,31_50,2100,0.033377394506823754
Nepal,rural,51+,2011,0.0228571795411535
Nepal,rural,51+,2012,0.022778718395952146
Nepal,rural,51+,2013,0.022719272441365398
Nepal,rural,51+,2014,0.022618460081816463
Nepal,rural,51+,2015,0.02255727664759396
Nepal,rural,51+,2016,0.022565844808236746
Nepal,rural,51+,2017,0.022429353604055822
Nepal,rural,51+,2018,0.022315598258007805
Nepal,rural,51+,2019,0.022217127240316954
Nepal,rural,51+,2020,0.022294509404547178
Nepal,rural,51+,2025,0.02199814057208629
Nepal,rural,51+,2030,0.021624868958990674
Nepal,rural,51+,2035,0.021214189323109714
Nepal,rural,51+,2040,0.020774388751105873
Nepal,rural,51+,2045,0.020328219156449525
Nepal,rural,51+,2050,0.01988937762018561
Nepal,rural,51+,2055,0.019464084085448523
Nepal,rural,51+,2060,0.019053254247290038
Nepal,rural,51+,2065,0.018659190510993868
Nepal,rural,51+,2070,0.018284217668487618
Nepal,rural,51+,2075,0.017931294621738703
Nepal,rural,51+,2080,0.0176068379525846
Nepal,rural,51+,2085,0.01730828727651958
Nepal,rural,51+,2090,0.017034989446687004
Nepal,rural,51+,2095,0.01678014387719682
Nepal,rural,51+,2100,0.016545003851855283
Pakistan,large_city,No_travel,2011,0.0
Pakistan,large_city,No_travel,2012,0.0
Pakistan,large_city,No_travel,2013,0.0
Pakistan,large_city,No_travel,2014,0.0
Pakistan,large_city,No_travel,2015,0.0
Pakistan,large_city,No_travel,2016,0.0
Pakistan,large_city,No_travel,2017,0.0
Pakistan,large_city,No_travel,2018,0.0
Pakistan,large_city,No_travel,2019,0.0
Pakistan,large_city,No_travel,2020,0.0
Pakistan,large_city,No_travel,2025,0.0
Pakistan,large_city,No_travel,2030,0.0
Pakistan,large_city,No_travel,2035,0.0
Pakistan,large_city,No_travel,2040,0.0
Pakistan,large_city,No_travel,2045,0.0
Pakistan,large_city,No_travel,2050,0.0
Pakistan,large_city,No_travel,2055,0.0
Pakistan,large_city,No_travel,2060,0.0
Pakistan,large_city,No_travel,2065,0.0
Pakistan,large_city,No_travel,2070,0.0
Pakistan,large_city,No_travel,2075,0.0
Pakistan,large_city,No_travel,2080,0.0
Pakistan,large_city,No_travel,2085,0.0
Pakistan,large_city,No_travel,2090,0.0
Pakistan,large_city,No_travel,2095,0.0
Pakistan,large_city,No_travel,2100,0.0
Pakistan,large_city,00_01,2011,0.0204991553484746
Pakistan,large_city,00_01,2012,0.02047318128738163
Pakistan,large_city,00_01,2013,0.020429472677930216
Pakistan,large_city,00_01,2014,0.020379461915956847
Pakistan,large_city,00_01,2015,0.020326795668620938
Pakistan,large_city,00_01,2016,0.020260518183556404
Pakistan,large_city,00_01,2017,0.020212753988131913
Pakistan,large_city,00_01,2018,0.020142218660250844
Pakistan,large_city,00_01,2019,0.020128526245840665
Pakistan,large_city,00_01,2020,0.020176573203162126
Pakistan,large_city,00_01,2025,0.019940834480297088
Pakistan,large_city,00_01,2030,0.01970220268436025
Pakistan,large_city,00_01,2035,0.01946096538348133
Pakistan,large_city,00_01,2040,0.01920291636596731
Pakistan,large_city,00_01,2045,0.01893145242657129
Pakistan,large_city,00_01,2050,0.018655004704585615
Pakistan,large_city,00_01,2055,0.018378658628635112
Pakistan,large_city,00_01,2060,0.01810782247748169
Pakistan,large_city,00_01,2065,0.017840794248664943
Pakistan,large_city,00_01,2070,0.017580297285068325
Pakistan,large_city,00_01,2075,0.017327047807164438
Pakistan,large_city,00_01,2080,0.017085636075303133
Pakistan,large_city,00_01,2085,0.016858490415184217
Pakistan,large_city,00_01,2090,0.01664751816272617
Pakistan,large_city,00_01,2095,0.01645164399792621
Pakistan,large_city,00_01,2100,0.016268910826484427
Pakistan,large_city,02_05,2011,0.0599141683583879
Pakistan,large_city,02_05,2012,0.05983825233927293
Pakistan,large_city,02_05,2013,0.05971050244222277
Pakistan,large_city,02_05,2014,0.0595643328483216
Pakistan,large_city,02_05,2015,0.05941040190062901
Pakistan,large_city,02_05,2016,0.05921668853385742
Pakistan,large_city,02_05,2017,0.05907708512105734
Pakistan,large_city,02_05,2018,0.058870927089760945
Pakistan,large_city,02_05,2019,0.058830907410498144
Pakistan,large_city,02_05,2020,0.05897133726924745
Pakistan,large_city,02_05,2025,0.05828232890328185
Pakistan,large_city,02_05,2030,0.057584864771010276
Pakistan,large_city,02_05,2035,0.05687978536586014
Pakistan,large_city,02_05,2040,0.05612556930099179
Pakistan,large_city,02_05,2045,0.05533214460169487
Pakistan,large_city,02_05,2050,0.05452415348812076
Pakistan,large_city,02_05,2055,0.053716459461795416
Pakistan,large_city,02_05,2060,0.05292486963861026
Pakistan,large_city,02_05,2065,0.05214440946911556
Pakistan,large_city,02_05,2070,0.05138303863853946
Pakistan,large_city,02_05,2075,0.050642850489424504
Pakistan,large_city,02_05,2080,0.04993726126389066
Pakistan,large_city,02_05,2085,0.049273368381921034
Pakistan,large_city,02_05,2090,0.04865674653395498
Pakistan,large_city,02_05,2095,0.04808425281470733
Pakistan,large_city,02_05,2100,0.04755016710179332
Pakistan,large_city,06_10,2011,0.0468854192381946
Pakistan,large_city,06_10,2012,0.046826011681006974
Pakistan,large_city,06_10,2013,0.0467260418801244
Pakistan,large_city,06_10,2014,0.04661165787250638
Pakistan,large_city,06_10,2015,0.0464912002710067
Pakistan,large_city,06_10,2016,0.04633961121182456
Pakistan,large_city,06_10,2017,0.04623036552394215
Pakistan,large_city,06_10,2018,0.04606903797836338
Pakistan,large_city,06_10,2019,0.046037720854360406
Pakistan,large_city,06_10,2020,0.04614761327182062
Pakistan,large_city,06_10,2025,0.04560843452692534
Pakistan,large_city,06_10,2030,0.045062638780424276
Pakistan,large_city,06_10,2035,0.04451088375465243
Pakistan,large_city,06_10,2040,0.043920677174699406
Pakistan,large_city,06_10,2045,0.04329978814828489
Pakistan,large_city,06_10,2050,0.04266750027483811
Pakistan,large_city,06_10,2055,0.042035444884968916
Pakistan,large_city,06_10,2060,0.04141599172820106
Pakistan,large_city,06_10,2065,0.04080524800517067
Pakistan,large_city,06_10,2070,0.040209442512657394
Pakistan,large_city,06_10,2075,0.03963021338143071
Pakistan,large_city,06_10,2080,0.03907805939923368
Pakistan,large_city,06_10,2085,0.03855853460312522
Pakistan,large_city,06_10,2090,0.03807600142866163
Pakistan,large_city,06_10,2095,0.03762800041698772
Pakistan,large_city,06_10,2100,0.03721005532578129
Pakistan,large_city,11_20,2011,0.0406330553046253
Pakistan,large_city,11_20,2012,0.04058156999008745
Pakistan,large_city,11_20,2013,0.04049493157426318
Pakistan,large_city,11_20,2014,0.04039580114559205
Pakistan,large_city,11_20,2015,0.04029140706182087
Pakistan,large_city,11_20,2016,0.04016003302858398
Pakistan,large_city,11_20,2017,0.040065355703529766
Pakistan,large_city,11_20,2018,0.039925541851202694
Pakistan,large_city,11_20,2019,0.0398984009947857
Pakistan,large_city,11_20,2020,0.03999363880536247
Pakistan,large_city,11_20,2025,0.039526361768783026
Pakistan,large_city,11_20,2030,0.039053350135039536
Pakistan,large_city,11_20,2035,0.03857517391648226
Pakistan,large_city,11_20,2040,0.03806367381700467
Pakistan,large_city,11_20,2045,0.03752558290178505
Pakistan,large_city,11_20,2050,0.03697761322277496
Pakistan,large_city,11_20,2055,0.036429845024699
Pakistan,large_city,11_20,2060,0.0358929984999895
Pakistan,large_city,11_20,2065,0.03536369997012522
Pakistan,large_city,11_20,2070,0.03484734759615797
Pakistan,large_city,11_20,2075,0.03434536105736617
Pakistan,large_city,11_20,2080,0.03386683908486765
Pakistan,large_city,11_20,2085,0.03341659506198383
Pakistan,large_city,11_20,2090,0.03299840967550609
Pakistan,large_city,11_20,2095,0.03261015144555632
Pakistan,large_city,11_20,2100,0.03224794105517864
Pakistan,large_city,21_30,2011,0.0412215199580625
Pakistan,large_city,21_30,2012,0.041169289011980345
Pakistan,large_city,21_30,2013,0.04108139586291093
Pakistan,large_city,21_30,2014,0.040980829786516154
Pakistan,large_city,21_30,2015,0.0408749238245988
Pakistan,large_city,21_30,2016,0.04074164717846806
Pakistan,large_city,21_30,2017,0.040645598697372075
Pakistan,large_city,21_30,2018,0.040503760003212694
Pakistan,large_city,21_30,2019,0.040476226081727226
Pakistan,large_city,21_30,2020,0.04057284316552811
Pakistan,large_city,21_30,2025,0.04009879883032127
Pakistan,large_city,21_30,2030,0.039618936847150794
Pakistan,large_city,21_30,2035,0.03913383548352073
Pakistan,large_city,21_30,2040,0.03861492762879275
Pakistan,large_city,21_30,2045,0.03806904385917002
Pakistan,large_city,21_30,2050,0.037513138257428164
Pakistan,large_city,21_30,2055,0.03695743705455038
Pakistan,large_city,21_30,2060,0.036412815697213996
Pakistan,large_city,21_30,2065,0.03587585164789502
Pakistan,large_city,21_30,2070,0.03535202124603841
Pakistan,large_city,21_30,2075,0.034842764731302996
Pakistan,large_city,21_30,2080,0.034357312606380606
Pakistan,large_city,21_30,2085,0.03390054796399372
Pakistan,large_city,21_30,2090,0.03347630624439799
Pakistan,large_city,21_30,2095,0.03308242509874527
Pakistan,large_city,21_30,2100,0.03271496902821268
Pakistan,large_city,31_50,2011,0.0600379215385309
Pakistan,large_city,31_50,2012,0.05996184871428876
Pakistan,large_city,31_50,2013,0.05983383494883391
Pakistan,large_city,31_50,2014,0.059687363440501115
Pakistan,large_city,31_50,2015,0.059533114547240376
Pakistan,large_city,31_50,2016,0.059339001064005
Pakistan,large_city,31_50,2017,0.05919910929927137
Pakistan,large_city,31_50,2018,0.05899252544695995
Pakistan,large_city,31_50,2019,0.058952423106738774
Pakistan,large_city,31_50,2020,0.05909314302445215
Pakistan,large_city,31_50,2025,0.0584027115063546
Pakistan,large_city,31_50,2030,0.05770380675650009
Pakistan,large_city,31_50,2035,0.05699727100436173
Pakistan,large_city,31_50,2040,0.05624149710035282
Pakistan,large_city,31_50,2045,0.05544643357617637
Pakistan,large_city,31_50,2050,0.054636773550680896
Pakistan,large_city,31_50,2055,0.0538274112260702
Pakistan,large_city,31_50,2060,0.053034186367956385
Pakistan,large_city,31_50,2065,0.05225211415191917
Pakistan,large_city,31_50,2070,0.05148917070397837
Pakistan,large_city,31_50,2075,0.050747453690491814
Pakistan,large_city,31_50,2080,0.050040407064931784
Pakistan,large_city,31_50,2085,0.04937514290705749
Pakistan,large_city,31_50,2090,0.048757247421874685
Pakistan,large_city,31_50,2095,0.048183571212402944
Pakistan,large_city,31_50,2100,0.047648382341300255
Pakistan,large_city,51+,2011,0.0683410685329549
Pakistan,large_city,51+,2012,0.06825447496072919
Pakistan,large_city,51+,2013,0.0681087570995188
Pakistan,large_city,51+,2014,0.06794202881958207
Pakistan,large_city,51+,2015,0.06776644755501914
Pakistan,large_city,51+,2016,0.06754548849246322
Pakistan,large_city,51+,2017,0.06738624992397413
Pakistan,large_city,51+,2018,0.06715109586056178
Pakistan,large_city,51+,2019,0.06710544743184946
Pakistan,large_city,51+,2020,0.06726562868552977
Pakistan,large_city,51+,2025,0.06647971161034696
Pakistan,large_city,51+,2030,0.06568414946922319
Pakistan,large_city,51+,2035,0.06487990097059916
Pakistan,large_city,51+,2040,0.06401960476370692
Pakistan,large_city,51+,2045,0.06311458524601886
Pakistan,large_city,51+,2050,0.06219295055459689
Pakistan,large_city,51+,2055,0.06127165473560835
Pakistan,large_city,51+,2060,0.060368728168511764
Pakistan,large_city,51+,2065,0.059478496635769276
Pakistan,large_city,51+,2070,0.05861003934866902
Pakistan,large_city,51+,2075,0.05776574407741763
Pakistan,large_city,51+,2080,0.05696091405240782
Pakistan,large_city,51+,2085,0.056203644942473235
Pakistan,large_city,51+,2090,0.05550029551569502
Pakistan,large_city,51+,2095,0.054847280818607735
Pakistan,large_city,51+,2100,0.05423807619624867
Pakistan,city,No_travel,2011,0.0
Pakistan,city,No_travel,2012,0.0
Pakistan,city,No_travel,2013,0.0
Pakistan,city,No_travel,2014,0.0
Pakistan,city,No_travel,2015,0.0
Pakistan,city,No_travel,2016,0.0
Pakistan,city,No_travel,2017,0.0
Pakistan,city,No_travel,2018,0.0
Pakistan,city,No_travel,2019,0.0
Pakistan,city,No_travel,2020,0.0
Pakistan,city,No_travel,2025,0.0
Pakistan,city,No_travel,2030,0.0
Pakistan,city,No_travel,2035,0.0
Pakistan,city,No_travel,2040,0.0
Pakistan,city,No_travel,2045,0.0
Pakistan,city,No_travel,2050,0.0
Pakistan,city,No_travel,2055,0.0
Pakistan,city,No_travel,2060,0.0
Pakistan,city,No_travel,2065,0.0
Pakistan,city,No_travel,2070,0.0
Pakistan,city,No_travel,2075,0.0
Pakistan,city,No_travel,2080,0.0
Pakistan,city,No_travel,2085,0.0
Pakistan,city,No_travel,2090,0.0
Pakistan,city,No_travel,2095,0.0
Pakistan,city,No_travel,2100,0.0
Pakistan,city,00_01,2011,0.0195275670690455
Pakistan,city,00_01,2012,0.01950282408761889
Pakistan,city,00_01,2013,0.019461187113409575
Pakistan,city,00_01,2014,0.019413546686669666
Pakistan,city,00_01,2015,0.019363376635287356
Pakistan,city,00_01,2016,0.019300240471247232
Pakistan,city,00_01,2017,0.019254740131657865
Pakistan,city,00_01,2018,0.01918754793166133
Pakistan,city,00_01,2019,0.019174504489812796
Pakistan,city,00_01,2020,0.019220274189374012
Pakistan,city,00_01,2025,0.018995708657611226
Pakistan,city,00_01,2030,0.018768387174323373
Pakistan,city,00_01,2035,0.018538583677916425
Pakistan,city,00_01,2040,0.018292765281453505
Pakistan,city,00_01,2045,0.018034167783494766
Pakistan,city,00_01,2050,0.017770822716813184
Pakistan,city,00_01,2055,0.017507574478500158
Pakistan,city,00_01,2060,0.017249575013816645
Pakistan,city,00_01,2065,0.016995202989267086
Pakistan,city,00_01,2070,0.01674705267080559
Pakistan,city,00_01,2075,0.01650580633255893
Pakistan,city,00_01,2080,0.016275836672588192
Pakistan,city,00_01,2085,0.01605945692244669
Pakistan,city,00_01,2090,0.01585848401700019
Pakistan,city,00_01,2095,0.01567189360265372
Pakistan,city,00_01,2100,0.015497821344533372
Pakistan,city,02_05,2011,0.0495217408664981
Pakistan,city,02_05,2012,0.04945899288001618
Pakistan,city,02_05,2013,0.04935340187423609
Pakistan,city,02_05,2014,0.049232586164862695
Pakistan,city,02_05,2015,0.049105355349317224
Pakistan,city,02_05,2016,0.04894524258443234
Pakistan,city,02_05,2017,0.04882985411752731
Pakistan,city,02_05,2018,0.04865945528060549
Pakistan,city,02_05,2019,0.048626377225108534
Pakistan,city,02_05,2020,0.04874244878656798
Pakistan,city,02_05,2025,0.04817295254404155
Pakistan,city,02_05,2030,0.047596467232329895
Pakistan,city,02_05,2035,0.04701368755685666
Pakistan,city,02_05,2040,0.046390294233622266
Pakistan,city,02_05,2045,0.045734493219734704
Pakistan,city,02_05,2050,0.04506665241270715
Pakistan,city,02_05,2055,0.044399057161583176
Pakistan,city,02_05,2060,0.04374477275489919
Pakistan,city,02_05,2065,0.043099687504960495
Pakistan,city,02_05,2070,0.042470380447745516
Pakistan,city,02_05,2075,0.04185858182452734
Pakistan,city,02_05,2080,0.041275380759696265
Pakistan,city,02_05,2085,0.04072664358842566
Pakistan,city,02_05,2090,0.04021697804179004
Pakistan,city,02_05,2095,0.039743786367949334
Pakistan,city,02_05,2100,0.03930234062981912
Pakistan,city,06_10,2011,0.0572198770303753
Pakistan,city,06_10,2012,0.05714737489277723
Pakistan,city,06_10,2013,0.057025369804496136
Pakistan,city,06_10,2014,0.05688577333812151
Pakistan,city,06_10,2015,0.056738764539710884
Pakistan,city,06_10,2016,0.05655376230518919
Pakistan,city,06_10,2017,0.05642043674410222
Pakistan,city,06_10,2018,0.05622354947147846
Pakistan,city,06_10,2019,0.05618532944458073
Pakistan,city,06_10,2020,0.056319444287016046
Pakistan,city,06_10,2025,0.05566142006580641
Pakistan,city,06_10,2030,0.05499532032721111
Pakistan,city,06_10,2035,0.05432194776835304
Pakistan,city,06_10,2040,0.053601648185323626
Pakistan,city,06_10,2045,0.05284390314820544
Pakistan,city,06_10,2050,0.05207224673659017
Pakistan,city,06_10,2055,0.051300874052452185
Pakistan,city,06_10,2060,0.05054488137856222
Pakistan,city,06_10,2065,0.049799517866905625
Pakistan,city,06_10,2070,0.049072385262152046
Pakistan,city,06_10,2075,0.04836548277093572
Pakistan,city,06_10,2080,0.04769162331790115
Pakistan,city,06_10,2085,0.04705758515783837
Pakistan,city,06_10,2090,0.04646869229190041
Pakistan,city,06_10,2095,0.04592194314869168
Pakistan,city,06_10,2100,0.0454118748350698
Pakistan,city,11_20,2011,0.0736255863590152
Pakistan,city,11_20,2012,0.07353229688217647
Pakistan,city,11_20,2013,0.07337531129203424
Pakistan,city,11_20,2014,0.07319569063879477
Pakistan,city,11_20,2015,0.07300653243810219
Pakistan,city,11_20,2016,0.07276848757150528
Pakistan,city,11_20,2017,0.07259693577655014
Pakistan,city,11_20,2018,0.07234359827137067
Pakistan,city,11_20,2019,0.07229442004804962
Pakistan,city,11_20,2020,0.07246698742194498
Pakistan,city,11_20,2025,0.07162029879485696
Pakistan,city,11_20,2030,0.07076321929079525
Pakistan,city,11_20,2035,0.06989678175095787
Pakistan,city,11_20,2040,0.06896996257714975
Pakistan,city,11_20,2045,0.06799496183328509
Pakistan,city,11_20,2050,0.0670020611365096
Pakistan,city,11_20,2055,0.0660095255157001
Pakistan,city,11_20,2060,0.0650367795612004
Pakistan,city,11_20,2065,0.06407771029289001
Pakistan,city,11_20,2070,0.06314209897800864
Pakistan,city,11_20,2075,0.062232518022655975
Pakistan,city,11_20,2080,0.06136545398952466
Pakistan,city,11_20,2085,0.06054962855033624
Pakistan,city,11_20,2090,0.05979189216907301
Pakistan,city,11_20,2095,0.05908838268339791
Pakistan,city,11_20,2100,0.05843207091513547
Pakistan,city,21_30,2011,0.0391220097897899
Pakistan,city,21_30,2012,0.039072439090164196
Pakistan,city,21_30,2013,0.03898902254846832
Pakistan,city,21_30,2014,0.03889357854181257
Pakistan,city,21_30,2015,0.03879306662271927
Pakistan,city,21_30,2016,0.03866657807353472
Pakistan,city,21_30,2017,0.03857542157029189
Pakistan,city,21_30,2018,0.03844080705857277
Pakistan,city,21_30,2019,0.03841467550527242
Pakistan,city,21_30,2020,0.038506371650930425
Pakistan,city,21_30,2025,0.03805647152251148
Pakistan,city,21_30,2030,0.03760105005279269
Pakistan,city,21_30,2035,0.03714065605673715
Pakistan,city,21_30,2040,0.03664817741467542
Pakistan,city,21_30,2045,0.03613009680529967
Pakistan,city,21_30,2050,0.03560250479957863
Pakistan,city,21_30,2055,0.035075106782200806
Pakistan,city,21_30,2060,0.03455822428744759
Pakistan,city,21_30,2065,0.03404860909578086
Pakistan,city,21_30,2070,0.03355145862363735
Pakistan,city,21_30,2075,0.03306813975584057
Pakistan,city,21_30,2080,0.03260741286360055
Pakistan,city,21_30,2085,0.03217391233209978
Pakistan,city,21_30,2090,0.03177127825348874
Pakistan,city,21_30,2095,0.03139745841249508
Pakistan,city,21_30,2100,0.03104871775462223
Pakistan,city,31_50,2011,0.0678243479409768
Pakistan,city,31_50,2012,0.06773840909486034
Pakistan,city,31_50,2013,0.06759379299312085
Pakistan,city,31_50,2014,0.06742832533051651
Pakistan,city,31_50,2015,0.06725407161989609
Pakistan,city,31_50,2016,0.06703478320867849
Pakistan,city,31_50,2017,0.066876748628496
Pakistan,city,31_50,2018,0.06664337254353002
Pakistan,city,31_50,2019,0.06659806925842773
Pakistan,city,31_50,2020,0.06675703939624458
Pakistan,city,31_50,2025,0.06597706456845492
Pakistan,city,31_50,2030,0.06518751760018901
Pakistan,city,31_50,2035,0.06438934995118041
Pakistan,city,31_50,2040,0.06353555836551879
Pakistan,city,31_50,2045,0.0626373816179391
Pakistan,city,31_50,2050,0.061722715322440135
Pakistan,city,31_50,2055,0.060808385337191
Pakistan,city,31_50,2060,0.05991228571559407
Pakistan,city,31_50,2065,0.05902878514235326
Pakistan,city,31_50,2070,0.05816689418166743
Pakistan,city,31_50,2075,0.057328982550030265
Pakistan,city,31_50,2080,0.0565302377715039
Pakistan,city,31_50,2085,0.0557786943043076
Pakistan,city,31_50,2090,0.055080662838456446
Pakistan,city,31_50,2095,0.054432585525991506
Pakistan,city,31_50,2100,0.053827987044271726
Pakistan,city,51+,2011,0.0385852189262921
Pakistan,city,51+,2012,0.038536328383406794
Pakistan,city,51+,2013,0.03845405639531866
Pakistan,city,51+,2014,0.038359921970430914
Pakistan,city,51+,2015,0.03826078916964293
Pakistan,city,51+,2016,0.0381360361626226
Pakistan,city,51+,2017,0.03804613041255815
Pakistan,city,51+,2018,0.03791336293887142
Pakistan,city,51+,2019,0.037887589935122486
Pakistan,city,51+,2020,0.037978027923199334
Pakistan,city,51+,2025,0.03753430084876507
Pakistan,city,51+,2030,0.037085128191039825
Pakistan,city,51+,2035,0.03663105123472788
Pakistan,city,51+,2040,0.03614532986400643
Pakistan,city,51+,2045,0.035634357809103276
Pakistan,city,51+,2050,0.035114004863181246
Pakistan,city,51+,2055,0.03459384324389944
Pakistan,city,51+,2060,0.03408405286435647
Pakistan,city,51+,2065,0.0335814300736491
Pakistan,city,51+,2070,0.03309110097475978
Pakistan,city,51+,2075,0.03261441369756336
Pakistan,city,51+,2080,0.0321600084127165
Pakistan,city,51+,2085,0.03173245591726708
Pakistan,city,51+,2090,0.03133534635786895
Pakistan,city,51+,2095,0.03096665567757838
Pakistan,city,51+,2100,0.030622700070368374
Pakistan,town,No_travel,2011,0.0
Pakistan,town,No_travel,2012,0.0
Pakistan,town,No_travel,2013,0.0
Pakistan,town,No_travel,2014,0.0
Pakistan,town,No_travel,2015,0.0
Pakistan,town,No_travel,2016,0.0
Pakistan,town,No_travel,2017,0.0
Pakistan,town,No_travel,2018,0.0
Pakistan,town,No_travel,2019,0.0
Pakistan,town,No_travel,2020,0.0
Pakistan,town,No_travel,2025,0.0
Pakistan,town,No_travel,2030,0.0
Pakistan,town,No_travel,2035,0.0
Pakistan,town,No_travel,2040,0.0
Pakistan,town,No_travel,2045,0.0
Pakistan,town,No_travel,2050,0.0
Pakistan,town,No_travel,2055,0.0
Pakistan,town,No_travel,2060,0.0
Pakistan,town,No_travel,2065,0.0
Pakistan,town,No_travel,2070,0.0
Pakistan,town,No_travel,2075,0.0
Pakistan,town,No_travel,2080,0.0
Pakistan,town,No_travel,2085,0.0
Pakistan,town,No_travel,2090,0.0
Pakistan,town,No_travel,2095,0.0
Pakistan,town,No_travel,2100,0.0
Pakistan,town,00_01,2011,0.0129968328827312
Pakistan,town,00_01,2012,0.012980364861216532
Pakistan,town,00_01,2013,0.012952652817333765
Pakistan,town,00_01,2014,0.012920945095495642
Pakistan,town,00_01,2015,0.012887553748215748
Pakistan,town,00_01,2016,0.012845532631607374
Pakistan,town,00_01,2017,0.012815249273334446
Pakistan,town,00_01,2018,0.012770528607862387
Pakistan,town,00_01,2019,0.012761847371058966
Pakistan,town,00_01,2020,0.012792310005456107
Pakistan,town,00_01,2025,0.012642847418682091
Pakistan,town,00_01,2030,0.012491550571588931
Pakistan,town,00_01,2035,0.012338601787538775
Pakistan,town,00_01,2040,0.012174994073017392
Pakistan,town,00_01,2045,0.012002881056942295
Pakistan,town,00_01,2050,0.011827608233141438
Pakistan,town,00_01,2055,0.01165239985475357
Pakistan,town,00_01,2060,0.011480684867706308
Pakistan,town,00_01,2065,0.011311384171852942
Pakistan,town,00_01,2070,0.011146224415522979
Pakistan,town,00_01,2075,0.010985659695367293
Pakistan,town,00_01,2080,0.010832600318939593
Pakistan,town,00_01,2085,0.010688585888373169
Pakistan,town,00_01,2090,0.010554825688917212
Pakistan,town,00_01,2095,0.010430637948365303
Pakistan,town,00_01,2100,0.010314781833760217
Pakistan,town,02_05,2011,0.0454311662241691
Pakistan,town,02_05,2012,0.04537360132127571
Pakistan,town,02_05,2013,0.0452767323006913
Pakistan,town,02_05,2014,0.045165896161270626
Pakistan,town,02_05,2015,0.045049174813661594
Pakistan,town,02_05,2016,0.04490228761808206
Pakistan,town,02_05,2017,0.0447964304222608
Pakistan,town,02_05,2018,0.0446401068005717
Pakistan,town,02_05,2019,0.04460976104512449
Pakistan,town,02_05,2020,0.044716244910802366
Pakistan,town,02_05,2025,0.04419378996464031
Pakistan,town,02_05,2030,0.043664923257535466
Pakistan,town,02_05,2035,0.04313028211113742
Pakistan,town,02_05,2040,0.04255838206894688
Pakistan,town,02_05,2045,0.0419567512629495
Pakistan,town,02_05,2050,0.041344075169894835
Pakistan,town,02_05,2055,0.040731624349435135
Pakistan,town,02_05,2060,0.04013138487647163
Pakistan,town,02_05,2065,0.039539584695259686
Pakistan,town,02_05,2070,0.038962259402931
Pakistan,town,02_05,2075,0.038400996320074675
Pakistan,town,02_05,2080,0.03786596859175066
Pakistan,town,02_05,2085,0.037362557984506835
Pakistan,town,02_05,2090,0.036894991623494695
Pakistan,town,02_05,2095,0.0364608863353122
Pakistan,town,02_05,2100,0.03605590471800576
Pakistan,town,06_10,2011,0.0569320146292085
Pakistan,town,06_10,2012,0.05685987723618
Pakistan,town,06_10,2013,0.05673848593246976
Pakistan,town,06_10,2014,0.05659959174956883
Pakistan,town,06_10,2015,0.056453322524675296
Pakistan,town,06_10,2016,0.05626925100147656
Pakistan,town,06_10,2017,0.056136596176122405
Pakistan,town,06_10,2018,0.05594069940620501
Pakistan,town,06_10,2019,0.05590267165704863
Pakistan,town,06_10,2020,0.056036111793025645
Pakistan,town,06_10,2025,0.055381397967471754
Pakistan,town,06_10,2030,0.05471864925093592
Pakistan,town,06_10,2035,0.054048664302323315
Pakistan,town,06_10,2040,0.05333198841054057
Pakistan,town,06_10,2045,0.05257805544568079
Pakistan,town,06_10,2050,0.05181028109182327
Pakistan,town,06_10,2055,0.05104278903806365
Pakistan,town,06_10,2060,0.050290599620623454
Pakistan,town,06_10,2065,0.04954898589210766
Pakistan,town,06_10,2070,0.048825511354243324
Pakistan,town,06_10,2075,0.04812216515603343
Pakistan,town,06_10,2080,0.04745169576271704
Pakistan,town,06_10,2085,0.04682084732896371
Pakistan,town,06_10,2090,0.04623491707188156
Pakistan,town,06_10,2095,0.04569091852041416
Pakistan,town,06_10,2100,0.04518341626420343
Pakistan,town,11_20,2011,0.0621547171877937
Pakistan,town,11_20,2012,0.06207596221501516
Pakistan,town,11_20,2013,0.06194343498582245
Pakistan,town,11_20,2014,0.06179179923722893
Pakistan,town,11_20,2015,0.06163211189144034
Pakistan,town,11_20,2016,0.06143115442416544
Pakistan,town,11_20,2017,0.06128633040542689
Pakistan,town,11_20,2018,0.061072462893245597
Pakistan,town,11_20,2019,0.061030946638999245
Pakistan,town,11_20,2020,0.06117662800944028
Pakistan,town,11_20,2025,0.06046185350284196
Pakistan,town,11_20,2030,0.05973830701829995
Pakistan,town,11_20,2035,0.059006860480314095
Pakistan,town,11_20,2040,0.058224439769239994
Pakistan,town,11_20,2045,0.0574013441785673
Pakistan,town,11_20,2050,0.056563137448332045
Pakistan,town,11_20,2055,0.055725238915213304
Pakistan,town,11_20,2060,0.05490404681763626
Pakistan,town,11_20,2065,0.05409440057801706
Pakistan,town,11_20,2070,0.05330455754178525
Pakistan,town,11_20,2075,0.05253668933407181
Pakistan,town,11_20,2080,0.05180471391047118
Pakistan,town,11_20,2085,0.05111599410591706
Pakistan,town,11_20,2090,0.05047631308184123
Pakistan,town,11_20,2095,0.049882410400946486
Pakistan,town,11_20,2100,0.049328352031286014
Pakistan,town,21_30,2011,0.0318021562733665
Pakistan,town,21_30,2012,0.031761860410639935
Pakistan,town,21_30,2013,0.03169405137145585
Pakistan,town,21_30,2014,0.03161646524458426
Pakistan,town,21_30,2015,0.031534759427947624
Pakistan,town,21_30,2016,0.031431937292030455
Pakistan,town,21_30,2017,0.03135783646293096
Pakistan,town,21_30,2018,0.03124840875813366
Pakistan,town,21_30,2019,0.031227166502273366
Pakistan,town,21_30,2020,0.031301706004961245
Pakistan,town,21_30,2025,0.03093598363363458
Pakistan,town,21_30,2030,0.0305657729816751
Pakistan,town,21_30,2035,0.03019152017900597
Pakistan,town,21_30,2040,0.029791185870510658
Pakistan,town,21_30,2045,0.029370039804904675
Pakistan,town,21_30,2050,0.028941161955717644
Pakistan,town,21_30,2055,0.02851244179903258
Pakistan,town,21_30,2060,0.028092269676960283
Pakistan,town,21_30,2065,0.027678005122256943
Pakistan,town,21_30,2070,0.027273873098073147
Pakistan,town,21_30,2075,0.02688098474069762
Pakistan,town,21_30,2080,0.026506461327787903
Pakistan,town,21_30,2085,0.026154070136193936
Pakistan,town,21_30,2090,0.025826770185149162
Pakistan,town,21_30,2095,0.02552289323544123
Pakistan,town,21_30,2100,0.02523940307325014
Pakistan,town,31_50,2011,0.0457355874252065
Pakistan,town,31_50,2012,0.04567763679642639
Pakistan,town,31_50,2013,0.0455801186843473
Pakistan,town,31_50,2014,0.04546853986377875
Pakistan,town,31_50,2015,0.04535103639993148
Pakistan,town,31_50,2016,0.045203164955427436
Pakistan,town,31_50,2017,0.04509659844092985
Pakistan,town,31_50,2018,0.044939227339534184
Pakistan,town,31_50,2019,0.04490867824589236
Pakistan,town,31_50,2020,0.045015875629381356
Pakistan,town,31_50,2025,0.044489919862628124
Pakistan,town,31_50,2030,0.04395750937156292
Pakistan,town,31_50,2035,0.04341928574834472
Pakistan,town,31_50,2040,0.0428435535681708
Pakistan,town,31_50,2045,0.04223789140687783
Pakistan,town,31_50,2050,0.04162110994723023
Pakistan,town,31_50,2055,0.041004555269664573
Pakistan,town,31_50,2060,0.040400293764328674
Pakistan,town,31_50,2065,0.039804528100015335
Pakistan,town,31_50,2070,0.039223334316659746
Pakistan,town,31_50,2075,0.038658310371030534
Pakistan,town,31_50,2080,0.038119697575511875
Pakistan,town,31_50,2085,0.03761291375832411
Pakistan,town,31_50,2090,0.037142214369370714
Pakistan,town,31_50,2095,0.03670520026628893
Pakistan,town,31_50,2100,0.03629750498343998
Pakistan,town,51+,2011,0.0299585707997298
Pakistan,town,51+,2012,0.029920610906505798
Pakistan,town,51+,2013,0.0298567327881859
Pakistan,town,51+,2014,0.02978364436440169
Pakistan,town,51+,2015,0.02970667507114316
Pakistan,town,51+,2016,0.029609813581243694
Pakistan,town,51+,2017,0.029540008410933433
Pakistan,town,51+,2018,0.02943692427998828
Pakistan,town,51+,2019,0.029416913447368433
Pakistan,town,51+,2020,0.0294871318611595
Pakistan,town,51+,2025,0.02914261058215394
Pakistan,town,51+,2030,0.02879386121018665
Pakistan,town,51+,2035,0.028441304012826095
Pakistan,town,51+,2040,0.02806417726640287
Pakistan,town,51+,2045,0.02766744522990097
Pakistan,town,51+,2050,0.02726342962483126
Pakistan,town,51+,2055,0.02685956257075741
Pakistan,town,51+,2060,0.026463748017839264
Pakistan,town,51+,2065,0.026073498567920916
Pakistan,town,51+,2070,0.02569279426111617
Pakistan,town,51+,2075,0.025322681820637353
Pakistan,town,51+,2080,0.024969869700435025
Pakistan,town,51+,2085,0.02463790678660549
Pakistan,town,51+,2090,0.024329580562690453
Pakistan,town,51+,2095,0.024043319498063993
Pakistan,town,51+,2100,0.023776263389603154
Pakistan,rural,No_travel,2011,0.0
Pakistan,rural,No_travel,2012,0.0
Pakistan,rural,No_travel,2013,0.0
Pakistan,rural,No_travel,2014,0.0
Pakistan,rural,No_travel,2015,0.0
Pakistan,rural,No_travel,2016,0.0
Pakistan,rural,No_travel,2017,0.0
Pakistan,rural,No_travel,2018,0.0
Pakistan,rural,No_travel,2019,0.0
Pakistan,rural,No_travel,2020,0.0
Pakistan,rural,No_travel,2025,0.0
Pakistan,rural,No_travel,2030,0.0
Pakistan,rural,No_travel,2035,0.0
Pakistan,rural,No_travel,2040,0.0
Pakistan,rural,No_travel,2045,0.0
Pakistan,rural,No_travel,2050,0.0
Pakistan,rural,No_travel,2055,0.0
Pakistan,rural,No_travel,2060,0.0
Pakistan,rural,No_travel,2065,0.0
Pakistan,rural,No_travel,2070,0.0
Pakistan,rural,No_travel,2075,0.0
Pakistan,rural,No_travel,2080,0.0
Pakistan,rural,No_travel,2085,0.0
Pakistan,rural,No_travel,2090,0.0
Pakistan,rural,No_travel,2095,0.0
Pakistan,rural,No_travel,2100,0.0
Pakistan,rural,00_01,2011,0.00937229078988372
Pakistan,rural,00_01,2012,0.009360415351631788
Pakistan,rural,00_01,2013,0.0093404316112856
Pakistan,rural,00_01,2014,0.009317566503144794
Pakistan,rural,00_01,2015,0.009293487297126151
Pakistan,rural,00_01,2016,0.009263184982114269
Pakistan,rural,00_01,2017,0.009241347012634394
Pakistan,rural,00_01,2018,0.009209097995900622
Pakistan,rural,00_01,2019,0.009202837772623797
Pakistan,rural,00_01,2020,0.0092248050219046
Pakistan,rural,00_01,2025,0.009117024392724122
Pakistan,rural,00_01,2030,0.009007921039673107
Pakistan,rural,00_01,2035,0.008897626439980141
Pakistan,rural,00_01,2040,0.008779645460321624
Pakistan,rural,00_01,2045,0.008655531128012015
Pakistan,rural,00_01,2050,0.008529138191590686
Pakistan,rural,00_01,2055,0.008402791728118272
Pakistan,rural,00_01,2060,0.008278964422950225
Pakistan,rural,00_01,2065,0.008156878114171439
Pakistan,rural,00_01,2070,0.008037777924373086
Pakistan,rural,00_01,2075,0.007921991312244305
Pakistan,rural,00_01,2080,0.007811616962051288
Pakistan,rural,00_01,2085,0.0077077651134211935
Pakistan,rural,00_01,2090,0.007611307807497088
Pakistan,rural,00_01,2095,0.007521753403936385
Pakistan,rural,00_01,2100,0.007438207111877209
Pakistan,rural,02_05,2011,0.0357129319501618
Pakistan,rural,02_05,2012,0.03566768082344395
Pakistan,rural,02_05,2013,0.03559153316914118
Pakistan,rural,02_05,2014,0.03550440611884232
Pakistan,rural,02_05,2015,0.03541265277217003
Pakistan,rural,02_05,2016,0.035297186389594726
Pakistan,rural,02_05,2017,0.03521397323120593
Pakistan,rural,02_05,2018,0.035091088979544
Pakistan,rural,02_05,2019,0.035067234520384516
Pakistan,rural,02_05,2020,0.03515094029694284
Pakistan,rural,02_05,2025,0.034740244303640665
Pakistan,rural,02_05,2030,0.034324508096730495
Pakistan,rural,02_05,2035,0.03390423266763724
Pakistan,rural,02_05,2040,0.03345466843703248
Pakistan,rural,02_05,2045,0.0329817331853225
Pakistan,rural,02_05,2050,0.032500115356918345
Pakistan,rural,02_05,2055,0.03201867461278306
Pakistan,rural,02_05,2060,0.03154683307241902
Pakistan,rural,02_05,2065,0.031081625564968508
Pakistan,rural,02_05,2070,0.0306277966058723
Pakistan,rural,02_05,2075,0.03018659397010279
Pakistan,rural,02_05,2080,0.029766014653278647
Pakistan,rural,02_05,2085,0.02937028920192706
Pakistan,rural,02_05,2090,0.029002740511879826
Pakistan,rural,02_05,2095,0.028661495197164148
Pakistan,rural,02_05,2100,0.028343143674586742
Pakistan,rural,06_10,2011,0.0564972292407587
Pakistan,rural,06_10,2012,0.056425642755416394
Pakistan,rural,06_10,2013,0.056305178507695335
Pakistan,rural,06_10,2014,0.05616734504891701
Pakistan,rural,06_10,2015,0.056022192870770864
Pakistan,rural,06_10,2016,0.05583952708754528
Pakistan,rural,06_10,2017,0.05570788533682316
Pakistan,rural,06_10,2018,0.055513484615372685
Pakistan,rural,06_10,2019,0.05547574728119277
Pakistan,rural,06_10,2020,0.05560816834518132
Pakistan,rural,06_10,2025,0.05495845451842987
Pakistan,rural,06_10,2030,0.05430076716253691
Pakistan,rural,06_10,2035,0.05363589883711137
Pakistan,rural,06_10,2040,0.052924696143634195
Pakistan,rural,06_10,2045,0.052176520906462895
Pakistan,rural,06_10,2050,0.05141460998591014
Pakistan,rural,06_10,2055,0.05065297920955127
Pakistan,rural,06_10,2060,0.04990653420446289
Pakistan,rural,06_10,2065,0.049170584122581296
Pakistan,rural,06_10,2070,0.048452634703756346
Pakistan,rural,06_10,2075,0.0477546599060141
Pakistan,rural,06_10,2080,0.04708931083555147
Pakistan,rural,06_10,2085,0.046463280142450894
Pakistan,rural,06_10,2090,0.045881824589383516
Pakistan,rural,06_10,2095,0.04534198051274116
Pakistan,rural,06_10,2100,0.04483835401197387
Pakistan,rural,11_20,2011,0.0790926871290141
Pakistan,rural,11_20,2012,0.07899247040044292
Pakistan,rural,11_20,2013,0.07882382777525096
Pakistan,rural,11_20,2014,0.0786308693102507
Pakistan,rural,11_20,2015,0.07842766508295515
Pakistan,rural,11_20,2016,0.0781719440885632
Pakistan,rural,11_20,2017,0.07798765363851987
Pakistan,rural,11_20,2018,0.07771550444384318
Pakistan,rural,11_20,2019,0.07766267446960398
Pakistan,rural,11_20,2020,0.07784805591085495
Pakistan,rural,11_20,2025,0.07693849604193355
Pakistan,rural,11_20,2030,0.07601777371683191
Pakistan,rural,11_20,2035,0.07508699847083213
Pakistan,rural,11_20,2040,0.07409135792568622
Pakistan,rural,11_20,2045,0.07304395806649852
Pakistan,rural,11_20,2050,0.07197732908540888
Pakistan,rural,11_20,2055,0.070911092289164
Pakistan,rural,11_20,2060,0.06986611464973175
Pakistan,rural,11_20,2065,0.06883582926492493
Pakistan,rural,11_20,2070,0.06783074371434694
Pakistan,rural,11_20,2075,0.06685362141926034
Pakistan,rural,11_20,2080,0.0659221731594275
Pakistan,rural,11_20,2085,0.06504576823819568
Pakistan,rural,11_20,2090,0.06423176580380711
Pakistan,rural,11_20,2095,0.06347601690733695
Pakistan,rural,11_20,2100,0.06277097041584759
Pakistan,rural,21_30,2011,0.0462193616190824
Pakistan,rural,21_30,2012,0.04616079800990122
Pakistan,rural,21_30,2013,0.046062248387160186
Pakistan,rural,21_30,2014,0.045949489326935544
Pakistan,rural,21_30,2015,0.04583074295473833
Pakistan,rural,21_30,2016,0.045681307380573126
Pakistan,rural,21_30,2017,0.04557361364474642
Pakistan,rural,21_30,2018,0.04541457792981887
Pakistan,rural,21_30,2019,0.0453837056991194
Pakistan,rural,21_30,2020,0.04549203697703727
Pakistan,rural,21_30,2025,0.04496051784395598
Pakistan,rural,21_30,2030,0.044422475710867
Pakistan,rural,21_30,2035,0.043878558956454775
Pakistan,rural,21_30,2040,0.04329673689339027
Pakistan,rural,21_30,2045,0.042684668260893226
Pakistan,rural,21_30,2050,0.042061362714200135
Pakistan,rural,21_30,2055,0.04143828634840631
Pakistan,rural,21_30,2060,0.04082763318748902
Pakistan,rural,21_30,2065,0.040225565733470595
Pakistan,rural,21_30,2070,0.03963822429639812
Pakistan,rural,21_30,2075,0.03906722373563821
Pakistan,rural,21_30,2080,0.038522913692404306
Pakistan,rural,21_30,2085,0.03801076930270766
Pakistan,rural,21_30,2090,0.03753509102903301
Pakistan,rural,21_30,2095,0.03709345435177358
Pakistan,rural,21_30,2100,0.036681446618425775
Pakistan,rural,31_50,2011,0.0461113884100324
Pakistan,rural,31_50,2012,0.0460529616114993
Pakistan,rural,31_50,2013,0.04595464221086964
Pakistan,rural,31_50,2014,0.04584214656747195
Pakistan,rural,31_50,2015,0.04572367759908172
Pakistan,rural,31_50,2016,0.04557459112187337
Pakistan,rural,31_50,2017,0.045467148969751944
Pakistan,rural,31_50,2018,0.04530848477870297
Pakistan,rural,31_50,2019,0.04527768466872742
Pakistan,rural,31_50,2020,0.04538576287357575
Pakistan,rural,31_50,2025,0.04485548542416251
Pakistan,rural,31_50,2030,0.044318700213144255
Pakistan,rural,31_50,2035,0.04377605410452576
Pakistan,rural,31_50,2040,0.043195591237976394
Pakistan,rural,31_50,2045,0.042584952461108994
Pakistan,rural,31_50,2050,0.041963103020639304
Pakistan,rural,31_50,2055,0.04134148222567859
Pakistan,rural,31_50,2060,0.040732255613702945
Pakistan,rural,31_50,2065,0.04013159465152685
Pakistan,rural,31_50,2070,0.03954562530479806
Pakistan,rural,31_50,2075,0.03897595866040468
Pakistan,rural,31_50,2080,0.03843292018172787
Pakistan,rural,31_50,2085,0.037921972214294865
Pakistan,rural,31_50,2090,0.03744740517426527
Pakistan,rural,31_50,2095,0.037006800205960866
Pakistan,rural,31_50,2100,0.03659575496529069
Pakistan,rural,51+,2011,0.0228571795411535
Pakistan,rural,51+,2012,0.022828217675763315
Pakistan,rural,51+,2013,0.022779481251420864
Pakistan,rural,51+,2014,0.022723717735998742
Pakistan,rural,51+,2015,0.022664993273909854
Pakistan,rural,51+,2016,0.02259109186919813
Pakistan,rural,51+,2017,0.022537833343571238
Pakistan,rural,51+,2018,0.022459184315064232
Pakistan,rural,51+,2019,0.022443916857981
Pakistan,rural,51+,2020,0.0224974906716935
Pakistan,rural,51+,2025,0.022234634850478927
Pakistan,rural,51+,2030,0.021968553165100504
Pakistan,rural,51+,2035,0.021699566262739035
Pakistan,rural,51+,2040,0.021411833786767767
Pakistan,rural,51+,2045,0.021109143266292964
Pakistan,rural,51+,2050,0.02080089567717268
Pakistan,rural,51+,2055,0.020492761426462495
Pakistan,rural,51+,2060,0.020190770908906395
Pakistan,rural,51+,2065,0.01989302634017348
Pakistan,rural,51+,2070,0.019602564330123088
Pakistan,rural,51+,2075,0.019320183486290745
Pakistan,rural,51+,2080,0.019051002088096926
Pakistan,rural,51+,2085,0.01879772779229926
Pakistan,rural,51+,2090,0.01856248733625803
Pakistan,rural,51+,2095,0.018344081705577286
Pakistan,rural,51+,2100,0.018140328680793266
Sri Lanka,large_city,No_travel,2011,0.0
Sri Lanka,large_city,No_travel,2012,0.0
Sri Lanka,large_city,No_travel,2013,0.0
Sri Lanka,large_city,No_travel,2014,0.0
Sri Lanka,large_city,No_travel,2015,0.0
Sri Lanka,large_city,No_travel,2016,0.0
Sri Lanka,large_city,No_travel,2017,0.0
Sri Lanka,large_city,No_travel,2018,0.0
Sri Lanka,large_city,No_travel,2019,0.0
Sri Lanka,large_city,No_travel,2020,0.0
Sri Lanka,large_city,No_travel,2025,0.0
Sri Lanka,large_city,No_travel,2030,0.0
Sri Lanka,large_city,No_travel,2035,0.0
Sri Lanka,large_city,No_travel,2040,0.0
Sri Lanka,large_city,No_travel,2045,0.0
Sri Lanka,large_city,No_travel,2050,0.0
Sri Lanka,large_city,No_travel,2055,0.0
Sri Lanka,large_city,No_travel,2060,0.0
Sri Lanka,large_city,No_travel,2065,0.0
Sri Lanka,large_city,No_travel,2070,0.0
Sri Lanka,large_city,No_travel,2075,0.0
Sri Lanka,large_city,No_travel,2080,0.0
Sri Lanka,large_city,No_travel,2085,0.0
Sri Lanka,large_city,No_travel,2090,0.0
Sri Lanka,large_city,No_travel,2095,0.0
Sri Lanka,large_city,No_travel,2100,0.0
Sri Lanka,large_city,00_01,2011,0.0204991553484746
Sri Lanka,large_city,00_01,2012,0.020391907080257794
Sri Lanka,large_city,00_01,2013,0.020342576777247934
Sri Lanka,large_city,00_01,2014,0.020261456927072274
Sri Lanka,large_city,00_01,2015,0.020209087433533675
Sri Lanka,large_city,00_01,2016,0.02014430041812667
Sri Lanka,large_city,00_01,2017,0.02005955180848956
Sri Lanka,large_city,00_01,2018,0.02003131841921953
Sri Lanka,large_city,00_01,2019,0.02003916919500443
Sri Lanka,large_city,00_01,2020,0.020112012745864535
Sri Lanka,large_city,00_01,2025,0.02018292193197573
Sri Lanka,large_city,00_01,2030,0.02001694019510252
Sri Lanka,large_city,00_01,2035,0.019836305091360473
Sri Lanka,large_city,00_01,2040,0.019647340328932474
Sri Lanka,large_city,00_01,2045,0.019451205414947433
Sri Lanka,large_city,00_01,2050,0.01924981305554412
Sri Lanka,large_city,00_01,2055,0.01904667771712971
Sri Lanka,large_city,00_01,2060,0.018847983451991478
Sri Lanka,large_city,00_01,2065,0.01865779529116191
Sri Lanka,large_city,00_01,2070,0.018477627178494677
Sri Lanka,large_city,00_01,2075,0.01830144202272096
Sri Lanka,large_city,00_01,2080,0.0181343886063764
Sri Lanka,large_city,00_01,2085,0.01797622678414622
Sri Lanka,large_city,00_01,2090,0.017830372022923976
Sri Lanka,large_city,00_01,2095,0.017696464891652514
Sri Lanka,large_city,00_01,2100,0.017569667336661803
Sri Lanka,large_city,02_05,2011,0.0599141683583879
Sri Lanka,large_city,02_05,2012,0.05960070711138264
Sri Lanka,large_city,02_05,2013,0.059456526337616125
Sri Lanka,large_city,02_05,2014,0.05921943225846943
Sri Lanka,large_city,02_05,2015,0.05906636865173167
Sri Lanka,large_city,02_05,2016,0.058877011574205954
Sri Lanka,large_city,02_05,2017,0.05862931149195281
Sri Lanka,large_city,02_05,2018,0.05854679199252484
Sri Lanka,large_city,02_05,2019,0.05856973794781539
Sri Lanka,large_city,02_05,2020,0.05878264236733237
Sri Lanka,large_city,02_05,2025,0.05898989309755031
Sri Lanka,large_city,02_05,2030,0.058504767854173925
Sri Lanka,large_city,02_05,2035,0.05797681429545126
Sri Lanka,large_city,02_05,2040,0.05742451512031689
Sri Lanka,large_city,02_05,2045,0.0568512592930551
Sri Lanka,large_city,02_05,2050,0.05626263719998525
Sri Lanka,large_city,02_05,2055,0.055668920792728276
Sri Lanka,large_city,02_05,2060,0.055088184589164445
Sri Lanka,large_city,02_05,2065,0.05453230971071181
Sri Lanka,large_city,02_05,2070,0.05400572105612314
Sri Lanka,large_city,02_05,2075,0.05349077363971358
Sri Lanka,large_city,02_05,2080,0.05300251613146181
Sri Lanka,large_city,02_05,2085,0.05254024664357907
Sri Lanka,large_city,02_05,2090,0.05211394777559218
Sri Lanka,large_city,02_05,2095,0.05172256899578386
Sri Lanka,large_city,02_05,2100,0.051351969820939786
Sri Lanka,large_city,06_10,2011,0.0468854192381946
Sri Lanka,large_city,06_10,2012,0.04664012230120205
Sri Lanka,large_city,06_10,2013,0.04652729463106409
Sri Lanka,large_city,06_10,2014,0.04634175829459702
Sri Lanka,large_city,06_10,2015,0.046221979424779736
Sri Lanka,large_city,06_10,2016,0.04607379934970289
Sri Lanka,large_city,06_10,2017,0.045879963358651396
Sri Lanka,large_city,06_10,2018,0.04581538829348713
Sri Lanka,large_city,06_10,2019,0.045833344492548146
Sri Lanka,large_city,06_10,2020,0.04599995137770105
Sri Lanka,large_city,06_10,2025,0.046162134007284854
Sri Lanka,large_city,06_10,2030,0.045782502593848924
Sri Lanka,large_city,06_10,2035,0.04536935617761325
Sri Lanka,large_city,06_10,2040,0.04493715826715926
Sri Lanka,large_city,06_10,2045,0.04448856087311491
Sri Lanka,large_city,06_10,2050,0.04402793871373915
Sri Lanka,large_city,06_10,2055,0.04356333003393026
Sri Lanka,large_city,06_10,2060,0.04310887892300074
Sri Lanka,large_city,06_10,2065,0.04267388287057563
Sri Lanka,large_city,06_10,2070,0.04226180455065666
Sri Lanka,large_city,06_10,2075,0.04185883600138851
Sri Lanka,large_city,06_10,2080,0.041476753455676675
Sri Lanka,large_city,06_10,2085,0.04111500765607277
Sri Lanka,large_city,06_10,2090,0.040781410416989426
Sri Lanka,large_city,06_10,2095,0.04047513965207648
Sri Lanka,large_city,06_10,2100,0.04018512982371739
Sri Lanka,large_city,11_20,2011,0.0406330553046253
Sri Lanka,large_city,11_20,2012,0.040420469725380784
Sri Lanka,large_city,11_20,2013,0.04032268809017098
Sri Lanka,large_city,11_20,2014,0.0401618937890177
Sri Lanka,large_city,11_20,2015,0.0400580879252611
Sri Lanka,large_city,11_20,2016,0.03992966827404604
Sri Lanka,large_city,11_20,2017,0.03976168111146126
Sri Lanka,large_city,11_20,2018,0.03970571739743773
Sri Lanka,large_city,11_20,2019,0.039721279063332206
Sri Lanka,large_city,11_20,2020,0.039865668233537904
Sri Lanka,large_city,11_20,2025,0.04000622314089298
Sri Lanka,large_city,11_20,2030,0.039677217141412674
Sri Lanka,large_city,11_20,2035,0.039319165502916587
Sri Lanka,large_city,11_20,2040,0.038944602965493125
Sri Lanka,large_city,11_20,2045,0.03855582788322052
Sri Lanka,large_city,11_20,2050,0.03815663158764375
Sri Lanka,large_city,11_20,2055,0.037753980390567446
Sri Lanka,large_city,11_20,2060,0.03736013220868738
Sri Lanka,large_city,11_20,2065,0.03698314467305958
Sri Lanka,large_city,11_20,2070,0.03662601869583329
Sri Lanka,large_city,11_20,2075,0.036276787663787856
Sri Lanka,large_city,11_20,2080,0.035945657400625074
Sri Lanka,large_city,11_20,2085,0.035632151894641514
Sri Lanka,large_city,11_20,2090,0.03534304122259485
Sri Lanka,large_city,11_20,2095,0.03507761292673865
Sri Lanka,large_city,11_20,2100,0.03482627710451357
Sri Lanka,large_city,21_30,2011,0.0412215199580625
Sri Lanka,large_city,21_30,2012,0.041005855626844306
Sri Lanka,large_city,21_30,2013,0.040906657877693646
Sri Lanka,large_city,21_30,2014,0.040743534887201276
Sri Lanka,large_city,21_30,2015,0.04063822566414318
Sri Lanka,large_city,21_30,2016,0.04050794618661232
Sri Lanka,large_city,21_30,2017,0.04033752616470473
Sri Lanka,large_city,21_30,2018,0.040280751961109806
Sri Lanka,large_city,21_30,2019,0.040296538997463355
Sri Lanka,large_city,21_30,2020,0.04044301927114056
Sri Lanka,large_city,21_30,2025,0.04058560975259228
Sri Lanka,large_city,21_30,2030,0.0402518389526309
Sri Lanka,large_city,21_30,2035,0.03988860186273863
Sri Lanka,large_city,21_30,2040,0.03950861475627593
Sri Lanka,large_city,21_30,2045,0.03911420927303201
Sri Lanka,large_city,21_30,2050,0.03870923165217786
Sri Lanka,large_city,21_30,2055,0.038300749094516744
Sri Lanka,large_city,21_30,2060,0.03790119704094602
Sri Lanka,large_city,21_30,2065,0.037518749816455546
Sri Lanka,large_city,21_30,2070,0.03715645179364109
Sri Lanka,large_city,21_30,2075,0.036802163053857424
Sri Lanka,large_city,21_30,2080,0.03646623722575142
Sri Lanka,large_city,21_30,2085,0.03614819140382199
Sri Lanka,large_city,21_30,2090,0.03585489371186862
Sri Lanka,large_city,21_30,2095,0.03558562137403816
Sri Lanka,large_city,21_30,2100,0.03533064560285001
Sri Lanka,large_city,31_50,2011,0.0600379215385309
Sri Lanka,large_city,31_50,2012,0.059723812834885065
Sri Lanka,large_city,31_50,2013,0.05957933425461037
Sri Lanka,large_city,31_50,2014,0.059341750455801506
Sri Lanka,large_city,31_50,2015,0.05918837069499507
Sri Lanka,large_city,31_50,2016,0.05899862249895484
Sri Lanka,large_city,31_50,2017,0.05875041079025773
Sri Lanka,large_city,31_50,2018,0.0586677208461627
Sri Lanka,large_city,31_50,2019,0.05869071419650215
Sri Lanka,large_city,31_50,2020,0.058904058371751424
Sri Lanka,large_city,31_50,2025,0.05911173717996251
Sri Lanka,large_city,31_50,2030,0.05862560990662759
Sri Lanka,large_city,31_50,2035,0.05809656585572837
Sri Lanka,large_city,31_50,2040,0.057543125902357634
Sri Lanka,large_city,31_50,2045,0.05696868601073172
Sri Lanka,large_city,31_50,2050,0.05637884811415636
Sri Lanka,large_city,31_50,2055,0.055783905381048354
Sri Lanka,large_city,31_50,2060,0.05520196966234504
Sri Lanka,large_city,31_50,2065,0.05464494662001306
Sri Lanka,large_city,31_50,2070,0.05411727029246793
Sri Lanka,large_city,31_50,2075,0.05360125924816978
Sri Lanka,large_city,31_50,2080,0.05311199324024206
Sri Lanka,large_city,31_50,2085,0.052648768931141295
Sri Lanka,large_city,31_50,2090,0.052221589539531196
Sri Lanka,large_city,31_50,2095,0.051829402363813046
Sri Lanka,large_city,31_50,2100,0.0514580377134946
Sri Lanka,large_city,51+,2011,0.0683410685329549
Sri Lanka,large_city,51+,2012,0.06798351910598346
Sri Lanka,large_city,51+,2013,0.06781905937281697
Sri Lanka,large_city,51+,2014,0.06754861812067776
Sri Lanka,large_city,51+,2015,0.06737402618817534
Sri Lanka,large_city,51+,2016,0.06715803612494059
Sri Lanka,large_city,51+,2017,0.06687549714024466
Sri Lanka,large_city,51+,2018,0.06678137131124244
Sri Lanka,large_city,51+,2019,0.06680754460457242
Sri Lanka,large_city,51+,2020,0.0670503939326002
Sri Lanka,large_city,51+,2025,0.06728679438253396
Sri Lanka,large_city,51+,2030,0.06673343649719479
Sri Lanka,large_city,51+,2035,0.06613122651368876
Sri Lanka,large_city,51+,2040,0.06550124671403977
Sri Lanka,large_city,51+,2045,0.06484736271879728
Sri Lanka,large_city,51+,2050,0.06417595119954074
Sri Lanka,large_city,51+,2055,0.06349872885315382
Sri Lanka,large_city,51+,2060,0.06283631237012893
Sri Lanka,large_city,51+,2065,0.06220225394613745
Sri Lanka,large_city,51+,2070,0.06160160083990298
Sri Lanka,large_city,51+,2075,0.06101422630663389
Sri Lanka,large_city,51+,2080,0.060457295604807795
Sri Lanka,large_city,51+,2085,0.05993000812644182
Sri Lanka,large_city,51+,2090,0.05944375051908685
Sri Lanka,large_city,51+,2095,0.05899732449422356
Sri Lanka,large_city,51+,2100,0.05857460071618868
Sri Lanka,city,No_travel,2011,0.0
Sri Lanka,city,No_travel,2012,0.0
Sri Lanka,city,No_travel,2013,0.0
Sri Lanka,city,No_travel,2014,0.0
Sri Lanka,city,No_travel,2015,0.0
Sri Lanka,city,No_travel,2016,0.0
Sri Lanka,city,No_travel,2017,0.0
Sri Lanka,city,No_travel,2018,0.0
Sri Lanka,city,No_travel,2019,0.0
Sri Lanka,city,No_travel,2020,0.0
Sri Lanka,city,No_travel,2025,0.0
Sri Lanka,city,No_travel,2030,0.0
Sri Lanka,city,No_travel,2035,0.0
Sri Lanka,city,No_travel,2040,0.0
Sri Lanka,city,No_travel,2045,0.0
Sri Lanka,city,No_travel,2050,0.0
Sri Lanka,city,No_travel,2055,0.0
Sri Lanka,city,No_travel,2060,0.0
Sri Lanka,city,No_travel,2065,0.0
Sri Lanka,city,No_travel,2070,0.0
Sri Lanka,city,No_travel,2075,0.0
Sri Lanka,city,No_travel,2080,0.0
Sri Lanka,city,No_travel,2085,0.0
Sri Lanka,city,No_travel,2090,0.0
Sri Lanka,city,No_travel,2095,0.0
Sri Lanka,city,No_travel,2100,0.0
Sri Lanka,city,00_01,2011,0.0195275670690455
Sri Lanka,city,00_01,2012,0.019425401993702605
Sri Lanka,city,00_01,2013,0.019378409774550846
Sri Lanka,city,00_01,2014,0.019301134721603167
Sri Lanka,city,00_01,2015,0.019251247358925902
Sri Lanka,city,00_01,2016,0.0191895310214936
Sri Lanka,city,00_01,2017,0.019108799199593428
Sri Lanka,city,00_01,2018,0.019081903974244648
Sri Lanka,city,00_01,2019,0.019089382650710945
Sri Lanka,city,00_01,2020,0.019158773671989
Sri Lanka,city,00_01,2025,0.019226322010642904
Sri Lanka,city,00_01,2030,0.019068207227671153
Sri Lanka,city,00_01,2035,0.01889613359617837
Sri Lanka,city,00_01,2040,0.018716125102693118
Sri Lanka,city,00_01,2045,0.01852928629776112
Sri Lanka,city,00_01,2050,0.018337439231938764
Sri Lanka,city,00_01,2055,0.018143931798215364
Sri Lanka,city,00_01,2060,0.017954654946424967
Sri Lanka,city,00_01,2065,0.017773481039344244
Sri Lanka,city,00_01,2070,0.017601852265182363
Sri Lanka,city,00_01,2075,0.01743401766968536
Sri Lanka,city,00_01,2080,0.01727488200110161
Sri Lanka,city,00_01,2085,0.017124216496164496
Sri Lanka,city,00_01,2090,0.01698527474058046
Sri Lanka,city,00_01,2095,0.016857714339067548
Sri Lanka,city,00_01,2100,0.016736926544781365
Sri Lanka,city,02_05,2011,0.0495217408664981
Sri Lanka,city,02_05,2012,0.04926265112076335
Sri Lanka,city,02_05,2013,0.049143479260216325
Sri Lanka,city,02_05,2014,0.04894751039558566
Sri Lanka,city,02_05,2015,0.048820996476146475
Sri Lanka,city,02_05,2016,0.04866448437923521
Sri Lanka,city,02_05,2017,0.04845974917849644
Sri Lanka,city,02_05,2018,0.048391543120078664
Sri Lanka,city,02_05,2019,0.04841050897878901
Sri Lanka,city,02_05,2020,0.048586484007426385
Sri Lanka,city,02_05,2025,0.04875778600889711
Sri Lanka,city,02_05,2030,0.04835680828946058
Sri Lanka,city,02_05,2035,0.04792043105113831
Sri Lanka,city,02_05,2040,0.04746393107156451
Sri Lanka,city,02_05,2045,0.046990109481351384
Sri Lanka,city,02_05,2050,0.04650358698492054
Sri Lanka,city,02_05,2055,0.04601285380988095
Sri Lanka,city,02_05,2060,0.04553284935396238
Sri Lanka,city,02_05,2065,0.04507339389560962
Sri Lanka,city,02_05,2070,0.04463814481162351
Sri Lanka,city,02_05,2075,0.044212517731852204
Sri Lanka,city,02_05,2080,0.04380895105535037
Sri Lanka,city,02_05,2085,0.04342686464045627
Sri Lanka,city,02_05,2090,0.04307450955232672
Sri Lanka,city,02_05,2095,0.04275101747949383
Sri Lanka,city,02_05,2100,0.04244470067989834
Sri Lanka,city,06_10,2011,0.0572198770303753
Sri Lanka,city,06_10,2012,0.05692051188021349
Sri Lanka,city,06_10,2013,0.056782814798352725
Sri Lanka,city,06_10,2014,0.05655638264674122
Sri Lanka,city,06_10,2015,0.05641020218566946
Sri Lanka,city,06_10,2016,0.056229360341616116
Sri Lanka,city,06_10,2017,0.0559927991302152
Sri Lanka,city,06_10,2018,0.05591399046543274
Sri Lanka,city,06_10,2019,0.05593590455981216
Sri Lanka,city,06_10,2020,0.05613923484107573
Sri Lanka,city,06_10,2025,0.05633716567484097
Sri Lanka,city,06_10,2030,0.055873856118338686
Sri Lanka,city,06_10,2035,0.05536964420093117
Sri Lanka,city,06_10,2040,0.05484218146964313
Sri Lanka,city,06_10,2045,0.05429470448979662
Sri Lanka,city,06_10,2050,0.05373255225259372
Sri Lanka,city,06_10,2055,0.05316553478836142
Sri Lanka,city,06_10,2060,0.05261091381863953
Sri Lanka,city,06_10,2065,0.052080036180497676
Sri Lanka,city,06_10,2070,0.05157712778859748
Sri Lanka,city,06_10,2075,0.05108533713788173
Sri Lanka,city,06_10,2080,0.05061903617190308
Sri Lanka,city,06_10,2085,0.050177554566194674
Sri Lanka,city,06_10,2090,0.04977042601091727
Sri Lanka,city,06_10,2095,0.049396647215908834
Sri Lanka,city,06_10,2100,0.04904271358396236
Sri Lanka,city,11_20,2011,0.0736255863590152
Sri Lanka,city,11_20,2012,0.07324038918873087
Sri Lanka,city,11_20,2013,0.07306321249912452
Sri Lanka,city,11_20,2014,0.07277185920026859
Sri Lanka,city,11_20,2015,0.0725837668323852
Sri Lanka,city,11_20,2016,0.07235107519623218
Sri Lanka,city,11_20,2017,0.07204668869973646
Sri Lanka,city,11_20,2018,0.07194528452943914
Sri Lanka,city,11_20,2019,0.07197348168979577
Sri Lanka,city,11_20,2020,0.07223510950096053
Sri Lanka,city,11_20,2025,0.07248978977031445
Sri Lanka,city,11_20,2030,0.0718936431245412
Sri Lanka,city,11_20,2035,0.07124486686015628
Sri Lanka,city,11_20,2040,0.07056617346043097
Sri Lanka,city,11_20,2045,0.0698617274575522
Sri Lanka,city,11_20,2050,0.06913839860340028
Sri Lanka,city,11_20,2055,0.06840880959610927
Sri Lanka,city,11_20,2060,0.06769517132524926
Sri Lanka,city,11_20,2065,0.06701208391888636
Sri Lanka,city,11_20,2070,0.06636498491832636
Sri Lanka,city,11_20,2075,0.0657321912650718
Sri Lanka,city,11_20,2080,0.06513219553243979
Sri Lanka,city,11_20,2085,0.06456413520491154
Sri Lanka,city,11_20,2090,0.06404027741000776
Sri Lanka,city,11_20,2095,0.0635593312007656
Sri Lanka,city,11_20,2100,0.06310392003009144
Sri Lanka,city,21_30,2011,0.0391220097897899
Sri Lanka,city,21_30,2012,0.0389173297565012
Sri Lanka,city,21_30,2013,0.038823184384924776
Sri Lanka,city,21_30,2014,0.03866836963676713
Sri Lanka,city,21_30,2015,0.03856842406320203
Sri Lanka,city,21_30,2016,0.038444780029683705
Sri Lanka,city,21_30,2017,0.03828303990529654
Sri Lanka,city,21_30,2018,0.03822915734708162
Sri Lanka,city,21_30,2019,0.03824414031208154
Sri Lanka,city,21_30,2020,0.038383159996621084
Sri Lanka,city,21_30,2025,0.038518488005315585
Sri Lanka,city,21_30,2030,0.03820171694697228
Sri Lanka,city,21_30,2035,0.03785698038700949
Sri Lanka,city,21_30,2040,0.03749634692870538
Sri Lanka,city,21_30,2045,0.03712202945588261
Sri Lanka,city,21_30,2050,0.0367376783095925
Sri Lanka,city,21_30,2055,0.036350000741272974
Sri Lanka,city,21_30,2060,0.03597079882520517
Sri Lanka,city,21_30,2065,0.03560783054854249
Sri Lanka,city,21_30,2070,0.03526398522673513
Sri Lanka,city,21_30,2075,0.03492774125610207
Sri Lanka,city,21_30,2080,0.034608924930329105
Sri Lanka,city,21_30,2085,0.03430707793944222
Sri Lanka,city,21_30,2090,0.034028718597341384
Sri Lanka,city,21_30,2095,0.033773160940868734
Sri Lanka,city,21_30,2100,0.03353117169285628
Sri Lanka,city,31_50,2011,0.0678243479409768
Sri Lanka,city,31_50,2012,0.06746950191264299
Sri Lanka,city,31_50,2013,0.0673062856445335
Sri Lanka,city,31_50,2014,0.06703788917405927
Sri Lanka,city,31_50,2015,0.06686461731524977
Sri Lanka,city,31_50,2016,0.06665026033320226
Sri Lanka,city,31_50,2017,0.06636985760002481
Sri Lanka,city,31_50,2018,0.06627644344783898
Sri Lanka,city,31_50,2019,0.066302418847283
Sri Lanka,city,31_50,2020,0.06654343201366986
Sri Lanka,city,31_50,2025,0.06677804506134233
Sri Lanka,city,31_50,2030,0.06622887106455257
Sri Lanka,city,31_50,2035,0.06563121433585878
Sri Lanka,city,31_50,2040,0.06500599775607153
Sri Lanka,city,31_50,2045,0.06435705771813553
Sri Lanka,city,31_50,2050,0.06369072268019745
Sri Lanka,city,31_50,2055,0.06301862075026343
Sri Lanka,city,31_50,2060,0.06236121273790769
Sri Lanka,city,31_50,2065,0.061731948371884976
Sri Lanka,city,31_50,2070,0.061135836749055567
Sri Lanka,city,31_50,2075,0.06055290330111129
Sri Lanka,city,31_50,2080,0.06000018350157449
Sri Lanka,city,31_50,2085,0.05947688279578631
Sri Lanka,city,31_50,2090,0.05899430173789302
Sri Lanka,city,31_50,2095,0.05855125109952564
Sri Lanka,city,31_50,2100,0.058131723497458127
Sri Lanka,city,51+,2011,0.0385852189262921
Sri Lanka,city,51+,2012,0.038383347296058364
Sri Lanka,city,51+,2013,0.038290493687752135
Sri Lanka,city,51+,2014,0.03813780314391815
Sri Lanka,city,51+,2015,0.0380392289178637
Sri Lanka,city,51+,2016,0.03791728139707249
Sri Lanka,city,51+,2017,0.037757760499700976
Sri Lanka,city,51+,2018,0.03770461726099206
Sri Lanka,city,51+,2019,0.037719394645584346
Sri Lanka,city,51+,2020,0.03785650684896666
Sri Lanka,city,51+,2025,0.037989978029777494
Sri Lanka,city,51+,2030,0.037677553369046504
Sri Lanka,city,51+,2035,0.03733754691974766
Sri Lanka,city,51+,2040,0.03698186169254235
Sri Lanka,city,51+,2045,0.03661268020840059
Sri Lanka,city,51+,2050,0.03623360272225248
Sri Lanka,city,51+,2055,0.03585124445572177
Sri Lanka,city,51+,2060,0.03547724554750198
Sri Lanka,city,51+,2065,0.035119257537847524
Sri Lanka,city,51+,2070,0.03478013009807625
Sri Lanka,city,51+,2075,0.03444849971177364
Sri Lanka,city,51+,2080,0.034134057846610666
Sri Lanka,city,51+,2085,0.033836352481058284
Sri Lanka,city,51+,2090,0.03356181249160349
Sri Lanka,city,51+,2095,0.03330976132714975
Sri Lanka,city,51+,2100,0.033071092399798115
Sri Lanka,town,No_travel,2011,0.0
Sri Lanka,town,No_travel,2012,0.0
Sri Lanka,town,No_travel,2013,0.0
Sri Lanka,town,No_travel,2014,0.0
Sri Lanka,town,No_travel,2015,0.0
Sri Lanka,town,No_travel,2016,0.0
Sri Lanka,town,No_travel,2017,0.0
Sri Lanka,town,No_travel,2018,0.0
Sri Lanka,town,No_travel,2019,0.0
Sri Lanka,town,No_travel,2020,0.0
Sri Lanka,town,No_travel,2025,0.0
Sri Lanka,town,No_travel,2030,0.0
Sri Lanka,town,No_travel,2035,0.0
Sri Lanka,town,No_travel,2040,0.0
Sri Lanka,town,No_travel,2045,0.0
Sri Lanka,town,No_travel,2050,0.0
Sri Lanka,town,No_travel,2055,0.0
Sri Lanka,town,No_travel,2060,0.0
Sri Lanka,town,No_travel,2065,0.0
Sri Lanka,town,No_travel,2070,0.0
Sri Lanka,town,No_travel,2075,0.0
Sri Lanka,town,No_travel,2080,0.0
Sri Lanka,town,No_travel,2085,0.0
Sri Lanka,town,No_travel,2090,0.0
Sri Lanka,town,No_travel,2095,0.0
Sri Lanka,town,No_travel,2100,0.0
Sri Lanka,town,00_01,2011,0.0129968328827312
Sri Lanka,town,00_01,2012,0.012928835553315386
Sri Lanka,town,00_01,2013,0.012897559254688704
Sri Lanka,town,00_01,2014,0.012846127811866661
Sri Lanka,town,00_01,2015,0.012812924611827247
Sri Lanka,town,00_01,2016,0.01277184847976708
Sri Lanka,town,00_01,2017,0.01271811633823378
Sri Lanka,town,00_01,2018,0.012700215862052309
Sri Lanka,town,00_01,2019,0.012705193394986792
Sri Lanka,town,00_01,2020,0.012751377515308802
Sri Lanka,town,00_01,2025,0.012796335213617395
Sri Lanka,town,00_01,2030,0.012691099809570023
Sri Lanka,town,00_01,2035,0.012576573907591097
Sri Lanka,town,00_01,2040,0.01245676685231238
Sri Lanka,town,00_01,2045,0.012332413792091186
Sri Lanka,town,00_01,2050,0.012204727416992878
Sri Lanka,town,00_01,2055,0.012075935961878335
Sri Lanka,town,00_01,2060,0.011949960227031734
Sri Lanka,town,00_01,2065,0.011829377515180641
Sri Lanka,town,00_01,2070,0.011715147693935479
Sri Lanka,town,00_01,2075,0.011603443138938808
Sri Lanka,town,00_01,2080,0.011497528270847369
Sri Lanka,town,00_01,2085,0.01139725083321593
Sri Lanka,town,00_01,2090,0.0113047762934346
Sri Lanka,town,00_01,2095,0.011219876765753785
Sri Lanka,town,00_01,2100,0.011139484837201676
Sri Lanka,town,02_05,2011,0.0454311662241691
Sri Lanka,town,02_05,2012,0.04519347770394553
Sri Lanka,town,02_05,2013,0.045084149628820895
Sri Lanka,town,02_05,2014,0.04490436810442339
Sri Lanka,town,02_05,2015,0.044788304436160845
Sri Lanka,town,02_05,2016,0.04464472048764745
Sri Lanka,town,02_05,2017,0.04445689674046182
Sri Lanka,town,02_05,2018,0.044394324611064614
Sri Lanka,town,02_05,2019,0.04441172385964872
Sri Lanka,town,02_05,2020,0.044573163070739455
Sri Lanka,town,02_05,2025,0.04473031525414774
Sri Lanka,town,02_05,2030,0.04436245893275915
Sri Lanka,town,02_05,2035,0.043962127149106627
Sri Lanka,town,02_05,2040,0.043543334794668674
Sri Lanka,town,02_05,2045,0.043108651622209046
Sri Lanka,town,02_05,2050,0.04266231665860722
Sri Lanka,town,02_05,2055,0.042212118825153834
Sri Lanka,town,02_05,2060,0.041771763501540174
Sri Lanka,town,02_05,2065,0.04135025979557601
Sri Lanka,town,02_05,2070,0.040950962978915276
Sri Lanka,town,02_05,2075,0.04056049337360139
Sri Lanka,town,02_05,2080,0.04019026194712313
Sri Lanka,town,02_05,2085,0.039839736478443695
Sri Lanka,town,02_05,2090,0.03951648648160091
Sri Lanka,town,02_05,2095,0.039219715369036595
Sri Lanka,town,02_05,2100,0.03893870082479442
Sri Lanka,town,06_10,2011,0.0569320146292085
Sri Lanka,town,06_10,2012,0.056634155528612395
Sri Lanka,town,06_10,2013,0.05649715117478034
Sri Lanka,town,06_10,2014,0.056271858160584824
Sri Lanka,town,06_10,2015,0.05612641310582136
Sri Lanka,town,06_10,2016,0.0559464810429518
Sri Lanka,town,06_10,2017,0.05571110992635484
Sri Lanka,town,06_10,2018,0.05563269773308987
Sri Lanka,town,06_10,2019,0.055654501581796724
Sri Lanka,town,06_10,2020,0.055856808946793575
Sri Lanka,town,06_10,2025,0.05605374402789331
Sri Lanka,town,06_10,2030,0.05559276529432075
Sri Lanka,town,06_10,2035,0.0550910899719004
Sri Lanka,town,06_10,2040,0.054566280806055606
Sri Lanka,town,06_10,2045,0.054021558079559176
Sri Lanka,town,06_10,2050,0.05346223392415619
Sri Lanka,town,06_10,2055,0.05289806901776267
Sri Lanka,town,06_10,2060,0.05234623824145551
Sri Lanka,town,06_10,2065,0.05181803134850872
Sri Lanka,town,06_10,2070,0.05131765299380491
Sri Lanka,town,06_10,2075,0.0508283364490281
Sri Lanka,town,06_10,2080,0.05036438135519563
Sri Lanka,town,06_10,2085,0.049925120760116494
Sri Lanka,town,06_10,2090,0.04952004039175573
Sri Lanka,town,06_10,2095,0.04914814200731476
Sri Lanka,town,06_10,2100,0.048795988948666116
Sri Lanka,town,11_20,2011,0.0621547171877937
Sri Lanka,town,11_20,2012,0.06182953375137507
Sri Lanka,town,11_20,2013,0.06167996119678715
Sri Lanka,town,11_20,2014,0.06143400075303845
Sri Lanka,town,11_20,2015,0.06127521318326661
Sri Lanka,town,11_20,2016,0.061078774912927666
Sri Lanka,town,11_20,2017,0.06082181184423004
Sri Lanka,town,11_20,2018,0.060736206447544176
Sri Lanka,town,11_20,2019,0.060760010489238576
Sri Lanka,town,11_20,2020,0.060980876677415516
Sri Lanka,town,11_20,2025,0.06119587775106151
Sri Lanka,town,11_20,2030,0.06069261077550484
Sri Lanka,town,11_20,2035,0.060144913877929494
Sri Lanka,town,11_20,2040,0.05957196093584425
Sri Lanka,town,11_20,2045,0.058977267647162004
Sri Lanka,town,11_20,2050,0.05836663345615731
Sri Lanka,town,11_20,2055,0.05775071444411207
Sri Lanka,town,11_20,2060,0.0571482610431517
Sri Lanka,town,11_20,2065,0.056571598680831094
Sri Lanka,town,11_20,2070,0.056025317729312595
Sri Lanka,town,11_20,2075,0.055491113351442085
Sri Lanka,town,11_20,2080,0.054984596976906504
Sri Lanka,town,11_20,2085,0.054505040470137836
Sri Lanka,town,11_20,2090,0.05406279973971982
Sri Lanka,town,11_20,2095,0.05365678496827579
Sri Lanka,town,11_20,2100,0.05327232687541405
Sri Lanka,town,21_30,2011,0.0318021562733665
Sri Lanka,town,21_30,2012,0.03163577253082207
Sri Lanka,town,21_30,2013,0.031559242060241056
Sri Lanka,town,21_30,2014,0.03143339364803561
Sri Lanka,town,21_30,2015,0.03135214821186228
Sri Lanka,town,21_30,2016,0.03125163837360634
Sri Lanka,town,21_30,2017,0.03112016034527721
Sri Lanka,town,21_30,2018,0.031076359386533855
Sri Lanka,town,21_30,2019,0.031088538990724085
Sri Lanka,town,21_30,2020,0.03120154764637742
Sri Lanka,town,21_30,2025,0.031311555350577454
Sri Lanka,town,21_30,2030,0.0310540531733007
Sri Lanka,town,21_30,2035,0.030773817929457454
Sri Lanka,town,21_30,2040,0.030480660147942228
Sri Lanka,town,21_30,2045,0.03017637867491657
Sri Lanka,town,21_30,2050,0.029863940860912555
Sri Lanka,town,21_30,2055,0.029548799009110407
Sri Lanka,town,21_30,2060,0.029240546987837828
Sri Lanka,town,21_30,2065,0.028945491239967897
Sri Lanka,town,21_30,2070,0.028665980480762535
Sri Lanka,town,21_30,2075,0.028392648835545257
Sri Lanka,town,21_30,2080,0.028133484066935173
Sri Lanka,town,21_30,2085,0.027888113616224446
Sri Lanka,town,21_30,2090,0.027661836199874723
Sri Lanka,town,21_30,2095,0.02745409420063522
Sri Lanka,town,21_30,2100,0.02725738191711202
Sri Lanka,town,31_50,2011,0.0457355874252065
Sri Lanka,town,31_50,2012,0.045496306222452126
Sri Lanka,town,31_50,2013,0.045386245571285476
Sri Lanka,town,31_50,2014,0.04520525938251041
Sri Lanka,town,31_50,2015,0.0450884180049301
Sri Lanka,town,31_50,2016,0.04494387194160238
Sri Lanka,town,31_50,2017,0.04475478964141331
Sri Lanka,town,31_50,2018,0.04469179823414222
Sri Lanka,town,31_50,2019,0.044709314070095554
Sri Lanka,town,31_50,2020,0.044871835038988686
Sri Lanka,town,31_50,2025,0.04503004025405771
Sri Lanka,town,31_50,2030,0.044659719033075446
Sri Lanka,town,31_50,2035,0.04425670474108071
Sri Lanka,town,31_50,2040,0.04383510617931596
Sri Lanka,town,31_50,2045,0.04339751031972042
Sri Lanka,town,31_50,2050,0.042948184593675595
Sri Lanka,town,31_50,2055,0.04249497011379741
Sri Lanka,town,31_50,2060,0.04205166409559149
Sri Lanka,town,31_50,2065,0.04162733601431241
Sri Lanka,town,31_50,2070,0.04122536362432612
Sri Lanka,town,31_50,2075,0.04083227759429552
Sri Lanka,town,31_50,2080,0.040459565353326295
Sri Lanka,town,31_50,2085,0.04010669111412129
Sri Lanka,town,31_50,2090,0.0397812751118586
Sri Lanka,town,31_50,2095,0.039482515421275524
Sri Lanka,town,31_50,2100,0.039199617879255015
Sri Lanka,town,51+,2011,0.0299585707997298
Sri Lanka,town,51+,2012,0.02980183239846876
Sri Lanka,town,51+,2013,0.02972973843409949
Sri Lanka,town,51+,2014,0.02961118551162838
Sri Lanka,town,51+,2015,0.029534649910368162
Sri Lanka,town,51+,2016,0.029439966673182077
Sri Lanka,town,51+,2017,0.02931611048599625
Sri Lanka,town,51+,2018,0.029274848688766866
Sri Lanka,town,51+,2019,0.029286322235758746
Sri Lanka,town,51+,2020,0.029392779728208973
Sri Lanka,town,51+,2025,0.029496410235727494
Sri Lanka,town,51+,2030,0.02925383557686731
Sri Lanka,town,51+,2035,0.02898984569765625
Sri Lanka,town,51+,2040,0.028713682406163624
Sri Lanka,town,51+,2045,0.028427040268620283
Sri Lanka,town,51+,2050,0.02813271461689738
Sri Lanka,town,51+,2055,0.027835841681678224
Sri Lanka,town,51+,2060,0.027545459170376995
Sri Lanka,town,51+,2065,0.02726750793850309
Sri Lanka,town,51+,2070,0.02700420054522571
Sri Lanka,town,51+,2075,0.026746714059886153
Sri Lanka,town,51+,2080,0.026502573190868947
Sri Lanka,town,51+,2085,0.026271426976864104
Sri Lanka,town,51+,2090,0.026058266965328338
Sri Lanka,town,51+,2095,0.025862567864336678
Sri Lanka,town,51+,2100,0.02567725908142117
Sri Lanka,rural,No_travel,2011,0.0
Sri Lanka,rural,No_travel,2012,0.0
Sri Lanka,rural,No_travel,2013,0.0
Sri Lanka,rural,No_travel,2014,0.0
Sri Lanka,rural,No_travel,2015,0.0
Sri Lanka,rural,No_travel,2016,0.0
Sri Lanka,rural,No_travel,2017,0.0
Sri Lanka,rural,No_travel,2018,0.0
Sri Lanka,rural,No_travel,2019,0.0
Sri Lanka,rural,No_travel,2020,0.0
Sri Lanka,rural,No_travel,2025,0.0
Sri Lanka,rural,No_travel,2030,0.0
Sri Lanka,rural,No_travel,2035,0.0
Sri Lanka,rural,No_travel,2040,0.0
Sri Lanka,rural,No_travel,2045,0.0
Sri Lanka,rural,No_travel,2050,0.0
Sri Lanka,rural,No_travel,2055,0.0
Sri Lanka,rural,No_travel,2060,0.0
Sri Lanka,rural,No_travel,2065,0.0
Sri Lanka,rural,No_travel,2070,0.0
Sri Lanka,rural,No_travel,2075,0.0
Sri Lanka,rural,No_travel,2080,0.0
Sri Lanka,rural,No_travel,2085,0.0
Sri Lanka,rural,No_travel,2090,0.0
Sri Lanka,rural,No_travel,2095,0.0
Sri Lanka,rural,No_travel,2100,0.0
Sri Lanka,rural,00_01,2011,0.00937229078988372
Sri Lanka,rural,00_01,2012,0.009323256478988849
Sri Lanka,rural,00_01,2013,0.009300702479240957
Sri Lanka,rural,00_01,2014,0.009263614179174259
Sri Lanka,rural,00_01,2015,0.009239670650105915
Sri Lanka,rural,00_01,2016,0.009210049783417457
Sri Lanka,rural,00_01,2017,0.009171302400900722
Sri Lanka,rural,00_01,2018,0.00915839398932354
Sri Lanka,rural,00_01,2019,0.009161983393488319
Sri Lanka,rural,00_01,2020,0.009195287738434385
Sri Lanka,rural,00_01,2025,0.009227707684554632
Sri Lanka,rural,00_01,2030,0.009151820211273863
Sri Lanka,rural,00_01,2035,0.009069233163644252
Sri Lanka,rural,00_01,2040,0.008982837764789524
Sri Lanka,rural,00_01,2045,0.008893164145722412
Sri Lanka,rural,00_01,2050,0.008801086802870865
Sri Lanka,rural,00_01,2055,0.00870821256347139
Sri Lanka,rural,00_01,2060,0.008617368799447895
Sri Lanka,rural,00_01,2065,0.00853041405825069
Sri Lanka,rural,00_01,2070,0.008448040520693815
Sri Lanka,rural,00_01,2075,0.008367488005982757
Sri Lanka,rural,00_01,2080,0.00829111055682404
Sri Lanka,rural,00_01,2085,0.00821879837787812
Sri Lanka,rural,00_01,2090,0.008152113033432178
Sri Lanka,rural,00_01,2095,0.00809089019025739
Sri Lanka,rural,00_01,2100,0.008032917872051234
Sri Lanka,rural,02_05,2011,0.0357129319501618
Sri Lanka,rural,02_05,2012,0.03552608766123921
Sri Lanka,rural,02_05,2013,0.035440146083426674
Sri Lanka,rural,02_05,2014,0.03529882183665247
Sri Lanka,rural,02_05,2015,0.03520758548436308
Sri Lanka,rural,02_05,2016,0.03509471574738356
Sri Lanka,rural,02_05,2017,0.03494706959916965
Sri Lanka,rural,02_05,2018,0.03489788234766673
Sri Lanka,rural,02_05,2019,0.03491155970249407
Sri Lanka,rural,02_05,2020,0.0350384652618038
Sri Lanka,rural,02_05,2025,0.03516200083657171
Sri Lanka,rural,02_05,2030,0.03487283309413769
Sri Lanka,rural,02_05,2035,0.03455813675382091
Sri Lanka,rural,02_05,2040,0.034228928765157526
Sri Lanka,rural,02_05,2045,0.03388722918207105
Sri Lanka,rural,02_05,2050,0.03353637025620861
Sri Lanka,rural,02_05,2055,0.03318247477153408
Sri Lanka,rural,02_05,2060,0.03283631637382736
Sri Lanka,rural,02_05,2065,0.03250497702203606
Sri Lanka,rural,02_05,2070,0.03219109425770291
Sri Lanka,rural,02_05,2075,0.03188415046554107
Sri Lanka,rural,02_05,2080,0.03159311567954442
Sri Lanka,rural,02_05,2085,0.03131757152670496
Sri Lanka,rural,02_05,2090,0.031063468317397622
Sri Lanka,rural,02_05,2095,0.030830179863046987
Sri Lanka,rural,02_05,2100,0.030609277470931253
Sri Lanka,rural,06_10,2011,0.0564972292407587
Sri Lanka,rural,06_10,2012,0.0562016448670557
Sri Lanka,rural,06_10,2013,0.056065686804867954
Sri Lanka,rural,06_10,2014,0.05584211433598127
Sri Lanka,rural,06_10,2015,0.055697780033841696
Sri Lanka,rural,06_10,2016,0.05551922209820721
Sri Lanka,rural,06_10,2017,0.055285648492606934
Sri Lanka,rural,06_10,2018,0.055207835127191816
Sri Lanka,rural,06_10,2019,0.05522947246159399
Sri Lanka,rural,06_10,2020,0.05543023482090557
Sri Lanka,rural,06_10,2025,0.05562566592403626
Sri Lanka,rural,06_10,2030,0.05516820764936629
Sri Lanka,rural,06_10,2035,0.054670363582547114
Sri Lanka,rural,06_10,2040,0.054149562343674865
Sri Lanka,rural,06_10,2045,0.05360899962247211
Sri Lanka,rural,06_10,2050,0.053053946982345015
Sri Lanka,rural,06_10,2055,0.05249409055966798
Sri Lanka,rural,06_10,2060,0.051946474072280646
Sri Lanka,rural,06_10,2065,0.05142230105448525
Sri Lanka,rural,06_10,2070,0.05092574405054056
Sri Lanka,rural,06_10,2075,0.050440164378336795
Sri Lanka,rural,06_10,2080,0.0499797524736398
Sri Lanka,rural,06_10,2085,0.04954384647772084
Sri Lanka,rural,06_10,2090,0.04914185967677479
Sri Lanka,rural,06_10,2095,0.04877280145150605
Sri Lanka,rural,06_10,2100,0.048423337758505124
Sri Lanka,rural,11_20,2011,0.0790926871290141
Sri Lanka,rural,11_20,2012,0.07867888697095872
Sri Lanka,rural,11_20,2013,0.07848855394720178
Sri Lanka,rural,11_20,2014,0.0781755660791249
Sri Lanka,rural,11_20,2015,0.07797350682852941
Sri Lanka,rural,11_20,2016,0.0777235365710968
Sri Lanka,rural,11_20,2017,0.07739654771947344
Sri Lanka,rural,11_20,2018,0.07728761373725977
Sri Lanka,rural,11_20,2019,0.07731790469034146
Sri Lanka,rural,11_20,2020,0.07759895979137388
Sri Lanka,rural,11_20,2025,0.07787255145777798
Sri Lanka,rural,11_20,2030,0.07723213767679651
Sri Lanka,rural,11_20,2035,0.07653518624138775
Sri Lanka,rural,11_20,2040,0.0758060961604036
Sri Lanka,rural,11_20,2045,0.0750493412052269
Sri Lanka,rural,11_20,2050,0.0742723012442294
Sri Lanka,rural,11_20,2055,0.07348853627962794
Sri Lanka,rural,11_20,2060,0.07272190648050905
Sri Lanka,rural,11_20,2065,0.07198809611396363
Sri Lanka,rural,11_20,2070,0.07129294648835359
Sri Lanka,rural,11_20,2075,0.0706131644599968
Sri Lanka,rural,11_20,2080,0.06996861577649424
Sri Lanka,rural,11_20,2085,0.06935837387585238
Sri Lanka,rural,11_20,2090,0.06879561678662009
Sri Lanka,rural,11_20,2095,0.06827895770199172
Sri Lanka,rural,11_20,2100,0.06778972977161506
Sri Lanka,rural,21_30,2011,0.0462193616190824
Sri Lanka,rural,21_30,2012,0.045977549387921285
Sri Lanka,rural,21_30,2013,0.045866324555735145
Sri Lanka,rural,21_30,2014,0.04568342396173415
Sri Lanka,rural,21_30,2015,0.04556534667910851
Sri Lanka,rural,21_30,2016,0.04541927166077658
Sri Lanka,rural,21_30,2017,0.04522818931767782
Sri Lanka,rural,21_30,2018,0.04516453161050791
Sri Lanka,rural,21_30,2019,0.045182232722520775
Sri Lanka,rural,21_30,2020,0.04534647277834687
Sri Lanka,rural,21_30,2025,0.045506351429894926
Sri Lanka,rural,21_30,2030,0.04513211308747087
Sri Lanka,rural,21_30,2035,0.044724835858773966
Sri Lanka,rural,21_30,2040,0.04429877778274824
Sri Lanka,rural,21_30,2045,0.043856553195368984
Sri Lanka,rural,21_30,2050,0.04340247466733468
Sri Lanka,rural,21_30,2055,0.04294446625166165
Sri Lanka,rural,21_30,2060,0.04249647110571798
Sri Lanka,rural,21_30,2065,0.0420676546383261
Sri Lanka,rural,21_30,2070,0.041661430332493234
Sri Lanka,rural,21_30,2075,0.041264186383257746
Sri Lanka,rural,21_30,2080,0.04088753172951822
Sri Lanka,rural,21_30,2085,0.040530924916616855
Sri Lanka,rural,21_30,2090,0.04020206678377201
Sri Lanka,rural,21_30,2095,0.03990014692325101
Sri Lanka,rural,21_30,2100,0.039614256995256135
Sri Lanka,rural,31_50,2011,0.0461113884100324
Sri Lanka,rural,31_50,2012,0.045870141077253075
Sri Lanka,rural,31_50,2013,0.04575917607777852
Sri Lanka,rural,31_50,2014,0.04557670275848189
Sri Lanka,rural,31_50,2015,0.04545890131660078
Sri Lanka,rural,31_50,2016,0.04531316754461971
Sri Lanka,rural,31_50,2017,0.04512253158963741
Sri Lanka,rural,31_50,2018,0.045059022593455345
Sri Lanka,rural,31_50,2019,0.045076682353839784
Sri Lanka,rural,31_50,2020,0.04524053872790869
Sri Lanka,rural,31_50,2025,0.04540004388639104
Sri Lanka,rural,31_50,2030,0.04502667980344106
Sri Lanka,rural,31_50,2035,0.04462035401647366
Sri Lanka,rural,31_50,2040,0.04419529125617922
Sri Lanka,rural,31_50,2045,0.04375409975117384
Sri Lanka,rural,31_50,2050,0.04330108199754478
Sri Lanka,rural,31_50,2055,0.04284414353690098
Sri Lanka,rural,31_50,2060,0.04239719495395282
Sri Lanka,rural,31_50,2065,0.041969380246179765
Sri Lanka,rural,31_50,2070,0.04156410492233969
Sri Lanka,rural,31_50,2075,0.04116778897605518
Sri Lanka,rural,31_50,2080,0.04079201422654287
Sri Lanka,rural,31_50,2085,0.040436240484039036
Sri Lanka,rural,31_50,2090,0.04010815059780517
Sri Lanka,rural,31_50,2095,0.03980693605330487
Sri Lanka,rural,31_50,2100,0.0395217139937504
Sri Lanka,rural,51+,2011,0.0228571795411535
Sri Lanka,rural,51+,2012,0.022737594471406136
Sri Lanka,rural,51+,2013,0.022682589688352975
Sri Lanka,rural,51+,2014,0.022592138596671557
Sri Lanka,rural,51+,2015,0.022533745024061254
Sri Lanka,rural,51+,2016,0.022461505538193673
Sri Lanka,rural,51+,2017,0.022367008269725357
Sri Lanka,rural,51+,2018,0.02233552718493772
Sri Lanka,rural,51+,2019,0.022344281037894206
Sri Lanka,rural,51+,2020,0.022425503804984873
Sri Lanka,rural,51+,2025,0.022504569696750083
Sri Lanka,rural,51+,2030,0.02231949502924454
Sri Lanka,rural,51+,2035,0.022118081413537972
Sri Lanka,rural,51+,2040,0.021907379975925345
Sri Lanka,rural,51+,2045,0.021688683601999947
Sri Lanka,rural,51+,2050,0.021464125017080466
Sri Lanka,rural,51+,2055,0.021237622957734074
Sri Lanka,rural,51+,2060,0.02101607282969916
Sri Lanka,rural,51+,2065,0.020804007265787683
Sri Lanka,rural,51+,2070,0.020603114359283997
Sri Lanka,rural,51+,2075,0.020406662570439653
Sri Lanka,rural,51+,2080,0.02022039294784104
Sri Lanka,rural,51+,2085,0.0200440377221834
Sri Lanka,rural,51+,2090,0.019881405242575555
Sri Lanka,rural,51+,2095,0.019732094732494446
Sri Lanka,rural,51+,2100,0.019590711615457012
