n,area_type,trip_dist,y,value
Afghanistan,large_city,No_travel,2011,0.0
Afghanistan,large_city,No_travel,2012,0.0
Afghanistan,large_city,No_travel,2013,0.0
Afghanistan,large_city,No_travel,2014,0.0
Afghanistan,large_city,No_travel,2015,0.0
Afghanistan,large_city,No_travel,2016,0.0
Afghanistan,large_city,No_travel,2017,0.0
Afghanistan,large_city,No_travel,2018,0.0
Afghanistan,large_city,No_travel,2019,0.0
Afghanistan,large_city,No_travel,2020,0.0
Afghanistan,large_city,No_travel,2025,0.0
Afghanistan,large_city,No_travel,2030,0.0
Afghanistan,large_city,No_travel,2035,0.0
Afghanistan,large_city,No_travel,2040,0.0
Afghanistan,large_city,No_travel,2045,0.0
Afghanistan,large_city,No_travel,2050,0.0
Afghanistan,large_city,No_travel,2055,0.0
Afghanistan,large_city,No_travel,2060,0.0
Afghanistan,large_city,No_travel,2065,0.0
Afghanistan,large_city,No_travel,2070,0.0
Afghanistan,large_city,No_travel,2075,0.0
Afghanistan,large_city,No_travel,2080,0.0
Afghanistan,large_city,No_travel,2085,0.0
Afghanistan,large_city,No_travel,2090,0.0
Afghanistan,large_city,No_travel,2095,0.0
Afghanistan,large_city,No_travel,2100,0.0
Afghanistan,large_city,00_01,2011,0.0204991553484746
Afghanistan,large_city,00_01,2012,0.020316834795762823
Afghanistan,large_city,00_01,2013,0.02027069604561672
Afghanistan,large_city,00_01,2014,0.020293444317585077
Afghanistan,large_city,00_01,2015,0.02033172514051026
Afghanistan,large_city,00_01,2016,0.020340208263783147
Afghanistan,large_city,00_01,2017,0.020345591311198074
Afghanistan,large_city,00_01,2018,0.020385276003136502
Afghanistan,large_city,00_01,2019,0.020363702672605025
Afghanistan,large_city,00_01,2020,0.020490481799705897
Afghanistan,large_city,00_01,2025,0.020385591012632195
Afghanistan,large_city,00_01,2030,0.019982716470657243
Afghanistan,large_city,00_01,2035,0.019509864983724146
Afghanistan,large_city,00_01,2040,0.018991173370748533
Afghanistan,large_city,00_01,2045,0.018450185163543745
Afghanistan,large_city,00_01,2050,0.017904785268336672
Afghanistan,large_city,00_01,2055,0.01736705073356926
Afghanistan,large_city,00_01,2060,0.01684558206998481
Afghanistan,large_city,00_01,2065,0.01634620339190989
Afghanistan,large_city,00_01,2070,0.015870714664893173
Afghanistan,large_city,00_01,2075,0.015422153443161085
Afghanistan,large_city,00_01,2080,0.014999980917953296
Afghanistan,large_city,00_01,2085,0.014604735596438684
Afghanistan,large_city,00_01,2090,0.014241238546280193
Afghanistan,large_city,00_01,2095,0.013909721311924786
Afghanistan,large_city,00_01,2100,0.01360725364614977
Afghanistan,large_city,02_05,2011,0.0599141683583879
Afghanistan,large_city,02_05,2012,0.059381288632141975
Afghanistan,large_city,02_05,2013,0.0592464360103092
Afghanistan,large_city,02_05,2014,0.059312923813021314
Afghanistan,large_city,02_05,2015,0.05942480957761248
Afghanistan,large_city,02_05,2016,0.059449603734607566
Afghanistan,large_city,02_05,2017,0.05946533710525706
Afghanistan,large_city,02_05,2018,0.059581326045953904
Afghanistan,large_city,02_05,2019,0.05951827231834702
Afghanistan,large_city,02_05,2020,0.059888817632840485
Afghanistan,large_city,02_05,2025,0.05958224674398457
Afghanistan,large_city,02_05,2030,0.05840474002603133
Afghanistan,large_city,02_05,2035,0.057022707297608125
Afghanistan,large_city,02_05,2040,0.05550669475476854
Afghanistan,large_city,02_05,2045,0.05392551455610334
Afghanistan,large_city,02_05,2050,0.05233144003992989
Afghanistan,large_city,02_05,2055,0.050759769553976354
Afghanistan,large_city,02_05,2060,0.049235640350967655
Afghanistan,large_city,02_05,2065,0.04777607493550792
Afghanistan,large_city,02_05,2070,0.04638633417991552
Afghanistan,large_city,02_05,2075,0.04507529613463818
Afghanistan,large_city,02_05,2080,0.04384138598948348
Afghanistan,large_city,02_05,2085,0.042686177673163565
Afghanistan,large_city,02_05,2090,0.041623762022823425
Afghanistan,large_city,02_05,2095,0.04065481578795551
Afghanistan,large_city,02_05,2100,0.039770774551029064
Afghanistan,large_city,06_10,2011,0.0468854192381946
Afghanistan,large_city,06_10,2012,0.04646841788353795
Afghanistan,large_city,06_10,2013,0.04636288989436217
Afghanistan,large_city,06_10,2014,0.046414919465827424
Afghanistan,large_city,06_10,2015,0.04650247489926454
Afghanistan,large_city,06_10,2016,0.046521877395822926
Afghanistan,large_city,06_10,2017,0.04653418943651619
Afghanistan,large_city,06_10,2018,0.04662495578211638
Afghanistan,large_city,06_10,2019,0.046575613522440905
Afghanistan,large_city,06_10,2020,0.04686558120275408
Afghanistan,large_city,06_10,2025,0.04662567626801049
Afghanistan,large_city,06_10,2030,0.045704226506798895
Afghanistan,large_city,06_10,2035,0.04462272632665066
Afghanistan,large_city,06_10,2040,0.04343638116675086
Afghanistan,large_city,06_10,2045,0.04219903950722716
Afghanistan,large_city,06_10,2050,0.04095160748846576
Afghanistan,large_city,06_10,2055,0.03972170758903884
Afghanistan,large_city,06_10,2060,0.038529010792701955
Afghanistan,large_city,06_10,2065,0.03738683794303377
Afghanistan,large_city,06_10,2070,0.036299305899384314
Afghanistan,large_city,06_10,2075,0.03527336211890212
Afghanistan,large_city,06_10,2080,0.03430777424473211
Afghanistan,large_city,06_10,2085,0.03340377394393305
Afghanistan,large_city,06_10,2090,0.03257238790393233
Afghanistan,large_city,06_10,2095,0.03181414571037792
Afghanistan,large_city,06_10,2100,0.03112234533739743
Afghanistan,large_city,11_20,2011,0.0406330553046253
Afghanistan,large_city,11_20,2012,0.04027166279963807
Afghanistan,large_city,11_20,2013,0.040180207402842304
Afghanistan,large_city,11_20,2014,0.04022529861646851
Afghanistan,large_city,11_20,2015,0.04030117817192255
Afghanistan,large_city,11_20,2016,0.04031799326558097
Afghanistan,large_city,11_20,2017,0.040328663444893234
Afghanistan,large_city,11_20,2018,0.040407325724136904
Afghanistan,large_city,11_20,2019,0.040364563458195266
Afghanistan,large_city,11_20,2020,0.04061586275299012
Afghanistan,large_city,11_20,2025,0.040407950130266934
Afghanistan,large_city,11_20,2030,0.03960937949325227
Afghanistan,large_city,11_20,2035,0.03867210182045019
Afghanistan,large_city,11_20,2040,0.03764396067815421
Afghanistan,large_city,11_20,2045,0.03657162362968465
Afghanistan,large_city,11_20,2050,0.03549054181297775
Afghanistan,large_city,11_20,2055,0.034424654135218516
Afghanistan,large_city,11_20,2060,0.033391008373388015
Afghanistan,large_city,11_20,2065,0.0324011489816605
Afghanistan,large_city,11_20,2070,0.03145864381922053
Afghanistan,large_city,11_20,2075,0.030569513871166038
Afghanistan,large_city,11_20,2080,0.02973269112050876
Afghanistan,large_city,11_20,2085,0.02894924298642782
Afghanistan,large_city,11_20,2090,0.028228725702126294
Afghanistan,large_city,11_20,2095,0.027571598230822846
Afghanistan,large_city,11_20,2100,0.02697205228942328
Afghanistan,large_city,21_30,2011,0.0412215199580625
Afghanistan,large_city,21_30,2012,0.04085489361787367
Afghanistan,large_city,21_30,2013,0.040762113726329055
Afghanistan,large_city,21_30,2014,0.0408078579694949
Afghanistan,large_city,21_30,2015,0.04088483644394404
Afghanistan,large_city,21_30,2016,0.040901895060719
Afghanistan,large_city,21_30,2017,0.040912719769965675
Afghanistan,large_city,21_30,2018,0.04099252126875724
Afghanistan,large_city,21_30,2019,0.040949139702056186
Afghanistan,large_city,21_30,2020,0.0412040784168088
Afghanistan,large_city,21_30,2025,0.04099315471779419
Afghanistan,large_city,21_30,2030,0.04018301885169122
Afghanistan,large_city,21_30,2035,0.0392321671373418
Afghanistan,large_city,21_30,2040,0.03818913603128479
Afghanistan,large_city,21_30,2045,0.037101268955726095
Afghanistan,large_city,21_30,2050,0.03600453046659236
Afghanistan,large_city,21_30,2055,0.03492320616418866
Afghanistan,large_city,21_30,2060,0.033874590718428355
Afghanistan,large_city,21_30,2065,0.032870395775028996
Afghanistan,large_city,21_30,2070,0.031914240864382305
Afghanistan,large_city,21_30,2075,0.031012234169973885
Afghanistan,large_city,21_30,2080,0.030163292207353292
Afghanistan,large_city,21_30,2085,0.029368497854504124
Afghanistan,large_city,21_30,2090,0.0286375457419372
Afghanistan,large_city,21_30,2095,0.027970901479765685
Afghanistan,large_city,21_30,2100,0.027362672666945788
Afghanistan,large_city,31_50,2011,0.0600379215385309
Afghanistan,large_city,31_50,2012,0.05950394114507113
Afghanistan,large_city,31_50,2013,0.05936880998410046
Afghanistan,large_city,31_50,2014,0.05943543511788554
Afghanistan,large_city,31_50,2015,0.05954755198339257
Afghanistan,large_city,31_50,2016,0.059572397352911526
Afghanistan,large_city,31_50,2017,0.059588163220960305
Afghanistan,large_city,31_50,2018,0.059704391737715135
Afghanistan,large_city,31_50,2019,0.05964120777214409
Afghanistan,large_city,31_50,2020,0.06001251845086295
Afghanistan,large_city,31_50,2025,0.05970531433745473
Afghanistan,large_city,31_50,2030,0.05852537547022898
Afghanistan,large_city,31_50,2035,0.05714048814246992
Afghanistan,large_city,31_50,2040,0.05562134426394708
Afghanistan,large_city,31_50,2045,0.054036898125299306
Afghanistan,large_city,31_50,2050,0.05243953103583032
Afghanistan,large_city,31_50,2055,0.05086461425227969
Afghanistan,large_city,31_50,2060,0.04933733694856311
Afghanistan,large_city,31_50,2065,0.047874756789400195
Afghanistan,large_city,31_50,2070,0.04648214551348195
Afghanistan,large_city,31_50,2075,0.045168399508938264
Afghanistan,large_city,31_50,2080,0.04393194071279403
Afghanistan,large_city,31_50,2085,0.042774346304723376
Afghanistan,large_city,31_50,2090,0.04170973622660487
Afghanistan,large_city,31_50,2095,0.040738788625762294
Afghanistan,large_city,31_50,2100,0.03985292139479396
Afghanistan,large_city,51+,2011,0.0683410685329549
Afghanistan,large_city,51+,2012,0.06773323951873314
Afghanistan,large_city,51+,2013,0.067579419937772
Afghanistan,large_city,51+,2014,0.06765525921930178
Afghanistan,large_city,51+,2015,0.0677828816651321
Afghanistan,large_city,51+,2016,0.0678111631088848
Afghanistan,large_city,51+,2017,0.06782910937086711
Afghanistan,large_city,51+,2018,0.06796141210263186
Afghanistan,large_city,51+,2019,0.06788948989728863
Afghanistan,large_city,51+,2020,0.0683121522395394
Afghanistan,large_city,51+,2025,0.06796246229641632
Afghanistan,large_city,51+,2030,0.06661933980111108
Afghanistan,large_city,51+,2035,0.06504292480619721
Afghanistan,large_city,51+,2040,0.06331368579769957
Afghanistan,large_city,51+,2045,0.06151011333260998
Afghanistan,large_city,51+,2050,0.0596918329701956
Afghanistan,large_city,51+,2055,0.057899107754529035
Afghanistan,large_city,51+,2060,0.056160610481349196
Afghanistan,large_city,51+,2065,0.05449575786268976
Afghanistan,large_city,51+,2070,0.05291055071013676
Afghanistan,large_city,51+,2075,0.05141511576784292
Afghanistan,large_city,51+,2080,0.0500076567292878
Afghanistan,large_city,51+,2085,0.04868996889553176
Afghanistan,large_city,51+,2090,0.04747812497347197
Afghanistan,large_city,51+,2095,0.046372896897105186
Afghanistan,large_city,51+,2100,0.04536451566752094
Afghanistan,city,No_travel,2011,0.0
Afghanistan,city,No_travel,2012,0.0
Afghanistan,city,No_travel,2013,0.0
Afghanistan,city,No_travel,2014,0.0
Afghanistan,city,No_travel,2015,0.0
Afghanistan,city,No_travel,2016,0.0
Afghanistan,city,No_travel,2017,0.0
Afghanistan,city,No_travel,2018,0.0
Afghanistan,city,No_travel,2019,0.0
Afghanistan,city,No_travel,2020,0.0
Afghanistan,city,No_travel,2025,0.0
Afghanistan,city,No_travel,2030,0.0
Afghanistan,city,No_travel,2035,0.0
Afghanistan,city,No_travel,2040,0.0
Afghanistan,city,No_travel,2045,0.0
Afghanistan,city,No_travel,2050,0.0
Afghanistan,city,No_travel,2055,0.0
Afghanistan,city,No_travel,2060,0.0
Afghanistan,city,No_travel,2065,0.0
Afghanistan,city,No_travel,2070,0.0
Afghanistan,city,No_travel,2075,0.0
Afghanistan,city,No_travel,2080,0.0
Afghanistan,city,No_travel,2085,0.0
Afghanistan,city,No_travel,2090,0.0
Afghanistan,city,No_travel,2095,0.0
Afghanistan,city,No_travel,2100,0.0
Afghanistan,city,00_01,2011,0.0195275670690455
Afghanistan,city,00_01,2012,0.019353887872970252
Afghanistan,city,00_01,2013,0.019309935938237148
Afghanistan,city,00_01,2014,0.01933160602166329
Afghanistan,city,00_01,2015,0.01936807246744714
Afghanistan,city,00_01,2016,0.01937615352034177
Afghanistan,city,00_01,2017,0.019381281430133363
Afghanistan,city,00_01,2018,0.019419085206448455
Afghanistan,city,00_01,2019,0.019398534376343767
Afghanistan,city,00_01,2020,0.019519304616157647
Afghanistan,city,00_01,2025,0.019419385285595617
Afghanistan,city,00_01,2030,0.019035605588086653
Afghanistan,city,00_01,2035,0.01858516560810616
Afghanistan,city,00_01,2040,0.018091058163757903
Afghanistan,city,00_01,2045,0.01757571090577733
Afghanistan,city,00_01,2050,0.01705616105837842
Afghanistan,city,00_01,2055,0.01654391326013955
Afghanistan,city,00_01,2060,0.01604716038767017
Afghanistan,city,00_01,2065,0.015571450512644275
Afghanistan,city,00_01,2070,0.015118498288537884
Afghanistan,city,00_01,2075,0.014691197300129199
Afghanistan,city,00_01,2080,0.01428903427630896
Afghanistan,city,00_01,2085,0.013912522200889354
Afghanistan,city,00_01,2090,0.01356625363978504
Afghanistan,city,00_01,2095,0.013250449163045883
Afghanistan,city,00_01,2100,0.012962317406920684
Afghanistan,city,02_05,2011,0.0495217408664981
Afghanistan,city,02_05,2012,0.04908129193030809
Afghanistan,city,02_05,2013,0.04896983020470048
Afghanistan,city,02_05,2014,0.04902478534848211
Afghanistan,city,02_05,2015,0.04911726393898162
Afghanistan,city,02_05,2016,0.04913775741909419
Afghanistan,city,02_05,2017,0.04915076175388859
Afghanistan,city,02_05,2018,0.049246631803026394
Afghanistan,city,02_05,2019,0.04919451507596883
Afghanistan,city,02_05,2020,0.049500787357574676
Afghanistan,city,02_05,2025,0.049247392801143194
Afghanistan,city,02_05,2030,0.048274130813991255
Afghanistan,city,02_05,2035,0.04713181892815145
Afghanistan,city,02_05,2040,0.04587876673108541
Afghanistan,city,02_05,2045,0.04457185055070628
Afghanistan,city,02_05,2050,0.04325427663998074
Afghanistan,city,02_05,2055,0.041955220662647494
Afghanistan,city,02_05,2060,0.04069545968279084
Afghanistan,city,02_05,2065,0.039489063562097956
Afghanistan,city,02_05,2070,0.038340380646925305
Afghanistan,city,02_05,2075,0.037256749043195383
Afghanistan,city,02_05,2080,0.036236867099822975
Afghanistan,city,02_05,2085,0.03528203573931041
Afghanistan,city,02_05,2090,0.03440390166901933
Afghanistan,city,02_05,2095,0.03360302425268479
Afghanistan,city,02_05,2100,0.032872324616022956
Afghanistan,city,06_10,2011,0.0572198770303753
Afghanistan,city,06_10,2012,0.05671096047118379
Afghanistan,city,06_10,2013,0.05658217206186566
Afghanistan,city,06_10,2014,0.05664566996226963
Afghanistan,city,06_10,2015,0.05675252431520098
Afghanistan,city,06_10,2016,0.05677620349916035
Afghanistan,city,06_10,2017,0.056791229352952596
Afghanistan,city,06_10,2018,0.05690200236550377
Afghanistan,city,06_10,2019,0.05684178411264593
Afghanistan,city,06_10,2020,0.05719566630629787
Afghanistan,city,06_10,2025,0.05690288166049426
Afghanistan,city,06_10,2030,0.05577832646011665
Afghanistan,city,06_10,2035,0.05445844261729504
Afghanistan,city,06_10,2040,0.05301060392313342
Afghanistan,city,06_10,2045,0.051500528109524615
Afghanistan,city,06_10,2050,0.04997813782535855
Afghanistan,city,06_10,2055,0.04847714408043008
Afghanistan,city,06_10,2060,0.04702155372569302
Afghanistan,city,06_10,2065,0.04562762377759081
Afghanistan,city,06_10,2070,0.044300378531300665
Afghanistan,city,06_10,2075,0.04304829679857625
Afghanistan,city,06_10,2080,0.04186987458715619
Afghanistan,city,06_10,2085,0.04076661504746105
Afghanistan,city,06_10,2090,0.03975197536317178
Afghanistan,city,06_10,2095,0.038826601850907624
Afghanistan,city,06_10,2100,0.037982315228015186
Afghanistan,city,11_20,2011,0.0736255863590152
Afghanistan,city,11_20,2012,0.07297075656868907
Afghanistan,city,11_20,2013,0.07280504278801704
Afghanistan,city,11_20,2014,0.07288674639159742
Afghanistan,city,11_20,2015,0.07302423732652914
Afghanistan,city,11_20,2016,0.07305470565141886
Afghanistan,city,11_20,2017,0.07307403961984756
Afghanistan,city,11_20,2018,0.07321657274688496
Afghanistan,city,11_20,2019,0.07313908910996941
Afghanistan,city,11_20,2020,0.07359443409429728
Afghanistan,city,11_20,2025,0.07321770414759074
Afghanistan,city,11_20,2030,0.07177072382680241
Afghanistan,city,11_20,2035,0.07007241151127708
Afghanistan,city,11_20,2040,0.06820945796535575
Afghanistan,city,11_20,2045,0.06626642307969015
Afghanistan,city,11_20,2050,0.06430754299891871
Afghanistan,city,11_20,2055,0.062376194133332924
Afghanistan,city,11_20,2060,0.060503266421357026
Afghanistan,city,11_20,2065,0.058709677984983145
Afghanistan,city,11_20,2070,0.05700189365247832
Afghanistan,city,11_20,2075,0.05539082322511074
Afghanistan,city,11_20,2080,0.05387453149578334
Afghanistan,city,11_20,2085,0.05245495258838527
Afghanistan,city,11_20,2090,0.051149402042387646
Afghanistan,city,11_20,2095,0.04995871148208843
Afghanistan,city,11_20,2100,0.048872356514346536
Afghanistan,city,21_30,2011,0.0391220097897899
Afghanistan,city,21_30,2012,0.03877405660211864
Afghanistan,city,21_30,2013,0.038686002211378155
Afghanistan,city,21_30,2014,0.03872941659131323
Afghanistan,city,21_30,2015,0.0388024743687573
Afghanistan,city,21_30,2016,0.03881866414955988
Afghanistan,city,21_30,2017,0.03882893753058879
Afghanistan,city,21_30,2018,0.03890467454902333
Afghanistan,city,21_30,2019,0.03886350250881468
Afghanistan,city,21_30,2020,0.0391054565877641
Afghanistan,city,21_30,2025,0.03890527573499246
Afghanistan,city,21_30,2030,0.03813640201764809
Afghanistan,city,21_30,2035,0.03723397944528148
Afghanistan,city,21_30,2040,0.036244072397124794
Afghanistan,city,21_30,2045,0.03521161298215668
Afghanistan,city,21_30,2050,0.03417073399583155
Afghanistan,city,21_30,2055,0.03314448411500198
Afghanistan,city,21_30,2060,0.03214927715086053
Afghanistan,city,21_30,2065,0.031196228247120546
Afghanistan,city,21_30,2070,0.030288772582872072
Afghanistan,city,21_30,2075,0.029432707237270952
Afghanistan,city,21_30,2080,0.028627003910309805
Afghanistan,city,21_30,2085,0.027872690326417968
Afghanistan,city,21_30,2090,0.02717896734548947
Afghanistan,city,21_30,2095,0.026546276863005692
Afghanistan,city,21_30,2100,0.025969026591939007
Afghanistan,city,31_50,2011,0.0678243479409768
Afghanistan,city,31_50,2012,0.06722111466654655
Afghanistan,city,31_50,2013,0.0670684581014211
Afghanistan,city,31_50,2014,0.06714372396905366
Afghanistan,city,31_50,2015,0.06727038147319994
Afghanistan,city,31_50,2016,0.06729844908353343
Afghanistan,city,31_50,2017,0.06731625965546413
Afghanistan,city,31_50,2018,0.06744756205832936
Afghanistan,city,31_50,2019,0.06737618365022723
Afghanistan,city,31_50,2020,0.067795650281021
Afghanistan,city,31_50,2025,0.06744860431169432
Afghanistan,city,31_50,2030,0.06611563704319151
Afghanistan,city,31_50,2035,0.06455114117841214
Afghanistan,city,31_50,2040,0.06283497678849047
Afghanistan,city,31_50,2045,0.061045040970468915
Afghanistan,city,31_50,2050,0.05924050846019407
Afghanistan,city,31_50,2055,0.05746133787653106
Afghanistan,city,31_50,2060,0.05573598522282283
Afghanistan,city,31_50,2065,0.05408372040311265
Afghanistan,city,31_50,2070,0.052510498857396934
Afghanistan,city,31_50,2075,0.05102637076243858
Afghanistan,city,31_50,2080,0.0496295533934271
Afghanistan,city,31_50,2085,0.04832182847731512
Afghanistan,city,31_50,2090,0.047119147196727496
Afghanistan,city,31_50,2095,0.04602227564913836
Afghanistan,city,31_50,2100,0.045021518698147876
Afghanistan,city,51+,2011,0.0385852189262921
Afghanistan,city,51+,2012,0.03824203998444999
Afghanistan,city,51+,2013,0.03815519378297929
Afghanistan,city,51+,2014,0.038198012476685084
Afghanistan,city,51+,2015,0.038270067832534505
Afghanistan,city,51+,2016,0.038286035474278696
Afghanistan,city,51+,2017,0.038296167894832846
Afghanistan,city,51+,2018,0.03837086572996002
Afghanistan,city,51+,2019,0.038330258608965245
Afghanistan,city,51+,2020,0.03856889284980655
Afghanistan,city,51+,2025,0.038371458667090776
Afghanistan,city,51+,2030,0.037613134622139825
Afghanistan,city,51+,2035,0.03672309413838429
Afghanistan,city,51+,2040,0.03574676954833795
Afghanistan,city,51+,2045,0.0347284764500766
Afghanistan,city,51+,2050,0.033701879304916284
Afghanistan,city,51+,2055,0.032689710540129965
Afghanistan,city,51+,2060,0.03170815875394361
Afghanistan,city,51+,2065,0.03076818657981805
Afghanistan,city,51+,2070,0.029873182062947107
Afghanistan,city,51+,2075,0.029028862741094383
Afghanistan,city,51+,2080,0.028234214423498202
Afghanistan,city,51+,2085,0.02749025073323967
Afghanistan,city,51+,2090,0.02680604628573933
Afghanistan,city,51+,2095,0.026182036913255886
Afghanistan,city,51+,2100,0.025612707060212847
Afghanistan,town,No_travel,2011,0.0
Afghanistan,town,No_travel,2012,0.0
Afghanistan,town,No_travel,2013,0.0
Afghanistan,town,No_travel,2014,0.0
Afghanistan,town,No_travel,2015,0.0
Afghanistan,town,No_travel,2016,0.0
Afghanistan,town,No_travel,2017,0.0
Afghanistan,town,No_travel,2018,0.0
Afghanistan,town,No_travel,2019,0.0
Afghanistan,town,No_travel,2020,0.0
Afghanistan,town,No_travel,2025,0.0
Afghanistan,town,No_travel,2030,0.0
Afghanistan,town,No_travel,2035,0.0
Afghanistan,town,No_travel,2040,0.0
Afghanistan,town,No_travel,2045,0.0
Afghanistan,town,No_travel,2050,0.0
Afghanistan,town,No_travel,2055,0.0
Afghanistan,town,No_travel,2060,0.0
Afghanistan,town,No_travel,2065,0.0
Afghanistan,town,No_travel,2070,0.0
Afghanistan,town,No_travel,2075,0.0
Afghanistan,town,No_travel,2080,0.0
Afghanistan,town,No_travel,2085,0.0
Afghanistan,town,No_travel,2090,0.0
Afghanistan,town,No_travel,2095,0.0
Afghanistan,town,No_travel,2100,0.0
Afghanistan,town,00_01,2011,0.0129968328827312
Afghanistan,town,00_01,2012,0.012881238375816138
Afghanistan,town,00_01,2013,0.012851985579060705
Afghanistan,town,00_01,2014,0.012866408392299477
Afghanistan,town,00_01,2015,0.012890679121981474
Afghanistan,town,00_01,2016,0.012896057574587302
Afghanistan,town,00_01,2017,0.0128994705233875
Afghanistan,town,00_01,2018,0.012924631331252922
Afghanistan,town,00_01,2019,0.012910953452000088
Afghanistan,town,00_01,2020,0.01299133369693887
Afghanistan,town,00_01,2025,0.01292483105293425
Afghanistan,town,00_01,2030,0.012669401353234697
Afghanistan,town,00_01,2035,0.012369605012870962
Afghanistan,town,00_01,2040,0.012040745208800059
Afghanistan,town,00_01,2045,0.01169774896329416
Afghanistan,town,00_01,2050,0.011351955628312045
Afghanistan,town,00_01,2055,0.011011022269603423
Afghanistan,town,00_01,2060,0.010680401765539943
Afghanistan,town,00_01,2065,0.010363786709270226
Afghanistan,town,00_01,2070,0.010062318311299443
Afghanistan,town,00_01,2075,0.00977792243559525
Afghanistan,town,00_01,2080,0.009510257467720634
Afghanistan,town,00_01,2085,0.009259664830898207
Afghanistan,town,00_01,2090,0.009029201168666035
Afghanistan,town,00_01,2095,0.008819013284364593
Afghanistan,town,00_01,2100,0.008627243348595012
Afghanistan,town,02_05,2011,0.0454311662241691
Afghanistan,town,02_05,2012,0.04502709907137553
Afghanistan,town,02_05,2013,0.044924844261768515
Afghanistan,town,02_05,2014,0.04497526002317616
Afghanistan,town,02_05,2015,0.04506009973485928
Afghanistan,town,02_05,2016,0.04507890042088556
Afghanistan,town,02_05,2017,0.045090830576920905
Afghanistan,town,02_05,2018,0.04517878160735903
Afghanistan,town,02_05,2019,0.04513096980493483
Afghanistan,town,02_05,2020,0.04541194350844419
Afghanistan,town,02_05,2025,0.045179479745819755
Afghanistan,town,02_05,2030,0.04428661074839972
Afghanistan,town,02_05,2035,0.04323865564307868
Afghanistan,town,02_05,2040,0.04208910755255548
Afghanistan,town,02_05,2045,0.04089014472950118
Afghanistan,town,02_05,2050,0.03968140452159593
Afghanistan,town,02_05,2055,0.03848965263630118
Afghanistan,town,02_05,2060,0.03733394991912736
Afghanistan,town,02_05,2065,0.036227204038784745
Afghanistan,town,02_05,2070,0.03517340416129748
Afghanistan,town,02_05,2075,0.034179282253355384
Afghanistan,town,02_05,2080,0.03324364418232533
Afghanistan,town,02_05,2085,0.03236768341243967
Afghanistan,town,02_05,2090,0.03156208461448849
Afghanistan,town,02_05,2095,0.030827360947871762
Afghanistan,town,02_05,2100,0.030157018264592193
Afghanistan,town,06_10,2011,0.0569320146292085
Afghanistan,town,06_10,2012,0.05642565833316898
Afghanistan,town,06_10,2013,0.0562975178340295
Afghanistan,town,06_10,2014,0.05636069628848167
Afghanistan,town,06_10,2015,0.05646701307733205
Afghanistan,town,06_10,2016,0.05649057313578632
Afghanistan,town,06_10,2017,0.05650552339734425
Afghanistan,town,06_10,2018,0.05661573913177754
Afghanistan,town,06_10,2019,0.056555823825583704
Afghanistan,town,06_10,2020,0.05690792570471416
Afghanistan,town,06_10,2025,0.05661661400320089
Afghanistan,town,06_10,2030,0.05549771622777813
Afghanistan,town,06_10,2035,0.0541844724714435
Afghanistan,town,06_10,2040,0.05274391758047465
Afghanistan,town,06_10,2045,0.05124143867325938
Afghanistan,town,06_10,2050,0.049726707247263885
Afghanistan,town,06_10,2055,0.04823326471855564
Afghanistan,town,06_10,2060,0.04678499716415259
Afghanistan,town,06_10,2065,0.04539807981451693
Afghanistan,town,06_10,2070,0.04407751168854515
Afghanistan,town,06_10,2075,0.042831728942689364
Afghanistan,town,06_10,2080,0.0416592351509894
Afghanistan,town,06_10,2085,0.04056152590179974
Afghanistan,town,06_10,2090,0.039551990678250284
Afghanistan,town,06_10,2095,0.038631272545463356
Afghanistan,town,06_10,2100,0.03779123336921275
Afghanistan,town,11_20,2011,0.0621547171877937
Afghanistan,town,11_20,2012,0.061601909903850366
Afghanistan,town,11_20,2013,0.061462014336546286
Afghanistan,town,11_20,2014,0.061530988515563344
Afghanistan,town,11_20,2015,0.061647058357573094
Afghanistan,town,11_20,2016,0.061672779716279456
Afghanistan,town,11_20,2017,0.06168910145168736
Afghanistan,town,11_20,2018,0.06180942791207984
Afghanistan,town,11_20,2019,0.0617440162287598
Afghanistan,town,11_20,2020,0.062128418447110534
Afghanistan,town,11_20,2025,0.06181038304051238
Afghanistan,town,11_20,2030,0.060588842309055924
Afghanistan,town,11_20,2035,0.059155127117257
Afghanistan,town,11_20,2040,0.05758242180505599
Afghanistan,town,11_20,2045,0.0559421118289063
Afghanistan,town,11_20,2050,0.05428842533965441
Afghanistan,town,11_20,2055,0.05265798070120908
Afghanistan,town,11_20,2060,0.05107685519840635
Afghanistan,town,11_20,2065,0.049562707909031785
Afghanistan,town,11_20,2070,0.04812099644086111
Afghanistan,town,11_20,2075,0.04676093084770759
Afghanistan,town,11_20,2080,0.04548087742781391
Afghanistan,town,11_20,2085,0.0442824689684933
Afghanistan,town,11_20,2090,0.04318032324750487
Afghanistan,town,11_20,2095,0.04217514232204917
Afghanistan,town,11_20,2100,0.041258041499839096
Afghanistan,town,21_30,2011,0.0318021562733665
Afghanistan,town,21_30,2012,0.031519306243176455
Afghanistan,town,21_30,2013,0.03144772711138001
Afghanistan,town,21_30,2014,0.0314830185215766
Afghanistan,town,21_30,2015,0.03154240695452638
Afghanistan,town,21_30,2016,0.0315555675754117
Afghanistan,town,21_30,2017,0.031563918773897984
Afghanistan,town,21_30,2018,0.03162548515325518
Afghanistan,town,21_30,2019,0.03159201653382984
Afghanistan,town,21_30,2020,0.03178870022853451
Afghanistan,town,21_30,2025,0.03162597385540117
Afghanistan,town,21_30,2030,0.031000958876752215
Afghanistan,town,21_30,2035,0.030267382462216722
Afghanistan,town,21_30,2040,0.02946269019791997
Afghanistan,town,21_30,2045,0.02862340725112991
Afghanistan,town,21_30,2050,0.027777280061789696
Afghanistan,town,21_30,2055,0.026943044825383636
Afghanistan,town,21_30,2060,0.026134044276382468
Afghanistan,town,21_30,2065,0.025359313879458695
Afghanistan,town,21_30,2070,0.0246216460806762
Afghanistan,town,21_30,2075,0.0239257533070865
Afghanistan,town,21_30,2080,0.023270799656911888
Afghanistan,town,21_30,2085,0.02265762056404453
Afghanistan,town,21_30,2090,0.0220936953779803
Afghanistan,town,21_30,2095,0.021579383314138632
Afghanistan,town,21_30,2100,0.02111013842033216
Afghanistan,town,31_50,2011,0.0457355874252065
Afghanistan,town,31_50,2012,0.04532881273443457
Afghanistan,town,31_50,2013,0.045225872744706956
Afghanistan,town,31_50,2014,0.045276626327656826
Afghanistan,town,31_50,2015,0.04536203452588944
Afghanistan,town,31_50,2016,0.04538096118991488
Afghanistan,town,31_50,2017,0.04539297128650053
Afghanistan,town,31_50,2018,0.04548151165154183
Afghanistan,town,31_50,2019,0.045433379475956916
Afghanistan,town,31_50,2020,0.04571623590358259
Afghanistan,town,31_50,2025,0.045482214468027936
Afghanistan,town,31_50,2030,0.04458336261180955
Afghanistan,town,31_50,2035,0.04352838546020819
Afghanistan,town,31_50,2040,0.042371134577979384
Afghanistan,town,31_50,2045,0.04116413784928435
Afghanistan,town,31_50,2050,0.03994729822028969
Afghanistan,town,31_50,2055,0.038747560747777784
Afghanistan,town,31_50,2060,0.03758411399851225
Afghanistan,town,31_50,2065,0.03646995213178542
Afghanistan,town,31_50,2070,0.035409091043877655
Afghanistan,town,31_50,2075,0.034408307810454716
Afghanistan,town,31_50,2080,0.03346640029734356
Afghanistan,town,31_50,2085,0.0325845699658377
Afghanistan,town,31_50,2090,0.0317735730816385
Afghanistan,town,31_50,2095,0.031033926242679713
Afghanistan,town,31_50,2100,0.030359091785542885
Afghanistan,town,51+,2011,0.0299585707997298
Afghanistan,town,51+,2012,0.029692117714526553
Afghanistan,town,51+,2013,0.029624688057578962
Afghanistan,town,51+,2014,0.029657933608663884
Afghanistan,town,51+,2015,0.029713879267125435
Afghanistan,town,51+,2016,0.029726276960828094
Afghanistan,town,51+,2017,0.029734144036537163
Afghanistan,town,51+,2018,0.02979214138486163
Afghanistan,town,51+,2019,0.029760612956537324
Afghanistan,town,51+,2020,0.029945894807941117
Afghanistan,town,51+,2025,0.029792601756721784
Afghanistan,town,51+,2030,0.02920381918085514
Afghanistan,town,51+,2035,0.028512768524951076
Afghanistan,town,51+,2040,0.027754724637464156
Afghanistan,town,51+,2045,0.026964095305091713
Afghanistan,town,51+,2050,0.02616701849402485
Afghanistan,town,51+,2055,0.02538114425396802
Afghanistan,town,51+,2060,0.024619041835001885
Afghanistan,town,51+,2065,0.023889222911799457
Afghanistan,town,51+,2070,0.023194318051055346
Afghanistan,town,51+,2075,0.02253876649828007
Afghanistan,town,51+,2080,0.021921780809302432
Afghanistan,town,51+,2085,0.021344147987531627
Afghanistan,town,51+,2090,0.02081291380116909
Afghanistan,town,51+,2095,0.020328416641752906
Afghanistan,town,51+,2100,0.019886374088013047
Afghanistan,rural,No_travel,2011,0.0
Afghanistan,rural,No_travel,2012,0.0
Afghanistan,rural,No_travel,2013,0.0
Afghanistan,rural,No_travel,2014,0.0
Afghanistan,rural,No_travel,2015,0.0
Afghanistan,rural,No_travel,2016,0.0
Afghanistan,rural,No_travel,2017,0.0
Afghanistan,rural,No_travel,2018,0.0
Afghanistan,rural,No_travel,2019,0.0
Afghanistan,rural,No_travel,2020,0.0
Afghanistan,rural,No_travel,2025,0.0
Afghanistan,rural,No_travel,2030,0.0
Afghanistan,rural,No_travel,2035,0.0
Afghanistan,rural,No_travel,2040,0.0
Afghanistan,rural,No_travel,2045,0.0
Afghanistan,rural,No_travel,2050,0.0
Afghanistan,rural,No_travel,2055,0.0
Afghanistan,rural,No_travel,2060,0.0
Afghanistan,rural,No_travel,2065,0.0
Afghanistan,rural,No_travel,2070,0.0
Afghanistan,rural,No_travel,2075,0.0
Afghanistan,rural,No_travel,2080,0.0
Afghanistan,rural,No_travel,2085,0.0
Afghanistan,rural,No_travel,2090,0.0
Afghanistan,rural,No_travel,2095,0.0
Afghanistan,rural,No_travel,2100,0.0
Afghanistan,rural,00_01,2011,0.00937229078988372
Afghanistan,rural,00_01,2012,0.00928893314865709
Afghanistan,rural,00_01,2013,0.009267838338861268
Afghanistan,rural,00_01,2014,0.009278238934214122
Afghanistan,rural,00_01,2015,0.009295741070181766
Afghanistan,rural,00_01,2016,0.009299619585992217
Afghanistan,rural,00_01,2017,0.009302080735481099
Afghanistan,rural,00_01,2018,0.009320224725632457
Afghanistan,rural,00_01,2019,0.00931036131791589
Afghanistan,rural,00_01,2020,0.009368325210821624
Afghanistan,rural,00_01,2025,0.0093203687491566
Afghanistan,rural,00_01,2030,0.009136172995963704
Afghanistan,rural,00_01,2035,0.008919983520805858
Afghanistan,rural,00_01,2040,0.00868283576791354
Afghanistan,rural,00_01,2045,0.008435493928426558
Afghanistan,rural,00_01,2050,0.008186135048621142
Afghanistan,rural,00_01,2055,0.007940280800388517
Afghanistan,rural,00_01,2060,0.0077018633695313385
Afghanistan,rural,00_01,2065,0.007473545562986487
Afghanistan,rural,00_01,2070,0.00725615033176083
Afghanistan,rural,00_01,2075,0.007051066457051256
Afghanistan,rural,00_01,2080,0.0068580475934695755
Afghanistan,rural,00_01,2085,0.006677339948515234
Afghanistan,rural,00_01,2090,0.006511147732424544
Afghanistan,rural,00_01,2095,0.006359576808187994
Afghanistan,rural,00_01,2100,0.006221287455773689
Afghanistan,rural,02_05,2011,0.0357129319501618
Afghanistan,rural,02_05,2012,0.0353952992779163
Afghanistan,rural,02_05,2013,0.03531491791506391
Afghanistan,rural,02_05,2014,0.035354549181571195
Afghanistan,rural,02_05,2015,0.03542124073060739
Afghanistan,rural,02_05,2016,0.03543601973974309
Afghanistan,rural,02_05,2017,0.03544539790205006
Afghanistan,rural,02_05,2018,0.035514535223982
Afghanistan,rural,02_05,2019,0.03547695090052516
Afghanistan,rural,02_05,2020,0.035697821188197344
Afghanistan,rural,02_05,2025,0.03551508402282235
Afghanistan,rural,02_05,2030,0.03481320968422552
Afghanistan,rural,02_05,2035,0.03398942388972297
Afghanistan,rural,02_05,2040,0.033085776985134964
Afghanistan,rural,02_05,2045,0.03214328571165026
Afghanistan,rural,02_05,2050,0.031193108545223495
Afghanistan,rural,02_05,2055,0.03025628570930945
Afghanistan,rural,02_05,2060,0.02934780072150633
Afghanistan,rural,02_05,2065,0.028477800155908468
Afghanistan,rural,02_05,2070,0.0276494198513375
Afghanistan,rural,02_05,2075,0.026867951731559984
Afghanistan,rural,02_05,2080,0.026132457102260753
Afghanistan,rural,02_05,2085,0.0254438741323326
Afghanistan,rural,02_05,2090,0.024810601922052936
Afghanistan,rural,02_05,2095,0.02423304386029009
Afghanistan,rural,02_05,2100,0.02370609496989343
Afghanistan,rural,06_10,2011,0.0564972292407587
Afghanistan,rural,06_10,2012,0.055994739948553515
Afghanistan,rural,06_10,2013,0.05586757804848623
Afghanistan,rural,06_10,2014,0.05593027401397258
Afghanistan,rural,06_10,2015,0.0560357788697368
Afghanistan,rural,06_10,2016,0.05605915900184851
Afghanistan,rural,06_10,2017,0.05607399508941627
Afghanistan,rural,06_10,2018,0.056183369114817805
Afghanistan,rural,06_10,2019,0.05612391137717916
Afghanistan,rural,06_10,2020,0.056473324281515934
Afghanistan,rural,06_10,2025,0.05618423730491583
Afghanistan,rural,06_10,2030,0.05507388446518683
Afghanistan,rural,06_10,2035,0.05377066984975729
Afghanistan,rural,06_10,2040,0.052341116364973204
Afghanistan,rural,06_10,2045,0.05085011177286106
Afghanistan,rural,06_10,2050,0.04934694823350612
Afghanistan,rural,06_10,2055,0.047864911009777876
Afghanistan,rural,06_10,2060,0.04642770376257318
Afghanistan,rural,06_10,2065,0.04505137819337136
Afghanistan,rural,06_10,2070,0.0437408951439486
Afghanistan,rural,06_10,2075,0.04250462634448323
Afghanistan,rural,06_10,2080,0.041341086797104305
Afghanistan,rural,06_10,2085,0.040251760668473836
Afghanistan,rural,06_10,2090,0.039249935187275556
Afghanistan,rural,06_10,2095,0.03833624850759324
Afghanistan,rural,06_10,2100,0.03750262464550178
Afghanistan,rural,11_20,2011,0.0790926871290141
Afghanistan,rural,11_20,2012,0.07838923266039402
Afghanistan,rural,11_20,2013,0.07821121372898956
Afghanistan,rural,11_20,2014,0.07829898427011348
Afghanistan,rural,11_20,2015,0.07844668465577294
Afghanistan,rural,11_20,2016,0.07847941541972361
Afghanistan,rural,11_20,2017,0.07850018504060564
Afghanistan,rural,11_20,2018,0.07865330202859563
Afghanistan,rural,11_20,2019,0.07857006480964437
Afghanistan,rural,11_20,2020,0.07905922163897806
Afghanistan,rural,11_20,2025,0.0786545174419657
Afghanistan,rural,11_20,2030,0.07710009095175224
Afghanistan,rural,11_20,2035,0.07527566969737741
Afghanistan,rural,11_20,2040,0.07327438170457352
Afghanistan,rural,11_20,2045,0.0711870658964069
Afghanistan,rural,11_20,2050,0.06908272830110104
Afghanistan,rural,11_20,2055,0.06700796626365008
Afghanistan,rural,11_20,2060,0.06499596346864034
Afghanistan,rural,11_20,2065,0.06306919132254704
Afghanistan,rural,11_20,2070,0.06123459470234508
Afghanistan,rural,11_20,2075,0.059503893521464256
Afghanistan,rural,11_20,2080,0.057875008873140926
Afghanistan,rural,11_20,2085,0.05635001850049671
Afghanistan,rural,11_20,2090,0.0549475237161131
Afghanistan,rural,11_20,2095,0.053668417896921415
Afghanistan,rural,11_20,2100,0.05250139515627143
Afghanistan,rural,21_30,2011,0.0462193616190824
Afghanistan,rural,21_30,2012,0.04580828421549544
Afghanistan,rural,21_30,2013,0.04570425536448164
Afghanistan,rural,21_30,2014,0.045755545800133315
Afghanistan,rural,21_30,2015,0.04584185741482074
Afghanistan,rural,21_30,2016,0.04586098427812528
Afghanistan,rural,21_30,2017,0.04587312141308785
Afghanistan,rural,21_30,2018,0.04596259832549051
Afghanistan,rural,21_30,2019,0.04591395702548512
Afghanistan,rural,21_30,2020,0.04619980540419224
Afghanistan,rural,21_30,2025,0.04596330857611047
Afghanistan,rural,21_30,2030,0.045054948996112065
Afghanistan,rural,21_30,2035,0.04398881268487581
Afghanistan,rural,21_30,2040,0.042819320829169234
Afghanistan,rural,21_30,2045,0.04159955693375987
Afghanistan,rural,21_30,2050,0.04036984602347784
Afghanistan,rural,21_30,2055,0.03915741816998906
Afghanistan,rural,21_30,2060,0.03798166490964691
Afghanistan,rural,21_30,2065,0.036855717849173436
Afghanistan,rural,21_30,2070,0.035783635363520284
Afghanistan,rural,21_30,2075,0.03477226621376282
Afghanistan,rural,21_30,2080,0.0338203955499956
Afghanistan,rural,21_30,2085,0.03292923754212706
Afghanistan,rural,21_30,2090,0.032109662231674316
Afghanistan,rural,21_30,2095,0.031362191680953756
Afghanistan,rural,21_30,2100,0.03068021907355189
Afghanistan,rural,31_50,2011,0.0461113884100324
Afghanistan,rural,31_50,2012,0.045701271325776525
Afghanistan,rural,31_50,2013,0.045597485496918035
Afghanistan,rural,31_50,2014,0.04564865611280724
Afghanistan,rural,31_50,2015,0.045734766094635844
Afghanistan,rural,31_50,2016,0.04575384827560948
Afghanistan,rural,31_50,2017,0.045765957056969474
Afghanistan,rural,31_50,2018,0.04585522494205048
Afghanistan,rural,31_50,2019,0.0458066972731527
Afghanistan,rural,31_50,2020,0.04609187788048286
Afghanistan,rural,31_50,2025,0.045855933533451534
Afghanistan,rural,31_50,2030,0.044949695975380476
Afghanistan,rural,31_50,2035,0.04388605026883404
Afghanistan,rural,31_50,2040,0.04271929046705887
Afghanistan,rural,31_50,2045,0.04150237606626512
Afghanistan,rural,31_50,2050,0.04027553788785423
Afghanistan,rural,31_50,2055,0.03906594239122839
Afghanistan,rural,31_50,2060,0.037892935812106475
Afghanistan,rural,31_50,2065,0.03676961908041906
Afghanistan,rural,31_50,2070,0.03570004109033415
Afghanistan,rural,31_50,2075,0.034691034603512916
Afghanistan,rural,31_50,2080,0.03374138760806493
Afghanistan,rural,31_50,2085,0.03285231143747214
Afghanistan,rural,31_50,2090,0.032034650739710444
Afghanistan,rural,31_50,2095,0.031288926357504646
Afghanistan,rural,31_50,2100,0.03060854690864772
Afghanistan,rural,51+,2011,0.0228571795411535
Afghanistan,rural,51+,2012,0.022653886598759873
Afghanistan,rural,51+,2013,0.02260244049388549
Afghanistan,rural,51+,2014,0.022627805506628337
Afghanistan,rural,51+,2015,0.02267048978447831
Afghanistan,rural,51+,2016,0.022679948724050304
Afghanistan,rural,51+,2017,0.02268595098507764
Afghanistan,rural,51+,2018,0.02273020061942853
Afghanistan,rural,51+,2019,0.02270614570200017
Afghanistan,rural,51+,2020,0.022847508271381888
Afghanistan,rural,51+,2025,0.022730551864564137
Afghanistan,rural,51+,2030,0.02228133453916996
Afghanistan,rural,51+,2035,0.02175409079915238
Afghanistan,rural,51+,2040,0.02117573392918718
Afghanistan,rural,51+,2045,0.020572515680848637
Afghanistan,rural,51+,2050,0.019964378266669663
Afghanistan,rural,51+,2055,0.019364787961717315
Afghanistan,rural,51+,2060,0.01878333459615111
Afghanistan,rural,51+,2065,0.018226512233973553
Afghanistan,rural,51+,2070,0.017696327891328217
Afghanistan,rural,51+,2075,0.017196168533245567
Afghanistan,rural,51+,2080,0.0167254333716266
Afghanistan,rural,51+,2085,0.016284722858286704
Afghanistan,rural,51+,2090,0.015879412629796214
Afghanistan,rural,51+,2095,0.01550976086523158
Afghanistan,rural,51+,2100,0.015172500250123963
Bangladesh,large_city,No_travel,2011,0.0
Bangladesh,large_city,No_travel,2012,0.0
Bangladesh,large_city,No_travel,2013,0.0
Bangladesh,large_city,No_travel,2014,0.0
Bangladesh,large_city,No_travel,2015,0.0
Bangladesh,large_city,No_travel,2016,0.0
Bangladesh,large_city,No_travel,2017,0.0
Bangladesh,large_city,No_travel,2018,0.0
Bangladesh,large_city,No_travel,2019,0.0
Bangladesh,large_city,No_travel,2020,0.0
Bangladesh,large_city,No_travel,2025,0.0
Bangladesh,large_city,No_travel,2030,0.0
Bangladesh,large_city,No_travel,2035,0.0
Bangladesh,large_city,No_travel,2040,0.0
Bangladesh,large_city,No_travel,2045,0.0
Bangladesh,large_city,No_travel,2050,0.0
Bangladesh,large_city,No_travel,2055,0.0
Bangladesh,large_city,No_travel,2060,0.0
Bangladesh,large_city,No_travel,2065,0.0
Bangladesh,large_city,No_travel,2070,0.0
Bangladesh,large_city,No_travel,2075,0.0
Bangladesh,large_city,No_travel,2080,0.0
Bangladesh,large_city,No_travel,2085,0.0
Bangladesh,large_city,No_travel,2090,0.0
Bangladesh,large_city,No_travel,2095,0.0
Bangladesh,large_city,No_travel,2100,0.0
Bangladesh,large_city,00_01,2011,0.0204991553484746
Bangladesh,large_city,00_01,2012,0.020359343146892278
Bangladesh,large_city,00_01,2013,0.02023343199990998
Bangladesh,large_city,00_01,2014,0.020105762253061283
Bangladesh,large_city,00_01,2015,0.019964014564688465
Bangladesh,large_city,00_01,2016,0.019808976910097593
Bangladesh,large_city,00_01,2017,0.019668154401106648
Bangladesh,large_city,00_01,2018,0.019506389150714554
Bangladesh,large_city,00_01,2019,0.019329370530255015
Bangladesh,large_city,00_01,2020,0.01926790897248422
Bangladesh,large_city,00_01,2025,0.01835373196259837
Bangladesh,large_city,00_01,2030,0.01772243271433952
Bangladesh,large_city,00_01,2035,0.017136781580277326
Bangladesh,large_city,00_01,2040,0.016590734732484794
Bangladesh,large_city,00_01,2045,0.01608778522125103
Bangladesh,large_city,00_01,2050,0.01562782814313806
Bangladesh,large_city,00_01,2055,0.015208043262350378
Bangladesh,large_city,00_01,2060,0.014823130639141995
Bangladesh,large_city,00_01,2065,0.014468532021239912
Bangladesh,large_city,00_01,2070,0.014140929511552807
Bangladesh,large_city,00_01,2075,0.013838046566207188
Bangladesh,large_city,00_01,2080,0.013566214656138078
Bangladesh,large_city,00_01,2085,0.013321947820241323
Bangladesh,large_city,00_01,2090,0.013106288310847126
Bangladesh,large_city,00_01,2095,0.012909680018118874
Bangladesh,large_city,00_01,2100,0.012726880054433539
Bangladesh,large_city,02_05,2011,0.0599141683583879
Bangladesh,large_city,02_05,2012,0.0595055304588374
Bangladesh,large_city,02_05,2013,0.05913752204433185
Bangladesh,large_city,02_05,2014,0.05876437365958462
Bangladesh,large_city,02_05,2015,0.058350078791273706
Bangladesh,large_city,02_05,2016,0.057896940504298465
Bangladesh,large_city,02_05,2017,0.05748534971585353
Bangladesh,large_city,02_05,2018,0.05701254826224388
Bangladesh,large_city,02_05,2019,0.05649516482626872
Bangladesh,large_city,02_05,2020,0.05631552727256227
Bangladesh,large_city,02_05,2025,0.053643604729971074
Bangladesh,large_city,02_05,2030,0.05179846678151804
Bangladesh,large_city,02_05,2035,0.05008674744240419
Bangladesh,large_city,02_05,2040,0.04849078203729088
Bangladesh,large_city,02_05,2045,0.04702077992356619
Bangladesh,large_city,02_05,2050,0.045676434493365656
Bangladesh,large_city,02_05,2055,0.044449502866463736
Bangladesh,large_city,02_05,2060,0.0433244945762128
Bangladesh,large_city,02_05,2065,0.04228808693250869
Bangladesh,large_city,02_05,2070,0.04133058250921136
Bangladesh,large_city,02_05,2075,0.04044532750861095
Bangladesh,large_city,02_05,2080,0.039650827318325074
Bangladesh,large_city,02_05,2085,0.03893689330097162
Bangladesh,large_city,02_05,2090,0.03830657171287298
Bangladesh,large_city,02_05,2095,0.037731932311837746
Bangladesh,large_city,02_05,2100,0.03719765138104001
Bangladesh,large_city,06_10,2011,0.0468854192381946
Bangladesh,large_city,06_10,2012,0.046565642468158565
Bangladesh,large_city,06_10,2013,0.046277660021434665
Bangladesh,large_city,06_10,2014,0.045985655326447036
Bangladesh,large_city,06_10,2015,0.04566145173452201
Bangladesh,large_city,06_10,2016,0.04530685149321303
Bangladesh,large_city,06_10,2017,0.04498476396033787
Bangladesh,large_city,06_10,2018,0.0446147764435903
Bangladesh,large_city,06_10,2019,0.0442099016040116
Bangladesh,large_city,06_10,2020,0.04406932747526679
Bangladesh,large_city,06_10,2025,0.04197843291703776
Bangladesh,large_city,06_10,2030,0.04053453294085772
Bangladesh,large_city,06_10,2035,0.03919503877726657
Bangladesh,large_city,06_10,2040,0.037946127056406195
Bangladesh,large_city,06_10,2045,0.03679578704048965
Bangladesh,large_city,06_10,2050,0.0357437787956472
Bangladesh,large_city,06_10,2055,0.034783651912807086
Bangladesh,large_city,06_10,2060,0.033903284434127476
Bangladesh,large_city,06_10,2065,0.03309225078035009
Bangladesh,large_city,06_10,2070,0.03234296229752938
Bangladesh,large_city,06_10,2075,0.03165021210215681
Bangladesh,large_city,06_10,2080,0.031028481457686236
Bangladesh,large_city,06_10,2085,0.030469797316202384
Bangladesh,large_city,06_10,2090,0.02997654350458118
Bangladesh,large_city,06_10,2095,0.02952686340442253
Bangladesh,large_city,06_10,2100,0.02910876554680756
Bangladesh,large_city,11_20,2011,0.0406330553046253
Bangladesh,large_city,11_20,2012,0.04035592208510566
Bangladesh,large_city,11_20,2013,0.04010634328481713
Bangladesh,large_city,11_20,2014,0.039853278619651954
Bangladesh,large_city,11_20,2015,0.03957230891319114
Bangladesh,large_city,11_20,2016,0.03926499607584738
Bangladesh,large_city,11_20,2017,0.038985860243238996
Bangladesh,large_city,11_20,2018,0.03866521208706813
Bangladesh,large_city,11_20,2019,0.03831432897638346
Bangladesh,large_city,11_20,2020,0.03819250098720267
Bangladesh,large_city,11_20,2025,0.03638043583771481
Bangladesh,large_city,11_20,2030,0.035129085875620934
Bangladesh,large_city,11_20,2035,0.0339682187806098
Bangladesh,large_city,11_20,2040,0.03288585458617867
Bangladesh,large_city,11_20,2045,0.03188891715348994
Bangladesh,large_city,11_20,2050,0.030977198544844486
Bangladesh,large_city,11_20,2055,0.030145108539811147
Bangladesh,large_city,11_20,2060,0.02938214169359724
Bangladesh,large_city,11_20,2065,0.028679262720916483
Bangladesh,large_city,11_20,2070,0.028029894946110058
Bangladesh,large_city,11_20,2075,0.027429525845049894
Bangladesh,large_city,11_20,2080,0.026890705545011436
Bangladesh,large_city,11_20,2085,0.0264065242368866
Bangladesh,large_city,11_20,2090,0.025979047854410436
Bangladesh,large_city,11_20,2095,0.02558933444934717
Bangladesh,large_city,11_20,2100,0.025226991664591282
Bangladesh,large_city,21_30,2011,0.0412215199580625
Bangladesh,large_city,21_30,2012,0.040940373181040046
Bangladesh,large_city,21_30,2013,0.040687179877704274
Bangladesh,large_city,21_30,2014,0.04043045022576005
Bangladesh,large_city,21_30,2015,0.04014541140021137
Bangladesh,large_city,21_30,2016,0.039833647931701216
Bangladesh,large_city,21_30,2017,0.0395504695389219
Bangladesh,large_city,21_30,2018,0.03922517762400137
Bangladesh,large_city,21_30,2019,0.038869212879494734
Bangladesh,large_city,21_30,2020,0.03874562052716441
Bangladesh,large_city,21_30,2025,0.036907312303356775
Bangladesh,large_city,21_30,2030,0.03563783977538022
Bangladesh,large_city,21_30,2035,0.03446016052465914
Bangladesh,large_city,21_30,2040,0.03336212108587846
Bangladesh,large_city,21_30,2045,0.032350745594411534
Bangladesh,large_city,21_30,2050,0.03142582310111979
Bangladesh,large_city,21_30,2055,0.030581682425695814
Bangladesh,large_city,21_30,2060,0.029807665979165725
Bangladesh,large_city,21_30,2065,0.029094607623517926
Bangladesh,large_city,21_30,2070,0.02843583543696619
Bangladesh,large_city,21_30,2075,0.02782677154314823
Bangladesh,large_city,21_30,2080,0.027280147825455108
Bangladesh,large_city,21_30,2085,0.026788954404075423
Bangladesh,large_city,21_30,2090,0.02635528713244804
Bangladesh,large_city,21_30,2095,0.02595992973723608
Bangladesh,large_city,21_30,2100,0.025592339354935333
Bangladesh,large_city,31_50,2011,0.0600379215385309
Bangladesh,large_city,31_50,2012,0.059628439594224675
Bangladesh,large_city,31_50,2013,0.05925967105548036
Bangladesh,large_city,31_50,2014,0.058885751929845916
Bangladesh,large_city,31_50,2015,0.058470601332266364
Bangladesh,large_city,31_50,2016,0.05801652708463951
Bangladesh,large_city,31_50,2017,0.0576040861522239
Bangladesh,large_city,31_50,2018,0.05713030812353922
Bangladesh,large_city,31_50,2019,0.05661185602805814
Bangladesh,large_city,31_50,2020,0.056431847431589126
Bangladesh,large_city,31_50,2025,0.053754406012231366
Bangladesh,large_city,31_50,2030,0.05190545691701321
Bangladesh,large_city,31_50,2035,0.0501902020083082
Bangladesh,large_city,31_50,2040,0.04859094012425356
Bangladesh,large_city,31_50,2045,0.04711790170974435
Bangladesh,large_city,31_50,2050,0.045770779523615183
Bangladesh,large_city,31_50,2055,0.04454131365990739
Bangladesh,large_city,31_50,2060,0.04341398165629415
Bangladesh,large_city,31_50,2065,0.0423754333045514
Bangladesh,large_city,31_50,2070,0.041415951148430094
Bangladesh,large_city,31_50,2075,0.0405288676467495
Bangladesh,large_city,31_50,2080,0.0397327264101491
Bangladesh,large_city,31_50,2085,0.03901731775653714
Bangladesh,large_city,31_50,2090,0.0383856942343021
Bangladesh,large_city,31_50,2095,0.037809867911120364
Bangladesh,large_city,31_50,2100,0.0372744834189099
Bangladesh,large_city,51+,2011,0.0683410685329549
Bangladesh,large_city,51+,2012,0.06787495590110972
Bangladesh,large_city,51+,2013,0.0674551872726613
Bangladesh,large_city,51+,2014,0.06702955573952492
Bangladesh,large_city,51+,2015,0.06655699048886958
Bangladesh,large_city,51+,2016,0.06604011851061162
Bangladesh,large_city,51+,2017,0.06557063766740952
Bangladesh,large_city,51+,2018,0.0650313369071897
Bangladesh,large_city,51+,2019,0.06444118372932547
Bangladesh,large_city,51+,2020,0.06423628023645697
Bangladesh,large_city,51+,2025,0.06118855301932023
Bangladesh,large_city,51+,2030,0.05908389726855187
Bangladesh,large_city,51+,2035,0.05713142539305455
Bangladesh,large_city,51+,2040,0.05531098818904212
Bangladesh,large_city,51+,2045,0.053634230955315394
Bangladesh,large_city,51+,2050,0.05210080395975505
Bangladesh,large_city,51+,2055,0.05070130496482968
Bangladesh,large_city,51+,2060,0.04941806477689476
Bangladesh,large_city,51+,2065,0.048235886875621345
Bangladesh,large_city,51+,2070,0.04714370989635081
Bangladesh,large_city,51+,2075,0.0461339441877911
Bangladesh,large_city,51+,2080,0.045227697911802
Bangladesh,large_city,51+,2085,0.04441334940384797
Bangladesh,large_city,51+,2090,0.04369437337479958
Bangladesh,large_city,51+,2095,0.043038911206769885
Bangladesh,large_city,51+,2100,0.0424294839092217
Bangladesh,city,No_travel,2011,0.0
Bangladesh,city,No_travel,2012,0.0
Bangladesh,city,No_travel,2013,0.0
Bangladesh,city,No_travel,2014,0.0
Bangladesh,city,No_travel,2015,0.0
Bangladesh,city,No_travel,2016,0.0
Bangladesh,city,No_travel,2017,0.0
Bangladesh,city,No_travel,2018,0.0
Bangladesh,city,No_travel,2019,0.0
Bangladesh,city,No_travel,2020,0.0
Bangladesh,city,No_travel,2025,0.0
Bangladesh,city,No_travel,2030,0.0
Bangladesh,city,No_travel,2035,0.0
Bangladesh,city,No_travel,2040,0.0
Bangladesh,city,No_travel,2045,0.0
Bangladesh,city,No_travel,2050,0.0
Bangladesh,city,No_travel,2055,0.0
Bangladesh,city,No_travel,2060,0.0
Bangladesh,city,No_travel,2065,0.0
Bangladesh,city,No_travel,2070,0.0
Bangladesh,city,No_travel,2075,0.0
Bangladesh,city,No_travel,2080,0.0
Bangladesh,city,No_travel,2085,0.0
Bangladesh,city,No_travel,2090,0.0
Bangladesh,city,No_travel,2095,0.0
Bangladesh,city,No_travel,2100,0.0
Bangladesh,city,00_01,2011,0.0195275670690455
Bangladesh,city,00_01,2012,0.019394381476904855
Bangladesh,city,00_01,2013,0.01927443807798719
Bangladesh,city,00_01,2014,0.01915281943068709
Bangladesh,city,00_01,2015,0.01901779008706156
Bangladesh,city,00_01,2016,0.01887010067514264
Bangladesh,city,00_01,2017,0.018735952660631567
Bangladesh,city,00_01,2018,0.018581854517426482
Bangladesh,city,00_01,2019,0.018413225960555196
Bangladesh,city,00_01,2020,0.018354677465696037
Bangladesh,city,00_01,2025,0.01748382924926678
Bangladesh,city,00_01,2030,0.01688245137776682
Bangladesh,city,00_01,2035,0.016324558059478803
Bangladesh,city,00_01,2040,0.015804391922784638
Bangladesh,city,00_01,2045,0.015325280459604677
Bangladesh,city,00_01,2050,0.014887123738557067
Bangladesh,city,00_01,2055,0.014487235193160843
Bangladesh,city,00_01,2060,0.014120566082280463
Bangladesh,city,00_01,2065,0.013782774198860787
Bangladesh,city,00_01,2070,0.01347069890253017
Bangladesh,city,00_01,2075,0.013182171549633812
Bangladesh,city,00_01,2080,0.012923223521525118
Bangladesh,city,00_01,2085,0.012690534079466112
Bangladesh,city,00_01,2090,0.012485096076671231
Bangladesh,city,00_01,2095,0.01229780632949308
Bangladesh,city,00_01,2100,0.012123670444847953
Bangladesh,city,02_05,2011,0.0495217408664981
Bangladesh,city,02_05,2012,0.049183983358979645
Bangladesh,city,02_05,2013,0.04887980793872142
Bangladesh,city,02_05,2014,0.04857138410308259
Bangladesh,city,02_05,2015,0.04822895085777592
Bangladesh,city,02_05,2016,0.04785441178898594
Bangladesh,city,02_05,2017,0.04751421358667618
Bangladesh,city,02_05,2018,0.0471234220308808
Bangladesh,city,02_05,2019,0.04669578147194457
Bangladesh,city,02_05,2020,0.04654730299634712
Bangladesh,city,02_05,2025,0.04433883946601705
Bangladesh,city,02_05,2030,0.04281375039527072
Bangladesh,city,02_05,2035,0.041398937774644526
Bangladesh,city,02_05,2040,0.040079800959606816
Bangladesh,city,02_05,2045,0.03886477844083247
Bangladesh,city,02_05,2050,0.03775361679320307
Bangladesh,city,02_05,2055,0.036739502907403944
Bangladesh,city,02_05,2060,0.0358096332196664
Bangladesh,city,02_05,2065,0.03495299593052697
Bangladesh,city,02_05,2070,0.03416157568339242
Bangladesh,city,02_05,2075,0.03342987281674706
Bangladesh,city,02_05,2080,0.03277318286143681
Bangladesh,city,02_05,2085,0.032183084452798785
Bangladesh,city,02_05,2090,0.031662095457980995
Bangladesh,city,02_05,2095,0.031187130282139364
Bangladesh,city,02_05,2100,0.030745523187693684
Bangladesh,city,06_10,2011,0.0572198770303753
Bangladesh,city,06_10,2012,0.056829615244175326
Bangladesh,city,06_10,2013,0.05647815586818612
Bangladesh,city,06_10,2014,0.056121787662228535
Bangladesh,city,06_10,2015,0.055726123296543535
Bangladesh,city,06_10,2016,0.05529336226907868
Bangladesh,city,06_10,2017,0.054900280382991586
Bangladesh,city,06_10,2018,0.054448740425472694
Bangladesh,city,06_10,2019,0.05395462330100614
Bangladesh,city,06_10,2020,0.053783063901706195
Bangladesh,city,06_10,2025,0.051231295538549874
Bangladesh,city,06_10,2030,0.04946913194006639
Bangladesh,city,06_10,2035,0.047834387224780735
Bangladesh,city,06_10,2040,0.046310191083409585
Bangladesh,city,06_10,2045,0.044906293766858695
Bangladesh,city,06_10,2050,0.04362240245516944
Bangladesh,city,06_10,2055,0.04245064494372303
Bangladesh,city,06_10,2060,0.04137622735953404
Bangladesh,city,06_10,2065,0.04038642612301587
Bangladesh,city,06_10,2070,0.039471979893379715
Bangladesh,city,06_10,2075,0.03862653408877666
Bangladesh,city,06_10,2080,0.037867761924622885
Bangladesh,city,06_10,2085,0.037185932938256804
Bangladesh,city,06_10,2090,0.03658395639833633
Bangladesh,city,06_10,2095,0.036035158062901515
Bangladesh,city,06_10,2100,0.03552490331018506
Bangladesh,city,11_20,2011,0.0736255863590152
Bangladesh,city,11_20,2012,0.0731234312630293
Bangladesh,city,11_20,2013,0.07267120375081633
Bangladesh,city,11_20,2014,0.07221265998097548
Bangladesh,city,11_20,2015,0.07170355331320928
Bangladesh,city,11_20,2016,0.07114671387114764
Bangladesh,city,11_20,2017,0.07064093011465851
Bangladesh,city,11_20,2018,0.0700599275703992
Bangladesh,city,11_20,2019,0.06942414041203866
Bangladesh,city,11_20,2020,0.06920339262255716
Bangladesh,city,11_20,2025,0.06591999790484335
Bangladesh,city,11_20,2030,0.06365259827149591
Bangladesh,city,11_20,2035,0.061549150231118
Bangladesh,city,11_20,2040,0.059587946529561155
Bangladesh,city,11_20,2045,0.057781532945973116
Bangladesh,city,11_20,2050,0.05612953270496969
Bangladesh,city,11_20,2055,0.054621816534852353
Bangladesh,city,11_20,2060,0.05323934896002065
Bangladesh,city,11_20,2065,0.051965758379271185
Bangladesh,city,11_20,2070,0.05078912810068789
Bangladesh,city,11_20,2075,0.04970128159822816
Bangladesh,city,11_20,2080,0.04872495923617442
Bangladesh,city,11_20,2085,0.04784764069717919
Bangladesh,city,11_20,2090,0.047073069376403924
Bangladesh,city,11_20,2095,0.046366923167494904
Bangladesh,city,11_20,2100,0.045710371505538694
Bangladesh,city,21_30,2011,0.0391220097897899
Bangladesh,city,21_30,2012,0.038855182487588756
Bangladesh,city,21_30,2013,0.03861488492209654
Bangladesh,city,21_30,2014,0.03837123112265126
Bangladesh,city,21_30,2015,0.038100710003223084
Bangladesh,city,21_30,2016,0.03780482539053628
Bangladesh,city,21_30,2017,0.03753606994760646
Bangladesh,city,21_30,2018,0.037227345924498924
Bangladesh,city,21_30,2019,0.03688951131205434
Bangladesh,city,21_30,2020,0.03677221381252669
Bangladesh,city,21_30,2025,0.0350275350039427
Bangladesh,city,21_30,2030,0.03382271973468783
Bangladesh,city,21_30,2035,0.03270502249249938
Bangladesh,city,21_30,2040,0.031662908816990645
Bangladesh,city,21_30,2045,0.030703045087594524
Bangladesh,city,21_30,2050,0.029825231099314377
Bangladesh,city,21_30,2055,0.029024084518560082
Bangladesh,city,21_30,2060,0.028289490572742083
Bangladesh,city,21_30,2065,0.02761274997708415
Bangladesh,city,21_30,2070,0.026987530626663824
Bangladesh,city,21_30,2075,0.026409487807262804
Bangladesh,city,21_30,2080,0.02589070493713385
Bangladesh,city,21_30,2085,0.0254245291663363
Bangladesh,city,21_30,2090,0.025012949601502722
Bangladesh,city,21_30,2095,0.02463772869985514
Bangladesh,city,21_30,2100,0.024288860571032304
Bangladesh,city,31_50,2011,0.0678243479409768
Bangladesh,city,31_50,2012,0.06736175954426908
Bangladesh,city,31_50,2013,0.06694516474817129
Bangladesh,city,31_50,2014,0.06652275137627364
Bangladesh,city,31_50,2015,0.06605375914841864
Bangladesh,city,31_50,2016,0.0655407951920912
Bangladesh,city,31_50,2017,0.06507486405076572
Bangladesh,city,31_50,2018,0.06453964089445313
Bangladesh,city,31_50,2019,0.06395394981099232
Bangladesh,city,31_50,2020,0.06375059557476272
Bangladesh,city,31_50,2025,0.06072591194540756
Bangladesh,city,31_50,2030,0.05863716930499572
Bangladesh,city,31_50,2035,0.056699459891440894
Bangladesh,city,31_50,2040,0.05489278684725079
Bangladesh,city,31_50,2045,0.0532287074221831
Bangladesh,city,31_50,2050,0.05170687452841118
Bangladesh,city,31_50,2055,0.05031795701786488
Bangladesh,city,31_50,2060,0.04904441929206282
Bangladesh,city,31_50,2065,0.047871179730181554
Bangladesh,city,31_50,2070,0.04678726060153274
Bangladesh,city,31_50,2075,0.04578512963948615
Bangladesh,city,31_50,2080,0.04488573540901317
Bangladesh,city,31_50,2085,0.0440775441159248
Bangladesh,city,31_50,2090,0.04336400419911936
Bangladesh,city,31_50,2095,0.042713497920816794
Bangladesh,city,31_50,2100,0.0421086784475347
Bangladesh,city,51+,2011,0.0385852189262921
Bangladesh,city,51+,2012,0.0383220527462757
Bangladesh,city,51+,2013,0.038085052289965
Bangladesh,city,51+,2014,0.03784474165039575
Bangladesh,city,51+,2015,0.037577932335807675
Bangladesh,city,51+,2016,0.03728610753900439
Bangladesh,city,51+,2017,0.037021039674168206
Bangladesh,city,51+,2018,0.03671655163576179
Bangladesh,city,51+,2019,0.036383352432753174
Bangladesh,city,51+,2020,0.03626766436552197
Bangladesh,city,51+,2025,0.034546924195295724
Bangladesh,city,51+,2030,0.033358640127587345
Bangladesh,city,51+,2035,0.03225627874546813
Bangladesh,city,51+,2040,0.031228463852224032
Bangladesh,city,51+,2045,0.030281770358276224
Bangladesh,city,51+,2050,0.029416000805629398
Bangladesh,city,51+,2055,0.02862584671138544
Bangladesh,city,51+,2060,0.0279013320871722
Bangladesh,city,51+,2065,0.02723387701060337
Bangladesh,city,51+,2070,0.02661723625920674
Bangladesh,city,51+,2075,0.02604712473233983
Bangladesh,city,51+,2080,0.025535460052363186
Bangladesh,city,51+,2085,0.02507568065271049
Bangladesh,city,51+,2090,0.024669748347595732
Bangladesh,city,51+,2095,0.024299675830524503
Bangladesh,city,51+,2100,0.02395559450138614
Bangladesh,town,No_travel,2011,0.0
Bangladesh,town,No_travel,2012,0.0
Bangladesh,town,No_travel,2013,0.0
Bangladesh,town,No_travel,2014,0.0
Bangladesh,town,No_travel,2015,0.0
Bangladesh,town,No_travel,2016,0.0
Bangladesh,town,No_travel,2017,0.0
Bangladesh,town,No_travel,2018,0.0
Bangladesh,town,No_travel,2019,0.0
Bangladesh,town,No_travel,2020,0.0
Bangladesh,town,No_travel,2025,0.0
Bangladesh,town,No_travel,2030,0.0
Bangladesh,town,No_travel,2035,0.0
Bangladesh,town,No_travel,2040,0.0
Bangladesh,town,No_travel,2045,0.0
Bangladesh,town,No_travel,2050,0.0
Bangladesh,town,No_travel,2055,0.0
Bangladesh,town,No_travel,2060,0.0
Bangladesh,town,No_travel,2065,0.0
Bangladesh,town,No_travel,2070,0.0
Bangladesh,town,No_travel,2075,0.0
Bangladesh,town,No_travel,2080,0.0
Bangladesh,town,No_travel,2085,0.0
Bangladesh,town,No_travel,2090,0.0
Bangladesh,town,No_travel,2095,0.0
Bangladesh,town,No_travel,2100,0.0
Bangladesh,town,00_01,2011,0.0129968328827312
Bangladesh,town,00_01,2012,0.012908189434352856
Bangladesh,town,00_01,2013,0.012828359504407782
Bangladesh,town,00_01,2014,0.012747414590543482
Bangladesh,town,00_01,2015,0.012657544008757193
Bangladesh,town,00_01,2016,0.012559247349553715
Bangladesh,town,00_01,2017,0.012469963348121997
Bangladesh,town,00_01,2018,0.012367401272278436
Bangladesh,town,00_01,2019,0.012255168285692699
Bangladesh,town,00_01,2020,0.012216200553535929
Bangladesh,town,00_01,2025,0.011636595900527366
Bangladesh,town,00_01,2030,0.01123634083200696
Bangladesh,town,00_01,2035,0.010865027488232787
Bangladesh,town,00_01,2040,0.010518823973685061
Bangladesh,town,00_01,2045,0.010199944945020939
Bangladesh,town,00_01,2050,0.009908323891575511
Bangladesh,town,00_01,2055,0.00964217273317177
Bangladesh,town,00_01,2060,0.00939813121276516
Bangladesh,town,00_01,2065,0.00917330931649792
Bangladesh,town,00_01,2070,0.00896560343798798
Bangladesh,town,00_01,2075,0.008773570207507615
Bangladesh,town,00_01,2080,0.008601223891412952
Bangladesh,town,00_01,2085,0.008446354327717495
Bangladesh,town,00_01,2090,0.008309622323128986
Bangladesh,town,00_01,2095,0.008184969132277474
Bangladesh,town,00_01,2100,0.008069070670189648
Bangladesh,town,02_05,2011,0.0454311662241691
Bangladesh,town,02_05,2012,0.04512130802453718
Bangladesh,town,02_05,2013,0.04484225797828958
Bangladesh,town,02_05,2014,0.04455931044253599
Bangladesh,town,02_05,2015,0.044245162728501694
Bangladesh,town,02_05,2016,0.043901561183121565
Bangladesh,town,02_05,2017,0.04358946389397408
Bangladesh,town,02_05,2018,0.043230952342891836
Bangladesh,town,02_05,2019,0.04283863557499784
Bangladesh,town,02_05,2020,0.042702421657886895
Bangladesh,town,02_05,2025,0.040676380731399245
Bangladesh,town,02_05,2030,0.03927726644608919
Bangladesh,town,02_05,2035,0.03797931960054111
Bangladesh,town,02_05,2040,0.03676914558670828
Bangladesh,town,02_05,2045,0.035654485862500376
Bangladesh,town,02_05,2050,0.03463510793611726
Bangladesh,town,02_05,2055,0.03370476147192124
Bangladesh,town,02_05,2060,0.03285170050089629
Bangladesh,town,02_05,2065,0.032065822815747234
Bangladesh,town,02_05,2070,0.0313397751410972
Bangladesh,town,02_05,2075,0.03066851209622805
Bangladesh,town,02_05,2080,0.03006606577678484
Bangladesh,town,02_05,2085,0.029524710436234034
Bangladesh,town,02_05,2090,0.029046755961888358
Bangladesh,town,02_05,2095,0.028611023665793926
Bangladesh,town,02_05,2100,0.028205894020460587
Bangladesh,town,06_10,2011,0.0569320146292085
Bangladesh,town,06_10,2012,0.05654371617639352
Bangladesh,town,06_10,2013,0.05619402492618745
Bangladesh,town,06_10,2014,0.05583944954141003
Bangladesh,town,06_10,2015,0.05544577568846768
Bangladesh,town,06_10,2016,0.055015191800048956
Bangladesh,town,06_10,2017,0.0546240874347371
Bangladesh,town,06_10,2018,0.05417481908951694
Bangladesh,town,06_10,2019,0.053683187775039644
Bangladesh,town,06_10,2020,0.05351249145869598
Bangladesh,town,06_10,2025,0.050973560560531934
Bangladesh,town,06_10,2030,0.04922026207450647
Bangladesh,town,06_10,2035,0.0475937414513276
Bangladesh,town,06_10,2040,0.046077213253053764
Bangladesh,town,06_10,2045,0.04468037867891876
Bangladesh,town,06_10,2050,0.043402946382085895
Bangladesh,town,06_10,2055,0.04223708376151195
Bangladesh,town,06_10,2060,0.041168071369394175
Bangladesh,town,06_10,2065,0.04018324963607331
Bangladesh,town,06_10,2070,0.039273403812817985
Bangladesh,town,06_10,2075,0.03843221128648115
Bangladesh,town,06_10,2080,0.037677256361868035
Bangladesh,town,06_10,2085,0.03699885752843808
Bangladesh,town,06_10,2090,0.036399909418867706
Bangladesh,town,06_10,2095,0.03585387198427353
Bangladesh,town,06_10,2100,0.03534618422690811
Bangladesh,town,11_20,2011,0.0621547171877937
Bangladesh,town,11_20,2012,0.06173079787497193
Bangladesh,town,11_20,2013,0.061349027426461346
Bangladesh,town,11_20,2014,0.060961924793502924
Bangladesh,town,11_20,2015,0.06053213696405016
Bangladesh,town,11_20,2016,0.060062053128363165
Bangladesh,town,11_20,2017,0.05963507050048338
Bangladesh,town,11_20,2018,0.05914458817484544
Bangladesh,town,11_20,2019,0.05860785668007901
Bangladesh,town,11_20,2020,0.05842150140464326
Bangladesh,town,11_20,2025,0.055649659709552844
Bangladesh,town,11_20,2030,0.05373552102581847
Bangladesh,town,11_20,2035,0.05195979027059713
Bangladesh,town,11_20,2040,0.05030414218076709
Bangladesh,town,11_20,2045,0.048779167902604954
Bangladesh,town,11_20,2050,0.04738454936234578
Bangladesh,town,11_20,2055,0.04611173542920918
Bangladesh,town,11_20,2060,0.044944656355421435
Bangladesh,town,11_20,2065,0.043869491235872915
Bangladesh,town,11_20,2070,0.042876179999703924
Bangladesh,town,11_20,2075,0.041957820023942105
Bangladesh,town,11_20,2080,0.04113360872324476
Bangladesh,town,11_20,2085,0.04039297644618609
Bangladesh,town,11_20,2090,0.03973908336681821
Bangladesh,town,11_20,2095,0.039142954764270266
Bangladesh,town,11_20,2100,0.03858869387636268
Bangladesh,town,21_30,2011,0.0318021562733665
Bangladesh,town,21_30,2012,0.03158525321526195
Bangladesh,town,21_30,2013,0.031389916095033346
Bangladesh,town,21_30,2014,0.03119185070298949
Bangladesh,town,21_30,2015,0.03097194495270909
Bangladesh,town,21_30,2016,0.03073142130011274
Bangladesh,town,21_30,2017,0.030512950862594403
Bangladesh,town,21_30,2018,0.03026199009444976
Bangladesh,town,21_30,2019,0.029987365421605912
Bangladesh,town,21_30,2020,0.029892014660474333
Bangladesh,town,21_30,2025,0.028473770853074145
Bangladesh,town,21_30,2030,0.027494380385169784
Bangladesh,town,21_30,2035,0.026585807882034615
Bangladesh,town,21_30,2040,0.025738677017817346
Bangladesh,town,21_30,2045,0.02495840687097641
Bangladesh,town,21_30,2050,0.024244834695512207
Bangladesh,town,21_30,2055,0.023593585209713278
Bangladesh,town,21_30,2060,0.022996436147384947
Bangladesh,town,21_30,2065,0.022446315887835765
Bangladesh,town,21_30,2070,0.02193807708328465
Bangladesh,town,21_30,2075,0.021468187929479313
Bangladesh,town,21_30,2080,0.02104647099835957
Bangladesh,town,21_30,2085,0.020667518209547837
Bangladesh,town,21_30,2090,0.020332946501445622
Bangladesh,town,21_30,2095,0.020027930634026046
Bangladesh,town,21_30,2100,0.019744336851108577
Bangladesh,town,31_50,2011,0.0457355874252065
Bangladesh,town,31_50,2012,0.045423652954742835
Bangladesh,town,31_50,2013,0.045142733074253934
Bangladesh,town,31_50,2014,0.04485788958830088
Bangladesh,town,31_50,2015,0.04454163686063041
Bangladesh,town,31_50,2016,0.044195732939946795
Bangladesh,town,31_50,2017,0.04388154437647159
Bangladesh,town,31_50,2018,0.0435206305424185
Bangladesh,town,31_50,2019,0.043125684972501674
Bangladesh,town,31_50,2020,0.04298855832504081
Bangladesh,town,31_50,2025,0.04094894148000533
Bangladesh,town,31_50,2030,0.03954045213157185
Bangladesh,town,31_50,2035,0.038233808116867794
Bangladesh,town,31_50,2040,0.0370155250744237
Bangladesh,town,31_50,2045,0.035893396335436006
Bangladesh,town,31_50,2050,0.03486718785024378
Bangladesh,town,31_50,2055,0.03393060740150477
Bangladesh,town,31_50,2060,0.03307183031383698
Bangladesh,town,31_50,2065,0.03228068668795461
Bangladesh,town,31_50,2070,0.031549773976293716
Bangladesh,town,31_50,2075,0.03087401299048854
Bangladesh,town,31_50,2080,0.03026752985122828
Bangladesh,town,31_50,2085,0.02972254704397003
Bangladesh,town,31_50,2090,0.029241389933918206
Bangladesh,town,31_50,2095,0.028802737920811596
Bangladesh,town,31_50,2100,0.02839489361804244
Bangladesh,town,51+,2011,0.0299585707997298
Bangladesh,town,51+,2012,0.029754241710625073
Bangladesh,town,51+,2013,0.02957022837216208
Bangladesh,town,51+,2014,0.029383644921042715
Bangladesh,town,51+,2015,0.029176487207194228
Bangladesh,town,51+,2016,0.028949906820211094
Bangladesh,town,51+,2017,0.02874410121339058
Bangladesh,town,51+,2018,0.028507688755197852
Bangladesh,town,51+,2019,0.028248984199631746
Bangladesh,town,51+,2020,0.028159160965521023
Bangladesh,town,51+,2025,0.026823133397136927
Bangladesh,town,51+,2030,0.025900518640417872
Bangladesh,town,51+,2035,0.025044616498818173
Bangladesh,town,51+,2040,0.02424659419636369
Bangladesh,town,51+,2045,0.023511556665068167
Bangladesh,town,51+,2050,0.022839350593391674
Bangladesh,town,51+,2055,0.022225854336694943
Bangladesh,town,51+,2060,0.02166332227729689
Bangladesh,town,51+,2065,0.021145092739576134
Bangladesh,town,51+,2070,0.020666316769845237
Bangladesh,town,51+,2075,0.020223667304151878
Bangladesh,town,51+,2080,0.019826397495469873
Bangladesh,town,51+,2085,0.01946941277230256
Bangladesh,town,51+,2090,0.01915423633839638
Bangladesh,town,51+,2095,0.018866902379636386
Bangladesh,town,51+,2100,0.01859974865738984
Bangladesh,rural,No_travel,2011,0.0
Bangladesh,rural,No_travel,2012,0.0
Bangladesh,rural,No_travel,2013,0.0
Bangladesh,rural,No_travel,2014,0.0
Bangladesh,rural,No_travel,2015,0.0
Bangladesh,rural,No_travel,2016,0.0
Bangladesh,rural,No_travel,2017,0.0
Bangladesh,rural,No_travel,2018,0.0
Bangladesh,rural,No_travel,2019,0.0
Bangladesh,rural,No_travel,2020,0.0
Bangladesh,rural,No_travel,2025,0.0
Bangladesh,rural,No_travel,2030,0.0
Bangladesh,rural,No_travel,2035,0.0
Bangladesh,rural,No_travel,2040,0.0
Bangladesh,rural,No_travel,2045,0.0
Bangladesh,rural,No_travel,2050,0.0
Bangladesh,rural,No_travel,2055,0.0
Bangladesh,rural,No_travel,2060,0.0
Bangladesh,rural,No_travel,2065,0.0
Bangladesh,rural,No_travel,2070,0.0
Bangladesh,rural,No_travel,2075,0.0
Bangladesh,rural,No_travel,2080,0.0
Bangladesh,rural,No_travel,2085,0.0
Bangladesh,rural,No_travel,2090,0.0
Bangladesh,rural,No_travel,2095,0.0
Bangladesh,rural,No_travel,2100,0.0
Bangladesh,rural,00_01,2011,0.00937229078988372
Bangladesh,rural,00_01,2012,0.009308368126392082
Bangladesh,rural,00_01,2013,0.00925080107725541
Bangladesh,rural,00_01,2014,0.009192429989657115
Bangladesh,rural,00_01,2015,0.009127622414338033
Bangladesh,rural,00_01,2016,0.009056738616566563
Bangladesh,rural,00_01,2017,0.00899235403673448
Bangladesh,rural,00_01,2018,0.008918394356903775
Bangladesh,rural,00_01,2019,0.008837460779009099
Bangladesh,rural,00_01,2020,0.008809360324037424
Bangladesh,rural,00_01,2025,0.00839139516281852
Bangladesh,rural,00_01,2030,0.00810276277628669
Bangladesh,rural,00_01,2035,0.00783500087895249
Bangladesh,rural,00_01,2040,0.007585346209996006
Bangladesh,rural,00_01,2045,0.007355395805124155
Bangladesh,rural,00_01,2050,0.007145101702091231
Bangladesh,rural,00_01,2055,0.006953174478502889
Bangladesh,rural,00_01,2060,0.006777190982008515
Bangladesh,rural,00_01,2065,0.006615067162554827
Bangladesh,rural,00_01,2070,0.006465286065134552
Bangladesh,rural,00_01,2075,0.006326806845341389
Bangladesh,rural,00_01,2080,0.006202524275458489
Bangladesh,rural,00_01,2085,0.006090844560980909
Bangladesh,rural,00_01,2090,0.00599224422358718
Bangladesh,rural,00_01,2095,0.005902354173981362
Bangladesh,rural,00_01,2100,0.00581877734425766
Bangladesh,rural,02_05,2011,0.0357129319501618
Bangladesh,rural,02_05,2012,0.03546935588295163
Bangladesh,rural,02_05,2013,0.035249997760750745
Bangladesh,rural,02_05,2014,0.035027575865614405
Bangladesh,rural,02_05,2015,0.03478062785907969
Bangladesh,rural,02_05,2016,0.034510526524951866
Bangladesh,rural,02_05,2017,0.03426519033450152
Bangladesh,rural,02_05,2018,0.03398336841155172
Bangladesh,rural,02_05,2019,0.0336749725855328
Bangladesh,rural,02_05,2020,0.03356789634785831
Bangladesh,rural,02_05,2025,0.03197524822214493
Bangladesh,rural,02_05,2030,0.030875420121425926
Bangladesh,rural,02_05,2035,0.029855118614278482
Bangladesh,rural,02_05,2040,0.02890381434903878
Bangladesh,rural,02_05,2045,0.028027592799237458
Bangladesh,rural,02_05,2050,0.027226271205669162
Bangladesh,rural,02_05,2055,0.026494936249353857
Bangladesh,rural,02_05,2060,0.02582435455534166
Bangladesh,rural,02_05,2065,0.02520658489139788
Bangladesh,rural,02_05,2070,0.024635846929941904
Bangladesh,rural,02_05,2075,0.024108174553587255
Bangladesh,rural,02_05,2080,0.02363459823587312
Bangladesh,rural,02_05,2085,0.023209044853806024
Bangladesh,rural,02_05,2090,0.022833330183983137
Bangladesh,rural,02_05,2095,0.02249080589653419
Bangladesh,rural,02_05,2100,0.02217233801077946
Bangladesh,rural,06_10,2011,0.0564972292407587
Bangladesh,rural,06_10,2012,0.05611189619316855
Bangladesh,rural,06_10,2013,0.055764875507969686
Bangladesh,rural,06_10,2014,0.05541300798795709
Bangladesh,rural,06_10,2015,0.055022340591754225
Bangladesh,rural,06_10,2016,0.054595045039158595
Bangladesh,rural,06_10,2017,0.054206927507608096
Bangladesh,rural,06_10,2018,0.053761090189961204
Bangladesh,rural,06_10,2019,0.05327321342577396
Bangladesh,rural,06_10,2020,0.05310382070398412
Bangladesh,rural,06_10,2025,0.05058427942454329
Bangladesh,rural,06_10,2030,0.048844370743327654
Bangladesh,rural,06_10,2035,0.047230271732234284
Bangladesh,rural,06_10,2040,0.045725325142411795
Bangladesh,rural,06_10,2045,0.044339158085786416
Bangladesh,rural,06_10,2050,0.043071481440514696
Bangladesh,rural,06_10,2055,0.04191452242252125
Bangladesh,rural,06_10,2060,0.04085367399528671
Bangladesh,rural,06_10,2065,0.039876373269305286
Bangladesh,rural,06_10,2070,0.03897347586816834
Bangladesh,rural,06_10,2075,0.03813870746403598
Bangladesh,rural,06_10,2080,0.03738951807173886
Bangladesh,rural,06_10,2085,0.03671630011768298
Bangladesh,rural,06_10,2090,0.03612192612845907
Bangladesh,rural,06_10,2095,0.03558005873948254
Bangladesh,rural,06_10,2100,0.03507624815421853
Bangladesh,rural,11_20,2011,0.0790926871290141
Bangladesh,rural,11_20,2012,0.07855324428229252
Bangladesh,rural,11_20,2013,0.07806743641435676
Bangladesh,rural,11_20,2014,0.0775748432722644
Bangladesh,rural,11_20,2015,0.07702793266169787
Bangladesh,rural,11_20,2016,0.0764297448583802
Bangladesh,rural,11_20,2017,0.07588640390335043
Bangladesh,rural,11_20,2018,0.07526225875589876
Bangladesh,rural,11_20,2019,0.07457926093837854
Bangladesh,rural,11_20,2020,0.07434212142328192
Bangladesh,rural,11_20,2025,0.070814916765612
Bangladesh,rural,11_20,2030,0.0683791503606789
Bangladesh,rural,11_20,2035,0.06611950984741355
Bangladesh,rural,11_20,2040,0.06401267608982397
Bangladesh,rural,11_20,2045,0.062072126459486995
Bangladesh,rural,11_20,2050,0.06029745620339414
Bangladesh,rural,11_20,2055,0.058677783896256795
Bangladesh,rural,11_20,2060,0.057192660574739346
Bangladesh,rural,11_20,2065,0.055824498957085314
Bangladesh,rural,11_20,2070,0.05456049747210267
Bangladesh,rural,11_20,2075,0.05339187244215879
Bangladesh,rural,11_20,2080,0.05234305282743363
Bangladesh,rural,11_20,2085,0.05140058860882796
Bangladesh,rural,11_20,2090,0.05056850114898141
Bangladesh,rural,11_20,2095,0.04980991973821698
Bangladesh,rural,11_20,2100,0.04910461553962056
Bangladesh,rural,21_30,2011,0.0462193616190824
Bangladesh,rural,21_30,2012,0.04590412762071308
Bangladesh,rural,21_30,2013,0.04562023627322489
Bangladesh,rural,21_30,2014,0.04533237981781948
Bangladesh,rural,21_30,2015,0.04501278188530956
Bangladesh,rural,21_30,2016,0.044663219120390896
Bangladesh,rural,21_30,2017,0.04434570718604462
Bangladesh,rural,21_30,2018,0.04398097573842281
Bangladesh,rural,21_30,2019,0.04358185257977328
Bangladesh,rural,21_30,2020,0.04344327545715578
Bangladesh,rural,21_30,2025,0.04138208429656928
Bangladesh,rural,21_30,2030,0.0399586964667238
Bangladesh,rural,21_30,2035,0.03863823125302608
Bangladesh,rural,21_30,2040,0.03740706166139892
Bangladesh,rural,21_30,2045,0.03627306345802496
Bangladesh,rural,21_30,2050,0.03523600011755216
Bangladesh,rural,21_30,2055,0.034289512865881416
Bangladesh,rural,21_30,2060,0.03342165195057099
Bangladesh,rural,21_30,2065,0.032622139898887216
Bangladesh,rural,21_30,2070,0.031883495861845274
Bangladesh,rural,21_30,2075,0.031200586925296158
Bangladesh,rural,21_30,2080,0.03058768863082936
Bangladesh,rural,21_30,2085,0.030036941196218532
Bangladesh,rural,21_30,2090,0.02955069458352451
Bangladesh,rural,21_30,2095,0.02910740267103146
Bangladesh,rural,21_30,2100,0.028695244341485633
Bangladesh,rural,31_50,2011,0.0461113884100324
Bangladesh,rural,31_50,2012,0.04579689083088683
Bangladesh,rural,31_50,2013,0.045513662682948264
Bangladesh,rural,31_50,2014,0.04522647868999467
Bangladesh,rural,31_50,2015,0.044907627371309995
Bangladesh,rural,31_50,2016,0.04455888122116425
Bangladesh,rural,31_50,2017,0.044242111027535766
Bangladesh,rural,31_50,2018,0.0438782316302985
Bangladesh,rural,31_50,2019,0.0434800408646275
Bangladesh,rural,31_50,2020,0.04334178747250098
Bangladesh,rural,31_50,2025,0.04128541146764744
Bangladesh,rural,31_50,2030,0.03986534881898853
Bangladesh,rural,31_50,2035,0.038547968348601136
Bangladesh,rural,31_50,2040,0.037319674896475606
Bangladesh,rural,31_50,2045,0.036188325830190216
Bangladesh,rural,31_50,2050,0.03515368517694062
Bangladesh,rural,31_50,2055,0.03420940901738166
Bangladesh,rural,31_50,2060,0.03334357551492923
Bangladesh,rural,31_50,2065,0.032545931206088945
Bangladesh,rural,31_50,2070,0.03180901271791292
Bangladesh,rural,31_50,2075,0.031127699127270477
Bangladesh,rural,31_50,2080,0.03051623262660949
Bangladesh,rural,31_50,2085,0.029966771794967807
Bangladesh,rural,31_50,2090,0.029481661104651835
Bangladesh,rural,31_50,2095,0.029039404767914508
Bangladesh,rural,31_50,2100,0.028628209282854603
Bangladesh,rural,51+,2011,0.0228571795411535
Bangladesh,rural,51+,2012,0.02270128469869362
Bangladesh,rural,51+,2013,0.022560889953452512
Bangladesh,rural,51+,2014,0.022418534316057358
Bangladesh,rural,51+,2015,0.022260481347161642
Bangladesh,rural,51+,2016,0.022087609663115078
Bangladesh,rural,51+,2017,0.021930588297272256
Bangladesh,rural,51+,2018,0.02175021513999449
Bangladesh,rural,51+,2019,0.02155283401276321
Bangladesh,rural,51+,2020,0.021484302512954336
Bangladesh,rural,51+,2025,0.020464967438306465
Bangladesh,rural,51+,2030,0.01976104964187289
Bangladesh,rural,51+,2035,0.01910803087635893
Bangladesh,rural,51+,2040,0.018499172090438096
Bangladesh,rural,51+,2045,0.01793836814105679
Bangladesh,rural,51+,2050,0.01742550205770205
Bangladesh,rural,51+,2055,0.016957429191980792
Bangladesh,rural,51+,2060,0.016528239950435526
Bangladesh,rural,51+,2065,0.016132851743621633
Bangladesh,rural,51+,2070,0.01576756501571712
Bangladesh,rural,51+,2075,0.015429841351301191
Bangladesh,rural,51+,2080,0.015126740532372732
Bangladesh,rural,51+,2085,0.014854375606641435
Bangladesh,rural,51+,2090,0.014613908717046051
Bangladesh,rural,51+,2095,0.014394684511473908
Bangladesh,rural,51+,2100,0.014190857011313859
Bhutan,large_city,No_travel,2011,0.0
Bhutan,large_city,No_travel,2012,0.0
Bhutan,large_city,No_travel,2013,0.0
Bhutan,large_city,No_travel,2014,0.0
Bhutan,large_city,No_travel,2015,0.0
Bhutan,large_city,No_travel,2016,0.0
Bhutan,large_city,No_travel,2017,0.0
Bhutan,large_city,No_travel,2018,0.0
Bhutan,large_city,No_travel,2019,0.0
Bhutan,large_city,No_travel,2020,0.0
Bhutan,large_city,No_travel,2025,0.0
Bhutan,large_city,No_travel,2030,0.0
Bhutan,large_city,No_travel,2035,0.0
Bhutan,large_city,No_travel,2040,0.0
Bhutan,large_city,No_travel,2045,0.0
Bhutan,large_city,No_travel,2050,0.0
Bhutan,large_city,No_travel,2055,0.0
Bhutan,large_city,No_travel,2060,0.0
Bhutan,large_city,No_travel,2065,0.0
Bhutan,large_city,No_travel,2070,0.0
Bhutan,large_city,No_travel,2075,0.0
Bhutan,large_city,No_travel,2080,0.0
Bhutan,large_city,No_travel,2085,0.0
Bhutan,large_city,No_travel,2090,0.0
Bhutan,large_city,No_travel,2095,0.0
Bhutan,large_city,No_travel,2100,0.0
Bhutan,large_city,00_01,2011,0.0204991553484746
Bhutan,large_city,00_01,2012,0.02042993874494399
Bhutan,large_city,00_01,2013,0.02041608471822698
Bhutan,large_city,00_01,2014,0.020333943949079756
Bhutan,large_city,00_01,2015,0.020209521562202876
Bhutan,large_city,00_01,2016,0.020083986129218582
Bhutan,large_city,00_01,2017,0.020021357600559914
Bhutan,large_city,00_01,2018,0.019962798836645625
Bhutan,large_city,00_01,2019,0.019879238654237606
Bhutan,large_city,00_01,2020,0.020084503542091754
Bhutan,large_city,00_01,2025,0.019791515956351473
Bhutan,large_city,00_01,2030,0.019371320480731397
Bhutan,large_city,00_01,2035,0.01899230119056
Bhutan,large_city,00_01,2040,0.01863156126176378
Bhutan,large_city,00_01,2045,0.01828705397452393
Bhutan,large_city,00_01,2050,0.017959719529825367
Bhutan,large_city,00_01,2055,0.01765176053705305
Bhutan,large_city,00_01,2060,0.017364001672902047
Bhutan,large_city,00_01,2065,0.01709625950320758
Bhutan,large_city,00_01,2070,0.016848212875427204
Bhutan,large_city,00_01,2075,0.016620228185071168
Bhutan,large_city,00_01,2080,0.01641577590059681
Bhutan,large_city,00_01,2085,0.016227229423153706
Bhutan,large_city,00_01,2090,0.016061677280333187
Bhutan,large_city,00_01,2095,0.015915440037089286
Bhutan,large_city,00_01,2100,0.015784627406797102
Bhutan,large_city,02_05,2011,0.0599141683583879
Bhutan,large_city,02_05,2012,0.05971186464554553
Bhutan,large_city,02_05,2013,0.05967137261184687
Bhutan,large_city,02_05,2014,0.05943129462872449
Bhutan,large_city,02_05,2015,0.05906763750684953
Bhutan,large_city,02_05,2016,0.05870072721523482
Bhutan,large_city,02_05,2017,0.05851767888244716
Bhutan,large_city,02_05,2018,0.058346525506594485
Bhutan,large_city,02_05,2019,0.05810229891521816
Bhutan,large_city,02_05,2020,0.05870223949032454
Bhutan,large_city,02_05,2025,0.05784590627851409
Bhutan,large_city,02_05,2030,0.0566177745803167
Bhutan,large_city,02_05,2035,0.05550999110454069
Bhutan,large_city,02_05,2040,0.05445563386590949
Bhutan,large_city,02_05,2045,0.0534487207879072
Bhutan,large_city,02_05,2050,0.05249199985498209
Bhutan,large_city,02_05,2055,0.05159190877187251
Bhutan,large_city,02_05,2060,0.05075085787293171
Bhutan,large_city,02_05,2065,0.049968311023609546
Bhutan,large_city,02_05,2070,0.04924332957120694
Bhutan,large_city,02_05,2075,0.048576984402885506
Bhutan,large_city,02_05,2080,0.04797941887469582
Bhutan,large_city,02_05,2085,0.04742834224734845
Bhutan,large_city,02_05,2090,0.04694447260548155
Bhutan,large_city,02_05,2095,0.046517055833276165
Bhutan,large_city,02_05,2100,0.046134721545765506
Bhutan,large_city,06_10,2011,0.0468854192381946
Bhutan,large_city,06_10,2012,0.046727107862939904
Bhutan,large_city,06_10,2013,0.046695421101230844
Bhutan,large_city,06_10,2014,0.04650754973128672
Bhutan,large_city,06_10,2015,0.04622297235860129
Bhutan,large_city,06_10,2016,0.04593584924037218
Bhutan,large_city,06_10,2017,0.045792606029980525
Bhutan,large_city,06_10,2018,0.04565867113610226
Bhutan,large_city,06_10,2019,0.04546755330138077
Bhutan,large_city,06_10,2020,0.04593703266081393
Bhutan,large_city,06_10,2025,0.04526691501179373
Bhutan,large_city,06_10,2030,0.044305849021437894
Bhutan,large_city,06_10,2035,0.04343896070253108
Bhutan,large_city,06_10,2040,0.04261388071703666
Bhutan,large_city,06_10,2045,0.04182592783223376
Bhutan,large_city,06_10,2050,0.041077252464400325
Bhutan,large_city,06_10,2055,0.04037289239498037
Bhutan,large_city,06_10,2060,0.03971473381449864
Bhutan,large_city,06_10,2065,0.039102357174560495
Bhutan,large_city,06_10,2070,0.03853502793896988
Bhutan,large_city,06_10,2075,0.03801358412308953
Bhutan,large_city,06_10,2080,0.03754596334024102
Bhutan,large_city,06_10,2085,0.03711472212612619
Bhutan,large_city,06_10,2090,0.03673607327499198
Bhutan,large_city,06_10,2095,0.03640160122767232
Bhutan,large_city,06_10,2100,0.03610240816782967
Bhutan,large_city,11_20,2011,0.0406330553046253
Bhutan,large_city,11_20,2012,0.040495855403875874
Bhutan,large_city,11_20,2013,0.040468394202464675
Bhutan,large_city,11_20,2014,0.04030557625417434
Bhutan,large_city,11_20,2015,0.04005894844726433
Bhutan,large_city,11_20,2016,0.039810114380473355
Bhutan,large_city,11_20,2017,0.03968597324268622
Bhutan,large_city,11_20,2018,0.03956989911903327
Bhutan,large_city,11_20,2019,0.03940426763542669
Bhutan,large_city,11_20,2020,0.039811139986920714
Bhutan,large_city,11_20,2025,0.03923038528885754
Bhutan,large_city,11_20,2030,0.03839748141016703
Bhutan,large_city,11_20,2035,0.03764619622220439
Bhutan,large_city,11_20,2040,0.03693114405404497
Bhutan,large_city,11_20,2045,0.03624826793464892
Bhutan,large_city,11_20,2050,0.035599431513418746
Bhutan,large_city,11_20,2055,0.03498900076287539
Bhutan,large_city,11_20,2060,0.0344186103422616
Bhutan,large_city,11_20,2065,0.033887896651690674
Bhutan,large_city,11_20,2070,0.03339622310839633
Bhutan,large_city,11_20,2075,0.03294431597493807
Bhutan,large_city,11_20,2080,0.03253905435117942
Bhutan,large_city,11_20,2085,0.03216532093069446
Bhutan,large_city,11_20,2090,0.03183716646478248
Bhutan,large_city,11_20,2095,0.031547297643784084
Bhutan,large_city,11_20,2100,0.03128800321185027
Bhutan,large_city,21_30,2011,0.0412215199580625
Bhutan,large_city,21_30,2012,0.04108233307180483
Bhutan,large_city,21_30,2013,0.04105447416595693
Bhutan,large_city,21_30,2014,0.040889298221035625
Bhutan,large_city,21_30,2015,0.040639098648580715
Bhutan,large_city,21_30,2016,0.04038666086427995
Bhutan,large_city,21_30,2017,0.04026072186337183
Bhutan,large_city,21_30,2018,0.040142966706421326
Bhutan,large_city,21_30,2019,0.03997493647940576
Bhutan,large_city,21_30,2020,0.040387701323982575
Bhutan,large_city,21_30,2025,0.039798535897029697
Bhutan,large_city,21_30,2030,0.03895356956109481
Bhutan,large_city,21_30,2035,0.038191403951405266
Bhutan,large_city,21_30,2040,0.037465996103044824
Bhutan,large_city,21_30,2045,0.036773230290246976
Bhutan,large_city,21_30,2050,0.03611499715255297
Bhutan,large_city,21_30,2055,0.03549572589229719
Bhutan,large_city,21_30,2060,0.03491707484253125
Bhutan,large_city,21_30,2065,0.034378675137565026
Bhutan,large_city,21_30,2070,0.03387988097537826
Bhutan,large_city,21_30,2075,0.03342142913656416
Bhutan,large_city,21_30,2080,0.03301029834694563
Bhutan,large_city,21_30,2085,0.032631152365034645
Bhutan,large_city,21_30,2090,0.03229824543090168
Bhutan,large_city,21_30,2095,0.032004178610170984
Bhutan,large_city,21_30,2100,0.03174112896940825
Bhutan,large_city,31_50,2011,0.0600379215385309
Bhutan,large_city,31_50,2012,0.05983519996579821
Bhutan,large_city,31_50,2013,0.059794624295489415
Bhutan,large_city,31_50,2014,0.059554050429428025
Bhutan,large_city,31_50,2015,0.05918964217094303
Bhutan,large_city,31_50,2016,0.05882197402327092
Bhutan,large_city,31_50,2017,0.05863854760273002
Bhutan,large_city,31_50,2018,0.05846704070825004
Bhutan,large_city,31_50,2019,0.058222309664952135
Bhutan,large_city,31_50,2020,0.05882348942197659
Bhutan,large_city,31_50,2025,0.05796538744726535
Bhutan,large_city,31_50,2030,0.05673471903350551
Bhutan,large_city,31_50,2035,0.05562464742235529
Bhutan,large_city,31_50,2040,0.0545681124006577
Bhutan,large_city,31_50,2045,0.05355911953587134
Bhutan,large_city,31_50,2050,0.0526004224884277
Bhutan,large_city,31_50,2055,0.051698472260194264
Bhutan,large_city,31_50,2060,0.05085568416408863
Bhutan,large_city,31_50,2065,0.05007152095817055
Bhutan,large_city,31_50,2070,0.04934504205094653
Bhutan,large_city,31_50,2075,0.04867732054150392
Bhutan,large_city,31_50,2080,0.048078520737074006
Bhutan,large_city,31_50,2085,0.04752630585667223
Bhutan,large_city,31_50,2090,0.04704143677830147
Bhutan,large_city,31_50,2095,0.046613137173433024
Bhutan,large_city,31_50,2100,0.046230013171481635
Bhutan,large_city,51+,2011,0.0683410685329549
Bhutan,large_city,51+,2012,0.06811031089611129
Bhutan,large_city,51+,2013,0.06806412367652934
Bhutan,large_city,51+,2014,0.06779027883569506
Bhutan,large_city,51+,2015,0.0673754735071809
Bhutan,large_city,51+,2016,0.06695695745210198
Bhutan,large_city,51+,2017,0.06674816345564599
Bhutan,large_city,51+,2018,0.06655293743633738
Bhutan,large_city,51+,2019,0.06627436048740969
Bhutan,large_city,51+,2020,0.0669586824279863
Bhutan,large_city,51+,2025,0.06598190634448434
Bhutan,large_city,51+,2030,0.0645810384887887
Bhutan,large_city,51+,2035,0.0633174457775484
Bhutan,large_city,51+,2040,0.062114793679091555
Bhutan,large_city,51+,2045,0.0609662587405965
Bhutan,large_city,51+,2050,0.05987497544925806
Bhutan,large_city,51+,2055,0.05884828697001988
Bhutan,large_city,51+,2060,0.05788894264965146
Bhutan,large_city,51+,2065,0.0569963309465252
Bhutan,large_city,51+,2070,0.05616938118687238
Bhutan,large_city,51+,2075,0.05540931487764048
Bhutan,large_city,51+,2080,0.05472770203323511
Bhutan,large_city,51+,2085,0.0540991167321561
Bhutan,large_city,51+,2090,0.053547191048100226
Bhutan,large_city,51+,2095,0.053059658303813484
Bhutan,large_city,51+,2100,0.05262354887492234
Bhutan,city,No_travel,2011,0.0
Bhutan,city,No_travel,2012,0.0
Bhutan,city,No_travel,2013,0.0
Bhutan,city,No_travel,2014,0.0
Bhutan,city,No_travel,2015,0.0
Bhutan,city,No_travel,2016,0.0
Bhutan,city,No_travel,2017,0.0
Bhutan,city,No_travel,2018,0.0
Bhutan,city,No_travel,2019,0.0
Bhutan,city,No_travel,2020,0.0
Bhutan,city,No_travel,2025,0.0
Bhutan,city,No_travel,2030,0.0
Bhutan,city,No_travel,2035,0.0
Bhutan,city,No_travel,2040,0.0
Bhutan,city,No_travel,2045,0.0
Bhutan,city,No_travel,2050,0.0
Bhutan,city,No_travel,2055,0.0
Bhutan,city,No_travel,2060,0.0
Bhutan,city,No_travel,2065,0.0
Bhutan,city,No_travel,2070,0.0
Bhutan,city,No_travel,2075,0.0
Bhutan,city,No_travel,2080,0.0
Bhutan,city,No_travel,2085,0.0
Bhutan,city,No_travel,2090,0.0
Bhutan,city,No_travel,2095,0.0
Bhutan,city,No_travel,2100,0.0
Bhutan,city,00_01,2011,0.0195275670690455
Bhutan,city,00_01,2012,0.0194616310904767
Bhutan,city,00_01,2013,0.01944843369617953
Bhutan,city,00_01,2014,0.019370186112249457
Bhutan,city,00_01,2015,0.0192516609114143
Bhutan,city,00_01,2016,0.01913207541896498
Bhutan,city,00_01,2017,0.019072415263557223
Bhutan,city,00_01,2018,0.019016631980276637
Bhutan,city,00_01,2019,0.01893703225831074
Bhutan,city,00_01,2020,0.019132568308277316
Bhutan,city,00_01,2025,0.01885346730954437
Bhutan,city,00_01,2030,0.018453187630074988
Bhutan,city,00_01,2035,0.01809213252885421
Bhutan,city,00_01,2040,0.01774849041120105
Bhutan,city,00_01,2045,0.017420311564658886
Bhutan,city,00_01,2050,0.017108491627973756
Bhutan,city,00_01,2055,0.01681512881454815
Bhutan,city,00_01,2060,0.01654100871428562
Bhutan,city,00_01,2065,0.01628595658715934
Bhutan,city,00_01,2070,0.016049666502134335
Bhutan,city,00_01,2075,0.015832487488854925
Bhutan,city,00_01,2080,0.015637725527709548
Bhutan,city,00_01,2085,0.015458115493963625
Bhutan,city,00_01,2090,0.015300409943788727
Bhutan,city,00_01,2095,0.015161103834493345
Bhutan,city,00_01,2100,0.015036491265434547
Bhutan,city,02_05,2011,0.0495217408664981
Bhutan,city,02_05,2012,0.049354527796230924
Bhutan,city,02_05,2013,0.04932105931865834
Bhutan,city,02_05,2014,0.049122624123884025
Bhutan,city,02_05,2015,0.048822045241673315
Bhutan,city,02_05,2016,0.04851877746911729
Bhutan,city,02_05,2017,0.04836747983200195
Bhutan,city,02_05,2018,0.048226013909005196
Bhutan,city,02_05,2019,0.04802414970388929
Bhutan,city,02_05,2020,0.048520027432142135
Bhutan,city,02_05,2025,0.04781222971796897
Bhutan,city,02_05,2030,0.04679712391954978
Bhutan,city,02_05,2035,0.04588149131165949
Bhutan,city,02_05,2040,0.04501001787920049
Bhutan,city,02_05,2045,0.044177759168278465
Bhutan,city,02_05,2050,0.04338698651099199
Bhutan,city,02_05,2055,0.042643020958347246
Bhutan,city,02_05,2060,0.04194785475953193
Bhutan,city,02_05,2065,0.04130104477535226
Bhutan,city,02_05,2070,0.04070181516735465
Bhutan,city,02_05,2075,0.040151051071692506
Bhutan,city,02_05,2080,0.03965713642598218
Bhutan,city,02_05,2085,0.03920164693685437
Bhutan,city,02_05,2090,0.03880170702824437
Bhutan,city,02_05,2095,0.03844842794226025
Bhutan,city,02_05,2100,0.03813241154698587
Bhutan,city,06_10,2011,0.0572198770303753
Bhutan,city,06_10,2012,0.057026670750645506
Bhutan,city,06_10,2013,0.05698799961070599
Bhutan,city,06_10,2014,0.056758717738849045
Bhutan,city,06_10,2015,0.05641141398140663
Bhutan,city,06_10,2016,0.056061003346616706
Bhutan,city,06_10,2017,0.05588618654819146
Bhutan,city,06_10,2018,0.05572272980018082
Bhutan,city,06_10,2019,0.055489485879602486
Bhutan,city,06_10,2020,0.056062447615927984
Bhutan,city,06_10,2025,0.055244623010840876
Bhutan,city,06_10,2030,0.054071719394327235
Bhutan,city,06_10,2035,0.05301375203874245
Bhutan,city,06_10,2040,0.052006808385954235
Bhutan,city,06_10,2045,0.05104517536855291
Bhutan,city,06_10,2050,0.05013147739636539
Bhutan,city,06_10,2055,0.04927186267579392
Bhutan,city,06_10,2060,0.048468633150420035
Bhutan,city,06_10,2065,0.04772127679522741
Bhutan,city,06_10,2070,0.04702889716796397
Bhutan,city,06_10,2075,0.046392516998868295
Bhutan,city,06_10,2080,0.04582182350553504
Bhutan,city,06_10,2085,0.04529552834505626
Bhutan,city,06_10,2090,0.044833417926686756
Bhutan,city,06_10,2095,0.044425221738432594
Bhutan,city,06_10,2100,0.04406008071227341
Bhutan,city,11_20,2011,0.0736255863590152
Bhutan,city,11_20,2012,0.07337698523696458
Bhutan,city,11_20,2013,0.07332722656041749
Bhutan,city,11_20,2014,0.07303220648814437
Bhutan,city,11_20,2015,0.07258532606627956
Bhutan,city,11_20,2016,0.07213444798349117
Bhutan,city,11_20,2017,0.07190950885468753
Bhutan,city,11_20,2018,0.07169918685573894
Bhutan,city,11_20,2019,0.07139906876201882
Bhutan,city,11_20,2020,0.07213630634426406
Bhutan,city,11_20,2025,0.07108400041119811
Bhutan,city,11_20,2030,0.06957480953225609
Bhutan,city,11_20,2035,0.06821350868810579
Bhutan,city,11_20,2040,0.06691786072948355
Bhutan,city,11_20,2045,0.06568051457561508
Bhutan,city,11_20,2050,0.06450484708996777
Bhutan,city,11_20,2055,0.06339876925251772
Bhutan,city,11_20,2060,0.062365243005071715
Bhutan,city,11_20,2065,0.06140360951814578
Bhutan,city,11_20,2070,0.060512715327421696
Bhutan,city,11_20,2075,0.059693876393670665
Bhutan,city,11_20,2080,0.058959557390230115
Bhutan,city,11_20,2085,0.058282366319588844
Bhutan,city,11_20,2090,0.057687762620999915
Bhutan,city,11_20,2095,0.05716253108836706
Bhutan,city,11_20,2100,0.05669269921262864
Bhutan,city,21_30,2011,0.0391220097897899
Bhutan,city,21_30,2012,0.038989912023081566
Bhutan,city,21_30,2013,0.03896347203764621
Bhutan,city,21_30,2014,0.03880670889691721
Bhutan,city,21_30,2015,0.03856925258446341
Bhutan,city,21_30,2016,0.0383296720576227
Bhutan,city,21_30,2017,0.038210147429917164
Bhutan,city,21_30,2018,0.038098389823509084
Bhutan,city,21_30,2019,0.03793891777606951
Bhutan,city,21_30,2020,0.03833065952423513
Bhutan,city,21_30,2025,0.03777150169539946
Bhutan,city,21_30,2030,0.036969571506990144
Bhutan,city,21_30,2035,0.03624622480667315
Bhutan,city,21_30,2040,0.035557763707373076
Bhutan,city,21_30,2045,0.03490028210703708
Bhutan,city,21_30,2050,0.034275574350432575
Bhutan,city,21_30,2055,0.03368784405007223
Bhutan,city,21_30,2060,0.0331386650761565
Bhutan,city,21_30,2065,0.03262768735020322
Bhutan,city,21_30,2070,0.0321542979624268
Bhutan,city,21_30,2075,0.031719196167430415
Bhutan,city,21_30,2080,0.031329005247913044
Bhutan,city,21_30,2085,0.030969170073684348
Bhutan,city,21_30,2090,0.030653218882425778
Bhutan,city,21_30,2095,0.0303741295851077
Bhutan,city,21_30,2100,0.03012447768892361
Bhutan,city,31_50,2011,0.0678243479409768
Bhutan,city,31_50,2012,0.06759533504159887
Bhutan,city,31_50,2013,0.06754949703937561
Bhutan,city,31_50,2014,0.06727772271443032
Bhutan,city,31_50,2015,0.06686605369120822
Bhutan,city,31_50,2016,0.06645070199788679
Bhutan,city,31_50,2017,0.06624348667381283
Bhutan,city,31_50,2018,0.06604973674064732
Bhutan,city,31_50,2019,0.0657732660866467
Bhutan,city,31_50,2020,0.06645241393138564
Bhutan,city,31_50,2025,0.06548302316284774
Bhutan,city,31_50,2030,0.06409274714136275
Bhutan,city,31_50,2035,0.06283870833947426
Bhutan,city,31_50,2040,0.061645149383948876
Bhutan,city,31_50,2045,0.06050529841346993
Bhutan,city,31_50,2050,0.05942226621566018
Bhutan,city,31_50,2055,0.05840334043446224
Bhutan,city,31_50,2060,0.057451249629085224
Bhutan,city,31_50,2065,0.056565386881712025
Bhutan,city,31_50,2070,0.05574468961384074
Bhutan,city,31_50,2075,0.05499037009671613
Bhutan,city,31_50,2080,0.054313910864919136
Bhutan,city,31_50,2085,0.053690078240025245
Bhutan,city,31_50,2090,0.05314232561577535
Bhutan,city,31_50,2095,0.052658479062144464
Bhutan,city,31_50,2100,0.05222566701690712
Bhutan,city,51+,2011,0.0385852189262921
Bhutan,city,51+,2012,0.038454933665501505
Bhutan,city,51+,2013,0.03842885646159728
Bhutan,city,51+,2014,0.038274244258975215
Bhutan,city,51+,2015,0.03804004607103214
Bhutan,city,51+,2016,0.037803752814926525
Bhutan,city,51+,2017,0.03768586817781605
Bhutan,city,51+,2018,0.03757564399114711
Bhutan,city,51+,2019,0.03741836005056883
Bhutan,city,51+,2020,0.03780472673256592
Bhutan,city,51+,2025,0.03725324107638664
Bhutan,city,51+,2030,0.03646231412632357
Bhutan,city,51+,2035,0.03574889242479774
Bhutan,city,51+,2040,0.035069877660948316
Bhutan,city,51+,2045,0.034421417328125786
Bhutan,city,51+,2050,0.03380528115099543
Bhutan,city,51+,2055,0.03322561506454254
Bhutan,city,51+,2060,0.03268397134398437
Bhutan,city,51+,2065,0.03218000471424564
Bhutan,city,51+,2070,0.03171311067524093
Bhutan,city,51+,2075,0.03128397888714093
Bhutan,city,51+,2080,0.030899141754960713
Bhutan,city,51+,2085,0.030544243858620576
Bhutan,city,51+,2090,0.030232627815624843
Bhutan,city,51+,2095,0.02995736788662668
Bhutan,city,51+,2100,0.029711141449861637
Bhutan,town,No_travel,2011,0.0
Bhutan,town,No_travel,2012,0.0
Bhutan,town,No_travel,2013,0.0
Bhutan,town,No_travel,2014,0.0
Bhutan,town,No_travel,2015,0.0
Bhutan,town,No_travel,2016,0.0
Bhutan,town,No_travel,2017,0.0
Bhutan,town,No_travel,2018,0.0
Bhutan,town,No_travel,2019,0.0
Bhutan,town,No_travel,2020,0.0
Bhutan,town,No_travel,2025,0.0
Bhutan,town,No_travel,2030,0.0
Bhutan,town,No_travel,2035,0.0
Bhutan,town,No_travel,2040,0.0
Bhutan,town,No_travel,2045,0.0
Bhutan,town,No_travel,2050,0.0
Bhutan,town,No_travel,2055,0.0
Bhutan,town,No_travel,2060,0.0
Bhutan,town,No_travel,2065,0.0
Bhutan,town,No_travel,2070,0.0
Bhutan,town,No_travel,2075,0.0
Bhutan,town,No_travel,2080,0.0
Bhutan,town,No_travel,2085,0.0
Bhutan,town,No_travel,2090,0.0
Bhutan,town,No_travel,2095,0.0
Bhutan,town,No_travel,2100,0.0
Bhutan,town,00_01,2011,0.0129968328827312
Bhutan,town,00_01,2012,0.01295294831219622
Bhutan,town,00_01,2013,0.012944164610285924
Bhutan,town,00_01,2014,0.012892085886488902
Bhutan,town,00_01,2015,0.012813199857205276
Bhutan,town,00_01,2016,0.01273360813668692
Bhutan,town,00_01,2017,0.012693900524015523
Bhutan,town,00_01,2018,0.012656773215330095
Bhutan,town,00_01,2019,0.01260379455801735
Bhutan,town,00_01,2020,0.012733936185746975
Bhutan,town,00_01,2025,0.012548176791086616
Bhutan,town,00_01,2030,0.012281765308180308
Bhutan,town,00_01,2035,0.01204146026682866
Bhutan,town,00_01,2040,0.011812744669088595
Bhutan,town,00_01,2045,0.011594320857813242
Bhutan,town,00_01,2050,0.01138678493732345
Bhutan,town,00_01,2055,0.011191533401552546
Bhutan,town,00_01,2060,0.011009089110345522
Bhutan,town,00_01,2065,0.0108393357631454
Bhutan,town,00_01,2070,0.010682069743468817
Bhutan,town,00_01,2075,0.010537523352653785
Bhutan,town,00_01,2080,0.010407896930070302
Bhutan,town,00_01,2085,0.010288355074989038
Bhutan,town,00_01,2090,0.010183392041291338
Bhutan,town,00_01,2095,0.010090675001034666
Bhutan,town,00_01,2100,0.010007737442586213
Bhutan,town,02_05,2011,0.0454311662241691
Bhutan,town,02_05,2012,0.04527776521973671
Bhutan,town,02_05,2013,0.04524706129169894
Bhutan,town,02_05,2014,0.04506501715995445
Bhutan,town,02_05,2015,0.04478926657198536
Bhutan,town,02_05,2016,0.04451104920029464
Bhutan,town,02_05,2017,0.044372248988895746
Bhutan,town,02_05,2018,0.044242468376375535
Bhutan,town,02_05,2019,0.04405727847600322
Bhutan,town,02_05,2020,0.04451219591438348
Bhutan,town,02_05,2025,0.043862863418331385
Bhutan,town,02_05,2030,0.04293160697507701
Bhutan,town,02_05,2035,0.04209160707843616
Bhutan,town,02_05,2040,0.041292118739027314
Bhutan,town,02_05,2045,0.040528605922720194
Bhutan,town,02_05,2050,0.03980315234596571
Bhutan,town,02_05,2055,0.03912063953248494
Bhutan,town,02_05,2060,0.03848289516851069
Bhutan,town,02_05,2065,0.03788951271885214
Bhutan,town,02_05,2070,0.037339780430547226
Bhutan,town,02_05,2075,0.0368345103260938
Bhutan,town,02_05,2080,0.036381393816512494
Bhutan,town,02_05,2085,0.03596352848440082
Bhutan,town,02_05,2090,0.03559662424901212
Bhutan,town,02_05,2095,0.03527252657800869
Bhutan,town,02_05,2100,0.03498261364013405
Bhutan,town,06_10,2011,0.0569320146292085
Bhutan,town,06_10,2012,0.056739780333804606
Bhutan,town,06_10,2013,0.056701303741071
Bhutan,town,06_10,2014,0.05647317534303473
Bhutan,town,06_10,2015,0.056127618805242904
Bhutan,town,06_10,2016,0.05577897102021708
Bhutan,town,06_10,2017,0.055605033692108286
Bhutan,town,06_10,2018,0.055442399264144654
Bhutan,town,06_10,2019,0.05521032874970628
Bhutan,town,06_10,2020,0.05578040802368205
Bhutan,town,06_10,2025,0.05496669773981988
Bhutan,town,06_10,2030,0.05379969478001698
Bhutan,town,06_10,2035,0.052747049858508255
Bhutan,town,06_10,2040,0.051745171949177986
Bhutan,town,06_10,2045,0.0507883767259803
Bhutan,town,06_10,2050,0.04987927539583162
Bhutan,town,06_10,2055,0.04902398523466825
Bhutan,town,06_10,2060,0.048224796605428055
Bhutan,town,06_10,2065,0.04748120005899592
Bhutan,town,06_10,2070,0.046792303662951534
Bhutan,town,06_10,2075,0.04615912500237071
Bhutan,town,06_10,2080,0.0455913025602848
Bhutan,town,06_10,2085,0.045067655091420904
Bhutan,town,06_10,2090,0.044607869463343504
Bhutan,town,06_10,2095,0.04420172683306599
Bhutan,town,06_10,2100,0.04383842276248954
Bhutan,town,11_20,2011,0.0621547171877937
Bhutan,town,11_20,2012,0.0619448481300686
Bhutan,town,11_20,2013,0.06190284185723102
Bhutan,town,11_20,2014,0.06165378592350382
Bhutan,town,11_20,2015,0.06127652948846058
Bhutan,town,11_20,2016,0.06089589822821861
Bhutan,town,11_20,2017,0.06070600462428743
Bhutan,town,11_20,2018,0.06052845080082073
Bhutan,town,11_20,2019,0.06027509111758298
Bhutan,town,11_20,2020,0.06089746705631199
Bhutan,town,11_20,2025,0.06000911042787282
Bhutan,town,11_20,2030,0.05873505154560284
Bhutan,town,11_20,2035,0.05758584142504661
Bhutan,town,11_20,2040,0.05649205546794168
Bhutan,town,11_20,2045,0.055447487892179584
Bhutan,town,11_20,2050,0.05445498944577033
Bhutan,town,11_20,2055,0.05352123857770711
Bhutan,town,11_20,2060,0.05264873575914989
Bhutan,town,11_20,2065,0.05183692480627352
Bhutan,town,11_20,2070,0.051084831964544684
Bhutan,town,11_20,2075,0.05039356816799608
Bhutan,town,11_20,2080,0.04977365609338235
Bhutan,town,11_20,2085,0.04920197141745238
Bhutan,town,11_20,2090,0.04870000699784968
Bhutan,town,11_20,2095,0.048256606558093336
Bhutan,town,11_20,2100,0.047859974506567995
Bhutan,town,21_30,2011,0.0318021562733665
Bhutan,town,21_30,2012,0.03169477442251595
Bhutan,town,21_30,2013,0.031673281443162414
Bhutan,town,21_30,2014,0.03154584918888522
Bhutan,town,21_30,2015,0.031352821714138154
Bhutan,town,21_30,2016,0.031158067472329437
Bhutan,town,21_30,2017,0.03106090628584562
Bhutan,town,21_30,2018,0.030970058886061608
Bhutan,town,21_30,2019,0.030840424570208268
Bhutan,town,21_30,2020,0.031158870180771358
Bhutan,town,21_30,2025,0.030704332575222544
Bhutan,town,21_30,2030,0.03005244609727429
Bhutan,town,21_30,2035,0.029464439884737924
Bhutan,town,21_30,2040,0.028904792065371835
Bhutan,town,21_30,2045,0.028370327381346185
Bhutan,town,21_30,2050,0.027862504449767
Bhutan,town,21_30,2055,0.027384740373762647
Bhutan,town,21_30,2060,0.026938314547370848
Bhutan,town,21_30,2065,0.026522942392916332
Bhutan,town,21_30,2070,0.02613812567800032
Bhutan,town,21_30,2075,0.025784432824446854
Bhutan,town,21_30,2080,0.025467247877517606
Bhutan,town,21_30,2085,0.025174739018566764
Bhutan,town,21_30,2090,0.024917903308613445
Bhutan,town,21_30,2095,0.024691032514008976
Bhutan,town,21_30,2100,0.024488091288365176
Bhutan,town,31_50,2011,0.0457355874252065
Bhutan,town,31_50,2012,0.04558115852468667
Bhutan,town,31_50,2013,0.04555024885844259
Bhutan,town,31_50,2014,0.04536698490123832
Bhutan,town,31_50,2015,0.04508938658775054
Bhutan,town,31_50,2016,0.04480930496133165
Bhutan,town,31_50,2017,0.04466957468956737
Bhutan,town,31_50,2018,0.04453892445442423
Bhutan,town,31_50,2019,0.04435249364969975
Bhutan,town,31_50,2020,0.04481045935922237
Bhutan,town,31_50,2025,0.04415677587254535
Bhutan,town,31_50,2030,0.04321927934723958
Bhutan,town,31_50,2035,0.04237365085246535
Bhutan,town,31_50,2040,0.04156880537123678
Bhutan,town,31_50,2045,0.04080017647476124
Bhutan,town,31_50,2050,0.04006986184187531
Bhutan,town,31_50,2055,0.03938277570598899
Bhutan,town,31_50,2060,0.03874075800013578
Bhutan,town,31_50,2065,0.03814339946504926
Bhutan,town,31_50,2070,0.037589983578515125
Bhutan,town,31_50,2075,0.03708132780416084
Bhutan,town,31_50,2080,0.036625175090944
Bhutan,town,31_50,2085,0.03620450976321597
Bhutan,town,31_50,2090,0.03583514700788852
Bhutan,town,31_50,2095,0.03550887765144402
Bhutan,town,31_50,2100,0.035217022090210146
Bhutan,town,51+,2011,0.0299585707997298
Bhutan,town,51+,2012,0.029857413923646953
Bhutan,town,51+,2013,0.029837166902088878
Bhutan,town,51+,2014,0.029717121953591795
Bhutan,town,51+,2015,0.02953528436941056
Bhutan,town,51+,2016,0.029351820119640167
Bhutan,town,51+,2017,0.029260291411358868
Bhutan,town,51+,2018,0.029174710476688726
Bhutan,town,51+,2019,0.029052591121127312
Bhutan,town,51+,2020,0.02935257629470836
Bhutan,town,51+,2025,0.028924388441031977
Bhutan,town,51+,2030,0.02831029211891074
Bhutan,town,51+,2035,0.027756372894140922
Bhutan,town,51+,2040,0.027229168113582232
Bhutan,town,51+,2045,0.026725686590546416
Bhutan,town,51+,2050,0.026247302385441984
Bhutan,town,51+,2055,0.025797234510373687
Bhutan,town,51+,2060,0.02537668819232458
Bhutan,town,51+,2065,0.02498539535071675
Bhutan,town,51+,2070,0.024622886635910335
Bhutan,town,51+,2075,0.024289697518057533
Bhutan,town,51+,2080,0.02399089992686569
Bhutan,town,51+,2085,0.023715347939601047
Bhutan,town,51+,2090,0.02347340111265022
Bhutan,town,51+,2095,0.0232596821212672
Bhutan,town,51+,2100,0.023068505490840874
Bhutan,rural,No_travel,2011,0.0
Bhutan,rural,No_travel,2012,0.0
Bhutan,rural,No_travel,2013,0.0
Bhutan,rural,No_travel,2014,0.0
Bhutan,rural,No_travel,2015,0.0
Bhutan,rural,No_travel,2016,0.0
Bhutan,rural,No_travel,2017,0.0
Bhutan,rural,No_travel,2018,0.0
Bhutan,rural,No_travel,2019,0.0
Bhutan,rural,No_travel,2020,0.0
Bhutan,rural,No_travel,2025,0.0
Bhutan,rural,No_travel,2030,0.0
Bhutan,rural,No_travel,2035,0.0
Bhutan,rural,No_travel,2040,0.0
Bhutan,rural,No_travel,2045,0.0
Bhutan,rural,No_travel,2050,0.0
Bhutan,rural,No_travel,2055,0.0
Bhutan,rural,No_travel,2060,0.0
Bhutan,rural,No_travel,2065,0.0
Bhutan,rural,No_travel,2070,0.0
Bhutan,rural,No_travel,2075,0.0
Bhutan,rural,No_travel,2080,0.0
Bhutan,rural,No_travel,2085,0.0
Bhutan,rural,No_travel,2090,0.0
Bhutan,rural,No_travel,2095,0.0
Bhutan,rural,No_travel,2100,0.0
Bhutan,rural,00_01,2011,0.00937229078988372
Bhutan,rural,00_01,2012,0.009340644698874157
Bhutan,rural,00_01,2013,0.00933431058584387
Bhutan,rural,00_01,2014,0.00929675551779031
Bhutan,rural,00_01,2015,0.00923986913536342
Bhutan,rural,00_01,2016,0.009182473864077263
Bhutan,rural,00_01,2017,0.009153839865634237
Bhutan,rural,00_01,2018,0.009127066578912367
Bhutan,rural,00_01,2019,0.009088862549786749
Bhutan,rural,00_01,2020,0.009182710427185516
Bhutan,rural,00_01,2025,0.009048755402956275
Bhutan,rural,00_01,2030,0.008856640453868974
Bhutan,rural,00_01,2035,0.008683351411365768
Bhutan,rural,00_01,2040,0.008518419761513586
Bhutan,rural,00_01,2045,0.008360909736326812
Bhutan,rural,00_01,2050,0.008211251199225751
Bhutan,rural,00_01,2055,0.008070451191490963
Bhutan,rural,00_01,2060,0.007938886758403698
Bhutan,rural,00_01,2065,0.00781647403317511
Bhutan,rural,00_01,2070,0.0077030661836570225
Bhutan,rural,00_01,2075,0.007598830727252357
Bhutan,rural,00_01,2080,0.007505354375169768
Bhutan,rural,00_01,2085,0.007419150217780595
Bhutan,rural,00_01,2090,0.007343459156513638
Bhutan,rural,00_01,2095,0.007276598939851355
Bhutan,rural,00_01,2100,0.00721679091414267
Bhutan,rural,02_05,2011,0.0357129319501618
Bhutan,rural,02_05,2012,0.03559234513525705
Bhutan,rural,02_05,2013,0.0355682091206277
Bhutan,rural,02_05,2014,0.03542510626350891
Bhutan,rural,02_05,2015,0.03520834180858021
Bhutan,rural,02_05,2016,0.03498963824254104
Bhutan,rural,02_05,2017,0.03488052894783578
Bhutan,rural,02_05,2018,0.03477850985899014
Bhutan,rural,02_05,2019,0.03463293414831566
Bhutan,rural,02_05,2020,0.03499053966166859
Bhutan,rural,02_05,2025,0.03448010664460462
Bhutan,rural,02_05,2030,0.03374805636392307
Bhutan,rural,02_05,2035,0.03308774183449067
Bhutan,rural,02_05,2040,0.032459272987369885
Bhutan,rural,02_05,2045,0.03185908409683362
Bhutan,rural,02_05,2050,0.031288813149092654
Bhutan,rural,02_05,2055,0.030752297455379624
Bhutan,rural,02_05,2060,0.030250973739412695
Bhutan,rural,02_05,2065,0.029784522428422524
Bhutan,rural,02_05,2070,0.029352384021361432
Bhutan,rural,02_05,2075,0.02895519684003839
Bhutan,rural,02_05,2080,0.028599007016683973
Bhutan,rural,02_05,2085,0.028270527749909242
Bhutan,rural,02_05,2090,0.027982108431637544
Bhutan,rural,02_05,2095,0.02772733887514763
Bhutan,rural,02_05,2100,0.02749944155526152
Bhutan,rural,06_10,2011,0.0564972292407587
Bhutan,rural,06_10,2012,0.05630646302378739
Bhutan,rural,06_10,2013,0.0562682802738139
Bhutan,rural,06_10,2014,0.05604189407469335
Bhutan,rural,06_10,2015,0.0556989765254301
Bhutan,rural,06_10,2016,0.05535299133654868
Bhutan,rural,06_10,2017,0.05518038235434965
Bhutan,rural,06_10,2018,0.05501898995292237
Bhutan,rural,06_10,2019,0.05478869174303751
Bhutan,rural,06_10,2020,0.05535441736572943
Bhutan,rural,06_10,2025,0.05454692132431342
Bhutan,rural,06_10,2030,0.05338883067577343
Bhutan,rural,06_10,2035,0.05234422472204195
Bhutan,rural,06_10,2040,0.05134999807674695
Bhutan,rural,06_10,2045,0.05040050982460051
Bhutan,rural,06_10,2050,0.04949835123093398
Bhutan,rural,06_10,2055,0.04864959285452091
Bhutan,rural,06_10,2060,0.047856507566974696
Bhutan,rural,06_10,2065,0.047118589809803685
Bhutan,rural,06_10,2070,0.04643495446220641
Bhutan,rural,06_10,2075,0.04580661133804023
Bhutan,rural,06_10,2080,0.045243125311987736
Bhutan,rural,06_10,2085,0.04472347689830648
Bhutan,rural,06_10,2090,0.04426720261747736
Bhutan,rural,06_10,2095,0.04386416166702658
Bhutan,rural,06_10,2100,0.043503632121512696
Bhutan,rural,11_20,2011,0.0790926871290141
Bhutan,rural,11_20,2012,0.07882562601970908
Bhutan,rural,11_20,2013,0.07877217249043052
Bhutan,rural,11_20,2014,0.07845524557104008
Bhutan,rural,11_20,2015,0.07797518184403239
Bhutan,rural,11_20,2016,0.07749082360800531
Bhutan,rural,11_20,2017,0.07724918152381481
Bhutan,rural,11_20,2018,0.07702324197097957
Bhutan,rural,11_20,2019,0.07670083847428463
Bhutan,rural,11_20,2020,0.07749281996218668
Bhutan,rural,11_20,2025,0.07636237458247665
Bhutan,rural,11_20,2030,0.07474111806135277
Bhutan,rural,11_20,2035,0.07327873321554897
Bhutan,rural,11_20,2040,0.07188687633958528
Bhutan,rural,11_20,2045,0.0705576504949041
Bhutan,rural,11_20,2050,0.06929468329547656
Bhutan,rural,11_20,2055,0.06810647315462705
Bhutan,rural,11_20,2060,0.06699620195447296
Bhutan,rural,11_20,2065,0.06596316194385303
Bhutan,rural,11_20,2070,0.06500611400744134
Bhutan,rural,11_20,2075,0.0641264718232634
Bhutan,rural,11_20,2080,0.06333762563453758
Bhutan,rural,11_20,2085,0.062610149438754
Bhutan,rural,11_20,2090,0.06197139317718854
Bhutan,rural,11_20,2095,0.06140716034271909
Bhutan,rural,11_20,2100,0.06090244089138848
Bhutan,rural,21_30,2011,0.0462193616190824
Bhutan,rural,21_30,2012,0.04606329922654757
Bhutan,rural,21_30,2013,0.0460320626092417
Bhutan,rural,21_30,2014,0.04584686015341624
Bhutan,rural,21_30,2015,0.04556632550724118
Bhutan,rural,21_30,2016,0.04528328128056572
Bhutan,rural,21_30,2017,0.045142072993466155
Bhutan,rural,21_30,2018,0.04501004078826983
Bhutan,rural,21_30,2019,0.04482163798717783
Bhutan,rural,21_30,2020,0.045284447889252025
Bhutan,rural,21_30,2025,0.04462384997948304
Bhutan,rural,21_30,2030,0.04367643696132511
Bhutan,rural,21_30,2035,0.042821863719879665
Bhutan,rural,21_30,2040,0.04200850487967188
Bhutan,rural,21_30,2045,0.04123174570990772
Bhutan,rural,21_30,2050,0.0404937060778977
Bhutan,rural,21_30,2055,0.03979935219800229
Bhutan,rural,21_30,2060,0.039150543465388765
Bhutan,rural,21_30,2065,0.03854686629179697
Bhutan,rural,21_30,2070,0.03798759657590459
Bhutan,rural,21_30,2075,0.03747356042816818
Bhutan,rural,21_30,2080,0.037012582699606736
Bhutan,rural,21_30,2085,0.036587467729023555
Bhutan,rural,21_30,2090,0.036214197990550895
Bhutan,rural,21_30,2095,0.0358844774770581
Bhutan,rural,21_30,2100,0.03558953477522294
Bhutan,rural,31_50,2011,0.0461113884100324
Bhutan,rural,31_50,2012,0.045955690595387524
Bhutan,rural,31_50,2013,0.04592452695005038
Bhutan,rural,31_50,2014,0.045739757146316576
Bhutan,rural,31_50,2015,0.04545987785808969
Bhutan,rural,31_50,2016,0.04517749485200203
Bhutan,rural,31_50,2017,0.045036616442065816
Bhutan,rural,31_50,2018,0.044904892677756464
Bhutan,rural,31_50,2019,0.04471693000509366
Bhutan,rural,31_50,2020,0.04517865873536978
Bhutan,rural,31_50,2025,0.04451960405064137
Bhutan,rural,31_50,2030,0.04357440428728149
Bhutan,rural,31_50,2035,0.0427218274173136
Bhutan,rural,31_50,2040,0.041910368667479415
Bhutan,rural,31_50,2045,0.04113542408747333
Bhutan,rural,31_50,2050,0.04039910859237655
Bhutan,rural,31_50,2055,0.03970637679495918
Bhutan,rural,31_50,2060,0.03905908374664907
Bhutan,rural,31_50,2065,0.03845681682537101
Bhutan,rural,31_50,2070,0.037898853621378285
Bhutan,rural,31_50,2075,0.03738601831524795
Bhutan,rural,31_50,2080,0.03692611747833776
Bhutan,rural,31_50,2085,0.03650199562029402
Bhutan,rural,31_50,2090,0.036129597878536424
Bhutan,rural,31_50,2095,0.03580064762626499
Bhutan,rural,31_50,2100,0.03550639394108622
Bhutan,rural,51+,2011,0.0228571795411535
Bhutan,rural,51+,2012,0.02278000093026767
Bhutan,rural,51+,2013,0.02276455327056387
Bhutan,rural,51+,2014,0.022672963823285194
Bhutan,rural,51+,2015,0.022534229090685812
Bhutan,rural,51+,2016,0.02239425327794034
Bhutan,rural,51+,2017,0.022324420570220705
Bhutan,rural,51+,2018,0.022259125773545264
Bhutan,rural,51+,2019,0.022165953637458508
Bhutan,rural,51+,2020,0.022394830208976663
Bhutan,rural,51+,2025,0.022068140170448173
Bhutan,rural,51+,2030,0.021599609479043703
Bhutan,rural,51+,2035,0.021176991482461088
Bhutan,rural,51+,2040,0.020774755527857635
Bhutan,rural,51+,2045,0.020390619460599484
Bhutan,rural,51+,2050,0.020025631633282213
Bhutan,rural,51+,2055,0.019682248022130967
Bhutan,rural,51+,2060,0.019361388166656616
Bhutan,rural,51+,2065,0.019062847532205555
Bhutan,rural,51+,2070,0.01878626802395886
Bhutan,rural,51+,2075,0.018532058184015873
Bhutan,rural,51+,2080,0.018304087689896116
Bhutan,rural,51+,2085,0.018093852652719827
Bhutan,rural,51+,2090,0.01790925699560399
Bhutan,rural,51+,2095,0.017746198036948997
Bhutan,rural,51+,2100,0.01760033798925384
India,large_city,No_travel,2011,0.0
India,large_city,No_travel,2012,0.0
India,large_city,No_travel,2013,0.0
India,large_city,No_travel,2014,0.0
India,large_city,No_travel,2015,0.0
India,large_city,No_travel,2016,0.0
India,large_city,No_travel,2017,0.0
India,large_city,No_travel,2018,0.0
India,large_city,No_travel,2019,0.0
India,large_city,No_travel,2020,0.0
India,large_city,No_travel,2025,0.0
India,large_city,No_travel,2030,0.0
India,large_city,No_travel,2035,0.0
India,large_city,No_travel,2040,0.0
India,large_city,No_travel,2045,0.0
India,large_city,No_travel,2050,0.0
India,large_city,No_travel,2055,0.0
India,large_city,No_travel,2060,0.0
India,large_city,No_travel,2065,0.0
India,large_city,No_travel,2070,0.0
India,large_city,No_travel,2075,0.0
India,large_city,No_travel,2080,0.0
India,large_city,No_travel,2085,0.0
India,large_city,No_travel,2090,0.0
India,large_city,No_travel,2095,0.0
India,large_city,No_travel,2100,0.0
India,large_city,00_01,2011,0.0204991553484746
India,large_city,00_01,2012,0.02039212374367418
India,large_city,00_01,2013,0.02026061170481454
India,large_city,00_01,2014,0.020101958132144385
India,large_city,00_01,2015,0.01992744467300516
India,large_city,00_01,2016,0.01974662584030229
India,large_city,00_01,2017,0.019601607503055368
India,large_city,00_01,2018,0.01946348705734549
India,large_city,00_01,2019,0.01938943491718395
India,large_city,00_01,2020,0.019575489995871664
India,large_city,00_01,2025,0.018866340323211057
India,large_city,00_01,2030,0.018276748610473726
India,large_city,00_01,2035,0.017823373852451207
India,large_city,00_01,2040,0.017380513519822147
India,large_city,00_01,2045,0.016949666376187007
India,large_city,00_01,2050,0.016531413889049155
India,large_city,00_01,2055,0.016123742038594645
India,large_city,00_01,2060,0.01573038823745007
India,large_city,00_01,2065,0.015359371523479994
India,large_city,00_01,2070,0.015008508645482282
India,large_city,00_01,2075,0.014675824588806225
India,large_city,00_01,2080,0.01436582674025391
India,large_city,00_01,2085,0.01407663294383172
India,large_city,00_01,2090,0.013809070009310033
India,large_city,00_01,2095,0.013556448416080696
India,large_city,00_01,2100,0.013314936354302493
India,large_city,02_05,2011,0.0599141683583879
India,large_city,02_05,2012,0.059601340367152734
India,large_city,02_05,2013,0.05921696187431022
India,large_city,02_05,2014,0.058753255116542426
India,large_city,02_05,2015,0.058243193672842496
India,large_city,02_05,2016,0.057714703117950766
India,large_city,02_05,2017,0.05729084891883071
India,large_city,02_05,2018,0.056887155620383996
India,large_city,02_05,2019,0.056670718781035516
India,large_city,02_05,2020,0.057214513640820225
India,large_city,02_05,2025,0.055141837369197894
India,large_city,02_05,2030,0.05341860065338446
India,large_city,02_05,2035,0.05209349378337746
India,large_city,02_05,2040,0.05079911808460684
India,large_city,02_05,2045,0.04953985408754624
India,large_city,02_05,2050,0.04831740128377467
India,large_city,02_05,2055,0.04712587317113345
India,large_city,02_05,2060,0.04597619332015649
India,large_city,02_05,2065,0.04489179947627877
India,large_city,02_05,2070,0.0438663105141383
India,large_city,02_05,2075,0.04289395393441591
India,large_city,02_05,2080,0.04198790375951036
India,large_city,02_05,2085,0.0411426588939296
India,large_city,02_05,2090,0.04036063590650005
India,large_city,02_05,2095,0.03962228291534459
India,large_city,02_05,2100,0.0389164004492635
India,large_city,06_10,2011,0.0468854192381946
India,large_city,06_10,2012,0.04664061785113755
India,large_city,06_10,2013,0.04633982511251075
India,large_city,06_10,2014,0.04597695458727073
India,large_city,06_10,2015,0.045577809522249366
India,large_city,06_10,2016,0.0451642428833651
India,large_city,06_10,2017,0.04483255870304331
India,large_city,06_10,2018,0.044516651296499565
India,large_city,06_10,2019,0.044347280140569593
India,large_city,06_10,2020,0.04477282305769851
India,large_city,06_10,2025,0.04315086453598824
India,large_city,06_10,2030,0.04180235752869283
India,large_city,06_10,2035,0.04076540428644705
India,large_city,06_10,2040,0.03975249951030831
India,large_city,06_10,2045,0.03876707115418752
India,large_city,06_10,2050,0.03781044914349892
India,large_city,06_10,2055,0.03687802703657573
India,large_city,06_10,2060,0.035978352998202574
India,large_city,06_10,2065,0.035129768074426256
India,large_city,06_10,2070,0.034327278759603515
India,large_city,06_10,2075,0.03356636782420339
India,large_city,06_10,2080,0.03285734450859663
India,large_city,06_10,2085,0.03219590396844537
India,large_city,06_10,2090,0.031583937273018364
India,large_city,06_10,2095,0.031006144231996335
India,large_city,06_10,2100,0.03045376077643145
India,large_city,11_20,2011,0.0406330553046253
India,large_city,11_20,2012,0.040420899191689556
India,large_city,11_20,2013,0.04016021840473189
India,large_city,11_20,2014,0.03984573815991231
India,large_city,11_20,2015,0.03949982073472762
India,large_city,11_20,2016,0.03914140491200542
India,large_city,11_20,2017,0.03885395218444816
India,large_city,11_20,2018,0.03858017233284825
India,large_city,11_20,2019,0.038433387518768895
India,large_city,11_20,2020,0.03880218253366139
India,large_city,11_20,2025,0.03739651886710356
India,large_city,11_20,2030,0.03622784082825024
India,large_city,11_20,2035,0.03532916957554319
India,large_city,11_20,2040,0.0344513398268516
India,large_city,11_20,2045,0.033597322404301105
India,large_city,11_20,2050,0.03276826988226955
India,large_city,11_20,2055,0.031960190107075806
India,large_city,11_20,2060,0.031180491310491904
India,large_city,11_20,2065,0.030445068684466083
India,large_city,11_20,2070,0.029749594627917608
India,large_city,11_20,2075,0.029090154302495067
India,large_city,11_20,2080,0.028475682168867453
India,large_city,11_20,2085,0.02790244745143546
India,large_city,11_20,2090,0.027372089037585177
India,large_city,11_20,2095,0.02687134708044917
India,large_city,11_20,2100,0.026392626235802366
India,large_city,21_30,2011,0.0412215199580625
India,large_city,21_30,2012,0.04100629131286116
India,large_city,21_30,2013,0.04074183523930974
India,large_city,21_30,2014,0.04042280056197474
India,large_city,21_30,2015,0.040071873418072036
India,large_city,21_30,2016,0.039708266869687606
India,large_city,21_30,2017,0.03941665113325905
India,large_city,21_30,2018,0.03913890628901258
India,large_city,21_30,2019,0.0389899956767598
India,large_city,21_30,2020,0.03936413173305322
India,large_city,21_30,2025,0.03793811066594579
India,large_city,21_30,2030,0.0367525073500746
India,large_city,21_30,2035,0.03584082116990729
India,large_city,21_30,2040,0.03495027832900622
India,large_city,21_30,2045,0.034083892674167435
India,large_city,21_30,2050,0.03324283347182595
India,large_city,21_30,2055,0.03242305075228568
India,large_city,21_30,2060,0.031632060036384434
India,large_city,21_30,2065,0.03088598671679128
India,large_city,21_30,2070,0.03018044051832305
India,large_city,21_30,2075,0.02951144990632587
India,large_city,21_30,2080,0.02888807873401039
India,large_city,21_30,2085,0.028306542195147475
India,large_city,21_30,2090,0.02776850291216579
India,large_city,21_30,2095,0.027260509003630647
India,large_city,21_30,2100,0.026774855126411565
India,large_city,31_50,2011,0.0600379215385309
India,large_city,31_50,2012,0.05972444739864987
India,large_city,31_50,2013,0.05933927496904463
India,large_city,31_50,2014,0.0588746104213667
India,large_city,31_50,2015,0.05836349544179278
India,large_city,31_50,2016,0.05783391328555473
India,large_city,31_50,2017,0.057409183612293996
India,large_city,31_50,2018,0.05700465648220355
India,large_city,31_50,2019,0.05678777259088216
India,large_city,31_50,2020,0.05733269066317383
India,large_city,31_50,2025,0.05525573326261241
India,large_city,31_50,2030,0.05352893718797678
India,large_city,31_50,2035,0.05220109329943667
India,large_city,31_50,2040,0.050904044057605846
India,large_city,31_50,2045,0.04964217904097766
India,large_city,31_50,2050,0.048417201251444185
India,large_city,31_50,2055,0.0472232120282308
India,large_city,31_50,2060,0.04607115750459121
India,large_city,31_50,2065,0.04498452383680565
India,large_city,31_50,2070,0.04395691671924813
India,large_city,31_50,2075,0.042982551729457294
India,large_city,31_50,2080,0.042074630100877496
India,large_city,31_50,2085,0.04122763937546122
India,large_city,31_50,2090,0.040444001113476576
India,large_city,31_50,2095,0.03970412304848253
India,large_city,31_50,2100,0.038996782576684624
India,large_city,51+,2011,0.0683410685329549
India,large_city,51+,2012,0.06798424142888584
India,large_city,51+,2013,0.06754580027812478
India,large_city,51+,2014,0.06701687337852663
India,large_city,51+,2015,0.0664350720277776
India,large_city,51+,2016,0.06583224951983874
India,large_city,51+,2017,0.06534878042290033
India,large_city,51+,2018,0.064888307848026
India,large_city,51+,2019,0.06464142926694494
India,large_city,51+,2020,0.06526170862320864
India,large_city,51+,2025,0.06289751138895394
India,large_city,51+,2030,0.060931902223030784
India,large_city,51+,2035,0.05942041968229116
India,large_city,51+,2040,0.05794399063786314
India,large_city,51+,2045,0.056507611739813175
India,large_city,51+,2050,0.05511322151242785
India,large_city,51+,2055,0.053754105519732004
India,large_city,51+,2060,0.0524427237274222
India,large_city,51+,2065,0.05120581038903007
India,large_city,51+,2070,0.05003608687685152
India,large_city,51+,2075,0.04892696879219777
India,large_city,51+,2080,0.04789348307764813
India,large_city,51+,2085,0.046929354911164185
India,large_city,51+,2090,0.046037340750864374
India,large_city,51+,2095,0.045195138751693946
India,large_city,51+,2100,0.04438997424198903
India,city,No_travel,2011,0.0
India,city,No_travel,2012,0.0
India,city,No_travel,2013,0.0
India,city,No_travel,2014,0.0
India,city,No_travel,2015,0.0
India,city,No_travel,2016,0.0
India,city,No_travel,2017,0.0
India,city,No_travel,2018,0.0
India,city,No_travel,2019,0.0
India,city,No_travel,2020,0.0
India,city,No_travel,2025,0.0
India,city,No_travel,2030,0.0
India,city,No_travel,2035,0.0
India,city,No_travel,2040,0.0
India,city,No_travel,2045,0.0
India,city,No_travel,2050,0.0
India,city,No_travel,2055,0.0
India,city,No_travel,2060,0.0
India,city,No_travel,2065,0.0
India,city,No_travel,2070,0.0
India,city,No_travel,2075,0.0
India,city,No_travel,2080,0.0
India,city,No_travel,2085,0.0
India,city,No_travel,2090,0.0
India,city,No_travel,2095,0.0
India,city,No_travel,2100,0.0
India,city,00_01,2011,0.0195275670690455
India,city,00_01,2012,0.01942560838803071
India,city,00_01,2013,0.019300329559924768
India,city,00_01,2014,0.019149195611798914
India,city,00_01,2015,0.018982953480361733
India,city,00_01,2016,0.018810704828018377
India,city,00_01,2017,0.01867255985283815
India,city,00_01,2018,0.018540985833257542
India,city,00_01,2019,0.01847044350558459
India,city,00_01,2020,0.018647680224163885
India,city,00_01,2025,0.01797214176614141
India,city,00_01,2030,0.017410494638827535
India,city,00_01,2035,0.016978608258915995
India,city,00_01,2040,0.016556737957402458
India,city,00_01,2045,0.0161463114617338
India,city,00_01,2050,0.01574788267988708
India,city,00_01,2055,0.015359533049544637
India,city,00_01,2060,0.014984822843044044
India,city,00_01,2065,0.014631391023897083
India,city,00_01,2070,0.014297157819373928
India,city,00_01,2075,0.013980241823611825
India,city,00_01,2080,0.013684936789040458
India,city,00_01,2085,0.013409449767278536
India,city,00_01,2090,0.013154568380204623
India,city,00_01,2095,0.012913920167094608
India,city,00_01,2100,0.012683854932494186
India,city,02_05,2011,0.0495217408664981
India,city,02_05,2012,0.049263174534990864
India,city,02_05,2013,0.04894546851254655
India,city,02_05,2014,0.048562194129785206
India,city,02_05,2015,0.04814060552506975
India,city,02_05,2016,0.047703784435387114
India,city,02_05,2017,0.04735344997545695
India,city,02_05,2018,0.047019779401985304
India,city,02_05,2019,0.046840884670307385
India,city,02_05,2020,0.04729035545273914
India,city,02_05,2025,0.04557719577722725
India,city,02_05,2030,0.04415286352944097
India,city,02_05,2035,0.04305760341259556
India,city,02_05,2040,0.04198774398377088
India,city,02_05,2045,0.040946905947399886
India,city,02_05,2050,0.03993649400931238
India,city,02_05,2055,0.03895164271209655
India,city,02_05,2060,0.038001380875548094
India,city,02_05,2065,0.03710508084493571
India,city,02_05,2070,0.03625746833463931
India,city,02_05,2075,0.035453772115694705
India,city,02_05,2080,0.03470488110705507
India,city,02_05,2085,0.034006248407162674
India,city,02_05,2090,0.03335987141827622
India,city,02_05,2095,0.032749589635221385
India,city,02_05,2100,0.032166146193957655
India,city,06_10,2011,0.0572198770303753
India,city,06_10,2012,0.05692111665898763
India,city,06_10,2013,0.05655402335374457
India,city,06_10,2014,0.05611116911100663
India,city,06_10,2015,0.05562404471478926
India,city,06_10,2016,0.05511931994949281
India,city,06_10,2017,0.054714526128315406
India,city,06_10,2018,0.05432898658853686
India,city,06_10,2019,0.05412228273748308
India,city,06_10,2020,0.054641623585552704
India,city,06_10,2025,0.05266215387687564
India,city,06_10,2030,0.05101640971193526
India,city,06_10,2035,0.049750891818064816
India,city,06_10,2040,0.04851472313970258
India,city,06_10,2045,0.04731208721843641
India,city,06_10,2050,0.04614460712109389
India,city,06_10,2055,0.04500666105672161
India,city,06_10,2060,0.043908681371788
India,city,06_10,2065,0.042873051835414865
India,city,06_10,2070,0.041893678276247875
India,city,06_10,2075,0.04096504777955831
India,city,06_10,2080,0.040099741942692974
India,city,06_10,2085,0.03929250704994133
India,city,06_10,2090,0.0385456509989989
India,city,06_10,2095,0.037840501140184064
India,city,06_10,2100,0.0371663616333907
India,city,11_20,2011,0.0736255863590152
India,city,11_20,2012,0.07324116736572416
India,city,11_20,2013,0.07276882346619704
India,city,11_20,2014,0.0721989969481175
India,city,11_20,2015,0.07157220742736677
India,city,11_20,2016,0.07092277127469658
India,city,11_20,2017,0.0704019176136013
India,city,11_20,2018,0.06990583869568066
India,city,11_20,2019,0.06963987006683475
India,city,11_20,2020,0.07030811293004496
India,city,11_20,2025,0.06776110259823506
India,city,11_20,2030,0.06564350141785606
India,city,11_20,2035,0.06401514250099619
India,city,11_20,2040,0.062424547614978634
India,city,11_20,2045,0.060877099779104535
India,city,11_20,2050,0.05937488741531891
India,city,11_20,2055,0.05791067688949294
India,city,11_20,2060,0.05649789164232071
India,city,11_20,2065,0.05516533317097498
India,city,11_20,2070,0.053905160023103534
India,city,11_20,2075,0.05271027865708212
India,city,11_20,2080,0.05159687798365409
India,city,11_20,2085,0.05055819797606256
India,city,11_20,2090,0.049597208237352974
India,city,11_20,2095,0.04868988241771413
India,city,11_20,2100,0.04782245803563987
India,city,21_30,2011,0.0391220097897899
India,city,21_30,2012,0.038917743251991765
India,city,21_30,2013,0.03866675655598993
India,city,21_30,2014,0.038363971074457937
India,city,21_30,2015,0.03803091748562298
India,city,21_30,2016,0.03768583028456878
India,city,21_30,2017,0.037409067231992804
India,city,21_30,2018,0.03714546859403068
India,city,21_30,2019,0.03700414235384634
India,city,21_30,2020,0.03735922276989882
India,city,21_30,2025,0.03600583235138487
India,city,21_30,2030,0.03488061463555321
India,city,21_30,2035,0.03401536280345173
India,city,21_30,2040,0.03317017743000106
India,city,21_30,2045,0.032347918859603364
India,city,21_30,2050,0.03154969680516986
India,city,21_30,2055,0.03077166757160488
India,city,21_30,2060,0.030020963896373976
India,city,21_30,2065,0.029312889867499754
India,city,21_30,2070,0.02864327881696826
India,city,21_30,2075,0.028008361489842575
India,city,21_30,2080,0.02741674009570645
India,city,21_30,2085,0.026864822597524395
India,city,21_30,2090,0.026354186936405743
India,city,21_30,2095,0.025872066367268933
India,city,21_30,2100,0.025411147998457104
India,city,31_50,2011,0.0678243479409768
India,city,31_50,2012,0.06747021877412773
India,city,31_50,2013,0.06703509263695706
India,city,31_50,2014,0.06651016490545125
India,city,31_50,2015,0.06593276250170184
India,city,31_50,2016,0.06533449787981664
India,city,31_50,2017,0.06485468424866676
India,city,31_50,2018,0.06439769326497306
India,city,31_50,2019,0.06415268131034811
India,city,31_50,2020,0.0647682707909186
India,city,31_50,2025,0.062421949036527785
India,city,31_50,2030,0.06047120166240298
India,city,31_50,2035,0.05897114730342845
India,city,31_50,2040,0.05750588140447397
India,city,31_50,2045,0.05608036283639013
India,city,31_50,2050,0.054696515466458005
India,city,31_50,2055,0.05334767562594106
India,city,31_50,2060,0.05204620907187055
India,city,31_50,2065,0.05081864792252315
India,city,31_50,2070,0.04965776858323564
India,city,31_50,2075,0.048557036439357736
India,city,31_50,2080,0.047531364816125174
India,city,31_50,2085,0.046574526334857196
India,city,31_50,2090,0.04568925661234358
India,city,31_50,2095,0.04485342242574791
India,city,31_50,2100,0.04405434569153475
India,city,51+,2011,0.0385852189262921
India,city,51+,2012,0.0383837551180009
India,city,51+,2013,0.03813621219613023
India,city,51+,2014,0.037837581216909326
India,city,51+,2015,0.03750909743735826
India,city,51+,2016,0.037168745158094416
India,city,51+,2017,0.03689577955556701
India,city,51+,2018,0.03663579773947188
India,city,51+,2019,0.03649641062856313
India,city,51+,2020,0.03684661900649262
India,city,51+,2025,0.03551179838066844
India,city,51+,2030,0.03440201971289566
India,city,51+,2035,0.03354863995179953
India,city,51+,2040,0.03271505131862034
India,city,51+,2045,0.03190407491113795
India,city,51+,2050,0.03111680521595604
India,city,51+,2055,0.030349451277099995
India,city,51+,2060,0.029609047964151692
India,city,51+,2065,0.028910689378615424
India,city,51+,2070,0.028250266023091265
India,city,51+,2075,0.02762406036037415
India,city,51+,2080,0.027040556569621097
India,city,51+,2085,0.026496211899931763
India,city,51+,2090,0.025992582641575585
India,city,51+,2095,0.025517077221251617
India,city,51+,2100,0.025062483087072054
India,town,No_travel,2011,0.0
India,town,No_travel,2012,0.0
India,town,No_travel,2013,0.0
India,town,No_travel,2014,0.0
India,town,No_travel,2015,0.0
India,town,No_travel,2016,0.0
India,town,No_travel,2017,0.0
India,town,No_travel,2018,0.0
India,town,No_travel,2019,0.0
India,town,No_travel,2020,0.0
India,town,No_travel,2025,0.0
India,town,No_travel,2030,0.0
India,town,No_travel,2035,0.0
India,town,No_travel,2040,0.0
India,town,No_travel,2045,0.0
India,town,No_travel,2050,0.0
India,town,No_travel,2055,0.0
India,town,No_travel,2060,0.0
India,town,No_travel,2065,0.0
India,town,No_travel,2070,0.0
India,town,No_travel,2075,0.0
India,town,No_travel,2080,0.0
India,town,No_travel,2085,0.0
India,town,No_travel,2090,0.0
India,town,No_travel,2095,0.0
India,town,No_travel,2100,0.0
India,town,00_01,2011,0.0129968328827312
India,town,00_01,2012,0.012928972921815048
India,town,00_01,2013,0.012845591925765709
India,town,00_01,2014,0.012745002709518038
India,town,00_01,2015,0.01263435804022982
India,town,00_01,2016,0.012519715650787923
India,town,00_01,2017,0.012427771418838385
India,town,00_01,2018,0.012340200574085835
India,town,00_01,2019,0.012293250186427072
India,town,00_01,2020,0.012411212449924311
India,town,00_01,2025,0.011961598813277605
India,town,00_01,2030,0.01158778707180697
India,town,00_01,2035,0.01130033932759024
India,town,00_01,2040,0.011019557918028456
India,town,00_01,2045,0.010746393086178705
India,town,00_01,2050,0.010481213492887715
India,town,00_01,2055,0.010222742213399345
India,town,00_01,2060,0.009973348834484173
India,town,00_01,2065,0.009738117570259035
India,town,00_01,2070,0.009515664200226417
India,town,00_01,2075,0.009304736529604634
India,town,00_01,2080,0.009108192322628786
India,town,00_01,2085,0.008924838258574557
India,town,00_01,2090,0.008755198549695028
India,town,00_01,2095,0.008595031919706767
India,town,00_01,2100,0.008441908932308716
India,town,02_05,2011,0.0454311662241691
India,town,02_05,2012,0.0451939578833245
India,town,02_05,2013,0.044902494884174325
India,town,02_05,2014,0.04455087957566491
India,town,02_05,2015,0.044164114860937354
India,town,02_05,2016,0.04376337588875352
India,town,02_05,2017,0.04344197961300367
India,town,02_05,2018,0.04313587076015921
India,town,02_05,2019,0.04297175301814773
India,town,02_05,2020,0.043384096798319206
India,town,02_05,2025,0.041812446839636565
India,town,02_05,2030,0.04050576670328863
India,town,02_05,2035,0.039500976815928894
India,town,02_05,2040,0.0385194894793173
India,town,02_05,2045,0.03756462632193589
India,town,02_05,2050,0.0366376760186764
India,town,02_05,2055,0.035734175006655836
India,town,02_05,2060,0.034862406310779415
India,town,02_05,2065,0.03404014208975268
India,town,02_05,2070,0.033262543722345286
India,town,02_05,2075,0.03252523409070207
India,town,02_05,2080,0.03183820267173373
India,town,02_05,2085,0.0311972781451906
India,town,02_05,2090,0.030604292924724642
India,town,02_05,2095,0.030044421388619104
India,town,02_05,2100,0.029509171304541677
India,town,06_10,2011,0.0569320146292085
India,town,06_10,2012,0.05663475726485867
India,town,06_10,2013,0.05626951073674594
India,town,06_10,2014,0.05582888441011508
India,town,06_10,2015,0.055344210644791024
India,town,06_10,2016,0.05484202505452267
India,town,06_10,2017,0.05443926767465534
India,town,06_10,2018,0.054055667711531356
India,town,06_10,2019,0.05385000374853716
India,town,06_10,2020,0.05436673189082501
India,town,06_10,2025,0.052397220520630124
India,town,06_10,2030,0.05075975578395161
India,town,06_10,2035,0.04950060447174047
India,town,06_10,2040,0.04827065472467394
India,town,06_10,2045,0.047074069037731786
India,town,06_10,2050,0.04591246231239874
India,town,06_10,2055,0.044780241039890555
India,town,06_10,2060,0.0436877850835097
India,town,06_10,2065,0.0426573656038604
India,town,06_10,2070,0.04168291908821417
India,town,06_10,2075,0.04075896035627573
India,town,06_10,2080,0.039898007709750376
India,town,06_10,2085,0.03909483386337969
India,town,06_10,2090,0.0383517351042615
India,town,06_10,2095,0.037650132721290294
India,town,06_10,2100,0.03697938468311271
India,town,11_20,2011,0.0621547171877937
India,town,11_20,2012,0.06183019068836303
India,town,11_20,2013,0.06143143798645138
India,town,11_20,2014,0.060950390461686876
India,town,11_20,2015,0.060421254772246434
India,town,11_20,2016,0.059873000797005915
India,town,11_20,2017,0.05943329615623412
India,town,11_20,2018,0.05901450635270261
India,town,11_20,2019,0.0587899756464053
India,town,11_20,2020,0.059354106245964273
India,town,11_20,2025,0.05720392022128416
India,town,11_20,2030,0.05541624138581533
India,town,11_20,2035,0.05404158085049377
India,town,11_20,2040,0.05269880070856466
India,town,11_20,2045,0.05139244530471611
India,town,11_20,2050,0.050124277684674194
India,town,11_20,2055,0.04888819121478409
India,town,11_20,2060,0.04769551796316625
India,town,11_20,2065,0.04657057215263213
India,town,11_20,2070,0.04550673402940594
India,town,11_20,2075,0.04449801522591988
India,town,11_20,2080,0.043558082420004175
India,town,11_20,2085,0.04268122879732927
India,town,11_20,2090,0.04186996129667252
India,town,11_20,2095,0.04110399687444242
India,town,11_20,2100,0.04037171724427794
India,town,21_30,2011,0.0318021562733665
India,town,21_30,2012,0.03163610865998005
India,town,21_30,2013,0.03143208237984581
India,town,21_30,2014,0.031185949033099906
India,town,21_30,2015,0.03091521083901308
India,town,21_30,2016,0.030634690560151327
India,town,21_30,2017,0.030409710762436225
India,town,21_30,2018,0.030195432275135554
India,town,21_30,2019,0.030080548627796896
India,town,21_30,2020,0.030369192359077292
India,town,21_30,2025,0.029269025628898455
India,town,21_30,2030,0.028354339756860816
India,town,21_30,2035,0.02765097931786084
India,town,21_30,2040,0.02696393083873448
India,town,21_30,2045,0.02629551948427163
India,town,21_30,2050,0.025646647336538386
India,town,21_30,2055,0.02501418986812022
India,town,21_30,2060,0.02440394525842447
India,town,21_30,2065,0.023828354151516483
India,town,21_30,2070,0.02328402947633241
India,town,21_30,2075,0.02276790721762399
India,town,21_30,2080,0.022286980083970075
India,town,21_30,2085,0.021838328119986056
India,town,21_30,2090,0.02142323402893843
India,town,21_30,2095,0.021031319764700022
India,town,21_30,2100,0.020656640701099245
India,town,31_50,2011,0.0457355874252065
India,town,31_50,2012,0.04549678961937525
India,town,31_50,2013,0.04520337361035028
India,town,31_50,2014,0.04484940222861151
India,town,31_50,2015,0.04446004591457533
India,town,31_50,2016,0.044056621705595836
India,town,31_50,2017,0.0437330718456789
India,town,31_50,2018,0.04342491184529904
India,town,31_50,2019,0.0432596943974185
India,town,31_50,2020,0.04367480117487208
India,town,31_50,2025,0.042092620041055795
India,town,31_50,2030,0.04077718421627767
India,town,31_50,2035,0.03976566152036993
India,town,31_50,2040,0.03877759751891244
India,town,31_50,2045,0.03781633609766604
India,town,31_50,2050,0.03688317456656292
India,town,31_50,2055,0.03597361945366675
India,town,31_50,2060,0.03509600928605447
India,town,31_50,2065,0.034268235308564515
India,town,31_50,2070,0.03348542647775491
India,town,31_50,2075,0.03274317634596046
India,town,31_50,2080,0.03205154132670854
India,town,31_50,2085,0.03140632214893014
India,town,31_50,2090,0.03080936350475498
India,town,31_50,2095,0.03024574043023181
India,town,31_50,2100,0.029706903789017674
India,town,51+,2011,0.0299585707997298
India,town,51+,2012,0.029802149042066465
India,town,51+,2013,0.029609950258252356
India,town,51+,2014,0.029378085373642726
India,town,51+,2015,0.0291230419958912
India,town,51+,2016,0.028858783605271384
India,town,51+,2017,0.02864684598882739
India,town,51+,2018,0.028444989322962494
India,town,51+,2019,0.02833676553294833
India,town,51+,2020,0.028608676455752765
India,town,51+,2025,0.027572286891653534
India,town,51+,2030,0.02671062577592909
India,town,51+,2035,0.026048039461706213
India,town,51+,2040,0.025400819495618836
India,town,51+,2045,0.0247711562515957
India,town,51+,2050,0.024159899517594962
India,town,51+,2055,0.02356410589647841
India,town,51+,2060,0.02298923744455415
India,town,51+,2065,0.02244701361608881
India,town,51+,2070,0.02193424369006971
India,town,51+,2075,0.02144804127360709
India,town,51+,2080,0.02099499370478082
India,town,51+,2085,0.02057235029934892
India,town,51+,2090,0.020181319401685723
India,town,51+,2095,0.01981212458572152
India,town,51+,2100,0.019459165837969535
India,rural,No_travel,2011,0.0
India,rural,No_travel,2012,0.0
India,rural,No_travel,2013,0.0
India,rural,No_travel,2014,0.0
India,rural,No_travel,2015,0.0
India,rural,No_travel,2016,0.0
India,rural,No_travel,2017,0.0
India,rural,No_travel,2018,0.0
India,rural,No_travel,2019,0.0
India,rural,No_travel,2020,0.0
India,rural,No_travel,2025,0.0
India,rural,No_travel,2030,0.0
India,rural,No_travel,2035,0.0
India,rural,No_travel,2040,0.0
India,rural,No_travel,2045,0.0
India,rural,No_travel,2050,0.0
India,rural,No_travel,2055,0.0
India,rural,No_travel,2060,0.0
India,rural,No_travel,2065,0.0
India,rural,No_travel,2070,0.0
India,rural,No_travel,2075,0.0
India,rural,No_travel,2080,0.0
India,rural,No_travel,2085,0.0
India,rural,No_travel,2090,0.0
India,rural,No_travel,2095,0.0
India,rural,No_travel,2100,0.0
India,rural,00_01,2011,0.00937229078988372
India,rural,00_01,2012,0.009323355538316288
India,rural,00_01,2013,0.009263227740384617
India,rural,00_01,2014,0.00919069073129125
India,rural,00_01,2015,0.009110902522557907
India,rural,00_01,2016,0.00902823147335759
India,rural,00_01,2017,0.00896192854509354
India,rural,00_01,2018,0.00889877935873852
India,rural,00_01,2019,0.008864922442226161
India,rural,00_01,2020,0.008949987522750355
India,rural,00_01,2025,0.008625761629890791
India,rural,00_01,2030,0.008356198085191325
India,rural,00_01,2035,0.008148913443617232
India,rural,00_01,2040,0.007946436036809685
India,rural,00_01,2045,0.00774945110511396
India,rural,00_01,2050,0.00755822449765573
India,rural,00_01,2055,0.00737183539701437
India,rural,00_01,2060,0.007191992562274969
India,rural,00_01,2065,0.007022362327656867
India,rural,00_01,2070,0.0068619465025133814
India,rural,00_01,2075,0.006709842102730968
India,rural,00_01,2080,0.006568109922478633
India,rural,00_01,2085,0.006435889432969494
India,rural,00_01,2090,0.006313558654734846
India,rural,00_01,2095,0.006198059113836676
India,rural,00_01,2100,0.006087638892428963
India,rural,02_05,2011,0.0357129319501618
India,rural,02_05,2012,0.03552646512488168
India,rural,02_05,2013,0.035297349319153085
India,rural,02_05,2014,0.03502094845540526
India,rural,02_05,2015,0.034716917036320946
India,rural,02_05,2016,0.034401900609651155
India,rural,02_05,2017,0.03414925458977453
India,rural,02_05,2018,0.03390862584216469
India,rural,02_05,2019,0.03377961471963814
India,rural,02_05,2020,0.034103753556151264
India,rural,02_05,2025,0.03286829709115636
India,rural,02_05,2030,0.03184113044172977
India,rural,02_05,2035,0.03105127634257617
India,rural,02_05,2040,0.03027974011809536
India,rural,02_05,2045,0.029529132863308723
India,rural,02_05,2050,0.028800467591144154
India,rural,02_05,2055,0.028090235544711965
India,rural,02_05,2060,0.027404947917304478
India,rural,02_05,2065,0.026758575204227208
India,rural,02_05,2070,0.026147313819415926
India,rural,02_05,2075,0.025567722959451058
India,rural,02_05,2080,0.025027655240472128
India,rural,02_05,2085,0.0245238316342569
India,rural,02_05,2090,0.02405769258069489
India,rural,02_05,2095,0.023617583824271805
India,rural,02_05,2100,0.02319682971607534
India,rural,06_10,2011,0.0564972292407587
India,rural,06_10,2012,0.05620224200788885
India,rural,06_10,2013,0.05583978483923651
India,rural,06_10,2014,0.055402523541751965
India,rural,06_10,2015,0.05492155119245368
India,rural,06_10,2016,0.05442320075466255
India,rural,06_10,2017,0.05402351920172664
India,rural,06_10,2018,0.05364284876182544
India,rural,06_10,2019,0.05343875543859559
India,rural,06_10,2020,0.05395153736806222
India,rural,06_10,2025,0.05199706700373589
India,rural,06_10,2030,0.05037210745849046
India,rural,06_10,2035,0.0491225721873761
India,rural,06_10,2040,0.04790201547131391
India,rural,06_10,2045,0.04671456801663174
India,rural,06_10,2050,0.045561832391936695
India,rural,06_10,2055,0.04443825780563811
India,rural,06_10,2060,0.04335414485082592
India,rural,06_10,2065,0.04233159460497493
India,rural,06_10,2070,0.04136458986193394
India,rural,06_10,2075,0.040447687331304966
India,rural,06_10,2080,0.03959330971349227
India,rural,06_10,2085,0.038796269643610284
India,rural,06_10,2090,0.038058845872190036
India,rural,06_10,2095,0.0373626015723045
India,rural,06_10,2100,0.03669697598496991
India,rural,11_20,2011,0.0790926871290141
India,rural,11_20,2012,0.0786797229318319
India,rural,11_20,2013,0.0781723049252652
India,rural,11_20,2014,0.0775601656848045
India,rural,11_20,2015,0.07688683362848991
India,rural,11_20,2016,0.0761891733044968
India,rural,11_20,2017,0.07562964342236954
India,rural,11_20,2018,0.07509672794302691
India,rural,11_20,2019,0.07481100969495938
India,rural,11_20,2020,0.07552887323017603
India,rural,11_20,2025,0.0727927335095918
India,rural,11_20,2030,0.07051788890859884
India,rural,11_20,2035,0.0687686154737236
India,rural,11_20,2040,0.0670599102546528
India,rural,11_20,2045,0.06539755598918794
India,rural,11_20,2050,0.0637837961759775
India,rural,11_20,2055,0.06221086004416248
India,rural,11_20,2060,0.0606931677980158
India,rural,11_20,2065,0.059261659602735266
India,rural,11_20,2070,0.05790791173542504
India,rural,11_20,2075,0.056624303920362135
India,rural,11_20,2080,0.05542822718308133
India,rural,11_20,2085,0.05431241952802231
India,rural,11_20,2090,0.053280071067429796
India,rural,11_20,2095,0.052305371364165784
India,rural,11_20,2100,0.05137353599751845
India,rural,21_30,2011,0.0462193616190824
India,rural,21_30,2012,0.04597803789803896
India,rural,21_30,2013,0.04568151824257087
India,rural,21_30,2014,0.04532380268196622
India,rural,21_30,2015,0.044930327900286844
India,rural,21_30,2016,0.044522636418654345
India,rural,21_30,2017,0.044195664167521465
India,rural,21_30,2018,0.04388424456418991
India,rural,21_30,2019,0.043717279507015115
India,rural,21_30,2020,0.044136777131026934
India,rural,21_30,2025,0.042537860268084406
India,rural,21_30,2030,0.041208510247784734
India,rural,21_30,2035,0.040186288037464934
India,rural,21_30,2040,0.039187772659022624
India,rural,21_30,2045,0.038216343368610274
India,rural,21_30,2050,0.03727331119862658
India,rural,21_30,2055,0.03635413514684453
India,rural,21_30,2060,0.03546724194220845
India,rural,21_30,2065,0.03463071207655315
India,rural,21_30,2070,0.033839622982333714
India,rural,21_30,2075,0.03308952160210498
India,rural,21_30,2080,0.03239057072243163
India,rural,21_30,2085,0.03173852665390238
India,rural,21_30,2090,0.031135253601120676
India,rural,21_30,2095,0.030565668729365246
India,rural,21_30,2100,0.030021132472678576
India,rural,31_50,2011,0.0461113884100324
India,rural,31_50,2012,0.04587062844616059
India,rural,31_50,2013,0.04557480149127568
India,rural,31_50,2014,0.045217921591217874
India,rural,31_50,2015,0.04482536600732423
India,rural,31_50,2016,0.04441862693515893
India,rural,31_50,2017,0.0440924185250223
India,rural,31_50,2018,0.04378172643009318
India,rural,31_50,2019,0.04361515142056056
India,rural,31_50,2020,0.044033669054735505
India,rural,31_50,2025,0.042438487426955225
India,rural,31_50,2030,0.04111224290579302
India,rural,31_50,2035,0.04009240871228141
India,rural,31_50,2040,0.03909622596903612
India,rural,31_50,2045,0.038127066037917726
India,rural,31_50,2050,0.03718623688861764
India,rural,31_50,2055,0.036269208127159745
India,rural,31_50,2060,0.03538438679677797
India,rural,31_50,2065,0.03454981115140821
India,rural,31_50,2070,0.033760570123132466
India,rural,31_50,2075,0.033012221057308326
India,rural,31_50,2080,0.032314902999179954
India,rural,31_50,2085,0.03166438217303344
India,rural,31_50,2090,0.031062518428497467
India,rural,31_50,2095,0.03049426416591264
India,rural,31_50,2100,0.02995100000224108
India,rural,51+,2011,0.0228571795411535
India,rural,51+,2012,0.022737836057682457
India,rural,51+,2013,0.02259119614823557
India,rural,51+,2014,0.022414292605932445
India,rural,51+,2015,0.022219704809504543
India,rural,51+,2016,0.022018086330437846
India,rural,51+,2017,0.02185638648891442
India,rural,51+,2018,0.02170237800552929
India,rural,51+,2019,0.021619807624735286
India,rural,51+,2020,0.021827264676785234
India,rural,51+,2025,0.021036541297504152
India,rural,51+,2030,0.02037912866732882
India,rural,51+,2035,0.019873602070384484
India,rural,51+,2040,0.01937979937644516
India,rural,51+,2045,0.01889939175235277
India,rural,51+,2050,0.01843302755199779
India,rural,51+,2055,0.017978461082242905
India,rural,51+,2060,0.017539859671447423
India,rural,51+,2065,0.017126164789886662
India,rural,51+,2070,0.01673494204629609
India,rural,51+,2075,0.016363989239477652
India,rural,51+,2080,0.016018332242334163
India,rural,51+,2085,0.015695872393884765
India,rural,51+,2090,0.01539753161208396
India,rural,51+,2095,0.01511585087869487
India,rural,51+,2100,0.01484655760960272
Maldives,large_city,No_travel,2011,0.0
Maldives,large_city,No_travel,2012,0.0
Maldives,large_city,No_travel,2013,0.0
Maldives,large_city,No_travel,2014,0.0
Maldives,large_city,No_travel,2015,0.0
Maldives,large_city,No_travel,2016,0.0
Maldives,large_city,No_travel,2017,0.0
Maldives,large_city,No_travel,2018,0.0
Maldives,large_city,No_travel,2019,0.0
Maldives,large_city,No_travel,2020,0.0
Maldives,large_city,No_travel,2025,0.0
Maldives,large_city,No_travel,2030,0.0
Maldives,large_city,No_travel,2035,0.0
Maldives,large_city,No_travel,2040,0.0
Maldives,large_city,No_travel,2045,0.0
Maldives,large_city,No_travel,2050,0.0
Maldives,large_city,No_travel,2055,0.0
Maldives,large_city,No_travel,2060,0.0
Maldives,large_city,No_travel,2065,0.0
Maldives,large_city,No_travel,2070,0.0
Maldives,large_city,No_travel,2075,0.0
Maldives,large_city,No_travel,2080,0.0
Maldives,large_city,No_travel,2085,0.0
Maldives,large_city,No_travel,2090,0.0
Maldives,large_city,No_travel,2095,0.0
Maldives,large_city,No_travel,2100,0.0
Maldives,large_city,00_01,2011,0.0204991553484746
Maldives,large_city,00_01,2012,0.020548673987923968
Maldives,large_city,00_01,2013,0.02046849925828233
Maldives,large_city,00_01,2014,0.02042931588120318
Maldives,large_city,00_01,2015,0.020461606589084764
Maldives,large_city,00_01,2016,0.02039196484031519
Maldives,large_city,00_01,2017,0.02034521594992249
Maldives,large_city,00_01,2018,0.02027997066827331
Maldives,large_city,00_01,2019,0.020193199417003902
Maldives,large_city,00_01,2020,0.020954390906861423
Maldives,large_city,00_01,2025,0.019949968579930477
Maldives,large_city,00_01,2030,0.019557626640156707
Maldives,large_city,00_01,2035,0.019227804560472156
Maldives,large_city,00_01,2040,0.018959911780751904
Maldives,large_city,00_01,2045,0.018749392618053515
Maldives,large_city,00_01,2050,0.01857996728964539
Maldives,large_city,00_01,2055,0.01843379328107223
Maldives,large_city,00_01,2060,0.01830178904386488
Maldives,large_city,00_01,2065,0.018183700001069277
Maldives,large_city,00_01,2070,0.01808607904018812
Maldives,large_city,00_01,2075,0.01800553192225803
Maldives,large_city,00_01,2080,0.017932388862086486
Maldives,large_city,00_01,2085,0.01784450025253117
Maldives,large_city,00_01,2090,0.01774548287141484
Maldives,large_city,00_01,2095,0.017657486171348644
Maldives,large_city,00_01,2100,0.017591061870716473
Maldives,large_city,02_05,2011,0.0599141683583879
Maldives,large_city,02_05,2012,0.06005889959489069
Maldives,large_city,02_05,2013,0.05982456787886735
Maldives,large_city,02_05,2014,0.059710044162584325
Maldives,large_city,02_05,2015,0.05980442224185346
Maldives,large_city,02_05,2016,0.059600875930328805
Maldives,large_city,02_05,2017,0.05946424001329019
Maldives,large_city,02_05,2018,0.05927354353224662
Maldives,large_city,02_05,2019,0.05901993174830499
Maldives,large_city,02_05,2020,0.06124471390644836
Maldives,large_city,02_05,2025,0.05830902570975677
Maldives,large_city,02_05,2030,0.05716230328953708
Maldives,large_city,02_05,2035,0.05619831158965446
Maldives,large_city,02_05,2040,0.05541532454295402
Maldives,large_city,02_05,2045,0.05480002696887536
Maldives,large_city,02_05,2050,0.054304836924317014
Maldives,large_city,02_05,2055,0.05387760497205393
Maldives,large_city,02_05,2060,0.05349178790019833
Maldives,large_city,02_05,2065,0.05314664164070315
Maldives,large_city,02_05,2070,0.0528613187292898
Maldives,large_city,02_05,2075,0.05262589861063572
Maldives,large_city,02_05,2080,0.05241211879644978
Maldives,large_city,02_05,2085,0.05215524123929357
Maldives,large_city,02_05,2090,0.05186583692278587
Maldives,large_city,02_05,2095,0.05160864344270715
Maldives,large_city,02_05,2100,0.05141450096885833
Maldives,large_city,06_10,2011,0.0468854192381946
Maldives,large_city,06_10,2012,0.04699867766915045
Maldives,large_city,06_10,2013,0.04681530300089434
Maldives,large_city,06_10,2014,0.046725683256553956
Maldives,large_city,06_10,2015,0.046799538171587746
Maldives,large_city,06_10,2016,0.04664025440930407
Maldives,large_city,06_10,2017,0.04653333091476384
Maldives,large_city,06_10,2018,0.04638410269870158
Maldives,large_city,06_10,2019,0.046185640546265054
Maldives,large_city,06_10,2020,0.047926628480442136
Maldives,large_city,06_10,2025,0.04562932592871214
Maldives,large_city,06_10,2030,0.04473196620738155
Maldives,large_city,06_10,2035,0.04397760115100988
Maldives,large_city,06_10,2040,0.04336488003764928
Maldives,large_city,06_10,2045,0.04288338316458314
Maldives,large_city,06_10,2050,0.04249587561039629
Maldives,large_city,06_10,2055,0.04216154819264782
Maldives,large_city,06_10,2060,0.04185962970393579
Maldives,large_city,06_10,2065,0.041589537878941596
Maldives,large_city,06_10,2070,0.04136626040240454
Maldives,large_city,06_10,2075,0.04118203401217615
Maldives,large_city,06_10,2080,0.04101474209296239
Maldives,large_city,06_10,2085,0.04081372433221989
Maldives,large_city,06_10,2090,0.04058725298027451
Maldives,large_city,06_10,2095,0.040385987996227835
Maldives,large_city,06_10,2100,0.04023406314226184
Maldives,large_city,11_20,2011,0.0406330553046253
Maldives,large_city,11_20,2012,0.04073121025692218
Maldives,large_city,11_20,2013,0.04057228935661277
Maldives,large_city,11_20,2014,0.04049462077462422
Maldives,large_city,11_20,2015,0.04055862683228237
Maldives,large_city,11_20,2016,0.0404205842163228
Maldives,large_city,11_20,2017,0.04032791941055569
Maldives,large_city,11_20,2018,0.04019859139227642
Maldives,large_city,11_20,2019,0.04002659498599797
Maldives,large_city,11_20,2020,0.04153541500218914
Maldives,large_city,11_20,2025,0.03954446721601986
Maldives,large_city,11_20,2030,0.03876677411276047
Maldives,large_city,11_20,2035,0.03811300674641353
Maldives,large_city,11_20,2040,0.03758199451937108
Maldives,large_city,11_20,2045,0.037164707239227435
Maldives,large_city,11_20,2050,0.03682887541483357
Maldives,large_city,11_20,2055,0.036539131936456824
Maldives,large_city,11_20,2060,0.036277475522828534
Maldives,large_city,11_20,2065,0.03604340155611063
Maldives,large_city,11_20,2070,0.03584989905149793
Maldives,large_city,11_20,2075,0.03569024000985234
Maldives,large_city,11_20,2080,0.03554525715770175
Maldives,large_city,11_20,2085,0.03537104594402003
Maldives,large_city,11_20,2090,0.03517477548045098
Maldives,large_city,11_20,2095,0.035000350011711846
Maldives,large_city,11_20,2100,0.03486868496330979
Maldives,large_city,21_30,2011,0.0412215199580625
Maldives,large_city,21_30,2012,0.04132109643083215
Maldives,large_city,21_30,2013,0.04115987397254677
Maldives,large_city,21_30,2014,0.04108108056214351
Maldives,large_city,21_30,2015,0.041146013581908135
Maldives,large_city,21_30,2016,0.04100597177589133
Maldives,large_city,21_30,2017,0.04091196496021621
Maldives,large_city,21_30,2018,0.04078076396027494
Maldives,large_city,21_30,2019,0.04060627663115413
Maldives,large_city,21_30,2020,0.04213694800066517
Maldives,large_city,21_30,2025,0.04011716648810697
Maldives,large_city,21_30,2030,0.03932821051280758
Maldives,large_city,21_30,2035,0.0386649750180174
Maldives,large_city,21_30,2040,0.038126272453051425
Maldives,large_city,21_30,2045,0.03770294184653587
Maldives,large_city,21_30,2050,0.037362246367251335
Maldives,large_city,21_30,2055,0.037068306704405814
Maldives,large_city,21_30,2060,0.03680286087475623
Maldives,large_city,21_30,2065,0.03656539695238103
Maldives,large_city,21_30,2070,0.03636909206474636
Maldives,large_city,21_30,2075,0.03620712077505775
Maldives,large_city,21_30,2080,0.03606003822148905
Maldives,large_city,21_30,2085,0.03588330400921135
Maldives,large_city,21_30,2090,0.035684191075897945
Maldives,large_city,21_30,2095,0.03550723950563278
Maldives,large_city,21_30,2100,0.03537366762973531
Maldives,large_city,31_50,2011,0.0600379215385309
Maldives,large_city,31_50,2012,0.06018295171852693
Maldives,large_city,31_50,2013,0.05994813598852391
Maldives,large_city,31_50,2014,0.0598333757226153
Maldives,large_city,31_50,2015,0.05992794874054028
Maldives,large_city,31_50,2016,0.05972398200252807
Maldives,large_city,31_50,2017,0.05958706386294146
Maldives,large_city,31_50,2018,0.05939597349683501
Maldives,large_city,31_50,2019,0.05914183787578365
Maldives,large_city,31_50,2020,0.06137121533875624
Maldives,large_city,31_50,2025,0.05842946345529066
Maldives,large_city,31_50,2030,0.05728037247100455
Maldives,large_city,31_50,2035,0.05631438963877776
Maldives,large_city,31_50,2040,0.05552978532625031
Maldives,large_city,31_50,2045,0.054913216850252904
Maldives,large_city,31_50,2050,0.05441700398681101
Maldives,large_city,31_50,2055,0.0539888895836319
Maldives,large_city,31_50,2060,0.053602275603617446
Maldives,large_city,31_50,2065,0.053256416441842265
Maldives,large_city,31_50,2070,0.052970504193739075
Maldives,large_city,31_50,2075,0.05273459781300122
Maldives,large_city,31_50,2080,0.052520376434948494
Maldives,large_city,31_50,2085,0.05226296829520262
Maldives,large_city,31_50,2090,0.05197296621183114
Maldives,large_city,31_50,2095,0.0517152414966215
Maldives,large_city,31_50,2100,0.0515206980199849
Maldives,large_city,51+,2011,0.0683410685329549
Maldives,large_city,51+,2012,0.06850615615118788
Maldives,large_city,51+,2013,0.06823886578727258
Maldives,large_city,51+,2014,0.06810823436306036
Maldives,large_city,51+,2015,0.06821588667569464
Maldives,large_city,51+,2016,0.06798371166923661
Maldives,large_city,51+,2017,0.06782785797342057
Maldives,large_city,51+,2018,0.06761034012018032
Maldives,large_city,51+,2019,0.06732105795567718
Maldives,large_city,51+,2020,0.06985875469931037
Maldives,large_city,51+,2025,0.0665101633103522
Maldives,large_city,51+,2030,0.06520215491007307
Maldives,large_city,51+,2035,0.0641025782217545
Maldives,large_city,51+,2040,0.06320946440769153
Maldives,large_city,51+,2045,0.06250762551331282
Maldives,large_city,51+,2050,0.06194278721714275
Maldives,large_city,51+,2055,0.061455465287638046
Maldives,large_city,51+,2060,0.0610153832223885
Maldives,large_city,51+,2065,0.060621692300519094
Maldives,large_city,51+,2070,0.06029623885307602
Maldives,large_city,51+,2075,0.06002770700320144
Maldives,large_city,51+,2080,0.05978385915664782
Maldives,large_city,51+,2085,0.05949085188943216
Maldives,large_city,51+,2090,0.05916074298914869
Maldives,large_city,51+,2095,0.058867375364597026
Maldives,large_city,51+,2100,0.058645926841251174
Maldives,city,No_travel,2011,0.0
Maldives,city,No_travel,2012,0.0
Maldives,city,No_travel,2013,0.0
Maldives,city,No_travel,2014,0.0
Maldives,city,No_travel,2015,0.0
Maldives,city,No_travel,2016,0.0
Maldives,city,No_travel,2017,0.0
Maldives,city,No_travel,2018,0.0
Maldives,city,No_travel,2019,0.0
Maldives,city,No_travel,2020,0.0
Maldives,city,No_travel,2025,0.0
Maldives,city,No_travel,2030,0.0
Maldives,city,No_travel,2035,0.0
Maldives,city,No_travel,2040,0.0
Maldives,city,No_travel,2045,0.0
Maldives,city,No_travel,2050,0.0
Maldives,city,No_travel,2055,0.0
Maldives,city,No_travel,2060,0.0
Maldives,city,No_travel,2065,0.0
Maldives,city,No_travel,2070,0.0
Maldives,city,No_travel,2075,0.0
Maldives,city,No_travel,2080,0.0
Maldives,city,No_travel,2085,0.0
Maldives,city,No_travel,2090,0.0
Maldives,city,No_travel,2095,0.0
Maldives,city,No_travel,2100,0.0
Maldives,city,00_01,2011,0.0195275670690455
Maldives,city,00_01,2012,0.019574738698148127
Maldives,city,00_01,2013,0.019498363970326178
Maldives,city,00_01,2014,0.019461037748299097
Maldives,city,00_01,2015,0.0194917979895454
Maldives,city,00_01,2016,0.01942545701613526
Maldives,city,00_01,2017,0.019380923859669632
Maldives,city,00_01,2018,0.01931877097621251
Maldives,city,00_01,2019,0.019236112378820377
Maldives,city,00_01,2020,0.019961226053891164
Maldives,city,00_01,2025,0.019004409832863292
Maldives,city,00_01,2030,0.018630663529042933
Maldives,city,00_01,2035,0.018316473862571066
Maldives,city,00_01,2040,0.018061278263807556
Maldives,city,00_01,2045,0.01786073697325053
Maldives,city,00_01,2050,0.017699341812940625
Maldives,city,00_01,2055,0.017560095941213716
Maldives,city,00_01,2060,0.017434348243240565
Maldives,city,00_01,2065,0.01732185620812449
Maldives,city,00_01,2070,0.01722886213941554
Maldives,city,00_01,2075,0.017152132673207792
Maldives,city,00_01,2080,0.017082456338312298
Maldives,city,00_01,2085,0.016998733341509687
Maldives,city,00_01,2090,0.016904409038001528
Maldives,city,00_01,2095,0.016820583073800268
Maldives,city,00_01,2100,0.016757307052737005
Maldives,city,02_05,2011,0.0495217408664981
Maldives,city,02_05,2012,0.04964136770912581
Maldives,city,02_05,2013,0.04944768206121203
Maldives,city,02_05,2014,0.049353023085610265
Maldives,city,02_05,2015,0.04943103079085098
Maldives,city,02_05,2016,0.04926279065717576
Maldives,city,02_05,2017,0.04914985495829118
Maldives,city,02_05,2018,0.048992235784443956
Maldives,city,02_05,2019,0.0487826142977545
Maldives,city,02_05,2020,0.05062149629409552
Maldives,city,02_05,2025,0.04819501864907877
Maldives,city,02_05,2030,0.047247201261374466
Maldives,city,02_05,2035,0.04645041898988427
Maldives,city,02_05,2040,0.045803245162875865
Maldives,city,02_05,2045,0.04529467418785969
Maldives,city,02_05,2050,0.044885377459920474
Maldives,city,02_05,2055,0.044532251135888
Maldives,city,02_05,2060,0.04421335606352354
Maldives,city,02_05,2065,0.043928077237294645
Maldives,city,02_05,2070,0.04369224508491014
Maldives,city,02_05,2075,0.043497659823524035
Maldives,city,02_05,2080,0.04332096124202529
Maldives,city,02_05,2085,0.04310864044765465
Maldives,city,02_05,2090,0.0428694348313468
Maldives,city,02_05,2095,0.042656852912545486
Maldives,city,02_05,2100,0.042496385471461895
Maldives,city,06_10,2011,0.0572198770303753
Maldives,city,06_10,2012,0.057358099821111654
Maldives,city,06_10,2013,0.05713430581140484
Maldives,city,06_10,2014,0.057024932133319585
Maldives,city,06_10,2015,0.05711506610727112
Maldives,city,06_10,2016,0.056920673107509215
Maldives,city,06_10,2017,0.05679018159631747
Maldives,city,06_10,2018,0.05660806058063103
Maldives,city,06_10,2019,0.056365853511949206
Maldives,city,06_10,2020,0.05849058902937903
Maldives,city,06_10,2025,0.05568691633864893
Maldives,city,06_10,2030,0.05459176109122141
Maldives,city,06_10,2035,0.05367111931254162
Maldives,city,06_10,2040,0.05292334255528812
Maldives,city,06_10,2045,0.05233571441171997
Maldives,city,06_10,2050,0.051862792659943244
Maldives,city,06_10,2055,0.051454772980429185
Maldives,city,06_10,2060,0.05108630578789898
Maldives,city,06_10,2065,0.05075668047443933
Maldives,city,06_10,2070,0.050484188301847324
Maldives,city,06_10,2075,0.05025935483408915
Maldives,city,06_10,2080,0.05005518852394152
Maldives,city,06_10,2085,0.04980986254120536
Maldives,city,06_10,2090,0.04953347250098022
Maldives,city,06_10,2095,0.04928784480211793
Maldives,city,06_10,2100,0.04910243275711461
Maldives,city,11_20,2011,0.0736255863590152
Maldives,city,11_20,2012,0.07380343948531153
Maldives,city,11_20,2013,0.0735154807191724
Maldives,city,11_20,2014,0.07337474813463724
Maldives,city,11_20,2015,0.07349072473276111
Maldives,city,11_20,2016,0.07324059664206353
Maldives,city,11_20,2017,0.07307269145727494
Maldives,city,11_20,2018,0.07283835389375491
Maldives,city,11_20,2019,0.0725267027966627
Maldives,city,11_20,2020,0.07526062860089945
Maldives,city,11_20,2025,0.0716531051924835
Maldives,city,11_20,2030,0.07024395418708723
Maldives,city,11_20,2035,0.0690593520121136
Maldives,city,11_20,2040,0.06809717758819435
Maldives,city,11_20,2045,0.06734106854223645
Maldives,city,11_20,2050,0.06673255375535549
Maldives,city,11_20,2055,0.06620754933889558
Maldives,city,11_20,2060,0.06573343764009387
Maldives,city,11_20,2065,0.06530930431017849
Maldives,city,11_20,2070,0.06495868496203347
Maldives,city,11_20,2075,0.06466938871122122
Maldives,city,11_20,2080,0.06440668517043248
Maldives,city,11_20,2085,0.06409102092462393
Maldives,city,11_20,2090,0.0637353861377025
Maldives,city,11_20,2095,0.06341933366969123
Maldives,city,11_20,2100,0.06318076149442865
Maldives,city,21_30,2011,0.0391220097897899
Maldives,city,21_30,2012,0.03921651459568959
Maldives,city,21_30,2013,0.03906350358110809
Maldives,city,21_30,2014,0.03898872330671978
Maldives,city,21_30,2015,0.03905034913316909
Maldives,city,21_30,2016,0.0389174399898007
Maldives,city,21_30,2017,0.03882822116509722
Maldives,city,21_30,2018,0.03870370254449918
Maldives,city,21_30,2019,0.03853810227054025
Maldives,city,21_30,2020,0.039990812902362775
Maldives,city,21_30,2025,0.03807390367174904
Maldives,city,21_30,2030,0.03732513110293601
Maldives,city,21_30,2035,0.03669567577119386
Maldives,city,21_30,2040,0.03618441061062179
Maldives,city,21_30,2045,0.0357826412399322
Maldives,city,21_30,2050,0.03545929819267274
Maldives,city,21_30,2055,0.035180329576785956
Maldives,city,21_30,2060,0.03492840353532084
Maldives,city,21_30,2065,0.03470303421596202
Maldives,city,21_30,2070,0.03451672760369638
Maldives,city,21_30,2075,0.034363005897478135
Maldives,city,21_30,2080,0.03422341460859611
Maldives,city,21_30,2085,0.034055681890589766
Maldives,city,21_30,2090,0.03386671025309833
Maldives,city,21_30,2095,0.033698771247664384
Maldives,city,21_30,2100,0.03357200250546813
Maldives,city,31_50,2011,0.0678243479409768
Maldives,city,31_50,2012,0.06798818734677103
Maldives,city,31_50,2013,0.06772291794094194
Maldives,city,31_50,2014,0.06759327420902513
Maldives,city,31_50,2015,0.0677001125723328
Maldives,city,31_50,2016,0.06746969301994295
Maldives,city,31_50,2017,0.06731501771971966
Maldives,city,31_50,2018,0.06709914449914765
Maldives,city,31_50,2019,0.0668120495707311
Maldives,city,31_50,2020,0.06933055902051917
Maldives,city,31_50,2025,0.06600728602593116
Maldives,city,31_50,2030,0.06470916735798156
Maldives,city,31_50,2035,0.06361790446881055
Maldives,city,31_50,2040,0.06273154340691568
Maldives,city,31_50,2045,0.062035011052466206
Maldives,city,31_50,2050,0.06147444344718573
Maldives,city,31_50,2055,0.060990806114385517
Maldives,city,31_50,2060,0.0605540514695313
Maldives,city,31_50,2065,0.06016333720884925
Maldives,city,31_50,2070,0.059840344485267156
Maldives,city,31_50,2075,0.05957384298024101
Maldives,city,31_50,2080,0.05933183884503591
Maldives,city,31_50,2085,0.059041046979069
Maldives,city,31_50,2090,0.05871343400210124
Maldives,city,31_50,2095,0.05842228450342732
Maldives,city,31_50,2100,0.05820251033218822
Maldives,city,51+,2011,0.0385852189262921
Maldives,city,51+,2012,0.038678427037143755
Maldives,city,51+,2013,0.03852751547796047
Maldives,city,51+,2014,0.03845376125944907
Maldives,city,51+,2015,0.03851454152145087
Maldives,city,51+,2016,0.03838345601685305
Maldives,city,51+,2017,0.038295461358551296
Maldives,city,51+,2018,0.03817265125083978
Maldives,city,51+,2019,0.03800932316878847
Maldives,city,51+,2020,0.03944210124094295
Maldives,city,51+,2025,0.037551493812477854
Maldives,city,51+,2030,0.036812995109346484
Maldives,city,51+,2035,0.03619217649828598
Maldives,city,51+,2040,0.03568792637780245
Maldives,city,51+,2045,0.035291669661717734
Maldives,city,51+,2050,0.034972763185955415
Maldives,city,51+,2055,0.034697622282525514
Maldives,city,51+,2060,0.03444915290389705
Maldives,city,51+,2065,0.034226875864106554
Maldives,city,51+,2070,0.03404312555423465
Maldives,city,51+,2075,0.033891513054773996
Maldives,city,51+,2080,0.03375383708999977
Maldives,city,51+,2085,0.0335884058230441
Maldives,city,51+,2090,0.033402027054605425
Maldives,city,51+,2095,0.03323639233068018
Maldives,city,51+,2100,0.03311136297516047
Maldives,town,No_travel,2011,0.0
Maldives,town,No_travel,2012,0.0
Maldives,town,No_travel,2013,0.0
Maldives,town,No_travel,2014,0.0
Maldives,town,No_travel,2015,0.0
Maldives,town,No_travel,2016,0.0
Maldives,town,No_travel,2017,0.0
Maldives,town,No_travel,2018,0.0
Maldives,town,No_travel,2019,0.0
Maldives,town,No_travel,2020,0.0
Maldives,town,No_travel,2025,0.0
Maldives,town,No_travel,2030,0.0
Maldives,town,No_travel,2035,0.0
Maldives,town,No_travel,2040,0.0
Maldives,town,No_travel,2045,0.0
Maldives,town,No_travel,2050,0.0
Maldives,town,No_travel,2055,0.0
Maldives,town,No_travel,2060,0.0
Maldives,town,No_travel,2065,0.0
Maldives,town,No_travel,2070,0.0
Maldives,town,No_travel,2075,0.0
Maldives,town,No_travel,2080,0.0
Maldives,town,No_travel,2085,0.0
Maldives,town,No_travel,2090,0.0
Maldives,town,No_travel,2095,0.0
Maldives,town,No_travel,2100,0.0
Maldives,town,00_01,2011,0.0129968328827312
Maldives,town,00_01,2012,0.013028228590045137
Maldives,town,00_01,2013,0.012977396370626495
Maldives,town,00_01,2014,0.01295255340539102
Maldives,town,00_01,2015,0.012973026294486581
Maldives,town,00_01,2016,0.012928872174229784
Maldives,town,00_01,2017,0.012899232537593135
Maldives,town,00_01,2018,0.012857865856499895
Maldives,town,00_01,2019,0.01280285132382268
Maldives,town,00_01,2020,0.013285460407819477
Maldives,town,00_01,2025,0.012648638601999225
Maldives,town,00_01,2030,0.012399886761377377
Maldives,town,00_01,2035,0.012190773635601001
Maldives,town,00_01,2040,0.01202092479893791
Maldives,town,00_01,2045,0.011887451866532084
Maldives,town,00_01,2050,0.011780033163566546
Maldives,town,00_01,2055,0.011687356215227516
Maldives,town,00_01,2060,0.011603663156580396
Maldives,town,00_01,2065,0.011528792581261283
Maldives,town,00_01,2070,0.011466899137709307
Maldives,town,00_01,2075,0.011415830817423566
Maldives,town,00_01,2080,0.0113694568028156
Maldives,town,00_01,2085,0.011313733844904994
Maldives,town,00_01,2090,0.011250955045828747
Maldives,town,00_01,2095,0.01119516355659174
Maldives,town,00_01,2100,0.01115304935627505
Maldives,town,02_05,2011,0.0454311662241691
Maldives,town,02_05,2012,0.04554091169913016
Maldives,town,02_05,2013,0.04536322479411346
Maldives,town,02_05,2014,0.04527638480060906
Maldives,town,02_05,2015,0.0453479489451958
Maldives,town,02_05,2016,0.04519360571442811
Maldives,town,02_05,2017,0.04508999868408361
Maldives,town,02_05,2018,0.04494539910495181
Maldives,town,02_05,2019,0.04475309268681479
Maldives,town,02_05,2020,0.04644008010245546
Maldives,town,02_05,2025,0.04421403337426858
Maldives,town,02_05,2030,0.043344507211869825
Maldives,town,02_05,2035,0.04261354042461314
Maldives,town,02_05,2040,0.04201982418612281
Maldives,town,02_05,2045,0.04155326198337161
Maldives,town,02_05,2050,0.04117777381682787
Maldives,town,02_05,2055,0.04085381628939567
Maldives,town,02_05,2060,0.040561262457741915
Maldives,town,02_05,2065,0.04029954811677034
Maldives,town,02_05,2070,0.040083196075656365
Maldives,town,02_05,2075,0.039904683866672494
Maldives,town,02_05,2080,0.039742580869338746
Maldives,town,02_05,2085,0.039547798110632755
Maldives,town,02_05,2090,0.03932835125908661
Maldives,town,02_05,2095,0.03913332894524366
Maldives,town,02_05,2100,0.03898611637028413
Maldives,town,06_10,2011,0.0569320146292085
Maldives,town,06_10,2012,0.05706954204717402
Maldives,town,06_10,2013,0.056846873902889235
Maldives,town,06_10,2014,0.056738050463134286
Maldives,town,06_10,2015,0.056827730990075535
Maldives,town,06_10,2016,0.056634315944804024
Maldives,town,06_10,2017,0.05650448091177499
Maldives,town,06_10,2018,0.056323276112543376
Maldives,town,06_10,2019,0.056082287541907846
Maldives,town,06_10,2020,0.058196333915990384
Maldives,town,06_10,2025,0.055406765973377986
Maldives,town,06_10,2030,0.05431712024529122
Maldives,town,06_10,2035,0.05340111004163011
Maldives,town,06_10,2040,0.05265709520810052
Maldives,town,06_10,2045,0.05207242331080865
Maldives,town,06_10,2050,0.05160188073910178
Maldives,town,06_10,2055,0.05119591372958221
Maldives,town,06_10,2060,0.050829300225949954
Maldives,town,06_10,2065,0.05050133319522599
Maldives,town,06_10,2070,0.05023021187932177
Maldives,town,06_10,2075,0.050006509506302886
Maldives,town,06_10,2080,0.0498033703183255
Maldives,town,06_10,2085,0.04955927852430354
Maldives,town,06_10,2090,0.04928427895020253
Maldives,town,06_10,2095,0.04903988695793133
Maldives,town,06_10,2100,0.04885540768593015
Maldives,town,11_20,2011,0.0621547171877937
Maldives,town,11_20,2012,0.06230486079020943
Maldives,town,11_20,2013,0.062061766010850415
Maldives,town,11_20,2014,0.061942959568369434
Maldives,town,11_20,2015,0.062040867008069024
Maldives,town,11_20,2016,0.06182970888347057
Maldives,town,11_20,2017,0.06168796333289512
Maldives,town,11_20,2018,0.061490135570735904
Maldives,town,11_20,2019,0.06122703972649263
Maldives,town,11_20,2020,0.06353501978584518
Maldives,town,11_20,2025,0.0604895486624633
Maldives,town,11_20,2030,0.059299943437613696
Maldives,town,11_20,2035,0.05829990232681696
Maldives,town,11_20,2040,0.057487634714951524
Maldives,town,11_20,2045,0.05684932748727821
Maldives,town,11_20,2050,0.05633561932747153
Maldives,town,11_20,2055,0.0558924106191797
Maldives,town,11_20,2060,0.05549216554118805
Maldives,town,11_20,2065,0.05513411220029837
Maldives,town,11_20,2070,0.054838119360006994
Maldives,town,11_20,2075,0.054593895476138084
Maldives,town,11_20,2080,0.05437212115705374
Maldives,town,11_20,2085,0.05410563741281764
Maldives,town,11_20,2090,0.053805410539303086
Maldives,town,11_20,2095,0.0535385990578983
Maldives,town,11_20,2100,0.05333719643666802
Maldives,town,21_30,2011,0.0318021562733665
Maldives,town,21_30,2012,0.031878978926956
Maldives,town,21_30,2013,0.03175459676398908
Maldives,town,21_30,2014,0.03169380811879829
Maldives,town,21_30,2015,0.03174390355545266
Maldives,town,21_30,2016,0.031635862139117656
Maldives,town,21_30,2017,0.03156333644268765
Maldives,town,21_30,2018,0.031462115655399865
Maldives,town,21_30,2019,0.03132749972386537
Maldives,town,21_30,2020,0.03250840353687086
Maldives,town,21_30,2025,0.030950154171835765
Maldives,town,21_30,2030,0.03034147935235304
Maldives,town,21_30,2035,0.029829797132172417
Maldives,town,21_30,2040,0.02941419132303824
Maldives,town,21_30,2045,0.029087594290289252
Maldives,town,21_30,2050,0.028824749764302354
Maldives,town,21_30,2055,0.02859797707124629
Maldives,town,21_30,2060,0.02839318720019792
Maldives,town,21_30,2065,0.028209985203368454
Maldives,town,21_30,2070,0.028058537155840495
Maldives,town,21_30,2075,0.027933577273921623
Maldives,town,21_30,2080,0.027820103962931723
Maldives,town,21_30,2085,0.027683754574470944
Maldives,town,21_30,2090,0.027530140136485068
Maldives,town,21_30,2095,0.02739362305763607
Maldives,town,21_30,2100,0.02729057315371841
Maldives,town,31_50,2011,0.0457355874252065
Maldives,town,31_50,2012,0.04584606827308604
Maldives,town,31_50,2013,0.045667190739134854
Maldives,town,31_50,2014,0.045579768855766783
Maldives,town,31_50,2015,0.04565181253113948
Maldives,town,31_50,2016,0.0454964350906962
Maldives,town,31_50,2017,0.04539213381938817
Maldives,town,31_50,2018,0.04524656531999288
Maldives,town,31_50,2019,0.04505297031176139
Maldives,town,31_50,2020,0.04675126174572003
Maldives,town,31_50,2025,0.044510298917532186
Maldives,town,31_50,2030,0.04363494630997055
Maldives,town,31_50,2035,0.04289908152414176
Maldives,town,31_50,2040,0.04230138696360033
Maldives,town,31_50,2045,0.041831698461484074
Maldives,town,31_50,2050,0.04145369425654347
Maldives,town,31_50,2055,0.04112756598273202
Maldives,town,31_50,2060,0.04083305183184806
Maldives,town,31_50,2065,0.04056958381821894
Maldives,town,31_50,2070,0.04035178206419472
Maldives,town,31_50,2075,0.04017207369615144
Maldives,town,31_50,2080,0.04000888449317427
Maldives,town,31_50,2085,0.03981279655112664
Maldives,town,31_50,2090,0.0395918792492341
Maldives,town,31_50,2095,0.03939555014685933
Maldives,town,31_50,2100,0.03924735114270149
Maldives,town,51+,2011,0.0299585707997298
Maldives,town,51+,2012,0.030030940009125567
Maldives,town,51+,2013,0.02991376833675728
Maldives,town,51+,2014,0.02985650363699561
Maldives,town,51+,2015,0.029903695018386633
Maldives,town,51+,2016,0.029801916812130663
Maldives,town,51+,2017,0.029733595463332128
Maldives,town,51+,2018,0.029638242491153165
Maldives,town,51+,2019,0.029511430306438973
Maldives,town,51+,2020,0.030623876587926625
Maldives,town,51+,2025,0.02915595964780601
Maldives,town,51+,2030,0.028582569984641645
Maldives,town,51+,2035,0.028100550215652526
Maldives,town,51+,2040,0.027709037264433158
Maldives,town,51+,2045,0.027401373210320372
Maldives,town,51+,2050,0.027153765901136294
Maldives,town,51+,2055,0.02694013932431027
Maldives,town,51+,2060,0.02674722121529487
Maldives,town,51+,2065,0.026574639521604375
Maldives,town,51+,2070,0.02643197098632185
Maldives,town,51+,2075,0.026314255085632194
Maldives,town,51+,2080,0.026207359874126753
Maldives,town,51+,2085,0.02607891472177326
Maldives,town,51+,2090,0.025934205382673676
Maldives,town,51+,2095,0.02580560226102009
Maldives,town,51+,2100,0.02570852620693479
Maldives,rural,No_travel,2011,0.0
Maldives,rural,No_travel,2012,0.0
Maldives,rural,No_travel,2013,0.0
Maldives,rural,No_travel,2014,0.0
Maldives,rural,No_travel,2015,0.0
Maldives,rural,No_travel,2016,0.0
Maldives,rural,No_travel,2017,0.0
Maldives,rural,No_travel,2018,0.0
Maldives,rural,No_travel,2019,0.0
Maldives,rural,No_travel,2020,0.0
Maldives,rural,No_travel,2025,0.0
Maldives,rural,No_travel,2030,0.0
Maldives,rural,No_travel,2035,0.0
Maldives,rural,No_travel,2040,0.0
Maldives,rural,No_travel,2045,0.0
Maldives,rural,No_travel,2050,0.0
Maldives,rural,No_travel,2055,0.0
Maldives,rural,No_travel,2060,0.0
Maldives,rural,No_travel,2065,0.0
Maldives,rural,No_travel,2070,0.0
Maldives,rural,No_travel,2075,0.0
Maldives,rural,No_travel,2080,0.0
Maldives,rural,No_travel,2085,0.0
Maldives,rural,No_travel,2090,0.0
Maldives,rural,No_travel,2095,0.0
Maldives,rural,No_travel,2100,0.0
Maldives,rural,00_01,2011,0.00937229078988372
Maldives,rural,00_01,2012,0.009394930897758867
Maldives,rural,00_01,2013,0.009358274710348802
Maldives,rural,00_01,2014,0.009340359923233304
Maldives,rural,00_01,2015,0.009355123356112984
Maldives,rural,00_01,2016,0.009323282887103952
Maldives,rural,00_01,2017,0.0093019091188966
Maldives,rural,00_01,2018,0.00927207873116165
Maldives,rural,00_01,2019,0.009232406589296572
Maldives,rural,00_01,2020,0.00958042619637079
Maldives,rural,00_01,2025,0.009121200537370701
Maldives,rural,00_01,2030,0.008941820329449087
Maldives,rural,00_01,2035,0.00879102443629255
Maldives,rural,00_01,2040,0.008668542851594706
Maldives,rural,00_01,2045,0.008572292700009853
Maldives,rural,00_01,2050,0.008494830803750276
Maldives,rural,00_01,2055,0.00842799949821687
Maldives,rural,00_01,2060,0.008367646665352656
Maldives,rural,00_01,2065,0.008313655911618418
Maldives,rural,00_01,2070,0.008269023241783358
Maldives,rural,00_01,2075,0.00823219679704967
Maldives,rural,00_01,2080,0.0081987555153219
Maldives,rural,00_01,2085,0.008158572513053356
Maldives,rural,00_01,2090,0.008113301394643882
Maldives,rural,00_01,2095,0.008073068972987938
Maldives,rural,00_01,2100,0.00804269953334731
Maldives,rural,02_05,2011,0.0357129319501618
Maldives,rural,02_05,2012,0.035799201641320146
Maldives,rural,02_05,2013,0.03565952395142804
Maldives,rural,02_05,2014,0.035591260003210806
Maldives,rural,02_05,2015,0.03564751577734363
Maldives,rural,02_05,2016,0.03552618828884869
Maldives,rural,02_05,2017,0.03544474396038936
Maldives,rural,02_05,2018,0.0353310758475332
Maldives,rural,02_05,2019,0.035179905921790613
Maldives,rural,02_05,2020,0.03650602787248585
Maldives,rural,02_05,2025,0.034756157421673484
Maldives,rural,02_05,2030,0.03407263262476629
Maldives,rural,02_05,2035,0.03349802780387488
Maldives,rural,02_05,2040,0.03303131410521506
Maldives,rural,02_05,2045,0.03266455477275251
Maldives,rural,02_05,2050,0.032369387722148965
Maldives,rural,02_05,2055,0.03211472833095389
Maldives,rural,02_05,2060,0.0318847550339873
Maldives,rural,02_05,2065,0.031679024315929546
Maldives,rural,02_05,2070,0.03150895239474097
Maldives,rural,02_05,2075,0.03136862594262532
Maldives,rural,02_05,2080,0.03124119858836961
Maldives,rural,02_05,2085,0.031088082038985693
Maldives,rural,02_05,2090,0.030915577321909436
Maldives,rural,02_05,2095,0.03076227246091005
Maldives,rural,02_05,2100,0.030646550301241145
Maldives,rural,06_10,2011,0.0564972292407587
Maldives,rural,06_10,2012,0.056633706372479616
Maldives,rural,06_10,2013,0.056412738727575344
Maldives,rural,06_10,2014,0.05630474636400547
Maldives,rural,06_10,2015,0.056393742007704896
Maldives,rural,06_10,2016,0.056201804058161296
Maldives,rural,06_10,2017,0.0560729605652286
Maldives,rural,06_10,2018,0.05589313961302113
Maldives,rural,06_10,2019,0.05565399145344391
Maldives,rural,06_10,2020,0.057751893019022074
Maldives,rural,06_10,2025,0.05498362879083881
Maldives,rural,06_10,2030,0.05390230460282479
Maldives,rural,06_10,2035,0.05299328989817802
Maldives,rural,06_10,2040,0.05225495704833572
Maldives,rural,06_10,2045,0.051674750245062316
Maldives,rural,06_10,2050,0.0512078011705495
Maldives,rural,06_10,2055,0.05080493449965454
Maldives,rural,06_10,2060,0.050441120794968895
Maldives,rural,06_10,2065,0.05011565842306969
Maldives,rural,06_10,2070,0.04984660763966674
Maldives,rural,06_10,2075,0.04962461366435315
Maldives,rural,06_10,2080,0.049423025834628743
Maldives,rural,06_10,2085,0.049180798150741875
Maldives,rural,06_10,2090,0.048907898727099754
Maldives,rural,06_10,2095,0.04866537313755443
Maldives,rural,06_10,2100,0.04848230271947244
Maldives,rural,11_20,2011,0.0790926871290141
Maldives,rural,11_20,2012,0.07928374681856928
Maldives,rural,11_20,2013,0.07897440554575089
Maldives,rural,11_20,2014,0.07882322280035012
Maldives,rural,11_20,2015,0.07894781129252144
Maldives,rural,11_20,2016,0.07867910982883118
Maldives,rural,11_20,2017,0.07849873676961958
Maldives,rural,11_20,2018,0.07824699836574885
Maldives,rural,11_20,2019,0.0779122054773699
Maldives,rural,11_20,2020,0.08084914016219578
Maldives,rural,11_20,2025,0.07697373849325546
Maldives,rural,11_20,2030,0.07545995035112958
Maldives,rural,11_20,2035,0.07418738501303274
Maldives,rural,11_20,2040,0.07315376389790165
Maldives,rural,11_20,2045,0.07234150963732772
Maldives,rural,11_20,2050,0.07168780931340138
Maldives,rural,11_20,2055,0.07112382045971763
Maldives,rural,11_20,2060,0.07061450338515232
Maldives,rural,11_20,2065,0.07015887584555751
Maldives,rural,11_20,2070,0.06978222110125451
Maldives,rural,11_20,2075,0.06947144302824174
Maldives,rural,11_20,2080,0.06918923231880209
Maldives,rural,11_20,2085,0.06885012828355802
Maldives,rural,11_20,2090,0.06846808567683417
Maldives,rural,11_20,2095,0.0681285645917745
Maldives,rural,11_20,2100,0.0678722771331766
Maldives,rural,21_30,2011,0.0462193616190824
Maldives,rural,21_30,2012,0.04633101109266744
Maldives,rural,21_30,2013,0.04615024145806419
Maldives,rural,21_30,2014,0.04606189485822183
Maldives,rural,21_30,2015,0.04613470058505028
Maldives,rural,21_30,2016,0.04597767961928616
Maldives,rural,21_30,2017,0.04587227508755692
Maldives,rural,21_30,2018,0.04572516681820538
Maldives,rural,21_30,2019,0.0455295240333011
Maldives,rural,21_30,2020,0.047245779368363515
Maldives,rural,21_30,2025,0.044981112460994774
Maldives,rural,21_30,2030,0.044096500696047806
Maldives,rural,21_30,2035,0.04335285220362187
Maldives,rural,21_30,2040,0.04274883545022169
Maldives,rural,21_30,2045,0.042274178756172724
Maldives,rural,21_30,2050,0.04189217616201659
Maldives,rural,21_30,2055,0.04156259822347696
Maldives,rural,21_30,2060,0.04126496881040987
Maldives,rural,21_30,2065,0.040998713929199494
Maldives,rural,21_30,2070,0.04077860834846374
Maldives,rural,21_30,2075,0.04059699909151146
Maldives,rural,21_30,2080,0.04043208373326737
Maldives,rural,21_30,2085,0.0402339216452115
Maldives,rural,21_30,2090,0.0400106675614899
Maldives,rural,21_30,2095,0.039812261762201796
Maldives,rural,21_30,2100,0.039662495163577456
Maldives,rural,31_50,2011,0.0461113884100324
Maldives,rural,31_50,2012,0.04622277705889963
Maldives,rural,31_50,2013,0.046042429720859195
Maldives,rural,31_50,2014,0.04595428950781144
Maldives,rural,31_50,2015,0.04602692515293198
Maldives,rural,31_50,2016,0.04587027100438402
Maldives,rural,31_50,2017,0.04576511270854252
Maldives,rural,31_50,2018,0.04561834809932308
Maldives,rural,31_50,2019,0.04542316235619899
Maldives,rural,31_50,2020,0.04713540834129238
Maldives,rural,31_50,2025,0.04487603193004587
Maldives,rural,31_50,2030,0.043993486709674144
Maldives,rural,31_50,2035,0.04325157545703949
Maldives,rural,31_50,2040,0.04264896974924661
Maldives,rural,31_50,2045,0.04217542190232703
Maldives,rural,31_50,2050,0.04179431170574004
Maldives,rural,31_50,2055,0.041465503695351943
Maldives,rural,31_50,2060,0.041168569575376554
Maldives,rural,31_50,2065,0.0409029366931065
Maldives,rural,31_50,2070,0.04068334530177209
Maldives,rural,31_50,2075,0.04050216030282727
Maldives,rural,31_50,2080,0.04033763020391666
Maldives,rural,31_50,2085,0.0401399310429937
Maldives,rural,31_50,2090,0.03991719850390208
Maldives,rural,31_50,2095,0.03971925620108152
Maldives,rural,31_50,2100,0.039569839472721406
Maldives,rural,51+,2011,0.0228571795411535
Maldives,rural,51+,2012,0.02291239432504517
Maldives,rural,51+,2013,0.02282299707140571
Maldives,rural,51+,2014,0.022779306418317727
Maldives,rural,51+,2015,0.022815311536334218
Maldives,rural,51+,2016,0.022737658875620834
Maldives,rural,51+,2017,0.0226855324458782
Maldives,rural,51+,2018,0.022612781979260588
Maldives,rural,51+,2019,0.022516029404066166
Maldives,rural,51+,2020,0.023364780986904733
Maldives,rural,51+,2025,0.022244819648423918
Maldives,rural,51+,2030,0.02180734649372631
Maldives,rural,51+,2035,0.021439584877999667
Maldives,rural,51+,2040,0.021140876308804884
Maldives,rural,51+,2045,0.020906141061578787
Maldives,rural,51+,2050,0.020717226685136855
Maldives,rural,51+,2055,0.020554238235056373
Maldives,rural,51+,2060,0.0204070495095333
Maldives,rural,51+,2065,0.020275376647547656
Maldives,rural,51+,2070,0.020166526317282385
Maldives,rural,51+,2075,0.02007671383941424
Maldives,rural,51+,2080,0.019995157110363218
Maldives,rural,51+,2085,0.019897158646812976
Maldives,rural,51+,2090,0.019786751265660114
Maldives,rural,51+,2095,0.01968863227791403
Maldives,rural,51+,2100,0.01961456716939442
Nepal,large_city,No_travel,2011,0.0
Nepal,large_city,No_travel,2012,0.0
Nepal,large_city,No_travel,2013,0.0
Nepal,large_city,No_travel,2014,0.0
Nepal,large_city,No_travel,2015,0.0
Nepal,large_city,No_travel,2016,0.0
Nepal,large_city,No_travel,2017,0.0
Nepal,large_city,No_travel,2018,0.0
Nepal,large_city,No_travel,2019,0.0
Nepal,large_city,No_travel,2020,0.0
Nepal,large_city,No_travel,2025,0.0
Nepal,large_city,No_travel,2030,0.0
Nepal,large_city,No_travel,2035,0.0
Nepal,large_city,No_travel,2040,0.0
Nepal,large_city,No_travel,2045,0.0
Nepal,large_city,No_travel,2050,0.0
Nepal,large_city,No_travel,2055,0.0
Nepal,large_city,No_travel,2060,0.0
Nepal,large_city,No_travel,2065,0.0
Nepal,large_city,No_travel,2070,0.0
Nepal,large_city,No_travel,2075,0.0
Nepal,large_city,No_travel,2080,0.0
Nepal,large_city,No_travel,2085,0.0
Nepal,large_city,No_travel,2090,0.0
Nepal,large_city,No_travel,2095,0.0
Nepal,large_city,No_travel,2100,0.0
Nepal,large_city,00_01,2011,0.0204991553484746
Nepal,large_city,00_01,2012,0.02040351721760429
Nepal,large_city,00_01,2013,0.020331138628805902
Nepal,large_city,00_01,2014,0.0202085567631902
Nepal,large_city,00_01,2015,0.020134262098673174
Nepal,large_city,00_01,2016,0.020144661745929538
Nepal,large_city,00_01,2017,0.01997917526298847
Nepal,large_city,00_01,2018,0.019841551798916484
Nepal,large_city,00_01,2019,0.019722641197544195
Nepal,large_city,00_01,2020,0.019816068140515255
Nepal,large_city,00_01,2025,0.019458949836785207
Nepal,large_city,00_01,2030,0.019011926850047333
Nepal,large_city,00_01,2035,0.018523797590283966
Nepal,large_city,00_01,2040,0.018005507990487245
Nepal,large_city,00_01,2045,0.017484581160191616
Nepal,large_city,00_01,2050,0.01697713965255627
Nepal,large_city,00_01,2055,0.016490150392837247
Nepal,large_city,00_01,2060,0.01602429554855474
Nepal,large_city,00_01,2065,0.015581753026432594
Nepal,large_city,00_01,2070,0.01516462121592192
Nepal,large_city,00_01,2075,0.014775602525047097
Nepal,large_city,00_01,2080,0.0144210616359553
Nepal,large_city,00_01,2085,0.014097476082660034
Nepal,large_city,00_01,2090,0.013803501975510793
Nepal,large_city,00_01,2095,0.013531318208166917
Nepal,large_city,00_01,2100,0.013281851822828365
Nepal,large_city,02_05,2011,0.0599141683583879
Nepal,large_city,02_05,2012,0.05963464078873749
Nepal,large_city,02_05,2013,0.05942309534303054
Nepal,large_city,02_05,2014,0.05906481762820113
Nepal,large_city,02_05,2015,0.058847671947692186
Nepal,large_city,02_05,2016,0.05887806764966105
Nepal,large_city,02_05,2017,0.058394389916046216
Nepal,large_city,02_05,2018,0.05799214917703512
Nepal,large_city,02_05,2019,0.057644601696707036
Nepal,large_city,02_05,2020,0.057917666488656816
Nepal,large_city,02_05,2025,0.05687389440098706
Nepal,large_city,02_05,2030,0.055567352251704054
Nepal,large_city,02_05,2035,0.05414066621742831
Nepal,large_city,02_05,2040,0.05262582866374671
Nepal,large_city,02_05,2045,0.05110328311090977
Nepal,large_city,02_05,2050,0.04962015195727613
Nepal,large_city,02_05,2055,0.04819679787270389
Nepal,large_city,02_05,2060,0.0468352146710336
Nepal,large_city,02_05,2065,0.045541767856984994
Nepal,large_city,02_05,2070,0.044322590525152375
Nepal,large_city,02_05,2075,0.04318558117313689
Nepal,large_city,02_05,2080,0.04214934225705105
Nepal,large_city,02_05,2085,0.041203578444401215
Nepal,large_city,02_05,2090,0.040344361864530914
Nepal,large_city,02_05,2095,0.03954883327889703
Nepal,large_city,02_05,2100,0.038819702211940914
Nepal,large_city,06_10,2011,0.0468854192381946
Nepal,large_city,06_10,2012,0.04666667686638534
Nepal,large_city,06_10,2013,0.046501133436815015
Nepal,large_city,06_10,2014,0.04622076568201287
Nepal,large_city,06_10,2015,0.04605083982732145
Nepal,large_city,06_10,2016,0.04607462577426683
Nepal,large_city,06_10,2017,0.045696127099611746
Nepal,large_city,06_10,2018,0.04538135638343647
Nepal,large_city,06_10,2019,0.045109385499640005
Nepal,large_city,06_10,2020,0.045323070469331546
Nepal,large_city,06_10,2025,0.044506273820719276
Nepal,large_city,06_10,2030,0.04348384827264056
Nepal,large_city,06_10,2035,0.04236740495595834
Nepal,large_city,06_10,2040,0.04118197927572056
Nepal,large_city,06_10,2045,0.0399905217539036
Nepal,large_city,06_10,2050,0.0388299076983535
Nepal,large_city,06_10,2055,0.03771607177593226
Nepal,large_city,06_10,2060,0.03665057423191006
Nepal,large_city,06_10,2065,0.035638396348104284
Nepal,large_city,06_10,2070,0.034684337535391525
Nepal,large_city,06_10,2075,0.03379457870859592
Nepal,large_city,06_10,2080,0.03298367709145255
Nepal,large_city,06_10,2085,0.03224357614252244
Nepal,large_city,06_10,2090,0.03157120213371277
Nepal,large_city,06_10,2095,0.030948666725555164
Nepal,large_city,06_10,2100,0.03037809023771439
Nepal,large_city,11_20,2011,0.0406330553046253
Nepal,large_city,11_20,2012,0.04044348312982964
Nepal,large_city,11_20,2013,0.04030001559902065
Nepal,large_city,11_20,2014,0.04005703604009567
Nepal,large_city,11_20,2015,0.03990977049862137
Nepal,large_city,11_20,2016,0.039930384491487565
Nepal,large_city,11_20,2017,0.03960236017540213
Nepal,large_city,11_20,2018,0.03932956543182421
Nepal,large_city,11_20,2019,0.03909386298654146
Nepal,large_city,11_20,2020,0.03927905218464018
Nepal,large_city,11_20,2025,0.03857117873624286
Nepal,large_city,11_20,2030,0.03768509784979744
Nepal,large_city,11_20,2035,0.03671753685176605
Nepal,large_city,11_20,2040,0.03569019257272874
Nepal,large_city,11_20,2045,0.03465762082305222
Nepal,large_city,11_20,2050,0.03365177943626826
Nepal,large_city,11_20,2055,0.032686478125724554
Nepal,large_city,11_20,2060,0.0317630690715526
Nepal,large_city,11_20,2065,0.03088586928110487
Nepal,large_city,11_20,2070,0.030059038144032678
Nepal,large_city,11_20,2075,0.029287932324688473
Nepal,large_city,11_20,2080,0.028585167781012284
Nepal,large_city,11_20,2085,0.027943762344577915
Nepal,large_city,11_20,2090,0.0273610521816047
Nepal,large_city,11_20,2095,0.026821534436434386
Nepal,large_city,11_20,2100,0.026327046675363747
Nepal,large_city,21_30,2011,0.0412215199580625
Nepal,large_city,21_30,2012,0.04102920232090114
Nepal,large_city,21_30,2013,0.04088365703418224
Nepal,large_city,21_30,2014,0.040637158545143263
Nepal,large_city,21_30,2015,0.04048776024340328
Nepal,large_city,21_30,2016,0.040508672776610015
Nepal,large_city,21_30,2017,0.04017589787718703
Nepal,large_city,21_30,2018,0.039899152407702934
Nepal,large_city,21_30,2019,0.03966003642246514
Nepal,large_city,21_30,2020,0.039847907606854645
Nepal,large_city,21_30,2025,0.03912978244343453
Nepal,large_city,21_30,2030,0.038230868968402054
Nepal,large_city,21_30,2035,0.03724929535322638
Nepal,large_city,21_30,2040,0.03620707265093018
Nepal,large_city,21_30,2045,0.035159546771610505
Nepal,large_city,21_30,2050,0.034139138375315466
Nepal,large_city,21_30,2055,0.03315985717335299
Nepal,large_city,21_30,2060,0.03222307492868453
Nepal,large_city,21_30,2065,0.031333171169342235
Nepal,large_city,21_30,2070,0.030494365522972612
Nepal,large_city,21_30,2075,0.029712092231348953
Nepal,large_city,21_30,2080,0.028999149961913728
Nepal,large_city,21_30,2085,0.02834845542759995
Nepal,large_city,21_30,2090,0.02775730621588827
Nepal,large_city,21_30,2095,0.027209974952375447
Nepal,large_city,21_30,2100,0.0267083258157507
Nepal,large_city,31_50,2011,0.0600379215385309
Nepal,large_city,31_50,2012,0.05975781660251408
Nepal,large_city,31_50,2013,0.05954583420804578
Nepal,large_city,31_50,2014,0.05918681646781338
Nepal,large_city,31_50,2015,0.058969222271214615
Nepal,large_city,31_50,2016,0.058999680755741996
Nepal,large_city,31_50,2017,0.05851500398201129
Nepal,large_city,31_50,2018,0.058111932411629263
Nepal,large_city,31_50,2019,0.05776366706928089
Nepal,large_city,31_50,2020,0.05803729587867955
Nepal,large_city,31_50,2025,0.05699136787165494
Nepal,large_city,31_50,2030,0.055682127049413686
Nepal,large_city,31_50,2035,0.05425249418405199
Nepal,large_city,31_50,2040,0.05273452772163637
Nepal,large_city,31_50,2045,0.05120883733913328
Nepal,large_city,31_50,2050,0.049722642766581206
Nepal,large_city,31_50,2055,0.048296348733091014
Nepal,large_city,31_50,2060,0.046931953170741225
Nepal,large_city,31_50,2065,0.045635834732251024
Nepal,large_city,31_50,2070,0.044414139180169225
Nepal,large_city,31_50,2075,0.04327478132650514
Nepal,large_city,31_50,2080,0.042236402050888876
Nepal,large_city,31_50,2085,0.04128868475573755
Nepal,large_city,31_50,2090,0.040427693457347334
Nepal,large_city,31_50,2095,0.03963052170124035
Nepal,large_city,31_50,2100,0.03889988460840172
Nepal,large_city,51+,2011,0.0683410685329549
Nepal,large_city,51+,2012,0.06802222553942355
Nepal,large_city,51+,2013,0.06778092632424602
Nepal,large_city,51+,2014,0.06737225701389984
Nepal,large_city,51+,2015,0.0671245698934757
Nepal,large_city,51+,2016,0.06715924073692188
Nepal,large_city,51+,2017,0.06660753395292529
Nepal,large_city,51+,2018,0.06614871823930195
Nepal,large_city,51+,2019,0.06575228836599582
Nepal,large_city,51+,2020,0.06606375959512062
Nepal,large_city,51+,2025,0.0648731814442309
Nepal,large_city,51+,2030,0.06338287474363154
Nepal,large_city,51+,2035,0.061755525975970664
Nepal,large_city,51+,2040,0.06002762721831472
Nepal,large_city,51+,2045,0.058290936334973634
Nepal,large_city,51+,2050,0.05659920346792388
Nepal,large_city,51+,2055,0.05497565528715715
Nepal,large_city,51+,2060,0.05342256603551201
Nepal,large_city,51+,2065,0.051947196523014175
Nepal,large_city,51+,2070,0.050556542461186856
Nepal,large_city,51+,2075,0.04925961326767961
Nepal,large_city,51+,2080,0.04807762782548625
Nepal,large_city,51+,2085,0.04699884276834137
Nepal,large_city,51+,2090,0.046018777772390426
Nepal,large_city,51+,2095,0.045111358457721455
Nepal,large_city,51+,2100,0.04427967544214007
Nepal,city,No_travel,2011,0.0
Nepal,city,No_travel,2012,0.0
Nepal,city,No_travel,2013,0.0
Nepal,city,No_travel,2014,0.0
Nepal,city,No_travel,2015,0.0
Nepal,city,No_travel,2016,0.0
Nepal,city,No_travel,2017,0.0
Nepal,city,No_travel,2018,0.0
Nepal,city,No_travel,2019,0.0
Nepal,city,No_travel,2020,0.0
Nepal,city,No_travel,2025,0.0
Nepal,city,No_travel,2030,0.0
Nepal,city,No_travel,2035,0.0
Nepal,city,No_travel,2040,0.0
Nepal,city,No_travel,2045,0.0
Nepal,city,No_travel,2050,0.0
Nepal,city,No_travel,2055,0.0
Nepal,city,No_travel,2060,0.0
Nepal,city,No_travel,2065,0.0
Nepal,city,No_travel,2070,0.0
Nepal,city,No_travel,2075,0.0
Nepal,city,No_travel,2080,0.0
Nepal,city,No_travel,2085,0.0
Nepal,city,No_travel,2090,0.0
Nepal,city,No_travel,2095,0.0
Nepal,city,No_travel,2100,0.0
Nepal,city,00_01,2011,0.0195275670690455
Nepal,city,00_01,2012,0.0194364618511387
Nepal,city,00_01,2013,0.019367513754346578
Nepal,city,00_01,2014,0.019250741840500993
Nepal,city,00_01,2015,0.019179968483278916
Nepal,city,00_01,2016,0.019189875223622154
Nepal,city,00_01,2017,0.01903223222127803
Nepal,city,00_01,2018,0.018901131628143587
Nepal,city,00_01,2019,0.018787856973454427
Nepal,city,00_01,2020,0.018876855806036034
Nepal,city,00_01,2025,0.018536663661085476
Nepal,city,00_01,2030,0.01811082800071138
Nepal,city,00_01,2035,0.017645834360907487
Nepal,city,00_01,2040,0.017152109875719253
Nepal,city,00_01,2045,0.016655873155535555
Nepal,city,00_01,2050,0.016172482600875254
Nepal,city,00_01,2055,0.015708574929100102
Nepal,city,00_01,2060,0.015264799975375321
Nepal,city,00_01,2065,0.014843232421262034
Nepal,city,00_01,2070,0.014445871199889285
Nepal,city,00_01,2075,0.014075290634591228
Nepal,city,00_01,2080,0.013737553743838104
Nepal,city,00_01,2085,0.013429305014213364
Nepal,city,00_01,2090,0.013149264251736448
Nepal,city,00_01,2095,0.01288998104315739
Nepal,city,00_01,2100,0.012652338492117676
Nepal,city,02_05,2011,0.0495217408664981
Nepal,city,02_05,2012,0.04929069882337957
Nepal,city,02_05,2013,0.049115847047400255
Nepal,city,02_05,2014,0.048819714485801594
Nepal,city,02_05,2015,0.04864023386518913
Nepal,city,02_05,2016,0.04866535727285046
Nepal,city,02_05,2017,0.04826557598499727
Nepal,city,02_05,2018,0.04793310601689051
Nepal,city,02_05,2019,0.04764584247420625
Nepal,city,02_05,2020,0.047871542742393455
Nepal,city,02_05,2025,0.04700881841081172
Nepal,city,02_05,2030,0.04592890286627939
Nepal,city,02_05,2035,0.044749683025245506
Nepal,city,02_05,2040,0.04349760200929066
Nepal,city,02_05,2045,0.04223914998715766
Nepal,city,02_05,2050,0.04101327572947062
Nepal,city,02_05,2055,0.039836809893946924
Nepal,city,02_05,2060,0.038711400456934296
Nepal,city,02_05,2065,0.03764230879289312
Nepal,city,02_05,2070,0.036634604178916425
Nepal,city,02_05,2075,0.03569481507667125
Nepal,city,02_05,2080,0.034838317248457644
Nepal,city,02_05,2085,0.03405660114132921
Nepal,city,02_05,2090,0.033346420194445066
Nepal,city,02_05,2095,0.032688880224366564
Nepal,city,02_05,2100,0.03208622077427575
Nepal,city,06_10,2011,0.0572198770303753
Nepal,city,06_10,2012,0.05695291958774968
Nepal,city,06_10,2013,0.056750887168351284
Nepal,city,06_10,2014,0.05640872091040318
Nepal,city,06_10,2015,0.056201340094198304
Nepal,city,06_10,2016,0.056230368926218584
Nepal,city,06_10,2017,0.05576844178614342
Nepal,city,06_10,2018,0.055384289485386345
Nepal,city,06_10,2019,0.05505237093203792
Nepal,city,06_10,2020,0.0553131562228097
Nepal,city,06_10,2025,0.05431632171536985
Nepal,city,06_10,2030,0.05306853370186053
Nepal,city,06_10,2035,0.05170600457596333
Nepal,city,06_10,2040,0.050259288032654746
Nepal,city,06_10,2045,0.04880521011263171
Nepal,city,06_10,2050,0.04738877415839795
Nepal,city,06_10,2055,0.04602942714714124
Nepal,city,06_10,2060,0.04472907323251844
Nepal,city,06_10,2065,0.043493791667689206
Nepal,city,06_10,2070,0.042329439746981674
Nepal,city,06_10,2075,0.04124356077899622
Nepal,city,06_10,2080,0.040253920682552825
Nepal,city,06_10,2085,0.039350687097870575
Nepal,city,06_10,2090,0.03853010878743567
Nepal,city,06_10,2095,0.037770354474034665
Nepal,city,06_10,2100,0.03707401183700272
Nepal,city,11_20,2011,0.0736255863590152
Nepal,city,11_20,2012,0.07328208862245451
Nepal,city,11_20,2013,0.07302213078763008
Nepal,city,11_20,2014,0.07258186085555164
Nepal,city,11_20,2015,0.07231502116652908
Nepal,city,11_20,2016,0.07235237295562284
Nepal,city,11_20,2017,0.07175800508368348
Nepal,city,11_20,2018,0.07126371114489381
Nepal,city,11_20,2019,0.07083662707233034
Nepal,city,11_20,2020,0.0711721830179799
Nepal,city,11_20,2025,0.06988954263281795
Nepal,city,11_20,2030,0.06828399699178826
Nepal,city,11_20,2035,0.06653081241622259
Nepal,city,11_20,2040,0.06466930275691594
Nepal,city,11_20,2045,0.06279832111505465
Nepal,city,11_20,2050,0.06097577389750136
Nepal,city,11_20,2055,0.059226683791697377
Nepal,city,11_20,2060,0.05755350089779635
Nepal,city,11_20,2065,0.05596404747270852
Nepal,city,11_20,2070,0.0544658601759265
Nepal,city,11_20,2075,0.05306864508421264
Nepal,city,11_20,2080,0.05179526184456748
Nepal,city,11_20,2085,0.05063305902724783
Nepal,city,11_20,2090,0.04957720986442653
Nepal,city,11_20,2095,0.0485996237577097
Nepal,city,11_20,2100,0.04770363030894637
Nepal,city,21_30,2011,0.0391220097897899
Nepal,city,21_30,2012,0.03893948734783651
Nepal,city,21_30,2013,0.03880135502914307
Nepal,city,21_30,2014,0.038567411295113804
Nepal,city,21_30,2015,0.03842562220462913
Nepal,city,21_30,2016,0.03844546961272266
Nepal,city,21_30,2017,0.03812964373133189
Nepal,city,21_30,2018,0.037866993567595764
Nepal,city,21_30,2019,0.037640056328869846
Nepal,city,21_30,2020,0.037818358786478955
Nepal,city,21_30,2025,0.037136809447633645
Nepal,city,21_30,2030,0.03628367977638007
Nepal,city,21_30,2035,0.03535210004275137
Nepal,city,21_30,2040,0.034362960224426975
Nepal,city,21_30,2045,0.033368787332512855
Nepal,city,21_30,2050,0.0324003507656407
Nepal,city,21_30,2055,0.03147094668716154
Nepal,city,21_30,2060,0.030581876992882773
Nepal,city,21_30,2065,0.02973729815104531
Nepal,city,21_30,2070,0.02894121487361185
Nepal,city,21_30,2075,0.02819878462348212
Nepal,city,21_30,2080,0.027522154201489527
Nepal,city,21_30,2085,0.02690460108924415
Nepal,city,21_30,2090,0.026343560514531243
Nepal,city,21_30,2095,0.025824106135575994
Nepal,city,21_30,2100,0.025348007184007995
Nepal,city,31_50,2011,0.0678243479409768
Nepal,city,31_50,2012,0.06750791569026676
Nepal,city,31_50,2013,0.06726844091646814
Nepal,city,31_50,2014,0.06686286151753977
Nepal,city,31_50,2015,0.06661704713686405
Nepal,city,31_50,2016,0.06665145583722211
Nepal,city,31_50,2017,0.06610392045794812
Nepal,city,31_50,2018,0.06564857380812844
Nepal,city,31_50,2019,0.06525514130497193
Nepal,city,31_50,2020,0.06556425752851439
Nepal,city,31_50,2025,0.06438268123053874
Nepal,city,31_50,2030,0.0629036426031067
Nepal,city,31_50,2035,0.061288598071195015
Nepal,city,31_50,2040,0.05957376379860054
Nepal,city,31_50,2045,0.05785020387678211
Nepal,city,31_50,2050,0.056171262047790375
Nepal,city,31_50,2055,0.054559989366881625
Nepal,city,31_50,2060,0.05301864288155156
Nepal,city,31_50,2065,0.051554428503502885
Nepal,city,31_50,2070,0.050174289050321424
Nepal,city,31_50,2075,0.048887165820270834
Nepal,city,31_50,2080,0.04771411726230405
Nepal,city,31_50,2085,0.04664348880067796
Nepal,city,31_50,2090,0.045670833986858436
Nepal,city,31_50,2095,0.04477027558694414
Nepal,city,31_50,2100,0.04394488085086108
Nepal,city,51+,2011,0.0385852189262921
Nepal,city,51+,2012,0.03840520086434757
Nepal,city,51+,2013,0.03826896385131524
Nepal,city,51+,2014,0.03803823004590861
Nepal,city,51+,2015,0.037898386435442084
Nepal,city,51+,2016,0.03791796151838193
Nepal,city,51+,2017,0.03760646906588445
Nepal,city,51+,2018,0.0373474227100546
Nepal,city,51+,2019,0.037123599264229146
Nepal,city,51+,2020,0.03729945524399374
Nepal,city,51+,2025,0.03662725740472835
Nepal,city,51+,2030,0.035785833477002996
Nepal,city,51+,2035,0.034867035895730945
Nepal,city,51+,2040,0.033891468008400163
Nepal,city,51+,2045,0.032910936105995124
Nepal,city,51+,2050,0.031955787401985014
Nepal,city,51+,2055,0.031039135623822375
Nepal,city,51+,2060,0.030162264804076532
Nepal,city,51+,2065,0.029329274380324896
Nepal,city,51+,2070,0.02854411411610588
Nepal,city,51+,2075,0.027811870709065132
Nepal,city,51+,2080,0.02714452429447507
Nepal,city,51+,2085,0.026535444593236927
Nepal,city,51+,2090,0.025982102024229136
Nepal,city,51+,2095,0.02546977504916048
Nepal,city,51+,2100,0.025000208624134337
Nepal,town,No_travel,2011,0.0
Nepal,town,No_travel,2012,0.0
Nepal,town,No_travel,2013,0.0
Nepal,town,No_travel,2014,0.0
Nepal,town,No_travel,2015,0.0
Nepal,town,No_travel,2016,0.0
Nepal,town,No_travel,2017,0.0
Nepal,town,No_travel,2018,0.0
Nepal,town,No_travel,2019,0.0
Nepal,town,No_travel,2020,0.0
Nepal,town,No_travel,2025,0.0
Nepal,town,No_travel,2030,0.0
Nepal,town,No_travel,2035,0.0
Nepal,town,No_travel,2040,0.0
Nepal,town,No_travel,2045,0.0
Nepal,town,No_travel,2050,0.0
Nepal,town,No_travel,2055,0.0
Nepal,town,No_travel,2060,0.0
Nepal,town,No_travel,2065,0.0
Nepal,town,No_travel,2070,0.0
Nepal,town,No_travel,2075,0.0
Nepal,town,No_travel,2080,0.0
Nepal,town,No_travel,2085,0.0
Nepal,town,No_travel,2090,0.0
Nepal,town,No_travel,2095,0.0
Nepal,town,No_travel,2100,0.0
Nepal,town,00_01,2011,0.0129968328827312
Nepal,town,00_01,2012,0.01293619658903968
Nepal,town,00_01,2013,0.012890307263020666
Nepal,town,00_01,2014,0.012812588157292769
Nepal,town,00_01,2015,0.012765484004834203
Nepal,town,00_01,2016,0.012772077568087549
Nepal,town,00_01,2017,0.012667156163933399
Nepal,town,00_01,2018,0.012579900414470567
Nepal,town,00_01,2019,0.012504508956249548
Nepal,town,00_01,2020,0.012563743317075524
Nepal,town,00_01,2025,0.012337323894711897
Nepal,town,00_01,2030,0.012053903287637772
Nepal,town,00_01,2035,0.011744420564741686
Nepal,town,00_01,2040,0.011415815644250808
Nepal,town,00_01,2045,0.011085538672229766
Nepal,town,00_01,2050,0.010763811637121048
Nepal,town,00_01,2055,0.0104550516947401
Nepal,town,00_01,2060,0.010159691351554007
Nepal,town,00_01,2065,0.009879111439565002
Nepal,town,00_01,2070,0.009614642375395404
Nepal,town,00_01,2075,0.009367997534297831
Nepal,town,00_01,2080,0.00914321223913376
Nepal,town,00_01,2085,0.008938053183165259
Nepal,town,00_01,2090,0.008751668316202771
Nepal,town,00_01,2095,0.008579098916272654
Nepal,town,00_01,2100,0.00842093274478962
Nepal,town,02_05,2011,0.0454311662241691
Nepal,town,02_05,2012,0.045219208621669095
Nepal,town,02_05,2013,0.045058799880778454
Nepal,town,02_05,2014,0.04478712834025959
Nepal,town,02_05,2015,0.04462247310467238
Nepal,town,02_05,2016,0.04464552127886028
Nepal,town,02_05,2017,0.04427876256190133
Nepal,town,02_05,2018,0.043973755142507065
Nepal,town,02_05,2019,0.04371022002581933
Nepal,town,02_05,2020,0.04391727709250232
Nepal,town,02_05,2025,0.043125815164308266
Nepal,town,02_05,2030,0.04213510236315746
Nepal,town,02_05,2035,0.041053287958504915
Nepal,town,02_05,2040,0.03990463082798684
Nepal,town,02_05,2045,0.03875012894654463
Nepal,town,02_05,2050,0.03762551385433597
Nepal,town,02_05,2055,0.03654622596995363
Nepal,town,02_05,2060,0.03551377714427517
Nepal,town,02_05,2065,0.03453299415385355
Nepal,town,02_05,2070,0.03360852754542282
Nepal,town,02_05,2075,0.03274636651932191
Nepal,town,02_05,2080,0.031960616775404155
Nepal,town,02_05,2085,0.031243471663345145
Nepal,town,02_05,2090,0.030591952793398502
Nepal,town,02_05,2095,0.029988726671760255
Nepal,town,02_05,2100,0.02943584785177991
Nepal,town,06_10,2011,0.0569320146292085
Nepal,town,06_10,2012,0.05666640019908888
Nepal,town,06_10,2013,0.05646538416665914
Nepal,town,06_10,2014,0.056124939282571354
Nepal,town,06_10,2015,0.055918601760109966
Nepal,town,06_10,2016,0.0559474845535555
Nepal,town,06_10,2017,0.05548788128173395
Nepal,town,06_10,2018,0.05510566157869376
Nepal,town,06_10,2019,0.05477541284493806
Nepal,town,06_10,2020,0.05503488617413484
Nepal,town,06_10,2025,0.054043066552950776
Nepal,town,06_10,2030,0.05280155592541915
Nepal,town,06_10,2035,0.05144588142637884
Nepal,town,06_10,2040,0.050006443040933886
Nepal,town,06_10,2045,0.04855968031247128
Nepal,town,06_10,2050,0.04715037018017293
Nepal,town,06_10,2055,0.045797861787154975
Nepal,town,06_10,2060,0.04450404970763664
Nepal,town,06_10,2065,0.04327498261120236
Nepal,town,06_10,2070,0.04211648832523809
Nepal,town,06_10,2075,0.04103607220938241
Nepal,town,06_10,2080,0.04005141080547101
Nepal,town,06_10,2085,0.0391527212184692
Nepal,town,06_10,2090,0.038336271082631074
Nepal,town,06_10,2095,0.037580338949778205
Nepal,town,06_10,2100,0.03688749948111946
Nepal,town,11_20,2011,0.0621547171877937
Nepal,town,11_20,2012,0.061864736411729404
Nepal,town,11_20,2013,0.061645280017515076
Nepal,town,11_20,2014,0.061273604157696636
Nepal,town,11_20,2015,0.06104833810243152
Nepal,town,11_20,2016,0.06107987048135562
Nepal,town,11_20,2017,0.06057810514660147
Nepal,town,11_20,2018,0.06016082222238404
Nepal,town,11_20,2019,0.059800277864663715
Nepal,town,11_20,2020,0.060083554181144645
Nepal,town,11_20,2025,0.0590007492170573
Nepal,town,11_20,2030,0.05764534764831888
Nepal,town,11_20,2035,0.05616530929669299
Nepal,town,11_20,2040,0.05459382291351686
Nepal,town,11_20,2045,0.05301434028303043
Nepal,town,11_20,2050,0.05147574599169201
Nepal,town,11_20,2055,0.0499991641912823
Nepal,town,11_20,2060,0.04858666325625731
Nepal,town,11_20,2065,0.04724484673560141
Nepal,town,11_20,2070,0.045980077076969966
Nepal,town,11_20,2075,0.04480054814999446
Nepal,town,11_20,2080,0.04372555806779825
Nepal,town,11_20,2085,0.04274442649387612
Nepal,town,11_20,2090,0.04185307867101303
Nepal,town,11_20,2095,0.04102780051711945
Nepal,town,11_20,2100,0.04027140288194895
Nepal,town,21_30,2011,0.0318021562733665
Nepal,town,21_30,2012,0.031653784365747555
Nepal,town,21_30,2013,0.031541497046944277
Nepal,town,21_30,2014,0.03135132493593184
Nepal,town,21_30,2015,0.031236065039068645
Nepal,town,21_30,2016,0.03125219893344685
Nepal,town,21_30,2017,0.03099546508748313
Nepal,town,21_30,2018,0.03078195761183853
Nepal,town,21_30,2019,0.03059748105838469
Nepal,town,21_30,2020,0.03074242255426586
Nepal,town,21_30,2025,0.03018839328280382
Nepal,town,21_30,2030,0.029494886909474997
Nepal,town,21_30,2035,0.028737608732071825
Nepal,town,21_30,2040,0.02793354014644483
Nepal,town,21_30,2045,0.02712538019144045
Nepal,town,21_30,2050,0.026338141212512822
Nepal,town,21_30,2055,0.025582631618202255
Nepal,town,21_30,2060,0.024859909715434704
Nepal,town,21_30,2065,0.024173354283911253
Nepal,town,21_30,2070,0.023526220741141166
Nepal,town,21_30,2075,0.022922701572172955
Nepal,town,21_30,2080,0.02237267087244295
Nepal,town,21_30,2085,0.02187066392831461
Nepal,town,21_30,2090,0.021414595844681146
Nepal,town,21_30,2095,0.02099233304619039
Nepal,town,21_30,2100,0.02060531373555919
Nepal,town,31_50,2011,0.0457355874252065
Nepal,town,31_50,2012,0.0455222095556677
Nepal,town,31_50,2013,0.045360725961859624
Nepal,town,31_50,2014,0.04508723402834788
Nepal,town,31_50,2015,0.04492147548530149
Nepal,town,31_50,2016,0.04494467809868723
Nepal,town,31_50,2017,0.04457546183686674
Nepal,town,31_50,2018,0.04426841065032639
Nepal,town,31_50,2019,0.04400310966048581
Nepal,town,31_50,2020,0.044211554157124085
Nepal,town,31_50,2025,0.043414788869787384
Nepal,town,31_50,2030,0.04241743758660155
Nepal,town,31_50,2035,0.04132837425422527
Nepal,town,31_50,2040,0.04017202030206879
Nepal,town,31_50,2045,0.039009782434990314
Nepal,town,31_50,2050,0.0378776316199392
Nepal,town,31_50,2055,0.03679111173732007
Nepal,town,31_50,2060,0.03575174476848913
Nepal,town,31_50,2065,0.03476438983284321
Nepal,town,31_50,2070,0.03383372863909479
Nepal,town,31_50,2075,0.03296579051949471
Nepal,town,31_50,2080,0.03217477569214111
Nepal,town,31_50,2085,0.031452825196587125
Nepal,town,31_50,2090,0.030796940685751825
Nepal,town,31_50,2095,0.03018967251906591
Nepal,town,31_50,2100,0.029633089016850994
Nepal,town,51+,2011,0.0299585707997298
Nepal,town,51+,2012,0.029818800079125685
Nepal,town,51+,2013,0.02971302210730001
Nepal,town,51+,2014,0.029533874360118114
Nepal,town,51+,2015,0.029425296131935598
Nepal,town,51+,2016,0.029440494737113503
Nepal,town,51+,2017,0.029198643869050436
Nepal,town,51+,2018,0.028997513518944987
Nepal,town,51+,2019,0.028823731155257732
Nepal,town,51+,2020,0.02896027032665384
Nepal,town,51+,2025,0.028438358384219965
Nepal,town,51+,2030,0.027785054890996294
Nepal,town,51+,2035,0.027071676474205636
Nepal,town,51+,2040,0.026314220110452133
Nepal,town,51+,2045,0.0255529095558662
Nepal,town,51+,2050,0.02481130717885185
Nepal,town,51+,2055,0.024099594819586963
Nepal,town,51+,2060,0.02341876943446332
Nepal,town,51+,2065,0.022772013933784904
Nepal,town,51+,2070,0.0221623950170263
Nepal,town,51+,2075,0.021593862128969576
Nepal,town,51+,2080,0.021075716959244515
Nepal,town,51+,2085,0.02060281158615131
Nepal,town,51+,2090,0.020173181976901423
Nepal,town,51+,2095,0.01977539794502835
Nepal,town,51+,2100,0.01941081431998285
Nepal,rural,No_travel,2011,0.0
Nepal,rural,No_travel,2012,0.0
Nepal,rural,No_travel,2013,0.0
Nepal,rural,No_travel,2014,0.0
Nepal,rural,No_travel,2015,0.0
Nepal,rural,No_travel,2016,0.0
Nepal,rural,No_travel,2017,0.0
Nepal,rural,No_travel,2018,0.0
Nepal,rural,No_travel,2019,0.0
Nepal,rural,No_travel,2020,0.0
Nepal,rural,No_travel,2025,0.0
Nepal,rural,No_travel,2030,0.0
Nepal,rural,No_travel,2035,0.0
Nepal,rural,No_travel,2040,0.0
Nepal,rural,No_travel,2045,0.0
Nepal,rural,No_travel,2050,0.0
Nepal,rural,No_travel,2055,0.0
Nepal,rural,No_travel,2060,0.0
Nepal,rural,No_travel,2065,0.0
Nepal,rural,No_travel,2070,0.0
Nepal,rural,No_travel,2075,0.0
Nepal,rural,No_travel,2080,0.0
Nepal,rural,No_travel,2085,0.0
Nepal,rural,No_travel,2090,0.0
Nepal,rural,No_travel,2095,0.0
Nepal,rural,No_travel,2100,0.0
Nepal,rural,00_01,2011,0.00937229078988372
Nepal,rural,00_01,2012,0.009328564677374201
Nepal,rural,00_01,2013,0.009295472914828462
Nepal,rural,00_01,2014,0.009239428025632464
Nepal,rural,00_01,2015,0.009205460226074214
Nepal,rural,00_01,2016,0.009210214983845545
Nepal,rural,00_01,2017,0.009134553942521993
Nepal,rural,00_01,2018,0.009071631978037746
Nepal,rural,00_01,2019,0.009017265604637685
Nepal,rural,00_01,2020,0.00905998075373771
Nepal,rural,00_01,2025,0.008896704924463256
Nepal,rural,00_01,2030,0.008692324336568379
Nepal,rural,00_01,2035,0.008469149806311775
Nepal,rural,00_01,2040,0.008232185855354216
Nepal,rural,00_01,2045,0.007994016152711012
Nepal,rural,00_01,2050,0.00776201199021905
Nepal,rural,00_01,2055,0.007539358672262878
Nepal,rural,00_01,2060,0.00732636808839394
Nepal,rural,00_01,2065,0.007124035985743382
Nepal,rural,00_01,2070,0.006933321755846704
Nepal,rural,00_01,2075,0.006755460949798904
Nepal,rural,00_01,2080,0.006593363524174024
Nepal,rural,00_01,2085,0.006445418994297855
Nepal,rural,00_01,2090,0.006311012928776519
Nepal,rural,00_01,2095,0.006186569488426539
Nepal,rural,00_01,2100,0.006072512520422338
Nepal,rural,02_05,2011,0.0357129319501618
Nepal,rural,02_05,2012,0.035546314448047685
Nepal,rural,02_05,2013,0.03542021892984391
Nepal,rural,02_05,2014,0.035206660968521215
Nepal,rural,02_05,2015,0.03507722732830276
Nepal,rural,02_05,2016,0.035095345240404925
Nepal,rural,02_05,2017,0.034807040312544286
Nepal,rural,02_05,2018,0.034567277389458084
Nepal,rural,02_05,2019,0.03436011537996205
Nepal,rural,02_05,2020,0.03452288062564742
Nepal,rural,02_05,2025,0.033900721250665296
Nepal,rural,02_05,2030,0.03312193299163024
Nepal,rural,02_05,2035,0.0322715307803943
Nepal,rural,02_05,2040,0.031368584249507385
Nepal,rural,02_05,2045,0.03046104322525023
Nepal,rural,02_05,2050,0.02957699587194222
Nepal,rural,02_05,2055,0.028728579730049855
Nepal,rural,02_05,2060,0.027916983248648858
Nepal,rural,02_05,2065,0.027146000702834978
Nepal,rural,02_05,2070,0.02641928783541315
Nepal,rural,02_05,2075,0.02574155268982397
Nepal,rural,02_05,2080,0.025123883599052023
Nepal,rural,02_05,2085,0.024560143842538143
Nepal,rural,02_05,2090,0.024047992141394435
Nepal,rural,02_05,2095,0.023573802829891227
Nepal,rural,02_05,2100,0.023139190969451252
Nepal,rural,06_10,2011,0.0564972292407587
Nepal,rural,06_10,2012,0.056233643287479915
Nepal,rural,06_10,2013,0.0560341623989286
Nepal,rural,06_10,2014,0.055696317466065765
Nepal,rural,06_10,2015,0.05549155572729022
Nepal,rural,06_10,2016,0.05552021794507812
Nepal,rural,06_10,2017,0.05506412462786423
Nepal,rural,06_10,2018,0.05468482390710742
Nepal,rural,06_10,2019,0.05435709725736589
Nepal,rural,06_10,2020,0.05461458900883418
Nepal,rural,06_10,2025,0.05363034383731745
Nepal,rural,06_10,2030,0.05239831453033932
Nepal,rural,06_10,2035,0.05105299321250146
Nepal,rural,06_10,2040,0.049624547706575026
Nepal,rural,06_10,2045,0.04818883379307156
Nepal,rural,06_10,2050,0.046790286453154764
Nepal,rural,06_10,2055,0.045448107062032665
Nepal,rural,06_10,2060,0.04416417572520784
Nepal,rural,06_10,2065,0.042944494919043355
Nepal,rural,06_10,2070,0.041794847964258565
Nepal,rural,06_10,2075,0.040722682902641506
Nepal,rural,06_10,2080,0.03974554128164627
Nepal,rural,06_10,2085,0.03885371491745021
Nepal,rural,06_10,2090,0.03804349994809569
Nepal,rural,06_10,2095,0.0372933408104225
Nepal,rural,06_10,2100,0.03660579250315118
Nepal,rural,11_20,2011,0.0790926871290141
Nepal,rural,11_20,2012,0.07872368281474161
Nepal,rural,11_20,2013,0.07844442169488788
Nepal,rural,11_20,2014,0.07797145932253555
Nepal,rural,11_20,2015,0.07768480533332923
Nepal,rural,11_20,2016,0.07772493069619014
Nepal,rural,11_20,2017,0.07708642777268736
Nepal,rural,11_20,2018,0.0765554298168976
Nepal,rural,11_20,2019,0.0760966324259426
Nepal,rural,11_20,2020,0.07645710522807589
Nepal,rural,11_20,2025,0.07507922180874432
Nepal,rural,11_20,2030,0.0733544556596763
Nepal,rural,11_20,2035,0.07147108758110549
Nepal,rural,11_20,2040,0.06947135069136116
Nepal,rural,11_20,2045,0.06746143847277081
Nepal,rural,11_20,2050,0.06550355719827897
Nepal,rural,11_20,2055,0.06362458762614912
Nepal,rural,11_20,2060,0.061827161789815135
Nepal,rural,11_20,2065,0.06011968279136478
Nepal,rural,11_20,2070,0.058510246928304456
Nepal,rural,11_20,2075,0.05700928100645779
Nepal,rural,11_20,2080,0.05564134212611428
Nepal,rural,11_20,2085,0.05439283941996957
Nepal,rural,11_20,2090,0.05325858770639756
Nepal,rural,11_20,2095,0.05220841050708542
Nepal,rural,11_20,2100,0.05124588466495327
Nepal,rural,21_30,2011,0.0462193616190824
Nepal,rural,21_30,2012,0.0460037267170523
Nepal,rural,21_30,2013,0.045840535009282715
Nepal,rural,21_30,2014,0.045564150178858204
Nepal,rural,21_30,2015,0.04539663830301224
Nepal,rural,21_30,2016,0.04542008634509406
Nepal,rural,21_30,2017,0.04504696464968272
Nepal,rural,21_30,2018,0.04473666558881496
Nepal,rural,21_30,2019,0.044468558342846055
Nepal,rural,21_30,2020,0.04467920768857463
Nepal,rural,21_30,2025,0.0438740145115728
Nepal,rural,21_30,2030,0.042866113613957646
Nepal,rural,21_30,2035,0.04176553057088427
Nepal,rural,21_30,2040,0.04059694513264587
Nepal,rural,21_30,2045,0.03942241354160119
Nepal,rural,21_30,2050,0.038278287252335536
Nepal,rural,21_30,2055,0.03718027456269378
Nepal,rural,21_30,2060,0.036129913552990195
Nepal,rural,21_30,2065,0.03513211474059638
Nepal,rural,21_30,2070,0.034191609355614744
Nepal,rural,21_30,2075,0.03331449050635135
Nepal,rural,21_30,2080,0.032515108615579734
Nepal,rural,21_30,2085,0.03178552159366482
Nepal,rural,21_30,2090,0.031122699378114918
Nepal,rural,21_30,2095,0.030509007752491577
Nepal,rural,21_30,2100,0.02994653691504676
Nepal,rural,31_50,2011,0.0461113884100324
Nepal,rural,31_50,2012,0.04589625725343582
Nepal,rural,31_50,2013,0.04573344677837393
Nepal,rural,31_50,2014,0.04545770761149881
Nepal,rural,31_50,2015,0.04529058706071999
Nepal,rural,31_50,2016,0.04531398032575036
Nepal,rural,31_50,2017,0.04494173028121018
Nepal,rural,31_50,2018,0.04463215611104176
Nepal,rural,31_50,2019,0.044364675191328834
Nepal,rural,31_50,2020,0.04457483243839907
Nepal,rural,31_50,2025,0.04377152027593704
Nepal,rural,31_50,2030,0.0427659739390624
Nepal,rural,31_50,2035,0.04166796197180712
Nepal,rural,31_50,2040,0.040502106470015176
Nepal,rural,31_50,2045,0.039330318706244885
Nepal,rural,31_50,2050,0.038188865214323964
Nepal,rural,31_50,2055,0.03709341759588885
Nepal,rural,31_50,2060,0.03604551033813911
Nepal,rural,31_50,2065,0.035050042486969905
Nepal,rural,31_50,2070,0.034111734219840796
Nepal,rural,31_50,2075,0.03323666441092663
Nepal,rural,31_50,2080,0.032439149958929145
Nepal,rural,31_50,2085,0.031711267327756074
Nepal,rural,31_50,2090,0.03104999353345509
Nepal,rural,31_50,2095,0.030437735554941194
Nepal,rural,31_50,2100,0.029876578707547053
Nepal,rural,51+,2011,0.0228571795411535
Nepal,rural,51+,2012,0.02275054012644973
Nepal,rural,51+,2013,0.022669835806150833
Nepal,rural,51+,2014,0.02253315331054371
Nepal,rural,51+,2015,0.022450312507742445
Nepal,rural,51+,2016,0.02246190842964569
Nepal,rural,51+,2017,0.022277385985285586
Nepal,rural,51+,2018,0.02212393165149017
Nepal,rural,51+,2019,0.02199134272679015
Nepal,rural,51+,2020,0.022095516599965344
Nepal,rural,51+,2025,0.021697318867081813
Nepal,rural,51+,2030,0.021198874687641485
Nepal,rural,51+,2035,0.020654595767850194
Nepal,rural,51+,2040,0.020076687154764444
Nepal,rural,51+,2045,0.01949583794973819
Nepal,rural,51+,2050,0.0189300252882171
Nepal,rural,51+,2055,0.018387017503028555
Nepal,rural,51+,2060,0.017867575231634004
Nepal,rural,51+,2065,0.0173741269060427
Nepal,rural,51+,2070,0.016909012294094635
Nepal,rural,51+,2075,0.016475244662646736
Nepal,rural,51+,2080,0.016079920825206068
Nepal,rural,51+,2085,0.01571911312543205
Nepal,rural,51+,2090,0.01539132308563119
Nepal,rural,51+,2095,0.015087829935176603
Nepal,rural,51+,2100,0.014809667354219814
Pakistan,large_city,No_travel,2011,0.0
Pakistan,large_city,No_travel,2012,0.0
Pakistan,large_city,No_travel,2013,0.0
Pakistan,large_city,No_travel,2014,0.0
Pakistan,large_city,No_travel,2015,0.0
Pakistan,large_city,No_travel,2016,0.0
Pakistan,large_city,No_travel,2017,0.0
Pakistan,large_city,No_travel,2018,0.0
Pakistan,large_city,No_travel,2019,0.0
Pakistan,large_city,No_travel,2020,0.0
Pakistan,large_city,No_travel,2025,0.0
Pakistan,large_city,No_travel,2030,0.0
Pakistan,large_city,No_travel,2035,0.0
Pakistan,large_city,No_travel,2040,0.0
Pakistan,large_city,No_travel,2045,0.0
Pakistan,large_city,No_travel,2050,0.0
Pakistan,large_city,No_travel,2055,0.0
Pakistan,large_city,No_travel,2060,0.0
Pakistan,large_city,No_travel,2065,0.0
Pakistan,large_city,No_travel,2070,0.0
Pakistan,large_city,No_travel,2075,0.0
Pakistan,large_city,No_travel,2080,0.0
Pakistan,large_city,No_travel,2085,0.0
Pakistan,large_city,No_travel,2090,0.0
Pakistan,large_city,No_travel,2095,0.0
Pakistan,large_city,No_travel,2100,0.0
Pakistan,large_city,00_01,2011,0.0204991553484746
Pakistan,large_city,00_01,2012,0.020454532077653645
Pakistan,large_city,00_01,2013,0.02037952997859442
Pakistan,large_city,00_01,2014,0.02029385146453584
Pakistan,large_city,00_01,2015,0.020203783721629672
Pakistan,large_city,00_01,2016,0.020090673961641915
Pakistan,large_city,00_01,2017,0.020009323077061332
Pakistan,large_city,00_01,2018,0.019889442170538528
Pakistan,large_city,00_01,2019,0.019866205934649734
Pakistan,large_city,00_01,2020,0.019947792828208813
Pakistan,large_city,00_01,2025,0.019548857797286913
Pakistan,large_city,00_01,2030,0.01914858040832103
Pakistan,large_city,00_01,2035,0.01874766682759572
Pakistan,large_city,00_01,2040,0.01832307574574782
Pakistan,large_city,00_01,2045,0.01788127960440091
Pakistan,large_city,00_01,2050,0.017436614504888676
Pakistan,large_city,00_01,2055,0.016997504012713417
Pakistan,large_city,00_01,2060,0.01657246897242455
Pakistan,large_city,00_01,2065,0.0161586425739941
Pakistan,large_city,00_01,2070,0.015760007746149843
Pakistan,large_city,00_01,2075,0.015377314654729397
Pakistan,large_city,00_01,2080,0.015017001632619306
Pakistan,large_city,00_01,2085,0.014682012979136613
Pakistan,large_city,00_01,2090,0.01437439794463469
Pakistan,large_city,00_01,2095,0.014091846818982708
Pakistan,large_city,00_01,2100,0.013830908449977768
Pakistan,large_city,02_05,2011,0.0599141683583879
Pakistan,large_city,02_05,2012,0.059783745123126765
Pakistan,large_city,02_05,2013,0.05956453177926568
Pakistan,large_city,02_05,2014,0.059314113806976675
Pakistan,large_city,02_05,2015,0.05905086715996096
Pakistan,large_city,02_05,2016,0.05872027416294816
Pakistan,large_city,02_05,2017,0.058482504825040894
Pakistan,large_city,02_05,2018,0.05813212137292965
Pakistan,large_city,02_05,2019,0.058064207367430884
Pakistan,large_city,02_05,2020,0.0583026665035972
Pakistan,large_city,02_05,2025,0.05713667404193745
Pakistan,large_city,02_05,2030,0.05596675818614381
Pakistan,large_city,02_05,2035,0.05479498289275213
Pakistan,large_city,02_05,2040,0.05355400388025841
Pakistan,large_city,02_05,2045,0.052262738560162454
Pakistan,large_city,02_05,2050,0.05096308795591168
Pakistan,large_city,02_05,2055,0.04967967215126582
Pakistan,large_city,02_05,2060,0.04843739555356316
Pakistan,large_city,02_05,2065,0.04722787915714479
Pakistan,large_city,02_05,2070,0.04606276411786806
Pakistan,large_city,02_05,2075,0.04494424299252508
Pakistan,large_city,02_05,2080,0.043891133500868394
Pakistan,large_city,02_05,2085,0.042912041131367165
Pakistan,large_city,02_05,2090,0.04201295535668958
Pakistan,large_city,02_05,2095,0.04118712544202314
Pakistan,large_city,02_05,2100,0.040424464488146884
Pakistan,large_city,06_10,2011,0.0468854192381946
Pakistan,large_city,06_10,2012,0.04678335743493227
Pakistan,large_city,06_10,2013,0.0466118135445447
Pakistan,large_city,06_10,2014,0.046415850687390146
Pakistan,large_city,06_10,2015,0.04620984883930387
Pakistan,large_city,06_10,2016,0.04595114556949562
Pakistan,large_city,06_10,2017,0.04576508081394254
Pakistan,large_city,06_10,2018,0.04549089065998604
Pakistan,large_city,06_10,2019,0.0454377450233662
Pakistan,large_city,06_10,2020,0.04562434957578958
Pakistan,large_city,06_10,2025,0.04471191021642996
Pakistan,large_city,06_10,2030,0.04379640063204936
Pakistan,large_city,06_10,2035,0.042879435957600444
Pakistan,large_city,06_10,2040,0.04190831639004621
Pakistan,large_city,06_10,2045,0.040897845619287956
Pakistan,large_city,06_10,2050,0.03988081300224522
Pakistan,large_city,06_10,2055,0.03887648481566659
Pakistan,large_city,06_10,2060,0.03790434983175618
Pakistan,large_city,06_10,2065,0.03695785111742317
Pakistan,large_city,06_10,2070,0.03604609837889806
Pakistan,large_city,06_10,2075,0.03517080738637707
Pakistan,large_city,06_10,2080,0.0343467038166722
Pakistan,large_city,06_10,2085,0.033580521835435445
Pakistan,large_city,06_10,2090,0.03287694846319562
Pakistan,large_city,06_10,2095,0.03223070095898307
Pakistan,large_city,06_10,2100,0.03163388588937886
Pakistan,large_city,11_20,2011,0.0406330553046253
Pakistan,large_city,11_20,2012,0.040544603863562574
Pakistan,large_city,11_20,2013,0.04039593605812233
Pakistan,large_city,11_20,2014,0.04022610565579702
Pakistan,large_city,11_20,2015,0.04004757500336497
Pakistan,large_city,11_20,2016,0.03982337088105135
Pakistan,large_city,11_20,2017,0.0396621186276755
Pakistan,large_city,11_20,2018,0.03942449286105716
Pakistan,large_city,11_20,2019,0.039378434414165546
Pakistan,large_city,11_20,2020,0.0395401544802738
Pakistan,large_city,11_20,2025,0.03874939267088011
Pakistan,large_city,11_20,2030,0.037955970063628545
Pakistan,large_city,11_20,2035,0.037161286408567654
Pakistan,large_city,11_20,2040,0.03631966963864253
Pakistan,large_city,11_20,2045,0.0354439493106801
Pakistan,large_city,11_20,2050,0.03456254218568546
Pakistan,large_city,11_20,2055,0.033692145302980425
Pakistan,large_city,11_20,2060,0.03284964852665612
Pakistan,large_city,11_20,2065,0.03202936931767936
Pakistan,large_city,11_20,2070,0.0312392025654014
Pakistan,large_city,11_20,2075,0.030480635234989804
Pakistan,large_city,11_20,2080,0.02976642927354928
Pakistan,large_city,11_20,2085,0.02910242081798152
Pakistan,large_city,11_20,2090,0.028492671855306285
Pakistan,large_city,11_20,2095,0.027932604119839544
Pakistan,large_city,11_20,2100,0.027415376800048272
Pakistan,large_city,21_30,2011,0.0412215199580625
Pakistan,large_city,21_30,2012,0.04113178752677592
Pakistan,large_city,21_30,2013,0.0409809666529053
Pakistan,large_city,21_30,2014,0.040808676696699575
Pakistan,large_city,21_30,2015,0.04062756048977935
Pakistan,large_city,21_30,2016,0.04040010935096285
Pakistan,large_city,21_30,2017,0.04023652177599508
Pakistan,large_city,21_30,2018,0.039995454615089444
Pakistan,large_city,21_30,2019,0.03994872913078741
Pakistan,large_city,21_30,2020,0.04011279129354438
Pakistan,large_city,21_30,2025,0.03931057734572232
Pakistan,large_city,21_30,2030,0.038505664065271186
Pakistan,large_city,21_30,2035,0.03769947147399662
Pakistan,large_city,21_30,2040,0.03684566606314533
Pakistan,large_city,21_30,2045,0.0359572631924738
Pakistan,large_city,21_30,2050,0.03506309116623167
Pakistan,large_city,21_30,2055,0.03418008883714576
Pakistan,large_city,21_30,2060,0.033325390675279926
Pakistan,large_city,21_30,2065,0.03249323184472873
Pakistan,large_city,21_30,2070,0.0316916215718848
Pakistan,large_city,21_30,2075,0.03092206835675809
Pakistan,large_city,21_30,2080,0.030197518970230992
Pakistan,large_city,21_30,2085,0.02952389407054512
Pakistan,large_city,21_30,2090,0.028905314472090365
Pakistan,large_city,21_30,2095,0.028337135604852164
Pakistan,large_city,21_30,2100,0.027812417585845503
Pakistan,large_city,31_50,2011,0.0600379215385309
Pakistan,large_city,31_50,2012,0.059907228913064235
Pakistan,large_city,31_50,2013,0.05968756278233861
Pakistan,large_city,31_50,2014,0.05943662756978266
Pakistan,large_city,31_50,2015,0.059172837184772696
Pakistan,large_city,31_50,2016,0.0588415613453566
Pakistan,large_city,31_50,2017,0.058603300893034956
Pakistan,large_city,31_50,2018,0.05825219372118168
Pakistan,large_city,31_50,2019,0.05818413943877701
Pakistan,large_city,31_50,2020,0.05842309111414138
Pakistan,large_city,31_50,2025,0.05725469028599492
Pakistan,large_city,31_50,2030,0.05608235795991351
Pakistan,large_city,31_50,2035,0.054908162355551265
Pakistan,large_city,31_50,2040,0.053664620091267615
Pakistan,large_city,31_50,2045,0.052370687652622774
Pakistan,large_city,31_50,2050,0.05106835260995354
Pakistan,large_city,31_50,2055,0.04978228589999392
Pakistan,large_city,31_50,2060,0.04853744337032901
Pakistan,large_city,31_50,2065,0.0473254287083986
Pakistan,large_city,31_50,2070,0.046157907114957916
Pakistan,large_city,31_50,2075,0.04503707567554213
Pakistan,large_city,31_50,2080,0.043981790978050134
Pakistan,large_city,31_50,2085,0.04300067628565435
Pakistan,large_city,31_50,2090,0.04209973344232528
Pakistan,large_city,31_50,2095,0.041272197769555256
Pakistan,large_city,31_50,2100,0.040507961533554605
Pakistan,large_city,51+,2011,0.0683410685329549
Pakistan,large_city,51+,2012,0.06819230132974588
Pakistan,large_city,51+,2013,0.06794225573007177
Pakistan,large_city,51+,2014,0.06765661658535868
Pakistan,large_city,51+,2015,0.06735634441872929
Pakistan,large_city,51+,2016,0.06697925366900508
Pakistan,large_city,51+,2017,0.06670804218327174
Pakistan,large_city,51+,2018,0.06630837746005781
Pakistan,large_city,51+,2019,0.06623091138097655
Pakistan,large_city,51+,2020,0.06650290968477626
Pakistan,large_city,51+,2025,0.06517292092060706
Pakistan,large_city,51+,2030,0.06383845693872671
Pakistan,large_city,51+,2035,0.06250187199020689
Pakistan,large_city,51+,2040,0.06108634985137845
Pakistan,large_city,51+,2045,0.059613468658952604
Pakistan,large_city,51+,2050,0.05813102279601902
Pakistan,large_city,51+,2055,0.05666709514977471
Pakistan,large_city,51+,2060,0.05525009292097555
Pakistan,large_city,51+,2065,0.05387045860067728
Pakistan,large_city,51+,2070,0.05254147066794501
Pakistan,large_city,51+,2075,0.05126563006167344
Pakistan,large_city,51+,2080,0.050064401205228176
Pakistan,large_city,51+,2085,0.04894759994506667
Pakistan,large_city,51+,2090,0.04792205817042825
Pakistan,large_city,51+,2095,0.046980075658759425
Pakistan,large_city,51+,2100,0.046110146793111255
Pakistan,city,No_travel,2011,0.0
Pakistan,city,No_travel,2012,0.0
Pakistan,city,No_travel,2013,0.0
Pakistan,city,No_travel,2014,0.0
Pakistan,city,No_travel,2015,0.0
Pakistan,city,No_travel,2016,0.0
Pakistan,city,No_travel,2017,0.0
Pakistan,city,No_travel,2018,0.0
Pakistan,city,No_travel,2019,0.0
Pakistan,city,No_travel,2020,0.0
Pakistan,city,No_travel,2025,0.0
Pakistan,city,No_travel,2030,0.0
Pakistan,city,No_travel,2035,0.0
Pakistan,city,No_travel,2040,0.0
Pakistan,city,No_travel,2045,0.0
Pakistan,city,No_travel,2050,0.0
Pakistan,city,No_travel,2055,0.0
Pakistan,city,No_travel,2060,0.0
Pakistan,city,No_travel,2065,0.0
Pakistan,city,No_travel,2070,0.0
Pakistan,city,No_travel,2075,0.0
Pakistan,city,No_travel,2080,0.0
Pakistan,city,No_travel,2085,0.0
Pakistan,city,No_travel,2090,0.0
Pakistan,city,No_travel,2095,0.0
Pakistan,city,No_travel,2100,0.0
Pakistan,city,00_01,2011,0.0195275670690455
Pakistan,city,00_01,2012,0.019485058785217054
Pakistan,city,00_01,2013,0.01941361152337623
Pakistan,city,00_01,2014,0.01933199387127235
Pakistan,city,00_01,2015,0.019246195024419446
Pakistan,city,00_01,2016,0.01913844627151832
Pakistan,city,00_01,2017,0.019060951134388597
Pakistan,city,00_01,2018,0.01894675216361997
Pakistan,city,00_01,2019,0.018924617244056842
Pakistan,city,00_01,2020,0.019002337204164787
Pakistan,city,00_01,2025,0.018622310298661144
Pakistan,city,00_01,2030,0.01824100465819068
Pakistan,city,00_01,2035,0.017859092979225468
Pakistan,city,00_01,2040,0.017454626029892336
Pakistan,city,00_01,2045,0.01703376948071558
Pakistan,city,00_01,2050,0.016610179951957987
Pakistan,city,00_01,2055,0.01619188176157367
Pakistan,city,00_01,2060,0.015786991895877185
Pakistan,city,00_01,2065,0.015392779421610847
Pakistan,city,00_01,2070,0.015013038490608761
Pakistan,city,00_01,2075,0.014648483713471118
Pakistan,city,00_01,2080,0.014305248268620029
Pakistan,city,00_01,2085,0.013986136905880915
Pakistan,city,00_01,2090,0.01369310174830648
Pakistan,city,00_01,2095,0.013423942557949209
Pakistan,city,00_01,2100,0.01317537175515218
Pakistan,city,02_05,2011,0.0495217408664981
Pakistan,city,02_05,2012,0.04941394022707442
Pakistan,city,02_05,2013,0.04923275059018868
Pakistan,city,02_05,2014,0.04902576893172969
Pakistan,city,02_05,2015,0.048808183799620264
Pakistan,city,02_05,2016,0.04853493389598449
Pakistan,city,02_05,2017,0.04833840689977536
Pakistan,city,02_05,2018,0.04804879929952343
Pakistan,city,02_05,2019,0.04799266533532655
Pakistan,city,02_05,2020,0.048189762480660196
Pakistan,city,02_05,2025,0.04722601754151308
Pakistan,city,02_05,2030,0.04625902974157128
Pakistan,city,02_05,2035,0.04529050503325855
Pakistan,city,02_05,2040,0.04426478035475063
Pakistan,city,02_05,2045,0.04319749179306712
Pakistan,city,02_05,2050,0.04212327241884987
Pakistan,city,02_05,2055,0.04106247183289393
Pakistan,city,02_05,2060,0.040035674642153435
Pakistan,city,02_05,2065,0.03903595522355242
Pakistan,city,02_05,2070,0.038072935513263066
Pakistan,city,02_05,2075,0.03714842775757485
Pakistan,city,02_05,2080,0.03627798564381778
Pakistan,city,02_05,2085,0.03546872199324393
Pakistan,city,02_05,2090,0.034725587372998384
Pakistan,city,02_05,2095,0.03404300199871291
Pakistan,city,02_05,2100,0.03341262859686682
Pakistan,city,06_10,2011,0.0572198770303753
Pakistan,city,06_10,2012,0.057095318821724125
Pakistan,city,06_10,2013,0.056885963323303146
Pakistan,city,06_10,2014,0.05664680644316651
Pakistan,city,06_10,2015,0.056395397783351765
Pakistan,city,06_10,2016,0.05607967128401987
Pakistan,city,06_10,2017,0.055852594239484
Pakistan,city,06_10,2018,0.055517967245692516
Pakistan,city,06_10,2019,0.05545310727767903
Pakistan,city,06_10,2020,0.055680843100808355
Pakistan,city,06_10,2025,0.05456728437000148
Pakistan,city,06_10,2030,0.05344997867689781
Pakistan,city,06_10,2035,0.05233089716358967
Pakistan,city,06_10,2040,0.051145723966034534
Pakistan,city,06_10,2045,0.04991252579515256
Pakistan,city,06_10,2050,0.04867131941951117
Pakistan,city,06_10,2055,0.047445617777765944
Pakistan,city,06_10,2060,0.046259205346351334
Pakistan,city,06_10,2065,0.045104079916665006
Pakistan,city,06_10,2070,0.04399135915127159
Pakistan,city,06_10,2075,0.04292313700947093
Pakistan,city,06_10,2080,0.041917384993492554
Pakistan,city,06_10,2085,0.04098232161000163
Pakistan,city,06_10,2090,0.04012366698996118
Pakistan,city,06_10,2095,0.03933497397360216
Pakistan,city,06_10,2100,0.038606609261341934
Pakistan,city,11_20,2011,0.0736255863590152
Pakistan,city,11_20,2012,0.07346531563450974
Pakistan,city,11_20,2013,0.07319593509528653
Pakistan,city,11_20,2014,0.07288820871687252
Pakistan,city,11_20,2015,0.07256471780855112
Pakistan,city,11_20,2016,0.07215846826995022
Pakistan,city,11_20,2017,0.0718662851786837
Pakistan,city,11_20,2018,0.07143571611932738
Pakistan,city,11_20,2019,0.07135225992501076
Pakistan,city,11_20,2020,0.07164529067556531
Pakistan,city,11_20,2025,0.07021245966026386
Pakistan,city,11_20,2030,0.06877480737811452
Pakistan,city,11_20,2035,0.067334870124193
Pakistan,city,11_20,2040,0.06580989181008959
Pakistan,city,11_20,2045,0.06422311911605091
Pakistan,city,11_20,2050,0.06262604215710126
Pakistan,city,11_20,2055,0.061048915348059105
Pakistan,city,11_20,2060,0.05952234249505987
Pakistan,city,11_20,2065,0.05803602704852862
Pakistan,city,11_20,2070,0.05660427425460961
Pakistan,city,11_20,2075,0.05522977843893342
Pakistan,city,11_20,2080,0.053935663775442254
Pakistan,city,11_20,2085,0.0527325051273414
Pakistan,city,11_20,2090,0.05162766266417434
Pakistan,city,11_20,2095,0.05061284073864194
Pakistan,city,11_20,2100,0.049675644054438875
Pakistan,city,21_30,2011,0.0391220097897899
Pakistan,city,21_30,2012,0.039036847644899876
Pakistan,city,21_30,2013,0.038893708437270615
Pakistan,city,21_30,2014,0.03873019361879182
Pakistan,city,21_30,2015,0.0385583020915645
Pakistan,city,21_30,2016,0.03834243558085526
Pakistan,city,21_30,2017,0.03818717991061583
Pakistan,city,21_30,2018,0.03795839087424498
Pakistan,city,21_30,2019,0.037914045230121304
Pakistan,city,21_30,2020,0.03806975131626375
Pakistan,city,21_30,2025,0.03730839603503855
Pakistan,city,21_30,2030,0.03654447890462274
Pakistan,city,21_30,2035,0.03577934762173003
Pakistan,city,21_30,2040,0.03496902855353744
Pakistan,city,21_30,2045,0.03412587415653682
Pakistan,city,21_30,2050,0.033277244440796355
Pakistan,city,21_30,2055,0.03243921552293861
Pakistan,city,21_30,2060,0.03162804917366646
Pakistan,city,21_30,2065,0.03083827417389437
Pakistan,city,21_30,2070,0.0300774918210432
Pakistan,city,21_30,2075,0.029347133783625346
Pakistan,city,21_30,2080,0.02865948742265327
Pakistan,city,21_30,2085,0.02802017184314606
Pakistan,city,21_30,2090,0.027433097976604218
Pakistan,city,21_30,2095,0.026893857812023705
Pakistan,city,21_30,2100,0.026395864931185193
Pakistan,city,31_50,2011,0.0678243479409768
Pakistan,city,31_50,2012,0.06767670555303568
Pakistan,city,31_50,2013,0.06742855052535669
Pakistan,city,31_50,2014,0.06714507107218949
Pakistan,city,31_50,2015,0.06684706923605135
Pakistan,city,31_50,2016,0.0664728296351255
Pakistan,city,31_50,2017,0.06620366875472317
Pakistan,city,31_50,2018,0.06580702586006423
Pakistan,city,31_50,2019,0.06573014549494824
Pakistan,city,31_50,2020,0.06600008724435726
Pakistan,city,31_50,2025,0.0646801544040461
Pakistan,city,31_50,2030,0.06335578018273715
Pakistan,city,31_50,2035,0.06202930103122422
Pakistan,city,31_50,2040,0.06062448152630589
Pakistan,city,31_50,2045,0.05916273665436787
Pakistan,city,31_50,2050,0.0576914994295243
Pakistan,city,31_50,2055,0.05623864040682098
Pakistan,city,31_50,2060,0.05483235200275733
Pakistan,city,31_50,2065,0.05346314897184334
Pakistan,city,31_50,2070,0.05214420939577382
Pakistan,city,31_50,2075,0.05087801530407239
Pakistan,city,31_50,2080,0.049685868829555425
Pakistan,city,31_50,2085,0.048577511601959694
Pakistan,city,31_50,2090,0.04755972385523253
Pakistan,city,31_50,2095,0.046624863587501515
Pakistan,city,31_50,2100,0.04576151217473909
Pakistan,city,51+,2011,0.0385852189262921
Pakistan,city,51+,2012,0.03850122528633162
Pakistan,city,51+,2013,0.03836005008360079
Pakistan,city,51+,2014,0.03819877884261399
Pakistan,city,51+,2015,0.03802924582922131
Pakistan,city,51+,2016,0.037816341210585275
Pakistan,city,51+,2017,0.03766321579453622
Pakistan,city,51+,2018,0.03743756595947563
Pakistan,city,51+,2019,0.037393828779404024
Pakistan,city,51+,2020,0.03754739843122518
Pakistan,city,51+,2025,0.036796489662360515
Pakistan,city,51+,2030,0.03604305419529175
Pakistan,city,51+,2035,0.035288421235062935
Pakistan,city,51+,2040,0.034489220508557315
Pakistan,city,51+,2045,0.03365763498491621
Pakistan,city,51+,2050,0.032820649269071196
Pakistan,city,51+,2055,0.03199411889816618
Pakistan,city,51+,2060,0.031194082516076343
Pakistan,city,51+,2065,0.03041514397400094
Pakistan,city,51+,2070,0.02966480027239277
Pakistan,city,51+,2075,0.028944463435922274
Pakistan,city,51+,2080,0.02826625223142275
Pakistan,city,51+,2085,0.027635708664494014
Pakistan,city,51+,2090,0.027056690004968666
Pakistan,city,51+,2095,0.026524848723910067
Pakistan,city,51+,2100,0.02603368877496737
Pakistan,town,No_travel,2011,0.0
Pakistan,town,No_travel,2012,0.0
Pakistan,town,No_travel,2013,0.0
Pakistan,town,No_travel,2014,0.0
Pakistan,town,No_travel,2015,0.0
Pakistan,town,No_travel,2016,0.0
Pakistan,town,No_travel,2017,0.0
Pakistan,town,No_travel,2018,0.0
Pakistan,town,No_travel,2019,0.0
Pakistan,town,No_travel,2020,0.0
Pakistan,town,No_travel,2025,0.0
Pakistan,town,No_travel,2030,0.0
Pakistan,town,No_travel,2035,0.0
Pakistan,town,No_travel,2040,0.0
Pakistan,town,No_travel,2045,0.0
Pakistan,town,No_travel,2050,0.0
Pakistan,town,No_travel,2055,0.0
Pakistan,town,No_travel,2060,0.0
Pakistan,town,No_travel,2065,0.0
Pakistan,town,No_travel,2070,0.0
Pakistan,town,No_travel,2075,0.0
Pakistan,town,No_travel,2080,0.0
Pakistan,town,No_travel,2085,0.0
Pakistan,town,No_travel,2090,0.0
Pakistan,town,No_travel,2095,0.0
Pakistan,town,No_travel,2100,0.0
Pakistan,town,00_01,2011,0.0129968328827312
Pakistan,town,00_01,2012,0.012968540927102699
Pakistan,town,00_01,2013,0.012920988248431022
Pakistan,town,00_01,2014,0.012866666530783128
Pakistan,town,00_01,2015,0.012809561963166719
Pakistan,town,00_01,2016,0.012737848342630833
Pakistan,town,00_01,2017,0.012686270419844131
Pakistan,town,00_01,2018,0.012610263770720262
Pakistan,town,00_01,2019,0.012595531579586698
Pakistan,town,00_01,2020,0.012647259136307099
Pakistan,town,00_01,2025,0.012394327157412417
Pakistan,town,00_01,2030,0.01214054409939424
Pakistan,town,00_01,2035,0.011886357684367539
Pakistan,town,00_01,2040,0.011617159308119032
Pakistan,town,00_01,2045,0.011337052614954794
Pakistan,town,00_01,2050,0.011055126950755481
Pakistan,town,00_01,2055,0.010776723007430062
Pakistan,town,00_01,2060,0.010507243153551577
Pakistan,town,00_01,2065,0.010244869780042637
Pakistan,town,00_01,2070,0.009992128135294154
Pakistan,town,00_01,2075,0.009749493837928462
Pakistan,town,00_01,2080,0.009521048906699374
Pakistan,town,00_01,2085,0.00930866008028611
Pakistan,town,00_01,2090,0.009113626620239932
Pakistan,town,00_01,2095,0.008934484128829932
Pakistan,town,00_01,2100,0.008769044513538563
Pakistan,town,02_05,2011,0.0454311662241691
Pakistan,town,02_05,2012,0.045332270089198164
Pakistan,town,02_05,2013,0.045166047004802895
Pakistan,town,02_05,2014,0.04497616236088146
Pakistan,town,02_05,2015,0.044776550107115586
Pakistan,town,02_05,2016,0.04452587108057891
Pakistan,town,02_05,2017,0.04434557752715996
Pakistan,town,02_05,2018,0.04407989197579177
Pakistan,town,02_05,2019,0.04402839476641206
Pakistan,town,02_05,2020,0.04420921137373007
Pakistan,town,02_05,2025,0.043325073300996955
Pakistan,town,02_05,2030,0.04243796023293396
Pakistan,town,02_05,2035,0.04154943720757849
Pakistan,town,02_05,2040,0.04060843902063772
Pakistan,town,02_05,2045,0.039629310193448196
Pakistan,town,02_05,2050,0.0386438230498752
Pakistan,town,02_05,2055,0.03767064628128823
Pakistan,town,02_05,2060,0.036728664173332905
Pakistan,town,02_05,2065,0.03581152317042606
Pakistan,town,02_05,2070,0.034928050421492385
Pakistan,town,02_05,2075,0.034079908478392415
Pakistan,town,02_05,2080,0.033281366269118685
Pakistan,town,02_05,2085,0.03253894908456306
Pakistan,town,02_05,2090,0.031857198567142336
Pakistan,town,02_05,2095,0.03123099583156102
Pakistan,town,02_05,2100,0.030652692276365554
Pakistan,town,06_10,2011,0.0569320146292085
Pakistan,town,06_10,2012,0.05680808304939486
Pakistan,town,06_10,2013,0.056599780778970876
Pakistan,town,06_10,2014,0.05636182705195768
Pakistan,town,06_10,2015,0.05611168318165742
Pakistan,town,06_10,2016,0.05579754504275072
Pakistan,town,06_10,2017,0.05557161037996543
Pakistan,town,06_10,2018,0.05523866683141932
Pakistan,town,06_10,2019,0.05517413316166268
Pakistan,town,06_10,2020,0.05540072328885067
Pakistan,town,06_10,2025,0.054292766661835815
Pakistan,town,06_10,2030,0.05318108192278423
Pakistan,town,06_10,2035,0.052067630297344444
Pakistan,town,06_10,2040,0.0508884194824464
Pakistan,town,06_10,2045,0.049661425298797676
Pakistan,town,06_10,2050,0.048426463198156154
Pakistan,town,06_10,2055,0.04720692783002104
Pakistan,town,06_10,2060,0.04602648401561517
Pakistan,town,06_10,2065,0.04487716980393726
Pakistan,town,06_10,2070,0.04377004692669002
Pakistan,town,06_10,2075,0.0427071988088593
Pakistan,town,06_10,2080,0.041706506541439
Pakistan,town,06_10,2085,0.040776147285338495
Pakistan,town,06_10,2090,0.039921812394621586
Pakistan,town,06_10,2095,0.039137087143963155
Pakistan,town,06_10,2100,0.038412386697092474
Pakistan,town,11_20,2011,0.0621547171877937
Pakistan,town,11_20,2012,0.06201941664829722
Pakistan,town,11_20,2013,0.06179200560738992
Pakistan,town,11_20,2014,0.061532223010504636
Pakistan,town,11_20,2015,0.06125913199807459
Pakistan,town,11_20,2016,0.06091617615312846
Pakistan,town,11_20,2017,0.06066951519865848
Pakistan,town,11_20,2018,0.06030602881522095
Pakistan,town,11_20,2019,0.060235575099171414
Pakistan,town,11_20,2020,0.060482951647579906
Pakistan,town,11_20,2025,0.05927335575927421
Pakistan,town,11_20,2030,0.05805968975767995
Pakistan,town,11_20,2035,0.05684409478300303
Pakistan,town,11_20,2040,0.05555670814857374
Pakistan,town,11_20,2045,0.05421715470096699
Pakistan,town,11_20,2050,0.05286890239331657
Pakistan,town,11_20,2055,0.05153749200145489
Pakistan,town,11_20,2060,0.050248759257350735
Pakistan,town,11_20,2065,0.04899401181424685
Pakistan,town,11_20,2070,0.047785326160390953
Pakistan,town,11_20,2075,0.046624976845377336
Pakistan,town,11_20,2080,0.0455324852959634
Pakistan,town,11_20,2085,0.04451677881126251
Pakistan,town,11_20,2090,0.04358407084612173
Pakistan,town,11_20,2095,0.04272735821540846
Pakistan,town,11_20,2100,0.04193617681045594
Pakistan,town,21_30,2011,0.0318021562733665
Pakistan,town,21_30,2012,0.031732928238944955
Pakistan,town,21_30,2013,0.03161657083618546
Pakistan,town,21_30,2014,0.03148365016472161
Pakistan,town,21_30,2015,0.03134392009358459
Pakistan,town,21_30,2016,0.03116844289942589
Pakistan,town,21_30,2017,0.031042236063074418
Pakistan,town,21_30,2018,0.03085625418925469
Pakistan,town,21_30,2019,0.030820205757386244
Pakistan,town,21_30,2020,0.03094677873538055
Pakistan,town,21_30,2025,0.03032787546933731
Pakistan,town,21_30,2030,0.02970688968430421
Pakistan,town,21_30,2035,0.02908491691861706
Pakistan,town,21_30,2040,0.028426211147200505
Pakistan,town,21_30,2045,0.027740813642315985
Pakistan,town,21_30,2050,0.027050965268390053
Pakistan,town,21_30,2055,0.026369734249060684
Pakistan,town,21_30,2060,0.025710339725572236
Pakistan,town,21_30,2065,0.025068334161479126
Pakistan,town,21_30,2070,0.02444989662707345
Pakistan,town,21_30,2075,0.02385619092109682
Pakistan,town,21_30,2080,0.023297205399904274
Pakistan,town,21_30,2085,0.022777507815942406
Pakistan,town,21_30,2090,0.022300277352883587
Pakistan,town,21_30,2095,0.02186193075272142
Pakistan,town,21_30,2100,0.02145711393721151
Pakistan,town,31_50,2011,0.0457355874252065
Pakistan,town,31_50,2012,0.04563602861562939
Pakistan,town,31_50,2013,0.04546869171807022
Pakistan,town,31_50,2014,0.04527753471166802
Pakistan,town,31_50,2015,0.04507658491350072
Pakistan,town,31_50,2016,0.04482422615878017
Pakistan,town,31_50,2017,0.044642724510024184
Pakistan,town,31_50,2018,0.04437525867605778
Pakistan,town,31_50,2019,0.044323416398663475
Pakistan,town,31_50,2020,0.04450544460615252
Pakistan,town,31_50,2025,0.04361538217804063
Pakistan,town,31_50,2030,0.04272232482000931
Pakistan,town,31_50,2035,0.04182784805696651
Pakistan,town,31_50,2040,0.04088054451134687
Pakistan,town,31_50,2045,0.039894854823005935
Pakistan,town,31_50,2050,0.038902764213029004
Pakistan,town,31_50,2055,0.037923066466326406
Pakistan,town,31_50,2060,0.03697477240671999
Pakistan,town,31_50,2065,0.036051485905274815
Pakistan,town,31_50,2070,0.03516209325910611
Pakistan,town,31_50,2075,0.03430826816035712
Pakistan,town,31_50,2080,0.03350437514901006
Pakistan,town,31_50,2085,0.032756983240057574
Pakistan,town,31_50,2090,0.032070664508158334
Pakistan,town,31_50,2095,0.03144026576783617
Pakistan,town,31_50,2100,0.030858087166555206
Pakistan,town,51+,2011,0.0299585707997298
Pakistan,town,51+,2012,0.0298933559459722
Pakistan,town,51+,2013,0.02978374383480971
Pakistan,town,51+,2014,0.02965852863516829
Pakistan,town,51+,2015,0.02952689877985198
Pakistan,town,51+,2016,0.029361594078505554
Pakistan,town,51+,2017,0.029242703509899298
Pakistan,town,51+,2018,0.029067503089952904
Pakistan,town,51+,2019,0.029033544402086994
Pakistan,town,51+,2020,0.0291527798869384
Pakistan,town,51+,2025,0.028569754724916026
Pakistan,town,51+,2030,0.027984767768477473
Pakistan,town,51+,2035,0.0273988510471026
Pakistan,town,51+,2040,0.026778330749059158
Pakistan,town,51+,2045,0.026132666049485397
Pakistan,town,51+,2050,0.025482808499774325
Pakistan,town,51+,2055,0.024841068752691743
Pakistan,town,51+,2060,0.024219899629847493
Pakistan,town,51+,2065,0.023615111420508008
Pakistan,town,51+,2070,0.02303252499144819
Pakistan,town,51+,2075,0.02247323667546692
Pakistan,town,51+,2080,0.02194665579935521
Pakistan,town,51+,2085,0.021457085320871365
Pakistan,town,51+,2090,0.02100752012496328
Pakistan,town,51+,2095,0.020594584676722087
Pakistan,town,51+,2100,0.02021323527625607
Pakistan,rural,No_travel,2011,0.0
Pakistan,rural,No_travel,2012,0.0
Pakistan,rural,No_travel,2013,0.0
Pakistan,rural,No_travel,2014,0.0
Pakistan,rural,No_travel,2015,0.0
Pakistan,rural,No_travel,2016,0.0
Pakistan,rural,No_travel,2017,0.0
Pakistan,rural,No_travel,2018,0.0
Pakistan,rural,No_travel,2019,0.0
Pakistan,rural,No_travel,2020,0.0
Pakistan,rural,No_travel,2025,0.0
Pakistan,rural,No_travel,2030,0.0
Pakistan,rural,No_travel,2035,0.0
Pakistan,rural,No_travel,2040,0.0
Pakistan,rural,No_travel,2045,0.0
Pakistan,rural,No_travel,2050,0.0
Pakistan,rural,No_travel,2055,0.0
Pakistan,rural,No_travel,2060,0.0
Pakistan,rural,No_travel,2065,0.0
Pakistan,rural,No_travel,2070,0.0
Pakistan,rural,No_travel,2075,0.0
Pakistan,rural,No_travel,2080,0.0
Pakistan,rural,No_travel,2085,0.0
Pakistan,rural,No_travel,2090,0.0
Pakistan,rural,No_travel,2095,0.0
Pakistan,rural,No_travel,2100,0.0
Pakistan,rural,00_01,2011,0.00937229078988372
Pakistan,rural,00_01,2012,0.009351888862925258
Pakistan,rural,00_01,2013,0.009317597621638234
Pakistan,rural,00_01,2014,0.009278425083328653
Pakistan,rural,00_01,2015,0.009237245773110494
Pakistan,rural,00_01,2016,0.009185531566170836
Pakistan,rural,00_01,2017,0.009148337636306783
Pakistan,rural,00_01,2018,0.009093527635748873
Pakistan,rural,00_01,2019,0.009082903941459523
Pakistan,rural,00_01,2020,0.009120205775514645
Pakistan,rural,00_01,2025,0.00893781118156619
Pakistan,rural,00_01,2030,0.008754802856480113
Pakistan,rural,00_01,2035,0.008571503662133028
Pakistan,rural,00_01,2040,0.00837737902537496
Pakistan,rural,00_01,2045,0.008175388170817146
Pakistan,rural,00_01,2050,0.00797208561781457
Pakistan,rural,00_01,2055,0.007771322652141366
Pakistan,rural,00_01,2060,0.007576995035917236
Pakistan,rural,00_01,2065,0.007387792052833883
Pakistan,rural,00_01,2070,0.007205534712859647
Pakistan,rural,00_01,2075,0.0070305659946320025
Pakistan,rural,00_01,2080,0.0068658295281195485
Pakistan,rural,00_01,2085,0.006712671458024479
Pakistan,rural,00_01,2090,0.0065720287093023145
Pakistan,rural,00_01,2095,0.006442845273809378
Pakistan,rural,00_01,2100,0.006323543271801073
Pakistan,rural,02_05,2011,0.0357129319501618
Pakistan,rural,02_05,2012,0.035635190803898376
Pakistan,rural,02_05,2013,0.03550452469525694
Pakistan,rural,02_05,2014,0.03535525849915522
Pakistan,rural,02_05,2015,0.035198345537687664
Pakistan,rural,02_05,2016,0.035001289556957096
Pakistan,rural,02_05,2017,0.03485956280989246
Pakistan,rural,02_05,2018,0.03465071036773117
Pakistan,rural,02_05,2019,0.03461022898706121
Pakistan,rural,02_05,2020,0.03475236690094932
Pakistan,rural,02_05,2025,0.03405735584465671
Pakistan,rural,02_05,2030,0.033360006177789066
Pakistan,rural,02_05,2035,0.03266154815925397
Pakistan,rural,02_05,2040,0.03192184000275141
Pakistan,rural,02_05,2045,0.031152157776164438
Pakistan,rural,02_05,2050,0.03037747734814016
Pakistan,rural,02_05,2055,0.029612473968289976
Pakistan,rural,02_05,2060,0.028871992362475906
Pakistan,rural,02_05,2065,0.028151038071672553
Pakistan,rural,02_05,2070,0.027456550018981847
Pakistan,rural,02_05,2075,0.026789835117837765
Pakistan,rural,02_05,2080,0.02616211001304059
Pakistan,rural,02_05,2085,0.02557850416282228
Pakistan,rural,02_05,2090,0.025042587701521284
Pakistan,rural,02_05,2095,0.02455033673062449
Pakistan,rural,02_05,2100,0.02409573877002349
Pakistan,rural,06_10,2011,0.0564972292407587
Pakistan,rural,06_10,2012,0.056374244116826185
Pakistan,rural,06_10,2013,0.05616753263471615
Pakistan,rural,06_10,2014,0.055931396141895455
Pakistan,rural,06_10,2015,0.05568316260096831
Pakistan,rural,06_10,2016,0.05537142351071009
Pakistan,rural,06_10,2017,0.05514721429345423
Pakistan,rural,06_10,2018,0.054816813409014245
Pakistan,rural,06_10,2019,0.0547527725778978
Pakistan,rural,06_10,2020,0.05497763225382545
Pakistan,rural,06_10,2025,0.05387813700580095
Pakistan,rural,06_10,2030,0.05277494211704274
Pakistan,rural,06_10,2035,0.0516699938354709
Pakistan,rural,06_10,2040,0.05049978856228008
Pakistan,rural,06_10,2045,0.04928216483822668
Pakistan,rural,06_10,2050,0.04805663404754573
Pakistan,rural,06_10,2055,0.04684641217660927
Pakistan,rural,06_10,2060,0.04567498332023242
Pakistan,rural,06_10,2065,0.04453444633221732
Pakistan,rural,06_10,2070,0.04343577846667801
Pakistan,rural,06_10,2075,0.042381047237644985
Pakistan,rural,06_10,2080,0.041387997179604466
Pakistan,rural,06_10,2085,0.04046474300512098
Pakistan,rural,06_10,2090,0.03961693260382791
Pakistan,rural,06_10,2095,0.03883820023916088
Pakistan,rural,06_10,2100,0.03811903427350178
Pakistan,rural,11_20,2011,0.0790926871290141
Pakistan,rural,11_20,2012,0.07892051543034079
Pakistan,rural,11_20,2013,0.07863113191896834
Pakistan,rural,11_20,2014,0.07830055518100443
Pakistan,rural,11_20,2015,0.07795304331093003
Pakistan,rural,11_20,2016,0.07751662753155426
Pakistan,rural,11_20,2017,0.07720274825446105
Pakistan,rural,11_20,2018,0.07674020709746376
Pakistan,rural,11_20,2019,0.07665055382619641
Pakistan,rural,11_20,2020,0.07696534370589635
Pakistan,rural,11_20,2025,0.07542611718416273
Pakistan,rural,11_20,2030,0.07388171139025997
Pakistan,rural,11_20,2035,0.07233485095298642
Pakistan,rural,11_20,2040,0.07069663469365822
Pakistan,rural,11_20,2045,0.06899203548513733
Pakistan,rural,11_20,2050,0.06727636686391629
Pakistan,rural,11_20,2055,0.06558212979988674
Pakistan,rural,11_20,2060,0.06394220059846545
Pakistan,rural,11_20,2065,0.062345518135194
Pakistan,rural,11_20,2070,0.060807449898652714
Pakistan,rural,11_20,2075,0.05933089028282421
Pakistan,rural,11_20,2080,0.057940680557505765
Pakistan,rural,11_20,2085,0.05664818082708893
Pakistan,rural,11_20,2090,0.055461297793791074
Pakistan,rural,11_20,2095,0.05437111981332097
Pakistan,rural,11_20,2100,0.05336433117111486
Pakistan,rural,21_30,2011,0.0462193616190824
Pakistan,rural,21_30,2012,0.04611874971309704
Pakistan,rural,21_30,2013,0.045949642787485756
Pakistan,rural,21_30,2014,0.045756463792695906
Pakistan,rural,21_30,2015,0.045553388421597535
Pakistan,rural,21_30,2016,0.04529836030894358
Pakistan,rural,21_30,2017,0.045114938802615905
Pakistan,rural,21_30,2018,0.04484464381359758
Pakistan,rural,21_30,2019,0.04479225316769273
Pakistan,rural,21_30,2020,0.044976206802497753
Pakistan,rural,21_30,2025,0.04407672962193815
Pakistan,rural,21_30,2030,0.04317422583219382
Pakistan,rural,21_30,2035,0.04227028762349474
Pakistan,rural,21_30,2040,0.04131296384997517
Pakistan,rural,21_30,2045,0.040316847899258816
Pakistan,rural,21_30,2050,0.03931426332031563
Pakistan,rural,21_30,2055,0.03832420269178872
Pakistan,rural,21_30,2060,0.037365877926990344
Pakistan,rural,21_30,2065,0.03643282524109015
Pakistan,rural,21_30,2070,0.03553402492718037
Pakistan,rural,21_30,2075,0.0346711683811031
Pakistan,rural,21_30,2080,0.03385877208565233
Pakistan,rural,21_30,2085,0.03310347454044112
Pakistan,rural,21_30,2090,0.03240989618184944
Pakistan,rural,21_30,2095,0.03177282931590369
Pakistan,rural,21_30,2100,0.03118449264386465
Pakistan,rural,31_50,2011,0.0461113884100324
Pakistan,rural,31_50,2012,0.04601101154386536
Pakistan,rural,31_50,2013,0.04584229966952245
Pakistan,rural,31_50,2014,0.045649571960844265
Pakistan,rural,31_50,2015,0.045446970994816156
Pakistan,rural,31_50,2016,0.04519253865421003
Pakistan,rural,31_50,2017,0.045009545639491784
Pakistan,rural,31_50,2018,0.04473988208752348
Pakistan,rural,31_50,2019,0.044687613831586044
Pakistan,rural,31_50,2020,0.044871137731674476
Pakistan,rural,31_50,2025,0.04397376182283846
Pakistan,rural,31_50,2030,0.0430733663752898
Pakistan,rural,31_50,2035,0.04217153985973743
Pakistan,rural,31_50,2040,0.04121645249356546
Pakistan,rural,31_50,2045,0.040222663572734796
Pakistan,rural,31_50,2050,0.03922242113506185
Pakistan,rural,31_50,2055,0.03823467339056171
Pakistan,rural,31_50,2060,0.0372785873715301
Pakistan,rural,31_50,2065,0.03634771439320656
Pakistan,rural,31_50,2070,0.03545101376978987
Pakistan,rural,31_50,2075,0.03459017294584649
Pakistan,rural,31_50,2080,0.03377967449216521
Pakistan,rural,31_50,2085,0.03302614140013741
Pakistan,rural,31_50,2090,0.0323341833123258
Pakistan,rural,31_50,2095,0.03169860470046851
Pakistan,rural,31_50,2100,0.031111642443744966
Pakistan,rural,51+,2011,0.0228571795411535
Pakistan,rural,51+,2012,0.0228074232416607
Pakistan,rural,51+,2013,0.022723793627902607
Pakistan,rural,51+,2014,0.022628259487819026
Pakistan,rural,51+,2015,0.022527831224533244
Pakistan,rural,51+,2016,0.022401710413799972
Pakistan,rural,51+,2017,0.02231100171175443
Pakistan,rural,51+,2018,0.022177330867401722
Pakistan,rural,51+,2019,0.02215142176009744
Pakistan,rural,51+,2020,0.022242393619307417
Pakistan,rural,51+,2025,0.021797568968143628
Pakistan,rural,51+,2030,0.02135124754707405
Pakistan,rural,51+,2035,0.02090421675290979
Pakistan,rural,51+,2040,0.02043078482733085
Pakistan,rural,51+,2045,0.019938168738926676
Pakistan,rural,51+,2050,0.019442353675210286
Pakistan,rural,51+,2055,0.01895273216703429
Pakistan,rural,51+,2060,0.018478805214337337
Pakistan,rural,51+,2065,0.018017376237045468
Pakistan,rural,51+,2070,0.017572886321412382
Pakistan,rural,51+,2075,0.017146171925084483
Pakistan,rural,51+,2080,0.01674441198437557
Pakistan,rural,51+,2085,0.016370889482265602
Pakistan,rural,51+,2090,0.016027889395011187
Pakistan,rural,51+,2095,0.015712836325809342
Pakistan,rural,51+,2100,0.015421882135349708
Sri Lanka,large_city,No_travel,2011,0.0
Sri Lanka,large_city,No_travel,2012,0.0
Sri Lanka,large_city,No_travel,2013,0.0
Sri Lanka,large_city,No_travel,2014,0.0
Sri Lanka,large_city,No_travel,2015,0.0
Sri Lanka,large_city,No_travel,2016,0.0
Sri Lanka,large_city,No_travel,2017,0.0
Sri Lanka,large_city,No_travel,2018,0.0
Sri Lanka,large_city,No_travel,2019,0.0
Sri Lanka,large_city,No_travel,2020,0.0
Sri Lanka,large_city,No_travel,2025,0.0
Sri Lanka,large_city,No_travel,2030,0.0
Sri Lanka,large_city,No_travel,2035,0.0
Sri Lanka,large_city,No_travel,2040,0.0
Sri Lanka,large_city,No_travel,2045,0.0
Sri Lanka,large_city,No_travel,2050,0.0
Sri Lanka,large_city,No_travel,2055,0.0
Sri Lanka,large_city,No_travel,2060,0.0
Sri Lanka,large_city,No_travel,2065,0.0
Sri Lanka,large_city,No_travel,2070,0.0
Sri Lanka,large_city,No_travel,2075,0.0
Sri Lanka,large_city,No_travel,2080,0.0
Sri Lanka,large_city,No_travel,2085,0.0
Sri Lanka,large_city,No_travel,2090,0.0
Sri Lanka,large_city,No_travel,2095,0.0
Sri Lanka,large_city,No_travel,2100,0.0
Sri Lanka,large_city,00_01,2011,0.0204991553484746
Sri Lanka,large_city,00_01,2012,0.02031515873740545
Sri Lanka,large_city,00_01,2013,0.02023075464001747
Sri Lanka,large_city,00_01,2014,0.020092274188190134
Sri Lanka,large_city,00_01,2015,0.020003083991083234
Sri Lanka,large_city,00_01,2016,0.019892975950960245
Sri Lanka,large_city,00_01,2017,0.019749330515783398
Sri Lanka,large_city,00_01,2018,0.019701574517413917
Sri Lanka,large_city,00_01,2019,0.019714848927324207
Sri Lanka,large_city,00_01,2020,0.0198381975698947
Sri Lanka,large_city,00_01,2025,0.01995858392859045
Sri Lanka,large_city,00_01,2030,0.01967727315892423
Sri Lanka,large_city,00_01,2035,0.019373075778655352
Sri Lanka,large_city,00_01,2040,0.01905707105432723
Sri Lanka,large_city,00_01,2045,0.01873152707028858
Sri Lanka,large_city,00_01,2050,0.018399906799423122
Sri Lanka,large_city,00_01,2055,0.01806818714027046
Sri Lanka,large_city,00_01,2060,0.01774645766642457
Sri Lanka,large_city,00_01,2065,0.017441076369396513
Sri Lanka,large_city,00_01,2070,0.0171541381634522
Sri Lanka,large_city,00_01,2075,0.016875784236652064
Sri Lanka,large_city,00_01,2080,0.016613925110062308
Sri Lanka,large_city,00_01,2085,0.01636787518611869
Sri Lanka,large_city,00_01,2090,0.0161425970459219
Sri Lanka,large_city,00_01,2095,0.015937155198535183
Sri Lanka,large_city,00_01,2100,0.015743848018121922
Sri Lanka,large_city,02_05,2011,0.0599141683583879
Sri Lanka,large_city,02_05,2012,0.05937638991115103
Sri Lanka,large_city,02_05,2013,0.05912969675647832
Sri Lanka,large_city,02_05,2014,0.05872495124554945
Sri Lanka,large_city,02_05,2015,0.058464269456737196
Sri Lanka,large_city,02_05,2016,0.05814244977483349
Sri Lanka,large_city,02_05,2017,0.057722608242790074
Sri Lanka,large_city,02_05,2018,0.05758302878803732
Sri Lanka,large_city,02_05,2019,0.05762182673930425
Sri Lanka,large_city,02_05,2020,0.05798234556128084
Sri Lanka,large_city,02_05,2025,0.05833420633019233
Sri Lanka,large_city,02_05,2030,0.05751200168184014
Sri Lanka,large_city,02_05,2035,0.05662290489976388
Sri Lanka,large_city,02_05,2040,0.05569929805189198
Sri Lanka,large_city,02_05,2045,0.054747810210750106
Sri Lanka,large_city,02_05,2050,0.053778562824605206
Sri Lanka,large_city,02_05,2055,0.0528090249500733
Sri Lanka,large_city,02_05,2060,0.05186868601736245
Sri Lanka,large_city,02_05,2065,0.05097612892744297
Sri Lanka,large_city,02_05,2070,0.05013747661776717
Sri Lanka,large_city,02_05,2075,0.04932391411970245
Sri Lanka,large_city,02_05,2080,0.0485585620098241
Sri Lanka,large_city,02_05,2085,0.04783941644908648
Sri Lanka,large_city,02_05,2090,0.04718098188484384
Sri Lanka,large_city,02_05,2095,0.04658052409900137
Sri Lanka,large_city,02_05,2100,0.04601553306618658
Sri Lanka,large_city,06_10,2011,0.0468854192381946
Sri Lanka,large_city,06_10,2012,0.046464584423211545
Sri Lanka,large_city,06_10,2013,0.046271536396393635
Sri Lanka,large_city,06_10,2014,0.045954805588228786
Sri Lanka,large_city,06_10,2015,0.045750810852240524
Sri Lanka,large_city,06_10,2016,0.04549897307966389
Sri Lanka,large_city,06_10,2017,0.04517042898428874
Sri Lanka,large_city,06_10,2018,0.04506120204461103
Sri Lanka,large_city,06_10,2019,0.045091563113796744
Sri Lanka,large_city,06_10,2020,0.04537368463154065
Sri Lanka,large_city,06_10,2025,0.045649030849570546
Sri Lanka,large_city,06_10,2030,0.04500562027250981
Sri Lanka,large_city,06_10,2035,0.044309863717538964
Sri Lanka,large_city,06_10,2040,0.04358710154858566
Sri Lanka,large_city,06_10,2045,0.04284252130063608
Sri Lanka,large_city,06_10,2050,0.04208404344322682
Sri Lanka,large_city,06_10,2055,0.041325338266133715
Sri Lanka,large_city,06_10,2060,0.04058948251958604
Sri Lanka,large_city,06_10,2065,0.03989101812457723
Sri Lanka,large_city,06_10,2070,0.03923473654358245
Sri Lanka,large_city,06_10,2075,0.03859808882162676
Sri Lanka,large_city,06_10,2080,0.03799916780645323
Sri Lanka,large_city,06_10,2085,0.0374364054076366
Sri Lanka,large_city,06_10,2090,0.03692115198042096
Sri Lanka,large_city,06_10,2095,0.03645126788129333
Sri Lanka,large_city,06_10,2100,0.03600913804514359
Sri Lanka,large_city,11_20,2011,0.0406330553046253
Sri Lanka,large_city,11_20,2012,0.04026834054704906
Sri Lanka,large_city,11_20,2013,0.040101036270419055
Sri Lanka,large_city,11_20,2014,0.03982654282119856
Sri Lanka,large_city,11_20,2015,0.039649751624192243
Sri Lanka,large_city,11_20,2016,0.0394314974567524
Sri Lanka,large_city,11_20,2017,0.039146766070869615
Sri Lanka,large_city,11_20,2018,0.03905210499386972
Sri Lanka,large_city,11_20,2019,0.03907841728932053
Sri Lanka,large_city,11_20,2020,0.03932291673966936
Sri Lanka,large_city,11_20,2025,0.039561544404451206
Sri Lanka,large_city,11_20,2030,0.039003935280205765
Sri Lanka,large_city,11_20,2035,0.03840096072999303
Sri Lanka,large_city,11_20,2040,0.037774581875749016
Sri Lanka,large_city,11_20,2045,0.03712929447328466
Sri Lanka,large_city,11_20,2050,0.0364719627648729
Sri Lanka,large_city,11_20,2055,0.03581443405079422
Sri Lanka,large_city,11_20,2060,0.03517670770150437
Sri Lanka,large_city,11_20,2065,0.0345713864128854
Sri Lanka,large_city,11_20,2070,0.03400262268613932
Sri Lanka,large_city,11_20,2075,0.03345087456239181
Sri Lanka,large_city,11_20,2080,0.03293182213355434
Sri Lanka,large_city,11_20,2085,0.03244410642052405
Sri Lanka,large_city,11_20,2090,0.03199756416188312
Sri Lanka,large_city,11_20,2095,0.03159034104440135
Sri Lanka,large_city,11_20,2100,0.031207171044516566
Sri Lanka,large_city,21_30,2011,0.0412215199580625
Sri Lanka,large_city,21_30,2012,0.040851523251053436
Sri Lanka,large_city,21_30,2013,0.04068179600493645
Sri Lanka,large_city,21_30,2014,0.04040332722845456
Sri Lanka,large_city,21_30,2015,0.04022397566847044
Sri Lanka,large_city,21_30,2016,0.040002560654226416
Sri Lanka,large_city,21_30,2017,0.039713705671064026
Sri Lanka,large_city,21_30,2018,0.03961767367333338
Sri Lanka,large_city,21_30,2019,0.039644367034291264
Sri Lanka,large_city,21_30,2020,0.0398924074264481
Sri Lanka,large_city,21_30,2025,0.04013449099541937
Sri Lanka,large_city,21_30,2030,0.03956880634602347
Sri Lanka,large_city,21_30,2035,0.0389570992698645
Sri Lanka,large_city,21_30,2040,0.03832164893889742
Sri Lanka,large_city,21_30,2045,0.03766701621832169
Sri Lanka,large_city,21_30,2050,0.037000164761195886
Sri Lanka,large_city,21_30,2055,0.03633311344528591
Sri Lanka,large_city,21_30,2060,0.035686151280172974
Sri Lanka,large_city,21_30,2065,0.035072063479174985
Sri Lanka,large_city,21_30,2070,0.03449506268172777
Sri Lanka,large_city,21_30,2075,0.03393532391425457
Sri Lanka,large_city,21_30,2080,0.0334087543542203
Sri Lanka,large_city,21_30,2085,0.032913975341226656
Sri Lanka,large_city,21_30,2090,0.03246096607355806
Sri Lanka,large_city,21_30,2095,0.03204784538305591
Sri Lanka,large_city,21_30,2100,0.03165912615731303
Sri Lanka,large_city,31_50,2011,0.0600379215385309
Sri Lanka,large_city,31_50,2012,0.05949903230573393
Sri Lanka,large_city,31_50,2013,0.059251829604433995
Sri Lanka,large_city,31_50,2014,0.058846248088508336
Sri Lanka,large_city,31_50,2015,0.058585027859436374
Sri Lanka,large_city,31_50,2016,0.058262543456479875
Sri Lanka,large_city,31_50,2017,0.0578418347384908
Sri Lanka,large_city,31_50,2018,0.057701966981290036
Sri Lanka,large_city,31_50,2019,0.057740845070026685
Sri Lanka,large_city,31_50,2020,0.05810210854643049
Sri Lanka,large_city,31_50,2025,0.058454696086493334
Sri Lanka,large_city,31_50,2030,0.057630793168053286
Sri Lanka,large_city,31_50,2035,0.05673985994966736
Sri Lanka,large_city,31_50,2040,0.05581434538467682
Sri Lanka,large_city,31_50,2045,0.05486089223800814
Sri Lanka,large_city,31_50,2050,0.05388964286385828
Sri Lanka,large_city,31_50,2055,0.05291810240131539
Sri Lanka,large_city,31_50,2060,0.0519758211912347
Sri Lanka,large_city,31_50,2065,0.05108142051771283
Sri Lanka,large_city,31_50,2070,0.05024103596517695
Sri Lanka,large_city,31_50,2075,0.04942579304745292
Sri Lanka,large_city,31_50,2080,0.04865886009684654
Sri Lanka,large_city,31_50,2085,0.04793822913536707
Sri Lanka,large_city,31_50,2090,0.04727843456941743
Sri Lanka,large_city,31_50,2095,0.046676736533354087
Sri Lanka,large_city,31_50,2100,0.0461105785071723
Sri Lanka,large_city,51+,2011,0.0683410685329549
Sri Lanka,large_city,51+,2012,0.06772765179489187
Sri Lanka,large_city,51+,2013,0.06744626136167663
Sri Lanka,large_city,51+,2014,0.06698458858111932
Sri Lanka,large_city,51+,2015,0.06668724201881794
Sri Lanka,large_city,51+,2016,0.06632015854693069
Sri Lanka,large_city,51+,2017,0.06584126649684445
Sri Lanka,large_city,51+,2018,0.065682055256091
Sri Lanka,large_city,51+,2019,0.06572631012132774
Sri Lanka,large_city,51+,2020,0.06613753574950877
Sri Lanka,large_city,51+,2025,0.06653888557345024
Sri Lanka,large_city,51+,2030,0.06560103822013244
Sri Lanka,large_city,51+,2035,0.06458689038530237
Sri Lanka,large_city,51+,2040,0.06353337865982277
Sri Lanka,large_city,51+,2045,0.062448064492215766
Sri Lanka,large_city,51+,2050,0.06134249290778364
Sri Lanka,large_city,51+,2055,0.060236589977906714
Sri Lanka,large_city,51+,2060,0.059163992807564764
Sri Lanka,large_city,51+,2065,0.05814589797418765
Sri Lanka,large_city,51+,2070,0.057189289603559214
Sri Lanka,large_city,51+,2075,0.05626129991498501
Sri Lanka,large_city,51+,2080,0.05538830138348298
Sri Lanka,large_city,51+,2085,0.054568008330968976
Sri Lanka,large_city,51+,2090,0.0538169652486348
Sri Lanka,large_city,51+,2095,0.05313205335187037
Sri Lanka,large_city,51+,2100,0.05248759659060591
Sri Lanka,city,No_travel,2011,0.0
Sri Lanka,city,No_travel,2012,0.0
Sri Lanka,city,No_travel,2013,0.0
Sri Lanka,city,No_travel,2014,0.0
Sri Lanka,city,No_travel,2015,0.0
Sri Lanka,city,No_travel,2016,0.0
Sri Lanka,city,No_travel,2017,0.0
Sri Lanka,city,No_travel,2018,0.0
Sri Lanka,city,No_travel,2019,0.0
Sri Lanka,city,No_travel,2020,0.0
Sri Lanka,city,No_travel,2025,0.0
Sri Lanka,city,No_travel,2030,0.0
Sri Lanka,city,No_travel,2035,0.0
Sri Lanka,city,No_travel,2040,0.0
Sri Lanka,city,No_travel,2045,0.0
Sri Lanka,city,No_travel,2050,0.0
Sri Lanka,city,No_travel,2055,0.0
Sri Lanka,city,No_travel,2060,0.0
Sri Lanka,city,No_travel,2065,0.0
Sri Lanka,city,No_travel,2070,0.0
Sri Lanka,city,No_travel,2075,0.0
Sri Lanka,city,No_travel,2080,0.0
Sri Lanka,city,No_travel,2085,0.0
Sri Lanka,city,No_travel,2090,0.0
Sri Lanka,city,No_travel,2095,0.0
Sri Lanka,city,No_travel,2100,0.0
Sri Lanka,city,00_01,2011,0.0195275670690455
Sri Lanka,city,00_01,2012,0.01935229125391796
Sri Lanka,city,00_01,2013,0.019271887615591045
Sri Lanka,city,00_01,2014,0.019139970652924033
Sri Lanka,city,00_01,2015,0.01905500775926822
Sri Lanka,city,00_01,2016,0.018950118455207075
Sri Lanka,city,00_01,2017,0.01881328131133974
Sri Lanka,city,00_01,2018,0.01876778878029364
Sri Lanka,city,00_01,2019,0.01878043402959385
Sri Lanka,city,00_01,2020,0.018897936377847934
Sri Lanka,city,00_01,2025,0.01901261684412404
Sri Lanka,city,00_01,2030,0.018744639221216244
Sri Lanka,city,00_01,2035,0.018454859733015503
Sri Lanka,city,00_01,2040,0.018153832527574482
Sri Lanka,city,00_01,2045,0.0178437181899751
Sri Lanka,city,00_01,2050,0.01752781556029616
Sri Lanka,city,00_01,2055,0.017211818252987277
Sri Lanka,city,00_01,2060,0.016905337631136583
Sri Lanka,city,00_01,2065,0.01661443033969098
Sri Lanka,city,00_01,2070,0.016341092001305926
Sri Lanka,city,00_01,2075,0.016075931077252227
Sri Lanka,city,00_01,2080,0.01582648315756008
Sri Lanka,city,00_01,2085,0.0155920951395923
Sri Lanka,city,00_01,2090,0.0153774943954592
Sri Lanka,city,00_01,2095,0.015181789773223084
Sri Lanka,city,00_01,2100,0.014997644677179945
Sri Lanka,city,02_05,2011,0.0495217408664981
Sri Lanka,city,02_05,2012,0.04907724291822734
Sri Lanka,city,02_05,2013,0.048873339988186416
Sri Lanka,city,02_05,2014,0.048538799714019504
Sri Lanka,city,02_05,2015,0.04832333455197376
Sri Lanka,city,02_05,2016,0.048057336185816965
Sri Lanka,city,02_05,2017,0.047710318374762986
Sri Lanka,city,02_05,2018,0.04759494971025601
Sri Lanka,city,02_05,2019,0.04762701795290104
Sri Lanka,city,02_05,2020,0.04792500288982991
Sri Lanka,city,02_05,2025,0.04821583155851629
Sri Lanka,city,02_05,2030,0.04753624262904354
Sri Lanka,city,02_05,2035,0.04680136435811693
Sri Lanka,city,02_05,2040,0.046037961973738634
Sri Lanka,city,02_05,2045,0.04525151470095337
Sri Lanka,city,02_05,2050,0.044450388369614104
Sri Lanka,city,02_05,2055,0.04364902193662576
Sri Lanka,city,02_05,2060,0.04287178973549037
Sri Lanka,city,02_05,2065,0.042134051365308026
Sri Lanka,city,02_05,2070,0.04144086770783945
Sri Lanka,city,02_05,2075,0.04076842190225194
Sri Lanka,city,02_05,2080,0.04013582413956068
Sri Lanka,city,02_05,2085,0.03954141815713741
Sri Lanka,city,02_05,2090,0.03899719252968773
Sri Lanka,city,02_05,2095,0.03850088730362013
Sri Lanka,city,02_05,2100,0.0380338969358062
Sri Lanka,city,06_10,2011,0.0572198770303753
Sri Lanka,city,06_10,2012,0.05670628204168392
Sri Lanka,city,06_10,2013,0.056470682477150674
Sri Lanka,city,06_10,2014,0.05608413804202786
Sri Lanka,city,06_10,2015,0.05583517890083321
Sri Lanka,city,06_10,2016,0.05552783118777918
Sri Lanka,city,06_10,2017,0.05512686958730985
Sri Lanka,city,06_10,2018,0.054993566906896336
Sri Lanka,city,06_10,2019,0.055030620145910605
Sri Lanka,city,06_10,2020,0.055374926730243725
Sri Lanka,city,06_10,2025,0.05571096460710278
Sri Lanka,city,06_10,2030,0.05492573383178603
Sri Lanka,city,06_10,2035,0.054076619007489495
Sri Lanka,city,06_10,2040,0.05319454600693445
Sri Lanka,city,06_10,2045,0.052285845798657034
Sri Lanka,city,06_10,2050,0.051360184677643424
Sri Lanka,city,06_10,2055,0.050434246131268845
Sri Lanka,city,06_10,2060,0.04953619347409537
Sri Lanka,city,06_10,2065,0.04868377394917958
Sri Lanka,city,06_10,2070,0.047882835150466006
Sri Lanka,city,06_10,2075,0.047105857894980646
Sri Lanka,city,06_10,2080,0.046374923045810756
Sri Lanka,city,06_10,2085,0.04568811687491969
Sri Lanka,city,06_10,2090,0.04505929157648362
Sri Lanka,city,06_10,2095,0.044485835887967375
Sri Lanka,city,06_10,2100,0.04394625204149642
Sri Lanka,city,11_20,2011,0.0736255863590152
Sri Lanka,city,11_20,2012,0.07296473677044685
Sri Lanka,city,11_20,2013,0.07266158763792634
Sri Lanka,city,11_20,2014,0.07216421570763325
Sri Lanka,city,11_20,2015,0.07184387662790816
Sri Lanka,city,11_20,2016,0.07144840818644868
Sri Lanka,city,11_20,2017,0.07093248549534725
Sri Lanka,city,11_20,2018,0.0707609631412628
Sri Lanka,city,11_20,2019,0.07080864004290098
Sri Lanka,city,11_20,2020,0.07125166396176294
Sri Lanka,city,11_20,2025,0.07168404842336275
Sri Lanka,city,11_20,2030,0.07067368141000567
Sri Lanka,city,11_20,2035,0.0695811139304954
Sri Lanka,city,11_20,2040,0.06844613872174328
Sri Lanka,city,11_20,2045,0.06727690192622433
Sri Lanka,city,11_20,2050,0.06608584129587394
Sri Lanka,city,11_20,2055,0.0648944236985755
Sri Lanka,city,11_20,2060,0.0637388872504533
Sri Lanka,city,11_20,2065,0.0626420675681516
Sri Lanka,city,11_20,2070,0.0616114888295488
Sri Lanka,city,11_20,2075,0.06061174173130948
Sri Lanka,city,11_20,2080,0.05967123801733255
Sri Lanka,city,11_20,2085,0.058787515267980935
Sri Lanka,city,11_20,2090,0.057978397288049564
Sri Lanka,city,11_20,2095,0.05724052413086839
Sri Lanka,city,11_20,2100,0.056546234329001334
Sri Lanka,city,21_30,2011,0.0391220097897899
Sri Lanka,city,21_30,2012,0.038770857896106084
Sri Lanka,city,21_30,2013,0.03860977526278887
Sri Lanka,city,21_30,2014,0.0383454895641839
Sri Lanka,city,21_30,2015,0.03817527280622225
Sri Lanka,city,21_30,2016,0.03796513498588778
Sri Lanka,city,21_30,2017,0.03769099207484021
Sri Lanka,city,21_30,2018,0.037599851215425674
Sri Lanka,city,21_30,2019,0.03762518501994766
Sri Lanka,city,21_30,2020,0.03786059212429741
Sri Lanka,city,21_30,2025,0.03809034580065085
Sri Lanka,city,21_30,2030,0.03755347281745868
Sri Lanka,city,21_30,2035,0.03697292143928724
Sri Lanka,city,21_30,2040,0.03636983610681257
Sri Lanka,city,21_30,2045,0.03574854538950919
Sri Lanka,city,21_30,2050,0.03511565826500351
Sri Lanka,city,21_30,2055,0.03448258146099745
Sri Lanka,city,21_30,2060,0.03386857061950199
Sri Lanka,city,21_30,2065,0.03328575977247657
Sri Lanka,city,21_30,2070,0.032738146999599385
Sri Lanka,city,21_30,2075,0.03220691706040525
Sri Lanka,city,21_30,2080,0.031707166941932555
Sri Lanka,city,21_30,2085,0.031237588202239968
Sri Lanka,city,21_30,2090,0.030807651775280782
Sri Lanka,city,21_30,2095,0.030415572305270144
Sri Lanka,city,21_30,2100,0.03004665147531375
Sri Lanka,city,31_50,2011,0.0678243479409768
Sri Lanka,city,31_50,2012,0.06721556919097608
Sri Lanka,city,31_50,2013,0.06693630632518624
Sri Lanka,city,31_50,2014,0.06647812421045536
Sri Lanka,city,31_50,2015,0.06618302585841751
Sri Lanka,city,31_50,2016,0.06581871787121274
Sri Lanka,city,31_50,2017,0.06534344668028085
Sri Lanka,city,31_50,2018,0.06518543922121149
Sri Lanka,city,31_50,2019,0.06522935947944465
Sri Lanka,city,31_50,2020,0.06563747586812166
Sri Lanka,city,31_50,2025,0.06603579112261507
Sri Lanka,city,31_50,2030,0.06510503474767959
Sri Lanka,city,31_50,2035,0.06409855479222008
Sri Lanka,city,31_50,2040,0.06305300857290144
Sri Lanka,city,31_50,2045,0.0619759003668225
Sri Lanka,city,31_50,2050,0.06087868790840121
Sri Lanka,city,31_50,2055,0.05978114660980783
Sri Lanka,city,31_50,2060,0.05871665924893639
Sri Lanka,city,31_50,2065,0.05770626213782622
Sri Lanka,city,31_50,2070,0.056756886595922484
Sri Lanka,city,31_50,2075,0.05583591335282569
Sri Lanka,city,31_50,2080,0.054969515483673216
Sri Lanka,city,31_50,2085,0.05415542459218463
Sri Lanka,city,31_50,2090,0.05341006007816136
Sri Lanka,city,31_50,2095,0.05273032673783958
Sri Lanka,city,31_50,2100,0.05209074265542451
Sri Lanka,city,51+,2011,0.0385852189262921
Sri Lanka,city,51+,2012,0.038238885167700076
Sri Lanka,city,51+,2013,0.03808001274000107
Sri Lanka,city,51+,2014,0.037819353290382954
Sri Lanka,city,51+,2015,0.03765147206684244
Sri Lanka,city,51+,2016,0.0374442175355475
Sri Lanka,city,51+,2017,0.03717383612373613
Sri Lanka,city,51+,2018,0.03708394580285189
Sri Lanka,city,51+,2019,0.03710893200368792
Sri Lanka,city,51+,2020,0.037341109100594384
Sri Lanka,city,51+,2025,0.03756771033986741
Sri Lanka,city,51+,2030,0.037038203760236435
Sri Lanka,city,51+,2035,0.03646561809439081
Sri Lanka,city,51+,2040,0.03587080766134287
Sri Lanka,city,51+,2045,0.035258041638512407
Sri Lanka,city,51+,2050,0.034633838322121024
Sri Lanka,city,51+,2055,0.03400944792881085
Sri Lanka,city,51+,2060,0.03340386189502784
Sri Lanka,city,51+,2065,0.03282904776237142
Sri Lanka,city,51+,2070,0.03228894875309675
Sri Lanka,city,51+,2075,0.03176500778957917
Sri Lanka,city,51+,2080,0.031272114713959576
Sri Lanka,city,51+,2085,0.030808979037353836
Sri Lanka,city,51+,2090,0.030384941743571002
Sri Lanka,city,51+,2095,0.029998241973591057
Sri Lanka,city,51+,2100,0.02963438308528691
Sri Lanka,town,No_travel,2011,0.0
Sri Lanka,town,No_travel,2012,0.0
Sri Lanka,town,No_travel,2013,0.0
Sri Lanka,town,No_travel,2014,0.0
Sri Lanka,town,No_travel,2015,0.0
Sri Lanka,town,No_travel,2016,0.0
Sri Lanka,town,No_travel,2017,0.0
Sri Lanka,town,No_travel,2018,0.0
Sri Lanka,town,No_travel,2019,0.0
Sri Lanka,town,No_travel,2020,0.0
Sri Lanka,town,No_travel,2025,0.0
Sri Lanka,town,No_travel,2030,0.0
Sri Lanka,town,No_travel,2035,0.0
Sri Lanka,town,No_travel,2040,0.0
Sri Lanka,town,No_travel,2045,0.0
Sri Lanka,town,No_travel,2050,0.0
Sri Lanka,town,No_travel,2055,0.0
Sri Lanka,town,No_travel,2060,0.0
Sri Lanka,town,No_travel,2065,0.0
Sri Lanka,town,No_travel,2070,0.0
Sri Lanka,town,No_travel,2075,0.0
Sri Lanka,town,No_travel,2080,0.0
Sri Lanka,town,No_travel,2085,0.0
Sri Lanka,town,No_travel,2090,0.0
Sri Lanka,town,No_travel,2095,0.0
Sri Lanka,town,No_travel,2100,0.0
Sri Lanka,town,00_01,2011,0.0129968328827312
Sri Lanka,town,00_01,2012,0.012880175724696998
Sri Lanka,town,00_01,2013,0.012826662010120901
Sri Lanka,town,00_01,2014,0.01273886291502019
Sri Lanka,town,00_01,2015,0.012682314727210953
Sri Lanka,town,00_01,2016,0.012612504251013453
Sri Lanka,town,00_01,2017,0.012521430463648864
Sri Lanka,town,00_01,2018,0.012491152302456123
Sri Lanka,town,00_01,2019,0.012499568516894625
Sri Lanka,town,00_01,2020,0.012577773772991664
Sri Lanka,town,00_01,2025,0.012654100887876697
Sri Lanka,town,00_01,2030,0.012475744804452198
Sri Lanka,town,00_01,2035,0.012282878198608682
Sri Lanka,town,00_01,2040,0.012082525524440973
Sri Lanka,town,00_01,2045,0.011876124788186069
Sri Lanka,town,00_01,2050,0.011665871576885577
Sri Lanka,town,00_01,2055,0.011455555351624888
Sri Lanka,town,00_01,2060,0.011251573083383027
Sri Lanka,town,00_01,2065,0.01105795585303794
Sri Lanka,town,00_01,2070,0.010876031873882065
Sri Lanka,town,00_01,2075,0.010699550481972298
Sri Lanka,town,00_01,2080,0.010533527089825152
Sri Lanka,town,00_01,2085,0.01037752701626398
Sri Lanka,town,00_01,2090,0.010234696626889521
Sri Lanka,town,00_01,2095,0.010104442803636097
Sri Lanka,town,00_01,2100,0.009981882577316815
Sri Lanka,town,02_05,2011,0.0454311662241691
Sri Lanka,town,02_05,2012,0.04502338451413935
Sri Lanka,town,02_05,2013,0.0448363242907668
Sri Lanka,town,02_05,2014,0.04452941757588921
Sri Lanka,town,02_05,2015,0.044331750179284424
Sri Lanka,town,02_05,2016,0.04408772370168533
Sri Lanka,town,02_05,2017,0.043769370114333836
Sri Lanka,town,02_05,2018,0.04366353108520103
Sri Lanka,town,02_05,2019,0.04369295043994567
Sri Lanka,town,02_05,2020,0.04396632134664318
Sri Lanka,town,02_05,2025,0.044233127104248995
Sri Lanka,town,02_05,2030,0.043609673302368035
Sri Lanka,town,02_05,2035,0.042935497146667036
Sri Lanka,town,02_05,2040,0.042235153014700544
Sri Lanka,town,02_05,2045,0.041513667538800744
Sri Lanka,town,02_05,2050,0.040778715517954985
Sri Lanka,town,02_05,2055,0.04004354322823864
Sri Lanka,town,02_05,2060,0.039330511644398526
Sri Lanka,town,02_05,2065,0.03865371163819406
Sri Lanka,town,02_05,2070,0.03801778605449478
Sri Lanka,town,02_05,2075,0.03740088534309312
Sri Lanka,town,02_05,2080,0.03682054116279984
Sri Lanka,town,02_05,2085,0.03627523406091682
Sri Lanka,town,02_05,2090,0.03577596233679119
Sri Lanka,town,02_05,2095,0.035320652712596316
Sri Lanka,town,02_05,2100,0.03489223649268929
Sri Lanka,town,06_10,2011,0.0569320146292085
Sri Lanka,town,06_10,2012,0.056421003439964874
Sri Lanka,town,06_10,2013,0.056186589132371706
Sri Lanka,town,06_10,2014,0.055801989329342265
Sri Lanka,town,06_10,2015,0.05555428265459627
Sri Lanka,town,06_10,2016,0.055248481149875156
Sri Lanka,town,06_10,2017,0.054849536711536834
Sri Lanka,town,06_10,2018,0.054716904651747784
Sri Lanka,town,06_10,2019,0.05475377148291032
Sri Lanka,town,06_10,2020,0.055096345925805056
Sri Lanka,town,06_10,2025,0.05543069325953232
Sri Lanka,town,06_10,2030,0.05464941283203496
Sri Lanka,town,06_10,2035,0.0538045697441502
Sri Lanka,town,06_10,2040,0.052926934286370894
Sri Lanka,town,06_10,2045,0.05202280557732541
Sri Lanka,town,06_10,2050,0.05110180128269435
Sri Lanka,town,06_10,2055,0.05018052095837696
Sri Lanka,town,06_10,2060,0.04928698623461552
Sri Lanka,town,06_10,2065,0.04843885507143657
Sri Lanka,town,06_10,2070,0.04764194564464323
Sri Lanka,town,06_10,2075,0.04686887721507683
Sri Lanka,town,06_10,2080,0.04614161956117017
Sri Lanka,town,06_10,2085,0.045458268582491135
Sri Lanka,town,06_10,2090,0.044832606785441584
Sri Lanka,town,06_10,2095,0.04426203604425529
Sri Lanka,town,06_10,2100,0.04372516674227023
Sri Lanka,town,11_20,2011,0.0621547171877937
Sri Lanka,town,11_20,2012,0.06159682799040457
Sri Lanka,town,11_20,2013,0.061340909504327475
Sri Lanka,town,11_20,2014,0.0609210281398006
Sri Lanka,town,11_20,2015,0.060650597900950995
Sri Lanka,town,11_20,2016,0.06031674345779923
Sri Lanka,town,11_20,2017,0.059881201541707604
Sri Lanka,town,11_20,2018,0.05973640237695096
Sri Lanka,town,11_20,2019,0.05977665121549007
Sri Lanka,town,11_20,2020,0.060150651990845815
Sri Lanka,town,11_20,2025,0.06051567093678786
Sri Lanka,town,11_20,2030,0.05966271914276258
Sri Lanka,town,11_20,2035,0.05874037371835529
Sri Lanka,town,11_20,2040,0.0577822276905443
Sri Lanka,town,11_20,2045,0.056795158032495414
Sri Lanka,town,11_20,2050,0.05578966469391667
Sri Lanka,town,11_20,2055,0.054783870003854034
Sri Lanka,town,11_20,2060,0.053808366178553384
Sri Lanka,town,11_20,2065,0.052882431044712234
Sri Lanka,town,11_20,2070,0.0520124165130077
Sri Lanka,town,11_20,2075,0.05116843005091858
Sri Lanka,town,11_20,2080,0.050374456851557455
Sri Lanka,town,11_20,2085,0.04962841814036092
Sri Lanka,town,11_20,2090,0.048945360772655
Sri Lanka,town,11_20,2095,0.048322448281589395
Sri Lanka,town,11_20,2100,0.04773632885741272
Sri Lanka,town,21_30,2011,0.0318021562733665
Sri Lanka,town,21_30,2012,0.03151670602531877
Sri Lanka,town,21_30,2013,0.03138576246937149
Sri Lanka,town,21_30,2014,0.031170925472678017
Sri Lanka,town,21_30,2015,0.03103255681610519
Sri Lanka,town,21_30,2016,0.030861736455977232
Sri Lanka,town,21_30,2017,0.030638886562906406
Sri Lanka,town,21_30,2018,0.03056479845062475
Sri Lanka,town,21_30,2019,0.030585392219061907
Sri Lanka,town,21_30,2020,0.030776753899114072
Sri Lanka,town,21_30,2025,0.030963519925681537
Sri Lanka,town,21_30,2030,0.030527097599677172
Sri Lanka,town,21_30,2035,0.030055169246493613
Sri Lanka,town,21_30,2040,0.029564923114135146
Sri Lanka,town,21_30,2045,0.029059877882843612
Sri Lanka,town,21_30,2050,0.02854540596933308
Sri Lanka,town,21_30,2055,0.02803077986596508
Sri Lanka,town,21_30,2060,0.027531652422367433
Sri Lanka,town,21_30,2065,0.027057887354199773
Sri Lanka,town,21_30,2070,0.026612734687608587
Sri Lanka,town,21_30,2075,0.02618089957397002
Sri Lanka,town,21_30,2080,0.025774654305623663
Sri Lanka,town,21_30,2085,0.025392935254312257
Sri Lanka,town,21_30,2090,0.025043441311868194
Sri Lanka,town,21_30,2095,0.024724721168300542
Sri Lanka,town,21_30,2100,0.02442482660895111
Sri Lanka,town,31_50,2011,0.0457355874252065
Sri Lanka,town,31_50,2012,0.04532507328701685
Sri Lanka,town,31_50,2013,0.045136759626794705
Sri Lanka,town,31_50,2014,0.044827796418137306
Sri Lanka,town,31_50,2015,0.04462880450906054
Sri Lanka,town,31_50,2016,0.044383142880097974
Sri Lanka,town,31_50,2017,0.04406265609676076
Sri Lanka,town,31_50,2018,0.04395610787068138
Sri Lanka,town,31_50,2019,0.04398572435607551
Sri Lanka,town,31_50,2020,0.044260927042730755
Sri Lanka,town,31_50,2025,0.04452952058911516
Sri Lanka,town,31_50,2030,0.043901889202308836
Sri Lanka,town,31_50,2035,0.043223195585752515
Sri Lanka,town,31_50,2040,0.04251815864883488
Sri Lanka,town,31_50,2045,0.041791838705908184
Sri Lanka,town,31_50,2050,0.04105196198258424
Sri Lanka,town,31_50,2055,0.04031186351443126
Sri Lanka,town,31_50,2060,0.03959405411066772
Sri Lanka,town,31_50,2065,0.03891271906193905
Sri Lanka,town,31_50,2070,0.03827253232348524
Sri Lanka,town,31_50,2075,0.03765149793753604
Sri Lanka,town,31_50,2080,0.03706726503751437
Sri Lanka,town,31_50,2085,0.036518303989305806
Sri Lanka,town,31_50,2090,0.03601568678870369
Sri Lanka,town,31_50,2095,0.035557326265441926
Sri Lanka,town,31_50,2100,0.035126039351448715
Sri Lanka,town,51+,2011,0.0299585707997298
Sri Lanka,town,51+,2012,0.029689668232481547
Sri Lanka,town,51+,2013,0.029566315534070332
Sri Lanka,town,51+,2014,0.029363932735856333
Sri Lanka,town,51+,2015,0.0292335853732823
Sri Lanka,town,51+,2016,0.029072667547178334
Sri Lanka,town,51+,2017,0.028862736363836978
Sri Lanka,town,51+,2018,0.028792943173144837
Sri Lanka,town,51+,2019,0.028812343111452622
Sri Lanka,town,51+,2020,0.02899261146781559
Sri Lanka,town,51+,2025,0.029168550582818035
Sri Lanka,town,51+,2030,0.0287574278576859
Sri Lanka,town,51+,2035,0.0283128574059304
Sri Lanka,town,51+,2040,0.027851031064995934
Sri Lanka,town,51+,2045,0.027375263535629232
Sri Lanka,town,51+,2050,0.026890615793102236
Sri Lanka,town,51+,2055,0.026405822799173993
Sri Lanka,town,51+,2060,0.025935630000655137
Sri Lanka,town,51+,2065,0.02548932930911913
Sri Lanka,town,51+,2070,0.025069982345217526
Sri Lanka,town,51+,2075,0.024663180909662515
Sri Lanka,town,51+,2080,0.02428048586442113
Sri Lanka,town,51+,2085,0.02392089524025029
Sri Lanka,town,51+,2090,0.023591661620718782
Sri Lanka,town,51+,2095,0.023291417828936394
Sri Lanka,town,51+,2100,0.023008908293686795
Sri Lanka,rural,No_travel,2011,0.0
Sri Lanka,rural,No_travel,2012,0.0
Sri Lanka,rural,No_travel,2013,0.0
Sri Lanka,rural,No_travel,2014,0.0
Sri Lanka,rural,No_travel,2015,0.0
Sri Lanka,rural,No_travel,2016,0.0
Sri Lanka,rural,No_travel,2017,0.0
Sri Lanka,rural,No_travel,2018,0.0
Sri Lanka,rural,No_travel,2019,0.0
Sri Lanka,rural,No_travel,2020,0.0
Sri Lanka,rural,No_travel,2025,0.0
Sri Lanka,rural,No_travel,2030,0.0
Sri Lanka,rural,No_travel,2035,0.0
Sri Lanka,rural,No_travel,2040,0.0
Sri Lanka,rural,No_travel,2045,0.0
Sri Lanka,rural,No_travel,2050,0.0
Sri Lanka,rural,No_travel,2055,0.0
Sri Lanka,rural,No_travel,2060,0.0
Sri Lanka,rural,No_travel,2065,0.0
Sri Lanka,rural,No_travel,2070,0.0
Sri Lanka,rural,No_travel,2075,0.0
Sri Lanka,rural,No_travel,2080,0.0
Sri Lanka,rural,No_travel,2085,0.0
Sri Lanka,rural,No_travel,2090,0.0
Sri Lanka,rural,No_travel,2095,0.0
Sri Lanka,rural,No_travel,2100,0.0
Sri Lanka,rural,00_01,2011,0.00937229078988372
Sri Lanka,rural,00_01,2012,0.009288166848483296
Sri Lanka,rural,00_01,2013,0.009249576978260343
Sri Lanka,rural,00_01,2014,0.00918626319575677
Sri Lanka,rural,00_01,2015,0.0091454851027728
Sri Lanka,rural,00_01,2016,0.009095143293425343
Sri Lanka,rural,00_01,2017,0.009029468061142323
Sri Lanka,rural,00_01,2018,0.009007633839386775
Sri Lanka,rural,00_01,2019,0.009013702949436845
Sri Lanka,rural,00_01,2020,0.009070098411935455
Sri Lanka,rural,00_01,2025,0.009125139507124567
Sri Lanka,rural,00_01,2030,0.00899652316704527
Sri Lanka,rural,00_01,2035,0.008857442982670116
Sri Lanka,rural,00_01,2040,0.008712964436260124
Sri Lanka,rural,00_01,2045,0.008564124504495105
Sri Lanka,rural,00_01,2050,0.008412506471579307
Sri Lanka,rural,00_01,2055,0.008260842997965446
Sri Lanka,rural,00_01,2060,0.008113747074582222
Sri Lanka,rural,00_01,2065,0.00797412559901973
Sri Lanka,rural,00_01,2070,0.007842936373945742
Sri Lanka,rural,00_01,2075,0.007715671913526353
Sri Lanka,rural,00_01,2080,0.007595948937693263
Sri Lanka,rural,00_01,2085,0.007483453988666012
Sri Lanka,rural,00_01,2090,0.007380455977155961
Sri Lanka,rural,00_01,2095,0.007286527193194504
Sri Lanka,rural,00_01,2100,0.007198146424533203
Sri Lanka,rural,02_05,2011,0.0357129319501618
Sri Lanka,rural,02_05,2012,0.035392379305993364
Sri Lanka,rural,02_05,2013,0.03524533335531443
Sri Lanka,rural,02_05,2014,0.03500407741727865
Sri Lanka,rural,02_05,2015,0.03484869328628628
Sri Lanka,rural,02_05,2016,0.034656866799914955
Sri Lanka,rural,02_05,2017,0.03440661260337783
Sri Lanka,rural,02_05,2018,0.03432341372561976
Sri Lanka,rural,02_05,2019,0.03434653995154205
Sri Lanka,rural,02_05,2020,0.034561433765622665
Sri Lanka,rural,02_05,2025,0.03477116678938596
Sri Lanka,rural,02_05,2030,0.0342810767245441
Sri Lanka,rural,02_05,2035,0.03375111438432659
Sri Lanka,rural,02_05,2040,0.03320058169046612
Sri Lanka,rural,02_05,2045,0.032633430022452545
Sri Lanka,rural,02_05,2050,0.032055692453982744
Sri Lanka,rural,02_05,2055,0.0314777817346159
Sri Lanka,rural,02_05,2060,0.030917275576654864
Sri Lanka,rural,02_05,2065,0.03038525065688535
Sri Lanka,rural,02_05,2070,0.029885356663762686
Sri Lanka,rural,02_05,2075,0.02940041791009773
Sri Lanka,rural,02_05,2080,0.02894421583691696
Sri Lanka,rural,02_05,2085,0.028515556019438445
Sri Lanka,rural,02_05,2090,0.02812308409784263
Sri Lanka,rural,02_05,2095,0.027765170291604593
Sri Lanka,rural,02_05,2100,0.027428397089869227
Sri Lanka,rural,06_10,2011,0.0564972292407587
Sri Lanka,rural,06_10,2012,0.055990120604408465
Sri Lanka,rural,06_10,2013,0.055757496500735686
Sri Lanka,rural,06_10,2014,0.05537583385662899
Sri Lanka,rural,06_10,2015,0.05513001889858233
Sri Lanka,rural,06_10,2016,0.054826552776279784
Sri Lanka,rural,06_10,2017,0.0544306550457336
Sri Lanka,rural,06_10,2018,0.05429903588671772
Sri Lanka,rural,06_10,2019,0.05433562116874464
Sri Lanka,rural,06_10,2020,0.05467557939713868
Sri Lanka,rural,06_10,2025,0.05500737334616107
Sri Lanka,rural,06_10,2030,0.05423205949680731
Sri Lanka,rural,06_10,2035,0.053393668410182955
Sri Lanka,rural,06_10,2040,0.05252273538645438
Sri Lanka,rural,06_10,2045,0.05162551143836863
Sri Lanka,rural,06_10,2050,0.05071154078223804
Sri Lanka,rural,06_10,2055,0.049797296204438464
Sri Lanka,rural,06_10,2060,0.04891058533619126
Sri Lanka,rural,06_10,2065,0.048068931285049195
Sri Lanka,rural,06_10,2070,0.047278107793857195
Sri Lanka,rural,06_10,2075,0.046510943228041904
Sri Lanka,rural,06_10,2080,0.04578923958453899
Sri Lanka,rural,06_10,2085,0.04511110730438394
Sri Lanka,rural,06_10,2090,0.04449022363804415
Sri Lanka,rural,06_10,2095,0.04392401030143875
Sri Lanka,rural,06_10,2100,0.043391241028752324
Sri Lanka,rural,11_20,2011,0.0790926871290141
Sri Lanka,rural,11_20,2012,0.07838276585934704
Sri Lanka,rural,11_20,2013,0.078057106252713
Sri Lanka,rural,11_20,2014,0.0775228017477872
Sri Lanka,rural,11_20,2015,0.07717867574674803
Sri Lanka,rural,11_20,2016,0.07675384161969291
Sri Lanka,rural,11_20,2017,0.0761996088589368
Sri Lanka,rural,11_20,2018,0.07601535003590913
Sri Lanka,rural,11_20,2019,0.07606656720715395
Sri Lanka,rural,11_20,2020,0.07654248806480737
Sri Lanka,rural,11_20,2025,0.07700697942755186
Sri Lanka,rural,11_20,2030,0.07592158716074864
Sri Lanka,rural,11_20,2035,0.07474789059549662
Sri Lanka,rural,11_20,2040,0.07352863729614376
Sri Lanka,rural,11_20,2045,0.0722725783006097
Sri Lanka,rural,11_20,2050,0.07099307493165004
Sri Lanka,rural,11_20,2055,0.06971318808900231
Sri Lanka,rural,11_20,2060,0.06847184676627463
Sri Lanka,rural,11_20,2065,0.06729358224901541
Sri Lanka,rural,11_20,2070,0.06618647742628898
Sri Lanka,rural,11_20,2075,0.06511249366113966
Sri Lanka,rural,11_20,2080,0.06410215242418808
Sri Lanka,rural,11_20,2085,0.06315280844772818
Sri Lanka,rural,11_20,2090,0.062283609051133684
Sri Lanka,rural,11_20,2095,0.06149094479339521
Sri Lanka,rural,11_20,2100,0.06074510019246849
Sri Lanka,rural,21_30,2011,0.0462193616190824
Sri Lanka,rural,21_30,2012,0.045804505213580614
Sri Lanka,rural,21_30,2013,0.045614199640839174
Sri Lanka,rural,21_30,2014,0.04530196833318884
Sri Lanka,rural,21_30,2015,0.045100871561010475
Sri Lanka,rural,21_30,2016,0.04485261141384341
Sri Lanka,rural,21_30,2017,0.044528734639385815
Sri Lanka,rural,21_30,2018,0.044421059385425475
Sri Lanka,rural,21_30,2019,0.0444509891430908
Sri Lanka,rural,21_30,2020,0.044729102822375286
Sri Lanka,rural,21_30,2025,0.0450005374523381
Sri Lanka,rural,21_30,2030,0.04436626721195413
Sri Lanka,rural,21_30,2035,0.04368039462436622
Sri Lanka,rural,21_30,2040,0.042967900066479624
Sri Lanka,rural,21_30,2045,0.04223389737878749
Sri Lanka,rural,21_30,2050,0.04148619451206965
Sri Lanka,rural,21_30,2055,0.04073826755498767
Sri Lanka,rural,21_30,2060,0.04001286542780651
Sri Lanka,rural,21_30,2065,0.03932432346794989
Sri Lanka,rural,21_30,2070,0.038677365070034345
Sri Lanka,rural,21_30,2075,0.0380497616111521
Sri Lanka,rural,21_30,2080,0.03745934891075712
Sri Lanka,rural,21_30,2085,0.03690458115482888
Sri Lanka,rural,21_30,2090,0.03639664745465305
Sri Lanka,rural,21_30,2095,0.03593343856264543
Sri Lanka,rural,21_30,2100,0.035497589654570755
Sri Lanka,rural,31_50,2011,0.0461113884100324
Sri Lanka,rural,31_50,2012,0.045697501152001024
Sri Lanka,rural,31_50,2013,0.045507640152760154
Sri Lanka,rural,31_50,2014,0.04519613824973749
Sri Lanka,rural,31_50,2015,0.04499551126041767
Sri Lanka,rural,31_50,2016,0.044747831074631074
Sri Lanka,rural,31_50,2017,0.044424710909816055
Sri Lanka,rural,31_50,2018,0.044317287196385446
Sri Lanka,rural,31_50,2019,0.044347147035041334
Sri Lanka,rural,31_50,2020,0.04462461101200668
Sri Lanka,rural,31_50,2025,0.04489541154260036
Sri Lanka,rural,31_50,2030,0.044262623023098295
Sri Lanka,rural,31_50,2035,0.043578352704812404
Sri Lanka,rural,31_50,2040,0.04286752260790387
Sri Lanka,rural,31_50,2045,0.04213523462640552
Sri Lanka,rural,31_50,2050,0.04138927847091665
Sri Lanka,rural,31_50,2055,0.04064309874856189
Sri Lanka,rural,31_50,2060,0.03991939123577565
Sri Lanka,rural,31_50,2065,0.03923245778115075
Sri Lanka,rural,31_50,2070,0.03858701074496539
Sri Lanka,rural,31_50,2075,0.037960873432673944
Sri Lanka,rural,31_50,2080,0.03737183999741142
Sri Lanka,rural,31_50,2085,0.036818368236338724
Sri Lanka,rural,31_50,2090,0.03631162112182032
Sri Lanka,rural,31_50,2095,0.03584949433369252
Sri Lanka,rural,31_50,2100,0.03541466361374544
Sri Lanka,rural,51+,2011,0.0228571795411535
Sri Lanka,rural,51+,2012,0.022652017742890218
Sri Lanka,rural,51+,2013,0.022557904616021817
Sri Lanka,rural,51+,2014,0.022403494714903965
Sri Lanka,rural,51+,2015,0.022304044941782702
Sri Lanka,rural,51+,2016,0.022181271139680513
Sri Lanka,rural,51+,2017,0.02202110212557776
Sri Lanka,rural,51+,2018,0.021967852739915656
Sri Lanka,rural,51+,2019,0.021982654109311835
Sri Lanka,rural,51+,2020,0.022120191584464495
Sri Lanka,rural,51+,2025,0.022254426023310247
Sri Lanka,rural,51+,2030,0.02194075598862761
Sri Lanka,rural,51+,2035,0.02160156668943184
Sri Lanka,rural,51+,2040,0.021249211843730447
Sri Lanka,rural,51+,2045,0.020886220434317693
Sri Lanka,rural,51+,2050,0.020516453780921325
Sri Lanka,rural,51+,2055,0.020146576306572277
Sri Lanka,rural,51+,2060,0.019787838191641913
Sri Lanka,rural,51+,2065,0.01944732878937525
Sri Lanka,rural,51+,2070,0.019127383992675433
Sri Lanka,rural,51+,2075,0.018817010927410126
Sri Lanka,rural,51+,2080,0.01852503006433534
Sri Lanka,rural,51+,2085,0.01825067694138655
Sri Lanka,rural,51+,2090,0.017999484986906417
Sri Lanka,rural,51+,2095,0.017770411100145815
Sri Lanka,rural,51+,2100,0.017554867734861312
