n,area_type,trip_dist,y,value
Afghanistan,large_city,No_travel,2011,0.0
Afghanistan,large_city,No_travel,2012,0.0
Afghanistan,large_city,No_travel,2013,0.0
Afghanistan,large_city,No_travel,2014,0.0
Afghanistan,large_city,No_travel,2015,0.0
Afghanistan,large_city,No_travel,2016,0.0
Afghanistan,large_city,No_travel,2017,0.0
Afghanistan,large_city,No_travel,2018,0.0
Afghanistan,large_city,No_travel,2019,0.0
Afghanistan,large_city,No_travel,2020,0.0
Afghanistan,large_city,No_travel,2025,0.0
Afghanistan,large_city,No_travel,2030,0.0
Afghanistan,large_city,No_travel,2035,0.0
Afghanistan,large_city,No_travel,2040,0.0
Afghanistan,large_city,No_travel,2045,0.0
Afghanistan,large_city,No_travel,2050,0.0
Afghanistan,large_city,No_travel,2055,0.0
Afghanistan,large_city,No_travel,2060,0.0
Afghanistan,large_city,No_travel,2065,0.0
Afghanistan,large_city,No_travel,2070,0.0
Afghanistan,large_city,No_travel,2075,0.0
Afghanistan,large_city,No_travel,2080,0.0
Afghanistan,large_city,No_travel,2085,0.0
Afghanistan,large_city,No_travel,2090,0.0
Afghanistan,large_city,No_travel,2095,0.0
Afghanistan,large_city,No_travel,2100,0.0
Afghanistan,large_city,00_01,2011,0.0263657402468568
Afghanistan,large_city,00_01,2012,0.026745851756206994
Afghanistan,large_city,00_01,2013,0.026842293289650643
Afghanistan,large_city,00_01,2014,0.02679473100472047
Afghanistan,large_city,00_01,2015,0.026714748864151695
Afghanistan,large_city,00_01,2016,0.02669703405856951
Afghanistan,large_city,00_01,2017,0.026685794728156218
Afghanistan,large_city,00_01,2018,0.026602978863784377
Afghanistan,large_city,00_01,2019,0.026647989867897213
Afghanistan,large_city,00_01,2020,0.02638378813887687
Afghanistan,large_city,00_01,2025,0.02660232178452326
Afghanistan,large_city,00_01,2030,0.027446576189902178
Afghanistan,large_city,00_01,2035,0.028447861250200445
Afghanistan,large_city,00_01,2040,0.02955998192384444
Afghanistan,large_city,00_01,2045,0.030736315386503434
Afghanistan,large_city,00_01,2050,0.03194036155858871
Afghanistan,large_city,00_01,2055,0.033146476932568
Afghanistan,large_city,00_01,2060,0.034335255968617424
Afghanistan,large_city,00_01,2065,0.03549240462478922
Afghanistan,large_city,00_01,2070,0.03661218298555425
Afghanistan,large_city,00_01,2075,0.03768548166248808
Afghanistan,large_city,00_01,2080,0.03871140394254925
Afghanistan,large_city,00_01,2085,0.039686392553508296
Afghanistan,large_city,00_01,2090,0.04059598347685243
Afghanistan,large_city,00_01,2095,0.041436777724240585
Afghanistan,large_city,00_01,2100,0.042213586688145635
Afghanistan,large_city,02_05,2011,0.0607545651824544
Afghanistan,large_city,02_05,2012,0.061630455988295536
Afghanistan,large_city,02_05,2013,0.061852686176981274
Afghanistan,large_city,02_05,2014,0.061743088421979446
Afghanistan,large_city,02_05,2015,0.06155878560600988
Afghanistan,large_city,02_05,2016,0.06151796538627166
Afghanistan,large_city,02_05,2017,0.061492066601492326
Afghanistan,large_city,02_05,2018,0.061301234036845474
Afghanistan,large_city,02_05,2019,0.06140495287643417
Afghanistan,large_city,02_05,2020,0.060796152933144235
Afghanistan,large_city,02_05,2025,0.061299719929355005
Afghanistan,large_city,02_05,2030,0.06324513503327125
Afghanistan,large_city,02_05,2035,0.0655523958153523
Afghanistan,large_city,02_05,2040,0.06811505505894075
Afghanistan,large_city,02_05,2045,0.07082567980773527
Afghanistan,large_city,02_05,2050,0.07360016294227804
Afghanistan,large_city,02_05,2055,0.07637941413795503
Afghanistan,large_city,02_05,2060,0.07911871721676048
Afghanistan,large_city,02_05,2065,0.08178513442329272
Afghanistan,large_city,02_05,2070,0.08436543927238989
Afghanistan,large_city,02_05,2075,0.08683864100378419
Afghanistan,large_city,02_05,2080,0.08920267332195661
Afghanistan,large_city,02_05,2085,0.09144933920586722
Afghanistan,large_city,02_05,2090,0.09354530922318043
Afghanistan,large_city,02_05,2095,0.09548275108635991
Afghanistan,large_city,02_05,2100,0.09727275168524353
Afghanistan,large_city,06_10,2011,0.0853273830804756
Afghanistan,large_city,06_10,2012,0.08655753706318005
Afghanistan,large_city,06_10,2013,0.08686965057078376
Afghanistan,large_city,06_10,2014,0.08671572486005377
Afghanistan,large_city,06_10,2015,0.08645687884685595
Afghanistan,large_city,06_10,2016,0.08639954846326137
Afghanistan,large_city,06_10,2017,0.08636317464470881
Afghanistan,large_city,06_10,2018,0.08609515785783937
Afghanistan,large_city,06_10,2019,0.08624082686446742
Afghanistan,large_city,06_10,2020,0.08538579143092483
Afghanistan,large_city,06_10,2025,0.08609303135377377
Afghanistan,large_city,06_10,2030,0.08882528989803118
Afghanistan,large_city,06_10,2035,0.09206574638106176
Afghanistan,large_city,06_10,2040,0.09566489989859105
Afghanistan,large_city,06_10,2045,0.09947186511401496
Afghanistan,large_city,06_10,2050,0.10336851690570317
Afghanistan,large_city,06_10,2055,0.10727186525060889
Afghanistan,large_city,06_10,2060,0.11111910804589205
Afghanistan,large_city,06_10,2065,0.11486398551725373
Afghanistan,large_city,06_10,2070,0.11848792158958213
Afghanistan,large_city,06_10,2075,0.12196143557056806
Afghanistan,large_city,06_10,2080,0.12528162542990684
Afghanistan,large_city,06_10,2085,0.1284369787758582
Afghanistan,large_city,06_10,2090,0.1313806857393659
Afghanistan,large_city,06_10,2095,0.13410174618246506
Afghanistan,large_city,06_10,2100,0.13661573120328674
Afghanistan,large_city,11_20,2011,0.150513087141122
Afghanistan,large_city,11_20,2012,0.15268301509286952
Afghanistan,large_city,11_20,2013,0.15323356716504044
Afghanistan,large_city,11_20,2014,0.15296205017862927
Afghanistan,large_city,11_20,2015,0.15250545920942268
Afghanistan,large_city,11_20,2016,0.15240433138022783
Afghanistan,large_city,11_20,2017,0.15234016984703877
Afghanistan,large_city,11_20,2018,0.15186740210776195
Afghanistan,large_city,11_20,2019,0.15212435469551083
Afghanistan,large_city,11_20,2020,0.150616116448052
Afghanistan,large_city,11_20,2025,0.15186365106465977
Afghanistan,large_city,11_20,2030,0.15668321371286653
Afghanistan,large_city,11_20,2035,0.1623992112203419
Afghanistan,large_city,11_20,2040,0.16874793173023078
Afghanistan,large_city,11_20,2045,0.17546322131870792
Afghanistan,large_city,11_20,2050,0.1823367133854672
Afghanistan,large_city,11_20,2055,0.18922201782548323
Afghanistan,large_city,11_20,2060,0.19600835498003272
Afghanistan,large_city,11_20,2065,0.20261412500169484
Afghanistan,large_city,11_20,2070,0.2090065606554847
Afghanistan,large_city,11_20,2075,0.2151336595261129
Afghanistan,large_city,11_20,2080,0.22099030258233335
Afghanistan,large_city,11_20,2085,0.22655618256100662
Afghanistan,large_city,11_20,2090,0.23174872927603352
Afghanistan,large_city,11_20,2095,0.23654853905341972
Afghanistan,large_city,11_20,2100,0.24098307850429607
Afghanistan,large_city,21_30,2011,0.157092054088329
Afghanistan,large_city,21_30,2012,0.1593568301661998
Afghanistan,large_city,21_30,2013,0.1599314470154232
Afghanistan,large_city,21_30,2014,0.15964806194954376
Afghanistan,large_city,21_30,2015,0.1591715132680089
Afghanistan,large_city,21_30,2016,0.1590659651145861
Afghanistan,large_city,21_30,2017,0.15899899906376902
Afghanistan,large_city,21_30,2018,0.15850556652125491
Afghanistan,large_city,21_30,2019,0.1587737505747448
Afghanistan,large_city,21_30,2020,0.15719958683358295
Afghanistan,large_city,21_30,2025,0.15850165151906415
Afghanistan,large_city,21_30,2030,0.16353187852852222
Afghanistan,large_city,21_30,2035,0.16949772380263556
Afghanistan,large_city,21_30,2040,0.17612394856936325
Afghanistan,large_city,21_30,2045,0.18313276524629946
Afghanistan,large_city,21_30,2050,0.19030669947379056
Afghanistan,large_city,21_30,2055,0.19749296239650552
Afghanistan,large_city,21_30,2060,0.2045759321474652
Afghanistan,large_city,21_30,2065,0.21147044212828195
Afghanistan,large_city,21_30,2070,0.21814229283944156
Afghanistan,large_city,21_30,2075,0.2245372088262939
Afghanistan,large_city,21_30,2080,0.2306498473033799
Afghanistan,large_city,21_30,2085,0.23645901337170386
Afghanistan,large_city,21_30,2090,0.2418785276804388
Afghanistan,large_city,21_30,2095,0.24688813841585527
Afghanistan,large_city,21_30,2100,0.2515165127619394
Afghanistan,large_city,31_50,2011,0.147596045325267
Afghanistan,large_city,31_50,2012,0.14972391865775933
Afghanistan,large_city,31_50,2013,0.1502638006716195
Afghanistan,large_city,31_50,2014,0.14999754586152883
Afghanistan,large_city,31_50,2015,0.1495498039231621
Afghanistan,large_city,31_50,2016,0.14945063601726769
Afghanistan,large_city,31_50,2017,0.14938771797644754
Afghanistan,large_city,31_50,2018,0.14892411278436746
Afghanistan,large_city,31_50,2019,0.149176085463343
Afghanistan,large_city,31_50,2020,0.14769707785701763
Afghanistan,large_city,31_50,2025,0.14892043443892758
Afghanistan,large_city,31_50,2030,0.1536465908189753
Afghanistan,large_city,31_50,2035,0.1592518085659306
Afghanistan,large_city,31_50,2040,0.16547748673075643
Afghanistan,large_city,31_50,2045,0.17206262962629654
Afghanistan,large_city,31_50,2050,0.17880290893288642
Afghanistan,large_city,31_50,2055,0.18555477168123355
Afghanistan,large_city,31_50,2060,0.1922095851946677
Afghanistan,large_city,31_50,2065,0.19868733108404263
Afghanistan,large_city,31_50,2070,0.2049558771647631
Afghanistan,large_city,31_50,2075,0.21096422886227179
Afghanistan,large_city,31_50,2080,0.2167073663554875
Afghanistan,large_city,31_50,2085,0.22216537594927793
Afghanistan,large_city,31_50,2090,0.22725728772161502
Afghanistan,large_city,31_50,2095,0.23196407405436442
Afghanistan,large_city,31_50,2100,0.23631266923781546
Afghanistan,large_city,51+,2011,0.0999074306415119
Afghanistan,large_city,51+,2012,0.10134778330754304
Afghanistan,large_city,51+,2013,0.10171322822671733
Afghanistan,large_city,51+,2014,0.10153300094546815
Afghanistan,large_city,51+,2015,0.10122992543586294
Afghanistan,large_city,51+,2016,0.10116279890372465
Afghanistan,large_city,51+,2017,0.10112020982360745
Afghanistan,large_city,51+,2018,0.1008063965132934
Afghanistan,large_city,51+,2019,0.10097695625215922
Afghanistan,large_city,51+,2020,0.09997581933469246
Afghanistan,large_city,51+,2025,0.10080390664955009
Afghanistan,large_city,51+,2030,0.10400303125820737
Afghanistan,large_city,51+,2035,0.10779719052616332
Afghanistan,large_city,51+,2040,0.11201133805347673
Afghanistan,large_city,51+,2045,0.1164688064473673
Afghanistan,large_city,51+,2050,0.1210312863284747
Afghanistan,large_city,51+,2055,0.12560160701521753
Afghanistan,large_city,51+,2060,0.13010623529343737
Afghanistan,large_city,51+,2065,0.13449100689575127
Afghanistan,large_city,51+,2070,0.13873417161877988
Afghanistan,large_city,51+,2075,0.14280121134986334
Afghanistan,large_city,51+,2080,0.1466887281834183
Afghanistan,large_city,51+,2085,0.15038324258406244
Afghanistan,large_city,51+,2090,0.15382994619394824
Afghanistan,large_city,51+,2095,0.15701595926121756
Afghanistan,large_city,51+,2100,0.1599595135463016
Afghanistan,city,No_travel,2011,0.0
Afghanistan,city,No_travel,2012,0.0
Afghanistan,city,No_travel,2013,0.0
Afghanistan,city,No_travel,2014,0.0
Afghanistan,city,No_travel,2015,0.0
Afghanistan,city,No_travel,2016,0.0
Afghanistan,city,No_travel,2017,0.0
Afghanistan,city,No_travel,2018,0.0
Afghanistan,city,No_travel,2019,0.0
Afghanistan,city,No_travel,2020,0.0
Afghanistan,city,No_travel,2025,0.0
Afghanistan,city,No_travel,2030,0.0
Afghanistan,city,No_travel,2035,0.0
Afghanistan,city,No_travel,2040,0.0
Afghanistan,city,No_travel,2045,0.0
Afghanistan,city,No_travel,2050,0.0
Afghanistan,city,No_travel,2055,0.0
Afghanistan,city,No_travel,2060,0.0
Afghanistan,city,No_travel,2065,0.0
Afghanistan,city,No_travel,2070,0.0
Afghanistan,city,No_travel,2075,0.0
Afghanistan,city,No_travel,2080,0.0
Afghanistan,city,No_travel,2085,0.0
Afghanistan,city,No_travel,2090,0.0
Afghanistan,city,No_travel,2095,0.0
Afghanistan,city,No_travel,2100,0.0
Afghanistan,city,00_01,2011,0.0203337654203297
Afghanistan,city,00_01,2012,0.020626914719091213
Afghanistan,city,00_01,2013,0.020701292282529957
Afghanistan,city,00_01,2014,0.02066461133461914
Afghanistan,city,00_01,2015,0.02060292757118545
Afghanistan,city,00_01,2016,0.020589265572781366
Afghanistan,city,00_01,2017,0.020580597585235196
Afghanistan,city,00_01,2018,0.020516728399562718
Afghanistan,city,00_01,2019,0.02055144175069167
Afghanistan,city,00_01,2020,0.020347684301393974
Afghanistan,city,00_01,2025,0.020516221647412652
Afghanistan,city,00_01,2030,0.021167326864763848
Afghanistan,city,00_01,2035,0.02193953714008175
Afghanistan,city,00_01,2040,0.022797225969799776
Afghanistan,city,00_01,2045,0.023704436936070435
Afghanistan,city,00_01,2050,0.02463302047627074
Afghanistan,city,00_01,2055,0.02556319982472548
Afghanistan,city,00_01,2060,0.026480009056300772
Afghanistan,city,00_01,2065,0.02737242433122756
Afghanistan,city,00_01,2070,0.028236018916373784
Afghanistan,city,00_01,2075,0.029063767476375794
Afghanistan,city,00_01,2080,0.02985497844890825
Afghanistan,city,00_01,2085,0.030606908397285023
Afghanistan,city,00_01,2090,0.031308402392544475
Afghanistan,city,00_01,2095,0.03195683906957621
Afghanistan,city,00_01,2100,0.03255592906669235
Afghanistan,city,02_05,2011,0.0396703669770022
Afghanistan,city,02_05,2012,0.04024228959047413
Afghanistan,city,02_05,2013,0.0403873972562447
Afghanistan,city,02_05,2014,0.04031583418690627
Afghanistan,city,02_05,2015,0.040195491619686
Afghanistan,city,02_05,2016,0.040168837604597024
Afghanistan,city,02_05,2017,0.04015192670591198
Afghanistan,city,02_05,2018,0.04002732046689162
Afghanistan,city,02_05,2019,0.04009504483322616
Afghanistan,city,02_05,2020,0.03969752215993634
Afghanistan,city,02_05,2025,0.04002633181361743
Afghanistan,city,02_05,2030,0.04129661217630609
Afghanistan,city,02_05,2035,0.04280316368666459
Afghanistan,city,02_05,2040,0.04447648045429936
Afghanistan,city,02_05,2045,0.04624641293918657
Afghanistan,city,02_05,2050,0.04805804246510409
Afghanistan,city,02_05,2055,0.04987278534940703
Afghanistan,city,02_05,2060,0.05166144366785759
Afghanistan,city,02_05,2065,0.05340251034785541
Afghanistan,city,02_05,2070,0.05508734900925998
Afghanistan,city,02_05,2075,0.05670225350241078
Afghanistan,city,02_05,2080,0.05824587461673779
Afghanistan,city,02_05,2085,0.059712860016465155
Afghanistan,city,02_05,2090,0.06108144687919562
Afghanistan,city,02_05,2095,0.06234652102593864
Afghanistan,city,02_05,2100,0.0635153217643443
Afghanistan,city,06_10,2011,0.0505698242635587
Afghanistan,city,06_10,2012,0.0512988829605049
Afghanistan,city,06_10,2013,0.05148385904508629
Afghanistan,city,06_10,2014,0.05139263397922534
Afghanistan,city,06_10,2015,0.051239227218978264
Afghanistan,city,06_10,2016,0.05120524999714543
Afghanistan,city,06_10,2017,0.051183692818833025
Afghanistan,city,06_10,2018,0.05102485094038366
Afghanistan,city,06_10,2019,0.051111182617271954
Afghanistan,city,06_10,2020,0.05060444034940486
Afghanistan,city,06_10,2025,0.05102359065402527
Afghanistan,city,06_10,2030,0.05264288131357111
Afghanistan,city,06_10,2035,0.054563358761309244
Afghanistan,city,06_10,2040,0.056696420321481145
Afghanistan,city,06_10,2045,0.05895264282557339
Afghanistan,city,06_10,2050,0.061262018657902685
Afghanistan,city,06_10,2055,0.06357536324571415
Afghanistan,city,06_10,2060,0.06585545651745109
Afghanistan,city,06_10,2065,0.06807488231932655
Afghanistan,city,06_10,2070,0.07022263142054037
Afghanistan,city,06_10,2075,0.0722812318985347
Afghanistan,city,06_10,2080,0.07424896384632054
Afghanistan,city,06_10,2085,0.07611900437063497
Afghanistan,city,06_10,2090,0.07786361130048305
Afghanistan,city,06_10,2095,0.07947626533310781
Afghanistan,city,06_10,2100,0.08096619478030845
Afghanistan,city,11_20,2011,0.0832808161760771
Afghanistan,city,11_20,2012,0.08448146506513603
Afghanistan,city,11_20,2013,0.08478609256822375
Afghanistan,city,11_20,2014,0.08463585874694289
Afghanistan,city,11_20,2015,0.08438322112388691
Afghanistan,city,11_20,2016,0.08432726580256945
Afghanistan,city,11_20,2017,0.08429176440563058
Afghanistan,city,11_20,2018,0.084030175968794
Afghanistan,city,11_20,2019,0.08417235112201651
Afghanistan,city,11_20,2020,0.0833378236093453
Afghanistan,city,11_20,2025,0.08402810046866976
Afghanistan,city,11_20,2030,0.08669482612408112
Afghanistan,city,11_20,2035,0.08985756065251876
Afghanistan,city,11_20,2040,0.09337038891071274
Afghanistan,city,11_20,2045,0.0970860445285045
Afghanistan,city,11_20,2050,0.10088923560093789
Afghanistan,city,11_20,2055,0.10469896261057438
Afghanistan,city,11_20,2060,0.10845392975537162
Afghanistan,city,11_20,2065,0.11210898679609045
Afghanistan,city,11_20,2070,0.1156460032025211
Afghanistan,city,11_20,2075,0.11903620537317357
Afghanistan,city,11_20,2080,0.12227676088258704
Afghanistan,city,11_20,2085,0.1253564334623368
Afghanistan,city,11_20,2090,0.12822953597238226
Afghanistan,city,11_20,2095,0.13088533211172956
Afghanistan,city,11_20,2100,0.13333901950761512
Afghanistan,city,21_30,2011,0.0673025770269828
Afghanistan,city,21_30,2012,0.06827286968318591
Afghanistan,city,21_30,2013,0.06851905142025909
Afghanistan,city,21_30,2014,0.06839764142702084
Afghanistan,city,21_30,2015,0.06819347480298477
Afghanistan,city,21_30,2016,0.06814825505735841
Afghanistan,city,21_30,2017,0.06811956495065974
Afghanistan,city,21_30,2018,0.06790816481401436
Afghanistan,city,21_30,2019,0.06802306227348269
Afghanistan,city,21_30,2020,0.06734864702659148
Afghanistan,city,21_30,2025,0.06790648751888932
Afghanistan,city,21_30,2030,0.07006157577419282
Afghanistan,city,21_30,2035,0.07261750874879326
Afghanistan,city,21_30,2040,0.07545636654684611
Afghanistan,city,21_30,2045,0.07845913729171311
Afghanistan,city,21_30,2050,0.08153264895806861
Afghanistan,city,21_30,2055,0.08461144257814712
Afghanistan,city,21_30,2060,0.08764598254905942
Afghanistan,city,21_30,2065,0.09059978114657674
Afghanistan,city,21_30,2070,0.09345818636004392
Afghanistan,city,21_30,2075,0.09619794508485005
Afghanistan,city,21_30,2080,0.09881676832406278
Afghanistan,city,21_30,2085,0.10130557559725607
Afghanistan,city,21_30,2090,0.10362744528906989
Afghanistan,city,21_30,2095,0.10577370096286733
Afghanistan,city,21_30,2100,0.10775662443245217
Afghanistan,city,31_50,2011,0.128420945162782
Afghanistan,city,31_50,2012,0.13027237352553478
Afghanistan,city,31_50,2013,0.1307421161825519
Afghanistan,city,31_50,2014,0.130510452154626
Afghanistan,city,31_50,2015,0.13012087909535228
Afghanistan,city,31_50,2016,0.1300345946954098
Afghanistan,city,31_50,2017,0.12997985072004034
Afghanistan,city,31_50,2018,0.12957647529884872
Afghanistan,city,31_50,2019,0.12979571267419932
Afghanistan,city,31_50,2020,0.1285088519436921
Afghanistan,city,31_50,2025,0.12957327482964248
Afghanistan,city,31_50,2030,0.13368542748234596
Afghanistan,city,31_50,2035,0.13856243729193043
Afghanistan,city,31_50,2040,0.14397929973187115
Afghanistan,city,31_50,2045,0.14970892665252192
Afghanistan,city,31_50,2050,0.15557353526927617
Afghanistan,city,31_50,2055,0.16144822245240006
Afghanistan,city,31_50,2060,0.16723846865712655
Afghanistan,city,31_50,2065,0.17287465117004272
Afghanistan,city,31_50,2070,0.17832881229413328
Afghanistan,city,31_50,2075,0.1835565824702518
Afghanistan,city,31_50,2080,0.18855359403281238
Afghanistan,city,31_50,2085,0.19330252039596413
Afghanistan,city,31_50,2090,0.19773291093283768
Afghanistan,city,31_50,2095,0.20182821001892684
Afghanistan,city,31_50,2100,0.2056118527470122
Afghanistan,city,51+,2011,0.0842931032354429
Afghanistan,city,51+,2012,0.08550834613773371
Afghanistan,city,51+,2013,0.08581667642008636
Afghanistan,city,51+,2014,0.08566461649094362
Afghanistan,city,51+,2015,0.08540890803106986
Afghanistan,city,51+,2016,0.08535227256695035
Afghanistan,city,51+,2017,0.08531633964680647
Afghanistan,city,51+,2018,0.0850515715750714
Afghanistan,city,51+,2019,0.08519547488219992
Afghanistan,city,51+,2020,0.08435080360004431
Afghanistan,city,51+,2025,0.08504947084702535
Afghanistan,city,51+,2030,0.08774861083260063
Afghanistan,city,51+,2035,0.09094978873110057
Afghanistan,city,51+,2040,0.09450531578537774
Afghanistan,city,51+,2045,0.0982661355870915
Afghanistan,city,51+,2050,0.10211555484608324
Afghanistan,city,51+,2055,0.10597158948728061
Afghanistan,city,51+,2060,0.1097721986517356
Afghanistan,city,51+,2065,0.11347168329431344
Afghanistan,city,51+,2070,0.11705169250630719
Afghanistan,city,51+,2075,0.1204831029400815
Afghanistan,city,51+,2080,0.12376304774174686
Afghanistan,city,51+,2085,0.12688015406485684
Afghanistan,city,51+,2090,0.12978817943738963
Afghanistan,city,51+,2095,0.13247625705748625
Afghanistan,city,51+,2100,0.13495976928113684
Afghanistan,town,No_travel,2011,0.0
Afghanistan,town,No_travel,2012,0.0
Afghanistan,town,No_travel,2013,0.0
Afghanistan,town,No_travel,2014,0.0
Afghanistan,town,No_travel,2015,0.0
Afghanistan,town,No_travel,2016,0.0
Afghanistan,town,No_travel,2017,0.0
Afghanistan,town,No_travel,2018,0.0
Afghanistan,town,No_travel,2019,0.0
Afghanistan,town,No_travel,2020,0.0
Afghanistan,town,No_travel,2025,0.0
Afghanistan,town,No_travel,2030,0.0
Afghanistan,town,No_travel,2035,0.0
Afghanistan,town,No_travel,2040,0.0
Afghanistan,town,No_travel,2045,0.0
Afghanistan,town,No_travel,2050,0.0
Afghanistan,town,No_travel,2055,0.0
Afghanistan,town,No_travel,2060,0.0
Afghanistan,town,No_travel,2065,0.0
Afghanistan,town,No_travel,2070,0.0
Afghanistan,town,No_travel,2075,0.0
Afghanistan,town,No_travel,2080,0.0
Afghanistan,town,No_travel,2085,0.0
Afghanistan,town,No_travel,2090,0.0
Afghanistan,town,No_travel,2095,0.0
Afghanistan,town,No_travel,2100,0.0
Afghanistan,town,00_01,2011,0.0142978983785273
Afghanistan,town,00_01,2012,0.014504029353129676
Afghanistan,town,00_01,2013,0.014556328709481373
Afghanistan,town,00_01,2014,0.01453053611992329
Afghanistan,town,00_01,2015,0.014487162540905886
Afghanistan,town,00_01,2016,0.014477555964809858
Afghanistan,town,00_01,2017,0.01447146097932539
Afghanistan,town,00_01,2018,0.014426550697959038
Afghanistan,town,00_01,2019,0.014450959751400937
Afghanistan,town,00_01,2020,0.014307685584334288
Afghanistan,town,00_01,2025,0.014426194369920677
Afghanistan,town,00_01,2030,0.014884025767056238
Afghanistan,town,00_01,2035,0.015427013443717011
Afghanistan,town,00_01,2040,0.01603010625383892
Afghanistan,town,00_01,2045,0.01666802106870419
Afghanistan,town,00_01,2050,0.017320964230942253
Afghanistan,town,00_01,2055,0.01797502950233137
Afghanistan,town,00_01,2060,0.018619693437150517
Afghanistan,town,00_01,2065,0.019247204507952562
Afghanistan,town,00_01,2070,0.01985445001135166
Afghanistan,town,00_01,2075,0.02043649000980902
Afghanistan,town,00_01,2080,0.02099283822409177
Afghanistan,town,00_01,2085,0.021521565578195772
Afghanistan,town,00_01,2090,0.022014828367946406
Afghanistan,town,00_01,2095,0.022470783353236053
Afghanistan,town,00_01,2100,0.022892039707939293
Afghanistan,town,02_05,2011,0.0305435787015927
Afghanistan,town,02_05,2012,0.030983921574294818
Afghanistan,town,02_05,2013,0.031095644952408186
Afghanistan,town,02_05,2014,0.031040546086251165
Afghanistan,town,02_05,2015,0.03094789020849801
Afghanistan,town,02_05,2016,0.03092736836638711
Afghanistan,town,02_05,2017,0.030914348084391714
Afghanistan,town,02_05,2018,0.030818409459209994
Afghanistan,town,02_05,2019,0.03087055277601757
Afghanistan,town,02_05,2020,0.030564486410048886
Afghanistan,town,02_05,2025,0.03081764826108177
Afghanistan,town,02_05,2030,0.03179568076210102
Afghanistan,town,02_05,2035,0.03295562653853698
Afghanistan,town,02_05,2040,0.03424397061699172
Afghanistan,town,02_05,2045,0.03560670245609968
Afghanistan,town,02_05,2050,0.03700153827990411
Afghanistan,town,02_05,2055,0.038398771185311695
Afghanistan,town,02_05,2060,0.039775920687143244
Afghanistan,town,02_05,2065,0.041116427751170734
Afghanistan,town,02_05,2070,0.04241364293155789
Afghanistan,town,02_05,2075,0.043657013392705925
Afghanistan,town,02_05,2080,0.044845500331034974
Afghanistan,town,02_05,2085,0.045974982799312517
Afghanistan,town,02_05,2090,0.04702870485275374
Afghanistan,town,02_05,2095,0.048002728909218764
Afghanistan,town,02_05,2100,0.04890262876042681
Afghanistan,town,06_10,2011,0.0419722902791875
Afghanistan,town,06_10,2012,0.042577399426874274
Afghanistan,town,06_10,2013,0.04273092714878792
Afghanistan,town,06_10,2014,0.04265521154168796
Afghanistan,town,06_10,2015,0.04252788594454287
Afghanistan,town,06_10,2016,0.042499685296460414
Afghanistan,town,06_10,2017,0.04248179312145477
Afghanistan,town,06_10,2018,0.04234995644755174
Afghanistan,town,06_10,2019,0.04242161060604277
Afghanistan,town,06_10,2020,0.04200102117601427
Afghanistan,town,06_10,2025,0.04234891042641879
Afghanistan,town,06_10,2030,0.043692900416469276
Afghanistan,town,06_10,2035,0.0452868714868648
Afghanistan,town,06_10,2040,0.047057284579864765
Afghanistan,town,06_10,2045,0.04892991963951309
Afghanistan,town,06_10,2050,0.05084667126382345
Afghanistan,town,06_10,2055,0.05276671690308385
Afghanistan,town,06_10,2060,0.054659164386511784
Afghanistan,town,06_10,2065,0.05650125866637196
Afghanistan,town,06_10,2070,0.058283862225624795
Afghanistan,town,06_10,2075,0.05999247359791142
Afghanistan,town,06_10,2080,0.06162566528300916
Afghanistan,town,06_10,2085,0.06317777436907791
Afghanistan,town,06_10,2090,0.06462577521837952
Afghanistan,town,06_10,2095,0.06596425689520836
Afghanistan,town,06_10,2100,0.0672008787772124
Afghanistan,town,11_20,2011,0.0757320066192673
Afghanistan,town,11_20,2012,0.07682382528518168
Afghanistan,town,11_20,2013,0.07710084048675553
Afghanistan,town,11_20,2014,0.07696422428544904
Afghanistan,town,11_20,2015,0.07673448645361632
Afghanistan,town,11_20,2016,0.07668360308144287
Afghanistan,town,11_20,2017,0.07665131963188727
Afghanistan,town,11_20,2018,0.07641344231344041
Afghanistan,town,11_20,2019,0.07654273030723453
Afghanistan,town,11_20,2020,0.07578384673697804
Afghanistan,town,11_20,2025,0.07641155494253839
Afghanistan,town,11_20,2030,0.07883656101549034
Afghanistan,town,11_20,2035,0.08171261630937962
Afghanistan,town,11_20,2040,0.08490703184367784
Afghanistan,town,11_20,2045,0.0882858898900085
Afghanistan,town,11_20,2050,0.09174434892891739
Afghanistan,town,11_20,2055,0.09520875146913013
Afghanistan,town,11_20,2060,0.09862335773407933
Afghanistan,town,11_20,2065,0.10194711003036185
Afghanistan,town,11_20,2070,0.10516352123048658
Afghanistan,town,11_20,2075,0.10824642585387162
Afghanistan,town,11_20,2080,0.11119324821413927
Afghanistan,town,11_20,2085,0.1139937705301271
Afghanistan,town,11_20,2090,0.11660644687384308
Afghanistan,town,11_20,2095,0.11902151411308863
Afghanistan,town,11_20,2100,0.12125279231903154
Afghanistan,town,21_30,2011,0.0536494958683143
Afghanistan,town,21_30,2012,0.054422953797408975
Afghanistan,town,21_30,2013,0.054619194813271814
Afghanistan,town,21_30,2014,0.05452241419626816
Afghanistan,town,21_30,2015,0.054359665057430874
Afghanistan,town,21_30,2016,0.054323618643410586
Afghanistan,town,21_30,2017,0.05430074864602289
Afghanistan,town,21_30,2018,0.05413223339358359
Afghanistan,town,21_30,2019,0.05422382261719616
Afghanistan,town,21_30,2020,0.053686220052778566
Afghanistan,town,21_30,2025,0.0541308963565509
Afghanistan,town,21_30,2030,0.05584880083444933
Afghanistan,town,21_30,2035,0.05788623419313839
Afghanistan,town,21_30,2040,0.06014919790768244
Afghanistan,town,21_30,2045,0.06254282299288015
Afghanistan,town,21_30,2050,0.06499283841174364
Afghanistan,town,21_30,2055,0.06744706428088937
Afghanistan,town,21_30,2060,0.06986601384899319
Afghanistan,town,21_30,2065,0.07222060133514256
Afghanistan,town,21_30,2070,0.0744991470530635
Afghanistan,town,21_30,2075,0.07668311505071886
Afghanistan,town,21_30,2080,0.07877068067982783
Afghanistan,town,21_30,2085,0.08075460553706891
Afghanistan,town,21_30,2090,0.08260545797007142
Afghanistan,town,21_30,2095,0.08431632165449732
Afghanistan,town,21_30,2100,0.08589698690073334
Afghanistan,town,31_50,2011,0.0837659254033078
Afghanistan,town,31_50,2012,0.084973568050131
Afghanistan,town,31_50,2013,0.08527997000283871
Afghanistan,town,31_50,2014,0.0851288610723035
Afghanistan,town,31_50,2015,0.08487475183972544
Afghanistan,town,31_50,2016,0.08481847057968729
Afghanistan,town,31_50,2017,0.08478276238776218
Afghanistan,town,31_50,2018,0.08451965020307739
Afghanistan,town,31_50,2019,0.08466265352396056
Afghanistan,town,31_50,2020,0.0838232649038295
Afghanistan,town,31_50,2025,0.08451756261320298
Afghanistan,town,31_50,2030,0.08719982189666137
Afghanistan,town,31_50,2035,0.09038097929573687
Afghanistan,town,31_50,2040,0.09391426971412538
Afghanistan,town,31_50,2045,0.09765156895776239
Afghanistan,town,31_50,2050,0.10147691354845931
Afghanistan,town,31_50,2055,0.1053088321480737
Afghanistan,town,31_50,2060,0.10908567190764021
Afghanistan,town,31_50,2065,0.11276201958860395
Afghanistan,town,31_50,2070,0.11631963905074912
Afghanistan,town,31_50,2075,0.11972958908688461
Afghanistan,town,31_50,2080,0.12298902077272322
Afghanistan,town,31_50,2085,0.1260866323887827
Afghanistan,town,31_50,2090,0.1289764706682694
Afghanistan,town,31_50,2095,0.13164773677143307
Afghanistan,town,31_50,2100,0.1341157168514101
Afghanistan,town,51+,2011,0.068333385372376
Afghanistan,town,51+,2012,0.06931853906082587
Afghanistan,town,51+,2013,0.06956849132497644
Afghanistan,town,51+,2014,0.06944522181253741
Afghanistan,town,51+,2015,0.06923792816619098
Afghanistan,town,51+,2016,0.06919201583354602
Afghanistan,town,51+,2017,0.06916288630828833
Afghanistan,town,51+,2018,0.0689482483606304
Afghanistan,town,51+,2019,0.06906490559313146
Afghanistan,town,51+,2020,0.06838016098151951
Afghanistan,town,51+,2025,0.06894654537600149
Afghanistan,town,51+,2030,0.07113464102948731
Afghanistan,town,51+,2035,0.0737297207523531
Afghanistan,town,51+,2040,0.07661205858399282
Afghanistan,town,51+,2045,0.0796608198581953
Afghanistan,town,51+,2050,0.08278140552402145
Afghanistan,town,51+,2055,0.08590735404213674
Afghanistan,town,51+,2060,0.0889883711208304
Afghanistan,town,51+,2065,0.09198741018876405
Afghanistan,town,51+,2070,0.09488959482463546
Afghanistan,town,51+,2075,0.09767131577856636
Afghanistan,town,51+,2080,0.1003302489952768
Afghanistan,town,51+,2085,0.10285717491742248
Afghanistan,town,51+,2090,0.10521460643704385
Afghanistan,town,51+,2095,0.10739373422893284
Afghanistan,town,51+,2100,0.10940702821553228
Afghanistan,rural,No_travel,2011,0.0
Afghanistan,rural,No_travel,2012,0.0
Afghanistan,rural,No_travel,2013,0.0
Afghanistan,rural,No_travel,2014,0.0
Afghanistan,rural,No_travel,2015,0.0
Afghanistan,rural,No_travel,2016,0.0
Afghanistan,rural,No_travel,2017,0.0
Afghanistan,rural,No_travel,2018,0.0
Afghanistan,rural,No_travel,2019,0.0
Afghanistan,rural,No_travel,2020,0.0
Afghanistan,rural,No_travel,2025,0.0
Afghanistan,rural,No_travel,2030,0.0
Afghanistan,rural,No_travel,2035,0.0
Afghanistan,rural,No_travel,2040,0.0
Afghanistan,rural,No_travel,2045,0.0
Afghanistan,rural,No_travel,2050,0.0
Afghanistan,rural,No_travel,2055,0.0
Afghanistan,rural,No_travel,2060,0.0
Afghanistan,rural,No_travel,2065,0.0
Afghanistan,rural,No_travel,2070,0.0
Afghanistan,rural,No_travel,2075,0.0
Afghanistan,rural,No_travel,2080,0.0
Afghanistan,rural,No_travel,2085,0.0
Afghanistan,rural,No_travel,2090,0.0
Afghanistan,rural,No_travel,2095,0.0
Afghanistan,rural,No_travel,2100,0.0
Afghanistan,rural,00_01,2011,0.00800533451099545
Afghanistan,rural,00_01,2012,0.008120746396090936
Afghanistan,rural,00_01,2013,0.008150028590663942
Afghanistan,rural,00_01,2014,0.008135587425826223
Afghanistan,rural,00_01,2015,0.008111302737281025
Afghanistan,rural,00_01,2016,0.00810592405482588
Afghanistan,rural,00_01,2017,0.008102511497514934
Afghanistan,rural,00_01,2018,0.008077366415643284
Afghanistan,rural,00_01,2019,0.008091032944298478
Afghanistan,rural,00_01,2020,0.008010814327283036
Afghanistan,rural,00_01,2025,0.008077166909039783
Afghanistan,rural,00_01,2030,0.008333504825751433
Afghanistan,rural,00_01,2035,0.008637521393217443
Afghanistan,rural,00_01,2040,0.008975190577763671
Afghanistan,rural,00_01,2045,0.009332356459582046
Afghanistan,rural,00_01,2050,0.009697936651299793
Afghanistan,rural,00_01,2055,0.010064145107317245
Afghanistan,rural,00_01,2060,0.01042508979364627
Afghanistan,rural,00_01,2065,0.010776430661942522
Afghanistan,rural,00_01,2070,0.011116424922379298
Afghanistan,rural,00_01,2075,0.011442306724241033
Afghanistan,rural,00_01,2080,0.011753803801784757
Afghanistan,rural,00_01,2085,0.012049836073287867
Afghanistan,rural,00_01,2090,0.012326011881035312
Afghanistan,rural,00_01,2095,0.012581299202470001
Afghanistan,rural,00_01,2100,0.012817158903315725
Afghanistan,rural,02_05,2011,0.018205337195522
Afghanistan,rural,02_05,2012,0.018467801216438085
Afghanistan,rural,02_05,2013,0.018534393340139378
Afghanistan,rural,02_05,2014,0.018501551954809924
Afghanistan,rural,02_05,2015,0.018446324913010945
Afghanistan,rural,02_05,2016,0.01843409297846417
Afghanistan,rural,02_05,2017,0.018426332308818256
Afghanistan,rural,02_05,2018,0.018369148602921444
Afghanistan,rural,02_05,2019,0.01840022834882317
Afghanistan,rural,02_05,2020,0.01821779912364605
Afghanistan,rural,02_05,2025,0.018368694894836606
Afghanistan,rural,02_05,2030,0.01895164595120076
Afghanistan,rural,02_05,2035,0.019643025445229632
Afghanistan,rural,02_05,2040,0.02041093606242589
Afghanistan,rural,02_05,2045,0.021223185107647976
Afghanistan,rural,02_05,2050,0.02205456956173715
Afghanistan,rural,02_05,2055,0.0228873827835322
Afghanistan,rural,02_05,2060,0.02370822539973097
Afghanistan,rural,02_05,2065,0.02450722748629154
Afghanistan,rural,02_05,2070,0.02528042567648484
Afghanistan,rural,02_05,2075,0.02602153000893071
Afghanistan,rural,02_05,2080,0.026729921310295328
Afghanistan,rural,02_05,2085,0.027403143311957853
Afghanistan,rural,02_05,2090,0.028031208722389112
Afghanistan,rural,02_05,2095,0.028611770566753843
Afghanistan,rural,02_05,2100,0.02914815107388113
Afghanistan,rural,06_10,2011,0.0247885032228387
Afghanistan,rural,06_10,2012,0.025145875907479655
Afghanistan,rural,06_10,2013,0.025236548167776554
Afghanistan,rural,06_10,2014,0.025191831128078882
Afghanistan,rural,06_10,2015,0.02511663363577654
Afghanistan,rural,06_10,2016,0.02509997855569327
Afghanistan,rural,06_10,2017,0.02508941157841276
Afghanistan,rural,06_10,2018,0.02501154987979695
Afghanistan,rural,06_10,2019,0.02505386826001566
Afghanistan,rural,06_10,2020,0.02480547146364348
Afghanistan,rural,06_10,2025,0.025010932107975285
Afghanistan,rural,06_10,2030,0.025804681983863025
Afghanistan,rural,06_10,2035,0.02674606871193499
Afghanistan,rural,06_10,2040,0.02779166070535897
Afghanistan,rural,06_10,2045,0.02889762418513389
Afghanistan,rural,06_10,2050,0.03002964255965082
Afghanistan,rural,06_10,2055,0.03116360635338748
Afghanistan,rural,06_10,2060,0.0322812708942064
Afghanistan,rural,06_10,2065,0.03336919723059051
Afghanistan,rural,06_10,2070,0.03442198881712668
Afghanistan,rural,06_10,2075,0.03543108120228793
Afghanistan,rural,06_10,2080,0.0363956313157144
Afghanistan,rural,06_10,2085,0.03731229468638803
Afghanistan,rural,06_10,2090,0.03816747255447269
Afghanistan,rural,06_10,2095,0.03895796926406575
Afghanistan,rural,06_10,2100,0.03968830838312712
Afghanistan,rural,11_20,2011,0.0423833067134091
Afghanistan,rural,11_20,2012,0.04299434143252747
Afghanistan,rural,11_20,2013,0.04314937258483282
Afghanistan,rural,11_20,2014,0.04307291552763237
Afghanistan,rural,11_20,2015,0.042944343086138884
Afghanistan,rural,11_20,2016,0.04291586628134112
Afghanistan,rural,11_20,2017,0.04289779889602595
Afghanistan,rural,11_20,2018,0.04276467120275641
Afghanistan,rural,11_20,2019,0.04283702703934326
Afghanistan,rural,11_20,2020,0.042412318959447144
Afghanistan,rural,11_20,2025,0.042763614938392196
Afghanistan,rural,11_20,2030,0.044120766039491555
Afghanistan,rural,11_20,2035,0.04573034617723242
Afghanistan,rural,11_20,2040,0.04751809615777757
Afghanistan,rural,11_20,2045,0.04940906912035413
Afghanistan,rural,11_20,2050,0.051344590661975935
Afghanistan,rural,11_20,2055,0.05328343847540749
Afghanistan,rural,11_20,2060,0.05519441787623655
Afghanistan,rural,11_20,2065,0.05705455098641483
Afghanistan,rural,11_20,2070,0.05885461080916154
Afghanistan,rural,11_20,2075,0.06057995387154742
Afghanistan,rural,11_20,2080,0.062229138694459285
Afghanistan,rural,11_20,2085,0.06379644691161751
Afghanistan,rural,11_20,2090,0.0652586274052004
Afghanistan,rural,11_20,2095,0.06661021625255585
Afghanistan,rural,11_20,2100,0.06785894783629502
Afghanistan,rural,21_30,2011,0.0366772116814261
Afghanistan,rural,21_30,2012,0.03720598235732796
Afghanistan,rural,21_30,2013,0.03734014155422044
Afghanistan,rural,21_30,2014,0.037273977965559424
Afghanistan,rural,21_30,2015,0.037162715324233646
Afghanistan,rural,21_30,2016,0.03713807237212421
Afghanistan,rural,21_30,2017,0.03712243741187405
Afghanistan,rural,21_30,2018,0.037007232795591434
Afghanistan,rural,21_30,2019,0.037069847313916465
Afghanistan,rural,21_30,2020,0.03670231798793697
Afghanistan,rural,21_30,2025,0.03700631873685742
Afghanistan,rural,21_30,2030,0.03818075561020674
Afghanistan,rural,21_30,2035,0.03957363681764362
Afghanistan,rural,21_30,2040,0.041120700733946663
Afghanistan,rural,21_30,2045,0.04275709064805243
Afghanistan,rural,21_30,2050,0.04443203153400184
Afghanistan,rural,21_30,2055,0.046109850873397584
Afghanistan,rural,21_30,2060,0.04776355374460083
Afghanistan,rural,21_30,2065,0.04937325579779277
Afghanistan,rural,21_30,2070,0.050930972273398094
Afghanistan,rural,21_30,2075,0.05242403115976825
Afghanistan,rural,21_30,2080,0.053851185045158616
Afghanistan,rural,21_30,2085,0.05520748543105003
Afghanistan,rural,21_30,2090,0.05647281151431726
Afghanistan,rural,21_30,2095,0.05764243498414027
Afghanistan,rural,21_30,2100,0.05872304893764272
Afghanistan,rural,31_50,2011,0.0541066561101835
Afghanistan,rural,31_50,2012,0.054886704860090514
Afghanistan,rural,31_50,2013,0.055084618092790145
Afghanistan,rural,31_50,2014,0.054987012784900556
Afghanistan,rural,31_50,2015,0.05482287682155596
Afghanistan,rural,31_50,2016,0.05478652324738281
Afghanistan,rural,31_50,2017,0.05476345836925359
Afghanistan,rural,31_50,2018,0.05459350715786786
Afghanistan,rural,31_50,2019,0.054685876835256206
Afghanistan,rural,31_50,2020,0.05414369323024539
Afghanistan,rural,31_50,2025,0.05459215872762143
Afghanistan,rural,31_50,2030,0.056324701882247634
Afghanistan,rural,31_50,2035,0.05837949670001427
Afghanistan,rural,31_50,2040,0.0606617436719746
Afghanistan,rural,31_50,2045,0.06307576541151515
Afghanistan,rural,31_50,2050,0.0655466580003006
Afghanistan,rural,31_50,2055,0.06802179691762658
Afghanistan,rural,31_50,2060,0.07046135893607547
Afghanistan,rural,31_50,2065,0.07283601042780866
Afghanistan,rural,31_50,2070,0.07513397218113972
Afghanistan,rural,31_50,2075,0.07733655029473155
Afghanistan,rural,31_50,2080,0.07944190457203702
Afghanistan,rural,31_50,2085,0.08144273492956115
Afghanistan,rural,31_50,2090,0.08330935892075336
Afghanistan,rural,31_50,2095,0.08503480128561453
Afghanistan,rural,31_50,2100,0.086628935760118
Afghanistan,rural,51+,2011,0.0357459136063553
Afghanistan,rural,51+,2012,0.03626125787686685
Afghanistan,rural,51+,2013,0.03639201053885411
Afghanistan,rural,51+,2014,0.03632752695856709
Afghanistan,rural,51+,2015,0.036219089468853
Afghanistan,rural,51+,2016,0.03619507224407701
Afghanistan,rural,51+,2017,0.036179834282609395
Afghanistan,rural,51+,2018,0.036067554911525766
Afghanistan,rural,51+,2019,0.036128579538533705
Afghanistan,rural,51+,2020,0.03577038242016011
Afghanistan,rural,51+,2025,0.03606666406232978
Afghanistan,rural,51+,2030,0.03721127994467951
Afghanistan,rural,51+,2035,0.03856879348026184
Afghanistan,rural,51+,2040,0.040076574758075925
Afghanistan,rural,51+,2045,0.04167141389154141
Afghanistan,rural,51+,2050,0.04330382512075217
Afghanistan,rural,51+,2055,0.04493904171447935
Afghanistan,rural,51+,2060,0.046550754199006866
Afghanistan,rural,51+,2065,0.04811958312267641
Afghanistan,rural,51+,2070,0.04963774647281959
Afghanistan,rural,51+,2075,0.0510928940021618
Afghanistan,rural,51+,2080,0.0524838099729081
Afghanistan,rural,51+,2085,0.05380567153750716
Afghanistan,rural,51+,2090,0.055038868794954184
Afghanistan,rural,51+,2095,0.056178793494449035
Afghanistan,rural,51+,2100,0.05723196878376042
Bangladesh,large_city,No_travel,2011,0.0
Bangladesh,large_city,No_travel,2012,0.0
Bangladesh,large_city,No_travel,2013,0.0
Bangladesh,large_city,No_travel,2014,0.0
Bangladesh,large_city,No_travel,2015,0.0
Bangladesh,large_city,No_travel,2016,0.0
Bangladesh,large_city,No_travel,2017,0.0
Bangladesh,large_city,No_travel,2018,0.0
Bangladesh,large_city,No_travel,2019,0.0
Bangladesh,large_city,No_travel,2020,0.0
Bangladesh,large_city,No_travel,2025,0.0
Bangladesh,large_city,No_travel,2030,0.0
Bangladesh,large_city,No_travel,2035,0.0
Bangladesh,large_city,No_travel,2040,0.0
Bangladesh,large_city,No_travel,2045,0.0
Bangladesh,large_city,No_travel,2050,0.0
Bangladesh,large_city,No_travel,2055,0.0
Bangladesh,large_city,No_travel,2060,0.0
Bangladesh,large_city,No_travel,2065,0.0
Bangladesh,large_city,No_travel,2070,0.0
Bangladesh,large_city,No_travel,2075,0.0
Bangladesh,large_city,No_travel,2080,0.0
Bangladesh,large_city,No_travel,2085,0.0
Bangladesh,large_city,No_travel,2090,0.0
Bangladesh,large_city,No_travel,2095,0.0
Bangladesh,large_city,No_travel,2100,0.0
Bangladesh,large_city,00_01,2011,0.0263657402468568
Bangladesh,large_city,00_01,2012,0.026588752090914474
Bangladesh,large_city,00_01,2013,0.026790771487147175
Bangladesh,large_city,00_01,2014,0.026996771636009984
Bangladesh,large_city,00_01,2015,0.027226874305859277
Bangladesh,large_city,00_01,2016,0.02748024843934695
Bangladesh,large_city,00_01,2017,0.02771195298550275
Bangladesh,large_city,00_01,2018,0.027979981962357788
Bangladesh,large_city,00_01,2019,0.028275611031007557
Bangladesh,large_city,00_01,2020,0.028378831701925265
Bangladesh,large_city,00_01,2025,0.02995078805148344
Bangladesh,large_city,00_01,2030,0.031078913820604938
Bangladesh,large_city,00_01,2035,0.03215917420935907
Bangladesh,large_city,00_01,2040,0.033197656852831305
Bangladesh,large_city,00_01,2045,0.03418263959703052
Bangladesh,large_city,00_01,2050,0.0351087997713699
Bangladesh,large_city,00_01,2055,0.03597644912356694
Bangladesh,large_city,00_01,2060,0.03679179799532904
Bangladesh,large_city,00_01,2065,0.037560513680433436
Bangladesh,large_city,00_01,2070,0.03828638906744039
Bangladesh,large_city,00_01,2075,0.0389714803127784
Bangladesh,large_city,00_01,2080,0.03959824591601909
Bangladesh,large_city,00_01,2085,0.04017142382977409
Bangladesh,large_city,00_01,2090,0.040685583334010816
Bangladesh,large_city,00_01,2095,0.04116115282268072
Bangladesh,large_city,00_01,2100,0.04160933087808163
Bangladesh,large_city,02_05,2011,0.0607545651824544
Bangladesh,large_city,02_05,2012,0.06126845128955419
Bangladesh,large_city,02_05,2013,0.06173396450714734
Bangladesh,large_city,02_05,2014,0.06220865057150591
Bangladesh,large_city,02_05,2015,0.06273887606576951
Bangladesh,large_city,02_05,2016,0.0633227259848083
Bangladesh,large_city,02_05,2017,0.06385664268203328
Bangladesh,large_city,02_05,2018,0.06447426175104717
Bangladesh,large_city,02_05,2019,0.06515547970104393
Bangladesh,large_city,02_05,2020,0.06539333105362237
Bangladesh,large_city,02_05,2025,0.06901558946962079
Bangladesh,large_city,02_05,2030,0.07161512924860611
Bangladesh,large_city,02_05,2035,0.07410437284988942
Bangladesh,large_city,02_05,2040,0.0764973480086735
Bangladesh,large_city,02_05,2045,0.07876704336999293
Bangladesh,large_city,02_05,2050,0.08090119390604712
Bangladesh,large_city,02_05,2055,0.08290051797698246
Bangladesh,large_city,02_05,2060,0.08477932607082375
Bangladesh,large_city,02_05,2065,0.08655067733045764
Bangladesh,large_city,02_05,2070,0.08822331170754519
Bangladesh,large_city,02_05,2075,0.08980196720255937
Bangladesh,large_city,02_05,2080,0.0912462229427617
Bangladesh,large_city,02_05,2085,0.09256699659054587
Bangladesh,large_city,02_05,2090,0.09375177413981467
Bangladesh,large_city,02_05,2095,0.09484762873094936
Bangladesh,large_city,02_05,2100,0.09588036525286234
Bangladesh,large_city,06_10,2011,0.0853273830804756
Bangladesh,large_city,06_10,2012,0.08604911578629869
Bangladesh,large_city,06_10,2013,0.08670291068265434
Bangladesh,large_city,06_10,2014,0.0873695884793738
Bangladesh,large_city,06_10,2015,0.08811426920801033
Bangladesh,large_city,06_10,2016,0.08893426331962506
Bangladesh,large_city,06_10,2017,0.0896841281967806
Bangladesh,large_city,06_10,2018,0.09055154974347902
Bangladesh,large_city,06_10,2019,0.09150829340226593
Bangladesh,large_city,06_10,2020,0.09184234621651487
Bangladesh,large_city,06_10,2025,0.09692966484928214
Bangladesh,large_city,06_10,2030,0.10058061561961985
Bangladesh,large_city,06_10,2035,0.10407665977217788
Bangladesh,large_city,06_10,2040,0.10743749870604943
Bangladesh,large_city,06_10,2045,0.11062519604187389
Bangladesh,large_city,06_10,2050,0.11362252603336379
Bangladesh,large_city,06_10,2055,0.11643049758892324
Bangladesh,large_city,06_10,2060,0.11906920922279715
Bangladesh,large_city,06_10,2065,0.1215570019844926
Bangladesh,large_city,06_10,2070,0.12390615079032652
Bangladesh,large_city,06_10,2075,0.12612330997450705
Bangladesh,large_city,06_10,2080,0.1281517100205008
Bangladesh,large_city,06_10,2085,0.13000668435318885
Bangladesh,large_city,06_10,2090,0.13167065754611693
Bangladesh,large_city,06_10,2095,0.13320974196252966
Bangladesh,large_city,06_10,2100,0.13466017954794943
Bangladesh,large_city,11_20,2011,0.150513087141122
Bangladesh,large_city,11_20,2012,0.1517861862767382
Bangladesh,large_city,11_20,2013,0.15293944663296863
Bangladesh,large_city,11_20,2014,0.1541154317586117
Bangladesh,large_city,11_20,2015,0.15542901001866302
Bangladesh,large_city,11_20,2016,0.15687543718800764
Bangladesh,large_city,11_20,2017,0.15819816001771086
Bangladesh,large_city,11_20,2018,0.15972824672766156
Bangladesh,large_city,11_20,2019,0.16141589301995315
Bangladesh,large_city,11_20,2020,0.1620051448934504
Bangladesh,large_city,11_20,2025,0.17097891163801568
Bangladesh,large_city,11_20,2030,0.17741899982079185
Bangladesh,large_city,11_20,2035,0.1835858407478937
Bangladesh,large_city,11_20,2040,0.1895141866675617
Bangladesh,large_city,11_20,2045,0.19513711977022066
Bangladesh,large_city,11_20,2050,0.20042425473103775
Bangladesh,large_city,11_20,2055,0.205377371212216
Bangladesh,large_city,11_20,2060,0.21003192195256837
Bangladesh,large_city,11_20,2065,0.21442025961407807
Bangladesh,large_city,11_20,2070,0.21856403651376888
Bangladesh,large_city,11_20,2075,0.22247499055275033
Bangladesh,large_city,11_20,2080,0.2260529832422926
Bangladesh,large_city,11_20,2085,0.2293250619502157
Bangladesh,large_city,11_20,2090,0.23226022453397227
Bangladesh,large_city,11_20,2095,0.2349750897802976
Bangladesh,large_city,11_20,2100,0.23753358660518145
Bangladesh,large_city,21_30,2011,0.157092054088329
Bangladesh,large_city,21_30,2012,0.1584208007247229
Bangladesh,large_city,21_30,2013,0.15962447039690902
Bangladesh,large_city,21_30,2014,0.16085185814420425
Bangladesh,large_city,21_30,2015,0.16222285325829525
Bangladesh,large_city,21_30,2016,0.16373250414272944
Bangladesh,large_city,21_30,2017,0.16511304353803652
Bangladesh,large_city,21_30,2018,0.16671001074377884
Bangladesh,large_city,21_30,2019,0.16847142450298283
Bangladesh,large_city,21_30,2020,0.16908643273210966
Bangladesh,large_city,21_30,2025,0.17845244520045767
Bangladesh,large_city,21_30,2030,0.18517403134528054
Bangladesh,large_city,21_30,2035,0.19161042652443255
Bangladesh,large_city,21_30,2040,0.19779790201613928
Bangladesh,large_city,21_30,2045,0.20366661501562583
Bangladesh,large_city,21_30,2050,0.20918485204745438
Bangladesh,large_city,21_30,2055,0.21435447056333465
Bangladesh,large_city,21_30,2060,0.2192124729506934
Bangladesh,large_city,21_30,2065,0.22379262601494737
Bangladesh,large_city,21_30,2070,0.2281175285016385
Bangladesh,large_city,21_30,2075,0.2321994313786461
Bangladesh,large_city,21_30,2080,0.23593381907734642
Bangladesh,large_city,21_30,2085,0.23934892121317852
Bangladesh,large_city,21_30,2090,0.24241238053172406
Bangladesh,large_city,21_30,2095,0.2452459132578078
Bangladesh,large_city,21_30,2100,0.24791624265728807
Bangladesh,large_city,31_50,2011,0.147596045325267
Bangladesh,large_city,31_50,2012,0.14884447096913003
Bangladesh,large_city,31_50,2013,0.1499753803873285
Bangladesh,large_city,31_50,2014,0.15112857415408387
Bangladesh,large_city,31_50,2015,0.15241669441054395
Bangladesh,large_city,31_50,2016,0.15383508887777136
Bangladesh,large_city,31_50,2017,0.15513217647615804
Bangladesh,large_city,31_50,2018,0.1566326091075194
Bangladesh,large_city,31_50,2019,0.15828754771373202
Bangladesh,large_city,31_50,2020,0.15886537950152302
Bangladesh,large_city,31_50,2025,0.16766522879255097
Bangladesh,large_city,31_50,2030,0.17398050386515995
Bangladesh,large_city,31_50,2035,0.1800278273921621
Bangladesh,large_city,31_50,2040,0.1858412781005565
Bangladesh,large_city,31_50,2045,0.1913552350915712
Bangladesh,large_city,31_50,2050,0.19653990192779053
Bangladesh,large_city,31_50,2055,0.201397023780403
Bangladesh,large_city,31_50,2060,0.20596136629101588
Bangladesh,large_city,31_50,2065,0.2102646551059179
Bangladesh,large_city,31_50,2070,0.21432812290610403
Bangladesh,large_city,31_50,2075,0.21816328010450312
Bangladesh,large_city,31_50,2080,0.22167192896162213
Bangladesh,large_city,31_50,2085,0.22488059264964846
Bangladesh,large_city,31_50,2090,0.2277588698677815
Bangladesh,large_city,31_50,2095,0.23042111925459344
Bangladesh,large_city,31_50,2100,0.2329300307419782
Bangladesh,large_city,51+,2011,0.0999074306415119
Bangladesh,large_city,51+,2012,0.10075248714794108
Bangladesh,large_city,51+,2013,0.10151799718590652
Bangladesh,large_city,51+,2014,0.10229859144921782
Bangladesh,large_city,51+,2015,0.10317051714950744
Bangladesh,large_city,51+,2016,0.10413062516964129
Bangladesh,large_city,51+,2017,0.10500862084348335
Bangladesh,large_city,51+,2018,0.10602426031214011
Bangladesh,large_city,51+,2019,0.10714448452717093
Bangladesh,large_city,51+,2020,0.1075356175628425
Bangladesh,large_city,51+,2025,0.11349221572752671
Bangladesh,large_city,51+,2030,0.1177670111999142
Bangladesh,large_city,51+,2035,0.1218604308746033
Bangladesh,large_city,51+,2040,0.12579554256514214
Bangladesh,large_city,51+,2045,0.12952792763295382
Bangladesh,large_city,51+,2050,0.13303741693666388
Bangladesh,large_city,51+,2055,0.13632519177871907
Bangladesh,large_city,51+,2060,0.1394147849436187
Bangladesh,large_city,51+,2065,0.1423276714498781
Bangladesh,large_city,51+,2070,0.1450782236514391
Bangladesh,large_city,51+,2075,0.14767423292088772
Bangladesh,large_city,51+,2080,0.1500492294295376
Bangladesh,large_city,51+,2085,0.1522211666529027
Bangladesh,large_city,51+,2090,0.15416946601894568
Bangladesh,large_city,51+,2095,0.1559715366325395
Bangladesh,large_city,51+,2100,0.1576698131673829
Bangladesh,city,No_travel,2011,0.0
Bangladesh,city,No_travel,2012,0.0
Bangladesh,city,No_travel,2013,0.0
Bangladesh,city,No_travel,2014,0.0
Bangladesh,city,No_travel,2015,0.0
Bangladesh,city,No_travel,2016,0.0
Bangladesh,city,No_travel,2017,0.0
Bangladesh,city,No_travel,2018,0.0
Bangladesh,city,No_travel,2019,0.0
Bangladesh,city,No_travel,2020,0.0
Bangladesh,city,No_travel,2025,0.0
Bangladesh,city,No_travel,2030,0.0
Bangladesh,city,No_travel,2035,0.0
Bangladesh,city,No_travel,2040,0.0
Bangladesh,city,No_travel,2045,0.0
Bangladesh,city,No_travel,2050,0.0
Bangladesh,city,No_travel,2055,0.0
Bangladesh,city,No_travel,2060,0.0
Bangladesh,city,No_travel,2065,0.0
Bangladesh,city,No_travel,2070,0.0
Bangladesh,city,No_travel,2075,0.0
Bangladesh,city,No_travel,2080,0.0
Bangladesh,city,No_travel,2085,0.0
Bangladesh,city,No_travel,2090,0.0
Bangladesh,city,No_travel,2095,0.0
Bangladesh,city,No_travel,2100,0.0
Bangladesh,city,00_01,2011,0.0203337654203297
Bangladesh,city,00_01,2012,0.02050575643899888
Bangladesh,city,00_01,2013,0.02066155767859586
Bangladesh,city,00_01,2014,0.02082042895109991
Bangladesh,city,00_01,2015,0.02099788855084943
Bangladesh,city,00_01,2016,0.021193295550451192
Bangladesh,city,00_01,2017,0.021371990547983746
Bangladesh,city,00_01,2018,0.021578699644341132
Bangladesh,city,00_01,2019,0.021806694461747086
Bangladesh,city,00_01,2020,0.021886300226247473
Bangladesh,city,00_01,2025,0.023098623163651983
Bangladesh,city,00_01,2030,0.023968655430494187
Bangladesh,city,00_01,2035,0.024801772996401305
Bangladesh,city,00_01,2040,0.025602670762507673
Bangladesh,city,00_01,2045,0.026362308378447823
Bangladesh,city,00_01,2050,0.02707658089840537
Bangladesh,city,00_01,2055,0.02774572874820939
Bangladesh,city,00_01,2060,0.028374541462698515
Bangladesh,city,00_01,2065,0.028967389767714496
Bangladesh,city,00_01,2070,0.02952719881178448
Bangladesh,city,00_01,2075,0.030055554342249265
Bangladesh,city,00_01,2080,0.030538928016968937
Bangladesh,city,00_01,2085,0.030980973836023742
Bangladesh,city,00_01,2090,0.031377503523788874
Bangladesh,city,00_01,2095,0.031744271850152585
Bangladesh,city,00_01,2100,0.032089915376931545
Bangladesh,city,02_05,2011,0.0396703669770022
Bangladesh,city,02_05,2012,0.04000591460855563
Bangladesh,city,02_05,2013,0.0403098766255515
Bangladesh,city,02_05,2014,0.040619828154550536
Bangladesh,city,02_05,2015,0.04096604477012224
Bangladesh,city,02_05,2016,0.041347276048433655
Bangladesh,city,02_05,2017,0.041695902875906715
Bangladesh,city,02_05,2018,0.042099184095123664
Bangladesh,city,02_05,2019,0.042543992908857
Bangladesh,city,02_05,2020,0.04269930058679735
Bangladesh,city,02_05,2025,0.04506449438279691
Bangladesh,city,02_05,2030,0.04676189270494711
Bangladesh,city,02_05,2035,0.048387271914912745
Bangladesh,city,02_05,2040,0.04994979157793273
Bangladesh,city,02_05,2045,0.05143181433028295
Bangladesh,city,02_05,2050,0.052825331586067475
Bangladesh,city,02_05,2055,0.054130812406508994
Bangladesh,city,02_05,2060,0.05535760098343672
Bangladesh,city,02_05,2065,0.05651422442899707
Bangladesh,city,02_05,2070,0.05760638959153493
Bangladesh,city,02_05,2075,0.05863719020099366
Bangladesh,city,02_05,2080,0.05958023300033567
Bangladesh,city,02_05,2085,0.060442646798274983
Bangladesh,city,02_05,2090,0.06121626043577626
Bangladesh,city,02_05,2095,0.06193181084179414
Bangladesh,city,02_05,2100,0.06260614760466628
Bangladesh,city,06_10,2011,0.0505698242635587
Bangladesh,city,06_10,2012,0.050997563809541416
Bangladesh,city,06_10,2013,0.05138503957429017
Bangladesh,city,06_10,2014,0.051780150473082445
Bangladesh,city,06_10,2015,0.05222149031288617
Bangladesh,city,06_10,2016,0.05270746511516507
Bangladesh,city,06_10,2017,0.05315187737404574
Bangladesh,city,06_10,2018,0.05366596035181142
Bangladesh,city,06_10,2019,0.054232980655768204
Bangladesh,city,06_10,2020,0.054430959212023504
Bangladesh,city,06_10,2025,0.05744599143197489
Bangladesh,city,06_10,2030,0.05960975096830982
Bangladesh,city,06_10,2035,0.06168170409789026
Bangladesh,city,06_10,2040,0.06367352698203659
Bangladesh,city,06_10,2045,0.06556273638068909
Bangladesh,city,06_10,2050,0.06733912334413998
Bangladesh,city,06_10,2055,0.06900328580846622
Bangladesh,city,06_10,2060,0.07056713528784567
Bangladesh,city,06_10,2065,0.07204154172363707
Bangladesh,city,06_10,2070,0.07343377992421482
Bangladesh,city,06_10,2075,0.07474779362369273
Bangladesh,city,06_10,2080,0.07594993800172146
Bangladesh,city,06_10,2085,0.07704930051151479
Bangladesh,city,06_10,2090,0.07803546496315727
Bangladesh,city,06_10,2095,0.078947613275398
Bangladesh,city,06_10,2100,0.07980722447114696
Bangladesh,city,11_20,2011,0.0832808161760771
Bangladesh,city,11_20,2012,0.08398523821073889
Bangladesh,city,11_20,2013,0.08462335191602974
Bangladesh,city,11_20,2014,0.08527403952688616
Bangladesh,city,11_20,2015,0.08600085917882548
Bangladesh,city,11_20,2016,0.08680118583141304
Bangladesh,city,11_20,2017,0.08753306529069972
Bangladesh,city,11_20,2018,0.08837968183710931
Bangladesh,city,11_20,2019,0.08931347811561363
Bangladesh,city,11_20,2020,0.08963951871374527
Bangladesh,city,11_20,2025,0.09460481862790106
Bangladesh,city,11_20,2030,0.09816820178809522
Bangladesh,city,11_20,2035,0.10158039374689506
Bangladesh,city,11_20,2040,0.104860623367733
Bangladesh,city,11_20,2045,0.1079718641706929
Bangladesh,city,11_20,2050,0.11089730356691681
Bangladesh,city,11_20,2055,0.11363792626626347
Bangladesh,city,11_20,2060,0.11621334872255833
Bangladesh,city,11_20,2065,0.11864147207746689
Bangladesh,city,11_20,2070,0.12093427683493134
Bangladesh,city,11_20,2075,0.1230982577257632
Bangladesh,city,11_20,2080,0.125078006843378
Bangladesh,city,11_20,2085,0.12688848984232615
Bangladesh,city,11_20,2090,0.12851255284061905
Bangladesh,city,11_20,2095,0.13001472250451046
Bangladesh,city,11_20,2100,0.13143037152086776
Bangladesh,city,21_30,2011,0.0673025770269828
Bangladesh,city,21_30,2012,0.0678718488043762
Bangladesh,city,21_30,2013,0.0683875341539471
Bangladesh,city,21_30,2014,0.06891338098231604
Bangladesh,city,21_30,2015,0.06950075317504227
Bangladesh,city,21_30,2016,0.07014752933137386
Bangladesh,city,21_30,2017,0.07073899055791812
Bangladesh,city,21_30,2018,0.07142317543918272
Bangladesh,city,21_30,2019,0.07217781376823887
Bangladesh,city,21_30,2020,0.07244130028863133
Bangladesh,city,21_30,2025,0.07645395884889332
Bangladesh,city,21_30,2030,0.0793336720965225
Bangladesh,city,21_30,2035,0.08209120165353886
Bangladesh,city,21_30,2040,0.08474208713784866
Bangladesh,city,21_30,2045,0.08725640596186195
Bangladesh,city,21_30,2050,0.08962057119633628
Bangladesh,city,21_30,2055,0.09183537862491262
Bangladesh,city,21_30,2060,0.09391668109288238
Bangladesh,city,21_30,2065,0.09587894523279235
Bangladesh,city,21_30,2070,0.09773185297172263
Bangladesh,city,21_30,2075,0.09948065296285392
Bangladesh,city,21_30,2080,0.10108056784842208
Bangladesh,city,21_30,2085,0.10254369197577366
Bangladesh,city,21_30,2090,0.10385616260296089
Bangladesh,city,21_30,2095,0.1050701263241845
Bangladesh,city,21_30,2100,0.10621416923035774
Bangladesh,city,31_50,2011,0.128420945162782
Bangladesh,city,31_50,2012,0.12950718023633717
Bangladesh,city,31_50,2013,0.13049116633202476
Bangladesh,city,31_50,2014,0.13149454168097935
Bangladesh,city,31_50,2015,0.13261531439852323
Bangladesh,city,31_50,2016,0.13384943661157836
Bangladesh,city,31_50,2017,0.1349780116691055
Bangladesh,city,31_50,2018,0.1362835139693051
Bangladesh,city,31_50,2019,0.13772344943321163
Bangladesh,city,31_50,2020,0.13822621157815723
Bangladesh,city,31_50,2025,0.1458828189130855
Bangladesh,city,31_50,2030,0.15137763818144814
Bangladesh,city,31_50,2035,0.1566393171196019
Bangladesh,city,31_50,2040,0.1616975070798003
Bangladesh,city,31_50,2045,0.1664951123734417
Bangladesh,city,31_50,2050,0.1710062075995645
Bangladesh,city,31_50,2055,0.1752323112035512
Bangladesh,city,31_50,2060,0.17920367221100786
Bangladesh,city,31_50,2065,0.18294789459650793
Bangladesh,city,31_50,2070,0.1864834525742873
Bangladesh,city,31_50,2075,0.18982036116950657
Bangladesh,city,31_50,2080,0.19287318010840535
Bangladesh,city,31_50,2085,0.19566498677651598
Bangladesh,city,31_50,2090,0.198169329490974
Bangladesh,city,31_50,2095,0.20048570986390327
Bangladesh,city,31_50,2100,0.20266867339676534
Bangladesh,city,51+,2011,0.0842931032354429
Bangladesh,city,51+,2012,0.08500608759385177
Bangladesh,city,51+,2013,0.08565195763818836
Bangladesh,city,51+,2014,0.0863105544252321
Bangladesh,city,51+,2015,0.08704620864630672
Bangladesh,city,51+,2016,0.08785626335333561
Bangladesh,city,51+,2017,0.08859703888424682
Bangladesh,city,51+,2018,0.0894539461436144
Bangladesh,city,51+,2019,0.0903990928138682
Bangladesh,city,51+,2020,0.09072909646968191
Bangladesh,city,51+,2025,0.09575475012530853
Bangladesh,city,51+,2030,0.09936144658172447
Bangladesh,city,51+,2035,0.1028151140918285
Bangladesh,city,51+,2040,0.10613521524790573
Bangladesh,city,51+,2045,0.10928427350929146
Bangladesh,city,51+,2050,0.11224527192834596
Bangladesh,city,51+,2055,0.11501920718417968
Bangladesh,city,51+,2060,0.11762593417067264
Bangladesh,city,51+,2065,0.12008357161974571
Bangladesh,city,51+,2070,0.12240424565962361
Bangladesh,city,51+,2075,0.12459452996525239
Bangladesh,city,51+,2080,0.126598343141129
Bangladesh,city,51+,2085,0.12843083275090528
Bangladesh,city,51+,2090,0.1300746364053571
Bangladesh,city,51+,2095,0.1315950650991374
Bangladesh,city,51+,2100,0.13302792147783407
Bangladesh,town,No_travel,2011,0.0
Bangladesh,town,No_travel,2012,0.0
Bangladesh,town,No_travel,2013,0.0
Bangladesh,town,No_travel,2014,0.0
Bangladesh,town,No_travel,2015,0.0
Bangladesh,town,No_travel,2016,0.0
Bangladesh,town,No_travel,2017,0.0
Bangladesh,town,No_travel,2018,0.0
Bangladesh,town,No_travel,2019,0.0
Bangladesh,town,No_travel,2020,0.0
Bangladesh,town,No_travel,2025,0.0
Bangladesh,town,No_travel,2030,0.0
Bangladesh,town,No_travel,2035,0.0
Bangladesh,town,No_travel,2040,0.0
Bangladesh,town,No_travel,2045,0.0
Bangladesh,town,No_travel,2050,0.0
Bangladesh,town,No_travel,2055,0.0
Bangladesh,town,No_travel,2060,0.0
Bangladesh,town,No_travel,2065,0.0
Bangladesh,town,No_travel,2070,0.0
Bangladesh,town,No_travel,2075,0.0
Bangladesh,town,No_travel,2080,0.0
Bangladesh,town,No_travel,2085,0.0
Bangladesh,town,No_travel,2090,0.0
Bangladesh,town,No_travel,2095,0.0
Bangladesh,town,No_travel,2100,0.0
Bangladesh,town,00_01,2011,0.0142978983785273
Bangladesh,town,00_01,2012,0.014418835649913971
Bangladesh,town,00_01,2013,0.014528388909969733
Bangladesh,town,00_01,2014,0.014640100895555007
Bangladesh,town,00_01,2015,0.014764883456534884
Bangladesh,town,00_01,2016,0.01490228591815498
Bangladesh,town,00_01,2017,0.015027937161919068
Bangladesh,town,00_01,2018,0.015173286810276876
Bangladesh,town,00_01,2019,0.015333603734501941
Bangladesh,town,00_01,2020,0.015389579354739674
Bangladesh,town,00_01,2025,0.016242036821551856
Bangladesh,town,00_01,2030,0.01685380904770887
Bangladesh,town,00_01,2035,0.0174396243184406
Bangladesh,town,00_01,2040,0.018002783902249388
Bangladesh,town,00_01,2045,0.01853693098286634
Bangladesh,town,00_01,2050,0.019039179124999278
Bangladesh,town,00_01,2055,0.019509697386567423
Bangladesh,town,00_01,2060,0.01995185357874531
Bangladesh,town,00_01,2065,0.02036872102281083
Bangladesh,town,00_01,2070,0.02076235656733672
Bangladesh,town,00_01,2075,0.02113387524703809
Bangladesh,town,00_01,2080,0.021473764467609475
Bangladesh,town,00_01,2085,0.02178459357716433
Bangladesh,town,00_01,2090,0.022063417546190088
Bangladesh,town,00_01,2095,0.02232131450479117
Bangladesh,town,00_01,2100,0.022564357341123904
Bangladesh,town,02_05,2011,0.0305435787015927
Bangladesh,town,02_05,2012,0.030801928353322083
Bangladesh,town,02_05,2013,0.031035959155048476
Bangladesh,town,02_05,2014,0.031274601487879666
Bangladesh,town,02_05,2015,0.0315411655570158
Bangladesh,town,02_05,2016,0.031834688618180416
Bangladesh,town,02_05,2017,0.03210310839227988
Bangladesh,town,02_05,2018,0.03241360846063488
Bangladesh,town,02_05,2019,0.0327560820509927
Bangladesh,town,02_05,2020,0.03287565876897171
Bangladesh,town,02_05,2025,0.034696702746067044
Bangladesh,town,02_05,2030,0.03600358804084138
Bangladesh,town,02_05,2035,0.03725502334640078
Bangladesh,town,02_05,2040,0.0384580609267666
Bangladesh,town,02_05,2045,0.039599121169546864
Bangladesh,town,02_05,2050,0.04067203798926665
Bangladesh,town,02_05,2055,0.04167717253227935
Bangladesh,town,02_05,2060,0.04262171921296243
Bangladesh,town,02_05,2065,0.04351224334796879
Bangladesh,town,02_05,2070,0.04435313883593974
Bangladesh,town,02_05,2075,0.04514678764586642
Bangladesh,town,02_05,2080,0.045872868702221944
Bangladesh,town,02_05,2085,0.04653687071979767
Bangladesh,town,02_05,2090,0.04713250244247227
Bangladesh,town,02_05,2095,0.047683429288040244
Bangladesh,town,02_05,2100,0.04820262433355376
Bangladesh,town,06_10,2011,0.0419722902791875
Bangladesh,town,06_10,2012,0.04232730848716675
Bangladesh,town,06_10,2013,0.04264890828528795
Bangladesh,town,06_10,2014,0.042976845144434415
Bangladesh,town,06_10,2015,0.04334315141774612
Bangladesh,town,06_10,2016,0.04374650412396305
Bangladesh,town,06_10,2017,0.044115360464775176
Bangladesh,town,06_10,2018,0.04454204258765372
Bangladesh,town,06_10,2019,0.04501266199633174
Bangladesh,town,06_10,2020,0.04517698159904371
Bangladesh,town,06_10,2025,0.04767941876151759
Bangladesh,town,06_10,2030,0.04947531077174264
Bangladesh,town,06_10,2035,0.05119500466955769
Bangladesh,town,06_10,2040,0.05284819151557887
Bangladesh,town,06_10,2045,0.05441621051570722
Bangladesh,town,06_10,2050,0.05589058837570413
Bangladesh,town,06_10,2055,0.057271821374664
Bangladesh,town,06_10,2060,0.05856979591298507
Bangladesh,town,06_10,2065,0.05979353389929905
Bangladesh,town,06_10,2070,0.060949073329056025
Bangladesh,town,06_10,2075,0.062039687449798764
Bangladesh,town,06_10,2080,0.06303745150231249
Bangladesh,town,06_10,2085,0.06394990795346833
Bangladesh,town,06_10,2090,0.06476841150237589
Bangladesh,town,06_10,2095,0.065525482627233
Bangladesh,town,06_10,2100,0.06623894863508731
Bangladesh,town,11_20,2011,0.0757320066192673
Bangladesh,town,11_20,2012,0.0763725778413237
Bangladesh,town,11_20,2013,0.07695285110918838
Bangladesh,town,11_20,2014,0.07754455854812928
Bangladesh,town,11_20,2015,0.07820549720386132
Bangladesh,town,11_20,2016,0.07893327997706553
Bangladesh,town,11_20,2017,0.07959881980484555
Bangladesh,town,11_20,2018,0.0803686966245097
Bangladesh,town,11_20,2019,0.08121785095790647
Bangladesh,town,11_20,2020,0.08151433831081198
Bangladesh,town,11_20,2025,0.08602956934757877
Bangladesh,town,11_20,2030,0.08926995734406828
Bangladesh,town,11_20,2035,0.0923728585387887
Bangladesh,town,11_20,2040,0.09535575883641298
Bangladesh,town,11_20,2045,0.0981849879422581
Bangladesh,town,11_20,2050,0.10084525720823986
Bangladesh,town,11_20,2055,0.10333746208732049
Bangladesh,town,11_20,2060,0.10567944094227265
Bangladesh,town,11_20,2065,0.10788747230447195
Bangladesh,town,11_20,2070,0.10997245073097858
Bangladesh,town,11_20,2075,0.11194028225176912
Bangladesh,town,11_20,2080,0.11374058129017793
Bangladesh,town,11_20,2085,0.11538695697134947
Bangladesh,town,11_20,2090,0.11686381028984703
Bangladesh,town,11_20,2095,0.11822981903174704
Bangladesh,town,11_20,2100,0.11951714960317972
Bangladesh,town,21_30,2011,0.0536494958683143
Bangladesh,town,21_30,2012,0.05410328449303473
Bangladesh,town,21_30,2013,0.0545143572966818
Bangladesh,town,21_30,2014,0.05493353020940155
Bangladesh,town,21_30,2015,0.05540174737758211
Bangladesh,town,21_30,2016,0.055917317750361815
Bangladesh,town,21_30,2017,0.056388794446076335
Bangladesh,town,21_30,2018,0.056934184765169954
Bangladesh,town,21_30,2019,0.05753573626148989
Bangladesh,town,21_30,2020,0.057745771591659854
Bangladesh,town,21_30,2025,0.06094441744385988
Bangladesh,town,21_30,2030,0.06323994862268342
Bangladesh,town,21_30,2035,0.0654380824403022
Bangladesh,town,21_30,2040,0.06755120612917424
Bangladesh,town,21_30,2045,0.0695554672335662
Bangladesh,town,21_30,2050,0.07144003508492935
Bangladesh,town,21_30,2055,0.07320554403328478
Bangladesh,town,21_30,2060,0.0748646309967942
Bangladesh,town,21_30,2065,0.07642882788964772
Bangladesh,town,21_30,2070,0.07790585255163433
Bangladesh,town,21_30,2075,0.07929988888788178
Bangladesh,town,21_30,2080,0.08057524312890187
Bangladesh,town,21_30,2085,0.08174155614829352
Bangladesh,town,21_30,2090,0.08278777741649748
Bangladesh,town,21_30,2095,0.08375547500733355
Bangladesh,town,21_30,2100,0.08466743600317042
Bangladesh,town,31_50,2011,0.0837659254033078
Bangladesh,town,31_50,2012,0.08447445068340556
Bangladesh,town,31_50,2013,0.08511628138932958
Bangladesh,town,31_50,2014,0.08577075924358857
Bangladesh,town,31_50,2015,0.08650181260667385
Bangladesh,town,31_50,2016,0.08730680114733834
Bangladesh,town,31_50,2017,0.088042943791056
Bangladesh,town,31_50,2018,0.08889449186332529
Bangladesh,town,31_50,2019,0.08983372748803028
Bangladesh,town,31_50,2020,0.09016166726666792
Bangladesh,town,31_50,2025,0.09515588996178244
Bangladesh,town,31_50,2030,0.09874002976354833
Bangladesh,town,31_50,2035,0.10217209767794397
Bangladesh,town,31_50,2040,0.10547143457617864
Bangladesh,town,31_50,2045,0.10860079829976965
Bangladesh,town,31_50,2050,0.11154327832683718
Bangladesh,town,31_50,2055,0.11429986510315687
Bangladesh,town,31_50,2060,0.116890289348038
Bangladesh,town,31_50,2065,0.11933255647696805
Bangladesh,town,31_50,2070,0.12163871678010503
Bangladesh,town,31_50,2075,0.12381530281994833
Bangladesh,town,31_50,2080,0.12580658393987357
Bangladesh,town,31_50,2085,0.12762761296909447
Bangladesh,town,31_50,2090,0.12926113610457443
Bangladesh,town,31_50,2095,0.130772055879215
Bangladesh,town,31_50,2100,0.13219595102513593
Bangladesh,town,51+,2011,0.068333385372376
Bangladesh,town,51+,2012,0.06891137613386862
Bangladesh,town,51+,2013,0.06943495973615756
Bangladesh,town,51+,2014,0.06996886045076721
Bangladesh,town,51+,2015,0.0705652288541121
Bangladesh,town,51+,2016,0.071221911054001
Bangladesh,town,51+,2017,0.07182243111893198
Bangladesh,town,51+,2018,0.07251709499693867
Bangladesh,town,51+,2019,0.0732832913899161
Bangladesh,town,51+,2020,0.07355081347798095
Bangladesh,town,51+,2025,0.07762493004050448
Bangladesh,town,51+,2030,0.08054874906504628
Bangladesh,town,51+,2035,0.08334851302980159
Bangladesh,town,51+,2040,0.08603999955794382
Bangladesh,town,51+,2045,0.08859282776660865
Bangladesh,town,51+,2050,0.09099320262872633
Bangladesh,town,51+,2055,0.09324193211618462
Bangladesh,town,51+,2060,0.0953551118769423
Bangladesh,town,51+,2065,0.0973474301149364
Bangladesh,town,51+,2070,0.09922871704594083
Bangladesh,town,51+,2075,0.10100430171167023
Bangladesh,town,51+,2080,0.10262872094296799
Bangladesh,town,51+,2085,0.10411425432457763
Bangladesh,town,51+,2090,0.10544682679236816
Bangladesh,town,51+,2095,0.10667938361938532
Bangladesh,town,51+,2100,0.10784094872199243
Bangladesh,rural,No_travel,2011,0.0
Bangladesh,rural,No_travel,2012,0.0
Bangladesh,rural,No_travel,2013,0.0
Bangladesh,rural,No_travel,2014,0.0
Bangladesh,rural,No_travel,2015,0.0
Bangladesh,rural,No_travel,2016,0.0
Bangladesh,rural,No_travel,2017,0.0
Bangladesh,rural,No_travel,2018,0.0
Bangladesh,rural,No_travel,2019,0.0
Bangladesh,rural,No_travel,2020,0.0
Bangladesh,rural,No_travel,2025,0.0
Bangladesh,rural,No_travel,2030,0.0
Bangladesh,rural,No_travel,2035,0.0
Bangladesh,rural,No_travel,2040,0.0
Bangladesh,rural,No_travel,2045,0.0
Bangladesh,rural,No_travel,2050,0.0
Bangladesh,rural,No_travel,2055,0.0
Bangladesh,rural,No_travel,2060,0.0
Bangladesh,rural,No_travel,2065,0.0
Bangladesh,rural,No_travel,2070,0.0
Bangladesh,rural,No_travel,2075,0.0
Bangladesh,rural,No_travel,2080,0.0
Bangladesh,rural,No_travel,2085,0.0
Bangladesh,rural,No_travel,2090,0.0
Bangladesh,rural,No_travel,2095,0.0
Bangladesh,rural,No_travel,2100,0.0
Bangladesh,rural,00_01,2011,0.00800533451099545
Bangladesh,rural,00_01,2012,0.00807304679196615
Bangladesh,rural,00_01,2013,0.008134385211802281
Bangladesh,rural,00_01,2014,0.008196932293185981
Bangladesh,rural,00_01,2015,0.008266797535988572
Bangladesh,rural,00_01,2016,0.008343728609268197
Bangladesh,rural,00_01,2017,0.008414080223989755
Bangladesh,rural,00_01,2018,0.008495460894446001
Bangladesh,rural,00_01,2019,0.008585221681116787
Bangladesh,rural,00_01,2020,0.008616562200723252
Bangladesh,rural,00_01,2025,0.00909384963119457
Bangladesh,rural,00_01,2030,0.009436378385090196
Bangladesh,rural,00_01,2035,0.00976437394637491
Bangladesh,rural,00_01,2040,0.010079684681708776
Bangladesh,rural,00_01,2045,0.01037875143580126
Bangladesh,rural,00_01,2050,0.01065995810540093
Bangladesh,rural,00_01,2055,0.010923399345341606
Bangladesh,rural,00_01,2060,0.011170960779251908
Bangladesh,rural,00_01,2065,0.011404363147078211
Bangladesh,rural,00_01,2070,0.011624758069878898
Bangladesh,rural,00_01,2075,0.011832769851006078
Bangladesh,rural,00_01,2080,0.012023072428022695
Bangladesh,rural,00_01,2085,0.012197104368372643
Bangladesh,rural,00_01,2090,0.01235321676214142
Bangladesh,rural,00_01,2095,0.012497612208822631
Bangladesh,rural,00_01,2100,0.012633690893524056
Bangladesh,rural,02_05,2011,0.018205337195522
Bangladesh,rural,02_05,2012,0.01835932512765105
Bangladesh,rural,02_05,2013,0.018498817938928765
Bangladesh,rural,02_05,2014,0.0186410594287281
Bangladesh,rural,02_05,2015,0.018799943520544773
Bangladesh,rural,02_05,2016,0.018974896375787146
Bangladesh,rural,02_05,2017,0.019134886550650706
Bangladesh,rural,02_05,2018,0.019319958460490158
Bangladesh,rural,02_05,2019,0.01952408801760391
Bangladesh,rural,02_05,2020,0.019595361082650087
Bangladesh,rural,02_05,2025,0.020680784633531055
Bangladesh,rural,02_05,2030,0.021459746643833908
Bangladesh,rural,02_05,2035,0.022205657983781178
Bangladesh,rural,02_05,2040,0.022922722117732927
Bangladesh,rural,02_05,2045,0.023602844990143278
Bangladesh,rural,02_05,2050,0.02424235133864877
Bangladesh,rural,02_05,2055,0.024841456422607353
Bangladesh,rural,02_05,2060,0.02540444843434073
Bangladesh,rural,02_05,2065,0.025935240595826903
Bangladesh,rural,02_05,2070,0.02643645186691826
Bangladesh,rural,02_05,2075,0.02690950200752888
Bangladesh,rural,02_05,2080,0.027342278748963694
Bangladesh,rural,02_05,2085,0.027738053610402658
Bangladesh,rural,02_05,2090,0.028093076722186062
Bangladesh,rural,02_05,2095,0.028421453730382136
Bangladesh,rural,02_05,2100,0.028730917168382122
Bangladesh,rural,06_10,2011,0.0247885032228387
Bangladesh,rural,06_10,2012,0.02499817417322341
Bangladesh,rural,06_10,2013,0.02518810847461998
Bangladesh,rural,06_10,2014,0.02538178539422021
Bangladesh,rural,06_10,2015,0.025598122986858932
Bangladesh,rural,06_10,2016,0.025836339910250337
Bangladesh,rural,06_10,2017,0.02605418355261931
Bangladesh,rural,06_10,2018,0.026306178645280412
Bangladesh,rural,06_10,2019,0.026584122752002896
Bangladesh,rural,06_10,2020,0.02668116861188586
Bangladesh,rural,06_10,2025,0.028159088240629453
Bangladesh,rural,06_10,2030,0.029219727881383308
Bangladesh,rural,06_10,2035,0.030235365518613277
Bangladesh,rural,06_10,2040,0.031211724616197974
Bangladesh,rural,06_10,2045,0.03213778425648946
Bangladesh,rural,06_10,2050,0.0330085401788161
Bangladesh,rural,06_10,2055,0.033824285481692404
Bangladesh,rural,06_10,2060,0.034590858995129876
Bangladesh,rural,06_10,2065,0.03531358898712881
Bangladesh,rural,06_10,2070,0.03599604145012561
Bangladesh,rural,06_10,2075,0.03664014953827324
Bangladesh,rural,06_10,2080,0.03722942110927525
Bangladesh,rural,06_10,2085,0.03776831068450989
Bangladesh,rural,06_10,2090,0.03825171241753519
Bangladesh,rural,06_10,2095,0.03869883264599087
Bangladesh,rural,06_10,2100,0.03912020003665365
Bangladesh,rural,11_20,2011,0.0423833067134091
Bangladesh,rural,11_20,2012,0.04274180146071839
Bangladesh,rural,11_20,2013,0.04306655054617633
Bangladesh,rural,11_20,2014,0.043397698748749595
Bangladesh,rural,11_20,2015,0.04376759210051921
Bangladesh,rural,11_20,2016,0.04417489466484348
Bangladesh,rural,11_20,2017,0.044547363055818516
Bangladesh,rural,11_20,2018,0.044978223491663194
Bangladesh,rural,11_20,2019,0.04545345147209042
Bangladesh,rural,11_20,2020,0.04561938018540203
Bangladesh,rural,11_20,2025,0.048146322629635425
Bangladesh,rural,11_20,2030,0.049959801031391166
Bangladesh,rural,11_20,2035,0.0516963351456712
Bangladesh,rural,11_20,2040,0.05336571093344499
Bangladesh,rural,11_20,2045,0.054949084863550664
Bangladesh,rural,11_20,2050,0.056437900666454204
Bangladesh,rural,11_20,2055,0.05783265948109593
Bangladesh,rural,11_20,2060,0.059143344521105194
Bangladesh,rural,11_20,2065,0.0603790660427519
Bangladesh,rural,11_20,2070,0.061545921168956755
Bangladesh,rural,11_20,2075,0.06264721520075599
Bangladesh,rural,11_20,2080,0.06365474992387957
Bangladesh,rural,11_20,2085,0.0645761416653053
Bangladesh,rural,11_20,2090,0.06540266046446086
Bangladesh,rural,11_20,2095,0.0661671452584821
Bangladesh,rural,11_20,2100,0.06688759792950241
Bangladesh,rural,21_30,2011,0.0366772116814261
Bangladesh,rural,21_30,2012,0.03698744202335415
Bangladesh,rural,21_30,2013,0.03726846990612956
Bangladesh,rural,21_30,2014,0.03755503538828579
Bangladesh,rural,21_30,2015,0.03787512973236665
Bangladesh,rural,21_30,2016,0.03822759685984027
Bangladesh,rural,21_30,2017,0.038549919563748355
Bangladesh,rural,21_30,2018,0.038922772949575066
Bangladesh,rural,21_30,2019,0.03933402064558251
Bangladesh,rural,21_30,2020,0.03947761025701391
Bangladesh,rural,21_30,2025,0.041664348624565736
Bangladesh,rural,21_30,2030,0.04323367712624789
Bangladesh,rural,21_30,2035,0.04473642040515577
Bangladesh,rural,21_30,2040,0.04618104693130305
Bangladesh,rural,21_30,2045,0.0475512500916658
Bangladesh,rural,21_30,2050,0.04883962555342442
Bangladesh,rural,21_30,2055,0.050046606986823644
Bangladesh,rural,21_30,2060,0.051180833558269745
Bangladesh,rural,21_30,2065,0.05225018900368597
Bangladesh,rural,21_30,2070,0.053259949585953904
Bangladesh,rural,21_30,2075,0.05421297561105668
Bangladesh,rural,21_30,2080,0.05508486521056966
Bangladesh,rural,21_30,2085,0.055882209319897916
Bangladesh,rural,21_30,2090,0.05659745329933277
Bangladesh,rural,21_30,2095,0.057259014956311215
Bangladesh,rural,21_30,2100,0.05788247256664205
Bangladesh,rural,31_50,2011,0.0541066561101835
Bangladesh,rural,31_50,2012,0.054564311576783375
Bangladesh,rural,31_50,2013,0.054978887230537406
Bangladesh,rural,31_50,2014,0.05540163201633933
Bangladesh,rural,31_50,2015,0.05587383897548416
Bangladesh,rural,31_50,2016,0.0563938026472596
Bangladesh,rural,31_50,2017,0.0568692969091555
Bangladesh,rural,31_50,2018,0.057419334630170696
Bangladesh,rural,31_50,2019,0.05802601209129428
Bangladesh,rural,31_50,2020,0.05823783718296689
Bangladesh,rural,31_50,2025,0.06146373946484587
Bangladesh,rural,31_50,2030,0.06377883141627211
Bangladesh,rural,31_50,2035,0.06599569606018214
Bangladesh,rural,31_50,2040,0.06812682618361744
Bangladesh,rural,31_50,2045,0.07014816607833955
Bangladesh,rural,31_50,2050,0.0720487927850713
Bangladesh,rural,31_50,2055,0.07382934605928272
Bangladesh,rural,31_50,2060,0.07550257050135077
Bangladesh,rural,31_50,2065,0.07708009629167657
Bangladesh,rural,31_50,2070,0.0785697070356159
Bangladesh,rural,31_50,2075,0.07997562229035715
Bangladesh,rural,31_50,2080,0.08126184413122803
Bangladesh,rural,31_50,2085,0.08243809558402732
Bangladesh,rural,31_50,2090,0.08349323195497885
Bangladesh,rural,31_50,2095,0.0844691755294448
Bangladesh,rural,31_50,2100,0.08538890756399667
Bangladesh,rural,51+,2011,0.0357459136063553
Bangladesh,rural,51+,2012,0.03604826666135174
Bangladesh,rural,51+,2013,0.03632215875832796
Bangladesh,rural,51+,2014,0.03660144784542364
Bangladesh,rural,51+,2015,0.03691341443843462
Bangladesh,rural,51+,2016,0.03725693181366991
Bangladesh,rural,51+,2017,0.03757107018458375
Bangladesh,rural,51+,2018,0.03793445617568263
Bangladesh,rural,51+,2019,0.038335261578775454
Bangladesh,rural,51+,2020,0.03847520520070559
Bangladesh,rural,51+,2025,0.04060641848499664
Bangladesh,rural,51+,2030,0.042135899011716445
Bangladesh,rural,51+,2035,0.04360048503005805
Bangladesh,rural,51+,2040,0.04500842998088049
Bangladesh,rural,51+,2045,0.04634384130437229
Bangladesh,rural,51+,2050,0.0475995026765778
Bangladesh,rural,51+,2055,0.04877583675610143
Bangladesh,rural,51+,2060,0.04988126334591706
Bangladesh,rural,51+,2065,0.05092346600020694
Bangladesh,rural,51+,2070,0.05190758700837866
Bangladesh,rural,51+,2075,0.05283641404828104
Bangladesh,rural,51+,2080,0.05368616485728962
Bangladesh,rural,51+,2085,0.054463263015517877
Bangladesh,rural,51+,2090,0.05516034570867395
Bangladesh,rural,51+,2095,0.0558051091667316
Bangladesh,rural,51+,2100,0.05641273610603345
Bhutan,large_city,No_travel,2011,0.0
Bhutan,large_city,No_travel,2012,0.0
Bhutan,large_city,No_travel,2013,0.0
Bhutan,large_city,No_travel,2014,0.0
Bhutan,large_city,No_travel,2015,0.0
Bhutan,large_city,No_travel,2016,0.0
Bhutan,large_city,No_travel,2017,0.0
Bhutan,large_city,No_travel,2018,0.0
Bhutan,large_city,No_travel,2019,0.0
Bhutan,large_city,No_travel,2020,0.0
Bhutan,large_city,No_travel,2025,0.0
Bhutan,large_city,No_travel,2030,0.0
Bhutan,large_city,No_travel,2035,0.0
Bhutan,large_city,No_travel,2040,0.0
Bhutan,large_city,No_travel,2045,0.0
Bhutan,large_city,No_travel,2050,0.0
Bhutan,large_city,No_travel,2055,0.0
Bhutan,large_city,No_travel,2060,0.0
Bhutan,large_city,No_travel,2065,0.0
Bhutan,large_city,No_travel,2070,0.0
Bhutan,large_city,No_travel,2075,0.0
Bhutan,large_city,No_travel,2080,0.0
Bhutan,large_city,No_travel,2085,0.0
Bhutan,large_city,No_travel,2090,0.0
Bhutan,large_city,No_travel,2095,0.0
Bhutan,large_city,No_travel,2100,0.0
Bhutan,large_city,00_01,2011,0.0263657402468568
Bhutan,large_city,00_01,2012,0.026509863235367085
Bhutan,large_city,00_01,2013,0.026538736952655365
Bhutan,large_city,00_01,2014,0.026710115127443673
Bhutan,large_city,00_01,2015,0.026970320676066323
Bhutan,large_city,00_01,2016,0.027233612774291878
Bhutan,large_city,00_01,2017,0.027365256338669933
Bhutan,large_city,00_01,2018,0.027488521778470058
Bhutan,large_city,00_01,2019,0.027664713031910784
Bhutan,large_city,00_01,2020,0.02723252599309278
Bhutan,large_city,00_01,2025,0.027850062576629777
Bhutan,large_city,00_01,2030,0.028743464315451685
Bhutan,large_city,00_01,2035,0.029557547456362198
Bhutan,large_city,00_01,2040,0.03033999194087176
Bhutan,large_city,00_01,2045,0.031094488946320598
Bhutan,large_city,00_01,2050,0.03181822814828494
Bhutan,large_city,00_01,2055,0.03250546324964978
Bhutan,large_city,00_01,2060,0.03315337188885787
Bhutan,large_city,00_01,2065,0.03376136784364584
Bhutan,large_city,00_01,2070,0.03432920937211675
Bhutan,large_city,00_01,2075,0.034855109476971055
Bhutan,large_city,00_01,2080,0.03533005546781194
Bhutan,large_city,00_01,2085,0.03577090591016756
Bhutan,large_city,00_01,2090,0.036160296201016344
Bhutan,large_city,00_01,2095,0.03650608137138282
Bhutan,large_city,00_01,2100,0.03681686819208258
Bhutan,large_city,02_05,2011,0.0607545651824544
Bhutan,large_city,02_05,2012,0.0610866677298419
Bhutan,large_city,02_05,2013,0.06115320142556317
Bhutan,large_city,02_05,2014,0.061548108088283086
Bhutan,large_city,02_05,2015,0.06214769963460865
Bhutan,large_city,02_05,2016,0.06275440351600553
Bhutan,large_city,02_05,2017,0.06305774973113068
Bhutan,large_city,02_05,2018,0.06334179023699031
Bhutan,large_city,02_05,2019,0.06374778767501099
Bhutan,large_city,02_05,2020,0.06275189924650344
Bhutan,large_city,02_05,2025,0.0641748885601269
Bhutan,large_city,02_05,2030,0.06623355384572777
Bhutan,large_city,02_05,2035,0.06810944531645106
Bhutan,large_city,02_05,2040,0.06991243184331163
Bhutan,large_city,02_05,2045,0.07165101900484498
Bhutan,large_city,02_05,2050,0.07331873097155459
Bhutan,large_city,02_05,2055,0.07490232655319269
Bhutan,large_city,02_05,2060,0.07639530218310076
Bhutan,large_city,02_05,2065,0.07779630702954113
Bhutan,large_city,02_05,2070,0.079104784046753
Bhutan,large_city,02_05,2075,0.08031661545754147
Bhutan,large_city,02_05,2080,0.08141103332286684
Bhutan,large_city,02_05,2085,0.08242688482883778
Bhutan,large_city,02_05,2090,0.0833241567273428
Bhutan,large_city,02_05,2095,0.08412094936337207
Bhutan,large_city,02_05,2100,0.08483709531562927
Bhutan,large_city,06_10,2011,0.0853273830804756
Bhutan,large_city,06_10,2012,0.08579380796884134
Bhutan,large_city,06_10,2013,0.08588725191211571
Bhutan,large_city,06_10,2014,0.0864418826956583
Bhutan,large_city,06_10,2015,0.08728398529998921
Bhutan,large_city,06_10,2016,0.08813607689753244
Bhutan,large_city,06_10,2017,0.08856211465496293
Bhutan,large_city,06_10,2018,0.08896103830754888
Bhutan,large_city,06_10,2019,0.08953124564620148
Bhutan,large_city,06_10,2020,0.08813255975009672
Bhutan,large_city,06_10,2025,0.09013109194135395
Bhutan,large_city,06_10,2030,0.09302240588511125
Bhutan,large_city,06_10,2035,0.09565702123721041
Bhutan,large_city,06_10,2040,0.09818924448009517
Bhutan,large_city,06_10,2045,0.10063102136230047
Bhutan,large_city,06_10,2050,0.10297325683751081
Bhutan,large_city,06_10,2055,0.10519735417790306
Bhutan,large_city,06_10,2060,0.107294179381415
Bhutan,large_city,06_10,2065,0.109261835258316
Bhutan,large_city,06_10,2070,0.11109953945987415
Bhutan,large_city,06_10,2075,0.11280150873093664
Bhutan,large_city,06_10,2080,0.11433857532279339
Bhutan,large_city,06_10,2085,0.11576529857136818
Bhutan,large_city,06_10,2090,0.11702548145278883
Bhutan,large_city,06_10,2095,0.1181445451854646
Bhutan,large_city,06_10,2100,0.11915034384152065
Bhutan,large_city,11_20,2011,0.150513087141122
Bhutan,large_city,11_20,2012,0.151335836501678
Bhutan,large_city,11_20,2013,0.1515006667808816
Bhutan,large_city,11_20,2014,0.1524790067749227
Bhutan,large_city,11_20,2015,0.15396443218106556
Bhutan,large_city,11_20,2016,0.1554674776541968
Bhutan,large_city,11_20,2017,0.15621898620625285
Bhutan,large_city,11_20,2018,0.1569226668808107
Bhutan,large_city,11_20,2019,0.15792848311181104
Bhutan,large_city,11_20,2020,0.1554612735881705
Bhutan,large_city,11_20,2025,0.15898658092794132
Bhutan,large_city,11_20,2030,0.1640867090680326
Bhutan,large_city,11_20,2035,0.16873403417936111
Bhutan,large_city,11_20,2040,0.1732007449099319
Bhutan,large_city,11_20,2045,0.17750791294183935
Bhutan,large_city,11_20,2050,0.18163949508414962
Bhutan,large_city,11_20,2055,0.18556268767156409
Bhutan,large_city,11_20,2060,0.18926137879722815
Bhutan,large_city,11_20,2065,0.19273222191665704
Bhutan,large_city,11_20,2070,0.19597383700718263
Bhutan,large_city,11_20,2075,0.19897602270606124
Bhutan,large_city,11_20,2080,0.20168732861431402
Bhutan,large_city,11_20,2085,0.20420399457647617
Bhutan,large_city,11_20,2090,0.2064268919512395
Bhutan,large_city,11_20,2095,0.2084008624520557
Bhutan,large_city,11_20,2100,0.2101750392204046
Bhutan,large_city,21_30,2011,0.157092054088329
Bhutan,large_city,21_30,2012,0.1579507660415854
Bhutan,large_city,21_30,2013,0.1581228010959974
Bhutan,large_city,21_30,2014,0.1591439045905831
Bhutan,large_city,21_30,2015,0.16069425833508627
Bhutan,large_city,21_30,2016,0.16226300232437782
Bhutan,large_city,21_30,2017,0.16304735951450539
Bhutan,large_city,21_30,2018,0.16378179825792777
Bhutan,large_city,21_30,2019,0.16483157898307546
Bhutan,large_city,21_30,2020,0.16225652707698052
Bhutan,large_city,21_30,2025,0.1659359265353015
Bhutan,large_city,21_30,2030,0.1712589826286858
Bhutan,large_city,21_30,2035,0.17610944355286018
Bhutan,large_city,21_30,2040,0.18077139539380435
Bhutan,large_city,21_30,2045,0.18526683088242418
Bhutan,large_city,21_30,2050,0.18957900557565624
Bhutan,large_city,21_30,2055,0.1936736819512939
Bhutan,large_city,21_30,2060,0.1975340438467619
Bhutan,large_city,21_30,2065,0.20115659843922867
Bhutan,large_city,21_30,2070,0.20453990538486946
Bhutan,large_city,21_30,2075,0.20767331741667008
Bhutan,large_city,21_30,2080,0.21050313522507036
Bhutan,large_city,21_30,2085,0.21312980532372797
Bhutan,large_city,21_30,2090,0.21544986613213937
Bhutan,large_city,21_30,2095,0.21751011940694087
Bhutan,large_city,21_30,2100,0.21936184591225402
Bhutan,large_city,31_50,2011,0.147596045325267
Bhutan,large_city,31_50,2012,0.14840284926649572
Bhutan,large_city,31_50,2013,0.14856448502736147
Bhutan,large_city,31_50,2014,0.14952386415409896
Bhutan,large_city,31_50,2015,0.150980501046855
Bhutan,large_city,31_50,2016,0.15245441651820676
Bhutan,large_city,31_50,2017,0.15319136034427813
Bhutan,large_city,31_50,2018,0.15388140322831767
Bhutan,large_city,31_50,2019,0.15486772608461802
Bhutan,large_city,31_50,2020,0.15244833269102726
Bhutan,large_city,31_50,2025,0.15590531727482265
Bhutan,large_city,31_50,2030,0.16090660160449555
Bhutan,large_city,31_50,2035,0.16546385852348866
Bhutan,large_city,31_50,2040,0.1698440014862468
Bhutan,large_city,31_50,2045,0.17406769379191916
Bhutan,large_city,31_50,2050,0.17811920317707802
Bhutan,large_city,31_50,2055,0.18196636173285768
Bhutan,large_city,31_50,2060,0.18559336981166896
Bhutan,large_city,31_50,2065,0.18899694572724232
Bhutan,large_city,31_50,2070,0.19217573620264922
Bhutan,large_city,31_50,2075,0.19511973758421075
Bhutan,large_city,31_50,2080,0.1977784966152439
Bhutan,large_city,31_50,2085,0.20024638794931487
Bhutan,large_city,31_50,2090,0.20242620412285045
Bhutan,large_city,31_50,2095,0.20436191778764315
Bhutan,large_city,31_50,2100,0.20610170985283902
Bhutan,large_city,51+,2011,0.0999074306415119
Bhutan,large_city,51+,2012,0.10045355441211817
Bhutan,large_city,51+,2013,0.10056296529458657
Bhutan,large_city,51+,2014,0.10121236686460974
Bhutan,large_city,51+,2015,0.10219836109644827
Bhutan,large_city,51+,2016,0.10319605115922069
Bhutan,large_city,51+,2017,0.10369488677522695
Bhutan,large_city,51+,2018,0.10416197524920957
Bhutan,large_city,51+,2019,0.10482961496908691
Bhutan,large_city,51+,2020,0.10319193303030585
Bhutan,large_city,51+,2025,0.10553195810870943
Bhutan,large_city,51+,2030,0.10891731620678129
Bhutan,large_city,51+,2035,0.11200211315067278
Bhutan,large_city,51+,2040,0.11496702205651288
Bhutan,large_city,51+,2045,0.11782602986495457
Bhutan,large_city,51+,2050,0.12056848744231827
Bhutan,large_city,51+,2055,0.12317262040354643
Bhutan,large_city,51+,2060,0.12562773400277244
Bhutan,large_city,51+,2065,0.12793160687395197
Bhutan,large_city,51+,2070,0.13008332298698014
Bhutan,large_city,51+,2075,0.13207611089121352
Bhutan,large_city,51+,2080,0.13387581889084219
Bhutan,large_city,51+,2085,0.13554632897629956
Bhutan,large_city,51+,2090,0.137021841634439
Bhutan,large_city,51+,2095,0.13833212185421664
Bhutan,large_city,51+,2100,0.13950978318451282
Bhutan,city,No_travel,2011,0.0
Bhutan,city,No_travel,2012,0.0
Bhutan,city,No_travel,2013,0.0
Bhutan,city,No_travel,2014,0.0
Bhutan,city,No_travel,2015,0.0
Bhutan,city,No_travel,2016,0.0
Bhutan,city,No_travel,2017,0.0
Bhutan,city,No_travel,2018,0.0
Bhutan,city,No_travel,2019,0.0
Bhutan,city,No_travel,2020,0.0
Bhutan,city,No_travel,2025,0.0
Bhutan,city,No_travel,2030,0.0
Bhutan,city,No_travel,2035,0.0
Bhutan,city,No_travel,2040,0.0
Bhutan,city,No_travel,2045,0.0
Bhutan,city,No_travel,2050,0.0
Bhutan,city,No_travel,2055,0.0
Bhutan,city,No_travel,2060,0.0
Bhutan,city,No_travel,2065,0.0
Bhutan,city,No_travel,2070,0.0
Bhutan,city,No_travel,2075,0.0
Bhutan,city,No_travel,2080,0.0
Bhutan,city,No_travel,2085,0.0
Bhutan,city,No_travel,2090,0.0
Bhutan,city,No_travel,2095,0.0
Bhutan,city,No_travel,2100,0.0
Bhutan,city,00_01,2011,0.0203337654203297
Bhutan,city,00_01,2012,0.020444915837978007
Bhutan,city,00_01,2013,0.020467183803476254
Bhutan,city,00_01,2014,0.020599353944412282
Bhutan,city,00_01,2015,0.02080002946261215
Bhutan,city,00_01,2016,0.021003085387164968
Bhutan,city,00_01,2017,0.02110461143316622
Bhutan,city,00_01,2018,0.021199676108531375
Bhutan,city,00_01,2019,0.021335558188193625
Bhutan,city,00_01,2020,0.02100224724062484
Bhutan,city,00_01,2025,0.021478503318039934
Bhutan,city,00_01,2030,0.02216751190316718
Bhutan,city,00_01,2035,0.02279534846170617
Bhutan,city,00_01,2040,0.02339878468058286
Bhutan,city,00_01,2045,0.023980667266677403
Bhutan,city,00_01,2050,0.024538828843801864
Bhutan,city,00_01,2055,0.02506883775722257
Bhutan,city,00_01,2060,0.025568517347483
Bhutan,city,00_01,2065,0.026037415508711068
Bhutan,city,00_01,2070,0.02647534580491147
Bhutan,city,00_01,2075,0.026880930069434792
Bhutan,city,00_01,2080,0.02724721754229404
Bhutan,city,00_01,2085,0.02758720987311344
Bhutan,city,00_01,2090,0.0278875151464318
Bhutan,city,00_01,2095,0.02815419131308708
Bhutan,city,00_01,2100,0.028393876080086648
Bhutan,city,02_05,2011,0.0396703669770022
Bhutan,city,02_05,2012,0.03988721701764185
Bhutan,city,02_05,2013,0.039930660931982644
Bhutan,city,02_05,2014,0.04018851961609494
Bhutan,city,02_05,2015,0.040580029564485004
Bhutan,city,02_05,2016,0.040976183590920805
Bhutan,city,02_05,2017,0.04117425686556215
Bhutan,city,02_05,2018,0.0413597242632786
Bhutan,city,02_05,2019,0.041624824792097045
Bhutan,city,02_05,2020,0.04097454840038231
Bhutan,city,02_05,2025,0.041903705050689424
Bhutan,city,02_05,2030,0.043247933375216825
Bhutan,city,02_05,2035,0.044472817510740406
Bhutan,city,02_05,2040,0.0456500975548054
Bhutan,city,02_05,2045,0.04678532731922565
Bhutan,city,02_05,2050,0.04787427833932799
Bhutan,city,02_05,2055,0.04890830463312305
Bhutan,city,02_05,2060,0.049883159624650134
Bhutan,city,02_05,2065,0.050797961273348284
Bhutan,city,02_05,2070,0.05165234585001149
Bhutan,city,02_05,2075,0.05244362460636279
Bhutan,city,02_05,2080,0.05315823688633319
Bhutan,city,02_05,2085,0.05382154839082646
Bhutan,city,02_05,2090,0.05440743202582489
Bhutan,city,02_05,2095,0.05492770661228482
Bhutan,city,02_05,2100,0.05539532205237264
Bhutan,city,06_10,2011,0.0505698242635587
Bhutan,city,06_10,2012,0.050846253983834536
Bhutan,city,06_10,2013,0.0509016341398792
Bhutan,city,06_10,2014,0.051230339653189697
Bhutan,city,06_10,2015,0.05172941719635934
Bhutan,city,06_10,2016,0.052234414780822656
Bhutan,city,06_10,2017,0.05248690880730159
Bhutan,city,06_10,2018,0.05272333348455698
Bhutan,city,06_10,2019,0.05306127054378049
Bhutan,city,06_10,2020,0.05223233032069611
Bhutan,city,06_10,2025,0.05341677332185582
Bhutan,city,06_10,2030,0.055130329190417784
Bhutan,city,06_10,2035,0.05669175098196707
Bhutan,city,06_10,2040,0.05819248942917818
Bhutan,city,06_10,2045,0.05963962425701514
Bhutan,city,06_10,2050,0.06102776522758198
Bhutan,city,06_10,2055,0.062345890870115835
Bhutan,city,06_10,2060,0.06358858785934604
Bhutan,city,06_10,2065,0.06475473181353476
Bhutan,city,06_10,2070,0.06584385906865697
Bhutan,city,06_10,2075,0.0668525421412227
Bhutan,city,06_10,2080,0.0677634945767178
Bhutan,city,06_10,2085,0.06860905131768939
Bhutan,city,06_10,2090,0.06935590683525851
Bhutan,city,06_10,2095,0.0700191271785774
Bhutan,city,06_10,2100,0.07061522024325403
Bhutan,city,11_20,2011,0.0832808161760771
Bhutan,city,11_20,2012,0.08373605392022893
Bhutan,city,11_20,2013,0.0838272566218899
Bhutan,city,11_20,2014,0.0843685846535517
Bhutan,city,11_20,2015,0.08519048952934677
Bhutan,city,11_20,2016,0.086022143813567
Bhutan,city,11_20,2017,0.08643796310720657
Bhutan,city,11_20,2018,0.08682731862450828
Bhutan,city,11_20,2019,0.0873838496095004
Bhutan,city,11_20,2020,0.0860187110244847
Bhutan,city,11_20,2025,0.08796930866422588
Bhutan,city,11_20,2030,0.0907912747947268
Bhutan,city,11_20,2035,0.09336269921806702
Bhutan,city,11_20,2040,0.09583418739447787
Bhutan,city,11_20,2045,0.09821739855516873
Bhutan,city,11_20,2050,0.1005034557974037
Bhutan,city,11_20,2055,0.10267420843361448
Bhutan,city,11_20,2060,0.10472074153966728
Bhutan,city,11_20,2065,0.10664120342969641
Bhutan,city,11_20,2070,0.10843483051950914
Bhutan,city,11_20,2075,0.11009597826462404
Bhutan,city,11_20,2080,0.11159617850123602
Bhutan,city,11_20,2085,0.11298868196623307
Bhutan,city,11_20,2090,0.11421863951452504
Bhutan,city,11_20,2095,0.11531086263968979
Bhutan,city,11_20,2100,0.11629253733732053
Bhutan,city,21_30,2011,0.0673025770269828
Bhutan,city,21_30,2012,0.0676704729572603
Bhutan,city,21_30,2013,0.06774417752855832
Bhutan,city,21_30,2014,0.06818164648264198
Bhutan,city,21_30,2015,0.06884586086900316
Bhutan,city,21_30,2016,0.06951795414442462
Bhutan,city,21_30,2017,0.06985399443947064
Bhutan,city,21_30,2018,0.07016864829251017
Bhutan,city,21_30,2019,0.07061840336462838
Bhutan,city,21_30,2020,0.06951517996950371
Bhutan,city,21_30,2025,0.07109153637335752
Bhutan,city,21_30,2030,0.07337208070020494
Bhutan,city,21_30,2035,0.07545015219694698
Bhutan,city,21_30,2040,0.07744746119320475
Bhutan,city,21_30,2045,0.07937342998264173
Bhutan,city,21_30,2050,0.08122088478313642
Bhutan,city,21_30,2055,0.08297515729406156
Bhutan,city,21_30,2060,0.08462904300667487
Bhutan,city,21_30,2065,0.08618104549915523
Bhutan,city,21_30,2070,0.08763054768840588
Bhutan,city,21_30,2075,0.08897298799101316
Bhutan,city,21_30,2080,0.09018536013884376
Bhutan,city,21_30,2085,0.09131069819407077
Bhutan,city,21_30,2090,0.09230467635656647
Bhutan,city,21_30,2095,0.09318734579218577
Bhutan,city,21_30,2100,0.09398067659736238
Bhutan,city,31_50,2011,0.128420945162782
Bhutan,city,31_50,2012,0.12912293229573882
Bhutan,city,31_50,2013,0.1292635689715843
Bhutan,city,31_50,2014,0.13009830931949512
Bhutan,city,31_50,2015,0.1313657056519271
Bhutan,city,31_50,2016,0.1326481357976936
Bhutan,city,31_50,2017,0.13328933876805368
Bhutan,city,31_50,2018,0.13388973398308754
Bhutan,city,31_50,2019,0.134747917636739
Bhutan,city,31_50,2020,0.13264284235751453
Bhutan,city,31_50,2025,0.13565070904314158
Bhutan,city,31_50,2030,0.14000224609976794
Bhutan,city,31_50,2035,0.143967442047918
Bhutan,city,31_50,2040,0.1477785339913768
Bhutan,city,31_50,2045,0.151453500734394
Bhutan,city,31_50,2050,0.15497865388759247
Bhutan,city,31_50,2055,0.15832600467084362
Bhutan,city,31_50,2060,0.1614818060648953
Bhutan,city,31_50,2065,0.16444320272730562
Bhutan,city,31_50,2070,0.1672090171935847
Bhutan,city,31_50,2075,0.16977054544556114
Bhutan,city,31_50,2080,0.17208388891606474
Bhutan,city,31_50,2085,0.1742311614732799
Bhutan,city,31_50,2090,0.1761277844665969
Bhutan,city,31_50,2095,0.17781201779310213
Bhutan,city,31_50,2100,0.17932578288692144
Bhutan,city,51+,2011,0.0842931032354429
Bhutan,city,51+,2012,0.08475387444214347
Bhutan,city,51+,2013,0.08484618572221314
Bhutan,city,51+,2014,0.0853940936529019
Bhutan,city,51+,2015,0.08622598886870562
Bhutan,city,51+,2016,0.08706775199801693
Bhutan,city,51+,2017,0.08748862561880305
Bhutan,city,51+,2018,0.08788271379327306
Bhutan,city,51+,2019,0.08844600947078515
Bhutan,city,51+,2020,0.08706427748302314
Bhutan,city,51+,2025,0.08903858484175367
Bhutan,city,51+,2030,0.09189485226668277
Bhutan,city,51+,2035,0.09449753262371102
Bhutan,city,51+,2040,0.09699906199824206
Bhutan,city,51+,2045,0.09941124134066404
Bhutan,city,51+,2050,0.10172508584855681
Bhutan,city,51+,2055,0.10392222421084013
Bhutan,city,51+,2060,0.10599363314154192
Bhutan,city,51+,2065,0.10793743844736049
Bhutan,city,51+,2070,0.10975286726265711
Bhutan,city,51+,2075,0.1114342064329199
Bhutan,city,51+,2080,0.11295264176082552
Bhutan,city,51+,2085,0.11436207125155651
Bhutan,city,51+,2090,0.11560697906290873
Bhutan,city,51+,2095,0.11671247827476801
Bhutan,city,51+,2100,0.11770608533135664
Bhutan,town,No_travel,2011,0.0
Bhutan,town,No_travel,2012,0.0
Bhutan,town,No_travel,2013,0.0
Bhutan,town,No_travel,2014,0.0
Bhutan,town,No_travel,2015,0.0
Bhutan,town,No_travel,2016,0.0
Bhutan,town,No_travel,2017,0.0
Bhutan,town,No_travel,2018,0.0
Bhutan,town,No_travel,2019,0.0
Bhutan,town,No_travel,2020,0.0
Bhutan,town,No_travel,2025,0.0
Bhutan,town,No_travel,2030,0.0
Bhutan,town,No_travel,2035,0.0
Bhutan,town,No_travel,2040,0.0
Bhutan,town,No_travel,2045,0.0
Bhutan,town,No_travel,2050,0.0
Bhutan,town,No_travel,2055,0.0
Bhutan,town,No_travel,2060,0.0
Bhutan,town,No_travel,2065,0.0
Bhutan,town,No_travel,2070,0.0
Bhutan,town,No_travel,2075,0.0
Bhutan,town,No_travel,2080,0.0
Bhutan,town,No_travel,2085,0.0
Bhutan,town,No_travel,2090,0.0
Bhutan,town,No_travel,2095,0.0
Bhutan,town,No_travel,2100,0.0
Bhutan,town,00_01,2011,0.0142978983785273
Bhutan,town,00_01,2012,0.014376054949305751
Bhutan,town,00_01,2013,0.014391712900561161
Bhutan,town,00_01,2014,0.01448464970811819
Bhutan,town,00_01,2015,0.0146257567833189
Bhutan,town,00_01,2016,0.014768537665973884
Bhutan,town,00_01,2017,0.014839926759852592
Bhutan,town,00_01,2018,0.014906772473849065
Bhutan,town,00_01,2019,0.015002319369680337
Bhutan,town,00_01,2020,0.01476794831452769
Bhutan,town,00_01,2025,0.01510283272261813
Bhutan,town,00_01,2030,0.015587316266538278
Bhutan,town,00_01,2035,0.016028786064519712
Bhutan,town,00_01,2040,0.016453098510201585
Bhutan,town,00_01,2045,0.016862255295097727
Bhutan,town,00_01,2050,0.017254732406127304
Bhutan,town,00_01,2055,0.017627413679229157
Bhutan,town,00_01,2060,0.01797876857369572
Bhutan,town,00_01,2065,0.018308479186586644
Bhutan,town,00_01,2070,0.018616414423495178
Bhutan,town,00_01,2075,0.018901605212225645
Bhutan,town,00_01,2080,0.019159164053690052
Bhutan,town,00_01,2085,0.01939823319288029
Bhutan,town,00_01,2090,0.01960939596532719
Bhutan,town,00_01,2095,0.019796912082091292
Bhutan,town,00_01,2100,0.019965448915806042
Bhutan,town,02_05,2011,0.0305435787015927
Bhutan,town,02_05,2012,0.030710538999352496
Bhutan,town,02_05,2013,0.03074398796183733
Bhutan,town,02_05,2014,0.030942522223359005
Bhutan,town,02_05,2015,0.031243959185816166
Bhutan,town,02_05,2016,0.03154897178354205
Bhutan,town,02_05,2017,0.03170147520394644
Bhutan,town,02_05,2018,0.03184427292653913
Bhutan,town,02_05,2019,0.032048382933146685
Bhutan,town,02_05,2020,0.031547712794157516
Bhutan,town,02_05,2025,0.03226310242721073
Bhutan,town,02_05,2030,0.033298070005073434
Bhutan,town,02_05,2035,0.034241150390878425
Bhutan,town,02_05,2040,0.03514757875088224
Bhutan,town,02_05,2045,0.03602163115564224
Bhutan,town,02_05,2050,0.03686005196490668
Bhutan,town,02_05,2055,0.0376561843400459
Bhutan,town,02_05,2060,0.038406758696305575
Bhutan,town,02_05,2065,0.03911109592034882
Bhutan,town,02_05,2070,0.03976891596456136
Bhutan,town,02_05,2075,0.04037814866925314
Bhutan,town,02_05,2080,0.04092835321934098
Bhutan,town,02_05,2085,0.04143905953957509
Bhutan,town,02_05,2090,0.04189015148248361
Bhutan,town,02_05,2095,0.04229072876444296
Bhutan,town,02_05,2100,0.04265076196011978
Bhutan,town,06_10,2011,0.0419722902791875
Bhutan,town,06_10,2012,0.04220172331816235
Bhutan,town,06_10,2013,0.04224768812067182
Bhutan,town,06_10,2014,0.04252050938161061
Bhutan,town,06_10,2015,0.042934737190759534
Bhutan,town,06_10,2016,0.04335387855646638
Bhutan,town,06_10,2017,0.0435634452838076
Bhutan,town,06_10,2018,0.043759674662245
Bhutan,town,06_10,2019,0.0440401579851037
Bhutan,town,06_10,2020,0.043352148481925264
Bhutan,town,06_10,2025,0.044335220624014
Bhutan,town,06_10,2030,0.04575744950007351
Bhutan,town,06_10,2035,0.04705340908936522
Bhutan,town,06_10,2040,0.04829900229948189
Bhutan,town,06_10,2045,0.049500105209203976
Bhutan,town,06_10,2050,0.050652243991838625
Bhutan,town,06_10,2055,0.051746270971337924
Bhutan,town,06_10,2060,0.0527776931587911
Bhutan,town,06_10,2065,0.05374557733211617
Bhutan,town,06_10,2070,0.05464953865625914
Bhutan,town,06_10,2075,0.055486732364917926
Bhutan,town,06_10,2080,0.05624281092777514
Bhutan,town,06_10,2085,0.05694461192266524
Bhutan,town,06_10,2090,0.0575644921978398
Bhutan,town,06_10,2095,0.05811495637631437
Bhutan,town,06_10,2100,0.05860970579473478
Bhutan,town,11_20,2011,0.0757320066192673
Bhutan,town,11_20,2012,0.0761459803221733
Bhutan,town,11_20,2013,0.0762289161520922
Bhutan,town,11_20,2014,0.07672117667449545
Bhutan,town,11_20,2015,0.0774685817595095
Bhutan,town,11_20,2016,0.078224852538897
Bhutan,town,11_20,2017,0.07860298079152785
Bhutan,town,11_20,2018,0.07895704401962107
Bhutan,town,11_20,2019,0.07946312945651378
Bhutan,town,11_20,2020,0.07822173090756052
Bhutan,town,11_20,2025,0.07999552084079174
Bhutan,town,11_20,2030,0.08256169595154714
Bhutan,town,11_20,2035,0.08490003916659943
Bhutan,town,11_20,2040,0.08714750463979627
Bhutan,town,11_20,2045,0.08931469477653749
Bhutan,town,11_20,2050,0.09139353730174672
Bhutan,town,11_20,2055,0.09336752675769457
Bhutan,town,11_20,2060,0.09522855629427422
Bhutan,town,11_20,2065,0.09697494206768256
Bhutan,town,11_20,2070,0.0986059897071654
Bhutan,town,11_20,2075,0.1001165663057742
Bhutan,town,11_20,2080,0.10148078413487324
Bhutan,town,11_20,2085,0.10274706713341575
Bhutan,town,11_20,2090,0.1038655378385026
Bhutan,town,11_20,2095,0.1048587587595105
Bhutan,town,11_20,2100,0.10575145167622924
Bhutan,town,21_30,2011,0.0536494958683143
Bhutan,town,21_30,2012,0.05394275999077843
Bhutan,town,21_30,2013,0.054001512764713724
Bhutan,town,21_30,2014,0.05435023624428001
Bhutan,town,21_30,2015,0.0548797073069181
Bhutan,town,21_30,2016,0.05541545893777155
Bhutan,town,21_30,2017,0.055683329697214096
Bhutan,town,21_30,2018,0.055934152493818536
Bhutan,town,21_30,2019,0.056292669714840926
Bhutan,town,21_30,2020,0.05541324753528844
Bhutan,town,21_30,2025,0.056669822396331865
Bhutan,town,21_30,2030,0.05848773277726209
Bhutan,town,21_30,2035,0.06014424420822597
Bhutan,town,21_30,2040,0.061736376716012675
Bhutan,town,21_30,2045,0.06327164117653958
Bhutan,town,21_30,2050,0.0647443190896944
Bhutan,town,21_30,2055,0.06614271778383418
Bhutan,town,21_30,2060,0.06746109426546487
Bhutan,town,21_30,2065,0.06869825567868322
Bhutan,town,21_30,2070,0.06985371012260648
Bhutan,town,21_30,2075,0.07092382138208045
Bhutan,town,21_30,2080,0.0718902502680029
Bhutan,town,21_30,2085,0.07278730090129668
Bhutan,town,21_30,2090,0.07357963946658859
Bhutan,town,21_30,2095,0.07428324952628004
Bhutan,town,21_30,2100,0.07491564429680223
Bhutan,town,31_50,2011,0.0837659254033078
Bhutan,town,31_50,2012,0.0842238148989723
Bhutan,town,31_50,2013,0.0843155488546982
Bhutan,town,31_50,2014,0.08486003011221889
Bhutan,town,31_50,2015,0.08568672256884545
Bhutan,town,31_50,2016,0.08652322122402246
Bhutan,town,31_50,2017,0.08694146265742324
Bhutan,town,31_50,2018,0.0873330861634742
Bhutan,town,31_50,2019,0.08789285893124962
Bhutan,town,31_50,2020,0.08651976843900672
Bhutan,town,31_50,2025,0.0884817282742342
Bhutan,town,31_50,2030,0.09132013230570316
Bhutan,town,31_50,2035,0.09390653522916098
Bhutan,town,31_50,2040,0.09639241977888346
Bhutan,town,31_50,2045,0.098789513100888
Bhutan,town,31_50,2050,0.101088886584643
Bhutan,town,31_50,2055,0.10327228381515788
Bhutan,town,31_50,2060,0.10533073793902925
Bhutan,town,31_50,2065,0.10726238648435517
Bhutan,town,31_50,2070,0.10906646141907902
Bhutan,town,31_50,2075,0.11073728531935126
Bhutan,town,31_50,2080,0.11224622419483458
Bhutan,town,31_50,2085,0.11364683896698301
Bhutan,town,31_50,2090,0.1148839609954419
Bhutan,town,31_50,2095,0.11598254630028428
Bhutan,town,31_50,2100,0.11696993923502924
Bhutan,town,51+,2011,0.068333385372376
Bhutan,town,51+,2012,0.06870691600806775
Bhutan,town,51+,2013,0.06878174944085286
Bhutan,town,51+,2014,0.06922591868292904
Bhutan,town,51+,2015,0.06990030619731646
Bhutan,town,51+,2016,0.070582693274072
Bhutan,town,51+,2017,0.07092388037264061
Bhutan,town,51+,2018,0.07124335347379739
Bhutan,town,51+,2019,0.07169999700847085
Bhutan,town,51+,2020,0.07057987660980244
Bhutan,town,51+,2025,0.07218037653695336
Bhutan,town,51+,2030,0.074495849751044
Bhutan,town,51+,2035,0.07660574905491899
Bhutan,town,51+,2040,0.07863364889736153
Bhutan,town,51+,2045,0.08058911588417544
Bhutan,town,51+,2050,0.08246486635937104
Bhutan,town,51+,2055,0.08424600736217622
Bhutan,town,51+,2060,0.08592522403937064
Bhutan,town,51+,2065,0.08750099704989042
Bhutan,town,51+,2070,0.08897269985937507
Bhutan,town,51+,2075,0.09033570101905868
Bhutan,town,51+,2080,0.09156664189609566
Bhutan,town,51+,2085,0.09270921566368255
Bhutan,town,51+,2090,0.09371841762636987
Bhutan,town,51+,2095,0.0946146060542871
Bhutan,town,51+,2100,0.09542008753854257
Bhutan,rural,No_travel,2011,0.0
Bhutan,rural,No_travel,2012,0.0
Bhutan,rural,No_travel,2013,0.0
Bhutan,rural,No_travel,2014,0.0
Bhutan,rural,No_travel,2015,0.0
Bhutan,rural,No_travel,2016,0.0
Bhutan,rural,No_travel,2017,0.0
Bhutan,rural,No_travel,2018,0.0
Bhutan,rural,No_travel,2019,0.0
Bhutan,rural,No_travel,2020,0.0
Bhutan,rural,No_travel,2025,0.0
Bhutan,rural,No_travel,2030,0.0
Bhutan,rural,No_travel,2035,0.0
Bhutan,rural,No_travel,2040,0.0
Bhutan,rural,No_travel,2045,0.0
Bhutan,rural,No_travel,2050,0.0
Bhutan,rural,No_travel,2055,0.0
Bhutan,rural,No_travel,2060,0.0
Bhutan,rural,No_travel,2065,0.0
Bhutan,rural,No_travel,2070,0.0
Bhutan,rural,No_travel,2075,0.0
Bhutan,rural,No_travel,2080,0.0
Bhutan,rural,No_travel,2085,0.0
Bhutan,rural,No_travel,2090,0.0
Bhutan,rural,No_travel,2095,0.0
Bhutan,rural,No_travel,2100,0.0
Bhutan,rural,00_01,2011,0.00800533451099545
Bhutan,rural,00_01,2012,0.008049094053604414
Bhutan,rural,00_01,2013,0.008057860876128812
Bhutan,rural,00_01,2014,0.008109895812535644
Bhutan,rural,00_01,2015,0.008188901083726151
Bhutan,rural,00_01,2016,0.008268843512827823
Bhutan,rural,00_01,2017,0.008308813972947627
Bhutan,rural,00_01,2018,0.008346240613353166
Bhutan,rural,00_01,2019,0.008399736927452398
Bhutan,rural,00_01,2020,0.008268513537376438
Bhutan,rural,00_01,2025,0.008456013940464129
Bhutan,rural,00_01,2030,0.008727274284570225
Bhutan,rural,00_01,2035,0.008974451409192298
Bhutan,rural,00_01,2040,0.009212022202810699
Bhutan,rural,00_01,2045,0.00944110740427332
Bhutan,rural,00_01,2050,0.009660853724922754
Bhutan,rural,00_01,2055,0.009869516437314424
Bhutan,rural,00_01,2060,0.010066238597999558
Bhutan,rural,00_01,2065,0.010250842214429028
Bhutan,rural,00_01,2070,0.010423253887383535
Bhutan,rural,00_01,2075,0.010582931037325426
Bhutan,rural,00_01,2080,0.010727137173612107
Bhutan,rural,00_01,2085,0.010860991001622787
Bhutan,rural,00_01,2090,0.01097922016964131
Bhutan,rural,00_01,2095,0.011084209672375077
Bhutan,rural,00_01,2100,0.011178572752569912
Bhutan,rural,02_05,2011,0.018205337195522
Bhutan,rural,02_05,2012,0.018304852990598867
Bhutan,rural,02_05,2013,0.018324790066303914
Bhutan,rural,02_05,2014,0.018443125354096424
Bhutan,rural,02_05,2015,0.018622795247999206
Bhutan,rural,02_05,2016,0.018804596380234975
Bhutan,rural,02_05,2017,0.01889549523066299
Bhutan,rural,02_05,2018,0.018980609051671034
Bhutan,rural,02_05,2019,0.01910226773258641
Bhutan,rural,02_05,2020,0.018803845966326543
Bhutan,rural,02_05,2025,0.019230250141919602
Bhutan,rural,02_05,2030,0.01984713704720031
Bhutan,rural,02_05,2035,0.02040925508169139
Bhutan,rural,02_05,2040,0.02094952687166972
Bhutan,rural,02_05,2045,0.021470501146186635
Bhutan,rural,02_05,2050,0.021970237398232492
Bhutan,rural,02_05,2055,0.022444767854643145
Bhutan,rural,02_05,2060,0.02289214369686253
Bhutan,rural,02_05,2065,0.02331196014300794
Bhutan,rural,02_05,2070,0.023704050272192377
Bhutan,rural,02_05,2075,0.02406718017677279
Bhutan,rural,02_05,2080,0.02439512666459994
Bhutan,rural,02_05,2085,0.02469953044316769
Bhutan,rural,02_05,2090,0.024968401390055277
Bhutan,rural,02_05,2095,0.025207163342679886
Bhutan,rural,02_05,2100,0.025421759208898276
Bhutan,rural,06_10,2011,0.0247885032228387
Bhutan,rural,06_10,2012,0.024924004564038413
Bhutan,rural,06_10,2013,0.024951151013459308
Bhutan,rural,06_10,2014,0.02511227709595459
Bhutan,rural,06_10,2015,0.02535691676926708
Bhutan,rural,06_10,2016,0.025604458350284905
Bhutan,rural,06_10,2017,0.025728226804699546
Bhutan,rural,06_10,2018,0.025844118326164196
Bhutan,rural,06_10,2019,0.026009769561929217
Bhutan,rural,06_10,2020,0.02560343658192171
Bhutan,rural,06_10,2025,0.026184031226635037
Bhutan,rural,06_10,2030,0.02702398837082016
Bhutan,rural,06_10,2035,0.027789371871271076
Bhutan,rural,06_10,2040,0.02852500938587755
Bhutan,rural,06_10,2045,0.029234371280369414
Bhutan,rural,06_10,2050,0.0299148153480275
Bhutan,rural,06_10,2055,0.03056093904360859
Bhutan,rural,06_10,2060,0.031170088843338925
Bhutan,rural,06_10,2065,0.03174171359362566
Bhutan,rural,06_10,2070,0.032275586013924606
Bhutan,rural,06_10,2075,0.03277002600772021
Bhutan,rural,06_10,2080,0.03321656003689608
Bhutan,rural,06_10,2085,0.03363103816300995
Bhutan,rural,06_10,2090,0.03399713455891137
Bhutan,rural,06_10,2095,0.03432223435621598
Bhutan,rural,06_10,2100,0.034614429456160126
Bhutan,rural,11_20,2011,0.0423833067134091
Bhutan,rural,11_20,2012,0.0426149864906235
Bhutan,rural,11_20,2013,0.04266140140650781
Bhutan,rural,11_20,2014,0.04293689428772524
Bhutan,rural,11_20,2015,0.043355178450147705
Bhutan,rural,11_20,2016,0.043778424285456315
Bhutan,rural,11_20,2017,0.04399004320886381
Bhutan,rural,11_20,2018,0.044188194176494416
Bhutan,rural,11_20,2019,0.044471424150880914
Bhutan,rural,11_20,2020,0.0437766772690456
Bhutan,rural,11_20,2025,0.04476937621023765
Bhutan,rural,11_20,2030,0.04620553235682247
Bhutan,rural,11_20,2035,0.047514182716280474
Bhutan,rural,11_20,2040,0.048771973480457385
Bhutan,rural,11_20,2045,0.04998483827002457
Bhutan,rural,11_20,2050,0.05114825944804476
Bhutan,rural,11_20,2055,0.05225299975924612
Bhutan,rural,11_20,2060,0.05329452221682619
Bhutan,rural,11_20,2065,0.054271884460063896
Bhutan,rural,11_20,2070,0.05518469788538248
Bhutan,rural,11_20,2075,0.056030089868917304
Bhutan,rural,11_20,2080,0.05679357238120948
Bhutan,rural,11_20,2085,0.05750224580885306
Bhutan,rural,11_20,2090,0.05812819630270408
Bhutan,rural,11_20,2095,0.05868405093812771
Bhutan,rural,11_20,2100,0.05918364522301692
Bhutan,rural,21_30,2011,0.0366772116814261
Bhutan,rural,21_30,2012,0.03687770024378997
Bhutan,rural,21_30,2013,0.03691786628620321
Bhutan,rural,21_30,2014,0.037156269362901825
Bhutan,rural,21_30,2015,0.037518239628032246
Bhutan,rural,21_30,2016,0.037884503572463576
Bhutan,rural,21_30,2017,0.038067632088180745
Bhutan,rural,21_30,2018,0.03823910584868296
Bhutan,rural,21_30,2019,0.03848420436813878
Bhutan,rural,21_30,2020,0.03788299175812733
Bhutan,rural,21_30,2025,0.03874204292768861
Bhutan,rural,21_30,2030,0.03998484834049062
Bhutan,rural,21_30,2035,0.04111731416188983
Bhutan,rural,21_30,2040,0.04220576765185936
Bhutan,rural,21_30,2045,0.04325534358345674
Bhutan,rural,21_30,2050,0.04426213253245115
Bhutan,rural,21_30,2055,0.04521814086188425
Bhutan,rural,21_30,2060,0.04611944240274627
Bhutan,rural,21_30,2065,0.046965221665017036
Bhutan,rural,21_30,2070,0.04775514236309851
Bhutan,rural,21_30,2075,0.04848671861654071
Bhutan,rural,21_30,2080,0.04914741292969934
Bhutan,rural,21_30,2085,0.04976067714465173
Bhutan,rural,21_30,2090,0.050302355473818144
Bhutan,rural,21_30,2095,0.050783375000335744
Bhutan,rural,21_30,2100,0.051215708547730124
Bhutan,rural,31_50,2011,0.0541066561101835
Bhutan,rural,31_50,2012,0.05440241920668247
Bhutan,rural,31_50,2013,0.054461672627117944
Bhutan,rural,31_50,2014,0.05481336766322327
Bhutan,rural,31_50,2015,0.05534735047597459
Bhutan,rural,31_50,2016,0.05588766737517173
Bhutan,rural,31_50,2017,0.05615782072570287
Bhutan,rural,31_50,2018,0.05641078084360932
Bhutan,rural,31_50,2019,0.05677235307599434
Bhutan,rural,31_50,2020,0.05588543712879684
Bhutan,rural,31_50,2025,0.057152719566083136
Bhutan,rural,31_50,2030,0.05898612079806409
Bhutan,rural,31_50,2035,0.0606567477608551
Bhutan,rural,31_50,2040,0.06226244721219956
Bhutan,rural,31_50,2045,0.06381079402999279
Bhutan,rural,31_50,2050,0.06529602098540936
Bhutan,rural,31_50,2055,0.06670633577074248
Bhutan,rural,31_50,2060,0.06803594645507091
Bhutan,rural,31_50,2065,0.06928365001787974
Bhutan,rural,31_50,2070,0.07044895036668065
Bhutan,rural,31_50,2075,0.07152818030125659
Bhutan,rural,31_50,2080,0.07250284435986962
Bhutan,rural,31_50,2085,0.07340753897709741
Bhutan,rural,31_50,2090,0.07420662924963817
Bhutan,rural,31_50,2095,0.07491623493966808
Bhutan,rural,31_50,2100,0.07555401849794248
Bhutan,rural,51+,2011,0.0357459136063553
Bhutan,rural,51+,2012,0.035941311416078946
Bhutan,rural,51+,2013,0.03598045757294834
Bhutan,rural,51+,2014,0.03621280718166938
Bhutan,rural,51+,2015,0.036565586393399206
Bhutan,rural,51+,2016,0.0369225502604588
Bhutan,rural,51+,2017,0.0371010288252566
Bhutan,rural,51+,2018,0.037268148569306644
Bhutan,rural,51+,2019,0.0375070236118702
Bhutan,rural,51+,2020,0.03692107683371302
Bhutan,rural,51+,2025,0.03775831520279348
Bhutan,rural,51+,2030,0.038969563628693554
Bhutan,rural,51+,2035,0.040073274176962596
Bhutan,rural,51+,2040,0.04113408994330097
Bhutan,rural,51+,2045,0.04215701531996448
Bhutan,rural,51+,2050,0.04313824014979015
Bhutan,rural,51+,2055,0.04406997376813871
Bhutan,rural,51+,2060,0.04494838969824728
Bhutan,rural,51+,2065,0.04577269315680295
Bhutan,rural,51+,2070,0.04654255639708279
Bhutan,rural,51+,2075,0.04725555665945685
Bhutan,rural,51+,2080,0.04789947479705995
Bhutan,rural,51+,2085,0.04849716716898742
Bhutan,rural,51+,2090,0.04902509134503985
Bhutan,rural,51+,2095,0.049493896950744486
Bhutan,rural,51+,2100,0.049915252798853164
India,large_city,No_travel,2011,0.0
India,large_city,No_travel,2012,0.0
India,large_city,No_travel,2013,0.0
India,large_city,No_travel,2014,0.0
India,large_city,No_travel,2015,0.0
India,large_city,No_travel,2016,0.0
India,large_city,No_travel,2017,0.0
India,large_city,No_travel,2018,0.0
India,large_city,No_travel,2019,0.0
India,large_city,No_travel,2020,0.0
India,large_city,No_travel,2025,0.0
India,large_city,No_travel,2030,0.0
India,large_city,No_travel,2035,0.0
India,large_city,No_travel,2040,0.0
India,large_city,No_travel,2045,0.0
India,large_city,No_travel,2050,0.0
India,large_city,No_travel,2055,0.0
India,large_city,No_travel,2060,0.0
India,large_city,No_travel,2065,0.0
India,large_city,No_travel,2070,0.0
India,large_city,No_travel,2075,0.0
India,large_city,No_travel,2080,0.0
India,large_city,No_travel,2085,0.0
India,large_city,No_travel,2090,0.0
India,large_city,No_travel,2095,0.0
India,large_city,No_travel,2100,0.0
India,large_city,00_01,2011,0.0263657402468568
India,large_city,00_01,2012,0.026536341253145673
India,large_city,00_01,2013,0.026747067200100796
India,large_city,00_01,2014,0.02700292781043849
India,large_city,00_01,2015,0.02728647868581435
India,large_city,00_01,2016,0.02758265388005209
India,large_city,00_01,2017,0.027821971202267974
India,large_city,00_01,2018,0.028051405469884154
India,large_city,00_01,2019,0.028175025450435705
India,large_city,00_01,2020,0.027865242523518605
India,large_city,00_01,2025,0.029060736131370005
India,large_city,00_01,2030,0.030086424402180425
India,large_city,00_01,2035,0.030896067095385667
India,large_city,00_01,2040,0.031705510002179464
India,large_city,00_01,2045,0.032511531989227245
India,large_city,00_01,2050,0.033312377737553196
India,large_city,00_01,2055,0.03411127846801574
India,large_city,00_01,2060,0.0349001130380633
India,large_city,00_01,2065,0.03566113400796065
India,large_city,00_01,2070,0.03639669397044865
India,large_city,00_01,2075,0.037109041321766394
India,large_city,00_01,2080,0.03778642675797703
India,large_city,00_01,2085,0.03843067851565367
India,large_city,00_01,2090,0.039037747482021386
India,large_city,00_01,2095,0.039620979210721156
India,large_city,00_01,2100,0.040188019065298924
India,large_city,02_05,2011,0.0607545651824544
India,large_city,02_05,2012,0.06114768101609785
India,large_city,02_05,2013,0.06163325673519588
India,large_city,02_05,2014,0.06222283624189064
India,large_city,02_05,2015,0.06287622241573866
India,large_city,02_05,2016,0.06355869880271924
India,large_city,02_05,2017,0.06411015761691234
India,large_city,02_05,2018,0.06463884291216544
India,large_city,02_05,2019,0.06492370038614319
India,large_city,02_05,2020,0.064209867705946
India,large_city,02_05,2025,0.06696464316999065
India,large_city,02_05,2030,0.06932813626073592
India,large_city,02_05,2035,0.07119379560950767
India,large_city,02_05,2040,0.07305899459052781
India,large_city,02_05,2045,0.07491631074748356
India,large_city,02_05,2050,0.07676169929952928
India,large_city,02_05,2055,0.07860260594765509
India,large_city,02_05,2060,0.08042031714618067
India,large_city,02_05,2065,0.08217393747650138
India,large_city,02_05,2070,0.08386888801717161
India,large_city,02_05,2075,0.08551034974678651
India,large_city,02_05,2080,0.08707124874877113
India,large_city,02_05,2085,0.08855579782796272
India,large_city,02_05,2090,0.0899546666153403
India,large_city,02_05,2095,0.09129860726506243
India,large_city,02_05,2100,0.09260523698542848
India,large_city,06_10,2011,0.0853273830804756
India,large_city,06_10,2012,0.08587949871543338
India,large_city,06_10,2013,0.08656147060139169
India,large_city,06_10,2014,0.08738951169218152
India,large_city,06_10,2015,0.08830716672251523
India,large_city,06_10,2016,0.0892656778062566
India,large_city,06_10,2017,0.09004017989265042
India,large_city,06_10,2018,0.09078269747271374
India,large_city,06_10,2019,0.09118276852469874
India,large_city,06_10,2020,0.09018021876772775
India,large_city,06_10,2025,0.09404919191592363
India,large_city,06_10,2030,0.09736862445167521
India,large_city,06_10,2035,0.09998886919332126
India,large_city,06_10,2040,0.10260846736667432
India,large_city,06_10,2045,0.10521699442550822
India,large_city,06_10,2050,0.10780876963515461
India,large_city,06_10,2055,0.11039425018806931
India,large_city,06_10,2060,0.11294715364973468
India,large_city,06_10,2065,0.11541004402272345
India,large_city,06_10,2070,0.1177905349973835
India,large_city,06_10,2075,0.12009590305316936
India,large_city,06_10,2080,0.12228812394541495
India,large_city,06_10,2085,0.12437311439183708
India,large_city,06_10,2090,0.1263377702582963
India,large_city,06_10,2095,0.12822528172861758
India,large_city,06_10,2100,0.13006039147484297
India,large_city,11_20,2011,0.150513087141122
India,large_city,11_20,2012,0.15148699054324555
India,large_city,11_20,2013,0.1526899536506718
India,large_city,11_20,2014,0.15415057527476328
India,large_city,11_20,2015,0.15576927124972176
India,large_city,11_20,2016,0.15746003518814972
India,large_city,11_20,2017,0.15882621677970785
India,large_city,11_20,2018,0.16013597935764232
India,large_city,11_20,2019,0.16084168398534976
India,large_city,11_20,2020,0.1590732381068213
India,large_city,11_20,2025,0.16589790647912858
India,large_city,11_20,2030,0.17175321365574084
India,large_city,11_20,2035,0.17637518975406416
India,large_city,11_20,2040,0.1809960253393856
India,large_city,11_20,2045,0.18559733205174486
India,large_city,11_20,2050,0.19016908936922627
India,large_city,11_20,2055,0.19472974323804945
India,large_city,11_20,2060,0.1992329328041248
India,large_city,11_20,2065,0.20357734394092328
India,large_city,11_20,2070,0.20777640680412796
India,large_city,11_20,2075,0.21184295672686024
India,large_city,11_20,2080,0.21570992090969415
India,large_city,11_20,2085,0.2193877361364282
India,large_city,11_20,2090,0.22285328739272064
India,large_city,11_20,2095,0.22618275992728076
India,large_city,11_20,2100,0.22941979853289046
India,large_city,21_30,2011,0.157092054088329
India,large_city,21_30,2012,0.1581085270663881
India,large_city,21_30,2013,0.15936407201020336
India,large_city,21_30,2014,0.16088853779276505
India,large_city,21_30,2015,0.16257798739798324
India,large_city,21_30,2016,0.1643426550764628
India,large_city,21_30,2017,0.16576855282762848
India,large_city,21_30,2018,0.1671355654751256
India,large_city,21_30,2019,0.16787211663922644
India,large_city,21_30,2020,0.16602637152244734
India,large_city,21_30,2025,0.17314934795885642
India,large_city,21_30,2030,0.17926059216468238
India,large_city,21_30,2035,0.18408459606377187
India,large_city,21_30,2040,0.18890740959773378
India,large_city,21_30,2045,0.19370984064651828
India,large_city,21_30,2050,0.19848143068853985
India,large_city,21_30,2055,0.20324143194721828
India,large_city,21_30,2060,0.20794145712323922
India,large_city,21_30,2065,0.21247576362273982
India,large_city,21_30,2070,0.21685836863706895
India,large_city,21_30,2075,0.22110266853516208
India,large_city,21_30,2080,0.22513865874774616
India,large_city,21_30,2085,0.22897723225320668
India,large_city,21_30,2090,0.23259426367379624
India,large_city,21_30,2095,0.2360692683356455
India,large_city,21_30,2100,0.23944779875700123
India,large_city,31_50,2011,0.147596045325267
India,large_city,31_50,2012,0.1485510738441325
India,large_city,31_50,2013,0.14973072274178506
India,large_city,31_50,2014,0.1511630365659666
India,large_city,31_50,2015,0.1527503611569757
India,large_city,31_50,2016,0.1544083569873088
India,large_city,31_50,2017,0.15574806108839534
India,large_city,31_50,2018,0.15703243961314714
India,large_city,31_50,2019,0.15772446722480393
India,large_city,31_50,2020,0.15599029498104525
India,large_city,31_50,2025,0.1626826968282317
India,large_city,31_50,2030,0.16842452433205748
India,large_city,31_50,2035,0.17295692351845388
India,large_city,31_50,2040,0.17748820429573436
India,large_city,31_50,2045,0.18200033468235033
India,large_city,31_50,2050,0.1864834883606377
India,large_city,31_50,2055,0.19095575378234514
India,large_city,31_50,2060,0.1953716685969788
India,large_city,31_50,2065,0.19963188221187392
India,large_city,31_50,2070,0.20374956449753526
India,large_city,31_50,2075,0.20773730202995527
India,large_city,31_50,2080,0.2115293219243157
India,large_city,31_50,2085,0.2151358586927366
India,large_city,31_50,2090,0.21853424530493326
India,large_city,31_50,2095,0.22179919048979557
India,large_city,31_50,2100,0.22497349317554965
India,large_city,51+,2011,0.0999074306415119
India,large_city,51+,2012,0.10055388729486567
India,large_city,51+,2013,0.10135238897669482
India,large_city,51+,2014,0.10232191897819955
India,large_city,51+,2015,0.10339637541863007
India,large_city,51+,2016,0.10451866906178203
India,large_city,51+,2017,0.10542551175031403
India,large_city,51+,2018,0.10629490468083803
India,large_city,51+,2019,0.10676333661247445
India,large_city,51+,2020,0.10558947932665125
India,large_city,51+,2025,0.11011955106332565
India,large_city,51+,2030,0.11400618116801314
India,large_city,51+,2035,0.11707415196869844
India,large_city,51+,2040,0.12014136572077223
India,large_city,51+,2045,0.12319561661653874
India,large_city,51+,2050,0.12623025324370357
India,large_city,51+,2055,0.12925751963451368
India,large_city,51+,2060,0.1322466424263173
India,large_city,51+,2065,0.1351303714267128
India,large_city,51+,2070,0.13791762129138155
India,large_city,51+,2075,0.14061691184526337
India,large_city,51+,2080,0.1431837215707689
India,large_city,51+,2085,0.14562497818610037
India,large_city,51+,2090,0.1479253384295124
India,large_city,51+,2095,0.15013537247131964
India,large_city,51+,2100,0.15228405080963994
India,city,No_travel,2011,0.0
India,city,No_travel,2012,0.0
India,city,No_travel,2013,0.0
India,city,No_travel,2014,0.0
India,city,No_travel,2015,0.0
India,city,No_travel,2016,0.0
India,city,No_travel,2017,0.0
India,city,No_travel,2018,0.0
India,city,No_travel,2019,0.0
India,city,No_travel,2020,0.0
India,city,No_travel,2025,0.0
India,city,No_travel,2030,0.0
India,city,No_travel,2035,0.0
India,city,No_travel,2040,0.0
India,city,No_travel,2045,0.0
India,city,No_travel,2050,0.0
India,city,No_travel,2055,0.0
India,city,No_travel,2060,0.0
India,city,No_travel,2065,0.0
India,city,No_travel,2070,0.0
India,city,No_travel,2075,0.0
India,city,No_travel,2080,0.0
India,city,No_travel,2085,0.0
India,city,No_travel,2090,0.0
India,city,No_travel,2095,0.0
India,city,No_travel,2100,0.0
India,city,00_01,2011,0.0203337654203297
India,city,00_01,2012,0.0204653361939879
India,city,00_01,2013,0.020627852092773374
India,city,00_01,2014,0.02082517671109238
India,city,00_01,2015,0.021043856593797712
India,city,00_01,2016,0.021272272593749343
India,city,00_01,2017,0.021456838710437052
India,city,00_01,2018,0.02163378282554297
India,city,00_01,2019,0.02172912092954711
India,city,00_01,2020,0.021490210384719665
India,city,00_01,2025,0.022412198023069853
India,city,00_01,2030,0.023203228523172314
India,city,00_01,2035,0.023827640523130557
India,city,00_01,2040,0.024451898443969968
India,city,00_01,2045,0.025073518085778106
India,city,00_01,2050,0.02569114571283742
India,city,00_01,2055,0.026307273304752535
India,city,00_01,2060,0.02691563768036327
India,city,00_01,2065,0.02750255167317973
India,city,00_01,2070,0.028069829647921995
India,city,00_01,2075,0.02861920561096612
India,city,00_01,2080,0.029141618273386887
India,city,00_01,2085,0.029638477606353783
India,city,00_01,2090,0.03010666085630273
India,city,00_01,2095,0.03055646037059812
India,city,00_01,2100,0.030993772400490272
India,city,02_05,2011,0.0396703669770022
India,city,02_05,2012,0.03992705631941246
India,city,02_05,2013,0.04024411836921714
India,city,02_05,2014,0.04062909084531768
India,city,02_05,2015,0.04105572659221849
India,city,02_05,2016,0.04150135711633384
India,city,02_05,2017,0.04186143826358664
India,city,02_05,2018,0.042206649189136844
India,city,02_05,2019,0.04239265003524449
India,city,02_05,2020,0.041926545071797605
India,city,02_05,2025,0.04372530625574651
India,city,02_05,2030,0.045268575275546064
India,city,02_05,2035,0.04648677823358854
India,city,02_05,2040,0.047704680589403074
India,city,02_05,2045,0.04891743576784074
India,city,02_05,2050,0.0501224026844002
India,city,02_05,2055,0.0513244430921002
India,city,02_05,2060,0.052511337773794686
India,city,02_05,2065,0.05365638361246106
India,city,02_05,2070,0.05476312036144984
India,city,02_05,2075,0.055834930998180946
India,city,02_05,2080,0.056854137308633625
India,city,02_05,2085,0.057823490090437565
India,city,02_05,2090,0.05873689697568623
India,city,02_05,2095,0.05961443792441456
India,city,02_05,2100,0.06046761628811961
India,city,06_10,2011,0.0505698242635587
India,city,06_10,2012,0.05089703915782828
India,city,06_10,2013,0.05130121419731207
India,city,06_10,2014,0.05179195809373222
India,city,06_10,2015,0.05233581226976829
India,city,06_10,2016,0.05290388004953084
India,city,06_10,2017,0.05336289370946877
India,city,06_10,2018,0.05380295154531018
India,city,06_10,2019,0.05404005623622444
India,city,06_10,2020,0.05344588865255812
India,city,06_10,2025,0.05573886055819086
India,city,06_10,2030,0.05770614367326517
India,city,06_10,2035,0.05925904862978519
India,city,06_10,2040,0.060811570393433614
India,city,06_10,2045,0.06235753078961213
India,city,06_10,2050,0.06389356309425755
India,city,06_10,2055,0.06542586482996685
India,city,06_10,2060,0.0669388595423031
India,city,06_10,2065,0.0683985074167139
India,city,06_10,2070,0.06980932075592072
India,city,06_10,2075,0.07117561201243283
India,city,06_10,2080,0.0724748458722502
India,city,06_10,2085,0.07371052891631266
India,city,06_10,2090,0.07487489489495176
India,city,06_10,2095,0.07599354074934969
India,city,06_10,2100,0.077081130383775
India,city,11_20,2011,0.0832808161760771
India,city,11_20,2012,0.08381968938468694
India,city,11_20,2013,0.08448530425791212
India,city,11_20,2014,0.08529348488385805
India,city,11_20,2015,0.08618913006990807
India,city,11_20,2016,0.08712465138189428
India,city,11_20,2017,0.08788057712995243
India,city,11_20,2018,0.08860528551617397
India,city,11_20,2019,0.08899576091263971
India,city,11_20,2020,0.08801725718964463
India,city,11_20,2025,0.09179343348748316
India,city,11_20,2030,0.09503324983762354
India,city,11_20,2035,0.09759064832785437
India,city,11_20,2040,0.10014741575765411
India,city,11_20,2045,0.10269337761226978
India,city,11_20,2050,0.10522298940876307
India,city,11_20,2055,0.10774645752510076
India,city,11_20,2060,0.1102381299077602
India,city,11_20,2065,0.11264194815472624
India,city,11_20,2070,0.11496534334290982
India,city,11_20,2075,0.11721541742629084
India,city,11_20,2080,0.11935505816708647
India,city,11_20,2085,0.12139004037125875
India,city,11_20,2090,0.12330757420573162
India,city,11_20,2095,0.1251498139430245
India,city,11_20,2100,0.12694090880520004
India,city,21_30,2011,0.0673025770269828
India,city,21_30,2012,0.06773806213982754
India,city,21_30,2013,0.06827597228927694
India,city,21_30,2014,0.06892909555735877
India,city,21_30,2015,0.069652902454202
India,city,21_30,2016,0.07040893485219407
India,city,21_30,2017,0.07101982885181336
India,city,21_30,2018,0.07160549484579994
India,city,21_30,2019,0.07192105371823239
India,city,21_30,2020,0.07113028550519244
India,city,21_30,2025,0.07418196544568934
India,city,21_30,2030,0.07680019134056519
India,city,21_30,2035,0.07886692791665187
India,city,21_30,2040,0.08093315450742354
India,city,21_30,2045,0.08299064867829901
India,city,21_30,2050,0.08503492970962204
India,city,21_30,2055,0.08707424578591835
India,city,21_30,2060,0.08908786645103517
India,city,21_30,2065,0.09103048865568848
India,city,21_30,2070,0.09290811775200089
India,city,21_30,2075,0.09472649311461735
India,city,21_30,2080,0.09645562285156671
India,city,21_30,2085,0.09810017381580409
India,city,21_30,2090,0.09964981002882584
India,city,21_30,2095,0.10113859805365956
India,city,21_30,2100,0.1025860538479128
India,city,31_50,2011,0.128420945162782
India,city,31_50,2012,0.1292519001167568
India,city,31_50,2013,0.13027829364961144
India,city,31_50,2014,0.1315245268712791
India,city,31_50,2015,0.13290563246803333
India,city,31_50,2016,0.13434822797347587
India,city,31_50,2017,0.13551388296457567
India,city,31_50,2018,0.13663140006154068
India,city,31_50,2019,0.13723352215615273
India,city,31_50,2020,0.13572464677857898
India,city,31_50,2025,0.1415475979879479
India,city,31_50,2030,0.14654346974980964
India,city,31_50,2035,0.15048703738462896
India,city,31_50,2040,0.15442963190966458
India,city,31_50,2045,0.15835556398779008
India,city,31_50,2050,0.16225628389804844
India,city,31_50,2055,0.16614753011137892
India,city,31_50,2060,0.1699897465678147
India,city,31_50,2065,0.17369648991459277
India,city,31_50,2070,0.1772792190442204
India,city,31_50,2075,0.18074888533403127
India,city,31_50,2080,0.18404826085480938
India,city,31_50,2085,0.1871862504909426
India,city,31_50,2090,0.1901431320239475
India,city,31_50,2095,0.19298390831724643
India,city,31_50,2100,0.19574581802992838
India,city,51+,2011,0.0842931032354429
India,city,51+,2012,0.08483852650444794
India,city,51+,2013,0.08551223199630084
India,city,51+,2014,0.0863302361425584
India,city,51+,2015,0.08723676798982588
India,city,51+,2016,0.08818366066152454
India,city,51+,2017,0.08894877476637043
India,city,51+,2018,0.08968229205907093
India,city,51+,2019,0.0900775137249537
India,city,51+,2020,0.08908711618653019
India,city,51+,2025,0.09290919230350718
India,city,51+,2030,0.09618838896134092
India,city,51+,2035,0.09877687289857108
India,city,51+,2040,0.1013647181047644
India,city,51+,2045,0.10394162639287342
India,city,51+,2050,0.10650198588618798
India,city,51+,2055,0.10905612702226998
India,city,51+,2060,0.11157808594419452
India,city,51+,2065,0.11401112285418766
India,city,51+,2070,0.11636275915467996
India,city,51+,2075,0.11864018312464718
India,city,51+,2080,0.12080583142316198
India,city,51+,2085,0.12286554904955883
India,city,51+,2090,0.12480639070899861
India,city,51+,2095,0.12667102306360647
India,city,51+,2100,0.12848388887177328
India,town,No_travel,2011,0.0
India,town,No_travel,2012,0.0
India,town,No_travel,2013,0.0
India,town,No_travel,2014,0.0
India,town,No_travel,2015,0.0
India,town,No_travel,2016,0.0
India,town,No_travel,2017,0.0
India,town,No_travel,2018,0.0
India,town,No_travel,2019,0.0
India,town,No_travel,2020,0.0
India,town,No_travel,2025,0.0
India,town,No_travel,2030,0.0
India,town,No_travel,2035,0.0
India,town,No_travel,2040,0.0
India,town,No_travel,2045,0.0
India,town,No_travel,2050,0.0
India,town,No_travel,2055,0.0
India,town,No_travel,2060,0.0
India,town,No_travel,2065,0.0
India,town,No_travel,2070,0.0
India,town,No_travel,2075,0.0
India,town,No_travel,2080,0.0
India,town,No_travel,2085,0.0
India,town,No_travel,2090,0.0
India,town,No_travel,2095,0.0
India,town,No_travel,2100,0.0
India,town,00_01,2011,0.0142978983785273
India,town,00_01,2012,0.014390413734756814
India,town,00_01,2013,0.014504688477171545
India,town,00_01,2014,0.014643439332312526
India,town,00_01,2015,0.014797206363441106
India,town,00_01,2016,0.014957819446548325
India,town,00_01,2017,0.015087599028734413
India,town,00_01,2018,0.015212019121332384
India,town,00_01,2019,0.01527905709951668
India,town,00_01,2020,0.015111064668164729
India,town,00_01,2025,0.015759369853499933
India,town,00_01,2030,0.01631559116671882
India,town,00_01,2035,0.01675465295076055
India,town,00_01,2040,0.017193606392469325
India,town,00_01,2045,0.01763070470087133
India,town,00_01,2050,0.018064995982634422
India,town,00_01,2055,0.018498232499103796
India,town,00_01,2060,0.018926010229385955
India,town,00_01,2065,0.019338704900183894
India,town,00_01,2070,0.0197375923008978
India,town,00_01,2075,0.02012389171612353
India,town,00_01,2080,0.02049123160642639
India,town,00_01,2085,0.020840603407680718
India,town,00_01,2090,0.02116981132327937
India,town,00_01,2095,0.021486092524186533
India,town,00_01,2100,0.021793593020717986
India,town,02_05,2011,0.0305435787015927
India,town,02_05,2012,0.03074121264675668
India,town,02_05,2013,0.030985329613890146
India,town,02_05,2014,0.031281733151788865
India,town,02_05,2015,0.03161021467352351
India,town,02_05,2016,0.03195332092694033
India,town,02_05,2017,0.032230559775435264
India,town,02_05,2018,0.032496349529266
India,town,02_05,2019,0.0326395579721056
India,town,02_05,2020,0.03228068774429812
India,town,02_05,2025,0.03366561578943478
India,town,02_05,2030,0.03485383163808835
India,town,02_05,2035,0.03579176795576985
India,town,02_05,2040,0.036729472829466675
India,town,02_05,2045,0.03766321471443207
India,town,02_05,2050,0.038590960148954655
India,town,02_05,2055,0.039516452363744695
India,town,02_05,2060,0.040430283363640754
India,town,02_05,2065,0.04131189350126597
India,town,02_05,2070,0.042164008154359056
India,town,02_05,2075,0.04298923199348257
India,town,02_05,2080,0.043773953954197434
India,town,02_05,2085,0.044520291970122534
India,town,02_05,2090,0.04522355531785871
India,town,02_05,2095,0.045899204248630955
India,town,02_05,2100,0.04655609558803875
India,town,06_10,2011,0.0419722902791875
India,town,06_10,2012,0.04224387434589057
India,town,06_10,2013,0.042579334322820725
India,town,06_10,2014,0.04298664531456821
India,town,06_10,2015,0.043438037141187304
India,town,06_10,2016,0.04390952594103328
India,town,06_10,2017,0.044290501253041833
India,town,06_10,2018,0.04465574347989443
India,town,06_10,2019,0.044852537260741746
India,town,06_10,2020,0.044359385966282985
India,town,06_10,2025,0.046262522546779115
India,town,06_10,2030,0.047895341706618376
India,town,06_10,2035,0.04918423243464126
India,town,06_10,2040,0.05047280511761111
India,town,06_10,2045,0.051755931951715836
India,town,06_10,2050,0.053030818600179934
India,town,06_10,2055,0.05430260892540041
India,town,06_10,2060,0.0555583746746758
India,town,06_10,2065,0.05676986324878812
India,town,06_10,2070,0.057940819799760554
India,town,06_10,2075,0.05907482360656371
India,town,06_10,2080,0.060153170654411774
India,town,06_10,2085,0.06117877135945187
India,town,06_10,2090,0.062145179836411275
India,town,06_10,2095,0.06307364121044524
India,town,06_10,2100,0.06397632632959502
India,town,11_20,2011,0.0757320066192673
India,town,11_20,2012,0.07622203483074763
India,town,11_20,2013,0.07682731648262765
India,town,11_20,2014,0.07756224132275286
India,town,11_20,2015,0.07837670268700087
India,town,11_20,2016,0.07922742569194852
India,town,11_20,2017,0.0799148321846344
India,town,11_20,2018,0.08057385094576577
India,town,11_20,2019,0.08092893254399702
India,town,11_20,2020,0.0800391231757727
India,town,11_20,2025,0.08347301613593291
India,town,11_20,2030,0.08641916633642197
India,town,11_20,2035,0.08874475496875216
India,town,11_20,2040,0.0910697697417599
India,town,11_20,2045,0.09338495838758805
India,town,11_20,2050,0.09568527899096894
India,town,11_20,2055,0.09798001279480134
India,town,11_20,2060,0.10024583292050294
India,town,11_20,2065,0.10243176225872959
India,town,11_20,2070,0.10454455831248917
India,town,11_20,2075,0.10659067929449513
India,town,11_20,2080,0.10853637692553414
India,town,11_20,2085,0.11038690256676502
India,town,11_20,2090,0.11213062569188352
India,town,11_20,2095,0.11380587959050006
India,town,11_20,2100,0.11543462453064605
India,town,21_30,2011,0.0536494958683143
India,town,21_30,2012,0.05399663795104479
India,town,21_30,2013,0.054425427005122776
India,town,21_30,2014,0.05494605690698237
India,town,21_30,2015,0.05552303147225169
India,town,21_30,2016,0.056125694235018196
India,town,21_30,2017,0.05661266154825218
India,town,21_30,2018,0.05707951863920723
India,town,21_30,2019,0.05733106286188963
India,town,21_30,2020,0.05670071083300265
India,town,21_30,2025,0.05913332333598997
India,town,21_30,2030,0.061220412798747695
India,town,21_30,2035,0.06286788872459824
India,town,21_30,2040,0.06451495812136389
India,town,21_30,2045,0.06615506656736306
India,town,21_30,2050,0.06778464230708055
India,town,21_30,2055,0.06941026028847794
India,town,21_30,2060,0.07101539546049707
India,town,21_30,2065,0.07256393500453948
India,town,21_30,2070,0.07406066601982368
India,town,21_30,2075,0.07551016358459932
India,town,21_30,2080,0.07688851999792139
India,town,21_30,2085,0.07819945538938065
India,town,21_30,2090,0.07943473054941753
India,town,21_30,2095,0.08062150125739637
India,town,21_30,2100,0.08177532444045553
India,town,31_50,2011,0.0837659254033078
India,town,31_50,2012,0.08430793753847728
India,town,31_50,2013,0.08497742960613461
India,town,31_50,2014,0.08579031786940829
India,town,31_50,2015,0.08669118017224495
India,town,31_50,2016,0.08763215087872024
India,town,31_50,2017,0.08839247988040054
India,town,31_50,2018,0.08912140967968395
India,town,31_50,2019,0.08951415958817453
India,town,31_50,2020,0.08852995609893437
India,town,31_50,2025,0.09232812855446974
India,town,31_50,2030,0.09558681677544606
India,town,31_50,2035,0.09815911206499131
India,town,31_50,2040,0.10073077261819004
India,town,31_50,2045,0.10329156465392737
India,town,31_50,2050,0.10583591139275356
India,town,31_50,2055,0.10837407866459987
India,town,31_50,2060,0.11088026499320228
India,town,31_50,2065,0.11329808543738168
India,town,31_50,2070,0.11563501435993584
India,town,31_50,2075,0.11789819508359634
India,town,31_50,2080,0.12005029919247573
India,town,31_50,2085,0.1220971351306749
India,town,31_50,2090,0.12402583856457464
India,town,31_50,2095,0.12587880931455886
India,town,31_50,2100,0.12768033727146597
India,town,51+,2011,0.068333385372376
India,town,51+,2012,0.06877554038863967
India,town,51+,2013,0.0693216891865275
India,town,51+,2014,0.06998481571072593
India,town,51+,2015,0.0707197084563238
India,town,51+,2016,0.07148732026983996
India,town,51+,2017,0.07210757074079774
India,town,51+,2018,0.07270220681321046
India,town,51+,2019,0.07302259879506509
India,town,51+,2020,0.07221971915168651
India,town,51+,2025,0.07531813871626751
India,town,51+,2030,0.0779764654396968
India,town,51+,2035,0.0800748562169221
India,town,51+,2040,0.08217272919788157
India,town,51+,2045,0.08426173601293241
India,town,51+,2050,0.08633732731557792
India,town,51+,2055,0.0884078776197924
India,town,51+,2060,0.0904523389611173
India,town,51+,2065,0.0924247144273686
India,town,51+,2070,0.09433110134882722
India,town,51+,2075,0.09617732700457719
India,town,51+,2080,0.09793294014590498
India,town,51+,2085,0.09960267910342946
India,town,51+,2090,0.10117604959248146
India,town,51+,2095,0.10268763994061857
India,town,51+,2100,0.10415726501245692
India,rural,No_travel,2011,0.0
India,rural,No_travel,2012,0.0
India,rural,No_travel,2013,0.0
India,rural,No_travel,2014,0.0
India,rural,No_travel,2015,0.0
India,rural,No_travel,2016,0.0
India,rural,No_travel,2017,0.0
India,rural,No_travel,2018,0.0
India,rural,No_travel,2019,0.0
India,rural,No_travel,2020,0.0
India,rural,No_travel,2025,0.0
India,rural,No_travel,2030,0.0
India,rural,No_travel,2035,0.0
India,rural,No_travel,2040,0.0
India,rural,No_travel,2045,0.0
India,rural,No_travel,2050,0.0
India,rural,No_travel,2055,0.0
India,rural,No_travel,2060,0.0
India,rural,No_travel,2065,0.0
India,rural,No_travel,2070,0.0
India,rural,No_travel,2075,0.0
India,rural,No_travel,2080,0.0
India,rural,No_travel,2085,0.0
India,rural,No_travel,2090,0.0
India,rural,No_travel,2095,0.0
India,rural,No_travel,2100,0.0
India,rural,00_01,2011,0.00800533451099545
India,rural,00_01,2012,0.008057133478536961
India,rural,00_01,2013,0.008121115436931744
India,rural,00_01,2014,0.008198801470199288
India,rural,00_01,2015,0.00828489499865768
India,rural,00_01,2016,0.008374821603468816
India,rural,00_01,2017,0.008447484657897648
India,rural,00_01,2018,0.008517146956143636
India,rural,00_01,2019,0.008554681244477372
India,rural,00_01,2020,0.008460622972926954
India,rural,00_01,2025,0.00882360638044756
India,rural,00_01,2030,0.009135032406607428
India,rural,00_01,2035,0.009380861294126106
India,rural,00_01,2040,0.009626629521218054
India,rural,00_01,2045,0.009871359066799614
India,rural,00_01,2050,0.010114516969708184
India,rural,00_01,2055,0.010357084313865861
India,rural,00_01,2060,0.010596595306083152
India,rural,00_01,2065,0.010827661355314855
India,rural,00_01,2070,0.011050996770800247
India,rural,00_01,2075,0.011267284224971004
India,rural,00_01,2080,0.011472956319096606
India,rural,00_01,2085,0.011668568154046436
India,rural,00_01,2090,0.01185289031232899
India,rural,00_01,2095,0.012029974856208787
India,rural,00_01,2100,0.012202143119813765
India,rural,02_05,2011,0.018205337195522
India,rural,02_05,2012,0.01832313585455091
India,rural,02_05,2013,0.018468640470929776
India,rural,02_05,2014,0.01864531021896786
India,rural,02_05,2015,0.018841099878198778
India,rural,02_05,2016,0.019045606530754836
India,rural,02_05,2017,0.0192108532678795
India,rural,02_05,2018,0.019369275833187833
India,rural,02_05,2019,0.01945463446180867
India,rural,02_05,2020,0.01924073177638667
India,rural,02_05,2025,0.020066210751839314
India,rural,02_05,2030,0.020774440471648593
India,rural,02_05,2035,0.021333492411768087
India,rural,02_05,2040,0.02189240640093482
India,rural,02_05,2045,0.02244895827180288
India,rural,02_05,2050,0.023001935990363705
India,rural,02_05,2055,0.023553570689319417
India,rural,02_05,2060,0.024098254783327076
India,rural,02_05,2065,0.024623733804212757
India,rural,02_05,2070,0.025131632198843113
India,rural,02_05,2075,0.0256235024672162
India,rural,02_05,2080,0.026091231806961195
India,rural,02_05,2085,0.026536082601116655
India,rural,02_05,2090,0.026955258969016238
India,rural,02_05,2095,0.02735797591095275
India,rural,02_05,2100,0.027749512490591117
India,rural,06_10,2011,0.0247885032228387
India,rural,06_10,2012,0.024948898628187326
India,rural,06_10,2013,0.025147018641747558
India,rural,06_10,2014,0.02538757329731842
India,rural,06_10,2015,0.025654161745899195
India,rural,06_10,2016,0.025932619308180697
India,rural,06_10,2017,0.02615762031924606
India,rural,06_10,2018,0.02637332949444782
India,rural,06_10,2019,0.026489554347519213
India,rural,06_10,2020,0.02619830308696792
India,rural,06_10,2025,0.027322280524113476
India,rural,06_10,2030,0.028286610627063762
India,rural,06_10,2035,0.029047819313865516
India,rural,06_10,2040,0.02980884016577025
India,rural,06_10,2045,0.03056664474233603
India,rural,06_10,2050,0.031319582730327526
India,rural,06_10,2055,0.032070692054260115
India,rural,06_10,2060,0.03281233739017067
India,rural,06_10,2065,0.033527832976045495
India,rural,06_10,2070,0.03421939066909751
India,rural,06_10,2075,0.034889124363224513
India,rural,06_10,2080,0.035525987614982185
India,rural,06_10,2085,0.036131699293166175
India,rural,06_10,2090,0.03670245250883155
India,rural,06_10,2095,0.037250794465142054
India,rural,06_10,2100,0.03778391316884903
India,rural,11_20,2011,0.0423833067134091
India,rural,11_20,2012,0.04265755028508426
India,rural,11_20,2013,0.042996295276070705
India,rural,11_20,2014,0.04340759488769892
India,rural,11_20,2015,0.04386340699869563
India,rural,11_20,2016,0.04433951288386144
India,rural,11_20,2017,0.04472421892186152
India,rural,11_20,2018,0.04509303780742656
India,rural,11_20,2019,0.04529175870441509
India,rural,11_20,2020,0.04479377819322234
India,rural,11_20,2025,0.046715551364811043
India,rural,11_20,2030,0.04836436001448614
India,rural,11_20,2035,0.04966587229038286
India,rural,11_20,2040,0.05096706340674929
India,rural,11_20,2045,0.052262755345414656
India,rural,11_20,2050,0.053550126405875406
India,rural,11_20,2055,0.054834370822141966
India,rural,11_20,2060,0.05610243374074149
India,rural,11_20,2065,0.05732578589700574
India,rural,11_20,2070,0.0585082091176073
India,rural,11_20,2075,0.0596533177318433
India,rural,11_20,2080,0.060742224564623554
India,rural,11_20,2085,0.0617778685325382
India,rural,11_20,2090,0.06275374062855578
India,rural,11_20,2095,0.06369129402212763
India,rural,11_20,2100,0.06460281874513105
India,rural,21_30,2011,0.0366772116814261
India,rural,21_30,2012,0.036914533644023646
India,rural,21_30,2013,0.037207673153511284
India,rural,21_30,2014,0.03756359920293875
India,rural,21_30,2015,0.037958045001965916
India,rural,21_30,2016,0.03837005240976627
India,rural,21_30,2017,0.03870296519748861
India,rural,21_30,2018,0.03902212973152192
India,rural,21_30,2019,0.039194096691383164
India,rural,21_30,2020,0.03876315965417311
India,rural,21_30,2025,0.040426203123024126
India,rural,21_30,2030,0.04185303147965085
India,rural,21_30,2035,0.0429793202228068
India,rural,21_30,2040,0.04410533104437075
India,rural,21_30,2045,0.04522658304647827
India,rural,21_30,2050,0.046340634416191774
India,rural,21_30,2055,0.047451980084065204
India,rural,21_30,2060,0.048549322780927676
India,rural,21_30,2065,0.04960797415750933
India,rural,21_30,2070,0.050631206890440865
India,rural,21_30,2075,0.05162214870926952
India,rural,21_30,2080,0.05256445523285649
India,rural,21_30,2085,0.053460669709339985
India,rural,21_30,2090,0.054305159443981434
India,rural,21_30,2095,0.05511648935061646
India,rural,21_30,2100,0.055905294845301295
India,rural,31_50,2011,0.0541066561101835
India,rural,31_50,2012,0.05445675627399072
India,rural,31_50,2013,0.054889199142601354
India,rural,31_50,2014,0.055414265456919375
India,rural,31_50,2015,0.05599615656105904
India,rural,31_50,2016,0.05660395475799753
India,rural,31_50,2017,0.0570950716366859
India,rural,31_50,2018,0.05756590692906046
India,rural,31_50,2019,0.057819594620489786
India,rural,31_50,2020,0.05718387121054275
India,rural,31_50,2025,0.059637212589025365
India,rural,31_50,2030,0.06174208664245173
India,rural,31_50,2035,0.06340360110641985
India,rural,31_50,2040,0.06506470557717108
India,rural,31_50,2045,0.0667187897812222
India,rural,31_50,2050,0.06836225152727125
India,rural,31_50,2055,0.07000172178999085
India,rural,31_50,2060,0.07162053470439314
India,rural,31_50,2065,0.07318226972587744
India,rural,31_50,2070,0.07469175474568462
India,rural,31_50,2075,0.07615360382740513
India,rural,31_50,2080,0.07754370554683115
India,rural,31_50,2085,0.07886581173367135
India,rural,31_50,2090,0.08011161297008225
India,rural,31_50,2095,0.08130849643634747
India,rural,31_50,2100,0.08247215162391859
India,rural,51+,2011,0.0357459136063553
India,rural,51+,2012,0.03597720955233908
India,rural,51+,2013,0.036262905740799906
India,rural,51+,2014,0.03660979420995605
India,rural,51+,2015,0.036994224345400485
India,rural,51+,2016,0.03739577016988496
India,rural,51+,2017,0.03772022972400096
India,rural,51+,2018,0.03803129011645563
India,rural,51+,2019,0.03819889053667679
India,rural,51+,2020,0.037778895738934566
India,rural,51+,2025,0.0393997116471206
India,rural,51+,2030,0.04079031035484367
India,rural,51+,2035,0.041888000671609256
India,rural,51+,2040,0.04298542012369453
India,rural,51+,2045,0.04407820159101053
India,rural,51+,2050,0.045163965262489066
India,rural,51+,2055,0.04624709193459426
India,rural,51+,2060,0.04731657119543118
India,rural,51+,2065,0.048348341575776124
India,rural,51+,2070,0.049345592653318865
India,rural,51+,2075,0.050311372739123804
India,rural,51+,2080,0.05122975246426258
India,rural,51+,2085,0.05210321049938818
India,rural,51+,2090,0.05292625717365961
India,rural,51+,2095,0.05371698600552212
India,rural,51+,2100,0.05448576235935552
Maldives,large_city,No_travel,2011,0.0
Maldives,large_city,No_travel,2012,0.0
Maldives,large_city,No_travel,2013,0.0
Maldives,large_city,No_travel,2014,0.0
Maldives,large_city,No_travel,2015,0.0
Maldives,large_city,No_travel,2016,0.0
Maldives,large_city,No_travel,2017,0.0
Maldives,large_city,No_travel,2018,0.0
Maldives,large_city,No_travel,2019,0.0
Maldives,large_city,No_travel,2020,0.0
Maldives,large_city,No_travel,2025,0.0
Maldives,large_city,No_travel,2030,0.0
Maldives,large_city,No_travel,2035,0.0
Maldives,large_city,No_travel,2040,0.0
Maldives,large_city,No_travel,2045,0.0
Maldives,large_city,No_travel,2050,0.0
Maldives,large_city,No_travel,2055,0.0
Maldives,large_city,No_travel,2060,0.0
Maldives,large_city,No_travel,2065,0.0
Maldives,large_city,No_travel,2070,0.0
Maldives,large_city,No_travel,2075,0.0
Maldives,large_city,No_travel,2080,0.0
Maldives,large_city,No_travel,2085,0.0
Maldives,large_city,No_travel,2090,0.0
Maldives,large_city,No_travel,2095,0.0
Maldives,large_city,No_travel,2100,0.0
Maldives,large_city,00_01,2011,0.0263657402468568
Maldives,large_city,00_01,2012,0.026262768515998663
Maldives,large_city,00_01,2013,0.02642954495566508
Maldives,large_city,00_01,2014,0.02651116117716557
Maldives,large_city,00_01,2015,0.026443896716940057
Maldives,large_city,00_01,2016,0.026589027601348948
Maldives,large_city,00_01,2017,0.026686578405009705
Maldives,large_city,00_01,2018,0.02682289883875392
Maldives,large_city,00_01,2019,0.027004510561415382
Maldives,large_city,00_01,2020,0.025423255533581404
Maldives,large_city,00_01,2025,0.027515552220591627
Maldives,large_city,00_01,2030,0.02834619409359733
Maldives,large_city,00_01,2035,0.029050776397818105
Maldives,large_city,00_01,2040,0.02962749094876056
Maldives,large_city,00_01,2045,0.03008357665393166
Maldives,large_city,00_01,2050,0.030452527361506377
Maldives,large_city,00_01,2055,0.030772231607693084
Maldives,large_city,00_01,2060,0.03106206869098069
Maldives,large_city,00_01,2065,0.03132227130977274
Maldives,large_city,00_01,2070,0.031538037754574914
Maldives,large_city,00_01,2075,0.031716524680075804
Maldives,large_city,00_01,2080,0.03187896693552002
Maldives,large_city,00_01,2085,0.03207461768090576
Maldives,large_city,00_01,2090,0.03229565046760129
Maldives,large_city,00_01,2095,0.0324926286270727
Maldives,large_city,00_01,2100,0.032641661474452376
Maldives,large_city,02_05,2011,0.0607545651824544
Maldives,large_city,02_05,2012,0.06051728746236017
Maldives,large_city,02_05,2013,0.06090159034859599
Maldives,large_city,02_05,2014,0.0610896585766325
Maldives,large_city,02_05,2015,0.06093466110662136
Maldives,large_city,02_05,2016,0.06126908614814313
Maldives,large_city,02_05,2017,0.06149387242776654
Maldives,large_city,02_05,2018,0.06180799555118618
Maldives,large_city,02_05,2019,0.062226483374362276
Maldives,large_city,02_05,2020,0.058582798017563845
Maldives,large_city,02_05,2025,0.06340407647444883
Maldives,large_city,02_05,2030,0.06531812422521574
Maldives,large_city,02_05,2035,0.06694169295977036
Maldives,large_city,02_05,2040,0.06827061607927505
Maldives,large_city,02_05,2045,0.06932157419553377
Maldives,large_city,02_05,2050,0.07017174717010569
Maldives,large_city,02_05,2055,0.07090844154250714
Maldives,large_city,02_05,2060,0.07157631302284566
Maldives,large_city,02_05,2065,0.0721758978179637
Maldives,large_city,02_05,2070,0.07267308835432586
Maldives,large_city,02_05,2075,0.07308437570859813
Maldives,large_city,02_05,2080,0.07345869133578584
Maldives,large_city,02_05,2085,0.07390952927366436
Maldives,large_city,02_05,2090,0.07441885503964032
Maldives,large_city,02_05,2095,0.07487275173728955
Maldives,large_city,02_05,2100,0.07521616807059482
Maldives,large_city,06_10,2011,0.0853273830804756
Maldives,large_city,06_10,2012,0.0849941359103553
Maldives,large_city,06_10,2013,0.0855338741093581
Maldives,large_city,06_10,2014,0.08579800849482765
Maldives,large_city,06_10,2015,0.08558032068057984
Maldives,large_city,06_10,2016,0.08605000742006906
Maldives,large_city,06_10,2017,0.08636571085626452
Maldives,large_city,06_10,2018,0.08680688435501262
Maldives,large_city,06_10,2019,0.08739463394544131
Maldives,large_city,06_10,2020,0.08227722202206461
Maldives,large_city,06_10,2025,0.08904851686374139
Maldives,large_city,06_10,2030,0.09173672120153126
Maldives,large_city,06_10,2035,0.09401695925368067
Maldives,large_city,06_10,2040,0.09588337919697121
Maldives,large_city,06_10,2045,0.097359408290723
Maldives,large_city,06_10,2050,0.09855344259692056
Maldives,large_city,06_10,2055,0.09958810069608316
Maldives,large_city,06_10,2060,0.10052609976628024
Maldives,large_city,06_10,2065,0.10136819288880727
Maldives,large_city,06_10,2070,0.1020664773260797
Maldives,large_city,06_10,2075,0.10264411414281524
Maldives,large_city,06_10,2080,0.10316982563162494
Maldives,large_city,06_10,2085,0.10380300967824013
Maldives,large_city,06_10,2090,0.10451833756538198
Maldives,large_city,06_10,2095,0.1051558175190771
Maldives,large_city,06_10,2100,0.10563813217214114
Maldives,large_city,11_20,2011,0.150513087141122
Maldives,large_city,11_20,2012,0.1499252563821669
Maldives,large_city,11_20,2013,0.15087732662793174
Maldives,large_city,11_20,2014,0.1513432460120953
Maldives,large_city,11_20,2015,0.15095925597545562
Maldives,large_city,11_20,2016,0.15178775907255748
Maldives,large_city,11_20,2017,0.1523446435929467
Maldives,large_city,11_20,2018,0.15312285080924912
Maldives,large_city,11_20,2019,0.15415961066438166
Maldives,large_city,11_20,2020,0.14513276091283386
Maldives,large_city,11_20,2025,0.15707697452597502
Maldives,large_city,11_20,2030,0.16181882783425364
Maldives,large_city,11_20,2035,0.16584104973132008
Maldives,large_city,11_20,2040,0.1691333179039121
Maldives,large_city,11_20,2045,0.17173695682485693
Maldives,large_city,11_20,2050,0.17384317153682932
Maldives,large_city,11_20,2055,0.17566825486903057
Maldives,large_city,11_20,2060,0.17732283667728446
Maldives,large_city,11_20,2065,0.1788082453580161
Maldives,large_city,11_20,2070,0.18003998296160986
Maldives,large_city,11_20,2075,0.18105890440739283
Maldives,large_city,11_20,2080,0.1819862322624107
Maldives,large_city,11_20,2085,0.1831031361465328
Maldives,large_city,11_20,2090,0.18436493751351385
Maldives,large_city,11_20,2095,0.18548941915536543
Maldives,large_city,11_20,2100,0.18634019723838247
Maldives,large_city,21_30,2011,0.157092054088329
Maldives,large_city,21_30,2012,0.1564785290910377
Maldives,large_city,21_30,2013,0.15747221457968463
Maldives,large_city,21_30,2014,0.15795849942366766
Maldives,large_city,21_30,2015,0.1575577250807122
Maldives,large_city,21_30,2016,0.15842244226786445
Maldives,large_city,21_30,2017,0.1590036683582968
Maldives,large_city,21_30,2018,0.15981589121836398
Maldives,large_city,21_30,2019,0.16089796812165935
Maldives,large_city,21_30,2020,0.15147655237401877
Maldives,large_city,21_30,2025,0.16394285073117662
Maldives,large_city,21_30,2030,0.1688919717048538
Maldives,large_city,21_30,2035,0.17309000598752577
Maldives,large_city,21_30,2040,0.17652618007488063
Maldives,large_city,21_30,2045,0.17924362474341002
Maldives,large_city,21_30,2050,0.1814419026589017
Maldives,large_city,21_30,2055,0.18334676086747098
Maldives,large_city,21_30,2060,0.18507366488527296
Maldives,large_city,21_30,2065,0.18662400117329275
Maldives,large_city,21_30,2070,0.18790957835413255
Maldives,large_city,21_30,2075,0.18897303712647587
Maldives,large_city,21_30,2080,0.18994089872791584
Maldives,large_city,21_30,2085,0.19110662277695795
Maldives,large_city,21_30,2090,0.19242357781625402
Maldives,large_city,21_30,2095,0.19359721084882517
Maldives,large_city,21_30,2100,0.19448517666743315
Maldives,large_city,31_50,2011,0.147596045325267
Maldives,large_city,31_50,2012,0.14701960710989123
Maldives,large_city,31_50,2013,0.14795322561321111
Maldives,large_city,31_50,2014,0.14841011517576755
Maldives,large_city,31_50,2015,0.14803356711653345
Maldives,large_city,31_50,2016,0.14884601328314032
Maldives,large_city,31_50,2017,0.14939210501824135
Maldives,large_city,31_50,2018,0.1501552300710291
Maldives,large_city,31_50,2019,0.15117189684383997
Maldives,large_city,31_50,2020,0.14231999332913345
Maldives,large_city,31_50,2025,0.1540327202906563
Maldives,large_city,31_50,2030,0.15868267338847725
Maldives,large_city,31_50,2035,0.16262694200128616
Maldives,large_city,31_50,2040,0.16585540386898553
Maldives,large_city,31_50,2045,0.16840858256916122
Maldives,large_city,31_50,2050,0.17047397746602855
Maldives,large_city,31_50,2055,0.1722636894926605
Maldives,large_city,31_50,2060,0.17388620442610564
Maldives,large_city,31_50,2065,0.17534282491759984
Maldives,large_city,31_50,2070,0.17655069064291318
Maldives,large_city,31_50,2075,0.17754986472638454
Maldives,large_city,31_50,2080,0.17845922036263076
Maldives,large_city,31_50,2085,0.17955447792086748
Maldives,large_city,31_50,2090,0.18079182475422156
Maldives,large_city,31_50,2095,0.18189451320829958
Maldives,large_city,31_50,2100,0.18272880265706354
Maldives,large_city,51+,2011,0.0999074306415119
Maldives,large_city,51+,2012,0.09951724091186938
Maldives,large_city,51+,2013,0.10014920517392334
Maldives,large_city,51+,2014,0.10045847268973884
Maldives,large_city,51+,2015,0.10020358815656438
Maldives,large_city,51+,2016,0.10075353113682078
Maldives,large_city,51+,2017,0.1011231794023165
Maldives,large_city,51+,2018,0.10163973703171757
Maldives,large_city,51+,2019,0.1023279164803355
Maldives,large_city,51+,2020,0.09633608292888804
Maldives,large_city,51+,2025,0.10426440142788634
Maldives,large_city,51+,2030,0.10741194420644141
Maldives,large_city,51+,2035,0.11008181074654608
Maldives,large_city,51+,2040,0.11226714931313925
Maldives,large_city,51+,2045,0.11399539022461522
Maldives,large_city,51+,2050,0.11539345137829561
Maldives,large_city,51+,2055,0.11660490341805023
Maldives,large_city,51+,2060,0.11770318012201446
Maldives,large_city,51+,2065,0.11868916325187578
Maldives,large_city,51+,2070,0.11950676484079413
Maldives,large_city,51+,2075,0.12018310352739796
Maldives,large_city,51+,2080,0.12079864430937841
Maldives,large_city,51+,2085,0.1215400216836365
Maldives,large_city,51+,2090,0.12237757896818562
Maldives,large_city,51+,2095,0.12312398629910168
Maldives,large_city,51+,2100,0.12368871494785132
Maldives,city,No_travel,2011,0.0
Maldives,city,No_travel,2012,0.0
Maldives,city,No_travel,2013,0.0
Maldives,city,No_travel,2014,0.0
Maldives,city,No_travel,2015,0.0
Maldives,city,No_travel,2016,0.0
Maldives,city,No_travel,2017,0.0
Maldives,city,No_travel,2018,0.0
Maldives,city,No_travel,2019,0.0
Maldives,city,No_travel,2020,0.0
Maldives,city,No_travel,2025,0.0
Maldives,city,No_travel,2030,0.0
Maldives,city,No_travel,2035,0.0
Maldives,city,No_travel,2040,0.0
Maldives,city,No_travel,2045,0.0
Maldives,city,No_travel,2050,0.0
Maldives,city,No_travel,2055,0.0
Maldives,city,No_travel,2060,0.0
Maldives,city,No_travel,2065,0.0
Maldives,city,No_travel,2070,0.0
Maldives,city,No_travel,2075,0.0
Maldives,city,No_travel,2080,0.0
Maldives,city,No_travel,2085,0.0
Maldives,city,No_travel,2090,0.0
Maldives,city,No_travel,2095,0.0
Maldives,city,No_travel,2100,0.0
Maldives,city,00_01,2011,0.0203337654203297
Maldives,city,00_01,2012,0.020254351643185918
Maldives,city,00_01,2013,0.020382972837586822
Maldives,city,00_01,2014,0.020445916835629224
Maldives,city,00_01,2015,0.020394041191609945
Maldives,city,00_01,2016,0.020505968917939085
Maldives,city,00_01,2017,0.020581201971880705
Maldives,city,00_01,2018,0.020686334909389748
Maldives,city,00_01,2019,0.020826397359053773
Maldives,city,00_01,2020,0.019606903102315575
Maldives,city,00_01,2025,0.02122052250480782
Maldives,city,00_01,2030,0.02186112947566709
Maldives,city,00_01,2035,0.02240451688520696
Maldives,city,00_01,2040,0.022849290226807057
Maldives,city,00_01,2045,0.023201032285011563
Maldives,city,00_01,2050,0.023485574159021087
Maldives,city,00_01,2055,0.023732136215878902
Maldives,city,00_01,2060,0.023955664142897196
Maldives,city,00_01,2065,0.02415633740155542
Maldives,city,00_01,2070,0.024322740629119228
Maldives,city,00_01,2075,0.024460393175179018
Maldives,city,00_01,2080,0.02458567176343886
Maldives,city,00_01,2085,0.02473656137714734
Maldives,city,00_01,2090,0.024907026108756936
Maldives,city,00_01,2095,0.02505893944971073
Maldives,city,00_01,2100,0.02517387644484794
Maldives,city,02_05,2011,0.0396703669770022
Maldives,city,02_05,2012,0.03951543385875279
Maldives,city,02_05,2013,0.03976636868943608
Maldives,city,02_05,2014,0.039889169924216004
Maldives,city,02_05,2015,0.03978796260757432
Maldives,city,02_05,2016,0.04000632914651055
Maldives,city,02_05,2017,0.04015310584020057
Maldives,city,02_05,2018,0.04035821601660618
Maldives,city,02_05,2019,0.04063147228090411
Maldives,city,02_05,2020,0.0382522875263292
Maldives,city,02_05,2025,0.0414003947526513
Maldives,city,02_05,2030,0.042650193454302744
Maldives,city,02_05,2035,0.04371032066151333
Maldives,city,02_05,2040,0.04457805574737315
Maldives,city,02_05,2045,0.04526429050231273
Maldives,city,02_05,2050,0.045819420372700446
Maldives,city,02_05,2055,0.046300453131560476
Maldives,city,02_05,2060,0.04673654721994603
Maldives,city,02_05,2065,0.04712805276006028
Maldives,city,02_05,2070,0.04745269883358161
Maldives,city,02_05,2075,0.04772125347187063
Maldives,city,02_05,2080,0.04796566701102064
Maldives,city,02_05,2085,0.04826004664140866
Maldives,city,02_05,2090,0.04859261654766065
Maldives,city,02_05,2095,0.0488889934291562
Maldives,city,02_05,2100,0.049113230931757096
Maldives,city,06_10,2011,0.0505698242635587
Maldives,city,06_10,2012,0.05037232317749565
Maldives,city,06_10,2013,0.05069220250446574
Maldives,city,06_10,2014,0.05084874345266944
Maldives,city,06_10,2015,0.050719729364654485
Maldives,city,06_10,2016,0.050998092242049806
Maldives,city,06_10,2017,0.051185195920979566
Maldives,city,06_10,2018,0.05144666024223255
Maldives,city,06_10,2019,0.051794993830184335
Maldives,city,06_10,2020,0.048762126627338934
Maldives,city,06_10,2025,0.052775178215448505
Maldives,city,06_10,2030,0.054368359865216875
Maldives,city,06_10,2035,0.055719757662891285
Maldives,city,06_10,2040,0.05682590348767517
Maldives,city,06_10,2045,0.05770068165599811
Maldives,city,06_10,2050,0.05840833379355543
Maldives,city,06_10,2055,0.05902153059344056
Maldives,city,06_10,2060,0.05957744179599684
Maldives,city,06_10,2065,0.06007651371971423
Maldives,city,06_10,2070,0.06049035649801132
Maldives,city,06_10,2075,0.06083269668536862
Maldives,city,06_10,2080,0.061144262992018
Maldives,city,06_10,2085,0.061519523603650955
Maldives,city,06_10,2090,0.0619434672925072
Maldives,city,06_10,2095,0.06232127390119575
Maldives,city,06_10,2100,0.06260712079306849
Maldives,city,11_20,2011,0.0832808161760771
Maldives,city,11_20,2012,0.08295556189879766
Maldives,city,11_20,2013,0.08348235454274837
Maldives,city,11_20,2014,0.0837401536971104
Maldives,city,11_20,2015,0.08352768709860887
Maldives,city,11_20,2016,0.08398610845878174
Maldives,city,11_20,2017,0.0842942397864606
Maldives,city,11_20,2018,0.08472483179250331
Maldives,city,11_20,2019,0.08529848428049644
Maldives,city,11_20,2020,0.08030381285964609
Maldives,city,11_20,2025,0.08691269901817095
Maldives,city,11_20,2030,0.08953642710189837
Maldives,city,11_20,2035,0.09176197392172349
Maldives,city,11_20,2040,0.09358362800969597
Maldives,city,11_20,2045,0.09502425472517076
Maldives,city,11_20,2050,0.0961896502637704
Maldives,city,11_20,2055,0.09719949221427511
Maldives,city,11_20,2060,0.09811499349086691
Maldives,city,11_20,2065,0.09893688911227805
Maldives,city,11_20,2070,0.09961842528225824
Maldives,city,11_20,2075,0.10018220755020517
Maldives,city,11_20,2080,0.10069530991290063
Maldives,city,11_20,2085,0.10131330711717502
Maldives,city,11_20,2090,0.10201147795195262
Maldives,city,11_20,2095,0.10263366802649815
Maldives,city,11_20,2100,0.10310441442127474
Maldives,city,21_30,2011,0.0673025770269828
Maldives,city,21_30,2012,0.06703972596409606
Maldives,city,21_30,2013,0.06746544828677097
Maldives,city,21_30,2014,0.06767378615184733
Maldives,city,21_30,2015,0.06750208334839405
Maldives,city,21_30,2016,0.06787255208682016
Maldives,city,21_30,2017,0.06812156540546593
Maldives,city,21_30,2018,0.06846954412354936
Maldives,city,21_30,2019,0.06893313577085322
Maldives,city,21_30,2020,0.06489674091473735
Maldives,city,21_30,2025,0.07023764762254707
Maldives,city,21_30,2030,0.07235798781085141
Maldives,city,21_30,2035,0.07415654170532517
Maldives,city,21_30,2040,0.07562869363900789
Maldives,city,21_30,2045,0.07679292202841724
Maldives,city,21_30,2050,0.07773472503425805
Maldives,city,21_30,2055,0.07855081892934218
Maldives,city,21_30,2060,0.07929067233154528
Maldives,city,21_30,2065,0.07995487923906659
Maldives,city,21_30,2070,0.08050565602876313
Maldives,city,21_30,2075,0.0809612711542768
Maldives,city,21_30,2080,0.08137592981005927
Maldives,city,21_30,2085,0.08187535820609226
Maldives,city,21_30,2090,0.08243957813744195
Maldives,city,21_30,2095,0.08294239496057432
Maldives,city,21_30,2100,0.08332282405516483
Maldives,city,31_50,2011,0.128420945162782
Maldives,city,31_50,2012,0.12791939554278123
Maldives,city,31_50,2013,0.12873172198657976
Maldives,city,31_50,2014,0.12912925424653432
Maldives,city,31_50,2015,0.12880162583644048
Maldives,city,31_50,2016,0.12950852217895156
Maldives,city,31_50,2017,0.12998366781454573
Maldives,city,31_50,2018,0.13064765064918354
Maldives,city,31_50,2019,0.1315322360565516
Maldives,city,31_50,2020,0.12383033717881957
Maldives,city,31_50,2025,0.1340213925253063
Maldives,city,31_50,2030,0.13806724192776687
Maldives,city,31_50,2035,0.14149908660976054
Maldives,city,31_50,2040,0.14430811935557883
Maldives,city,31_50,2045,0.14652959907831442
Maldives,city,31_50,2050,0.14832666595910762
Maldives,city,31_50,2055,0.14988386560848013
Maldives,city,31_50,2060,0.1512955897562008
Maldives,city,31_50,2065,0.15256297181815864
Maldives,city,31_50,2070,0.15361391635893296
Maldives,city,31_50,2075,0.15448328165865202
Maldives,city,31_50,2080,0.15527449737204382
Maldives,city,31_50,2085,0.15622746335778873
Maldives,city,31_50,2090,0.15730405893650715
Maldives,city,31_50,2095,0.15826349042520804
Maldives,city,31_50,2100,0.15898939225620556
Maldives,city,51+,2011,0.0842931032354429
Maldives,city,51+,2012,0.08396389545829383
Maldives,city,51+,2013,0.08449709132210868
Maldives,city,51+,2014,0.08475802405224311
Maldives,city,51+,2015,0.08454297489994247
Maldives,city,51+,2016,0.08500696841985088
Maldives,city,51+,2017,0.08531884511615023
Maldives,city,51+,2018,0.08575467101320887
Maldives,city,51+,2019,0.08633529630738752
Maldives,city,51+,2020,0.0812799141313205
Maldives,city,51+,2025,0.08796913199457976
Maldives,city,51+,2030,0.0906247517684755
Maldives,city,51+,2035,0.0928773503434246
Maldives,city,51+,2040,0.0947211468279845
Maldives,city,51+,2045,0.09617928451235241
Maldives,city,51+,2050,0.09735884555600993
Maldives,city,51+,2055,0.09838096224138683
Maldives,city,51+,2060,0.09930759153206015
Maldives,city,51+,2065,0.10013947738099192
Maldives,city,51+,2070,0.10082929769463254
Maldives,city,51+,2075,0.10139993279520465
Maldives,city,51+,2080,0.10191927197095905
Maldives,city,51+,2085,0.10254478099609851
Maldives,city,51+,2090,0.10325143817063265
Maldives,city,51+,2095,0.10388119103082136
Maldives,city,51+,2100,0.10435765939742238
Maldives,town,No_travel,2011,0.0
Maldives,town,No_travel,2012,0.0
Maldives,town,No_travel,2013,0.0
Maldives,town,No_travel,2014,0.0
Maldives,town,No_travel,2015,0.0
Maldives,town,No_travel,2016,0.0
Maldives,town,No_travel,2017,0.0
Maldives,town,No_travel,2018,0.0
Maldives,town,No_travel,2019,0.0
Maldives,town,No_travel,2020,0.0
Maldives,town,No_travel,2025,0.0
Maldives,town,No_travel,2030,0.0
Maldives,town,No_travel,2035,0.0
Maldives,town,No_travel,2040,0.0
Maldives,town,No_travel,2045,0.0
Maldives,town,No_travel,2050,0.0
Maldives,town,No_travel,2055,0.0
Maldives,town,No_travel,2060,0.0
Maldives,town,No_travel,2065,0.0
Maldives,town,No_travel,2070,0.0
Maldives,town,No_travel,2075,0.0
Maldives,town,No_travel,2080,0.0
Maldives,town,No_travel,2085,0.0
Maldives,town,No_travel,2090,0.0
Maldives,town,No_travel,2095,0.0
Maldives,town,No_travel,2100,0.0
Maldives,town,00_01,2011,0.0142978983785273
Maldives,town,00_01,2012,0.014242057756193692
Maldives,town,00_01,2013,0.01433249908512878
Maldives,town,00_01,2014,0.01437675881120237
Maldives,town,00_01,2015,0.01434028191323606
Maldives,town,00_01,2016,0.014418985056687967
Maldives,town,00_01,2017,0.01447188596007343
Maldives,town,00_01,2018,0.014545811277183535
Maldives,town,00_01,2019,0.014644297643606433
Maldives,town,00_01,2020,0.01378679758911049
Maldives,town,00_01,2025,0.01492143083393918
Maldives,town,00_01,2030,0.015371880280000189
Maldives,town,00_01,2035,0.015753968781621462
Maldives,town,00_01,2040,0.016066715776987022
Maldives,town,00_01,2045,0.01631404685904199
Maldives,town,00_01,2050,0.016514125433517744
Maldives,town,00_01,2055,0.016687498105036273
Maldives,town,00_01,2060,0.016844674088884064
Maldives,town,00_01,2065,0.016985779575264592
Maldives,town,00_01,2070,0.017102787733290624
Maldives,town,00_01,2075,0.017199579550960593
Maldives,town,00_01,2080,0.017287670491665245
Maldives,town,00_01,2085,0.017393770090956485
Maldives,town,00_01,2090,0.01751363413774244
Maldives,town,00_01,2095,0.0176204535814805
Maldives,town,00_01,2100,0.01770127272355451
Maldives,town,02_05,2011,0.0305435787015927
Maldives,town,02_05,2012,0.03042429036999049
Maldives,town,02_05,2013,0.03061749371883748
Maldives,town,02_05,2014,0.03071204260923035
Maldives,town,02_05,2015,0.03063411961842932
Maldives,town,02_05,2016,0.030802247520338055
Maldives,town,02_05,2017,0.030915255940398293
Maldives,town,02_05,2018,0.03107317731327528
Maldives,town,02_05,2019,0.03128356670087852
Maldives,town,02_05,2020,0.029451750604014174
Maldives,town,02_05,2025,0.0318755865338397
Maldives,town,02_05,2030,0.03283784950022892
Maldives,town,02_05,2035,0.0336540778654948
Maldives,town,02_05,2040,0.034322176925492345
Maldives,town,02_05,2045,0.034850532643941244
Maldives,town,02_05,2050,0.03527794620670515
Maldives,town,02_05,2055,0.03564830985715495
Maldives,town,02_05,2060,0.035984073681009296
Maldives,town,02_05,2065,0.036285507249383425
Maldives,town,02_05,2070,0.03653546341698102
Maldives,town,02_05,2075,0.036742232861161205
Maldives,town,02_05,2080,0.036930415243569985
Maldives,town,02_05,2085,0.03715706823657393
Maldives,town,02_05,2090,0.03741312523527217
Maldives,town,02_05,2095,0.03764131598053399
Maldives,town,02_05,2100,0.03781396413910811
Maldives,town,06_10,2011,0.0419722902791875
Maldives,town,06_10,2012,0.041808366970467074
Maldives,town,06_10,2013,0.04207386261260983
Maldives,town,06_10,2014,0.0422037895446146
Maldives,town,06_10,2015,0.04209670954520534
Maldives,town,06_10,2016,0.04232774707921167
Maldives,town,06_10,2017,0.0424830406765043
Maldives,town,06_10,2018,0.0427000526307497
Maldives,town,06_10,2019,0.04298916493597158
Maldives,town,06_10,2020,0.04047192497182588
Maldives,town,06_10,2025,0.04380270510828895
Maldives,town,06_10,2030,0.045125024962972334
Maldives,town,06_10,2035,0.046246667394455314
Maldives,town,06_10,2040,0.047164753908004786
Maldives,town,06_10,2045,0.0478908083039898
Maldives,town,06_10,2050,0.04847815028840019
Maldives,town,06_10,2055,0.048987095582512956
Maldives,town,06_10,2060,0.04944849458286421
Maldives,town,06_10,2065,0.049862717727941534
Maldives,town,06_10,2070,0.05020620180117269
Maldives,town,06_10,2075,0.050490339662580014
Maldives,town,06_10,2080,0.05074893560698644
Maldives,town,06_10,2085,0.051060396988376965
Maldives,town,06_10,2090,0.051412264684771676
Maldives,town,06_10,2095,0.051725839210295554
Maldives,town,06_10,2100,0.05196308837807112
Maldives,town,11_20,2011,0.0757320066192673
Maldives,town,11_20,2012,0.07543623431286009
Maldives,town,11_20,2013,0.07591527697635067
Maldives,town,11_20,2014,0.0761497084836417
Maldives,town,11_20,2015,0.07595650046067913
Maldives,town,11_20,2016,0.07637336920761388
Maldives,town,11_20,2017,0.07665357063717292
Maldives,town,11_20,2018,0.07704513256162482
Maldives,town,11_20,2019,0.07756678755989001
Maldives,town,11_20,2020,0.07302484733316153
Maldives,town,11_20,2025,0.07903468529206426
Maldives,town,11_20,2030,0.0814205912152711
Maldives,town,11_20,2035,0.08344440815450638
Maldives,town,11_20,2040,0.08510094234548585
Maldives,town,11_20,2045,0.08641098656649301
Maldives,town,11_20,2050,0.08747074734569447
Maldives,town,11_20,2055,0.08838905435553865
Maldives,town,11_20,2060,0.08922157199792356
Maldives,town,11_20,2065,0.0899689686673973
Maldives,town,11_20,2070,0.09058872846450453
Maldives,town,11_20,2075,0.09110140790748346
Maldives,town,11_20,2080,0.09156800121566933
Maldives,town,11_20,2085,0.09212998139926701
Maldives,town,11_20,2090,0.09276486804793971
Maldives,town,11_20,2095,0.0933306610481464
Maldives,town,11_20,2100,0.09375873765356585
Maldives,town,21_30,2011,0.0536494958683143
Maldives,town,21_30,2012,0.0534399670859815
Maldives,town,21_30,2013,0.053779326869816214
Maldives,town,21_30,2014,0.05394540106675442
Maldives,town,21_30,2015,0.053808530099083283
Maldives,town,21_30,2016,0.05410384510676215
Maldives,town,21_30,2017,0.05430234328617786
Maldives,town,21_30,2018,0.05457973062590176
Maldives,town,21_30,2019,0.0549492775179419
Maldives,town,21_30,2020,0.0517317105432144
Maldives,town,21_30,2025,0.05598915453735466
Maldives,town,21_30,2030,0.057679359982626806
Maldives,town,21_30,2035,0.05911305708596098
Maldives,town,21_30,2040,0.060286566520109046
Maldives,town,21_30,2045,0.0612146181479442
Maldives,town,21_30,2050,0.06196536587117572
Maldives,town,21_30,2055,0.06261590598399965
Maldives,town,21_30,2060,0.06320567184138634
Maldives,town,21_30,2065,0.06373513694235096
Maldives,town,21_30,2070,0.06417418249466823
Maldives,town,21_30,2075,0.06453737099165532
Maldives,town,21_30,2080,0.06486791149727732
Maldives,town,21_30,2085,0.0652660252523977
Maldives,town,21_30,2090,0.06571578685459652
Maldives,town,21_30,2095,0.06611660165644792
Maldives,town,21_30,2100,0.06641985645054352
Maldives,town,31_50,2011,0.0837659254033078
Maldives,town,31_50,2012,0.08343877652582689
Maldives,town,31_50,2013,0.08396863772726962
Maldives,town,31_50,2014,0.08422793855697892
Maldives,town,31_50,2015,0.08401423434443682
Maldives,town,31_50,2016,0.08447532600062731
Maldives,town,31_50,2017,0.08478525218764016
Maldives,town,31_50,2018,0.08521835238422294
Maldives,town,31_50,2019,0.08579534638744044
Maldives,town,31_50,2020,0.0807715810971434
Maldives,town,31_50,2025,0.08741896389636447
Maldives,town,31_50,2030,0.09005797514807225
Maldives,town,31_50,2035,0.09229648573731633
Maldives,town,31_50,2040,0.09412875092695033
Maldives,town,31_50,2045,0.09557776926662816
Maldives,town,31_50,2050,0.09674995321287204
Maldives,town,31_50,2055,0.09776567747422249
Maldives,town,31_50,2060,0.09868651152896428
Maldives,town,31_50,2065,0.09951319467730027
Maldives,town,31_50,2070,0.10019870078297428
Maldives,town,31_50,2075,0.10076576707229479
Maldives,town,31_50,2080,0.10128185824684496
Maldives,town,31_50,2085,0.10190345527350296
Maldives,town,31_50,2090,0.10260569294059182
Maldives,town,31_50,2095,0.10323150726091343
Maldives,town,31_50,2100,0.10370499574480822
Maldives,town,51+,2011,0.068333385372376
Maldives,town,51+,2012,0.06806650847450363
Maldives,town,51+,2013,0.06849875117340214
Maldives,town,51+,2014,0.06871027994764525
Maldives,town,51+,2015,0.06853594733875888
Maldives,town,51+,2016,0.0689120901878082
Maldives,town,51+,2017,0.06916491740212204
Maldives,town,51+,2018,0.06951822577298349
Maldives,town,51+,2019,0.06998891780425487
Maldives,town,51+,2020,0.06589070140003811
Maldives,town,51+,2025,0.07131340959970112
Maldives,town,51+,2030,0.07346622498372196
Maldives,town,51+,2035,0.07529232558511186
Maldives,town,51+,2040,0.07678702504321282
Maldives,town,51+,2045,0.07796908479053981
Maldives,town,51+,2050,0.07892531248026377
Maldives,town,51+,2055,0.07975390569461381
Maldives,town,51+,2060,0.08050509071434253
Maldives,town,51+,2065,0.08117947063534393
Maldives,town,51+,2070,0.0817386831393377
Maldives,town,51+,2075,0.08220127648016518
Maldives,town,51+,2080,0.0826222860607079
Maldives,town,51+,2085,0.08312936371745717
Maldives,town,51+,2090,0.08370222525867627
Maldives,town,51+,2095,0.08421274323977887
Maldives,town,51+,2100,0.08459899899811478
Maldives,rural,No_travel,2011,0.0
Maldives,rural,No_travel,2012,0.0
Maldives,rural,No_travel,2013,0.0
Maldives,rural,No_travel,2014,0.0
Maldives,rural,No_travel,2015,0.0
Maldives,rural,No_travel,2016,0.0
Maldives,rural,No_travel,2017,0.0
Maldives,rural,No_travel,2018,0.0
Maldives,rural,No_travel,2019,0.0
Maldives,rural,No_travel,2020,0.0
Maldives,rural,No_travel,2025,0.0
Maldives,rural,No_travel,2030,0.0
Maldives,rural,No_travel,2035,0.0
Maldives,rural,No_travel,2040,0.0
Maldives,rural,No_travel,2045,0.0
Maldives,rural,No_travel,2050,0.0
Maldives,rural,No_travel,2055,0.0
Maldives,rural,No_travel,2060,0.0
Maldives,rural,No_travel,2065,0.0
Maldives,rural,No_travel,2070,0.0
Maldives,rural,No_travel,2075,0.0
Maldives,rural,No_travel,2080,0.0
Maldives,rural,No_travel,2085,0.0
Maldives,rural,No_travel,2090,0.0
Maldives,rural,No_travel,2095,0.0
Maldives,rural,No_travel,2100,0.0
Maldives,rural,00_01,2011,0.00800533451099545
Maldives,rural,00_01,2012,0.00797406957616041
Maldives,rural,00_01,2013,0.008024707304347909
Maldives,rural,00_01,2014,0.00804948814298614
Maldives,rural,00_01,2015,0.008029064877803173
Maldives,rural,00_01,2016,0.008073130444204569
Maldives,rural,00_01,2017,0.008102749442488294
Maldives,rural,00_01,2018,0.008144139923566728
Maldives,rural,00_01,2019,0.008199282035163478
Maldives,rural,00_01,2020,0.007719171280582503
Maldives,rural,00_01,2025,0.008354447768894307
Maldives,rural,00_01,2030,0.008606652561552961
Maldives,rural,00_01,2035,0.008820582342511329
Maldives,rural,00_01,2040,0.008995688099240584
Maldives,rural,00_01,2045,0.009134167755089169
Maldives,rural,00_01,2050,0.009246190926240459
Maldives,rural,00_01,2055,0.00934326157213728
Maldives,rural,00_01,2060,0.009431263759205976
Maldives,rural,00_01,2065,0.009510268140822599
Maldives,rural,00_01,2070,0.009575780527378692
Maldives,rural,00_01,2075,0.009629973868096447
Maldives,rural,00_01,2080,0.009679295623578223
Maldives,rural,00_01,2085,0.009738700352953314
Maldives,rural,00_01,2090,0.009805811739883033
Maldives,rural,00_01,2095,0.009865619507203991
Maldives,rural,00_01,2100,0.009910869812533182
Maldives,rural,02_05,2011,0.018205337195522
Maldives,rural,02_05,2012,0.01813423602163774
Maldives,rural,02_05,2013,0.018249393847360375
Maldives,rural,02_05,2014,0.018305749209247775
Maldives,rural,02_05,2015,0.01825930362614581
Maldives,rural,02_05,2016,0.018359515365448793
Maldives,rural,02_05,2017,0.018426873431549362
Maldives,rural,02_05,2018,0.018521001623654613
Maldives,rural,02_05,2019,0.018646403096124392
Maldives,rural,02_05,2020,0.017554558880703054
Maldives,rural,02_05,2025,0.0189992733603064
Maldives,rural,02_05,2030,0.019572825069653594
Maldives,rural,02_05,2035,0.020059333633806888
Maldives,rural,02_05,2040,0.020457550515531765
Maldives,rural,02_05,2045,0.020772474123780815
Maldives,rural,02_05,2050,0.021027231698460516
Maldives,rural,02_05,2055,0.0212479849771538
Maldives,rural,02_05,2060,0.021448115213726488
Maldives,rural,02_05,2065,0.021627783084604186
Maldives,rural,02_05,2070,0.021776768125279112
Maldives,rural,02_05,2075,0.021900011949776817
Maldives,rural,02_05,2080,0.022012177055230876
Maldives,rural,02_05,2085,0.02214727236296559
Maldives,rural,02_05,2090,0.022299893771482192
Maldives,rural,02_05,2095,0.022435905648249346
Maldives,rural,02_05,2100,0.02253881166243111
Maldives,rural,06_10,2011,0.0247885032228387
Maldives,rural,06_10,2012,0.02469169141105797
Maldives,rural,06_10,2013,0.024848491040935894
Maldives,rural,06_10,2014,0.02492522486106605
Maldives,rural,06_10,2015,0.024861984258925877
Maldives,rural,06_10,2016,0.024998433202221986
Maldives,rural,06_10,2017,0.025090148374574236
Maldives,rural,06_10,2018,0.025218313921210465
Maldives,rural,06_10,2019,0.02538906136582415
Maldives,rural,06_10,2020,0.023902399319297107
Maldives,rural,06_10,2025,0.025869531767826436
Maldives,rural,06_10,2030,0.026650483432875224
Maldives,rural,06_10,2035,0.027312916596344394
Maldives,rural,06_10,2040,0.027855131241973367
Maldives,rural,06_10,2045,0.028283933235267383
Maldives,rural,06_10,2050,0.028630812773568035
Maldives,rural,06_10,2055,0.028931391845604486
Maldives,rural,06_10,2060,0.029203890451974152
Maldives,rural,06_10,2065,0.029448527370722784
Maldives,rural,06_10,2070,0.029651386352199577
Maldives,rural,06_10,2075,0.029819195929574927
Maldives,rural,06_10,2080,0.029971920652450256
Maldives,rural,06_10,2085,0.030155867284979317
Maldives,rural,06_10,2090,0.030363677568098848
Maldives,rural,06_10,2095,0.03054887220686754
Maldives,rural,06_10,2100,0.030688989692020274
Maldives,rural,11_20,2011,0.0423833067134091
Maldives,rural,11_20,2012,0.0422177781748242
Maldives,rural,11_20,2013,0.04248587370063804
Maldives,rural,11_20,2014,0.042617072950735226
Maldives,rural,11_20,2015,0.042508944363335154
Maldives,rural,11_20,2016,0.042742244347704975
Maldives,rural,11_20,2017,0.04289905866784098
Maldives,rural,11_20,2018,0.04311819572603053
Maldives,rural,11_20,2019,0.04341013918266187
Maldives,rural,11_20,2020,0.04086824897934025
Maldives,rural,11_20,2025,0.04423164600103305
Maldives,rural,11_20,2030,0.04556691476052856
Maldives,rural,11_20,2035,0.04669954094985733
Maldives,rural,11_20,2040,0.04762661788643581
Maldives,rural,11_20,2045,0.04835978221821188
Maldives,rural,11_20,2050,0.048952875787929985
Maldives,rural,11_20,2055,0.049466804962565086
Maldives,rural,11_20,2060,0.04993272224320593
Maldives,rural,11_20,2065,0.050351001695883565
Maldives,rural,11_20,2070,0.05069784935966583
Maldives,rural,11_20,2075,0.05098476965991188
Maldives,rural,11_20,2080,0.05124589792224204
Maldives,rural,11_20,2085,0.051560409309851556
Maldives,rural,11_20,2090,0.05191572269398281
Maldives,rural,11_20,2095,0.05223236791882966
Maldives,rural,11_20,2100,0.052471940364804064
Maldives,rural,21_30,2011,0.0366772116814261
Maldives,rural,21_30,2012,0.03653396836891045
Maldives,rural,21_30,2013,0.03676597000147789
Maldives,rural,21_30,2014,0.03687950580227789
Maldives,rural,21_30,2015,0.03678593464428159
Maldives,rural,21_30,2016,0.03698782528414755
Maldives,rural,21_30,2017,0.03712352757970457
Maldives,rural,21_30,2018,0.03731316205831689
Maldives,rural,21_30,2019,0.037565800957642954
Maldives,rural,21_30,2020,0.03536612725854778
Maldives,rural,21_30,2025,0.03827670772286715
Maldives,rural,21_30,2030,0.03943220828998354
Maldives,rural,21_30,2035,0.04041234820173789
Maldives,rural,21_30,2040,0.0412146121043111
Maldives,rural,21_30,2045,0.04184906999537779
Maldives,rural,21_30,2050,0.04236231495171249
Maldives,rural,21_30,2055,0.04280705347234775
Maldives,rural,21_30,2060,0.04321024397477007
Maldives,rural,21_30,2065,0.04357221016423199
Maldives,rural,21_30,2070,0.04387236147785579
Maldives,rural,21_30,2075,0.04412065349194948
Maldives,rural,21_30,2080,0.04434662586872149
Maldives,rural,21_30,2085,0.04461879436226481
Maldives,rural,21_30,2090,0.04492627165022506
Maldives,rural,21_30,2095,0.04520028670096545
Maldives,rural,21_30,2100,0.045407605336423885
Maldives,rural,31_50,2011,0.0541066561101835
Maldives,rural,31_50,2012,0.05389534188276385
Maldives,rural,31_50,2013,0.054237593432836954
Maldives,rural,31_50,2014,0.05440508278790128
Maldives,rural,31_50,2015,0.05426704550983575
Maldives,rural,31_50,2016,0.05456487696763503
Maldives,rural,31_50,2017,0.05476506659772038
Maldives,rural,31_50,2018,0.05504481762159951
Maldives,rural,31_50,2019,0.05541751351147854
Maldives,rural,31_50,2020,0.05217252887564184
Maldives,rural,31_50,2025,0.0564662515727709
Maldives,rural,31_50,2030,0.05817085966466001
Maldives,rural,31_50,2035,0.05961677364541156
Maldives,rural,31_50,2040,0.06080028283534611
Maldives,rural,31_50,2045,0.06173624261403676
Maldives,rural,31_50,2050,0.06249338763896107
Maldives,rural,31_50,2055,0.06314947116035781
Maldives,rural,31_50,2060,0.0637442625542877
Maldives,rural,31_50,2065,0.06427823935456468
Maldives,rural,31_50,2070,0.0647210261194999
Maldives,rural,31_50,2075,0.06508730943291423
Maldives,rural,31_50,2080,0.06542066655358642
Maldives,rural,31_50,2085,0.06582217273164828
Maldives,rural,31_50,2090,0.06627576686050027
Maldives,rural,31_50,2095,0.06667999710156118
Maldives,rural,31_50,2100,0.06698583600260453
Maldives,rural,51+,2011,0.0357459136063553
Maldives,rural,51+,2012,0.03560630749021029
Maldives,rural,51+,2013,0.035832418198579345
Maldives,rural,51+,2014,0.03594307112830247
Maldives,rural,51+,2015,0.03585187590444427
Maldives,rural,51+,2016,0.036048640190488264
Maldives,rural,51+,2017,0.03618089676918621
Maldives,rural,51+,2018,0.0363657160991871
Maldives,rural,51+,2019,0.03661194005828614
Maldives,rural,51+,2020,0.03446811989297495
Maldives,rural,51+,2025,0.037304795666629635
Maldives,rural,51+,2030,0.0384309560684345
Maldives,rural,51+,2035,0.03938620852633752
Maldives,rural,51+,2040,0.04016810155571964
Maldives,rural,51+,2045,0.04078644945953332
Maldives,rural,51+,2050,0.04128666223544966
Maldives,rural,51+,2055,0.04172010807299399
Maldives,rural,51+,2060,0.04211306086863385
Maldives,rural,51+,2065,0.042465836108183476
Maldives,rural,51+,2070,0.04275836605890118
Maldives,rural,51+,2075,0.043000353507729946
Maldives,rural,51+,2080,0.04322058805357482
Maldives,rural,51+,2085,0.043485845716591184
Maldives,rural,51+,2090,0.043785515622439264
Maldives,rural,51+,2095,0.0440525729553599
Maldives,rural,51+,2100,0.044254627410765454
Nepal,large_city,No_travel,2011,0.0
Nepal,large_city,No_travel,2012,0.0
Nepal,large_city,No_travel,2013,0.0
Nepal,large_city,No_travel,2014,0.0
Nepal,large_city,No_travel,2015,0.0
Nepal,large_city,No_travel,2016,0.0
Nepal,large_city,No_travel,2017,0.0
Nepal,large_city,No_travel,2018,0.0
Nepal,large_city,No_travel,2019,0.0
Nepal,large_city,No_travel,2020,0.0
Nepal,large_city,No_travel,2025,0.0
Nepal,large_city,No_travel,2030,0.0
Nepal,large_city,No_travel,2035,0.0
Nepal,large_city,No_travel,2040,0.0
Nepal,large_city,No_travel,2045,0.0
Nepal,large_city,No_travel,2050,0.0
Nepal,large_city,No_travel,2055,0.0
Nepal,large_city,No_travel,2060,0.0
Nepal,large_city,No_travel,2065,0.0
Nepal,large_city,No_travel,2070,0.0
Nepal,large_city,No_travel,2075,0.0
Nepal,large_city,No_travel,2080,0.0
Nepal,large_city,No_travel,2085,0.0
Nepal,large_city,No_travel,2090,0.0
Nepal,large_city,No_travel,2095,0.0
Nepal,large_city,No_travel,2100,0.0
Nepal,large_city,00_01,2011,0.0263657402468568
Nepal,large_city,00_01,2012,0.026564937149867126
Nepal,large_city,00_01,2013,0.02671597376813898
Nepal,large_city,00_01,2014,0.02697234127532091
Nepal,large_city,00_01,2015,0.027128073909241195
Nepal,large_city,00_01,2016,0.027106258524502217
Nepal,large_city,00_01,2017,0.02745403235289218
Nepal,large_city,00_01,2018,0.027744293557573
Nepal,large_city,00_01,2019,0.027995865153214172
Nepal,large_city,00_01,2020,0.02779814655153914
Nepal,large_city,00_01,2025,0.02855637526588132
Nepal,large_city,00_01,2030,0.029515195914014362
Nepal,large_city,00_01,2035,0.03057522543253262
Nepal,large_city,00_01,2040,0.03171657777320261
Nepal,large_city,00_01,2045,0.03288119030776397
Nepal,large_city,00_01,2050,0.03403350676326363
Nepal,large_city,00_01,2055,0.035156913260554035
Nepal,large_city,00_01,2060,0.03624852308716382
Nepal,large_city,00_01,2065,0.0373016617847757
Nepal,large_city,00_01,2070,0.03830944623768988
Nepal,large_city,00_01,2075,0.03926313782678499
Nepal,large_city,00_01,2080,0.04014442641712564
Nepal,large_city,00_01,2085,0.04095925427671019
Nepal,large_city,00_01,2090,0.04170850393502947
Nepal,large_city,00_01,2095,0.04241009723211186
Nepal,large_city,00_01,2100,0.043059990993116436
Nepal,large_city,02_05,2011,0.0607545651824544
Nepal,large_city,02_05,2012,0.06121357452999308
Nepal,large_city,02_05,2013,0.06156160815180003
Nepal,large_city,02_05,2014,0.06215235570069938
Nepal,large_city,02_05,2015,0.06251121034957173
Nepal,large_city,02_05,2016,0.06246094116684842
Nepal,large_city,02_05,2017,0.0632623162668018
Nepal,large_city,02_05,2018,0.06393116504990475
Nepal,large_city,02_05,2019,0.06451086138167218
Nepal,large_city,02_05,2020,0.06405525848333589
Nepal,large_city,02_05,2025,0.06580244462024712
Nepal,large_city,02_05,2030,0.06801185467359189
Nepal,large_city,02_05,2035,0.07045448028831632
Nepal,large_city,02_05,2040,0.07308449805106995
Nepal,large_city,02_05,2045,0.07576811426972502
Nepal,large_city,02_05,2050,0.07842339663809376
Nepal,large_city,02_05,2055,0.08101206180080085
Nepal,large_city,02_05,2060,0.08352745790740092
Nepal,large_city,02_05,2065,0.0859542050061422
Nepal,large_city,02_05,2070,0.08827644233614616
Nepal,large_city,02_05,2075,0.09047403350070847
Nepal,large_city,02_05,2080,0.09250478646288966
Nepal,large_city,02_05,2085,0.09438239398856917
Nepal,large_city,02_05,2090,0.09610888969011569
Nepal,large_city,02_05,2095,0.09772557085666275
Nepal,large_city,02_05,2100,0.09922312080196838
Nepal,large_city,06_10,2011,0.0853273830804756
Nepal,large_city,06_10,2012,0.0859720435486615
Nepal,large_city,06_10,2013,0.08646084300074586
Nepal,large_city,06_10,2014,0.08729052456059914
Nepal,large_city,06_10,2015,0.08779452171706935
Nepal,large_city,06_10,2016,0.08772392063880481
Nepal,large_city,06_10,2017,0.08884942026075955
Nepal,large_city,06_10,2018,0.08978879191402285
Nepal,large_city,06_10,2019,0.09060295247664919
Nepal,large_city,06_10,2020,0.08996307623159391
Nepal,large_city,06_10,2025,0.09241693003450409
Nepal,large_city,06_10,2030,0.09551995904043051
Nepal,large_city,06_10,2035,0.09895053007527951
Nepal,large_city,06_10,2040,0.1026442859679765
Nepal,large_city,06_10,2045,0.106413318771396
Nepal,large_city,06_10,2050,0.1101425578031003
Nepal,large_city,06_10,2055,0.11377823560512298
Nepal,large_city,06_10,2060,0.11731100991669002
Nepal,large_city,06_10,2065,0.12071928020406476
Nepal,large_city,06_10,2070,0.12398077065611482
Nepal,large_city,06_10,2075,0.1270672005003536
Nepal,large_city,06_10,2080,0.12991931269020246
Nepal,large_city,06_10,2085,0.1325563381735929
Nepal,large_city,06_10,2090,0.13498113307863815
Nepal,large_city,06_10,2095,0.1372516978140235
Nepal,large_city,06_10,2100,0.13935494746253124
Nepal,large_city,11_20,2011,0.150513087141122
Nepal,large_city,11_20,2012,0.1516502348388662
Nepal,large_city,11_20,2013,0.15251245177169676
Nepal,large_city,11_20,2014,0.1539759670983042
Nepal,large_city,11_20,2015,0.15486499199502618
Nepal,large_city,11_20,2016,0.1547404553473352
Nepal,large_city,11_20,2017,0.1567257784237127
Nepal,large_city,11_20,2018,0.1583827813974494
Nepal,large_city,11_20,2019,0.1598189184883276
Nepal,large_city,11_20,2020,0.15869020991255062
Nepal,large_city,11_20,2025,0.16301868100747052
Nepal,large_city,11_20,2030,0.16849226355868904
Nepal,large_city,11_20,2035,0.17454361329509255
Nepal,large_city,11_20,2040,0.18105920749808352
Nepal,large_city,11_20,2045,0.18770758627519651
Nepal,large_city,11_20,2050,0.19428577089876103
Nepal,large_city,11_20,2055,0.20069891835597042
Nepal,large_city,11_20,2060,0.2069305493823821
Nepal,large_city,11_20,2065,0.21294256175454535
Nepal,large_city,11_20,2070,0.2186956620946362
Nepal,large_city,11_20,2075,0.2241399645838235
Nepal,large_city,11_20,2080,0.22917094285913409
Nepal,large_city,11_20,2085,0.2338225193173101
Nepal,large_city,11_20,2090,0.23809973202050777
Nepal,large_city,11_20,2095,0.2421048906875009
Nepal,large_city,11_20,2100,0.24581491420160326
Nepal,large_city,21_30,2011,0.157092054088329
Nepal,large_city,21_30,2012,0.15827890681345422
Nepal,large_city,21_30,2013,0.15917881147703403
Nepal,large_city,21_30,2014,0.16070629744661588
Nepal,large_city,21_30,2015,0.16163418185729692
Nepal,large_city,21_30,2016,0.1615042016797147
Nepal,large_city,21_30,2017,0.16357630375416543
Nepal,large_city,21_30,2018,0.16530573476723545
Nepal,large_city,21_30,2019,0.16680464579114504
Nepal,large_city,21_30,2020,0.16562660106424584
Nepal,large_city,21_30,2025,0.17014427077841085
Nepal,large_city,21_30,2030,0.1758571050742535
Nepal,large_city,21_30,2035,0.18217296091213947
Nepal,large_city,21_30,2040,0.188973353465341
Nepal,large_city,21_30,2045,0.19591233464160704
Nepal,large_city,21_30,2050,0.20277805345926112
Nepal,large_city,21_30,2055,0.2094715212922594
Nepal,large_city,21_30,2060,0.21597553856314106
Nepal,large_city,21_30,2065,0.22225033759016558
Nepal,large_city,21_30,2070,0.2282549074715458
Nepal,large_city,21_30,2075,0.23393718186608228
Nepal,large_city,21_30,2080,0.23918806553576133
Nepal,large_city,21_30,2085,0.24404296363428116
Nepal,large_city,21_30,2090,0.2485071344388307
Nepal,large_city,21_30,2095,0.25268735965311856
Nepal,large_city,21_30,2100,0.25655954927872826
Nepal,large_city,31_50,2011,0.147596045325267
Nepal,large_city,31_50,2012,0.14871115435881174
Nepal,large_city,31_50,2013,0.1495566609650177
Nepal,large_city,31_50,2014,0.15099181240987275
Nepal,large_city,31_50,2015,0.1518636074241418
Nepal,large_city,31_50,2016,0.1517414843779244
Nepal,large_city,31_50,2017,0.15368833059795822
Nepal,large_city,31_50,2018,0.1553132197731197
Nepal,large_city,31_50,2019,0.15672152359031408
Nepal,large_city,31_50,2020,0.15561469012304757
Nepal,large_city,31_50,2025,0.15985927262447416
Nepal,large_city,31_50,2030,0.16522677357516408
Nepal,large_city,31_50,2035,0.17116084420608418
Nepal,large_city,31_50,2040,0.1775501619429799
Nepal,large_city,31_50,2045,0.1840696908023293
Nepal,large_city,31_50,2050,0.19052038591661705
Nepal,large_city,31_50,2055,0.19680924239249545
Nepal,large_city,31_50,2060,0.20292010034441707
Nepal,large_city,31_50,2065,0.20881559599487762
Nepal,large_city,31_50,2070,0.21445719749734832
Nepal,large_city,31_50,2075,0.21979598585270996
Nepal,large_city,31_50,2080,0.22472946048709144
Nepal,large_city,31_50,2085,0.2292908863590568
Nepal,large_city,31_50,2090,0.23348520388983113
Nepal,large_city,31_50,2095,0.23741273996909673
Nepal,large_city,31_50,2100,0.2410508608072657
Nepal,large_city,51+,2011,0.0999074306415119
Nepal,large_city,51+,2012,0.10066224543469339
Nepal,large_city,51+,2013,0.10123456695205048
Nepal,large_city,51+,2014,0.10220601773259776
Nepal,large_city,51+,2015,0.10279613381416182
Nepal,large_city,51+,2016,0.10271346899924211
Nepal,large_city,51+,2017,0.10403128482058797
Nepal,large_city,51+,2018,0.10513116864342234
Nepal,large_city,51+,2019,0.10608444632527658
Nepal,large_city,51+,2020,0.10533523324426931
Nepal,large_city,51+,2025,0.10820838157916482
Nepal,large_city,51+,2030,0.11184163088315209
Nepal,large_city,51+,2035,0.11585838992756935
Nepal,large_city,51+,2040,0.12018330471264192
Nepal,large_city,51+,2045,0.12459635911322131
Nepal,large_city,51+,2050,0.1289628201068067
Nepal,large_city,51+,2055,0.13321973289057143
Nepal,large_city,51+,2060,0.13735615887438624
Nepal,large_city,51+,2065,0.14134680660141508
Nepal,large_city,51+,2070,0.14516559395153017
Nepal,large_city,51+,2075,0.14877940776441076
Nepal,large_city,51+,2080,0.1521188656324716
Nepal,large_city,51+,2085,0.15520648453124006
Nepal,large_city,51+,2090,0.15804560862071573
Nepal,large_city,51+,2095,0.1607041489465526
Nepal,large_city,51+,2100,0.16316678474755789
Nepal,city,No_travel,2011,0.0
Nepal,city,No_travel,2012,0.0
Nepal,city,No_travel,2013,0.0
Nepal,city,No_travel,2014,0.0
Nepal,city,No_travel,2015,0.0
Nepal,city,No_travel,2016,0.0
Nepal,city,No_travel,2017,0.0
Nepal,city,No_travel,2018,0.0
Nepal,city,No_travel,2019,0.0
Nepal,city,No_travel,2020,0.0
Nepal,city,No_travel,2025,0.0
Nepal,city,No_travel,2030,0.0
Nepal,city,No_travel,2035,0.0
Nepal,city,No_travel,2040,0.0
Nepal,city,No_travel,2045,0.0
Nepal,city,No_travel,2050,0.0
Nepal,city,No_travel,2055,0.0
Nepal,city,No_travel,2060,0.0
Nepal,city,No_travel,2065,0.0
Nepal,city,No_travel,2070,0.0
Nepal,city,No_travel,2075,0.0
Nepal,city,No_travel,2080,0.0
Nepal,city,No_travel,2085,0.0
Nepal,city,No_travel,2090,0.0
Nepal,city,No_travel,2095,0.0
Nepal,city,No_travel,2100,0.0
Nepal,city,00_01,2011,0.0203337654203297
Nepal,city,00_01,2012,0.020487389898927486
Nepal,city,00_01,2013,0.020603872240673456
Nepal,city,00_01,2014,0.0208015877875773
Nepal,city,00_01,2015,0.02092169178681179
Nepal,city,00_01,2016,0.02090486734298114
Nepal,city,00_01,2017,0.021173077200910488
Nepal,city,00_01,2018,0.021396932218495503
Nepal,city,00_01,2019,0.021590949066279456
Nepal,city,00_01,2020,0.021438464682072757
Nepal,city,00_01,2025,0.022023225233759908
Nepal,city,00_01,2030,0.022762686138584304
Nepal,city,00_01,2035,0.023580201268687467
Nepal,city,00_01,2040,0.024460434121618444
Nepal,city,00_01,2045,0.025358605682956243
Nepal,city,00_01,2050,0.02624729427188783
Nepal,city,00_01,2055,0.02711368694562664
Nepal,city,00_01,2060,0.027955557416054884
Nepal,city,00_01,2065,0.028767758212687723
Nepal,city,00_01,2070,0.029544980944458173
Nepal,city,00_01,2075,0.03028048622041239
Nepal,city,00_01,2080,0.03096015291271154
Nepal,city,00_01,2085,0.03158856381259958
Nepal,city,00_01,2090,0.0321663995437751
Nepal,city,00_01,2095,0.032707481773584665
Nepal,city,00_01,2100,0.03320869232791295
Nepal,city,02_05,2011,0.0396703669770022
Nepal,city,02_05,2012,0.03997008221993167
Nepal,city,02_05,2013,0.040197334632255804
Nepal,city,02_05,2014,0.040583069794464986
Nepal,city,02_05,2015,0.04081738791639404
Nepal,city,02_05,2016,0.04078456409615471
Nepal,city,02_05,2017,0.041307830853243827
Nepal,city,02_05,2018,0.041744563082305654
Nepal,city,02_05,2019,0.042123082229753646
Nepal,city,02_05,2020,0.04182559126560127
Nepal,city,02_05,2025,0.042966435826339175
Nepal,city,02_05,2030,0.04440909461840929
Nepal,city,02_05,2035,0.04600403409715529
Nepal,city,02_05,2040,0.04772133335674414
Nepal,city,02_05,2045,0.049473630322408646
Nepal,city,02_05,2050,0.05120742638636553
Nepal,city,02_05,2055,0.0528977240072401
Nepal,city,02_05,2060,0.054540179785528914
Nepal,city,02_05,2065,0.05612475121120418
Nepal,city,02_05,2070,0.05764108182458754
Nepal,city,02_05,2075,0.059076023342180393
Nepal,city,02_05,2080,0.0604020260056416
Nepal,city,02_05,2085,0.06162803065827629
Nepal,city,02_05,2090,0.06275536516982913
Nepal,city,02_05,2095,0.06381099506314045
Nepal,city,02_05,2100,0.06478883690462599
Nepal,city,06_10,2011,0.0505698242635587
Nepal,city,06_10,2012,0.0509518864505014
Nepal,city,06_10,2013,0.05124157660036474
Nepal,city,06_10,2014,0.05173329273136252
Nepal,city,06_10,2015,0.05203198989881219
Nepal,city,06_10,2016,0.05199014771413757
Nepal,city,06_10,2017,0.052657182328773214
Nepal,city,06_10,2018,0.05321390700154199
Nepal,city,06_10,2019,0.05369642451336469
Nepal,city,06_10,2020,0.053317197727136494
Nepal,city,06_10,2025,0.05477149001997053
Nepal,city,06_10,2030,0.056610520186481404
Nepal,city,06_10,2035,0.058643670250304994
Nepal,city,06_10,2040,0.060832798518659366
Nepal,city,06_10,2045,0.06306654013397117
Nepal,city,06_10,2050,0.06527669771365725
Nepal,city,06_10,2055,0.06743140562675248
Nepal,city,06_10,2060,0.06952512712211659
Nepal,city,06_10,2065,0.07154506050402629
Nepal,city,06_10,2070,0.07347800386925163
Nepal,city,06_10,2075,0.07530719643546162
Nepal,city,06_10,2080,0.07699751913157173
Nepal,city,06_10,2085,0.07856036930298517
Nepal,city,06_10,2090,0.07999743965246092
Nepal,city,06_10,2095,0.081343104496526
Nepal,city,06_10,2100,0.08258960897454469
Nepal,city,11_20,2011,0.0832808161760771
Nepal,city,11_20,2012,0.08391001454134676
Nepal,city,11_20,2013,0.08438709019802794
Nepal,city,11_20,2014,0.08519687194658639
Nepal,city,11_20,2015,0.08568878079256229
Nepal,city,11_20,2016,0.08561987307257236
Nepal,city,11_20,2017,0.08671837772299454
Nepal,city,11_20,2018,0.08763521866141469
Nepal,city,11_20,2019,0.08842985168197676
Nepal,city,11_20,2020,0.08780532279082785
Nepal,city,11_20,2025,0.09020032120874948
Nepal,city,11_20,2030,0.09322892444140533
Nepal,city,11_20,2035,0.0965772136472606
Nepal,city,11_20,2040,0.10018237525416085
Nepal,city,11_20,2045,0.10386100826423621
Nepal,city,11_20,2050,0.10750080195137066
Nepal,city,11_20,2055,0.11104927846353708
Nepal,city,11_20,2060,0.1144973196129498
Nepal,city,11_20,2065,0.11782384295204644
Nepal,city,11_20,2070,0.12100710695231509
Nepal,city,11_20,2075,0.12401950915215736
Nepal,city,11_20,2080,0.12680321377804904
Nepal,city,11_20,2085,0.12937699052597468
Nepal,city,11_20,2090,0.13174362702016207
Nepal,city,11_20,2095,0.13395973253654908
Nepal,city,11_20,2100,0.1360125359980659
Nepal,city,21_30,2011,0.0673025770269828
Nepal,city,21_30,2012,0.0678110575317161
Nepal,city,21_30,2013,0.06819660155740861
Nepal,city,21_30,2014,0.06885101875706923
Nepal,city,21_30,2015,0.06924855007960756
Nepal,city,21_30,2016,0.06919286297968084
Nepal,city,21_30,2017,0.07008060876849763
Nepal,city,21_30,2018,0.07082154480530413
Nepal,city,21_30,2019,0.07146371970860348
Nepal,city,21_30,2020,0.07095901279370896
Nepal,city,21_30,2025,0.07289450733978636
Nepal,city,21_30,2030,0.07534204341963259
Nepal,city,21_30,2035,0.07804793059188657
Nepal,city,21_30,2040,0.08096140668258829
Nepal,city,21_30,2045,0.08393425796914565
Nepal,city,21_30,2050,0.08687572163675389
Nepal,city,21_30,2055,0.0897433882225807
Nepal,city,21_30,2060,0.0925298889523516
Nepal,city,21_30,2065,0.0952181862522755
Nepal,city,21_30,2070,0.0977907099187384
Nepal,city,21_30,2075,0.10022515329237784
Nepal,city,21_30,2080,0.10247477695850926
Nepal,city,21_30,2085,0.10455474946335704
Nepal,city,21_30,2090,0.10646732359817525
Nepal,city,21_30,2095,0.10825824759562044
Nepal,city,21_30,2100,0.10991720063467196
Nepal,city,31_50,2011,0.128420945162782
Nepal,city,31_50,2012,0.12939118359790935
Nepal,city,31_50,2013,0.13012684529718496
Nepal,city,31_50,2014,0.1313755474869615
Nepal,city,31_50,2015,0.13213408230728071
Nepal,city,31_50,2016,0.13202782500894436
Nepal,city,31_50,2017,0.13372174459271338
Nepal,city,31_50,2018,0.1351355345299651
Nepal,city,31_50,2019,0.13636087703072042
Nepal,city,31_50,2020,0.1353978390327109
Nepal,city,31_50,2025,0.13909098199906447
Nepal,city,31_50,2030,0.1437611582475586
Nepal,city,31_50,2035,0.14892429766234488
Nepal,city,31_50,2040,0.15448354026203134
Nepal,city,31_50,2045,0.160156077465102
Nepal,city,31_50,2050,0.1657687235336885
Nepal,city,31_50,2055,0.17124055640594182
Nepal,city,31_50,2060,0.17655751562535618
Nepal,city,31_50,2065,0.18168709157006885
Nepal,city,31_50,2070,0.18659575830014574
Nepal,city,31_50,2075,0.19124095218124648
Nepal,city,31_50,2080,0.19553348911262333
Nepal,city,31_50,2085,0.1995023123997028
Nepal,city,31_50,2090,0.20315172062353315
Nepal,city,31_50,2095,0.20656900659721006
Nepal,city,31_50,2100,0.20973447702444575
Nepal,city,51+,2011,0.0842931032354429
Nepal,city,51+,2012,0.08492994957286487
Nepal,city,51+,2013,0.08541282413421307
Nepal,city,51+,2014,0.0862324488648965
Nepal,city,51+,2015,0.08673033691451176
Nepal,city,51+,2016,0.08666059161395481
Nepal,city,51+,2017,0.08777244870367014
Nepal,city,51+,2018,0.08870043393990189
Nepal,city,51+,2019,0.08950472580821059
Nepal,city,51+,2020,0.08887260570285728
Nepal,city,51+,2025,0.0912967155778585
Nepal,city,51+,2030,0.09436213180060188
Nepal,city,51+,2035,0.09775111981309391
Nepal,city,51+,2040,0.10140010253761951
Nepal,city,51+,2045,0.10512344971793525
Nepal,city,51+,2050,0.10880748547926428
Nepal,city,51+,2055,0.11239909409578155
Nepal,city,51+,2060,0.11588904654717204
Nepal,city,51+,2065,0.11925600412651106
Nepal,city,51+,2070,0.12247796103472632
Nepal,city,51+,2075,0.12552697929940226
Nepal,city,51+,2080,0.12834452014711878
Nepal,city,51+,2085,0.1309495814214846
Nepal,city,51+,2090,0.13334498463059255
Nepal,city,51+,2095,0.13558802714206958
Nepal,city,51+,2100,0.13766578264506402
Nepal,town,No_travel,2011,0.0
Nepal,town,No_travel,2012,0.0
Nepal,town,No_travel,2013,0.0
Nepal,town,No_travel,2014,0.0
Nepal,town,No_travel,2015,0.0
Nepal,town,No_travel,2016,0.0
Nepal,town,No_travel,2017,0.0
Nepal,town,No_travel,2018,0.0
Nepal,town,No_travel,2019,0.0
Nepal,town,No_travel,2020,0.0
Nepal,town,No_travel,2025,0.0
Nepal,town,No_travel,2030,0.0
Nepal,town,No_travel,2035,0.0
Nepal,town,No_travel,2040,0.0
Nepal,town,No_travel,2045,0.0
Nepal,town,No_travel,2050,0.0
Nepal,town,No_travel,2055,0.0
Nepal,town,No_travel,2060,0.0
Nepal,town,No_travel,2065,0.0
Nepal,town,No_travel,2070,0.0
Nepal,town,No_travel,2075,0.0
Nepal,town,No_travel,2080,0.0
Nepal,town,No_travel,2085,0.0
Nepal,town,No_travel,2090,0.0
Nepal,town,No_travel,2095,0.0
Nepal,town,No_travel,2100,0.0
Nepal,town,00_01,2011,0.0142978983785273
Nepal,town,00_01,2012,0.014405921026474706
Nepal,town,00_01,2013,0.01448782679506942
Nepal,town,00_01,2014,0.01462685253570572
Nepal,town,00_01,2015,0.014711304910384566
Nepal,town,00_01,2016,0.014699474627935978
Nepal,town,00_01,2017,0.01488806917565113
Nepal,town,00_01,2018,0.01504547515662866
Nepal,town,00_01,2019,0.015181900118557436
Nepal,town,00_01,2020,0.015074679139824205
Nepal,town,00_01,2025,0.015485859596122538
Nepal,town,00_01,2030,0.016005819212726674
Nepal,town,00_01,2035,0.01658066346864777
Nepal,town,00_01,2040,0.017199608342874817
Nepal,town,00_01,2045,0.017831167006261958
Nepal,town,00_01,2050,0.018456057619094385
Nepal,town,00_01,2055,0.01906527062755336
Nepal,town,00_01,2060,0.0196572405940226
Nepal,town,00_01,2065,0.020228348021159772
Nepal,town,00_01,2070,0.020774860258643578
Nepal,town,00_01,2075,0.02129203843371734
Nepal,town,00_01,2080,0.021769953128653634
Nepal,town,00_01,2085,0.022211826780720794
Nepal,town,00_01,2090,0.022618137977542682
Nepal,town,00_01,2095,0.02299860556809083
Nepal,town,00_01,2100,0.023351036975845067
Nepal,town,02_05,2011,0.0305435787015927
Nepal,town,02_05,2012,0.030774339766036347
Nepal,town,02_05,2013,0.0309493092072057
Nepal,town,02_05,2014,0.03124629996334712
Nepal,town,02_05,2015,0.0314267095371355
Nepal,town,02_05,2016,0.031401437350030495
Nepal,town,02_05,2017,0.031804318406975195
Nepal,town,02_05,2018,0.0321405735572642
Nepal,town,02_05,2019,0.03243200845568195
Nepal,town,02_05,2020,0.032202959939900175
Nepal,town,02_05,2025,0.03308133536928258
Nepal,town,02_05,2030,0.03419208794640604
Nepal,town,02_05,2035,0.03542008665691953
Nepal,town,02_05,2040,0.03674229436727034
Nepal,town,02_05,2045,0.03809144801413133
Nepal,town,02_05,2050,0.039426357181033635
Nepal,town,02_05,2055,0.04072777540189927
Nepal,town,02_05,2060,0.041992358544201254
Nepal,town,02_05,2065,0.04321237453438519
Nepal,town,02_05,2070,0.04437984957827269
Nepal,town,02_05,2075,0.045484660360592614
Nepal,town,02_05,2080,0.04650559537572439
Nepal,town,02_05,2085,0.0474495384861568
Nepal,town,02_05,2090,0.04831751206443494
Nepal,town,02_05,2095,0.049130277793191623
Nepal,town,02_05,2100,0.0498831518278694
Nepal,town,06_10,2011,0.0419722902791875
Nepal,town,06_10,2012,0.04228939687879687
Nepal,town,06_10,2013,0.042529835900251944
Nepal,town,06_10,2014,0.04293795383393577
Nepal,town,06_10,2015,0.04318586856174714
Nepal,town,06_10,2016,0.043151140097753955
Nepal,town,06_10,2017,0.04370477007134926
Nepal,town,06_10,2018,0.04416684424129798
Nepal,town,06_10,2019,0.04456732744182213
Nepal,town,06_10,2020,0.04425257418758385
Nepal,town,06_10,2025,0.04545961769929329
Nepal,town,06_10,2030,0.04698598859547613
Nepal,town,06_10,2035,0.04867347645810346
Nepal,town,06_10,2040,0.050490424182874506
Nepal,town,06_10,2045,0.05234440039995482
Nepal,town,06_10,2050,0.05417880217706715
Nepal,town,06_10,2055,0.05596718145882918
Nepal,town,06_10,2060,0.05770494281447864
Nepal,town,06_10,2065,0.05938146100462053
Nepal,town,06_10,2070,0.06098577862288306
Nepal,town,06_10,2075,0.06250398443996008
Nepal,town,06_10,2080,0.06390693008787997
Nepal,town,06_10,2085,0.06520407521370775
Nepal,town,06_10,2090,0.0663968247385123
Nepal,town,06_10,2095,0.06751370889375938
Nepal,town,06_10,2100,0.06854829124692387
Nepal,town,11_20,2011,0.0757320066192673
Nepal,town,11_20,2012,0.07630417265883502
Nepal,town,11_20,2013,0.07673800482389549
Nepal,town,11_20,2014,0.0774743856563351
Nepal,town,11_20,2015,0.0779217064883111
Nepal,town,11_20,2016,0.07785904475964406
Nepal,town,11_20,2017,0.078857977830631
Nepal,town,11_20,2018,0.07969171370409373
Nepal,town,11_20,2019,0.08041431893223967
Nepal,town,11_20,2020,0.07984639911240488
Nepal,town,11_20,2025,0.0820243080759253
Nepal,town,11_20,2030,0.08477839011539158
Nepal,town,11_20,2035,0.08782318088407155
Nepal,town,11_20,2040,0.0911015604102766
Nepal,town,11_20,2045,0.09444675168313674
Nepal,town,11_20,2050,0.09775662413952622
Nepal,town,11_20,2055,0.10098345666887526
Nepal,town,11_20,2060,0.10411895758181947
Nepal,town,11_20,2065,0.10714395540368256
Nepal,town,11_20,2070,0.11003867931980663
Nepal,town,11_20,2075,0.11277802883405745
Nepal,town,11_20,2080,0.11530941057158023
Nepal,town,11_20,2085,0.11764989288984083
Nepal,town,11_20,2090,0.11980201073489487
Nepal,town,11_20,2095,0.12181724215723322
Nepal,town,11_20,2100,0.12368397368646031
Nepal,town,21_30,2011,0.0536494958683143
Nepal,town,21_30,2012,0.05405482541055264
Nepal,town,21_30,2013,0.05436215751471785
Nepal,town,21_30,2014,0.05488381885965076
Nepal,town,21_30,2015,0.055200706503306586
Nepal,town,21_30,2016,0.05515631615498102
Nepal,town,21_30,2017,0.05586397277279737
Nepal,town,21_30,2018,0.056454601640238786
Nepal,town,21_30,2019,0.05696650417567188
Nepal,town,21_30,2020,0.056564182708330635
Nepal,town,21_30,2025,0.05810704051912878
Nepal,town,21_30,2030,0.06005806650659752
Nepal,town,21_30,2035,0.062215034175306015
Nepal,town,21_30,2040,0.06453747902653166
Nepal,town,21_30,2045,0.0669072541504668
Nepal,town,21_30,2050,0.0692520089853207
Nepal,town,21_30,2055,0.07153793730254306
Nepal,town,21_30,2060,0.0737591651662096
Nepal,town,21_30,2065,0.07590211126509741
Nepal,town,21_30,2070,0.07795276970808256
Nepal,town,21_30,2075,0.07989335899136293
Nepal,town,21_30,2080,0.08168662131374016
Nepal,town,21_30,2085,0.08334464811203497
Nepal,town,21_30,2090,0.08486923517357702
Nepal,town,21_30,2095,0.08629685018990663
Nepal,town,21_30,2100,0.08761926603408209
Nepal,town,31_50,2011,0.0837659254033078
Nepal,town,31_50,2012,0.08439878883751849
Nepal,town,31_50,2013,0.08487864345115241
Nepal,town,31_50,2014,0.08569314216354845
Nepal,town,31_50,2015,0.08618791636953278
Nepal,town,31_50,2016,0.08611860726333738
Nepal,town,31_50,2017,0.08722351068320663
Nepal,town,31_50,2018,0.08814569220328235
Nepal,town,31_50,2019,0.0889449539466192
Nepal,town,31_50,2020,0.0883167871861304
Nepal,town,31_50,2025,0.09072573642592294
Nepal,town,31_50,2030,0.09377198121687808
Nepal,town,31_50,2035,0.0971397741459649
Nepal,town,31_50,2040,0.10076593575312293
Nepal,town,31_50,2045,0.10446599673303242
Nepal,town,31_50,2050,0.10812699215165701
Nepal,town,31_50,2055,0.11169613847444373
Nepal,town,31_50,2060,0.11516426440033024
Nepal,town,31_50,2065,0.11851016467688366
Nepal,town,31_50,2070,0.12171197113158717
Nepal,town,31_50,2075,0.12474192051900963
Nepal,town,31_50,2080,0.12754184017330653
Nepal,town,31_50,2085,0.13013060912359736
Nepal,town,31_50,2090,0.13251103123196994
Nepal,town,31_50,2095,0.13474004552235652
Nepal,town,31_50,2100,0.1368048065263975
Nepal,town,51+,2011,0.068333385372376
Nepal,town,51+,2012,0.06884965378020161
Nepal,town,51+,2013,0.06924110281008203
Nepal,town,51+,2014,0.06990554308375523
Nepal,town,51+,2015,0.07030916300828963
Nepal,town,51+,2016,0.07025262300302303
Nepal,town,51+,2017,0.07115396553371989
Nepal,town,51+,2018,0.07190624976971698
Nepal,town,51+,2019,0.07255826024364029
Nepal,town,51+,2020,0.07204582322207181
Nepal,town,51+,2025,0.07401096186230863
Nepal,town,51+,2030,0.07649598448023712
Nepal,town,51+,2035,0.07924331510387238
Nepal,town,51+,2040,0.08220141408423245
Nepal,town,51+,2045,0.08521979765277908
Nepal,town,51+,2050,0.08820631286863674
Nepal,town,51+,2055,0.09111790072433246
Nepal,town,51+,2060,0.09394707958521772
Nepal,town,51+,2065,0.09667655092949581
Nepal,town,51+,2070,0.09928847544777226
Nepal,town,51+,2075,0.10176020483120193
Nepal,town,51+,2080,0.10404428380278342
Nepal,town,51+,2085,0.10615611323066293
Nepal,town,51+,2090,0.10809798040991485
Nepal,town,51+,2095,0.10991633425453796
Nepal,town,51+,2100,0.11160069586949861
Nepal,rural,No_travel,2011,0.0
Nepal,rural,No_travel,2012,0.0
Nepal,rural,No_travel,2013,0.0
Nepal,rural,No_travel,2014,0.0
Nepal,rural,No_travel,2015,0.0
Nepal,rural,No_travel,2016,0.0
Nepal,rural,No_travel,2017,0.0
Nepal,rural,No_travel,2018,0.0
Nepal,rural,No_travel,2019,0.0
Nepal,rural,No_travel,2020,0.0
Nepal,rural,No_travel,2025,0.0
Nepal,rural,No_travel,2030,0.0
Nepal,rural,No_travel,2035,0.0
Nepal,rural,No_travel,2040,0.0
Nepal,rural,No_travel,2045,0.0
Nepal,rural,No_travel,2050,0.0
Nepal,rural,No_travel,2055,0.0
Nepal,rural,No_travel,2060,0.0
Nepal,rural,No_travel,2065,0.0
Nepal,rural,No_travel,2070,0.0
Nepal,rural,No_travel,2075,0.0
Nepal,rural,No_travel,2080,0.0
Nepal,rural,No_travel,2085,0.0
Nepal,rural,No_travel,2090,0.0
Nepal,rural,No_travel,2095,0.0
Nepal,rural,No_travel,2100,0.0
Nepal,rural,00_01,2011,0.00800533451099545
Nepal,rural,00_01,2012,0.008065815947405797
Nepal,rural,00_01,2013,0.00811167465045586
Nepal,rural,00_01,2014,0.008189514590981939
Nepal,rural,00_01,2015,0.008236799128307186
Nepal,rural,00_01,2016,0.00823017540180884
Nepal,rural,00_01,2017,0.00833576871359773
Nepal,rural,00_01,2018,0.00842389967511365
Nepal,rural,00_01,2019,0.008500283450335457
Nepal,rural,00_01,2020,0.008440250865221766
Nepal,rural,00_01,2025,0.008670469111981395
Nepal,rural,00_01,2030,0.008961592363310154
Nepal,rural,00_01,2035,0.009283445298513812
Nepal,rural,00_01,2040,0.009629989988570833
Nepal,rural,00_01,2045,0.009983597087312291
Nepal,rural,00_01,2050,0.010333470771966342
Nepal,rural,00_01,2055,0.010674566630396015
Nepal,rural,00_01,2060,0.011006008180516834
Nepal,rural,00_01,2065,0.011325768880649737
Nepal,rural,00_01,2070,0.011631758835228021
Nepal,rural,00_01,2075,0.011921324768880855
Nepal,rural,00_01,2080,0.012188907241451167
Nepal,rural,00_01,2085,0.01243631048231524
Nepal,rural,00_01,2090,0.012663802450715786
Nepal,rural,00_01,2095,0.012876824690229289
Nepal,rural,00_01,2100,0.013074149586277704
Nepal,rural,02_05,2011,0.018205337195522
Nepal,rural,02_05,2012,0.018342881097329917
Nepal,rural,02_05,2013,0.018447170699623112
Nepal,rural,02_05,2014,0.018624190455963117
Nepal,rural,02_05,2015,0.018731722620291543
Nepal,rural,02_05,2016,0.018716659267944722
Nepal,rural,02_05,2017,0.018956794373363263
Nepal,rural,02_05,2018,0.019157217462437075
Nepal,rural,02_05,2019,0.01933092567941039
Nepal,rural,02_05,2020,0.019194402533099328
Nepal,rural,02_05,2025,0.01971795352338765
Nepal,rural,02_05,2030,0.020380011673314692
Nepal,rural,02_05,2035,0.021111953755772718
Nepal,rural,02_05,2040,0.021900048610165156
Nepal,rural,02_05,2045,0.02270420444631122
Nepal,rural,02_05,2050,0.023499869936144033
Nepal,rural,02_05,2055,0.024275573326199628
Nepal,rural,02_05,2060,0.02502932136411962
Nepal,rural,02_05,2065,0.025756505388697233
Nepal,rural,02_05,2070,0.026452372662436854
Nepal,rural,02_05,2075,0.02711088923725897
Nepal,rural,02_05,2080,0.027719412108359865
Nepal,rural,02_05,2085,0.028282044365264186
Nepal,rural,02_05,2090,0.02879939538767511
Nepal,rural,02_05,2095,0.02928384006580341
Nepal,rural,02_05,2100,0.029732586619079675
Nepal,rural,06_10,2011,0.0247885032228387
Nepal,rural,06_10,2012,0.02497578387667278
Nepal,rural,06_10,2013,0.02511778526422134
Nepal,rural,06_10,2014,0.025358816493328135
Nepal,rural,06_10,2015,0.02550523297402203
Nepal,rural,06_10,2016,0.02548472261740596
Nepal,rural,06_10,2017,0.025811692108311544
Nepal,rural,06_10,2018,0.02608458946451429
Nepal,rural,06_10,2019,0.02632111168050135
Nepal,rural,06_10,2020,0.026135220893861253
Nepal,rural,06_10,2025,0.026848091260979454
Nepal,rural,06_10,2030,0.02774955385993697
Nepal,rural,06_10,2035,0.028746170867086106
Nepal,rural,06_10,2040,0.029819245846593477
Nepal,rural,06_10,2045,0.030914189561279212
Nepal,rural,06_10,2050,0.031997572766280964
Nepal,rural,06_10,2055,0.03305377544892557
Nepal,rural,06_10,2060,0.034080083584090676
Nepal,rural,06_10,2065,0.03507022198928719
Nepal,rural,06_10,2070,0.03601771930683237
Nepal,rural,06_10,2075,0.036914359674542006
Nepal,rural,06_10,2080,0.03774292829644954
Nepal,rural,06_10,2085,0.038509011965417575
Nepal,rural,06_10,2090,0.039213440416736044
Nepal,rural,06_10,2095,0.03987306337983196
Nepal,rural,06_10,2100,0.04048407954847851
Nepal,rural,11_20,2011,0.0423833067134091
Nepal,rural,11_20,2012,0.042703518600410995
Nepal,rural,11_20,2013,0.04294631213691848
Nepal,rural,11_20,2014,0.04335842659251542
Nepal,rural,11_20,2015,0.043608769041729126
Nepal,rural,11_20,2016,0.0435737004969507
Nepal,rural,11_20,2017,0.04413275192875359
Nepal,rural,11_20,2018,0.044599350990634945
Nepal,rural,11_20,2019,0.04500375594944177
Nepal,rural,11_20,2020,0.04468592045310146
Nepal,rural,11_20,2025,0.04590478401839467
Nepal,rural,11_20,2030,0.04744610200273676
Nepal,rural,11_20,2035,0.04915011470209508
Nepal,rural,11_20,2040,0.05098485500787696
Nepal,rural,11_20,2045,0.05285698640993305
Nepal,rural,11_20,2050,0.054709351688020505
Nepal,rural,11_20,2055,0.056515243792421864
Nepal,rural,11_20,2060,0.058270022291314554
Nepal,rural,11_20,2065,0.059962957896942615
Nepal,rural,11_20,2070,0.06158298590180619
Nepal,rural,11_20,2075,0.06311605884996419
Nepal,rural,11_20,2080,0.06453274293611984
Nepal,rural,11_20,2085,0.065842590441559
Nepal,rural,11_20,2090,0.06704702004513324
Nepal,rural,11_20,2095,0.06817484136249072
Nepal,rural,11_20,2100,0.06921955493191427
Nepal,rural,21_30,2011,0.0366772116814261
Nepal,rural,21_30,2012,0.036954313212033234
Nepal,rural,21_30,2013,0.037164419280292176
Nepal,rural,21_30,2014,0.037521050470659456
Nepal,rural,21_30,2015,0.03773768913608366
Nepal,rural,21_30,2016,0.03770734189468282
Nepal,rural,21_30,2017,0.03819112783058649
Nepal,rural,21_30,2018,0.0385949083255511
Nepal,rural,21_30,2019,0.0389448679542198
Nepal,rural,21_30,2020,0.03866982287909223
Nepal,rural,21_30,2025,0.03972458996692998
Nepal,rural,21_30,2030,0.04105839920372128
Nepal,rural,21_30,2035,0.042532999449162494
Nepal,rural,21_30,2040,0.0441207273494567
Nepal,rural,21_30,2045,0.04574081235587109
Nepal,rural,21_30,2050,0.04734379236578718
Nepal,rural,21_30,2055,0.04890655591877795
Nepal,rural,21_30,2060,0.05042508732769088
Nepal,rural,21_30,2065,0.05189010179648879
Nepal,rural,21_30,2070,0.05329202426719165
Nepal,rural,21_30,2075,0.054618698502943756
Nepal,rural,21_30,2080,0.05584465339280136
Nepal,rural,21_30,2085,0.056978155187558235
Nepal,rural,21_30,2090,0.058020431568312936
Nepal,rural,21_30,2095,0.05899641349146141
Nepal,rural,21_30,2100,0.05990047652248686
Nepal,rural,31_50,2011,0.0541066561101835
Nepal,rural,31_50,2012,0.05451543956281871
Nepal,rural,31_50,2013,0.05482539051767022
Nepal,rural,31_50,2014,0.05535149706423575
Nepal,rural,31_50,2015,0.05567108498362529
Nepal,rural,31_50,2016,0.05562631637447828
Nepal,rural,31_50,2017,0.05634000310432691
Nepal,rural,31_50,2018,0.05693566486222749
Nepal,rural,31_50,2019,0.05745192944213321
Nepal,rural,31_50,2020,0.05704617969692389
Nepal,rural,31_50,2025,0.05860218456975008
Nepal,rural,31_50,2030,0.060569835718329634
Nepal,rural,31_50,2035,0.06274518342668568
Nepal,rural,31_50,2040,0.06508741838838171
Nepal,rural,31_50,2045,0.06747738693541057
Nepal,rural,31_50,2050,0.06984212198946461
Nepal,rural,31_50,2055,0.07214752925099917
Nepal,rural,31_50,2060,0.07438768473087097
Nepal,rural,31_50,2065,0.07654889138824164
Nepal,rural,31_50,2070,0.07861702398442458
Nepal,rural,31_50,2075,0.08057414949515228
Nepal,rural,31_50,2080,0.0823826926365524
Nepal,rural,31_50,2085,0.08405484787948338
Nepal,rural,31_50,2090,0.0855924263136101
Nepal,rural,31_50,2095,0.08703220638043269
Nepal,rural,31_50,2100,0.08836589084768448
Nepal,rural,51+,2011,0.0357459136063553
Nepal,rural,51+,2012,0.03601597904806083
Nepal,rural,51+,2013,0.03622075015850919
Nepal,rural,51+,2014,0.03656832586385258
Nepal,rural,51+,2015,0.0367794636974838
Nepal,rural,51+,2016,0.03674988702522397
Nepal,rural,51+,2017,0.037221388796377965
Nepal,rural,51+,2018,0.03761491660362525
Nepal,rural,51+,2019,0.037955990149803207
Nepal,rural,51+,2020,0.03768792894660268
Nepal,rural,51+,2025,0.03871591366703792
Nepal,rural,51+,2030,0.04001585517185645
Nepal,rural,51+,2035,0.041453012757206524
Nepal,rural,51+,2040,0.04300042548986684
Nepal,rural,51+,2045,0.04457937372555205
Nepal,rural,51+,2050,0.046141651290293774
Nepal,rural,51+,2055,0.04766473356376601
Nepal,rural,51+,2060,0.04914470682408415
Nepal,rural,51+,2065,0.0505725220323005
Nepal,rural,51+,2070,0.05193884725777915
Nepal,rural,51+,2075,0.053231834931620994
Nepal,rural,51+,2080,0.0544266606986062
Nepal,rural,51+,2085,0.055531380915070934
Nepal,rural,51+,2090,0.05654719208915945
Nepal,rural,51+,2095,0.05749839213700543
Nepal,rural,51+,2100,0.058379499438248314
Pakistan,large_city,No_travel,2011,0.0
Pakistan,large_city,No_travel,2012,0.0
Pakistan,large_city,No_travel,2013,0.0
Pakistan,large_city,No_travel,2014,0.0
Pakistan,large_city,No_travel,2015,0.0
Pakistan,large_city,No_travel,2016,0.0
Pakistan,large_city,No_travel,2017,0.0
Pakistan,large_city,No_travel,2018,0.0
Pakistan,large_city,No_travel,2019,0.0
Pakistan,large_city,No_travel,2020,0.0
Pakistan,large_city,No_travel,2025,0.0
Pakistan,large_city,No_travel,2030,0.0
Pakistan,large_city,No_travel,2035,0.0
Pakistan,large_city,No_travel,2040,0.0
Pakistan,large_city,No_travel,2045,0.0
Pakistan,large_city,No_travel,2050,0.0
Pakistan,large_city,No_travel,2055,0.0
Pakistan,large_city,No_travel,2060,0.0
Pakistan,large_city,No_travel,2065,0.0
Pakistan,large_city,No_travel,2070,0.0
Pakistan,large_city,No_travel,2075,0.0
Pakistan,large_city,No_travel,2080,0.0
Pakistan,large_city,No_travel,2085,0.0
Pakistan,large_city,No_travel,2090,0.0
Pakistan,large_city,No_travel,2095,0.0
Pakistan,large_city,No_travel,2100,0.0
Pakistan,large_city,00_01,2011,0.0263657402468568
Pakistan,large_city,00_01,2012,0.02643676928344177
Pakistan,large_city,00_01,2013,0.02655646767339518
Pakistan,large_city,00_01,2014,0.026693690167843773
Pakistan,large_city,00_01,2015,0.02683850550406242
Pakistan,large_city,00_01,2016,0.027021195066915832
Pakistan,large_city,00_01,2017,0.02715316380917942
Pakistan,large_city,00_01,2018,0.027348522965948315
Pakistan,large_city,00_01,2019,0.027386512169118266
Pakistan,large_city,00_01,2020,0.02725330152612304
Pakistan,large_city,00_01,2025,0.02790942064330661
Pakistan,large_city,00_01,2030,0.028580096897857815
Pakistan,large_city,00_01,2035,0.029264798977742607
Pakistan,large_city,00_01,2040,0.030004738136128167
Pakistan,large_city,00_01,2045,0.030791606778450567
Pakistan,large_city,00_01,2050,0.031601922367160716
Pakistan,large_city,00_01,2055,0.03242110677609011
Pakistan,large_city,00_01,2060,0.03323294046675415
Pakistan,large_city,00_01,2065,0.03404215493746079
Pakistan,large_city,00_01,2070,0.03484007928834132
Pakistan,large_city,00_01,2075,0.035623938386163546
Pakistan,large_city,00_01,2080,0.036378701246944395
Pakistan,large_city,00_01,2085,0.03709565446186717
Pakistan,large_city,00_01,2090,0.03776751616712547
Pakistan,large_city,00_01,2095,0.03839648168014684
Pakistan,large_city,00_01,2100,0.03898779272222055
Pakistan,large_city,02_05,2011,0.0607545651824544
Pakistan,large_city,02_05,2012,0.060918237364333036
Pakistan,large_city,02_05,2013,0.061194058318593036
Pakistan,large_city,02_05,2014,0.06151026006014929
Pakistan,large_city,02_05,2015,0.06184395798409678
Pakistan,large_city,02_05,2016,0.062264929474015594
Pakistan,large_city,02_05,2017,0.06256902499641821
Pakistan,large_city,02_05,2018,0.06301919102675829
Pakistan,large_city,02_05,2019,0.06310672953311573
Pakistan,large_city,02_05,2020,0.06279977229933147
Pakistan,large_city,02_05,2025,0.06431166733050304
Pakistan,large_city,02_05,2030,0.0658571063677519
Pakistan,large_city,02_05,2035,0.06743486510896084
Pakistan,large_city,02_05,2040,0.06913990662906552
Pakistan,large_city,02_05,2045,0.07095308774108473
Pakistan,large_city,02_05,2050,0.07282029764271147
Pakistan,large_city,02_05,2055,0.07470794396338264
Pakistan,large_city,02_05,2060,0.07657865202676202
Pakistan,large_city,02_05,2065,0.07844332462259376
Pakistan,large_city,02_05,2070,0.08028198139962159
Pakistan,large_city,02_05,2075,0.08208822761939834
Pakistan,large_city,02_05,2080,0.0838274273912717
Pakistan,large_city,02_05,2085,0.0854795024106328
Pakistan,large_city,02_05,2090,0.08702767308149333
Pakistan,large_city,02_05,2095,0.08847699807296319
Pakistan,large_city,02_05,2100,0.08983955588140762
Pakistan,large_city,06_10,2011,0.0853273830804756
Pakistan,large_city,06_10,2012,0.0855572541843315
Pakistan,large_city,06_10,2013,0.08594463380189746
Pakistan,large_city,06_10,2014,0.08638872663757914
Pakistan,large_city,06_10,2015,0.08685739216920325
Pakistan,large_city,06_10,2016,0.0874486299713073
Pakistan,large_city,06_10,2017,0.08787572010116308
Pakistan,large_city,06_10,2018,0.08850796048022415
Pakistan,large_city,06_10,2019,0.08863090484899416
Pakistan,large_city,06_10,2020,0.08819979555872477
Pakistan,large_city,06_10,2025,0.09032319231277645
Pakistan,large_city,06_10,2030,0.092493700296215
Pakistan,large_city,06_10,2035,0.09470960002515558
Pakistan,large_city,06_10,2040,0.0971042633811877
Pakistan,large_city,06_10,2045,0.09965080451558507
Pakistan,large_city,06_10,2050,0.10227322694736925
Pakistan,large_city,06_10,2055,0.10492435152114653
Pakistan,large_city,06_10,2060,0.1075516869827096
Pakistan,large_city,06_10,2065,0.11017054586889169
Pakistan,large_city,06_10,2070,0.1127528665668641
Pakistan,large_city,06_10,2075,0.11528966791948181
Pakistan,large_city,06_10,2080,0.1177323051886721
Pakistan,large_city,06_10,2085,0.12005257918999802
Pakistan,large_city,06_10,2090,0.12222692364476868
Pakistan,large_city,06_10,2095,0.12426244325360576
Pakistan,large_city,06_10,2100,0.12617610178677566
Pakistan,large_city,11_20,2011,0.150513087141122
Pakistan,large_city,11_20,2012,0.15091856787001362
Pakistan,large_city,11_20,2013,0.1516018854643246
Pakistan,large_city,11_20,2014,0.15238524223987066
Pakistan,large_city,11_20,2015,0.153211943979157
Pakistan,large_city,11_20,2016,0.15425485685913226
Pakistan,large_city,11_20,2017,0.15500822174167492
Pakistan,large_city,11_20,2018,0.15612346104507657
Pakistan,large_city,11_20,2019,0.15634032854788912
Pakistan,large_city,11_20,2020,0.15557987407441173
Pakistan,large_city,11_20,2025,0.15932543603986343
Pakistan,large_city,11_20,2030,0.16315409977543907
Pakistan,large_city,11_20,2035,0.16706283220056764
Pakistan,large_city,11_20,2040,0.17128689441093897
Pakistan,large_city,11_20,2045,0.17577886116103267
Pakistan,large_city,11_20,2050,0.1804046785920407
Pakistan,large_city,11_20,2055,0.185081125115879
Pakistan,large_city,11_20,2060,0.18971560887711472
Pakistan,large_city,11_20,2065,0.1943351403981326
Pakistan,large_city,11_20,2070,0.19889022044639418
Pakistan,large_city,11_20,2075,0.20336500672556734
Pakistan,large_city,11_20,2080,0.207673692435582
Pakistan,large_city,11_20,2085,0.2117665356747034
Pakistan,large_city,11_20,2090,0.21560196674713009
Pakistan,large_city,11_20,2095,0.21919251797701378
Pakistan,large_city,11_20,2100,0.22256811257704623
Pakistan,large_city,21_30,2011,0.157092054088329
Pakistan,large_city,21_30,2012,0.15751525848739295
Pakistan,large_city,21_30,2013,0.15822844407493164
Pakistan,large_city,21_30,2014,0.15904604158284244
Pakistan,large_city,21_30,2015,0.15990887867435144
Pakistan,large_city,21_30,2016,0.16099737755283686
Pakistan,large_city,21_30,2017,0.16178367221414877
Pakistan,large_city,21_30,2018,0.16294765892320576
Pakistan,large_city,21_30,2019,0.16317400576206825
Pakistan,large_city,21_30,2020,0.16238031162192207
Pakistan,large_city,21_30,2025,0.16628959309401256
Pakistan,large_city,21_30,2030,0.17028560873663334
Pakistan,large_city,21_30,2035,0.1743651928924575
Pakistan,large_city,21_30,2040,0.17877388998204652
Pakistan,large_city,21_30,2045,0.18346220178982353
Pakistan,large_city,21_30,2050,0.1882902149272679
Pakistan,large_city,21_30,2055,0.1931710701686144
Pakistan,large_city,21_30,2060,0.19800812844387858
Pakistan,large_city,21_30,2065,0.20282958091254047
Pakistan,large_city,21_30,2070,0.20758376471748263
Pakistan,large_city,21_30,2075,0.21225414509139984
Pakistan,large_city,21_30,2080,0.21675116459623933
Pakistan,large_city,21_30,2085,0.2210229070985526
Pakistan,large_city,21_30,2090,0.22502598588011255
Pakistan,large_city,21_30,2095,0.22877348105628253
Pakistan,large_city,21_30,2100,0.2322966237913151
Pakistan,large_city,31_50,2011,0.147596045325267
Pakistan,large_city,31_50,2012,0.14799366757311777
Pakistan,large_city,31_50,2013,0.14866374202668944
Pakistan,large_city,31_50,2014,0.14943191683690343
Pakistan,large_city,31_50,2015,0.15024259655718433
Pakistan,large_city,31_50,2016,0.15126529710520253
Pakistan,large_city,31_50,2017,0.1520040612848647
Pakistan,large_city,31_50,2018,0.15309768652304118
Pakistan,large_city,31_50,2019,0.15331035099217594
Pakistan,large_city,31_50,2020,0.15256463462247624
Pakistan,large_city,31_50,2025,0.15623760515362395
Pakistan,large_city,31_50,2030,0.1599920668883792
Pakistan,large_city,31_50,2035,0.16382504552925115
Pakistan,large_city,31_50,2040,0.16796724265842278
Pakistan,large_city,31_50,2045,0.17237215216256968
Pakistan,large_city,31_50,2050,0.17690831823411746
Pakistan,large_city,31_50,2055,0.18149413217364863
Pakistan,large_city,31_50,2060,0.1860387966162908
Pakistan,large_city,31_50,2065,0.19056879860288464
Pakistan,large_city,31_50,2070,0.19503559822830904
Pakistan,large_city,31_50,2075,0.19942366023026953
Pakistan,large_city,31_50,2080,0.20364884080045734
Pakistan,large_city,31_50,2085,0.20766236206764244
Pakistan,large_city,31_50,2090,0.21142345998384593
Pakistan,large_city,31_50,2095,0.214944423988602
Pakistan,large_city,31_50,2100,0.2182545973632201
Pakistan,large_city,51+,2011,0.0999074306415119
Pakistan,large_city,51+,2012,0.10017658024549436
Pakistan,large_city,51+,2013,0.10063015213386935
Pakistan,large_city,51+,2014,0.10115012793269838
Pakistan,large_city,51+,2015,0.10169887520941542
Pakistan,large_city,51+,2016,0.10239113890688098
Pakistan,large_city,51+,2017,0.10289120671613275
Pakistan,large_city,51+,2018,0.10363147917661865
Pakistan,large_city,51+,2019,0.1037754312767794
Pakistan,large_city,51+,2020,0.10327065754575007
Pakistan,large_city,51+,2025,0.10575688302543869
Pakistan,large_city,51+,2030,0.10829826971730189
Pakistan,large_city,51+,2035,0.11089280432606727
Pakistan,large_city,51+,2040,0.11369664823309192
Pakistan,large_city,51+,2045,0.11667832155501498
Pakistan,large_city,51+,2050,0.11974884215177488
Pakistan,large_city,51+,2055,0.12285296927854794
Pakistan,large_city,51+,2060,0.12592924240356024
Pakistan,large_city,51+,2065,0.12899559054509857
Pakistan,large_city,51+,2070,0.1320191571507156
Pakistan,large_city,51+,2075,0.13498942643635528
Pakistan,large_city,51+,2080,0.13784944164769536
Pakistan,large_city,51+,2085,0.14056618515356545
Pakistan,large_city,51+,2090,0.14311206386170391
Pakistan,large_city,51+,2095,0.1454953964660512
Pakistan,large_city,51+,2100,0.14773604536763407
Pakistan,city,No_travel,2011,0.0
Pakistan,city,No_travel,2012,0.0
Pakistan,city,No_travel,2013,0.0
Pakistan,city,No_travel,2014,0.0
Pakistan,city,No_travel,2015,0.0
Pakistan,city,No_travel,2016,0.0
Pakistan,city,No_travel,2017,0.0
Pakistan,city,No_travel,2018,0.0
Pakistan,city,No_travel,2019,0.0
Pakistan,city,No_travel,2020,0.0
Pakistan,city,No_travel,2025,0.0
Pakistan,city,No_travel,2030,0.0
Pakistan,city,No_travel,2035,0.0
Pakistan,city,No_travel,2040,0.0
Pakistan,city,No_travel,2045,0.0
Pakistan,city,No_travel,2050,0.0
Pakistan,city,No_travel,2055,0.0
Pakistan,city,No_travel,2060,0.0
Pakistan,city,No_travel,2065,0.0
Pakistan,city,No_travel,2070,0.0
Pakistan,city,No_travel,2075,0.0
Pakistan,city,No_travel,2080,0.0
Pakistan,city,No_travel,2085,0.0
Pakistan,city,No_travel,2090,0.0
Pakistan,city,No_travel,2095,0.0
Pakistan,city,No_travel,2100,0.0
Pakistan,city,00_01,2011,0.0203337654203297
Pakistan,city,00_01,2012,0.020388544377962906
Pakistan,city,00_01,2013,0.020480858075955663
Pakistan,city,00_01,2014,0.020586686700010428
Pakistan,city,00_01,2015,0.0206983710695129
Pakistan,city,00_01,2016,0.02083926477024056
Pakistan,city,00_01,2017,0.020941041599674495
Pakistan,city,00_01,2018,0.021091706334639623
Pakistan,city,00_01,2019,0.02112100433797769
Pakistan,city,00_01,2020,0.021018269730839964
Pakistan,city,00_01,2025,0.02152428139945583
Pakistan,city,00_01,2030,0.02204151981208319
Pakistan,city,00_01,2035,0.02256957521067375
Pakistan,city,00_01,2040,0.023140230505425883
Pakistan,city,00_01,2045,0.023747078719805314
Pakistan,city,00_01,2050,0.024372009669704695
Pakistan,city,00_01,2055,0.025003780424146055
Pakistan,city,00_01,2060,0.025629882163438245
Pakistan,city,00_01,2065,0.0262539639099785
Pakistan,city,00_01,2070,0.02686933849920164
Pakistan,city,00_01,2075,0.02747386569504279
Pakistan,city,00_01,2080,0.02805595331387702
Pakistan,city,00_01,2085,0.028608881407421783
Pakistan,city,00_01,2090,0.029127034062409483
Pakistan,city,00_01,2095,0.029612104349816967
Pakistan,city,00_01,2100,0.030068134785807128
Pakistan,city,02_05,2011,0.0396703669770022
Pakistan,city,02_05,2012,0.03977723854294219
Pakistan,city,02_05,2013,0.03995733889330402
Pakistan,city,02_05,2014,0.040163806326469466
Pakistan,city,02_05,2015,0.04038169808592335
Pakistan,city,02_05,2016,0.04065657608795961
Pakistan,city,02_05,2017,0.04085513863109602
Pakistan,city,02_05,2018,0.04114907953200677
Pakistan,city,02_05,2019,0.0412062387703519
Pakistan,city,02_05,2020,0.041005807641038436
Pakistan,city,02_05,2025,0.04199301626539715
Pakistan,city,02_05,2030,0.043002127820456926
Pakistan,city,02_05,2035,0.04403234288457539
Pakistan,city,02_05,2040,0.04514566865047376
Pakistan,city,02_05,2045,0.04632960536195473
Pakistan,city,02_05,2050,0.04754882077067626
Pakistan,city,02_05,2055,0.04878138036581001
Pakistan,city,02_05,2060,0.050002879938035226
Pakistan,city,02_05,2065,0.0512204385848045
Pakistan,city,02_05,2070,0.05242100991422471
Pakistan,city,02_05,2075,0.053600418410922494
Pakistan,city,02_05,2080,0.054736048186056825
Pakistan,city,02_05,2085,0.055814788888006915
Pakistan,city,02_05,2090,0.05682568409352153
Pakistan,city,02_05,2095,0.05777203691668608
Pakistan,city,02_05,2100,0.05866173414562749
Pakistan,city,06_10,2011,0.0505698242635587
Pakistan,city,06_10,2012,0.05070605885678769
Pakistan,city,06_10,2013,0.05093564188718626
Pakistan,city,06_10,2014,0.051198836372313594
Pakistan,city,06_10,2015,0.05147659402427704
Pakistan,city,06_10,2016,0.05182699492339023
Pakistan,city,06_10,2017,0.05208011264517876
Pakistan,city,06_10,2018,0.05245481398614558
Pakistan,city,06_10,2019,0.05252767775974837
Pakistan,city,06_10,2020,0.05227217805660209
Pakistan,city,06_10,2025,0.0535306228467456
Pakistan,city,06_10,2030,0.05481698841102896
Pakistan,city,06_10,2035,0.056130255686230715
Pakistan,city,06_10,2040,0.0575494683787226
Pakistan,city,06_10,2045,0.05905869241674264
Pakistan,city,06_10,2050,0.06061288799537729
Pakistan,city,06_10,2055,0.062184094083700375
Pakistan,city,06_10,2060,0.06374120140114091
Pakistan,city,06_10,2065,0.06529328502147627
Pakistan,city,06_10,2070,0.06682371404876114
Pakistan,city,06_10,2075,0.06832716574225142
Pakistan,city,06_10,2080,0.06977481048398776
Pakistan,city,06_10,2085,0.0711499358453233
Pakistan,city,06_10,2090,0.07243857511910123
Pakistan,city,06_10,2095,0.0736449389519969
Pakistan,city,06_10,2100,0.07477908103193846
Pakistan,city,11_20,2011,0.0832808161760771
Pakistan,city,11_20,2012,0.08350517384946736
Pakistan,city,11_20,2013,0.08388326221402487
Pakistan,city,11_20,2014,0.08431670353705992
Pakistan,city,11_20,2015,0.0847741281829141
Pakistan,city,11_20,2016,0.08535118521824983
Pakistan,city,11_20,2017,0.08576803164329008
Pakistan,city,11_20,2018,0.08638510781376185
Pakistan,city,11_20,2019,0.08650510337680124
Pakistan,city,11_20,2020,0.08608433419042104
Pakistan,city,11_20,2025,0.08815680153160592
Pakistan,city,11_20,2030,0.09027525014507118
Pakistan,city,11_20,2035,0.09243800178854383
Pakistan,city,11_20,2040,0.09477522943525614
Pakistan,city,11_20,2045,0.09726069209029324
Pakistan,city,11_20,2050,0.09982021603902913
Pakistan,city,11_20,2055,0.10240775371237361
Pakistan,city,11_20,2060,0.10497207285246674
Pakistan,city,11_20,2065,0.10752811872680836
Pakistan,city,11_20,2070,0.11004850277694019
Pakistan,city,11_20,2075,0.11252445925767891
Pakistan,city,11_20,2080,0.11490851016907759
Pakistan,city,11_20,2085,0.11717313268070798
Pakistan,city,11_20,2090,0.1192953257482071
Pakistan,city,11_20,2095,0.12128202366681644
Pakistan,city,11_20,2100,0.12314978333283588
Pakistan,city,21_30,2011,0.0673025770269828
Pakistan,city,21_30,2012,0.06748388948630137
Pakistan,city,21_30,2013,0.06778943790005415
Pakistan,city,21_30,2014,0.0681397192657959
Pakistan,city,21_30,2015,0.06850938251929418
Pakistan,city,21_30,2016,0.06897572551823325
Pakistan,city,21_30,2017,0.06931259587947441
Pakistan,city,21_30,2018,0.06981127995104841
Pakistan,city,21_30,2019,0.0699082531916478
Pakistan,city,21_30,2020,0.06956821268919808
Pakistan,city,21_30,2025,0.07124305690027186
Pakistan,city,21_30,2030,0.07295506042679838
Pakistan,city,21_30,2035,0.07470286701369953
Pakistan,city,21_30,2040,0.07659167467607729
Pakistan,city,21_30,2045,0.07860027701055317
Pakistan,city,21_30,2050,0.08066873125514169
Pakistan,city,21_30,2055,0.08275982451727175
Pakistan,city,21_30,2060,0.0848321539488541
Pakistan,city,21_30,2065,0.08689779742163979
Pakistan,city,21_30,2070,0.08893462113999695
Pakistan,city,21_30,2075,0.09093554115269302
Pakistan,city,21_30,2080,0.09286218857845095
Pakistan,city,21_30,2085,0.09469232111105964
Pakistan,city,21_30,2090,0.0964073506814893
Pakistan,city,21_30,2095,0.0980128811726153
Pakistan,city,21_30,2100,0.09952229287824019
Pakistan,city,31_50,2011,0.128420945162782
Pakistan,city,31_50,2012,0.1287669098854425
Pakistan,city,31_50,2013,0.12934993089029037
Pakistan,city,31_50,2014,0.13001830743764653
Pakistan,city,31_50,2015,0.13072366682362022
Pakistan,city,31_50,2016,0.13161350212175138
Pakistan,city,31_50,2017,0.132256288952493
Pakistan,city,31_50,2018,0.13320783468280703
Pakistan,city,31_50,2019,0.1333928706169924
Pakistan,city,31_50,2020,0.13274403479751534
Pakistan,city,31_50,2025,0.13593982738210356
Pakistan,city,31_50,2030,0.13920652415227933
Pakistan,city,31_50,2035,0.14254153721963328
Pakistan,city,31_50,2040,0.14614559632031243
Pakistan,city,31_50,2045,0.14997823723309867
Pakistan,city,31_50,2050,0.15392508237410316
Pakistan,city,31_50,2055,0.1579151253265239
Pakistan,city,31_50,2060,0.16186936476353328
Pakistan,city,31_50,2065,0.16581084663336
Pakistan,city,31_50,2070,0.16969733714525423
Pakistan,city,31_50,2075,0.17351531931735642
Pakistan,city,31_50,2080,0.17719158097539187
Pakistan,city,31_50,2085,0.18068368127812673
Pakistan,city,31_50,2090,0.18395615208304697
Pakistan,city,31_50,2095,0.18701968623383297
Pakistan,city,31_50,2100,0.18989981484760657
Pakistan,city,51+,2011,0.0842931032354429
Pakistan,city,51+,2012,0.0845201879998953
Pakistan,city,51+,2013,0.08490287206819723
Pakistan,city,51+,2014,0.08534158191599524
Pakistan,city,51+,2015,0.08580456660641783
Pakistan,city,51+,2016,0.08638863783056928
Pakistan,city,51+,2017,0.08681055106764604
Pakistan,city,51+,2018,0.08743512786372036
Pakistan,city,51+,2019,0.08755658198541977
Pakistan,city,51+,2020,0.08713069830542733
Pakistan,city,51+,2025,0.08922835670461055
Pakistan,city,51+,2030,0.09137255528326356
Pakistan,city,51+,2035,0.09356159539990248
Pakistan,city,51+,2040,0.09592723229390838
Pakistan,city,51+,2045,0.09844290600831973
Pakistan,city,51+,2050,0.10103354123922612
Pakistan,city,51+,2055,0.1036525307045032
Pakistan,city,51+,2060,0.10624801941282093
Pakistan,city,51+,2065,0.10883513429297381
Pakistan,city,51+,2070,0.11138615387570161
Pakistan,city,51+,2075,0.11389220586726848
Pakistan,city,51+,2080,0.11630523516765624
Pakistan,city,51+,2085,0.11859738440354475
Pakistan,city,51+,2090,0.12074537295046334
Pakistan,city,51+,2095,0.12275621939073972
Pakistan,city,51+,2100,0.12464668187148567
Pakistan,town,No_travel,2011,0.0
Pakistan,town,No_travel,2012,0.0
Pakistan,town,No_travel,2013,0.0
Pakistan,town,No_travel,2014,0.0
Pakistan,town,No_travel,2015,0.0
Pakistan,town,No_travel,2016,0.0
Pakistan,town,No_travel,2017,0.0
Pakistan,town,No_travel,2018,0.0
Pakistan,town,No_travel,2019,0.0
Pakistan,town,No_travel,2020,0.0
Pakistan,town,No_travel,2025,0.0
Pakistan,town,No_travel,2030,0.0
Pakistan,town,No_travel,2035,0.0
Pakistan,town,No_travel,2040,0.0
Pakistan,town,No_travel,2045,0.0
Pakistan,town,No_travel,2050,0.0
Pakistan,town,No_travel,2055,0.0
Pakistan,town,No_travel,2060,0.0
Pakistan,town,No_travel,2065,0.0
Pakistan,town,No_travel,2070,0.0
Pakistan,town,No_travel,2075,0.0
Pakistan,town,No_travel,2080,0.0
Pakistan,town,No_travel,2085,0.0
Pakistan,town,No_travel,2090,0.0
Pakistan,town,No_travel,2095,0.0
Pakistan,town,No_travel,2100,0.0
Pakistan,town,00_01,2011,0.0142978983785273
Pakistan,town,00_01,2012,0.014336416771620307
Pakistan,town,00_01,2013,0.014401328107300755
Pakistan,town,00_01,2014,0.01447574260363214
Pakistan,town,00_01,2015,0.014554274628203433
Pakistan,town,00_01,2016,0.014653345497446601
Pakistan,town,00_01,2017,0.014724910932301091
Pakistan,town,00_01,2018,0.014830852405767949
Pakistan,town,00_01,2019,0.014851453601157102
Pakistan,town,00_01,2020,0.014779214694960983
Pakistan,town,00_01,2025,0.015135022056099574
Pakistan,town,00_01,2030,0.015498723618911097
Pakistan,town,00_01,2035,0.0158700312577674
Pakistan,town,00_01,2040,0.016271293456129193
Pakistan,town,00_01,2045,0.01669800508189197
Pakistan,town,00_01,2050,0.017137431770975563
Pakistan,town,00_01,2055,0.01758166793967341
Pakistan,town,00_01,2060,0.01802191788148049
Pakistan,town,00_01,2065,0.018460747444400752
Pakistan,town,00_01,2070,0.018893454479205218
Pakistan,town,00_01,2075,0.019318534056672512
Pakistan,town,00_01,2080,0.019727835012469403
Pakistan,town,00_01,2085,0.020116632145155498
Pakistan,town,00_01,2090,0.020480976566979666
Pakistan,town,00_01,2095,0.020822058778386568
Pakistan,town,00_01,2100,0.021142721316609017
Pakistan,town,02_05,2011,0.0305435787015927
Pakistan,town,02_05,2012,0.03062586279256526
Pakistan,town,02_05,2013,0.03076452824097541
Pakistan,town,02_05,2014,0.030923494612470293
Pakistan,town,02_05,2015,0.031091256965341048
Pakistan,town,02_05,2016,0.0313028949845557
Pakistan,town,02_05,2017,0.031455775109586845
Pakistan,town,02_05,2018,0.031682090309690464
Pakistan,town,02_05,2019,0.03172609917141664
Pakistan,town,02_05,2020,0.031571780357678825
Pakistan,town,02_05,2025,0.032331866200355094
Pakistan,town,02_05,2030,0.0331088158620137
Pakistan,town,02_05,2035,0.033902013840462215
Pakistan,town,02_05,2040,0.03475920160408792
Pakistan,town,02_05,2045,0.03567075516107386
Pakistan,town,02_05,2050,0.03660947099932333
Pakistan,town,02_05,2055,0.03755846098522882
Pakistan,town,02_05,2060,0.038498935479448944
Pakistan,town,02_05,2065,0.039436375719741165
Pakistan,town,02_05,2070,0.04036073684068266
Pakistan,town,02_05,2075,0.041268803969507044
Pakistan,town,02_05,2080,0.042143164356261115
Pakistan,town,02_05,2085,0.04297372389072987
Pakistan,town,02_05,2090,0.043752046846164044
Pakistan,town,02_05,2095,0.04448067640360065
Pakistan,town,02_05,2100,0.04516568487222698
Pakistan,town,06_10,2011,0.0419722902791875
Pakistan,town,06_10,2012,0.042085363203136626
Pakistan,town,06_10,2013,0.04227591410449715
Pakistan,town,06_10,2014,0.042494362072045384
Pakistan,town,06_10,2015,0.04272489727688841
Pakistan,town,06_10,2016,0.043015725423235465
Pakistan,town,06_10,2017,0.043225809809496044
Pakistan,town,06_10,2018,0.04353680700357554
Pakistan,town,06_10,2019,0.04359728297914062
Pakistan,town,06_10,2020,0.04338522157962276
Pakistan,town,06_10,2025,0.044429714235103425
Pakistan,town,06_10,2030,0.045497380766587874
Pakistan,town,06_10,2035,0.04658737536498016
Pakistan,town,06_10,2040,0.04776530326891598
Pakistan,town,06_10,2045,0.04901793940800876
Pakistan,town,06_10,2050,0.050307901335444036
Pakistan,town,06_10,2055,0.051611981762613834
Pakistan,town,06_10,2060,0.0529043603950339
Pakistan,town,06_10,2065,0.05419256942480567
Pakistan,town,06_10,2070,0.055462805426618
Pakistan,town,06_10,2075,0.056710650595528024
Pakistan,town,06_10,2080,0.05791217672709265
Pakistan,town,06_10,2085,0.059053512724928814
Pakistan,town,06_10,2090,0.06012306640544545
Pakistan,town,06_10,2095,0.061124332550107484
Pakistan,town,06_10,2100,0.06206565558791467
Pakistan,town,11_20,2011,0.0757320066192673
Pakistan,town,11_20,2012,0.07593602787633988
Pakistan,town,11_20,2013,0.07627984523839358
Pakistan,town,11_20,2014,0.07667399820965833
Pakistan,town,11_20,2015,0.07708996058728926
Pakistan,town,11_20,2016,0.07761471153506266
Pakistan,town,11_20,2017,0.0779937738169887
Pakistan,town,11_20,2018,0.07855491645190182
Pakistan,town,11_20,2019,0.07866403527652008
Pakistan,town,11_20,2020,0.07828140580347603
Pakistan,town,11_20,2025,0.08016601882250543
Pakistan,town,11_20,2030,0.0820924452407856
Pakistan,town,11_20,2035,0.08405915893668657
Pakistan,town,11_20,2040,0.08618453363567273
Pakistan,town,11_20,2045,0.08844470690108894
Pakistan,town,11_20,2050,0.09077222833433253
Pakistan,town,11_20,2055,0.09312522424867395
Pakistan,town,11_20,2060,0.09545710622351981
Pakistan,town,11_20,2065,0.09778146484490417
Pakistan,town,11_20,2070,0.10007339413104521
Pakistan,town,11_20,2075,0.10232492288878313
Pakistan,town,11_20,2080,0.1044928766588445
Pakistan,town,11_20,2085,0.10655222735827004
Pakistan,town,11_20,2090,0.10848205882264243
Pakistan,town,11_20,2095,0.11028867680300063
Pakistan,town,11_20,2100,0.11198713743156995
Pakistan,town,21_30,2011,0.0536494958683143
Pakistan,town,21_30,2012,0.05379402706558459
Pakistan,town,21_30,2013,0.054037591563191094
Pakistan,town,21_30,2014,0.054316814432719185
Pakistan,town,21_30,2015,0.05461148735710472
Pakistan,town,21_30,2016,0.05498322745830127
Pakistan,town,21_30,2017,0.05525175989571922
Pakistan,town,21_30,2018,0.05564928032092934
Pakistan,town,21_30,2019,0.05572658145412054
Pakistan,town,21_30,2020,0.055455521974125864
Pakistan,town,21_30,2025,0.056790605288187496
Pakistan,town,21_30,2030,0.05815530973458782
Pakistan,town,21_30,2035,0.059548554189773735
Pakistan,town,21_30,2040,0.06105419607386013
Pakistan,town,21_30,2045,0.06265533093978579
Pakistan,town,21_30,2050,0.06430417608585441
Pakistan,town,21_30,2055,0.06597106767132711
Pakistan,town,21_30,2060,0.06762300187932764
Pakistan,town,21_30,2065,0.06926960645011838
Pakistan,town,21_30,2070,0.07089323767628491
Pakistan,town,21_30,2075,0.07248824866540242
Pakistan,town,21_30,2080,0.07402405409327568
Pakistan,town,21_30,2085,0.07548292375449672
Pakistan,town,21_30,2090,0.07685004037791984
Pakistan,town,21_30,2095,0.0781298710360473
Pakistan,town,21_30,2100,0.07933308168030007
Pakistan,town,31_50,2011,0.0837659254033078
Pakistan,town,31_50,2012,0.08399158995603183
Pakistan,town,31_50,2013,0.08437188067838046
Pakistan,town,31_50,2014,0.08480784678917483
Pakistan,town,31_50,2015,0.08526793592520401
Pakistan,town,31_50,2016,0.08584835430718994
Pakistan,town,31_50,2017,0.08626762885501296
Pakistan,town,31_50,2018,0.08688829948286333
Pakistan,town,31_50,2019,0.08700899401785726
Pakistan,town,31_50,2020,0.08658577385868138
Pakistan,town,31_50,2025,0.08867031328412896
Pakistan,town,31_50,2030,0.09080110182192484
Pakistan,town,31_50,2035,0.09297645145406562
Pakistan,town,31_50,2040,0.0953272934089658
Pakistan,town,31_50,2045,0.0978272338383963
Pakistan,town,31_50,2050,0.10040166696720344
Pakistan,town,31_50,2055,0.10300427700005137
Pakistan,town,31_50,2060,0.10558353325211747
Pakistan,town,31_50,2065,0.10815446804681077
Pakistan,town,31_50,2070,0.11068953328782213
Pakistan,town,31_50,2075,0.11317991216966328
Pakistan,town,31_50,2080,0.1155778501339081
Pakistan,town,31_50,2085,0.11785566403014575
Pakistan,town,31_50,2090,0.1199902188333516
Pakistan,town,31_50,2095,0.12198848923090974
Pakistan,town,31_50,2100,0.12386712856273746
Pakistan,town,51+,2011,0.068333385372376
Pakistan,town,51+,2012,0.06851747481891327
Pakistan,town,51+,2013,0.06882770302159437
Pakistan,town,51+,2014,0.0691833493075367
Pakistan,town,51+,2015,0.06955867433482618
Pakistan,town,51+,2016,0.07003215985751926
Pakistan,town,51+,2017,0.07037418973560246
Pakistan,town,51+,2018,0.07088051166779637
Pakistan,town,51+,2019,0.07097897015353948
Pakistan,town,51+,2020,0.0706337215802672
Pakistan,town,51+,2025,0.07233421775693089
Pakistan,town,51+,2030,0.0740724423822688
Pakistan,town,51+,2035,0.07584701842875824
Pakistan,town,51+,2040,0.07776475512754484
Pakistan,town,51+,2045,0.07980412127732192
Pakistan,town,51+,2050,0.08190425603091282
Pakistan,town,51+,2055,0.08402737654193611
Pakistan,town,51+,2060,0.08613144583500434
Pakistan,town,51+,2065,0.08822872676692478
Pakistan,town,51+,2070,0.09029674654016905
Pakistan,town,51+,2075,0.09232831270548902
Pakistan,town,51+,2080,0.09428446872263871
Pakistan,town,51+,2085,0.09614263162155912
Pakistan,town,51+,2090,0.09788392863778192
Pakistan,town,51+,2095,0.09951404948342543
Pakistan,town,51+,2100,0.10104657938528476
Pakistan,rural,No_travel,2011,0.0
Pakistan,rural,No_travel,2012,0.0
Pakistan,rural,No_travel,2013,0.0
Pakistan,rural,No_travel,2014,0.0
Pakistan,rural,No_travel,2015,0.0
Pakistan,rural,No_travel,2016,0.0
Pakistan,rural,No_travel,2017,0.0
Pakistan,rural,No_travel,2018,0.0
Pakistan,rural,No_travel,2019,0.0
Pakistan,rural,No_travel,2020,0.0
Pakistan,rural,No_travel,2025,0.0
Pakistan,rural,No_travel,2030,0.0
Pakistan,rural,No_travel,2035,0.0
Pakistan,rural,No_travel,2040,0.0
Pakistan,rural,No_travel,2045,0.0
Pakistan,rural,No_travel,2050,0.0
Pakistan,rural,No_travel,2055,0.0
Pakistan,rural,No_travel,2060,0.0
Pakistan,rural,No_travel,2065,0.0
Pakistan,rural,No_travel,2070,0.0
Pakistan,rural,No_travel,2075,0.0
Pakistan,rural,No_travel,2080,0.0
Pakistan,rural,No_travel,2085,0.0
Pakistan,rural,No_travel,2090,0.0
Pakistan,rural,No_travel,2095,0.0
Pakistan,rural,No_travel,2100,0.0
Pakistan,rural,00_01,2011,0.00800533451099545
Pakistan,rural,00_01,2012,0.008026900800905486
Pakistan,rural,00_01,2013,0.0080632443908458
Pakistan,rural,00_01,2014,0.008104908761358788
Pakistan,rural,00_01,2015,0.008148878519002544
Pakistan,rural,00_01,2016,0.008204347891324964
Pakistan,rural,00_01,2017,0.008244417084032014
Pakistan,rural,00_01,2018,0.008303733279408226
Pakistan,rural,00_01,2019,0.008315267803997115
Pakistan,rural,00_01,2020,0.008274821537455113
Pakistan,rural,00_01,2025,0.008474036615921937
Pakistan,rural,00_01,2030,0.008677671625445482
Pakistan,rural,00_01,2035,0.008885565245671278
Pakistan,rural,00_01,2040,0.009110230300594855
Pakistan,rural,00_01,2045,0.009349144385275433
Pakistan,rural,00_01,2050,0.009595177581626606
Pakistan,rural,00_01,2055,0.009843903585837834
Pakistan,rural,00_01,2060,0.010090397718003779
Pakistan,rural,00_01,2065,0.01033609658587141
Pakistan,rural,00_01,2070,0.010578367475422066
Pakistan,rural,00_01,2075,0.010816367782972777
Pakistan,rural,00_01,2080,0.011045533705129918
Pakistan,rural,00_01,2085,0.011263219621036437
Pakistan,rural,00_01,2090,0.011467214564677806
Pakistan,rural,00_01,2095,0.011658185092357802
Pakistan,rural,00_01,2100,0.011837722728984926
Pakistan,rural,02_05,2011,0.018205337195522
Pakistan,rural,02_05,2012,0.018254382189123366
Pakistan,rural,02_05,2013,0.018337032990142416
Pakistan,rural,02_05,2014,0.018431784048100863
Pakistan,rural,02_05,2015,0.01853177790384924
Pakistan,rural,02_05,2016,0.018657923616532023
Pakistan,rural,02_05,2017,0.01874904699974384
Pakistan,rural,02_05,2018,0.018883940967821776
Pakistan,rural,02_05,2019,0.018910172215153453
Pakistan,rural,02_05,2020,0.018818191309210582
Pakistan,rural,02_05,2025,0.019271236422183622
Pakistan,rural,02_05,2030,0.019734333124525976
Pakistan,rural,02_05,2035,0.020207114549438323
Pakistan,rural,02_05,2040,0.020718036744546645
Pakistan,rural,02_05,2045,0.021261363380853385
Pakistan,rural,02_05,2050,0.021820879950050217
Pakistan,rural,02_05,2055,0.022386520370165173
Pakistan,rural,02_05,2060,0.022947085176874365
Pakistan,rural,02_05,2065,0.023505841432711578
Pakistan,rural,02_05,2070,0.024056801949211008
Pakistan,rural,02_05,2075,0.02459805051860525
Pakistan,rural,02_05,2080,0.025119208364147258
Pakistan,rural,02_05,2085,0.025614258945275498
Pakistan,rural,02_05,2090,0.026078174192048966
Pakistan,rural,02_05,2095,0.02651246995396195
Pakistan,rural,02_05,2100,0.026920765598521777
Pakistan,rural,06_10,2011,0.0247885032228387
Pakistan,rural,06_10,2012,0.02485528319889158
Pakistan,rural,06_10,2013,0.02496782105663227
Pakistan,rural,06_10,2014,0.025096834701386295
Pakistan,rural,06_10,2015,0.02523298697304498
Pakistan,rural,06_10,2016,0.025404747779878792
Pakistan,rural,06_10,2017,0.02552882195956373
Pakistan,rural,06_10,2018,0.025712494446732157
Pakistan,rural,06_10,2019,0.02574821108037849
Pakistan,rural,06_10,2020,0.02562296929227443
Pakistan,rural,06_10,2025,0.026239838407216495
Pakistan,rural,06_10,2030,0.026870393830343897
Pakistan,rural,06_10,2035,0.027514136033483134
Pakistan,rural,06_10,2040,0.02820981095254905
Pakistan,rural,06_10,2045,0.028949607965397375
Pakistan,rural,06_10,2050,0.029711449294113818
Pakistan,rural,06_10,2055,0.03048162889729284
Pakistan,rural,06_10,2060,0.031244897512890835
Pakistan,rural,06_10,2065,0.03200570359408822
Pakistan,rural,06_10,2070,0.032755894946889
Pakistan,rural,06_10,2075,0.033492862450577206
Pakistan,rural,06_10,2080,0.034202474296547485
Pakistan,rural,06_10,2085,0.034876538324803114
Pakistan,rural,06_10,2090,0.03550820828324787
Pakistan,rural,06_10,2095,0.03609954816221991
Pakistan,rural,06_10,2100,0.03665548611559832
Pakistan,rural,11_20,2011,0.0423833067134091
Pakistan,rural,11_20,2012,0.04249748691145977
Pakistan,rural,11_20,2013,0.04268990379515039
Pakistan,rural,11_20,2014,0.04291049092889822
Pakistan,rural,11_20,2015,0.04314328366501311
Pakistan,rural,11_20,2016,0.04343695976525755
Pakistan,rural,11_20,2017,0.04364910141679367
Pakistan,rural,11_20,2018,0.04396314407150716
Pakistan,rural,11_20,2019,0.04402421226207093
Pakistan,rural,11_20,2020,0.04381007423724418
Pakistan,rural,11_20,2025,0.04486479515627612
Pakistan,rural,11_20,2030,0.04594291688302844
Pakistan,rural,11_20,2035,0.04704358532576355
Pakistan,rural,11_20,2040,0.0482330481667644
Pakistan,rural,11_20,2045,0.0494979508282662
Pakistan,rural,11_20,2050,0.05080054479336654
Pakistan,rural,11_20,2055,0.05211739551454575
Pakistan,rural,11_20,2060,0.05342242985037461
Pakistan,rural,11_20,2065,0.05472325375244492
Pakistan,rural,11_20,2070,0.056005928624488346
Pakistan,rural,11_20,2075,0.057265993399914346
Pakistan,rural,11_20,2080,0.058479285555752006
Pakistan,rural,11_20,2085,0.05963179816198764
Pakistan,rural,11_20,2090,0.06071182551780411
Pakistan,rural,11_20,2095,0.061722896627545445
Pakistan,rural,11_20,2100,0.0626734376335854
Pakistan,rural,21_30,2011,0.0366772116814261
Pakistan,rural,21_30,2012,0.036776019717383486
Pakistan,rural,21_30,2013,0.03694253137778606
Pakistan,rural,21_30,2014,0.03713342070724247
Pakistan,rural,21_30,2015,0.03733487239005048
Pakistan,rural,21_30,2016,0.03758901066593525
Pakistan,rural,21_30,2017,0.03777259153451755
Pakistan,rural,21_30,2018,0.03804435440101138
Pakistan,rural,21_30,2019,0.03809720093720674
Pakistan,rural,21_30,2020,0.037911892468504176
Pakistan,rural,21_30,2025,0.03882461555247072
Pakistan,rural,21_30,2030,0.03975758897660256
Pakistan,rural,21_30,2035,0.04071007363614634
Pakistan,rural,21_30,2040,0.04173939824032539
Pakistan,rural,21_30,2045,0.0428340061477736
Pakistan,rural,21_30,2050,0.04396123095153858
Pakistan,rural,21_30,2055,0.045100793114069136
Pakistan,rural,21_30,2060,0.04623012973969824
Pakistan,rural,21_30,2065,0.04735582278529057
Pakistan,rural,21_30,2070,0.04846581021780723
Pakistan,rural,21_30,2075,0.04955623156725768
Pakistan,rural,21_30,2080,0.050606177328497516
Pakistan,rural,21_30,2085,0.051603526334563686
Pakistan,rural,21_30,2090,0.052538148831549725
Pakistan,rural,21_30,2095,0.05341309871140951
Pakistan,rural,21_30,2100,0.05423566769891546
Pakistan,rural,31_50,2011,0.0541066561101835
Pakistan,rural,31_50,2012,0.05425241889250472
Pakistan,rural,31_50,2013,0.05449805886170391
Pakistan,rural,31_50,2014,0.05477966105637761
Pakistan,rural,31_50,2015,0.05507684495953759
Pakistan,rural,31_50,2016,0.05545175274743509
Pakistan,rural,31_50,2017,0.05572257341425861
Pakistan,rural,31_50,2018,0.05612348120650352
Pakistan,rural,31_50,2019,0.05620144104121976
Pakistan,rural,31_50,2020,0.055928071798282686
Pakistan,rural,31_50,2025,0.05727453167797449
Pakistan,rural,31_50,2030,0.05865086509878919
Pakistan,rural,31_50,2035,0.06005598172466015
Pakistan,rural,31_50,2040,0.061574453544923156
Pakistan,rural,31_50,2045,0.06318923206566279
Pakistan,rural,31_50,2050,0.06485212741730337
Pakistan,rural,31_50,2055,0.06653322298639328
Pakistan,rural,31_50,2060,0.06819923372260453
Pakistan,rural,31_50,2065,0.06985986940648706
Pakistan,rural,31_50,2070,0.07149733598435722
Pakistan,rural,31_50,2075,0.07310593844526336
Pakistan,rural,31_50,2080,0.07465483084011566
Pakistan,rural,31_50,2085,0.07612613188016674
Pakistan,rural,31_50,2090,0.07750489803274409
Pakistan,rural,31_50,2095,0.07879563443534782
Pakistan,rural,31_50,2100,0.08000909792653314
Pakistan,rural,51+,2011,0.0357459136063553
Pakistan,rural,51+,2012,0.03584221273475211
Pakistan,rural,51+,2013,0.03600449637503809
Pakistan,rural,51+,2014,0.03619053869304176
Pakistan,rural,51+,2015,0.036386875167909526
Pakistan,rural,51+,2016,0.03663456043179357
Pakistan,rural,51+,2017,0.03681347986343198
Pakistan,rural,51+,2018,0.0370783421989738
Pakistan,rural,51+,2019,0.03712984686987524
Pakistan,rural,51+,2020,0.03694924370488267
Pakistan,rural,51+,2025,0.037838791165288904
Pakistan,rural,51+,2030,0.03874807477456969
Pakistan,rural,51+,2035,0.03967637419512441
Pakistan,rural,51+,2040,0.040679562460728395
Pakistan,rural,51+,2045,0.04174637637320179
Pakistan,rural,51+,2050,0.04284497898237257
Pakistan,rural,51+,2055,0.043955605683352605
Pakistan,rural,51+,2060,0.04505626649156432
Pakistan,rural,51+,2065,0.046153376236561544
Pakistan,rural,51+,2070,0.047235179161263526
Pakistan,rural,51+,2075,0.04829791281971446
Pakistan,rural,51+,2080,0.04932119863540378
Pakistan,rural,51+,2085,0.05029322321883961
Pakistan,rural,51+,2090,0.05120411402815208
Pakistan,rural,51+,2095,0.052056847411676904
Pakistan,rural,51+,2100,0.052858529944636336
Sri Lanka,large_city,No_travel,2011,0.0
Sri Lanka,large_city,No_travel,2012,0.0
Sri Lanka,large_city,No_travel,2013,0.0
Sri Lanka,large_city,No_travel,2014,0.0
Sri Lanka,large_city,No_travel,2015,0.0
Sri Lanka,large_city,No_travel,2016,0.0
Sri Lanka,large_city,No_travel,2017,0.0
Sri Lanka,large_city,No_travel,2018,0.0
Sri Lanka,large_city,No_travel,2019,0.0
Sri Lanka,large_city,No_travel,2020,0.0
Sri Lanka,large_city,No_travel,2025,0.0
Sri Lanka,large_city,No_travel,2030,0.0
Sri Lanka,large_city,No_travel,2035,0.0
Sri Lanka,large_city,No_travel,2040,0.0
Sri Lanka,large_city,No_travel,2045,0.0
Sri Lanka,large_city,No_travel,2050,0.0
Sri Lanka,large_city,No_travel,2055,0.0
Sri Lanka,large_city,No_travel,2060,0.0
Sri Lanka,large_city,No_travel,2065,0.0
Sri Lanka,large_city,No_travel,2070,0.0
Sri Lanka,large_city,No_travel,2075,0.0
Sri Lanka,large_city,No_travel,2080,0.0
Sri Lanka,large_city,No_travel,2085,0.0
Sri Lanka,large_city,No_travel,2090,0.0
Sri Lanka,large_city,No_travel,2095,0.0
Sri Lanka,large_city,No_travel,2100,0.0
Sri Lanka,large_city,00_01,2011,0.0263657402468568
Sri Lanka,large_city,00_01,2012,0.026659515901729724
Sri Lanka,large_city,00_01,2013,0.026795079474362916
Sri Lanka,large_city,00_01,2014,0.027018603994333555
Sri Lanka,large_city,00_01,2015,0.027163304952961202
Sri Lanka,large_city,00_01,2016,0.02734274906497037
Sri Lanka,large_city,00_01,2017,0.027578205641430827
Sri Lanka,large_city,00_01,2018,0.0276568288136016
Sri Lanka,large_city,00_01,2019,0.02763495713309446
Sri Lanka,large_city,00_01,2020,0.027432356887334475
Sri Lanka,large_city,00_01,2025,0.027235719322887358
Sri Lanka,large_city,00_01,2030,0.027696903797033424
Sri Lanka,large_city,00_01,2035,0.028202392780165106
Sri Lanka,large_city,00_01,2040,0.028735218390205042
Sri Lanka,large_city,00_01,2045,0.029292643226271533
Sri Lanka,large_city,00_01,2050,0.02986968394792506
Sri Lanka,large_city,00_01,2055,0.030456548439868503
Sri Lanka,large_city,00_01,2060,0.031035307469525358
Sri Lanka,large_city,00_01,2065,0.03159369700901877
Sri Lanka,large_city,00_01,2070,0.03212667091488501
Sri Lanka,large_city,00_01,2075,0.03265165403918946
Sri Lanka,large_city,00_01,2080,0.033152912373894346
Sri Lanka,large_city,00_01,2085,0.03363063702280947
Sri Lanka,large_city,00_01,2090,0.03407391725020843
Sri Lanka,large_city,00_01,2095,0.03448320499656192
Sri Lanka,large_city,00_01,2100,0.03487281932232454
Sri Lanka,large_city,02_05,2011,0.0607545651824544
Sri Lanka,large_city,02_05,2012,0.06143151231179294
Sri Lanka,large_city,02_05,2013,0.06174389140044347
Sri Lanka,large_city,02_05,2014,0.06225895886645372
Sri Lanka,large_city,02_05,2015,0.06259239323016194
Sri Lanka,large_city,02_05,2016,0.06300588622893971
Sri Lanka,large_city,02_05,2017,0.06354844872816291
Sri Lanka,large_city,02_05,2018,0.06372962007377192
Sri Lanka,large_city,02_05,2019,0.06367922116873154
Sri Lanka,large_city,02_05,2020,0.06321236949979446
Sri Lanka,large_city,02_05,2025,0.06275925763512966
Sri Lanka,large_city,02_05,2030,0.0638219648427903
Sri Lanka,large_city,02_05,2035,0.06498676291358779
Sri Lanka,large_city,02_05,2040,0.06621455276333083
Sri Lanka,large_city,02_05,2045,0.06749902660021306
Sri Lanka,large_city,02_05,2050,0.06882870131476272
Sri Lanka,large_city,02_05,2055,0.07018101293944
Sri Lanka,large_city,02_05,2060,0.07151464715046554
Sri Lanka,large_city,02_05,2065,0.07280134395308603
Sri Lanka,large_city,02_05,2070,0.074029475520845
Sri Lanka,large_city,02_05,2075,0.0752391939337026
Sri Lanka,large_city,02_05,2080,0.0763942433229458
Sri Lanka,large_city,02_05,2085,0.07749506404901052
Sri Lanka,large_city,02_05,2090,0.07851651450772898
Sri Lanka,large_city,02_05,2095,0.07945963610535516
Sri Lanka,large_city,02_05,2100,0.08035742424742658
Sri Lanka,large_city,06_10,2011,0.0853273830804756
Sri Lanka,large_city,06_10,2012,0.08627812854062053
Sri Lanka,large_city,06_10,2013,0.08671685261153712
Sri Lanka,large_city,06_10,2014,0.08744024448921019
Sri Lanka,large_city,06_10,2015,0.08790853986090585
Sri Lanka,large_city,06_10,2016,0.08848927441808437
Sri Lanka,large_city,06_10,2017,0.08925128198208036
Sri Lanka,large_city,06_10,2018,0.08950572996905155
Sri Lanka,large_city,06_10,2019,0.08943494670092507
Sri Lanka,large_city,06_10,2020,0.0887792720026119
Sri Lanka,large_city,06_10,2025,0.08814289431579195
Sri Lanka,large_city,06_10,2030,0.08963542454357193
Sri Lanka,large_city,06_10,2035,0.09127133734946324
Sri Lanka,large_city,06_10,2040,0.09299571961665128
Sri Lanka,large_city,06_10,2045,0.09479971230110805
Sri Lanka,large_city,06_10,2050,0.09666718782990281
Sri Lanka,large_city,06_10,2055,0.09856645600335592
Sri Lanka,large_city,06_10,2060,0.10043949248829596
Sri Lanka,large_city,06_10,2065,0.10224660724018178
Sri Lanka,large_city,06_10,2070,0.10397146943680331
Sri Lanka,large_city,06_10,2075,0.10567047108587142
Sri Lanka,large_city,06_10,2080,0.10729269225422051
Sri Lanka,large_city,06_10,2085,0.10883875141066032
Sri Lanka,large_city,06_10,2090,0.11027333816684977
Sri Lanka,large_city,06_10,2095,0.11159791513666997
Sri Lanka,large_city,06_10,2100,0.11285882306175475
Sri Lanka,large_city,11_20,2011,0.150513087141122
Sri Lanka,large_city,11_20,2012,0.15219015292148064
Sri Lanka,large_city,11_20,2013,0.1529640394738726
Sri Lanka,large_city,11_20,2014,0.15424006530275214
Sri Lanka,large_city,11_20,2015,0.15506611409908447
Sri Lanka,large_city,11_20,2016,0.15609049979866735
Sri Lanka,large_city,11_20,2017,0.15743464169944207
Sri Lanka,large_city,11_20,2018,0.1578834747780302
Sri Lanka,large_city,11_20,2019,0.15775861675685302
Sri Lanka,large_city,11_20,2020,0.1566020405272696
Sri Lanka,large_city,11_20,2025,0.15547950322713158
Sri Lanka,large_city,11_20,2030,0.15811224929439038
Sri Lanka,large_city,11_20,2035,0.16099791480784192
Sri Lanka,large_city,11_20,2040,0.1640396358717716
Sri Lanka,large_city,11_20,2045,0.16722178559106513
Sri Lanka,large_city,11_20,2050,0.17051591576184866
Sri Lanka,large_city,11_20,2055,0.1738661265121971
Sri Lanka,large_city,11_20,2060,0.1771700659217814
Sri Lanka,large_city,11_20,2065,0.18035772280641912
Sri Lanka,large_city,11_20,2070,0.18340029044102793
Sri Lanka,large_city,11_20,2075,0.1863972414083149
Sri Lanka,large_city,11_20,2080,0.18925875558183197
Sri Lanka,large_city,11_20,2085,0.19198592390854702
Sri Lanka,large_city,11_20,2090,0.19451646069112002
Sri Lanka,large_city,11_20,2095,0.19685294590473124
Sri Lanka,large_city,11_20,2100,0.1990771222189893
Sri Lanka,large_city,21_30,2011,0.157092054088329
Sri Lanka,large_city,21_30,2012,0.15884242485861802
Sri Lanka,large_city,21_30,2013,0.15965013819740964
Sri Lanka,large_city,21_30,2014,0.1609819394536054
Sri Lanka,large_city,21_30,2015,0.16184409506185074
Sri Lanka,large_city,21_30,2016,0.16291325693197636
Sri Lanka,large_city,21_30,2017,0.1643161516316307
Sri Lanka,large_city,21_30,2018,0.1647846033230912
Sri Lanka,large_city,21_30,2019,0.16465428772470247
Sri Lanka,large_city,21_30,2020,0.16344715724145992
Sri Lanka,large_city,21_30,2025,0.16227555353829418
Sri Lanka,large_city,21_30,2030,0.16502337763422062
Sri Lanka,large_city,21_30,2035,0.16803517635239404
Sri Lanka,large_city,21_30,2040,0.1712098518505348
Sri Lanka,large_city,21_30,2045,0.17453109417779983
Sri Lanka,large_city,21_30,2050,0.1779692116517809
Sri Lanka,large_city,21_30,2055,0.18146586100232928
Sri Lanka,large_city,21_30,2060,0.18491421647953998
Sri Lanka,large_city,21_30,2065,0.18824120669180658
Sri Lanka,large_city,21_30,2070,0.19141676576445535
Sri Lanka,large_city,21_30,2075,0.1945447142531585
Sri Lanka,large_city,21_30,2080,0.1975313059699252
Sri Lanka,large_city,21_30,2085,0.20037767954730465
Sri Lanka,large_city,21_30,2090,0.2030188267636111
Sri Lanka,large_city,21_30,2095,0.20545744036542402
Sri Lanka,large_city,21_30,2100,0.20777883601611455
Sri Lanka,large_city,31_50,2011,0.147596045325267
Sri Lanka,large_city,31_50,2012,0.14924060847677012
Sri Lanka,large_city,31_50,2013,0.1499994966029326
Sri Lanka,large_city,31_50,2014,0.1512507922188343
Sri Lanka,large_city,31_50,2015,0.15206083165062162
Sri Lanka,large_city,31_50,2016,0.15306536408708962
Sri Lanka,large_city,31_50,2017,0.15438345564097772
Sri Lanka,large_city,31_50,2018,0.15482359004170698
Sri Lanka,large_city,31_50,2019,0.15470115185043123
Sri Lanka,large_city,31_50,2020,0.15356699082266848
Sri Lanka,large_city,31_50,2025,0.1524662090276932
Sri Lanka,large_city,31_50,2030,0.1550479307586993
Sri Lanka,large_city,31_50,2035,0.1578776701920392
Sri Lanka,large_city,31_50,2040,0.1608604407174862
Sri Lanka,large_city,31_50,2045,0.1639809182993477
Sri Lanka,large_city,31_50,2050,0.167211206078499
Sri Lanka,large_city,31_50,2055,0.17049648755899904
Sri Lanka,large_city,31_50,2060,0.17373639446750408
Sri Lanka,large_city,31_50,2065,0.17686227248225278
Sri Lanka,large_city,31_50,2070,0.17984587317128697
Sri Lanka,large_city,31_50,2075,0.18278474127376998
Sri Lanka,large_city,31_50,2080,0.18559079743589843
Sri Lanka,large_city,31_50,2085,0.18826511146137623
Sri Lanka,large_city,31_50,2090,0.19074660479030986
Sri Lanka,large_city,31_50,2095,0.19303780739627752
Sri Lanka,large_city,31_50,2100,0.19521887772262608
Sri Lanka,large_city,51+,2011,0.0999074306415119
Sri Lanka,large_city,51+,2012,0.1010206317346191
Sri Lanka,large_city,51+,2013,0.1015343213979306
Sri Lanka,large_city,51+,2014,0.10238132058196853
Sri Lanka,large_city,51+,2015,0.10292963444884641
Sri Lanka,large_city,51+,2016,0.10360960019252474
Sri Lanka,large_city,51+,2017,0.10450181339653729
Sri Lanka,large_city,51+,2018,0.10479973938105061
Sri Lanka,large_city,51+,2019,0.10471686124515071
Sri Lanka,large_city,51+,2020,0.10394915019999498
Sri Lanka,large_city,51+,2025,0.10320403348233112
Sri Lanka,large_city,51+,2030,0.10495159510708706
Sri Lanka,large_city,51+,2035,0.10686703935592803
Sri Lanka,large_city,51+,2040,0.10888607000633552
Sri Lanka,large_city,51+,2045,0.11099831425306432
Sri Lanka,large_city,51+,2050,0.1131848887750067
Sri Lanka,large_city,51+,2055,0.11540868840952655
Sri Lanka,large_city,51+,2060,0.11760177409846274
Sri Lanka,large_city,51+,2065,0.11971767388604919
Sri Lanka,large_city,51+,2070,0.12173726647231899
Sri Lanka,large_city,51+,2075,0.12372657967150612
Sri Lanka,large_city,51+,2080,0.12562599276740727
Sri Lanka,large_city,51+,2085,0.1274362299077401
Sri Lanka,large_city,51+,2090,0.12911594715288346
Sri Lanka,large_city,51+,2095,0.13066685703625402
Sri Lanka,large_city,51+,2100,0.13214321862760775
Sri Lanka,city,No_travel,2011,0.0
Sri Lanka,city,No_travel,2012,0.0
Sri Lanka,city,No_travel,2013,0.0
Sri Lanka,city,No_travel,2014,0.0
Sri Lanka,city,No_travel,2015,0.0
Sri Lanka,city,No_travel,2016,0.0
Sri Lanka,city,No_travel,2017,0.0
Sri Lanka,city,No_travel,2018,0.0
Sri Lanka,city,No_travel,2019,0.0
Sri Lanka,city,No_travel,2020,0.0
Sri Lanka,city,No_travel,2025,0.0
Sri Lanka,city,No_travel,2030,0.0
Sri Lanka,city,No_travel,2035,0.0
Sri Lanka,city,No_travel,2040,0.0
Sri Lanka,city,No_travel,2045,0.0
Sri Lanka,city,No_travel,2050,0.0
Sri Lanka,city,No_travel,2055,0.0
Sri Lanka,city,No_travel,2060,0.0
Sri Lanka,city,No_travel,2065,0.0
Sri Lanka,city,No_travel,2070,0.0
Sri Lanka,city,No_travel,2075,0.0
Sri Lanka,city,No_travel,2080,0.0
Sri Lanka,city,No_travel,2085,0.0
Sri Lanka,city,No_travel,2090,0.0
Sri Lanka,city,No_travel,2095,0.0
Sri Lanka,city,No_travel,2100,0.0
Sri Lanka,city,00_01,2011,0.0203337654203297
Sri Lanka,city,00_01,2012,0.02056033084942293
Sri Lanka,city,00_01,2013,0.02066488008110224
Sri Lanka,city,00_01,2014,0.020837266485285093
Sri Lanka,city,00_01,2015,0.020948862644591948
Sri Lanka,city,00_01,2016,0.02108725339127651
Sri Lanka,city,00_01,2017,0.021268842026664497
Sri Lanka,city,00_01,2018,0.02132947772756098
Sri Lanka,city,00_01,2019,0.021312609867352367
Sri Lanka,city,00_01,2020,0.021156360665440584
Sri Lanka,city,00_01,2025,0.021004709997913082
Sri Lanka,city,00_01,2030,0.02136038432470928
Sri Lanka,city,00_01,2035,0.021750227140019045
Sri Lanka,city,00_01,2040,0.022161152487195204
Sri Lanka,city,00_01,2045,0.022591049230086504
Sri Lanka,city,00_01,2050,0.02303607412080541
Sri Lanka,city,00_01,2055,0.02348867529190743
Sri Lanka,city,00_01,2060,0.023935025374770855
Sri Lanka,city,00_01,2065,0.024365666115479
Sri Lanka,city,00_01,2070,0.024776705831245485
Sri Lanka,city,00_01,2075,0.02518158290275161
Sri Lanka,city,00_01,2080,0.025568162960714874
Sri Lanka,city,00_01,2085,0.025936593388064907
Sri Lanka,city,00_01,2090,0.026278459615791075
Sri Lanka,city,00_01,2095,0.0265941101890671
Sri Lanka,city,00_01,2100,0.026894588242415196
Sri Lanka,city,02_05,2011,0.0396703669770022
Sri Lanka,city,02_05,2012,0.04011238711103228
Sri Lanka,city,02_05,2013,0.040316358500597706
Sri Lanka,city,02_05,2014,0.04065267751355053
Sri Lanka,city,02_05,2015,0.04087039717842385
Sri Lanka,city,02_05,2016,0.04114039201674873
Sri Lanka,city,02_05,2017,0.041494664216500395
Sri Lanka,city,02_05,2018,0.04161296205542728
Sri Lanka,city,02_05,2019,0.04158005353156266
Sri Lanka,city,02_05,2020,0.04127521755792116
Sri Lanka,city,02_05,2025,0.04097935314182494
Sri Lanka,city,02_05,2030,0.04167325959626826
Sri Lanka,city,02_05,2035,0.04243382741177104
Sri Lanka,city,02_05,2040,0.043235526407783456
Sri Lanka,city,02_05,2045,0.04407423784170534
Sri Lanka,city,02_05,2050,0.044942463689883395
Sri Lanka,city,02_05,2055,0.04582547055952529
Sri Lanka,city,02_05,2060,0.04669628180482982
Sri Lanka,city,02_05,2065,0.04753644474887853
Sri Lanka,city,02_05,2070,0.04833836687345838
Sri Lanka,city,02_05,2075,0.049128265924382006
Sri Lanka,city,02_05,2080,0.0498824682301714
Sri Lanka,city,02_05,2085,0.05060126132905592
Sri Lanka,city,02_05,2090,0.051268228731826355
Sri Lanka,city,02_05,2095,0.051884050436243265
Sri Lanka,city,02_05,2100,0.052470271158202436
Sri Lanka,city,06_10,2011,0.0505698242635587
Sri Lanka,city,06_10,2012,0.05113328969637949
Sri Lanka,city,06_10,2013,0.05139330234842016
Sri Lanka,city,06_10,2014,0.051822025213307636
Sri Lanka,city,06_10,2015,0.05209956348760058
Sri Lanka,city,06_10,2016,0.05244373957082342
Sri Lanka,city,06_10,2017,0.052895348271425856
Sri Lanka,city,06_10,2018,0.05304614851304599
Sri Lanka,city,06_10,2019,0.053004198352373876
Sri Lanka,city,06_10,2020,0.052615608510863256
Sri Lanka,city,06_10,2025,0.05223845516775201
Sri Lanka,city,06_10,2030,0.05312301283965081
Sri Lanka,city,06_10,2035,0.05409254712182146
Sri Lanka,city,06_10,2040,0.05511451340118869
Sri Lanka,city,06_10,2045,0.056183661308135326
Sri Lanka,city,06_10,2050,0.05729043273248077
Sri Lanka,city,06_10,2055,0.058416046272864515
Sri Lanka,city,06_10,2060,0.05952611343375844
Sri Lanka,city,06_10,2065,0.060597111654115916
Sri Lanka,city,06_10,2070,0.061619362366759245
Sri Lanka,city,06_10,2075,0.06262628665899773
Sri Lanka,city,06_10,2080,0.0635877065038167
Sri Lanka,city,06_10,2085,0.06450398844074764
Sri Lanka,city,06_10,2090,0.0653542055402561
Sri Lanka,city,06_10,2095,0.06613922462989805
Sri Lanka,city,06_10,2100,0.06688650984927395
Sri Lanka,city,11_20,2011,0.0832808161760771
Sri Lanka,city,11_20,2012,0.08420875812200428
Sri Lanka,city,11_20,2013,0.08463695944944408
Sri Lanka,city,11_20,2014,0.08534300086092085
Sri Lanka,city,11_20,2015,0.08580006422508746
Sri Lanka,city,11_20,2016,0.08636686993454962
Sri Lanka,city,11_20,2017,0.08711060083980987
Sri Lanka,city,11_20,2018,0.08735894592276332
Sri Lanka,city,11_20,2019,0.08728986038271312
Sri Lanka,city,11_20,2020,0.0866499119622861
Sri Lanka,city,11_20,2025,0.08602879771687878
Sri Lanka,city,11_20,2030,0.0874855297886892
Sri Lanka,city,11_20,2035,0.0890822054249153
Sri Lanka,city,11_20,2040,0.09076522859316986
Sri Lanka,city,11_20,2045,0.09252595273251837
Sri Lanka,city,11_20,2050,0.09434863708790518
Sri Lanka,city,11_20,2055,0.09620235154523529
Sri Lanka,city,11_20,2060,0.09803046347791063
Sri Lanka,city,11_20,2065,0.09979423480228067
Sri Lanka,city,11_20,2070,0.10147772638891965
Sri Lanka,city,11_20,2075,0.10313597769009274
Sri Lanka,city,11_20,2080,0.10471929008103767
Sri Lanka,city,11_20,2085,0.106228267196665
Sri Lanka,city,11_20,2090,0.10762844556400304
Sri Lanka,city,11_20,2095,0.10892125271631688
Sri Lanka,city,11_20,2100,0.11015191791818889
Sri Lanka,city,21_30,2011,0.0673025770269828
Sri Lanka,city,21_30,2012,0.06805248423442767
Sri Lanka,city,21_30,2013,0.06839853094898127
Sri Lanka,city,21_30,2014,0.06896911140990865
Sri Lanka,city,21_30,2015,0.0693384826971448
Sri Lanka,city,21_30,2016,0.06979654118734688
Sri Lanka,city,21_30,2017,0.07039758004403625
Sri Lanka,city,21_30,2018,0.07059827769377358
Sri Lanka,city,21_30,2019,0.07054244689030441
Sri Lanka,city,21_30,2020,0.07002527883364146
Sri Lanka,city,21_30,2025,0.06952333143130453
Sri Lanka,city,21_30,2030,0.0707005752069108
Sri Lanka,city,21_30,2035,0.07199091300531822
Sri Lanka,city,21_30,2040,0.07335103171717336
Sri Lanka,city,21_30,2045,0.07477394370882855
Sri Lanka,city,21_30,2050,0.07624692824304515
Sri Lanka,city,21_30,2055,0.07774498945064327
Sri Lanka,city,21_30,2060,0.07922236022835871
Sri Lanka,city,21_30,2065,0.08064773477278467
Sri Lanka,city,21_30,2070,0.08200823203237559
Sri Lanka,city,21_30,2075,0.08334833160214127
Sri Lanka,city,21_30,2080,0.08462787002458001
Sri Lanka,city,21_30,2085,0.08584733512134061
Sri Lanka,city,21_30,2090,0.08697887557382664
Sri Lanka,city,21_30,2095,0.08802364502908361
Sri Lanka,city,21_30,2100,0.0890181950748985
Sri Lanka,city,31_50,2011,0.128420945162782
Sri Lanka,city,31_50,2012,0.12985185311042036
Sri Lanka,city,31_50,2013,0.13051214946334652
Sri Lanka,city,31_50,2014,0.13160088165341308
Sri Lanka,city,31_50,2015,0.13230568393466663
Sri Lanka,city,31_50,2016,0.1331797114511465
Sri Lanka,city,31_50,2017,0.13432656171253632
Sri Lanka,city,31_50,2018,0.13470951557566826
Sri Lanka,city,31_50,2019,0.13460298407468527
Sri Lanka,city,31_50,2020,0.13361616880581334
Sri Lanka,city,31_50,2025,0.13265839627053183
Sri Lanka,city,31_50,2030,0.13490471082531846
Sri Lanka,city,31_50,2035,0.13736682159388994
Sri Lanka,city,31_50,2040,0.13996208225441403
Sri Lanka,city,31_50,2045,0.14267715960990007
Sri Lanka,city,31_50,2050,0.14548778105190543
Sri Lanka,city,31_50,2055,0.1483462516289581
Sri Lanka,city,31_50,2060,0.15116524252070399
Sri Lanka,city,31_50,2065,0.15388501870598684
Sri Lanka,city,31_50,2070,0.15648100167849607
Sri Lanka,city,31_50,2075,0.1590380635469079
Sri Lanka,city,31_50,2080,0.16147956788211038
Sri Lanka,city,31_50,2085,0.16380644550310008
Sri Lanka,city,31_50,2090,0.1659655529372763
Sri Lanka,city,31_50,2095,0.1679590914739584
Sri Lanka,city,31_50,2100,0.16985680568546668
Sri Lanka,city,51+,2011,0.0842931032354429
Sri Lanka,city,51+,2012,0.08523232441309275
Sri Lanka,city,51+,2013,0.08566573057259923
Sri Lanka,city,51+,2014,0.08638035399151817
Sri Lanka,city,51+,2015,0.08684297300883637
Sri Lanka,city,51+,2016,0.08741666830117258
Sri Lanka,city,51+,2017,0.08816943933362677
Sri Lanka,city,51+,2018,0.0884208030771226
Sri Lanka,city,51+,2019,0.0883508777950839
Sri Lanka,city,51+,2020,0.0877031507344561
Sri Lanka,city,51+,2025,0.08707448678022167
Sri Lanka,city,51+,2030,0.08854892558322142
Sri Lanka,city,51+,2035,0.09016500897934672
Sri Lanka,city,51+,2040,0.09186848947081286
Sri Lanka,city,51+,2045,0.09365061539682983
Sri Lanka,city,51+,2050,0.0954954546718126
Sri Lanka,city,51+,2055,0.0973717012228838
Sri Lanka,city,51+,2060,0.09922203404792655
Sri Lanka,city,51+,2065,0.10100724419781873
Sri Lanka,city,51+,2070,0.1027111988013439
Sri Lanka,city,51+,2075,0.10438960632108484
Sri Lanka,city,51+,2080,0.10599216404028038
Sri Lanka,city,51+,2085,0.10751948293108675
Sri Lanka,city,51+,2090,0.108936680613402
Sri Lanka,city,51+,2095,0.11024520197230786
Sri Lanka,city,51+,2100,0.11149082603884364
Sri Lanka,town,No_travel,2011,0.0
Sri Lanka,town,No_travel,2012,0.0
Sri Lanka,town,No_travel,2013,0.0
Sri Lanka,town,No_travel,2014,0.0
Sri Lanka,town,No_travel,2015,0.0
Sri Lanka,town,No_travel,2016,0.0
Sri Lanka,town,No_travel,2017,0.0
Sri Lanka,town,No_travel,2018,0.0
Sri Lanka,town,No_travel,2019,0.0
Sri Lanka,town,No_travel,2020,0.0
Sri Lanka,town,No_travel,2025,0.0
Sri Lanka,town,No_travel,2030,0.0
Sri Lanka,town,No_travel,2035,0.0
Sri Lanka,town,No_travel,2040,0.0
Sri Lanka,town,No_travel,2045,0.0
Sri Lanka,town,No_travel,2050,0.0
Sri Lanka,town,No_travel,2055,0.0
Sri Lanka,town,No_travel,2060,0.0
Sri Lanka,town,No_travel,2065,0.0
Sri Lanka,town,No_travel,2070,0.0
Sri Lanka,town,No_travel,2075,0.0
Sri Lanka,town,No_travel,2080,0.0
Sri Lanka,town,No_travel,2085,0.0
Sri Lanka,town,No_travel,2090,0.0
Sri Lanka,town,No_travel,2095,0.0
Sri Lanka,town,No_travel,2100,0.0
Sri Lanka,town,00_01,2011,0.0142978983785273
Sri Lanka,town,00_01,2012,0.014457210213512062
Sri Lanka,town,00_01,2013,0.014530725091804569
Sri Lanka,town,00_01,2014,0.014651940382622367
Sri Lanka,town,00_01,2015,0.014730410381278302
Sri Lanka,town,00_01,2016,0.014827721272385862
Sri Lanka,town,00_01,2017,0.01495540720766655
Sri Lanka,town,00_01,2018,0.014998043830623843
Sri Lanka,town,00_01,2019,0.014986183019498087
Sri Lanka,town,00_01,2020,0.014876314770087329
Sri Lanka,town,00_01,2025,0.014769680027897561
Sri Lanka,town,00_01,2030,0.015019776125460424
Sri Lanka,town,00_01,2035,0.015293898150657253
Sri Lanka,town,00_01,2040,0.0155828445771372
Sri Lanka,town,00_01,2045,0.015885130937585437
Sri Lanka,town,00_01,2050,0.01619805481232693
Sri Lanka,town,00_01,2055,0.01651630602732074
Sri Lanka,town,00_01,2060,0.016830161724684493
Sri Lanka,town,00_01,2065,0.01713297123492615
Sri Lanka,town,00_01,2070,0.017421998080868424
Sri Lanka,town,00_01,2075,0.01770669159948267
Sri Lanka,town,00_01,2080,0.01797851938295841
Sri Lanka,town,00_01,2085,0.018237585065133607
Sri Lanka,town,00_01,2090,0.01847797185439952
Sri Lanka,town,00_01,2095,0.018699924833915662
Sri Lanka,town,00_01,2100,0.018911209098435276
Sri Lanka,town,02_05,2011,0.0305435787015927
Sri Lanka,town,02_05,2012,0.03088390519162147
Sri Lanka,town,02_05,2013,0.03104094977337884
Sri Lanka,town,02_05,2014,0.03129989333815407
Sri Lanka,town,02_05,2015,0.03146752318949368
Sri Lanka,town,02_05,2016,0.03167540149317009
Sri Lanka,town,02_05,2017,0.031948167833374966
Sri Lanka,town,02_05,2018,0.032039249404553424
Sri Lanka,town,02_05,2019,0.032013912001216706
Sri Lanka,town,02_05,2020,0.03177920831023765
Sri Lanka,town,02_05,2025,0.03155141212969628
Sri Lanka,town,02_05,2030,0.032085674553210534
Sri Lanka,town,02_05,2035,0.03267126184924373
Sri Lanka,town,02_05,2040,0.03328851745451425
Sri Lanka,town,02_05,2045,0.03393427020756465
Sri Lanka,town,02_05,2050,0.03460274712233473
Sri Lanka,town,02_05,2055,0.03528260445344007
Sri Lanka,town,02_05,2060,0.03595307195429809
Sri Lanka,town,02_05,2065,0.03659994227487239
Sri Lanka,town,02_05,2070,0.0372173696744942
Sri Lanka,town,02_05,2075,0.037825540096567314
Sri Lanka,town,02_05,2080,0.03840622636793848
Sri Lanka,town,02_05,2085,0.038959649874170936
Sri Lanka,town,02_05,2090,0.03947317099611381
Sri Lanka,town,02_05,2095,0.03994731328740925
Sri Lanka,town,02_05,2100,0.040398664765151936
Sri Lanka,town,06_10,2011,0.0419722902791875
Sri Lanka,town,06_10,2012,0.042439959191489504
Sri Lanka,town,06_10,2013,0.04265576627934559
Sri Lanka,town,06_10,2014,0.043011600629107194
Sri Lanka,town,06_10,2015,0.0432419537533636
Sri Lanka,town,06_10,2016,0.04352761538423845
Sri Lanka,town,06_10,2017,0.04390244467720777
Sri Lanka,town,06_10,2018,0.044027606898109785
Sri Lanka,town,06_10,2019,0.04399278881545615
Sri Lanka,town,06_10,2020,0.043670264348247737
Sri Lanka,town,06_10,2025,0.043357232024577225
Sri Lanka,town,06_10,2030,0.04409140328014896
Sri Lanka,town,06_10,2035,0.04489610400670882
Sri Lanka,town,06_10,2040,0.045744322602636445
Sri Lanka,town,06_10,2045,0.04663170133007424
Sri Lanka,town,06_10,2050,0.047550307083047215
Sri Lanka,town,06_10,2055,0.04848455154498052
Sri Lanka,town,06_10,2060,0.049405892716023664
Sri Lanka,town,06_10,2065,0.05029480717930233
Sri Lanka,town,06_10,2070,0.051143261851115195
Sri Lanka,town,06_10,2075,0.051978995795190906
Sri Lanka,town,06_10,2080,0.05277696164527181
Sri Lanka,town,06_10,2085,0.0535374636243573
Sri Lanka,town,06_10,2090,0.05424313265565376
Sri Lanka,town,06_10,2095,0.05489468819465331
Sri Lanka,town,06_10,2100,0.05551492511668656
Sri Lanka,town,11_20,2011,0.0757320066192673
Sri Lanka,town,11_20,2012,0.07657583727340825
Sri Lanka,town,11_20,2013,0.07696522521715136
Sri Lanka,town,11_20,2014,0.07760726903111191
Sri Lanka,town,11_20,2015,0.07802290287465286
Sri Lanka,town,11_20,2016,0.07853833170582655
Sri Lanka,town,11_20,2017,0.07921464873087875
Sri Lanka,town,11_20,2018,0.07944048311062747
Sri Lanka,town,11_20,2019,0.07937765968001514
Sri Lanka,town,11_20,2020,0.07879571800080173
Sri Lanka,town,11_20,2025,0.07823090331352661
Sri Lanka,town,11_20,2030,0.0795555930556588
Sri Lanka,town,11_20,2035,0.08100754148032172
Sri Lanka,town,11_20,2040,0.08253801065162708
Sri Lanka,town,11_20,2045,0.08413913775746529
Sri Lanka,town,11_20,2050,0.0857966088294964
Sri Lanka,town,11_20,2055,0.08748229734695694
Sri Lanka,town,11_20,2060,0.08914470402526588
Sri Lanka,town,11_20,2065,0.09074860211062633
Sri Lanka,town,11_20,2070,0.09227949724154422
Sri Lanka,town,11_20,2075,0.09378743993811114
Sri Lanka,town,11_20,2080,0.09522723639997453
Sri Lanka,town,11_20,2085,0.09659943554686327
Sri Lanka,town,11_20,2090,0.09787269777281465
Sri Lanka,town,11_20,2095,0.09904832121542678
Sri Lanka,town,11_20,2100,0.10016743543036462
Sri Lanka,town,21_30,2011,0.0536494958683143
Sri Lanka,town,21_30,2012,0.05424727600400365
Sri Lanka,town,21_30,2013,0.054523123268741286
Sri Lanka,town,21_30,2014,0.054977955095890964
Sri Lanka,town,21_30,2015,0.05527239528263901
Sri Lanka,town,21_30,2016,0.05563753148043558
Sri Lanka,town,21_30,2017,0.05611664287680491
Sri Lanka,town,21_30,2018,0.056276626761612866
Sri Lanka,town,21_30,2019,0.0562321218616171
Sri Lanka,town,21_30,2020,0.05581986713460955
Sri Lanka,town,21_30,2025,0.05541974538181262
Sri Lanka,town,21_30,2030,0.05635817207905582
Sri Lanka,town,21_30,2035,0.05738675041056065
Sri Lanka,town,21_30,2040,0.05847095381606819
Sri Lanka,town,21_30,2045,0.05960521218163828
Sri Lanka,town,21_30,2050,0.06077938531398151
Sri Lanka,town,21_30,2055,0.06197354803579372
Sri Lanka,town,21_30,2060,0.0631512176130409
Sri Lanka,town,21_30,2065,0.06428743897498553
Sri Lanka,town,21_30,2070,0.06537194413558305
Sri Lanka,town,21_30,2075,0.06644018950607532
Sri Lanka,town,21_30,2080,0.06746015923591872
Sri Lanka,town,21_30,2085,0.06843224218667977
Sri Lanka,town,21_30,2090,0.06933423699151675
Sri Lanka,town,21_30,2095,0.07016706326725769
Sri Lanka,town,21_30,2100,0.07095985770293563
Sri Lanka,town,31_50,2011,0.0837659254033078
Sri Lanka,town,31_50,2012,0.08469927259405571
Sri Lanka,town,31_50,2013,0.08512996818637658
Sri Lanka,town,31_50,2014,0.08584012227612958
Sri Lanka,town,31_50,2015,0.08629984802601197
Sri Lanka,town,31_50,2016,0.0868699553683391
Sri Lanka,town,31_50,2017,0.08761801849248581
Sri Lanka,town,31_50,2018,0.08786781018099392
Sri Lanka,town,31_50,2019,0.08779832221893967
Sri Lanka,town,31_50,2020,0.08715464611069741
Sri Lanka,town,31_50,2025,0.08652991388619904
Sri Lanka,town,31_50,2030,0.08799513139561786
Sri Lanka,town,31_50,2035,0.08960110763814913
Sri Lanka,town,31_50,2040,0.09129393438549971
Sri Lanka,town,31_50,2045,0.09306491471067618
Sri Lanka,town,31_50,2050,0.0948982161690133
Sri Lanka,town,31_50,2055,0.09676272847906858
Sri Lanka,town,31_50,2060,0.09860148913023242
Sri Lanka,town,31_50,2065,0.1003755343902273
Sri Lanka,town,31_50,2070,0.1020688322844908
Sri Lanka,town,31_50,2075,0.10373674286908836
Sri Lanka,town,31_50,2080,0.10532927802567973
Sri Lanka,town,31_50,2085,0.10684704490533775
Sri Lanka,town,31_50,2090,0.10825537928599258
Sri Lanka,town,31_50,2095,0.10955571701626438
Sri Lanka,town,31_50,2100,0.11079355082037244
Sri Lanka,town,51+,2011,0.068333385372376
Sri Lanka,town,51+,2012,0.06909477818173763
Sri Lanka,town,51+,2013,0.06944612495844361
Sri Lanka,town,51+,2014,0.07002544444730757
Sri Lanka,town,51+,2015,0.07040047303657064
Sri Lanka,town,51+,2016,0.07086554716473543
Sri Lanka,town,51+,2017,0.07147579155109021
Sri Lanka,town,51+,2018,0.07167956309222055
Sri Lanka,town,51+,2019,0.0716228771824436
Sri Lanka,town,51+,2020,0.07109778816387505
Sri Lanka,town,51+,2025,0.0705881529196436
Sri Lanka,town,51+,2030,0.07178342739722389
Sri Lanka,town,51+,2035,0.07309352804914644
Sri Lanka,town,51+,2040,0.07447447838113914
Sri Lanka,town,51+,2045,0.0759191837367419
Sri Lanka,town,51+,2050,0.0774147285475122
Sri Lanka,town,51+,2055,0.07893573410676691
Sri Lanka,town,51+,2060,0.08043573234087677
Sri Lanka,town,51+,2065,0.08188293796578448
Sri Lanka,town,51+,2070,0.08326427264336175
Sri Lanka,town,51+,2075,0.08462489721946737
Sri Lanka,town,51+,2080,0.08592403309184583
Sri Lanka,town,51+,2085,0.0871621755536374
Sri Lanka,town,51+,2090,0.08831104671459102
Sri Lanka,town,51+,2095,0.08937181789104597
Sri Lanka,town,51+,2100,0.09038160049603501
Sri Lanka,rural,No_travel,2011,0.0
Sri Lanka,rural,No_travel,2012,0.0
Sri Lanka,rural,No_travel,2013,0.0
Sri Lanka,rural,No_travel,2014,0.0
Sri Lanka,rural,No_travel,2015,0.0
Sri Lanka,rural,No_travel,2016,0.0
Sri Lanka,rural,No_travel,2017,0.0
Sri Lanka,rural,No_travel,2018,0.0
Sri Lanka,rural,No_travel,2019,0.0
Sri Lanka,rural,No_travel,2020,0.0
Sri Lanka,rural,No_travel,2025,0.0
Sri Lanka,rural,No_travel,2030,0.0
Sri Lanka,rural,No_travel,2035,0.0
Sri Lanka,rural,No_travel,2040,0.0
Sri Lanka,rural,No_travel,2045,0.0
Sri Lanka,rural,No_travel,2050,0.0
Sri Lanka,rural,No_travel,2055,0.0
Sri Lanka,rural,No_travel,2060,0.0
Sri Lanka,rural,No_travel,2065,0.0
Sri Lanka,rural,No_travel,2070,0.0
Sri Lanka,rural,No_travel,2075,0.0
Sri Lanka,rural,No_travel,2080,0.0
Sri Lanka,rural,No_travel,2085,0.0
Sri Lanka,rural,No_travel,2090,0.0
Sri Lanka,rural,No_travel,2095,0.0
Sri Lanka,rural,No_travel,2100,0.0
Sri Lanka,rural,00_01,2011,0.00800533451099545
Sri Lanka,rural,00_01,2012,0.008094532552333389
Sri Lanka,rural,00_01,2013,0.008135693230405522
Sri Lanka,rural,00_01,2014,0.008203561173312529
Sri Lanka,rural,00_01,2015,0.008247496202901319
Sri Lanka,rural,00_01,2016,0.00830198017070242
Sri Lanka,rural,00_01,2017,0.008373471000837728
Sri Lanka,rural,00_01,2018,0.00839734307071514
Sri Lanka,rural,00_01,2019,0.008390702251335978
Sri Lanka,rural,00_01,2020,0.00832918747025518
Sri Lanka,rural,00_01,2025,0.008269483116571644
Sri Lanka,rural,00_01,2030,0.008409510893233706
Sri Lanka,rural,00_01,2035,0.00856299068798646
Sri Lanka,rural,00_01,2040,0.00872477060406158
Sri Lanka,rural,00_01,2045,0.008894019494313432
Sri Lanka,rural,00_01,2050,0.009069224285077969
Sri Lanka,rural,00_01,2055,0.009247411831744433
Sri Lanka,rural,00_01,2060,0.009423138346163637
Sri Lanka,rural,00_01,2065,0.009592680145833697
Sri Lanka,rural,00_01,2070,0.009754505088435098
Sri Lanka,rural,00_01,2075,0.009913903818883628
Sri Lanka,rural,00_01,2080,0.010066099077130379
Sri Lanka,rural,00_01,2085,0.010211148887335094
Sri Lanka,rural,00_01,2090,0.010345740462205134
Sri Lanka,rural,00_01,2095,0.010470011022793763
Sri Lanka,rural,00_01,2100,0.010588308213724239
Sri Lanka,rural,02_05,2011,0.018205337195522
Sri Lanka,rural,02_05,2012,0.018408186984935154
Sri Lanka,rural,02_05,2013,0.0185017925703695
Sri Lanka,rural,02_05,2014,0.01865613450120218
Sri Lanka,rural,02_05,2015,0.018756049380119547
Sri Lanka,rural,02_05,2016,0.018879954134406407
Sri Lanka,rural,02_05,2017,0.019042535056816762
Sri Lanka,rural,02_05,2018,0.019096823741577704
Sri Lanka,rural,02_05,2019,0.019081721517443768
Sri Lanka,rural,02_05,2020,0.01894182763411554
Sri Lanka,rural,02_05,2025,0.018806050935545784
Sri Lanka,rural,02_05,2030,0.019124495203848457
Sri Lanka,rural,02_05,2035,0.019473531388699398
Sri Lanka,rural,02_05,2040,0.01984144330038347
Sri Lanka,rural,02_05,2045,0.02022634078502583
Sri Lanka,rural,02_05,2050,0.020624782885072773
Sri Lanka,rural,02_05,2055,0.021030008221584337
Sri Lanka,rural,02_05,2060,0.021429636799853147
Sri Lanka,rural,02_05,2065,0.021815200404658126
Sri Lanka,rural,02_05,2070,0.022183214713449098
Sri Lanka,rural,02_05,2075,0.022545711450139835
Sri Lanka,rural,02_05,2080,0.022891826405378242
Sri Lanka,rural,02_05,2085,0.023221691534848633
Sri Lanka,rural,02_05,2090,0.02352777306096349
Sri Lanka,rural,02_05,2095,0.023810383045079098
Sri Lanka,rural,02_05,2100,0.024079408686320483
Sri Lanka,rural,06_10,2011,0.0247885032228387
Sri Lanka,rural,06_10,2012,0.025064704789698827
Sri Lanka,rural,06_10,2013,0.025192158751759234
Sri Lanka,rural,06_10,2014,0.025402311709036292
Sri Lanka,rural,06_10,2015,0.025538356445338237
Sri Lanka,rural,06_10,2016,0.02570706594892932
Sri Lanka,rural,06_10,2017,0.02592843716967949
Sri Lanka,rural,06_10,2018,0.026002356989054842
Sri Lanka,rural,06_10,2019,0.025981793704365545
Sri Lanka,rural,06_10,2020,0.025791313300707316
Sri Lanka,rural,06_10,2025,0.02560643888207196
Sri Lanka,rural,06_10,2030,0.02604003462854662
Sri Lanka,rural,06_10,2035,0.026515284523681387
Sri Lanka,rural,06_10,2040,0.027016235728844703
Sri Lanka,rural,06_10,2045,0.02754031459846688
Sri Lanka,rural,06_10,2050,0.028082835902799416
Sri Lanka,rural,06_10,2055,0.028634593305159623
Sri Lanka,rural,06_10,2060,0.029178730125805356
Sri Lanka,rural,06_10,2065,0.02970371598888887
Sri Lanka,rural,06_10,2070,0.03020480661860594
Sri Lanka,rural,06_10,2075,0.030698384486965175
Sri Lanka,rural,06_10,2080,0.031169656817230513
Sri Lanka,rural,06_10,2085,0.03161880328110322
Sri Lanka,rural,06_10,2090,0.0320355658389764
Sri Lanka,rural,06_10,2095,0.03242036939558283
Sri Lanka,rural,06_10,2100,0.03278667642430288
Sri Lanka,rural,11_20,2011,0.0423833067134091
Sri Lanka,rural,11_20,2012,0.04285555530452901
Sri Lanka,rural,11_20,2013,0.04307347569759528
Sri Lanka,rural,11_20,2014,0.043432794578809414
Sri Lanka,rural,11_20,2015,0.043665403451301474
Sri Lanka,rural,11_20,2016,0.04395386244262854
Sri Lanka,rural,11_20,2017,0.04433236227629062
Sri Lanka,rural,11_20,2018,0.044458750156535796
Sri Lanka,rural,11_20,2019,0.04442359111550025
Sri Lanka,rural,11_20,2020,0.04409790830607178
Sri Lanka,rural,11_20,2025,0.04378181059262588
Sri Lanka,rural,11_20,2030,0.04452317126887412
Sri Lanka,rural,11_20,2035,0.045335752080629385
Sri Lanka,rural,11_20,2040,0.046192276913372285
Sri Lanka,rural,11_20,2045,0.04708834535580847
Sri Lanka,rural,11_20,2050,0.048015946616496906
Sri Lanka,rural,11_20,2055,0.04895933972923962
Sri Lanka,rural,11_20,2060,0.04988970319476097
Sri Lanka,rural,11_20,2065,0.050787322411833015
Sri Lanka,rural,11_20,2070,0.05164408563224991
Sri Lanka,rural,11_20,2075,0.05248800355636024
Sri Lanka,rural,11_20,2080,0.053293783539912286
Sri Lanka,rural,11_20,2085,0.054061732785029314
Sri Lanka,rural,11_20,2090,0.05477431212708211
Sri Lanka,rural,11_20,2095,0.05543224806687836
Sri Lanka,rural,11_20,2100,0.05605855870007607
Sri Lanka,rural,21_30,2011,0.0366772116814261
Sri Lanka,rural,21_30,2012,0.03708588110544912
Sri Lanka,rural,21_30,2013,0.03727446271943779
Sri Lanka,rural,21_30,2014,0.03758540624153099
Sri Lanka,rural,21_30,2015,0.037786698814407806
Sri Lanka,rural,21_30,2016,0.03803632236449684
Sri Lanka,rural,21_30,2017,0.03836386449362987
Sri Lanka,rural,21_30,2018,0.038473236682757636
Sri Lanka,rural,21_30,2019,0.038442811128675786
Sri Lanka,rural,21_30,2020,0.0381609752298588
Sri Lanka,rural,21_30,2025,0.0378874339786661
Sri Lanka,rural,21_30,2030,0.03852898473446022
Sri Lanka,rural,21_30,2035,0.039232167207751856
Sri Lanka,rural,21_30,2040,0.03997337748691515
Sri Lanka,rural,21_30,2045,0.04074880759118967
Sri Lanka,rural,21_30,2050,0.04155152522774123
Sri Lanka,rural,21_30,2055,0.04236790864795976
Sri Lanka,rural,21_30,2060,0.04317301661172314
Sri Lanka,rural,21_30,2065,0.04394978870873018
Sri Lanka,rural,21_30,2070,0.04469120528126366
Sri Lanka,rural,21_30,2075,0.04542150592896068
Sri Lanka,rural,21_30,2080,0.046118803174435966
Sri Lanka,rural,21_30,2085,0.04678336286097023
Sri Lanka,rural,21_30,2090,0.047400007134268826
Sri Lanka,rural,21_30,2095,0.047969364685813774
Sri Lanka,rural,21_30,2100,0.0485113546685079
Sri Lanka,rural,31_50,2011,0.0541066561101835
Sri Lanka,rural,31_50,2012,0.05470953007400661
Sri Lanka,rural,31_50,2013,0.05498772789955056
Sri Lanka,rural,31_50,2014,0.05544643545795818
Sri Lanka,rural,31_50,2015,0.05574338464026734
Sri Lanka,rural,31_50,2016,0.05611163225131762
Sri Lanka,rural,31_50,2017,0.0565948262709866
Sri Lanka,rural,31_50,2018,0.05675617341690803
Sri Lanka,rural,31_50,2019,0.05671128927996851
Sri Lanka,rural,31_50,2020,0.05629552163140112
Sri Lanka,rural,31_50,2025,0.05589199034503216
Sri Lanka,rural,31_50,2030,0.05683841360158957
Sri Lanka,rural,31_50,2035,0.05787575669614019
Sri Lanka,rural,31_50,2040,0.05896919885931125
Sri Lanka,rural,31_50,2045,0.06011312251288364
Sri Lanka,rural,31_50,2050,0.061297301056545114
Sri Lanka,rural,31_50,2055,0.06250163952576927
Sri Lanka,rural,31_50,2060,0.06368934430838163
Sri Lanka,rural,31_50,2065,0.06483524768549222
Sri Lanka,rural,31_50,2070,0.06592899417508087
Sri Lanka,rural,31_50,2075,0.06700634232098689
Sri Lanka,rural,31_50,2080,0.06803500345791338
Sri Lanka,rural,31_50,2085,0.0690153697610097
Sri Lanka,rural,31_50,2090,0.0699250506802541
Sri Lanka,rural,31_50,2095,0.07076497366875051
Sri Lanka,rural,31_50,2100,0.07156452369625835
Sri Lanka,rural,51+,2011,0.0357459136063553
Sri Lanka,rural,51+,2012,0.03614420620426519
Sri Lanka,rural,51+,2013,0.03632799940370297
Sri Lanka,rural,51+,2014,0.03663104752998211
Sri Lanka,rural,51+,2015,0.036827228934996036
Sri Lanka,rural,51+,2016,0.03707051410980972
Sri Lanka,rural,51+,2017,0.03738973937568129
Sri Lanka,rural,51+,2018,0.037496334415060444
Sri Lanka,rural,51+,2019,0.03746668141861453
Sri Lanka,rural,51+,2020,0.03719200182252671
Sri Lanka,rural,51+,2025,0.03692540625856076
Sri Lanka,rural,51+,2030,0.03755066692695344
Sri Lanka,rural,51+,2035,0.03823599437654567
Sri Lanka,rural,51+,2040,0.03895838404000341
Sri Lanka,rural,51+,2045,0.03971412462780826
Sri Lanka,rural,51+,2050,0.04049645987007535
Sri Lanka,rural,51+,2055,0.04129211389803873
Sri Lanka,rural,51+,2060,0.042076778772960205
Sri Lanka,rural,51+,2065,0.04283382727797245
Sri Lanka,rural,51+,2070,0.04355641799665358
Sri Lanka,rural,51+,2075,0.04426817504312675
Sri Lanka,rural,51+,2080,0.04494776670105346
Sri Lanka,rural,51+,2085,0.04559545206349202
Sri Lanka,rural,51+,2090,0.046196438668216606
Sri Lanka,rural,51+,2095,0.04675133924314113
Sri Lanka,rural,51+,2100,0.04727956715929718
