n,area_type,trip_dist,y,value
Afghanistan,large_city,No_travel,2011,0.0
Afghanistan,large_city,No_travel,2012,0.0
Afghanistan,large_city,No_travel,2013,0.0
Afghanistan,large_city,No_travel,2014,0.0
Afghanistan,large_city,No_travel,2015,0.0
Afghanistan,large_city,No_travel,2016,0.0
Afghanistan,large_city,No_travel,2017,0.0
Afghanistan,large_city,No_travel,2018,0.0
Afghanistan,large_city,No_travel,2019,0.0
Afghanistan,large_city,No_travel,2020,0.0
Afghanistan,large_city,No_travel,2025,0.0
Afghanistan,large_city,No_travel,2030,0.0
Afghanistan,large_city,No_travel,2035,0.0
Afghanistan,large_city,No_travel,2040,0.0
Afghanistan,large_city,No_travel,2045,0.0
Afghanistan,large_city,No_travel,2050,0.0
Afghanistan,large_city,No_travel,2055,0.0
Afghanistan,large_city,No_travel,2060,0.0
Afghanistan,large_city,No_travel,2065,0.0
Afghanistan,large_city,No_travel,2070,0.0
Afghanistan,large_city,No_travel,2075,0.0
Afghanistan,large_city,No_travel,2080,0.0
Afghanistan,large_city,No_travel,2085,0.0
Afghanistan,large_city,No_travel,2090,0.0
Afghanistan,large_city,No_travel,2095,0.0
Afghanistan,large_city,No_travel,2100,0.0
Afghanistan,large_city,00_01,2011,0.0263657402468568
Afghanistan,large_city,00_01,2012,0.026543741280178133
Afghanistan,large_city,00_01,2013,0.026588369247422906
Afghanistan,large_city,00_01,2014,0.026566386879469255
Afghanistan,large_city,00_01,2015,0.026529302581183252
Afghanistan,large_city,00_01,2016,0.026521068916973894
Afghanistan,large_city,00_01,2017,0.026515841211344565
Afghanistan,large_city,00_01,2018,0.0264772308730068
Afghanistan,large_city,00_01,2019,0.026498235648283006
Afghanistan,large_city,00_01,2020,0.02637426815764484
Afghanistan,large_city,00_01,2025,0.026476923892067544
Afghanistan,large_city,00_01,2030,0.02686313128074305
Afghanistan,large_city,00_01,2035,0.027300243881966505
Afghanistan,large_city,00_01,2040,0.02775990077108371
Afghanistan,large_city,00_01,2045,0.02821743581541562
Afghanistan,large_city,00_01,2050,0.02865622691265017
Afghanistan,large_city,00_01,2055,0.02906679829992813
Afghanistan,large_city,00_01,2060,0.029443985482913177
Afghanistan,large_city,00_01,2065,0.02978572141925795
Afghanistan,large_city,00_01,2070,0.030093229755187814
Afghanistan,large_city,00_01,2075,0.03036713545156911
Afghanistan,large_city,00_01,2080,0.030610358348798473
Afghanistan,large_city,00_01,2085,0.030825051909976652
Afghanistan,large_city,00_01,2090,0.031011192492107847
Afghanistan,large_city,00_01,2095,0.031171337421735255
Afghanistan,large_city,00_01,2100,0.031309296374181055
Afghanistan,large_city,02_05,2011,0.0607545651824544
Afghanistan,large_city,02_05,2012,0.061164732895562866
Afghanistan,large_city,02_05,2013,0.06126756910344276
Afghanistan,large_city,02_05,2014,0.06121691514136165
Afghanistan,large_city,02_05,2015,0.06113146180698272
Afghanistan,large_city,02_05,2016,0.06111248897768932
Afghanistan,large_city,02_05,2017,0.06110044277760398
Afghanistan,large_city,02_05,2018,0.06101147298971652
Afghanistan,large_city,02_05,2019,0.06105987428536432
Afghanistan,large_city,02_05,2020,0.0607742160440267
Afghanistan,large_city,02_05,2025,0.061010765613655434
Afghanistan,large_city,02_05,2030,0.06190070315189802
Afghanistan,large_city,02_05,2035,0.06290794155197552
Afghanistan,large_city,02_05,2040,0.06396712874603751
Afghanistan,large_city,02_05,2045,0.065021426573971
Afghanistan,large_city,02_05,2050,0.06603253273176589
Afghanistan,large_city,02_05,2055,0.06697861222268414
Afghanistan,large_city,02_05,2060,0.0678477645043988
Afghanistan,large_city,02_05,2065,0.06863522649201816
Afghanistan,large_city,02_05,2070,0.06934381783307206
Afghanistan,large_city,02_05,2075,0.06997497862464615
Afghanistan,large_city,02_05,2080,0.0705354370538514
Afghanistan,large_city,02_05,2085,0.07103015534488849
Afghanistan,large_city,02_05,2090,0.07145907901721124
Afghanistan,large_city,02_05,2095,0.07182810091739657
Afghanistan,large_city,02_05,2100,0.07214599967883456
Afghanistan,large_city,06_10,2011,0.0853273830804756
Afghanistan,large_city,06_10,2012,0.08590344740549453
Afghanistan,large_city,06_10,2013,0.08604787679080836
Afghanistan,large_city,06_10,2014,0.08597673530515935
Afghanistan,large_city,06_10,2015,0.08585671947793456
Afghanistan,large_city,06_10,2016,0.08583007288984071
Afghanistan,large_city,06_10,2017,0.0858131544784216
Afghanistan,large_city,06_10,2018,0.08568819993137047
Afghanistan,large_city,06_10,2019,0.0857561776361393
Afghanistan,large_city,06_10,2020,0.08535498193807924
Afghanistan,large_city,06_10,2025,0.08568720644967959
Afghanistan,large_city,06_10,2030,0.08693708851229125
Afghanistan,large_city,06_10,2035,0.0883517149944111
Afghanistan,large_city,06_10,2040,0.08983930150235903
Afghanistan,large_city,06_10,2045,0.09132002108902436
Afghanistan,large_city,06_10,2050,0.09274007968383274
Afghanistan,large_city,06_10,2055,0.09406881089775439
Afghanistan,large_city,06_10,2060,0.0952895008899289
Afghanistan,large_city,06_10,2065,0.09639546009607451
Afghanistan,large_city,06_10,2070,0.09739064859958924
Afghanistan,large_city,06_10,2075,0.09827708895985324
Afghanistan,large_city,06_10,2080,0.09906423064946719
Afghanistan,large_city,06_10,2085,0.09975904291599348
Afghanistan,large_city,06_10,2090,0.10036144924366049
Afghanistan,large_city,06_10,2095,0.1008797259023385
Afghanistan,large_city,06_10,2100,0.1013262021353025
Afghanistan,large_city,11_20,2011,0.150513087141122
Afghanistan,large_city,11_20,2012,0.15152923479291028
Afghanistan,large_city,11_20,2013,0.15178400075282467
Afghanistan,large_city,11_20,2014,0.15165851085447937
Afghanistan,large_city,11_20,2015,0.151446809147369
Afghanistan,large_city,11_20,2016,0.1513998059452199
Afghanistan,large_city,11_20,2017,0.15136996274318693
Afghanistan,large_city,11_20,2018,0.15114954938993494
Afghanistan,large_city,11_20,2019,0.15126945854256738
Afghanistan,large_city,11_20,2020,0.1505617700973961
Afghanistan,large_city,11_20,2025,0.1511477969396556
Afghanistan,large_city,11_20,2030,0.15335252420321846
Afghanistan,large_city,11_20,2035,0.1558478520954923
Afghanistan,large_city,11_20,2040,0.15847187769685817
Afghanistan,large_city,11_20,2045,0.16108379040451884
Afghanistan,large_city,11_20,2050,0.16358870026240482
Afghanistan,large_city,11_20,2055,0.16593251334758402
Afghanistan,large_city,11_20,2060,0.16808574730990036
Afghanistan,large_city,11_20,2065,0.17003660210421798
Afghanistan,large_city,11_20,2070,0.17179206311267387
Afghanistan,large_city,11_20,2075,0.1733556980253254
Afghanistan,large_city,11_20,2080,0.17474417522272798
Afghanistan,large_city,11_20,2085,0.17596978809684788
Afghanistan,large_city,11_20,2090,0.1770324016778245
Afghanistan,large_city,11_20,2095,0.17794661487732275
Afghanistan,large_city,11_20,2100,0.17873417584230827
Afghanistan,large_city,21_30,2011,0.157092054088329
Afghanistan,large_city,21_30,2012,0.15815261782340662
Afghanistan,large_city,21_30,2013,0.15841851967097959
Afghanistan,large_city,21_30,2014,0.15828754457590424
Afghanistan,large_city,21_30,2015,0.15806658933104373
Afghanistan,large_city,21_30,2016,0.15801753160646587
Afghanistan,large_city,21_30,2017,0.15798638395015918
Afghanistan,large_city,21_30,2018,0.15775633627079436
Afghanistan,large_city,21_30,2019,0.15788148668428206
Afghanistan,large_city,21_30,2020,0.15714286498953003
Afghanistan,large_city,21_30,2025,0.15775450722044865
Afghanistan,large_city,21_30,2030,0.1600556036972812
Afghanistan,large_city,21_30,2035,0.16266000303335792
Afghanistan,large_city,21_30,2040,0.1653987254895151
Afghanistan,large_city,21_30,2045,0.16812480559417148
Afghanistan,large_city,21_30,2050,0.1707392057261179
Afghanistan,large_city,21_30,2055,0.173185467502708
Afghanistan,large_city,21_30,2060,0.17543281989244322
Afghanistan,large_city,21_30,2065,0.17746894706708602
Afghanistan,large_city,21_30,2070,0.17930113974167877
Afghanistan,large_city,21_30,2075,0.18093312155095725
Afghanistan,large_city,21_30,2080,0.18238228945481047
Afghanistan,large_city,21_30,2085,0.18366147419262716
Afghanistan,large_city,21_30,2090,0.1847705348949783
Afghanistan,large_city,21_30,2095,0.18572470859582854
Afghanistan,large_city,21_30,2100,0.18654669405941396
Afghanistan,large_city,31_50,2011,0.147596045325267
Afghanistan,large_city,31_50,2012,0.14859249937268074
Afghanistan,large_city,31_50,2013,0.14884232780209564
Afghanistan,large_city,31_50,2014,0.14871926997984353
Afghanistan,large_city,31_50,2015,0.1485116711899203
Afghanistan,large_city,31_50,2016,0.14846557894049137
Afghanistan,large_city,31_50,2017,0.14843631411918198
Afghanistan,large_city,31_50,2018,0.14822017252050246
Afghanistan,large_city,31_50,2019,0.14833775775553426
Afghanistan,large_city,31_50,2020,0.1476437847740902
Afghanistan,large_city,31_50,2025,0.14821845403385273
Afghanistan,large_city,31_50,2030,0.15038045224479613
Afghanistan,large_city,31_50,2035,0.15282741905469308
Afghanistan,large_city,31_50,2040,0.15540058932812403
Afghanistan,large_city,31_50,2045,0.15796188146363163
Afghanistan,large_city,31_50,2050,0.16041824453439638
Afghanistan,large_city,31_50,2055,0.16271663299300068
Afghanistan,large_city,31_50,2060,0.16482813587646736
Afghanistan,large_city,31_50,2065,0.16674118183223294
Afghanistan,large_city,31_50,2070,0.16846262086117175
Afghanistan,large_city,31_50,2075,0.16999595150918045
Afghanistan,large_city,31_50,2080,0.17135751911272565
Afghanistan,large_city,31_50,2085,0.1725593788098178
Afghanistan,large_city,31_50,2090,0.1736013982464002
Afghanistan,large_city,31_50,2095,0.1744978933977061
Afghanistan,large_city,31_50,2100,0.17527019091742563
Afghanistan,large_city,51+,2011,0.0999074306415119
Afghanistan,large_city,51+,2012,0.10058192814183484
Afghanistan,large_city,51+,2013,0.10075103644300268
Afghanistan,large_city,51+,2014,0.10066773888029051
Afghanistan,large_city,51+,2015,0.10052721572697833
Afghanistan,large_city,51+,2016,0.10049601598715611
Afghanistan,large_city,51+,2017,0.10047620669552666
Afghanistan,large_city,51+,2018,0.1003299009342088
Afghanistan,large_city,51+,2019,0.10040949411495775
Afghanistan,large_city,51+,2020,0.09993974536689401
Afghanistan,large_city,51+,2025,0.10032873769446625
Afghanistan,large_city,51+,2030,0.10179218941385945
Afghanistan,large_city,51+,2035,0.10344853573603295
Afghanistan,large_city,51+,2040,0.10519030889841725
Afghanistan,large_city,51+,2045,0.10692404177599503
Afghanistan,large_city,51+,2050,0.1085867484059862
Afghanistan,large_city,51+,2055,0.1101425223768214
Afghanistan,large_city,51+,2060,0.11157179392277916
Afghanistan,large_city,51+,2065,0.11286673042137217
Afghanistan,large_city,51+,2070,0.11403196862276356
Afghanistan,large_city,51+,2075,0.1150698766847908
Afghanistan,large_city,51+,2080,0.11599151872889261
Afghanistan,large_city,51+,2085,0.11680505485083575
Afghanistan,large_city,51+,2090,0.11751039546045737
Afghanistan,large_city,51+,2095,0.11811723100914814
Afghanistan,large_city,51+,2100,0.11863999746075565
Afghanistan,city,No_travel,2011,0.0
Afghanistan,city,No_travel,2012,0.0
Afghanistan,city,No_travel,2013,0.0
Afghanistan,city,No_travel,2014,0.0
Afghanistan,city,No_travel,2015,0.0
Afghanistan,city,No_travel,2016,0.0
Afghanistan,city,No_travel,2017,0.0
Afghanistan,city,No_travel,2018,0.0
Afghanistan,city,No_travel,2019,0.0
Afghanistan,city,No_travel,2020,0.0
Afghanistan,city,No_travel,2025,0.0
Afghanistan,city,No_travel,2030,0.0
Afghanistan,city,No_travel,2035,0.0
Afghanistan,city,No_travel,2040,0.0
Afghanistan,city,No_travel,2045,0.0
Afghanistan,city,No_travel,2050,0.0
Afghanistan,city,No_travel,2055,0.0
Afghanistan,city,No_travel,2060,0.0
Afghanistan,city,No_travel,2065,0.0
Afghanistan,city,No_travel,2070,0.0
Afghanistan,city,No_travel,2075,0.0
Afghanistan,city,No_travel,2080,0.0
Afghanistan,city,No_travel,2085,0.0
Afghanistan,city,No_travel,2090,0.0
Afghanistan,city,No_travel,2095,0.0
Afghanistan,city,No_travel,2100,0.0
Afghanistan,city,00_01,2011,0.0203337654203297
Afghanistan,city,00_01,2012,0.020471043237005594
Afghanistan,city,00_01,2013,0.02050546118274294
Afghanistan,city,00_01,2014,0.02048850795824904
Afghanistan,city,00_01,2015,0.020459907834942618
Afghanistan,city,00_01,2016,0.02045355787491816
Afghanistan,city,00_01,2017,0.020449526167901477
Afghanistan,city,00_01,2018,0.02041974913318866
Afghanistan,city,00_01,2019,0.020435948419428085
Afghanistan,city,00_01,2020,0.02034034230896874
Afghanistan,city,00_01,2025,0.020419512383590552
Afghanistan,city,00_01,2030,0.020717362941602552
Afghanistan,city,00_01,2035,0.02105447257752895
Afghanistan,city,00_01,2040,0.021408968801402736
Afghanistan,city,00_01,2045,0.021761828617812947
Afghanistan,city,00_01,2050,0.02210023274211058
Afghanistan,city,00_01,2055,0.02241687328392903
Afghanistan,city,00_01,2060,0.022707767286015215
Afghanistan,city,00_01,2065,0.02297132060559856
Afghanistan,city,00_01,2070,0.02320847694215692
Afghanistan,city,00_01,2075,0.023419718277517234
Afghanistan,city,00_01,2080,0.02360729644868975
Afghanistan,city,00_01,2085,0.02377287224779035
Afghanistan,city,00_01,2090,0.02391642744088646
Afghanistan,city,00_01,2095,0.024039934287339863
Afghanistan,city,00_01,2100,0.024146330881951
Afghanistan,city,02_05,2011,0.0396703669770022
Afghanistan,city,02_05,2012,0.03993819053317885
Afghanistan,city,02_05,2013,0.04000533857535258
Afghanistan,city,02_05,2014,0.039972263509165176
Afghanistan,city,02_05,2015,0.03991646580698362
Afghanistan,city,02_05,2016,0.03990407728772748
Afghanistan,city,02_05,2017,0.039896211587814576
Afghanistan,city,02_05,2018,0.03983811777832451
Afghanistan,city,02_05,2019,0.039869721940986924
Afghanistan,city,02_05,2020,0.0396831982249528
Afghanistan,city,02_05,2025,0.0398376558892821
Afghanistan,city,02_05,2030,0.04041875047242446
Afghanistan,city,02_05,2035,0.041076437953923246
Afghanistan,city,02_05,2040,0.041768045976457745
Afghanistan,city,02_05,2045,0.042456461433165796
Afghanistan,city,02_05,2050,0.043116674409951504
Afghanistan,city,02_05,2055,0.04373442750359033
Afghanistan,city,02_05,2060,0.04430195012301773
Afghanistan,city,02_05,2065,0.044816132159141014
Afghanistan,city,02_05,2070,0.0452788147320788
Afghanistan,city,02_05,2075,0.045690938169190815
Afghanistan,city,02_05,2080,0.04605689571485271
Afghanistan,city,02_05,2085,0.046379927508377
Afghanistan,city,02_05,2090,0.046659997976087
Afghanistan,city,02_05,2095,0.04690095491749442
Afghanistan,city,02_05,2100,0.04710853043860805
Afghanistan,city,06_10,2011,0.0505698242635587
Afghanistan,city,06_10,2012,0.05091123250355169
Afghanistan,city,06_10,2013,0.05099682951086792
Afghanistan,city,06_10,2014,0.05095466705026924
Afghanistan,city,06_10,2015,0.05088353889571329
Afghanistan,city,06_10,2016,0.05086774662330926
Afghanistan,city,06_10,2017,0.050857719817594654
Afghanistan,city,06_10,2018,0.050783664698860406
Afghanistan,city,06_10,2019,0.05082395212430221
Afghanistan,city,06_10,2020,0.0505861809046334
Afghanistan,city,06_10,2025,0.050783075905524624
Afghanistan,city,06_10,2030,0.05152382657634777
Afghanistan,city,06_10,2035,0.05236221409061043
Afghanistan,city,06_10,2040,0.05324384183504527
Afghanistan,city,06_10,2045,0.054121399854264646
Afghanistan,city,06_10,2050,0.05496300674516962
Afghanistan,city,06_10,2055,0.0557504878743887
Afghanistan,city,06_10,2060,0.05647393767626918
Afghanistan,city,06_10,2065,0.05712939153736675
Afghanistan,city,06_10,2070,0.05771919642666458
Afghanistan,city,06_10,2075,0.05824455102703241
Afghanistan,city,06_10,2080,0.05871105562939149
Afghanistan,city,06_10,2085,0.059122840603287395
Afghanistan,city,06_10,2090,0.059479860601154254
Afghanistan,city,06_10,2095,0.059787020607743616
Afghanistan,city,06_10,2100,0.06005162762865214
Afghanistan,city,11_20,2011,0.0832808161760771
Afghanistan,city,11_20,2012,0.08384306366832997
Afghanistan,city,11_20,2013,0.0839840289324047
Afghanistan,city,11_20,2014,0.08391459376663571
Afghanistan,city,11_20,2015,0.08379745650442878
Afghanistan,city,11_20,2016,0.0837714490315092
Afghanistan,city,11_20,2017,0.0837549364061301
Afghanistan,city,11_20,2018,0.08363297887869117
Afghanistan,city,11_20,2019,0.08369932614647958
Afghanistan,city,11_20,2020,0.08330775307843809
Afghanistan,city,11_20,2025,0.0836320092255378
Afghanistan,city,11_20,2030,0.08485191301890699
Afghanistan,city,11_20,2035,0.08623260985692113
Afghanistan,city,11_20,2040,0.08768451678341835
Afghanistan,city,11_20,2045,0.08912972149090466
Afghanistan,city,11_20,2050,0.09051572015304525
Afghanistan,city,11_20,2055,0.09181258191042105
Afghanistan,city,11_20,2060,0.09300399380161174
Afghanistan,city,11_20,2065,0.09408342671072119
Afghanistan,city,11_20,2070,0.09505474573902875
Afghanistan,city,11_20,2075,0.0959199249350739
Afghanistan,city,11_20,2080,0.09668818712700634
Afghanistan,city,11_20,2085,0.09736633440583341
Afghanistan,city,11_20,2090,0.09795429209100495
Afghanistan,city,11_20,2095,0.0984601379470651
Afghanistan,city,11_20,2100,0.09889590550188855
Afghanistan,city,21_30,2011,0.0673025770269828
Afghanistan,city,21_30,2012,0.06775695183853088
Afghanistan,city,21_30,2013,0.0678708715379183
Afghanistan,city,21_30,2014,0.06781475818784416
Afghanistan,city,21_30,2015,0.06772009485510565
Afghanistan,city,21_30,2016,0.06769907717024355
Afghanistan,city,21_30,2017,0.06768573265355264
Afghanistan,city,21_30,2018,0.06758717387061366
Afghanistan,city,21_30,2019,0.06764079176613738
Afghanistan,city,21_30,2020,0.06732434582115726
Afghanistan,city,21_30,2025,0.06758639025490189
Afghanistan,city,21_30,2030,0.06857224357369204
Afghanistan,city,21_30,2035,0.06968804021880287
Afghanistan,city,21_30,2040,0.0708613846004188
Afghanistan,city,21_30,2045,0.07202931264929516
Afghanistan,city,21_30,2050,0.07314939391171688
Afghanistan,city,21_30,2055,0.07419744005639678
Afghanistan,city,21_30,2060,0.07516026792311932
Afghanistan,city,21_30,2065,0.07603260107073402
Afghanistan,city,21_30,2070,0.07681756304303541
Afghanistan,city,21_30,2075,0.07751674914804262
Afghanistan,city,21_30,2080,0.07813761272411675
Afghanistan,city,21_30,2085,0.07868565081457447
Afghanistan,city,21_30,2090,0.07916080306705961
Afghanistan,city,21_30,2095,0.0795695974479803
Afghanistan,city,21_30,2100,0.07992175873518907
Afghanistan,city,31_50,2011,0.128420945162782
Afghanistan,city,31_50,2012,0.12928794380287525
Afghanistan,city,31_50,2013,0.1295053155011704
Afghanistan,city,31_50,2014,0.12939824486924076
Afghanistan,city,31_50,2015,0.12921761650106303
Afghanistan,city,31_50,2016,0.12917751237616387
Afghanistan,city,31_50,2017,0.12915204952582607
Afghanistan,city,31_50,2018,0.12896398819714852
Afghanistan,city,31_50,2019,0.12906629721895663
Afghanistan,city,31_50,2020,0.12846248248938122
Afghanistan,city,31_50,2025,0.12896249296955406
Afghanistan,city,31_50,2030,0.13084361284019644
Afghanistan,city,31_50,2035,0.13297267930546933
Afghanistan,city,31_50,2040,0.135211553374558
Afghanistan,city,31_50,2045,0.1374400924668827
Afghanistan,city,31_50,2050,0.13957733446761103
Afghanistan,city,31_50,2055,0.14157712529909794
Afghanistan,city,31_50,2060,0.14341430999744914
Afghanistan,city,31_50,2065,0.14507882051490809
Afghanistan,city,31_50,2070,0.1465766169270629
Afghanistan,city,31_50,2075,0.14791074326242906
Afghanistan,city,31_50,2080,0.14909542133537446
Afghanistan,city,31_50,2085,0.15014114012759203
Afghanistan,city,31_50,2090,0.1510477844799458
Afghanistan,city,31_50,2095,0.15182781049223384
Afghanistan,city,31_50,2100,0.15249977414282276
Afghanistan,city,51+,2011,0.0842931032354429
Afghanistan,city,51+,2012,0.08486218490496132
Afghanistan,city,51+,2013,0.08500486361661252
Afghanistan,city,51+,2014,0.0849345844591177
Afghanistan,city,51+,2015,0.08481602338119731
Afghanistan,city,51+,2016,0.0847896997847154
Afghanistan,city,51+,2017,0.08477298644664213
Afghanistan,city,51+,2018,0.08464954651266005
Afghanistan,city,51+,2019,0.08471670023845031
Afghanistan,city,51+,2020,0.0843203675586786
Afghanistan,city,51+,2025,0.08464856507327084
Afghanistan,city,51+,2030,0.08588329692525426
Afghanistan,city,51+,2035,0.08728077627821247
Afghanistan,city,51+,2040,0.08875033128575141
Afghanistan,city,51+,2045,0.09021310260810411
Afghanistan,city,51+,2050,0.09161594822941733
Afghanistan,city,51+,2055,0.09292857347753514
Afghanistan,city,51+,2060,0.0941344671052794
Afghanistan,city,51+,2065,0.09522702063466511
Afghanistan,city,51+,2070,0.0962101461476833
Afghanistan,city,51+,2075,0.09708584168764056
Afghanistan,city,51+,2080,0.09786344218713053
Afghanistan,city,51+,2085,0.09854983241729046
Afghanistan,city,51+,2090,0.0991449367898203
Afghanistan,city,51+,2095,0.09965693125533981
Afghanistan,city,51+,2100,0.10009799561051769
Afghanistan,town,No_travel,2011,0.0
Afghanistan,town,No_travel,2012,0.0
Afghanistan,town,No_travel,2013,0.0
Afghanistan,town,No_travel,2014,0.0
Afghanistan,town,No_travel,2015,0.0
Afghanistan,town,No_travel,2016,0.0
Afghanistan,town,No_travel,2017,0.0
Afghanistan,town,No_travel,2018,0.0
Afghanistan,town,No_travel,2019,0.0
Afghanistan,town,No_travel,2020,0.0
Afghanistan,town,No_travel,2025,0.0
Afghanistan,town,No_travel,2030,0.0
Afghanistan,town,No_travel,2035,0.0
Afghanistan,town,No_travel,2040,0.0
Afghanistan,town,No_travel,2045,0.0
Afghanistan,town,No_travel,2050,0.0
Afghanistan,town,No_travel,2055,0.0
Afghanistan,town,No_travel,2060,0.0
Afghanistan,town,No_travel,2065,0.0
Afghanistan,town,No_travel,2070,0.0
Afghanistan,town,No_travel,2075,0.0
Afghanistan,town,No_travel,2080,0.0
Afghanistan,town,No_travel,2085,0.0
Afghanistan,town,No_travel,2090,0.0
Afghanistan,town,No_travel,2095,0.0
Afghanistan,town,No_travel,2100,0.0
Afghanistan,town,00_01,2011,0.0142978983785273
Afghanistan,town,00_01,2012,0.014394426701338364
Afghanistan,town,00_01,2013,0.014418628037410544
Afghanistan,town,00_01,2014,0.01440670720150084
Afghanistan,town,00_01,2015,0.014386596727705382
Afghanistan,town,00_01,2016,0.014382131687352025
Afghanistan,town,00_01,2017,0.014379296750682651
Afghanistan,town,00_01,2018,0.014358358719406258
Afghanistan,town,00_01,2019,0.014369749415800562
Afghanistan,town,00_01,2020,0.01430252298609329
Afghanistan,town,00_01,2025,0.014358192246467038
Afghanistan,town,00_01,2030,0.014567628960347167
Afghanistan,town,00_01,2035,0.014804671102678512
Afghanistan,town,00_01,2040,0.015053938804933576
Afghanistan,town,00_01,2045,0.015302055850281942
Afghanistan,town,00_01,2050,0.015540008225558415
Afghanistan,town,00_01,2055,0.01576265731173877
Afghanistan,town,00_01,2060,0.0159672024510563
Afghanistan,town,00_01,2065,0.01615252270546224
Afghanistan,town,00_01,2070,0.016319281647047407
Afghanistan,town,00_01,2075,0.016467818186340147
Afghanistan,town,00_01,2080,0.016599715725925862
Afghanistan,town,00_01,2085,0.01671614206903283
Afghanistan,town,00_01,2090,0.01681708439428194
Afghanistan,town,00_01,2095,0.016903929516330886
Afghanistan,town,00_01,2100,0.016978743387058952
Afghanistan,town,02_05,2011,0.0305435787015927
Afghanistan,town,02_05,2012,0.030749785260532878
Afghanistan,town,02_05,2013,0.030801484845565212
Afghanistan,town,02_05,2014,0.030776019215571392
Afghanistan,town,02_05,2015,0.030733058647323095
Afghanistan,town,02_05,2016,0.03072352030064948
Afghanistan,town,02_05,2017,0.03071746422800281
Afghanistan,town,02_05,2018,0.030672735807838112
Afghanistan,town,02_05,2019,0.03069706893866438
Afghanistan,town,02_05,2020,0.03055345792030137
Afghanistan,town,02_05,2025,0.03067238018359278
Afghanistan,town,02_05,2030,0.031119784870914356
Afghanistan,town,02_05,2035,0.03162616106259052
Afghanistan,town,02_05,2040,0.032158653844398706
Afghanistan,town,02_05,2045,0.03268868856007313
Afghanistan,town,02_05,2050,0.03319700921735259
Afghanistan,town,02_05,2055,0.033672638551577004
Afghanistan,town,02_05,2060,0.034109593717670215
Afghanistan,town,02_05,2065,0.0345054801357712
Afghanistan,town,02_05,2070,0.03486171534752443
Afghanistan,town,02_05,2075,0.035179023343275995
Afghanistan,town,02_05,2080,0.035460786632832794
Afghanistan,town,02_05,2085,0.03570949991079027
Afghanistan,town,02_05,2090,0.03592513578775231
Afghanistan,town,02_05,2095,0.036110656816782355
Afghanistan,town,02_05,2100,0.036270476343265017
Afghanistan,town,06_10,2011,0.0419722902791875
Afghanistan,town,06_10,2012,0.04225565463651667
Afghanistan,town,06_10,2013,0.042326699028907316
Afghanistan,town,06_10,2014,0.04229170474010162
Afghanistan,town,06_10,2015,0.04223266930556093
Afghanistan,town,06_10,2016,0.042219561926779954
Afghanistan,town,06_10,2017,0.04221123980966456
Afghanistan,town,06_10,2018,0.042149775033279845
Afghanistan,town,06_10,2019,0.04218321306752003
Afghanistan,town,06_10,2020,0.041985866076556334
Afghanistan,town,06_10,2025,0.04214928634254058
Afghanistan,town,06_10,2030,0.04276409967505787
Afghanistan,town,06_10,2035,0.04345995030589418
Afghanistan,town,06_10,2040,0.04419168976013369
Afghanistan,town,06_10,2045,0.04492005139587003
Afghanistan,town,06_10,2050,0.04561857406705682
Afghanistan,town,06_10,2055,0.046272173066584765
Afghanistan,town,06_10,2060,0.04687262690499823
Afghanistan,town,06_10,2065,0.04741664500518423
Afghanistan,town,06_10,2070,0.04790617532058878
Afghanistan,town,06_10,2075,0.04834221274225795
Afghanistan,town,06_10,2080,0.04872940543813809
Afghanistan,town,06_10,2085,0.04907118156073026
Afghanistan,town,06_10,2090,0.0493675034721501
Afghanistan,town,06_10,2095,0.04962244224535078
Afghanistan,town,06_10,2100,0.04984206259905422
Afghanistan,town,11_20,2011,0.0757320066192673
Afghanistan,town,11_20,2012,0.07624329040297728
Afghanistan,town,11_20,2013,0.07637147817541004
Afghanistan,town,11_20,2014,0.07630833681014641
Afghanistan,town,11_20,2015,0.07620181720186037
Afghanistan,town,11_20,2016,0.07617816712010406
Afghanistan,town,11_20,2017,0.07616315124595764
Afghanistan,town,11_20,2018,0.07605224829496174
Afghanistan,town,11_20,2019,0.07611258165808223
Afghanistan,town,11_20,2020,0.07575650188434241
Afghanistan,town,11_20,2025,0.07605136653392237
Afghanistan,town,11_20,2030,0.07716069478496855
Afghanistan,town,11_20,2035,0.078416241342709
Afghanistan,town,11_20,2040,0.07973654330439453
Afghanistan,town,11_20,2045,0.08105075055522344
Afghanistan,town,11_20,2050,0.08231111836470317
Afghanistan,town,11_20,2055,0.08349042889146613
Afghanistan,town,11_20,2060,0.08457384782721673
Afghanistan,town,11_20,2065,0.08555543787365547
Afghanistan,town,11_20,2070,0.0864387137883113
Afghanistan,town,11_20,2075,0.08722547068636106
Afghanistan,town,11_20,2080,0.08792409541263356
Afghanistan,town,11_20,2085,0.08854077349730058
Afghanistan,town,11_20,2090,0.08907543702906903
Afghanistan,town,11_20,2095,0.08953543158097738
Afghanistan,town,11_20,2100,0.0899316999277786
Afghanistan,town,21_30,2011,0.0536494958683143
Afghanistan,town,21_30,2012,0.054011695662908234
Afghanistan,town,21_30,2013,0.05410250547601769
Afghanistan,town,21_30,2014,0.054057775347158686
Afghanistan,town,21_30,2015,0.053982315531160854
Afghanistan,town,21_30,2016,0.0539655615189524
Afghanistan,town,21_30,2017,0.053954924086855455
Afghanistan,town,21_30,2018,0.05387635905633737
Afghanistan,town,21_30,2019,0.053919099961536494
Afghanistan,town,21_30,2020,0.05366684861890293
Afghanistan,town,21_30,2025,0.053875734405844804
Afghanistan,town,21_30,2030,0.05466159634292919
Afghanistan,town,21_30,2035,0.055551041147958766
Afghanistan,town,21_30,2040,0.05648635948693374
Afghanistan,town,21_30,2045,0.05741736025689772
Afghanistan,town,21_30,2050,0.05831022049665315
Afghanistan,town,21_30,2055,0.059145658748687165
Afghanistan,town,21_30,2060,0.05991316620441089
Afghanistan,town,21_30,2065,0.06060853680782753
Afghanistan,town,21_30,2070,0.06123426045690688
Afghanistan,town,21_30,2075,0.06179160883357792
Afghanistan,town,21_30,2080,0.06228652328307994
Afghanistan,town,21_30,2085,0.06272338571195696
Afghanistan,town,21_30,2090,0.06310214801100386
Afghanistan,town,21_30,2095,0.06342801387556654
Afghanistan,town,21_30,2100,0.06370873530344758
Afghanistan,town,31_50,2011,0.0837659254033078
Afghanistan,town,31_50,2012,0.08433144797689394
Afghanistan,town,31_50,2013,0.08447323436104724
Afghanistan,town,31_50,2014,0.08440339473671077
Afghanistan,town,31_50,2015,0.08428557515209927
Afghanistan,town,31_50,2016,0.08425941618612678
Afghanistan,town,31_50,2017,0.08424280737500763
Afghanistan,town,31_50,2018,0.08412013944720752
Afghanistan,town,31_50,2019,0.08418687318661427
Afghanistan,town,31_50,2020,0.08379301921263113
Afghanistan,town,31_50,2025,0.08411916414584229
Afghanistan,town,31_50,2030,0.08534617385644032
Afghanistan,town,31_50,2035,0.08673491322822015
Afghanistan,town,31_50,2040,0.08819527748594276
Afghanistan,town,31_50,2045,0.08964890048435166
Afghanistan,town,31_50,2050,0.09104297256328624
Afghanistan,town,31_50,2055,0.09234738851662015
Afghanistan,town,31_50,2060,0.0935457403602319
Afghanistan,town,31_50,2065,0.09463146094624497
Afghanistan,town,31_50,2070,0.0956084378900828
Afghanistan,town,31_50,2075,0.09647865673908143
Afghanistan,town,31_50,2080,0.09725139404419542
Afghanistan,town,31_50,2085,0.09793349151848749
Afghanistan,town,31_50,2090,0.09852487404639466
Afghanistan,town,31_50,2095,0.09903366644529142
Afghanistan,town,31_50,2100,0.0994719723381317
Afghanistan,town,51+,2011,0.068333385372376
Afghanistan,town,51+,2012,0.06879471940255093
Afghanistan,town,51+,2013,0.06891038389956752
Afghanistan,town,51+,2014,0.06885341111569307
Afghanistan,town,51+,2015,0.06875729791643087
Afghanistan,town,51+,2016,0.06873595832405921
Afghanistan,town,51+,2017,0.06872240942233912
Afghanistan,town,51+,2018,0.06862234111004104
Afghanistan,town,51+,2019,0.0686767802189062
Afghanistan,town,51+,2020,0.0683554875780734
Afghanistan,town,51+,2025,0.06862154549244685
Afghanistan,town,51+,2030,0.06962249817107186
Afghanistan,town,51+,2035,0.07075538439201097
Afghanistan,town,51+,2040,0.0719466997523623
Afghanistan,town,51+,2045,0.07313251582325478
Afghanistan,town,51+,2050,0.07426975228483566
Afghanistan,town,51+,2055,0.0753338503365898
Afghanistan,town,51+,2060,0.0763114249046132
Afghanistan,town,51+,2065,0.07719711873362
Afghanistan,town,51+,2070,0.07799410320769781
Afghanistan,town,51+,2075,0.07870399806865258
Afghanistan,town,51+,2080,0.07933437081040563
Afghanistan,town,51+,2085,0.0798908026691586
Afghanistan,town,51+,2090,0.08037323236819675
Afghanistan,town,51+,2095,0.08078828785646305
Afghanistan,town,51+,2100,0.08114584285680757
Afghanistan,rural,No_travel,2011,0.0
Afghanistan,rural,No_travel,2012,0.0
Afghanistan,rural,No_travel,2013,0.0
Afghanistan,rural,No_travel,2014,0.0
Afghanistan,rural,No_travel,2015,0.0
Afghanistan,rural,No_travel,2016,0.0
Afghanistan,rural,No_travel,2017,0.0
Afghanistan,rural,No_travel,2018,0.0
Afghanistan,rural,No_travel,2019,0.0
Afghanistan,rural,No_travel,2020,0.0
Afghanistan,rural,No_travel,2025,0.0
Afghanistan,rural,No_travel,2030,0.0
Afghanistan,rural,No_travel,2035,0.0
Afghanistan,rural,No_travel,2040,0.0
Afghanistan,rural,No_travel,2045,0.0
Afghanistan,rural,No_travel,2050,0.0
Afghanistan,rural,No_travel,2055,0.0
Afghanistan,rural,No_travel,2060,0.0
Afghanistan,rural,No_travel,2065,0.0
Afghanistan,rural,No_travel,2070,0.0
Afghanistan,rural,No_travel,2075,0.0
Afghanistan,rural,No_travel,2080,0.0
Afghanistan,rural,No_travel,2085,0.0
Afghanistan,rural,No_travel,2090,0.0
Afghanistan,rural,No_travel,2095,0.0
Afghanistan,rural,No_travel,2100,0.0
Afghanistan,rural,00_01,2011,0.00800533451099545
Afghanistan,rural,00_01,2012,0.008059380322025163
Afghanistan,rural,00_01,2013,0.008072930550579158
Afghanistan,rural,00_01,2014,0.008066256123570276
Afghanistan,rural,00_01,2015,0.008054996351983913
Afghanistan,rural,00_01,2016,0.008052496394249748
Afghanistan,rural,00_01,2017,0.008050909124865465
Afghanistan,rural,00_01,2018,0.008039186007248338
Afghanistan,rural,00_01,2019,0.008045563611322411
Afghanistan,rural,00_01,2020,0.00800792380975585
Afghanistan,rural,00_01,2025,0.008039092799734185
Afghanistan,rural,00_01,2030,0.008156355554658504
Afghanistan,rural,00_01,2035,0.008289074475462644
Afghanistan,rural,00_01,2040,0.008428638436998124
Afghanistan,rural,00_01,2045,0.0085675581504629
Afghanistan,rural,00_01,2050,0.008700786706950256
Afghanistan,rural,00_01,2055,0.008825447014797875
Afghanistan,rural,00_01,2060,0.00893997099723813
Afghanistan,rural,00_01,2065,0.00904373104566667
Afghanistan,rural,00_01,2070,0.009137098691368618
Afghanistan,rural,00_01,2075,0.009220263688955241
Afghanistan,rural,00_01,2080,0.009294112579023356
Afghanistan,rural,00_01,2085,0.009359299209798612
Afghanistan,rural,00_01,2090,0.009415816402643568
Afghanistan,rural,00_01,2095,0.009464440629382662
Afghanistan,rural,00_01,2100,0.009506328607978173
Afghanistan,rural,02_05,2011,0.018205337195522
Afghanistan,rural,02_05,2012,0.018328245515274278
Afghanistan,rural,02_05,2013,0.0183590607772178
Afghanistan,rural,02_05,2014,0.018343882124268737
Afghanistan,rural,02_05,2015,0.018318275706673975
Afghanistan,rural,02_05,2016,0.018312590426007375
Afghanistan,rural,02_05,2017,0.018308980736203496
Afghanistan,rural,02_05,2018,0.018282320599901952
Afghanistan,rural,02_05,2019,0.018296824232761837
Afghanistan,rural,02_05,2020,0.018211225651147217
Afghanistan,rural,02_05,2025,0.018282108631967074
Afghanistan,rural,02_05,2030,0.018548781809826276
Afghanistan,rural,02_05,2035,0.018850604638359733
Afghanistan,rural,02_05,2040,0.019167994121161037
Afghanistan,rural,02_05,2045,0.019483918486752235
Afghanistan,rural,02_05,2050,0.019786900303638656
Afghanistan,rural,02_05,2055,0.020070396631761644
Afghanistan,rural,02_05,2060,0.020330841428220205
Afghanistan,rural,02_05,2065,0.02056680741645851
Afghanistan,rural,02_05,2070,0.020779139514613975
Afghanistan,rural,02_05,2075,0.02096826925327133
Afghanistan,rural,02_05,2080,0.021136212759361974
Afghanistan,rural,02_05,2085,0.021284456982295263
Afghanistan,rural,02_05,2090,0.021412985596767718
Afghanistan,rural,02_05,2095,0.021523564416733434
Afghanistan,rural,02_05,2100,0.021618823993172453
Afghanistan,rural,06_10,2011,0.0247885032228387
Afghanistan,rural,06_10,2012,0.02495585597481313
Afghanistan,rural,06_10,2013,0.024997814231987707
Afghanistan,rural,06_10,2014,0.02497714688133634
Afghanistan,rural,06_10,2015,0.0249422810198444
Afghanistan,rural,06_10,2016,0.024934539905433106
Afghanistan,rural,06_10,2017,0.024929624928776758
Afghanistan,rural,06_10,2018,0.024893324317173986
Afghanistan,rural,06_10,2019,0.024913072556167253
Afghanistan,rural,06_10,2020,0.024796520981569314
Afghanistan,rural,06_10,2025,0.024893035700282114
Afghanistan,rural,06_10,2030,0.02525613959985907
Afghanistan,rural,06_10,2035,0.025667103487947242
Afghanistan,rural,06_10,2040,0.02609926303175676
Afghanistan,rural,06_10,2045,0.026529427662629786
Afghanistan,rural,06_10,2050,0.026941969636650343
Afghanistan,rural,06_10,2055,0.027327980044909533
Afghanistan,rural,06_10,2060,0.027682603340652312
Afghanistan,rural,06_10,2065,0.028003896135018365
Afghanistan,rural,06_10,2070,0.028293008873931737
Afghanistan,rural,06_10,2075,0.028550529132188508
Afghanistan,rural,06_10,2080,0.028779202081075542
Afghanistan,rural,06_10,2085,0.028981052360391044
Afghanistan,rural,06_10,2090,0.0291560577414977
Afghanistan,rural,06_10,2095,0.029306622567936185
Afghanistan,rural,06_10,2100,0.029436328614696236
Afghanistan,rural,11_20,2011,0.0423833067134091
Afghanistan,rural,11_20,2012,0.04266944593498704
Afghanistan,rural,11_20,2013,0.04274118603429856
Afghanistan,rural,11_20,2014,0.04270584906160053
Afghanistan,rural,11_20,2015,0.042646235518654596
Afghanistan,rural,11_20,2016,0.042632999784998224
Afghanistan,rural,11_20,2017,0.04262459617299944
Afghanistan,rural,11_20,2018,0.04256252949871848
Afghanistan,rural,11_20,2019,0.04259629497712502
Afghanistan,rural,11_20,2020,0.04239701545267339
Afghanistan,rural,11_20,2025,0.04256203602244277
Afghanistan,rural,11_20,2030,0.043182869955264734
Afghanistan,rural,11_20,2035,0.043885534749520165
Afghanistan,rural,11_20,2040,0.044624439810860464
Afghanistan,rural,11_20,2045,0.045359933976186026
Afghanistan,rural,11_20,2050,0.046065296976924165
Afghanistan,rural,11_20,2055,0.04672529638797147
Afghanistan,rural,11_20,2060,0.047331630210391946
Afghanistan,rural,11_20,2065,0.04788097564387816
Afghanistan,rural,11_20,2070,0.04837529971733934
Afghanistan,rural,11_20,2075,0.04881560706435806
Afghanistan,rural,11_20,2080,0.04920659137037333
Afghanistan,rural,11_20,2085,0.04955171435829678
Afghanistan,rural,11_20,2090,0.04985093802167257
Afghanistan,rural,11_20,2095,0.05010837329970558
Afghanistan,rural,11_20,2100,0.050330144300277734
Afghanistan,rural,21_30,2011,0.0366772116814261
Afghanistan,rural,21_30,2012,0.03692482777403391
Afghanistan,rural,21_30,2013,0.03698690945223535
Afghanistan,rural,21_30,2014,0.03695632992155856
Afghanistan,rural,21_30,2015,0.0369047421927272
Afghanistan,rural,21_30,2016,0.036893288395401846
Afghanistan,rural,21_30,2017,0.036886016167723815
Afghanistan,rural,21_30,2018,0.03683230557439145
Afghanistan,rural,21_30,2019,0.036861525182182206
Afghanistan,rural,21_30,2020,0.03668907480327455
Afghanistan,rural,21_30,2025,0.03683187853518125
Afghanistan,rural,21_30,2030,0.037369129149605815
Afghanistan,rural,21_30,2035,0.03797719367779985
Afghanistan,rural,21_30,2040,0.03861661941988526
Afghanistan,rural,21_30,2045,0.039253093477336874
Afghanistan,rural,21_30,2050,0.03986349295053639
Afghanistan,rural,21_30,2055,0.040434636166715415
Afghanistan,rural,21_30,2060,0.04095933883101905
Afghanistan,rural,21_30,2065,0.041434725494132435
Afghanistan,rural,21_30,2070,0.04186249836244959
Afghanistan,rural,21_30,2075,0.0422435268150121
Afghanistan,rural,21_30,2080,0.042581872623016284
Afghanistan,rural,21_30,2085,0.042880531455131196
Afghanistan,rural,21_30,2090,0.043139470421737436
Afghanistan,rural,21_30,2095,0.04336224700334135
Afghanistan,rural,21_30,2100,0.04355416081478101
Afghanistan,rural,31_50,2011,0.0541066561101835
Afghanistan,rural,31_50,2012,0.05447194229623408
Afghanistan,rural,31_50,2013,0.0545635259215752
Afghanistan,rural,31_50,2014,0.0545184146365432
Afghanistan,rural,31_50,2015,0.054442311809326446
Afghanistan,rural,31_50,2016,0.05442541503215534
Afghanistan,rural,31_50,2017,0.0544146869559442
Afghanistan,rural,31_50,2018,0.05433545245392833
Afghanistan,rural,31_50,2019,0.0543785575646478
Afghanistan,rural,31_50,2020,0.054124156727728336
Afghanistan,rural,31_50,2025,0.05433482248063887
Afghanistan,rural,31_50,2030,0.05512738093606735
Afghanistan,rural,31_50,2035,0.05602440491394124
Afghanistan,rural,31_50,2040,0.05696769332516294
Afghanistan,rural,31_50,2045,0.057906627376330934
Afghanistan,rural,31_50,2050,0.058807095892670434
Afghanistan,rural,31_50,2055,0.05964965311473735
Afghanistan,rural,31_50,2060,0.0604237006858604
Afghanistan,rural,31_50,2065,0.0611249967092293
Afghanistan,rural,31_50,2070,0.06175605229983255
Afghanistan,rural,31_50,2075,0.062318149975906324
Afghanistan,rural,31_50,2080,0.06281728171031992
Afghanistan,rural,31_50,2085,0.06325786674889562
Afghanistan,rural,31_50,2090,0.06363985657247824
Afghanistan,rural,31_50,2095,0.0639684992183517
Afghanistan,rural,31_50,2100,0.06425161274095405
Afghanistan,rural,51+,2011,0.0357459136063553
Afghanistan,rural,51+,2012,0.0359872422965181
Afghanistan,rural,51+,2013,0.03604774761313818
Afghanistan,rural,51+,2014,0.036017944549830365
Afghanistan,rural,51+,2015,0.0359676667229887
Afghanistan,rural,51+,2016,0.03595650375746087
Afghanistan,rural,51+,2017,0.03594941618426794
Afghanistan,rural,51+,2018,0.035897069396140166
Afghanistan,rural,51+,2019,0.03592554706736481
Afghanistan,rural,51+,2020,0.03575747550294602
Afghanistan,rural,51+,2025,0.03589665320019685
Afghanistan,rural,51+,2030,0.0364202620888711
Afghanistan,rural,51+,2035,0.0370128868031135
Afghanistan,rural,51+,2040,0.0376360764155845
Afghanistan,rural,51+,2045,0.03825638929181858
Afghanistan,rural,51+,2050,0.038851289662759386
Afghanistan,rural,51+,2055,0.039407930561193065
Afghanistan,rural,51+,2060,0.0399193101139828
Afghanistan,rural,51+,2065,0.04038262588446353
Afghanistan,rural,51+,2070,0.04079953685705394
Afghanistan,rural,51+,2075,0.041170890335752545
Afghanistan,rural,51+,2080,0.04150064495633388
Afghanistan,rural,51+,2085,0.04179172032223911
Afghanistan,rural,51+,2090,0.04204408437897336
Afghanistan,rural,51+,2095,0.04226120427643725
Afghanistan,rural,51+,2100,0.04244824506304816
Bangladesh,large_city,No_travel,2011,0.0
Bangladesh,large_city,No_travel,2012,0.0
Bangladesh,large_city,No_travel,2013,0.0
Bangladesh,large_city,No_travel,2014,0.0
Bangladesh,large_city,No_travel,2015,0.0
Bangladesh,large_city,No_travel,2016,0.0
Bangladesh,large_city,No_travel,2017,0.0
Bangladesh,large_city,No_travel,2018,0.0
Bangladesh,large_city,No_travel,2019,0.0
Bangladesh,large_city,No_travel,2020,0.0
Bangladesh,large_city,No_travel,2025,0.0
Bangladesh,large_city,No_travel,2030,0.0
Bangladesh,large_city,No_travel,2035,0.0
Bangladesh,large_city,No_travel,2040,0.0
Bangladesh,large_city,No_travel,2045,0.0
Bangladesh,large_city,No_travel,2050,0.0
Bangladesh,large_city,No_travel,2055,0.0
Bangladesh,large_city,No_travel,2060,0.0
Bangladesh,large_city,No_travel,2065,0.0
Bangladesh,large_city,No_travel,2070,0.0
Bangladesh,large_city,No_travel,2075,0.0
Bangladesh,large_city,No_travel,2080,0.0
Bangladesh,large_city,No_travel,2085,0.0
Bangladesh,large_city,No_travel,2090,0.0
Bangladesh,large_city,No_travel,2095,0.0
Bangladesh,large_city,No_travel,2100,0.0
Bangladesh,large_city,00_01,2011,0.0263657402468568
Bangladesh,large_city,00_01,2012,0.02643066911863236
Bangladesh,large_city,00_01,2013,0.026488350960921798
Bangladesh,large_city,00_01,2014,0.026546071446070924
Bangladesh,large_city,00_01,2015,0.026609250296305318
Bangladesh,large_city,00_01,2016,0.02667725829117977
Bangladesh,large_city,00_01,2017,0.026738037465514113
Bangladesh,large_city,00_01,2018,0.02680668546891874
Bangladesh,large_city,00_01,2019,0.026880368548790768
Bangladesh,large_city,00_01,2020,0.026905599197188306
Bangladesh,large_city,00_01,2025,0.027259240836051708
Bangladesh,large_city,00_01,2030,0.027479430858350026
Bangladesh,large_city,00_01,2035,0.027665738671271107
Bangladesh,large_city,00_01,2040,0.027823513247134196
Bangladesh,large_city,00_01,2045,0.02795489742030748
Bangladesh,large_city,00_01,2050,0.028063054711832094
Bangladesh,large_city,00_01,2055,0.02815150857516481
Bangladesh,large_city,00_01,2060,0.028223794914175072
Bangladesh,large_city,00_01,2065,0.02828273656864749
Bangladesh,large_city,00_01,2070,0.028330511356804
Bangladesh,large_city,00_01,2075,0.02836883880629282
Bangladesh,large_city,00_01,2080,0.02839834851273934
Bangladesh,large_city,00_01,2085,0.028420835902027354
Bangladesh,large_city,00_01,2090,0.02843745543779595
Bangladesh,large_city,00_01,2095,0.02844991462890931
Bangladesh,large_city,00_01,2100,0.02845915511021319
Bangladesh,large_city,02_05,2011,0.0607545651824544
Bangladesh,large_city,02_05,2012,0.06090418075689221
Bangladesh,large_city,02_05,2013,0.06103709700405259
Bangladesh,large_city,02_05,2014,0.0611701022959398
Bangladesh,large_city,02_05,2015,0.06131568529640859
Bangladesh,large_city,02_05,2016,0.061472396093027334
Bangladesh,large_city,02_05,2017,0.061612449521236005
Bangladesh,large_city,02_05,2018,0.06177063508926643
Bangladesh,large_city,02_05,2019,0.06194042298207793
Bangladesh,large_city,02_05,2020,0.061998561955545456
Bangladesh,large_city,02_05,2025,0.06281345824893203
Bangladesh,large_city,02_05,2030,0.0633208420332293
Bangladesh,large_city,02_05,2035,0.06375015105539733
Bangladesh,large_city,02_05,2040,0.06411371095030871
Bangladesh,large_city,02_05,2045,0.06441645945037977
Bangladesh,large_city,02_05,2050,0.06466568625593755
Bangladesh,large_city,02_05,2055,0.06486951045943694
Bangladesh,large_city,02_05,2060,0.06503607984281404
Bangladesh,large_city,02_05,2065,0.06517189907470658
Bangladesh,large_city,02_05,2070,0.0652819865008117
Bangladesh,large_city,02_05,2075,0.06537030442803254
Bangladesh,large_city,02_05,2080,0.0654383036333283
Bangladesh,large_city,02_05,2085,0.06549012131587732
Bangladesh,large_city,02_05,2090,0.06552841770580232
Bangladesh,large_city,02_05,2095,0.06555712741512701
Bangladesh,large_city,02_05,2100,0.06557842025266684
Bangladesh,large_city,06_10,2011,0.0853273830804756
Bangladesh,large_city,06_10,2012,0.08553751223532217
Bangladesh,large_city,06_10,2013,0.08572418784570657
Bangladesh,large_city,06_10,2014,0.08591098851588679
Bangladesh,large_city,06_10,2015,0.08611545408014026
Bangladesh,large_city,06_10,2016,0.08633554819382172
Bangladesh,large_city,06_10,2017,0.0865322476926101
Bangladesh,large_city,06_10,2018,0.08675441306439081
Bangladesh,large_city,06_10,2019,0.08699287344228744
Bangladesh,large_city,06_10,2020,0.08707452733028863
Bangladesh,large_city,06_10,2025,0.08821901693346229
Bangladesh,large_city,06_10,2030,0.08893161738416978
Bangladesh,large_city,06_10,2035,0.08953456492044834
Bangladesh,large_city,06_10,2040,0.0900451704088201
Bangladesh,large_city,06_10,2045,0.09047036869910534
Bangladesh,large_city,06_10,2050,0.09082039788700072
Bangladesh,large_city,06_10,2055,0.09110666091663207
Bangladesh,large_city,06_10,2060,0.09134060102536651
Bangladesh,large_city,06_10,2065,0.09153135376295235
Bangladesh,large_city,06_10,2070,0.09168596719737337
Bangladesh,large_city,06_10,2075,0.09181000623190873
Bangladesh,large_city,06_10,2080,0.09190550842539844
Bangladesh,large_city,06_10,2085,0.09197828431040272
Bangladesh,large_city,06_10,2090,0.09203207007487849
Bangladesh,large_city,06_10,2095,0.0920723917257424
Bangladesh,large_city,06_10,2100,0.09210229667362864
Bangladesh,large_city,11_20,2011,0.150513087141122
Bangladesh,large_city,11_20,2012,0.1508837440938201
Bangladesh,large_city,11_20,2013,0.15121303020806093
Bangladesh,large_city,11_20,2014,0.1515425369213084
Bangladesh,large_city,11_20,2015,0.1519032035933522
Bangladesh,large_city,11_20,2016,0.15229143821764088
Bangladesh,large_city,11_20,2017,0.15263840595218195
Bangladesh,large_city,11_20,2018,0.15303029416854774
Bangladesh,large_city,11_20,2019,0.15345092593225965
Bangladesh,large_city,11_20,2020,0.15359495916422392
Bangladesh,large_city,11_20,2025,0.15561377958453515
Bangladesh,large_city,11_20,2030,0.15687076989482024
Bangladesh,large_city,11_20,2035,0.15793433813977426
Bangladesh,large_city,11_20,2040,0.15883501979191808
Bangladesh,large_city,11_20,2045,0.15958504756738146
Bangladesh,large_city,11_20,2050,0.16020248093704126
Bangladesh,large_city,11_20,2055,0.16070743410411015
Bangladesh,large_city,11_20,2060,0.16112009234699265
Bangladesh,large_city,11_20,2065,0.16145657030258148
Bangladesh,large_city,11_20,2070,0.16172930039798653
Bangladesh,large_city,11_20,2075,0.16194809883454836
Bangladesh,large_city,11_20,2080,0.16211655976059514
Bangladesh,large_city,11_20,2085,0.1622449326548053
Bangladesh,large_city,11_20,2090,0.16233980795934683
Bangladesh,large_city,11_20,2095,0.16241093326439027
Bangladesh,large_city,11_20,2100,0.16246368404455783
Bangladesh,large_city,21_30,2011,0.157092054088329
Bangladesh,large_city,21_30,2012,0.15747891255470853
Bangladesh,large_city,21_30,2013,0.15782259185231243
Bangladesh,large_city,21_30,2014,0.15816650139136404
Bangladesh,large_city,21_30,2015,0.158542932899273
Bangladesh,large_city,21_30,2016,0.15894813736192903
Bangladesh,large_city,21_30,2017,0.15931027114814478
Bangladesh,large_city,21_30,2018,0.15971928890235634
Bangladesh,large_city,21_30,2019,0.16015830659198982
Bangladesh,large_city,21_30,2020,0.16030863555471342
Bangladesh,large_city,21_30,2025,0.16241569915088297
Bangladesh,large_city,21_30,2030,0.1637276328409193
Bangladesh,large_city,21_30,2035,0.1648376899358634
Bangladesh,large_city,21_30,2040,0.16577774062183653
Bangladesh,large_city,21_30,2045,0.1665605523102339
Bangladesh,large_city,21_30,2050,0.16720497385619285
Bangladesh,large_city,21_30,2055,0.16773199866008173
Bangladesh,large_city,21_30,2060,0.16816269430417619
Bangladesh,large_city,21_30,2065,0.16851387980042035
Bangladesh,large_city,21_30,2070,0.1687985310006094
Bangladesh,large_city,21_30,2075,0.16902689317484737
Bangladesh,large_city,21_30,2080,0.16920271757263874
Bangladesh,large_city,21_30,2085,0.16933670168009268
Bangladesh,large_city,21_30,2090,0.16943572400935175
Bangladesh,large_city,21_30,2095,0.16950995822033735
Bangladesh,large_city,21_30,2100,0.1695650147510928
Bangladesh,large_city,31_50,2011,0.147596045325267
Bangladesh,large_city,31_50,2012,0.14795951870442411
Bangladesh,large_city,31_50,2013,0.1482824230389615
Bangladesh,large_city,31_50,2014,0.14860554369715284
Bangladesh,large_city,31_50,2015,0.1489592204138119
Bangladesh,large_city,31_50,2016,0.1493399307978174
Bangladesh,large_city,31_50,2017,0.14968017407131903
Bangladesh,large_city,31_50,2018,0.15006446723840378
Bangladesh,large_city,31_50,2019,0.15047694688413624
Bangladesh,large_city,31_50,2020,0.1506181886581051
Bangladesh,large_city,31_50,2025,0.15259788302169525
Bangladesh,large_city,31_50,2030,0.15383051203977066
Bangladesh,large_city,31_50,2035,0.15487346763831977
Bangladesh,large_city,31_50,2040,0.1557566934924863
Bangladesh,large_city,31_50,2045,0.15649218524038133
Bangladesh,large_city,31_50,2050,0.1570976523485551
Bangladesh,large_city,31_50,2055,0.1575928191938405
Bangladesh,large_city,31_50,2060,0.15799747985077875
Bangladesh,large_city,31_50,2065,0.15832743664408724
Bangladesh,large_city,31_50,2070,0.1585948810523281
Bangladesh,large_city,31_50,2075,0.15880943903245645
Bangladesh,large_city,31_50,2080,0.15897463507586113
Bangladesh,large_city,31_50,2085,0.15910052001963756
Bangladesh,large_city,31_50,2090,0.1591935565788853
Bangladesh,large_city,31_50,2095,0.15926330342911843
Bangladesh,large_city,31_50,2100,0.15931503186475443
Bangladesh,large_city,51+,2011,0.0999074306415119
Bangladesh,large_city,51+,2012,0.10015346495319112
Bangladesh,large_city,51+,2013,0.10037203816994325
Bangladesh,large_city,51+,2014,0.10059075781568952
Bangladesh,large_city,51+,2015,0.10083016078858939
Bangladesh,large_city,51+,2016,0.10108786279002656
Bangladesh,large_city,51+,2017,0.10131817269551009
Bangladesh,large_city,51+,2018,0.10157829987474389
Bangladesh,large_city,51+,2019,0.10185750641788828
Bangladesh,large_city,51+,2020,0.10195311265656073
Bangladesh,large_city,51+,2025,0.1032931633122941
Bangladesh,large_city,51+,2030,0.10412752711830728
Bangladesh,large_city,51+,2035,0.1048335014138556
Bangladesh,large_city,51+,2040,0.10543135500519994
Bangladesh,large_city,51+,2045,0.10592920771275921
Bangladesh,large_city,51+,2050,0.10633904703455324
Bangladesh,large_city,51+,2055,0.10667422435683384
Bangladesh,large_city,51+,2060,0.10694813824407459
Bangladesh,large_city,51+,2065,0.10717148525428422
Bangladesh,large_city,51+,2070,0.10735251777184186
Bangladesh,large_city,51+,2075,0.1074977515853293
Bangladesh,large_city,51+,2080,0.10760957241502926
Bangladesh,large_city,51+,2085,0.10769478364993357
Bangladesh,large_city,51+,2090,0.10775775988733668
Bangladesh,large_city,51+,2095,0.10780497137316462
Bangladesh,large_city,51+,2100,0.10783998623473566
Bangladesh,city,No_travel,2011,0.0
Bangladesh,city,No_travel,2012,0.0
Bangladesh,city,No_travel,2013,0.0
Bangladesh,city,No_travel,2014,0.0
Bangladesh,city,No_travel,2015,0.0
Bangladesh,city,No_travel,2016,0.0
Bangladesh,city,No_travel,2017,0.0
Bangladesh,city,No_travel,2018,0.0
Bangladesh,city,No_travel,2019,0.0
Bangladesh,city,No_travel,2020,0.0
Bangladesh,city,No_travel,2025,0.0
Bangladesh,city,No_travel,2030,0.0
Bangladesh,city,No_travel,2035,0.0
Bangladesh,city,No_travel,2040,0.0
Bangladesh,city,No_travel,2045,0.0
Bangladesh,city,No_travel,2050,0.0
Bangladesh,city,No_travel,2055,0.0
Bangladesh,city,No_travel,2060,0.0
Bangladesh,city,No_travel,2065,0.0
Bangladesh,city,No_travel,2070,0.0
Bangladesh,city,No_travel,2075,0.0
Bangladesh,city,No_travel,2080,0.0
Bangladesh,city,No_travel,2085,0.0
Bangladesh,city,No_travel,2090,0.0
Bangladesh,city,No_travel,2095,0.0
Bangladesh,city,No_travel,2100,0.0
Bangladesh,city,00_01,2011,0.0203337654203297
Bangladesh,city,00_01,2012,0.02038383981366475
Bangladesh,city,00_01,2013,0.020428325158629253
Bangladesh,city,00_01,2014,0.020472840305709557
Bangladesh,city,00_01,2015,0.020521565048810423
Bangladesh,city,00_01,2016,0.020574014121035846
Bangladesh,city,00_01,2017,0.020620888187979716
Bangladesh,city,00_01,2018,0.020673830847079532
Bangladesh,city,00_01,2019,0.02073065665388554
Bangladesh,city,00_01,2020,0.020750115014664144
Bangladesh,city,00_01,2025,0.02102285024076373
Bangladesh,city,00_01,2030,0.021192665016278894
Bangladesh,city,00_01,2035,0.021336349180973022
Bangladesh,city,00_01,2040,0.021458027965063846
Bangladesh,city,00_01,2045,0.02155935396358452
Bangladesh,city,00_01,2050,0.02164276694473994
Bangladesh,city,00_01,2055,0.021710984263529
Bangladesh,city,00_01,2060,0.02176673287694805
Bangladesh,city,00_01,2065,0.021812189813271737
Bangladesh,city,00_01,2070,0.02184903464775334
Bangladesh,city,00_01,2075,0.02187859351315095
Bangladesh,city,00_01,2080,0.02190135196570674
Bangladesh,city,00_01,2085,0.02191869467235624
Bangladesh,city,00_01,2090,0.021931511977637614
Bangladesh,city,00_01,2095,0.021941120745191802
Bangladesh,city,00_01,2100,0.021948247181902653
Bangladesh,city,02_05,2011,0.0396703669770022
Bangladesh,city,02_05,2012,0.03976806012525531
Bangladesh,city,02_05,2013,0.039854849262602
Bangladesh,city,02_05,2014,0.039941696542690384
Bangladesh,city,02_05,2015,0.04003675657705761
Bangladesh,city,02_05,2016,0.04013908262930495
Bangladesh,city,02_05,2017,0.04023053206815353
Bangladesh,city,02_05,2018,0.04033382108874625
Bangladesh,city,02_05,2019,0.04044468597595031
Bangladesh,city,02_05,2020,0.040482648463315604
Bangladesh,city,02_05,2025,0.041014744033578694
Bangladesh,city,02_05,2030,0.04134604590136107
Bangladesh,city,02_05,2035,0.04162636798752525
Bangladesh,city,02_05,2040,0.04186375845202684
Bangladesh,city,02_05,2045,0.0420614414419962
Bangladesh,city,02_05,2050,0.042224176848089406
Bangladesh,city,02_05,2055,0.042357266121748643
Bangladesh,city,02_05,2060,0.04246602944753097
Bangladesh,city,02_05,2065,0.04255471412094655
Bangladesh,city,02_05,2070,0.0426265969264613
Bangladesh,city,02_05,2075,0.04268426509630134
Bangladesh,city,02_05,2080,0.042728665931368225
Bangladesh,city,02_05,2085,0.04276250086173839
Bangladesh,city,02_05,2090,0.04278750691416683
Bangladesh,city,02_05,2095,0.04280625323720104
Bangladesh,city,02_05,2100,0.04282015663156573
Bangladesh,city,06_10,2011,0.0505698242635587
Bangladesh,city,06_10,2012,0.05069435866329787
Bangladesh,city,06_10,2013,0.05080499316854841
Bangladesh,city,06_10,2014,0.050915701791294045
Bangladesh,city,06_10,2015,0.051036879627516865
Bangladesh,city,06_10,2016,0.0511673198244208
Bangladesh,city,06_10,2017,0.051283895051825554
Bangladesh,city,06_10,2018,0.05141556279320937
Bangladesh,city,06_10,2019,0.05155688787513156
Bangladesh,city,06_10,2020,0.05160528057882859
Bangladesh,city,06_10,2025,0.052283569728390066
Bangladesh,city,06_10,2030,0.052705896984441315
Bangladesh,city,06_10,2035,0.053063237733084634
Bangladesh,city,06_10,2040,0.05336585137108423
Bangladesh,city,06_10,2045,0.05361784788194184
Bangladesh,city,06_10,2050,0.053825294939146104
Bangladesh,city,06_10,2055,0.053994950571124856
Bangladesh,city,06_10,2060,0.05413359668635543
Bangladesh,city,06_10,2065,0.05424664752735463
Bangladesh,city,06_10,2070,0.054338280177099456
Bangladesh,city,06_10,2075,0.05441179271143276
Bangladesh,city,06_10,2080,0.05446839270275095
Bangladesh,city,06_10,2085,0.054511523800675525
Bangladesh,city,06_10,2090,0.054543400281111536
Bangladesh,city,06_10,2095,0.054567297167721567
Bangladesh,city,06_10,2100,0.05458502052808516
Bangladesh,city,11_20,2011,0.0832808161760771
Bangladesh,city,11_20,2012,0.08348590540870372
Bangladesh,city,11_20,2013,0.0836681036272793
Bangladesh,city,11_20,2014,0.08385042390610674
Bangladesh,city,11_20,2015,0.08404998538867174
Bangladesh,city,11_20,2016,0.08426480057180766
Bangladesh,city,11_20,2017,0.08445678225704313
Bangladesh,city,11_20,2018,0.08467361901940473
Bangladesh,city,11_20,2019,0.08490635995414261
Bangladesh,city,11_20,2020,0.08498605538357207
Bangladesh,city,11_20,2025,0.08610309454282346
Bangladesh,city,11_20,2030,0.08679860335839781
Bangladesh,city,11_20,2035,0.08738708927135819
Bangladesh,city,11_20,2040,0.0878854479491988
Bangladesh,city,11_20,2045,0.0883004479102105
Bangladesh,city,11_20,2050,0.08864208169060996
Bangladesh,city,11_20,2055,0.08892147873629518
Bangladesh,city,11_20,2060,0.0891498078199769
Bangladesh,city,11_20,2065,0.08933598537635393
Bangladesh,city,11_20,2070,0.08948689042635674
Bangladesh,city,11_20,2075,0.08960795439973625
Bangladesh,city,11_20,2080,0.0897011659847315
Bangladesh,city,11_20,2085,0.08977219634898605
Bangladesh,city,11_20,2090,0.08982469206844308
Bangladesh,city,11_20,2095,0.08986404660941555
Bangladesh,city,11_20,2100,0.08989323429076422
Bangladesh,city,21_30,2011,0.0673025770269828
Bangladesh,city,21_30,2012,0.06746831788436193
Bangladesh,city,21_30,2013,0.06761555959263166
Bangladesh,city,21_30,2014,0.06776289994270004
Bangladesh,city,21_30,2015,0.06792417360293355
Bangladesh,city,21_30,2016,0.06809777439208772
Bangladesh,city,21_30,2017,0.06825292251324701
Bangladesh,city,21_30,2018,0.06842815702187945
Bangladesh,city,21_30,2019,0.06861624433185982
Bangladesh,city,21_30,2020,0.06868064941365601
Bangladesh,city,21_30,2025,0.06958337368449799
Bangladesh,city,21_30,2030,0.07014544233106565
Bangladesh,city,21_30,2035,0.07062102146567177
Bangladesh,city,21_30,2040,0.07102376515674606
Bangladesh,city,21_30,2045,0.07135914331614272
Bangladesh,city,21_30,2050,0.07163523131426874
Bangladesh,city,21_30,2055,0.07186102330397
Bangladesh,city,21_30,2060,0.07204554521967145
Bangladesh,city,21_30,2065,0.07219600279086369
Bangladesh,city,21_30,2070,0.07231795523102832
Bangladesh,city,21_30,2075,0.072415791896994
Bangladesh,city,21_30,2080,0.07249111992770982
Bangladesh,city,21_30,2085,0.0725485224218375
Bangladesh,city,21_30,2090,0.07259094632405856
Bangladesh,city,21_30,2095,0.07262275031142057
Bangladesh,city,21_30,2100,0.07264633805061915
Bangladesh,city,31_50,2011,0.128420945162782
Bangladesh,city,31_50,2012,0.12873719750402868
Bangladesh,city,31_50,2013,0.12901815137204772
Bangladesh,city,31_50,2014,0.12929929345979885
Bangladesh,city,31_50,2015,0.1296070218825715
Bangladesh,city,31_50,2016,0.1299382718645038
Bangladesh,city,31_50,2017,0.1302343120644432
Bangladesh,city,31_50,2018,0.1305686793683087
Bangladesh,city,31_50,2019,0.13092757127390575
Bangladesh,city,31_50,2020,0.13105046346976085
Bangladesh,city,31_50,2025,0.13277296369492209
Bangladesh,city,31_50,2030,0.13384545437844594
Bangladesh,city,31_50,2035,0.13475291327027009
Bangladesh,city,31_50,2040,0.13552139388053516
Bangladesh,city,31_50,2045,0.13616133342102862
Bangladesh,city,31_50,2050,0.13668814061376405
Bangladesh,city,31_50,2055,0.13711897732178482
Bangladesh,city,31_50,2060,0.13747106605098944
Bangladesh,city,31_50,2065,0.13775815614995637
Bangladesh,city,31_50,2070,0.1379908552280997
Bangladesh,city,31_50,2075,0.13817753867574614
Bangladesh,city,31_50,2080,0.1383212730961666
Bangladesh,city,31_50,2085,0.1384308035610643
Bangladesh,city,31_50,2090,0.13851175317490355
Bangladesh,city,31_50,2095,0.13857243878751146
Bangladesh,city,31_50,2100,0.13861744686737923
Bangladesh,city,51+,2011,0.0842931032354429
Bangladesh,city,51+,2012,0.08450068534921232
Bangladesh,city,51+,2013,0.08468509820625295
Bangladesh,city,51+,2014,0.08486963460720058
Bangladesh,city,51+,2015,0.08507162178052637
Bangladesh,city,51+,2016,0.0852890480647541
Bangladesh,city,51+,2017,0.08548336330751845
Bangladesh,city,51+,2018,0.08570283574347948
Bangladesh,city,51+,2019,0.08593840566870085
Bangladesh,city,51+,2020,0.08601906980443753
Bangladesh,city,51+,2025,0.08714968669188175
Bangladesh,city,51+,2030,0.0878536494900899
Bangladesh,city,51+,2035,0.08844928851107277
Bangladesh,city,51+,2040,0.08895370479093584
Bangladesh,city,51+,2045,0.08937374912002002
Bangladesh,city,51+,2050,0.08971953549486825
Bangladesh,city,51+,2055,0.0900023286409612
Bangladesh,city,51+,2060,0.0902334330886139
Bangladesh,city,51+,2065,0.0904218736527245
Bangladesh,city,51+,2070,0.09057461296944473
Bangladesh,city,51+,2075,0.09069714848812403
Bangladesh,city,51+,2080,0.0907914930697157
Bangladesh,city,51+,2085,0.09086338681550105
Bangladesh,city,51+,2090,0.09091652062593651
Bangladesh,city,51+,2095,0.09095635352548402
Bangladesh,city,51+,2100,0.09098589598616218
Bangladesh,town,No_travel,2011,0.0
Bangladesh,town,No_travel,2012,0.0
Bangladesh,town,No_travel,2013,0.0
Bangladesh,town,No_travel,2014,0.0
Bangladesh,town,No_travel,2015,0.0
Bangladesh,town,No_travel,2016,0.0
Bangladesh,town,No_travel,2017,0.0
Bangladesh,town,No_travel,2018,0.0
Bangladesh,town,No_travel,2019,0.0
Bangladesh,town,No_travel,2020,0.0
Bangladesh,town,No_travel,2025,0.0
Bangladesh,town,No_travel,2030,0.0
Bangladesh,town,No_travel,2035,0.0
Bangladesh,town,No_travel,2040,0.0
Bangladesh,town,No_travel,2045,0.0
Bangladesh,town,No_travel,2050,0.0
Bangladesh,town,No_travel,2055,0.0
Bangladesh,town,No_travel,2060,0.0
Bangladesh,town,No_travel,2065,0.0
Bangladesh,town,No_travel,2070,0.0
Bangladesh,town,No_travel,2075,0.0
Bangladesh,town,No_travel,2080,0.0
Bangladesh,town,No_travel,2085,0.0
Bangladesh,town,No_travel,2090,0.0
Bangladesh,town,No_travel,2095,0.0
Bangladesh,town,No_travel,2100,0.0
Bangladesh,town,00_01,2011,0.0142978983785273
Bangladesh,town,00_01,2012,0.014333108708363955
Bangladesh,town,00_01,2013,0.014364389040780903
Bangladesh,town,00_01,2014,0.014395690328865158
Bangladesh,town,00_01,2015,0.014429951638119741
Bangladesh,town,00_01,2016,0.014466831748085864
Bangladesh,town,00_01,2017,0.014499791735176189
Bangladesh,town,00_01,2018,0.014537018915880329
Bangladesh,town,00_01,2019,0.014576976572231462
Bangladesh,town,00_01,2020,0.014590658920742627
Bangladesh,town,00_01,2025,0.014782435528095328
Bangladesh,town,00_01,2030,0.014901842551501862
Bangladesh,town,00_01,2035,0.01500287556446985
Bangladesh,town,00_01,2040,0.015088435265478988
Bangladesh,town,00_01,2045,0.015159683693893677
Bangladesh,town,00_01,2050,0.015218336398071027
Bangladesh,town,00_01,2055,0.015266304114405866
Bangladesh,town,00_01,2060,0.015305504331037285
Bangladesh,town,00_01,2065,0.01533746784801115
Bangladesh,town,00_01,2070,0.015363375676113903
Bangladesh,town,00_01,2075,0.01538416029937001
Bangladesh,town,00_01,2080,0.015400163141695017
Bangladesh,town,00_01,2085,0.015412357846028294
Bangladesh,town,00_01,2090,0.01542137046738058
Bangladesh,town,00_01,2095,0.015428126972100326
Bangladesh,town,00_01,2100,0.015433138000101609
Bangladesh,town,02_05,2011,0.0305435787015927
Bangladesh,town,02_05,2012,0.03061879601339637
Bangladesh,town,02_05,2013,0.030685617952516033
Bangladesh,town,02_05,2014,0.030752484657730447
Bangladesh,town,02_05,2015,0.03082567464467346
Bangladesh,town,02_05,2016,0.030904458988459636
Bangladesh,town,02_05,2017,0.0309748690538444
Bangladesh,town,02_05,2018,0.031054394820049517
Bangladesh,town,02_05,2019,0.03113975350628308
Bangladesh,town,02_05,2020,0.031168982129784906
Bangladesh,town,02_05,2025,0.03157866079337078
Bangladesh,town,02_05,2030,0.03183374148567852
Bangladesh,town,02_05,2035,0.03204957109233464
Bangladesh,town,02_05,2040,0.03223234616824244
Bangladesh,town,02_05,2045,0.03238454909506678
Bangladesh,town,02_05,2050,0.03250984467618467
Bangladesh,town,02_05,2055,0.032612314681231644
Bangladesh,town,02_05,2060,0.032696055303112086
Bangladesh,town,02_05,2065,0.03276433668058621
Bangladesh,town,02_05,2070,0.032819681722612265
Bangladesh,town,02_05,2075,0.032864082428184435
Bangladesh,town,02_05,2080,0.03289826815681831
Bangladesh,town,02_05,2085,0.032924318832357136
Bangladesh,town,02_05,2090,0.03294357185138786
Bangladesh,town,02_05,2095,0.03295800528965913
Bangladesh,town,02_05,2100,0.03296870999073344
Bangladesh,town,06_10,2011,0.0419722902791875
Bangladesh,town,06_10,2012,0.04207565219613534
Bangladesh,town,06_10,2013,0.042167477383129634
Bangladesh,town,06_10,2014,0.04225936408667187
Bangladesh,town,06_10,2015,0.04235994009996471
Bangladesh,town,06_10,2016,0.04246820375103046
Bangladesh,town,06_10,2017,0.04256495965942543
Bangladesh,town,06_10,2018,0.0426742421562948
Bangladesh,town,06_10,2019,0.042791540119033473
Bangladesh,town,06_10,2020,0.042831705427822775
Bangladesh,town,06_10,2025,0.04339467651766167
Bangladesh,town,06_10,2030,0.0437452025960481
Bangladesh,town,06_10,2035,0.04404179072640171
Bangladesh,town,06_10,2040,0.04429295607335572
Bangladesh,town,06_10,2045,0.04450210986926242
Bangladesh,town,06_10,2050,0.04467428820346349
Bangladesh,town,06_10,2055,0.044815100150837464
Bangladesh,town,06_10,2060,0.04493017460639045
Bangladesh,town,06_10,2065,0.04502400532033548
Bangladesh,town,06_10,2070,0.045100059216708475
Bangladesh,town,06_10,2075,0.04516107365516322
Bangladesh,town,06_10,2080,0.04520805090493624
Bangladesh,town,06_10,2085,0.04524384915000656
Bangladesh,town,06_10,2090,0.0452703062103073
Bangladesh,town,06_10,2095,0.045290140312485266
Bangladesh,town,06_10,2100,0.045304850468922166
Bangladesh,town,11_20,2011,0.0757320066192673
Bangladesh,town,11_20,2012,0.07591850598173729
Bangladesh,town,11_20,2013,0.07608418923664215
Bangladesh,town,11_20,2014,0.07624998348791116
Bangladesh,town,11_20,2015,0.07643145615127471
Bangladesh,town,11_20,2016,0.07662679987649439
Bangladesh,town,11_20,2017,0.07680137979687233
Bangladesh,town,11_20,2018,0.07699856185963876
Bangladesh,town,11_20,2019,0.07721020649545593
Bangladesh,town,11_20,2020,0.0772826781049598
Bangladesh,town,11_20,2025,0.07829846566428861
Bangladesh,town,11_20,2030,0.07893093158673434
Bangladesh,town,11_20,2035,0.07946607546622554
Bangladesh,town,11_20,2040,0.07991926149899926
Bangladesh,town,11_20,2045,0.08029664468563717
Bangladesh,town,11_20,2050,0.08060731181051112
Bangladesh,town,11_20,2055,0.08086138351495384
Bangladesh,town,11_20,2060,0.0810690162024169
Bangladesh,town,11_20,2065,0.08123831809665018
Bangladesh,town,11_20,2070,0.0813755446846021
Bangladesh,town,11_20,2075,0.08148563507581473
Bangladesh,town,11_20,2080,0.08157039769818059
Bangladesh,town,11_20,2085,0.08163498966861134
Bangladesh,town,11_20,2090,0.0816827270270565
Bangladesh,town,11_20,2095,0.08171851436073398
Bangladesh,town,11_20,2100,0.08174505638780087
Bangladesh,town,21_30,2011,0.0536494958683143
Bangladesh,town,21_30,2012,0.05378161433741256
Bangladesh,town,21_30,2013,0.05389898641688425
Bangladesh,town,21_30,2014,0.054016437127561504
Bangladesh,town,21_30,2015,0.0541449946204625
Bangladesh,town,21_30,2016,0.0542833785461884
Bangladesh,town,21_30,2017,0.054407053134187824
Bangladesh,town,21_30,2018,0.054546739361107384
Bangladesh,town,21_30,2019,0.054696671054742664
Bangladesh,town,21_30,2020,0.05474801084472333
Bangladesh,town,21_30,2025,0.05546760739181167
Bangladesh,town,21_30,2030,0.055915654121428744
Bangladesh,town,21_30,2035,0.05629475670477972
Bangladesh,town,21_30,2040,0.0566157993296649
Bangladesh,town,21_30,2045,0.05688314227508675
Bangladesh,town,21_30,2050,0.05710322273216664
Bangladesh,town,21_30,2055,0.05728321028916196
Bangladesh,town,21_30,2060,0.05743029986866007
Bangladesh,town,21_30,2065,0.05755023543726094
Bangladesh,town,21_30,2070,0.05764744845975963
Bangladesh,town,21_30,2075,0.057725437862816066
Bangladesh,town,21_30,2080,0.05778548475925269
Bangladesh,town,21_30,2085,0.05783124251486284
Bangladesh,town,21_30,2090,0.05786506025361026
Bangladesh,town,21_30,2095,0.057890412446110845
Bangladesh,town,21_30,2100,0.05790921514836355
Bangladesh,town,31_50,2011,0.0837659254033078
Bangladesh,town,31_50,2012,0.08397220927695405
Bangladesh,town,31_50,2013,0.08415546879681214
Bangladesh,town,31_50,2014,0.0843388510879208
Bangladesh,town,31_50,2015,0.08453957501246269
Bangladesh,town,31_50,2016,0.08475564149010165
Bangladesh,town,31_50,2017,0.08494874146513354
Bangladesh,town,31_50,2018,0.08516684129766008
Bangladesh,town,31_50,2019,0.08540093794407538
Bangladesh,town,31_50,2020,0.08548109759792001
Bangladesh,town,31_50,2025,0.08660464348979258
Bangladesh,town,31_50,2030,0.08730420363146515
Bangladesh,town,31_50,2035,0.08789611746407834
Bangladesh,town,31_50,2040,0.08839737907207972
Bangladesh,town,31_50,2045,0.08881479640025508
Bangladesh,town,31_50,2050,0.08915842019116134
Bangladesh,town,31_50,2055,0.08943944471951479
Bangladesh,town,31_50,2060,0.08966910381592244
Bangladesh,town,31_50,2065,0.08985636585315171
Bangladesh,town,31_50,2070,0.09000814992230388
Bangladesh,town,31_50,2075,0.09012991909110854
Bangladesh,town,31_50,2080,0.09022367363187732
Bangladesh,town,31_50,2085,0.09029511774670126
Bangladesh,town,31_50,2090,0.0903479192527616
Bangladesh,town,31_50,2095,0.09038750303321365
Bangladesh,town,31_50,2100,0.09041686073227101
Bangladesh,town,51+,2011,0.068333385372376
Bangladesh,town,51+,2012,0.0685016647218383
Bangladesh,town,51+,2013,0.06865116158865289
Bangladesh,town,51+,2014,0.06880075860806698
Bangladesh,town,51+,2015,0.06896450234065439
Bangladesh,town,51+,2016,0.0691407620048492
Bangladesh,town,51+,2017,0.06929828637941701
Bangladesh,town,51+,2018,0.069476204785188
Bangladesh,town,51+,2019,0.06966717284620874
Bangladesh,town,51+,2020,0.069732564358224
Bangladesh,town,51+,2025,0.0706491147818387
Bangladesh,town,51+,2030,0.0712197920891317
Bangladesh,town,51+,2035,0.07170265520843057
Bangladesh,town,51+,2040,0.07211156733429817
Bangladesh,town,51+,2045,0.07245208215592741
Bangladesh,town,51+,2050,0.07273239872634743
Bangladesh,town,51+,2055,0.0729616489531265
Bangladesh,town,51+,2060,0.07314899701217958
Bangladesh,town,51+,2065,0.0733017589961724
Bangladesh,town,51+,2070,0.07342557926367169
Bangladesh,town,51+,2075,0.07352491439903061
Bangladesh,town,51+,2080,0.07360139615618803
Bangladesh,town,51+,2085,0.0736596778286861
Bangladesh,town,51+,2090,0.07370275149670195
Bangladesh,town,51+,2095,0.07373504259491524
Bangladesh,town,51+,2100,0.07375899160465486
Bangladesh,rural,No_travel,2011,0.0
Bangladesh,rural,No_travel,2012,0.0
Bangladesh,rural,No_travel,2013,0.0
Bangladesh,rural,No_travel,2014,0.0
Bangladesh,rural,No_travel,2015,0.0
Bangladesh,rural,No_travel,2016,0.0
Bangladesh,rural,No_travel,2017,0.0
Bangladesh,rural,No_travel,2018,0.0
Bangladesh,rural,No_travel,2019,0.0
Bangladesh,rural,No_travel,2020,0.0
Bangladesh,rural,No_travel,2025,0.0
Bangladesh,rural,No_travel,2030,0.0
Bangladesh,rural,No_travel,2035,0.0
Bangladesh,rural,No_travel,2040,0.0
Bangladesh,rural,No_travel,2045,0.0
Bangladesh,rural,No_travel,2050,0.0
Bangladesh,rural,No_travel,2055,0.0
Bangladesh,rural,No_travel,2060,0.0
Bangladesh,rural,No_travel,2065,0.0
Bangladesh,rural,No_travel,2070,0.0
Bangladesh,rural,No_travel,2075,0.0
Bangladesh,rural,No_travel,2080,0.0
Bangladesh,rural,No_travel,2085,0.0
Bangladesh,rural,No_travel,2090,0.0
Bangladesh,rural,No_travel,2095,0.0
Bangladesh,rural,No_travel,2100,0.0
Bangladesh,rural,00_01,2011,0.00800533451099545
Bangladesh,rural,00_01,2012,0.00802504862989059
Bangladesh,rural,00_01,2013,0.008042562359390085
Bangladesh,rural,00_01,2014,0.008060087821881539
Bangladesh,rural,00_01,2015,0.008079270588055028
Bangladesh,rural,00_01,2016,0.008099919609978733
Bangladesh,rural,00_01,2017,0.008118373771223325
Bangladesh,rural,00_01,2018,0.008139217116626135
Bangladesh,rural,00_01,2019,0.008161589244116328
Bangladesh,rural,00_01,2020,0.00816924993478765
Bangladesh,rural,00_01,2025,0.008276624868683377
Bangladesh,rural,00_01,2030,0.008343480370102182
Bangladesh,rural,00_01,2035,0.008400048338628044
Bangladesh,rural,00_01,2040,0.008447952863412437
Bangladesh,rural,00_01,2045,0.008487844565517334
Bangladesh,rural,00_01,2050,0.008520683973413762
Bangladesh,rural,00_01,2055,0.008547540900552483
Bangladesh,rural,00_01,2060,0.008569488940658102
Bangladesh,rural,00_01,2065,0.008587385182381847
Bangladesh,rural,00_01,2070,0.008601890868806882
Bangladesh,rural,00_01,2075,0.008613528093904244
Bangladesh,rural,00_01,2080,0.00862248801952036
Bangladesh,rural,00_01,2085,0.008629315784333487
Bangladesh,rural,00_01,2090,0.008634361913969877
Bangladesh,rural,00_01,2095,0.008638144853180575
Bangladesh,rural,00_01,2100,0.008640950507153782
Bangladesh,rural,02_05,2011,0.018205337195522
Bangladesh,rural,02_05,2012,0.018250170073087036
Bangladesh,rural,02_05,2013,0.018289998933536472
Bangladesh,rural,02_05,2014,0.018329854476577947
Bangladesh,rural,02_05,2015,0.018373478977971557
Bangladesh,rural,02_05,2016,0.018420437965926705
Bangladesh,rural,02_05,2017,0.0184624055099009
Bangladesh,rural,02_05,2018,0.01850980641873484
Bangladesh,rural,02_05,2019,0.01856068400844464
Bangladesh,rural,02_05,2020,0.01857810557360603
Bangladesh,rural,02_05,2025,0.018822292356211263
Bangladesh,rural,02_05,2030,0.018974331842510465
Bangladesh,rural,02_05,2035,0.019102975928533914
Bangladesh,rural,02_05,2040,0.019211918037785346
Bangladesh,rural,02_05,2045,0.01930263778061751
Bangladesh,rural,02_05,2050,0.019377319543538798
Bangladesh,rural,02_05,2055,0.01943839624357231
Bangladesh,rural,02_05,2060,0.019488309394653607
Bangladesh,rural,02_05,2065,0.019529008145551006
Bangladesh,rural,02_05,2070,0.019561996262694333
Bangladesh,rural,02_05,2075,0.01958846106646071
Bangladesh,rural,02_05,2080,0.0196088372876997
Bangladesh,rural,02_05,2085,0.019624364653925804
Bangladesh,rural,02_05,2090,0.019635840313242305
Bangladesh,rural,02_05,2095,0.019644443287150055
Bangladesh,rural,02_05,2100,0.019650823767137
Bangladesh,rural,06_10,2011,0.0247885032228387
Bangladesh,rural,06_10,2012,0.02484954795483539
Bangladesh,rural,06_10,2013,0.02490377918521632
Bangladesh,rural,06_10,2014,0.024958046746784725
Bangladesh,rural,06_10,2015,0.025017446146080455
Bangladesh,rural,06_10,2016,0.025081385803542758
Bangladesh,rural,06_10,2017,0.025138529079049617
Bangladesh,rural,06_10,2018,0.02520307045879866
Bangladesh,rural,06_10,2019,0.025272345709399454
Bangladesh,rural,06_10,2020,0.025296067023622415
Bangladesh,rural,06_10,2025,0.025628553304023378
Bangladesh,rural,06_10,2030,0.02583557123814072
Bangladesh,rural,06_10,2035,0.02601073384604758
Bangladesh,rural,06_10,2040,0.026159070116740013
Bangladesh,rural,06_10,2045,0.02628259469710996
Bangladesh,rural,06_10,2050,0.02638428186175731
Bangladesh,rural,06_10,2055,0.026467444286015697
Bangladesh,rural,06_10,2060,0.02653540635082959
Bangladesh,rural,06_10,2065,0.026590822029591846
Bangladesh,rural,06_10,2070,0.026635738860263016
Bangladesh,rural,06_10,2075,0.026671773505840247
Bangladesh,rural,06_10,2080,0.026699517898620642
Bangladesh,rural,06_10,2085,0.026720660059493806
Bangladesh,rural,06_10,2090,0.026736285390400683
Bangladesh,rural,06_10,2095,0.026747999254535575
Bangladesh,rural,06_10,2100,0.02675668695677481
Bangladesh,rural,11_20,2011,0.0423833067134091
Bangladesh,rural,11_20,2012,0.042487680808778835
Bangladesh,rural,11_20,2013,0.04258040520000237
Bangladesh,rural,11_20,2014,0.04267319171017873
Bangladesh,rural,11_20,2015,0.04277475262074729
Bangladesh,rural,11_20,2016,0.04288407645079115
Bangladesh,rural,11_20,2017,0.042981779847831456
Bangladesh,rural,11_20,2018,0.043092132500793974
Bangladesh,rural,11_20,2019,0.04321057911160655
Bangladesh,rural,11_20,2020,0.043251137741844074
Bangladesh,rural,11_20,2025,0.04381962176339045
Bangladesh,rural,11_20,2030,0.04417358039163016
Bangladesh,rural,11_20,2035,0.04447307288090628
Bangladesh,rural,11_20,2040,0.04472669778116602
Bangladesh,rural,11_20,2045,0.04493789972948055
Bangladesh,rural,11_20,2050,0.04511176413143019
Bangladesh,rural,11_20,2055,0.04525395498913097
Bangladesh,rural,11_20,2060,0.045370156318916374
Bangladesh,rural,11_20,2065,0.04546490587634623
Bangladesh,rural,11_20,2070,0.04554170453553984
Bangladesh,rural,11_20,2075,0.045603316461926814
Bangladesh,rural,11_20,2080,0.04565075373953159
Bangladesh,rural,11_20,2085,0.04568690254128925
Bangladesh,rural,11_20,2090,0.045713618684106394
Bangladesh,rural,11_20,2095,0.04573364701304442
Bangladesh,rural,11_20,2100,0.045748501219663125
Bangladesh,rural,21_30,2011,0.0366772116814261
Bangladesh,rural,21_30,2012,0.03676753381735142
Bangladesh,rural,21_30,2013,0.036847774657169166
Bangladesh,rural,21_30,2014,0.03692806925282049
Bangladesh,rural,21_30,2015,0.03701595694503547
Bangladesh,rural,21_30,2016,0.037110562429299734
Bangladesh,rural,21_30,2017,0.0371951119478041
Bangladesh,rural,21_30,2018,0.03729060774381836
Bangladesh,rural,21_30,2019,0.037393107802322426
Bangladesh,rural,21_30,2020,0.03742820599503281
Bangladesh,rural,21_30,2025,0.03792015460434621
Bangladesh,rural,21_30,2030,0.03822645952817386
Bangladesh,rural,21_30,2035,0.03848563112845635
Bangladesh,rural,21_30,2040,0.03870511032618407
Bangladesh,rural,21_30,2045,0.0388878780044646
Bangladesh,rural,21_30,2050,0.039038334917071524
Bangladesh,rural,21_30,2055,0.03916138251744681
Bangladesh,rural,21_30,2060,0.03926193957872146
Bangladesh,rural,21_30,2065,0.03934393293516424
Bangladesh,rural,21_30,2070,0.039410392135696665
Bangladesh,rural,21_30,2075,0.039463709204170715
Bangladesh,rural,21_30,2080,0.03950475996701151
Bangladesh,rural,21_30,2085,0.0395360420296184
Bangladesh,rural,21_30,2090,0.03955916135893457
Bangladesh,rural,21_30,2095,0.03957649325955885
Bangladesh,rural,21_30,2100,0.03958934763366887
Bangladesh,rural,31_50,2011,0.0541066561101835
Bangladesh,rural,31_50,2012,0.054239900392494184
Bangladesh,rural,31_50,2013,0.05435827262764994
Bangladesh,rural,31_50,2014,0.05447672416404664
Bangladesh,rural,31_50,2015,0.054606377126226485
Bangladesh,rural,31_50,2016,0.0547459402546258
Bangladesh,rural,31_50,2017,0.05487066870349843
Bangladesh,rural,31_50,2018,0.055011545230312715
Bangladesh,rural,31_50,2019,0.05516275452792576
Bangladesh,rural,31_50,2020,0.0552145317965896
Bangladesh,rural,31_50,2025,0.05594026019871572
Bangladesh,rural,31_50,2030,0.05639212484214476
Bangladesh,rural,31_50,2035,0.05677445784967574
Bangladesh,rural,31_50,2040,0.05709823615588779
Bangladesh,rural,31_50,2045,0.05736785719476817
Bangladesh,rural,31_50,2050,0.057589813010290127
Bangladesh,rural,31_50,2055,0.05777133428449486
Bangladesh,rural,31_50,2060,0.05791967724963344
Bangladesh,rural,31_50,2065,0.05804063481802504
Bangladesh,rural,31_50,2070,0.058138676216040755
Bangladesh,rural,31_50,2075,0.0582173301855351
Bangladesh,rural,31_50,2080,0.0582778887560006
Bangladesh,rural,31_50,2085,0.05832403642443815
Bangladesh,rural,31_50,2090,0.05835814233226106
Bangladesh,rural,31_50,2095,0.058383710556884
Bangladesh,rural,31_50,2100,0.058402673481479345
Bangladesh,rural,51+,2011,0.0357459136063553
Bangladesh,rural,51+,2012,0.03583394230645311
Bangladesh,rural,51+,2013,0.035912145692052325
Bangladesh,rural,51+,2014,0.03599040146853118
Bangladesh,rural,51+,2015,0.036076057539670574
Bangladesh,rural,51+,2016,0.03616826082645724
Bangladesh,rural,51+,2017,0.036250663485911494
Bangladesh,rural,51+,2018,0.03634373447788727
Bangladesh,rural,51+,2019,0.03644363188196905
Bangladesh,rural,51+,2020,0.036477838870637165
Bangladesh,rural,51+,2025,0.036957296050752875
Bangladesh,rural,51+,2030,0.03725582336082889
Bangladesh,rural,51+,2035,0.03750841414426649
Bangladesh,rural,51+,2040,0.03772232038415496
Bangladesh,rural,51+,2045,0.037900447273805045
Bangladesh,rural,51+,2050,0.03804708382421244
Bangladesh,rural,51+,2055,0.038167007032407455
Bangladesh,rural,51+,2060,0.03826501077533247
Bangladesh,rural,51+,2065,0.038344922178117295
Bangladesh,rural,51+,2070,0.03840969386417713
Bangladesh,rural,51+,2075,0.03846165711972587
Bangladesh,rural,51+,2080,0.038501665532435315
Bangladesh,rural,51+,2085,0.038532153289167946
Bangladesh,rural,51+,2090,0.03855468557857836
Bangladesh,rural,51+,2095,0.03857157739215815
Bangladesh,rural,51+,2100,0.03858410537139473
Bhutan,large_city,No_travel,2011,0.0
Bhutan,large_city,No_travel,2012,0.0
Bhutan,large_city,No_travel,2013,0.0
Bhutan,large_city,No_travel,2014,0.0
Bhutan,large_city,No_travel,2015,0.0
Bhutan,large_city,No_travel,2016,0.0
Bhutan,large_city,No_travel,2017,0.0
Bhutan,large_city,No_travel,2018,0.0
Bhutan,large_city,No_travel,2019,0.0
Bhutan,large_city,No_travel,2020,0.0
Bhutan,large_city,No_travel,2025,0.0
Bhutan,large_city,No_travel,2030,0.0
Bhutan,large_city,No_travel,2035,0.0
Bhutan,large_city,No_travel,2040,0.0
Bhutan,large_city,No_travel,2045,0.0
Bhutan,large_city,No_travel,2050,0.0
Bhutan,large_city,No_travel,2055,0.0
Bhutan,large_city,No_travel,2060,0.0
Bhutan,large_city,No_travel,2065,0.0
Bhutan,large_city,No_travel,2070,0.0
Bhutan,large_city,No_travel,2075,0.0
Bhutan,large_city,No_travel,2080,0.0
Bhutan,large_city,No_travel,2085,0.0
Bhutan,large_city,No_travel,2090,0.0
Bhutan,large_city,No_travel,2095,0.0
Bhutan,large_city,No_travel,2100,0.0
Bhutan,large_city,00_01,2011,0.0263657402468568
Bhutan,large_city,00_01,2012,0.026433627837527313
Bhutan,large_city,00_01,2013,0.026447170096496504
Bhutan,large_city,00_01,2014,0.026527149570182113
Bhutan,large_city,00_01,2015,0.026647281463355744
Bhutan,large_city,00_01,2016,0.026767251921003137
Bhutan,large_city,00_01,2017,0.0268266416400908
Bhutan,large_city,00_01,2018,0.02688189433124539
Bhutan,large_city,00_01,2019,0.0269602732093307
Bhutan,large_city,00_01,2020,0.02676675998552305
Bhutan,large_city,00_01,2025,0.02704197119418748
Bhutan,large_city,00_01,2030,0.027425040971262388
Bhutan,large_city,00_01,2035,0.027758923657146377
Bhutan,large_city,00_01,2040,0.028066517888340206
Bhutan,large_city,00_01,2045,0.028351041523901395
Bhutan,large_city,00_01,2050,0.02861305064072494
Bhutan,large_city,00_01,2055,0.02885214528921305
Bhutan,large_city,00_01,2060,0.029069063827779115
Bhutan,large_city,00_01,2065,0.02926524938108215
Bhutan,large_city,00_01,2070,0.02944213457624048
Bhutan,large_city,00_01,2075,0.029600568896109136
Bhutan,large_city,00_01,2080,0.029739260006051763
Bhutan,large_city,00_01,2085,0.029864308279284667
Bhutan,large_city,00_01,2090,0.029971839210938937
Bhutan,large_city,00_01,2095,0.030065053722946936
Bhutan,large_city,00_01,2100,0.030147022898767202
Bhutan,large_city,02_05,2011,0.0607545651824544
Bhutan,large_city,02_05,2012,0.060910998531711995
Bhutan,large_city,02_05,2013,0.06094220395388327
Bhutan,large_city,02_05,2014,0.06112650062455498
Bhutan,large_city,02_05,2015,0.06140332050011979
Bhutan,large_city,02_05,2016,0.06167976837986314
Bhutan,large_city,02_05,2017,0.06181662008687748
Bhutan,large_city,02_05,2018,0.061943938842005455
Bhutan,large_city,02_05,2019,0.06212454726084662
Bhutan,large_city,02_05,2020,0.061678634813124224
Bhutan,large_city,02_05,2025,0.062312803896153804
Bhutan,large_city,02_05,2030,0.06319551143718331
Bhutan,large_city,02_05,2035,0.06396487718276483
Bhutan,large_city,02_05,2040,0.06467366645224269
Bhutan,large_city,02_05,2045,0.0653292941570143
Bhutan,large_city,02_05,2050,0.06593304166485645
Bhutan,large_city,02_05,2055,0.0664839873720637
Bhutan,large_city,02_05,2060,0.06698383267764603
Bhutan,large_city,02_05,2065,0.06743590297320415
Bhutan,large_city,02_05,2070,0.06784349946085973
Bhutan,large_city,02_05,2075,0.06820857960363119
Bhutan,large_city,02_05,2080,0.06852816547530953
Bhutan,large_city,02_05,2085,0.06881631416356748
Bhutan,large_city,02_05,2090,0.0690640976483152
Bhutan,large_city,02_05,2095,0.06927889181273908
Bhutan,large_city,02_05,2100,0.06946777335327986
Bhutan,large_city,06_10,2011,0.0853273830804756
Bhutan,large_city,06_10,2012,0.08554708753031535
Bhutan,large_city,06_10,2013,0.08559091431113092
Bhutan,large_city,06_10,2014,0.08584975169350104
Bhutan,large_city,06_10,2015,0.08623853425651788
Bhutan,large_city,06_10,2016,0.08662679436612127
Bhutan,large_city,06_10,2017,0.08681899717416641
Bhutan,large_city,06_10,2018,0.08699781132845273
Bhutan,large_city,06_10,2019,0.08725146870705035
Bhutan,large_city,06_10,2020,0.08662520231648535
Bhutan,large_city,06_10,2025,0.08751586770307734
Bhutan,large_city,06_10,2030,0.08875559552065378
Bhutan,large_city,06_10,2035,0.08983613927082433
Bhutan,large_city,06_10,2040,0.09083160575697956
Bhutan,large_city,06_10,2045,0.0917524089288106
Bhutan,large_city,06_10,2050,0.09260034841666341
Bhutan,large_city,06_10,2055,0.09337412986459635
Bhutan,large_city,06_10,2060,0.09407614282020414
Bhutan,large_city,06_10,2065,0.09471105766442282
Bhutan,large_city,06_10,2070,0.09528351080502216
Bhutan,large_city,06_10,2075,0.0957962514213657
Bhutan,large_city,06_10,2080,0.09624509713391277
Bhutan,large_city,06_10,2085,0.09664979056613938
Bhutan,large_city,06_10,2090,0.09699779266706117
Bhutan,large_city,06_10,2095,0.09729946257279098
Bhutan,large_city,06_10,2100,0.09756473922349457
Bhutan,large_city,11_20,2011,0.150513087141122
Bhutan,large_city,11_20,2012,0.15090063441856322
Bhutan,large_city,11_20,2013,0.15097794259141303
Bhutan,large_city,11_20,2014,0.15143451833628627
Bhutan,large_city,11_20,2015,0.15212031065375503
Bhutan,large_city,11_20,2016,0.15280518139044502
Bhutan,large_city,11_20,2017,0.1531442171952673
Bhutan,large_city,11_20,2018,0.15345963610786634
Bhutan,large_city,11_20,2019,0.15390707459420597
Bhutan,large_city,11_20,2020,0.15280237309729303
Bhutan,large_city,11_20,2025,0.15437346073769642
Bhutan,large_city,11_20,2030,0.1565602764386089
Bhutan,large_city,11_20,2035,0.15846629968411058
Bhutan,large_city,11_20,2040,0.16022225103955573
Bhutan,large_city,11_20,2045,0.16184650017316524
Bhutan,large_city,11_20,2050,0.163342221539719
Bhutan,large_city,11_20,2055,0.16470713196233297
Bhutan,large_city,11_20,2060,0.16594544647927928
Bhutan,large_city,11_20,2065,0.16706540340078652
Bhutan,large_city,11_20,2070,0.1680751811101764
Bhutan,large_city,11_20,2075,0.1689796290175466
Bhutan,large_city,11_20,2080,0.1697713696218705
Bhutan,large_city,11_20,2085,0.17048522788906612
Bhutan,large_city,11_20,2090,0.17109908558222814
Bhutan,large_city,11_20,2095,0.17163121568126263
Bhutan,large_city,11_20,2100,0.17209914996217449
Bhutan,large_city,21_30,2011,0.157092054088329
Bhutan,large_city,21_30,2012,0.15749654116002462
Bhutan,large_city,21_30,2013,0.15757722849360783
Bhutan,large_city,21_30,2014,0.1580537612853497
Bhutan,large_city,21_30,2015,0.15876952976685157
Bhutan,large_city,21_30,2016,0.1594843363850345
Bhutan,large_city,21_30,2017,0.1598381915347803
Bhutan,large_city,21_30,2018,0.16016739749168177
Bhutan,large_city,21_30,2019,0.1606343936328968
Bhutan,large_city,21_30,2020,0.15948140534064423
Bhutan,large_city,21_30,2025,0.16112116563838066
Bhutan,large_city,21_30,2030,0.16340356763341018
Bhutan,large_city,21_30,2035,0.1653929036603513
Bhutan,large_city,21_30,2040,0.16722560811513024
Bhutan,large_city,21_30,2045,0.1689208536090365
Bhutan,large_city,21_30,2050,0.1704819533531101
Bhutan,large_city,21_30,2055,0.1719065243722
Bhutan,large_city,21_30,2060,0.17319896594501885
Bhutan,large_city,21_30,2065,0.1743678764805197
Bhutan,large_city,21_30,2070,0.17542179184132775
Bhutan,large_city,21_30,2075,0.17636577340654175
Bhutan,large_city,21_30,2080,0.17719212120260924
Bhutan,large_city,21_30,2085,0.17793718240394218
Bhutan,large_city,21_30,2090,0.17857787197963557
Bhutan,large_city,21_30,2095,0.17913326162639218
Bhutan,large_city,21_30,2100,0.17962164943879458
Bhutan,large_city,31_50,2011,0.147596045325267
Bhutan,large_city,31_50,2012,0.14797608168365534
Bhutan,large_city,31_50,2013,0.1480518915736834
Bhutan,large_city,31_50,2014,0.14849961858277427
Bhutan,large_city,31_50,2015,0.14917211979775455
Bhutan,large_city,31_50,2016,0.14984371729279278
Bhutan,large_city,31_50,2017,0.15017618236254796
Bhutan,large_city,31_50,2018,0.15048548825085759
Bhutan,large_city,31_50,2019,0.15092425508744592
Bhutan,large_city,31_50,2020,0.14984096342619407
Bhutan,large_city,31_50,2025,0.151381602363229
Bhutan,large_city,31_50,2030,0.15352603614929078
Bhutan,large_city,31_50,2035,0.1553951194209023
Bhutan,large_city,31_50,2040,0.15711703929358584
Bhutan,large_city,31_50,2045,0.1587098094194087
Bhutan,large_city,31_50,2050,0.16017654273014634
Bhutan,large_city,31_50,2055,0.16151500029837212
Bhutan,large_city,31_50,2060,0.1627293154721668
Bhutan,large_city,31_50,2065,0.16382756689793246
Bhutan,large_city,31_50,2070,0.1648177744565869
Bhutan,large_city,31_50,2075,0.16570469357349657
Bhutan,large_city,31_50,2080,0.16648108972841752
Bhutan,large_city,31_50,2085,0.16718111295671015
Bhutan,large_city,31_50,2090,0.16778307368732925
Bhutan,large_city,31_50,2095,0.16830489075790991
Bhutan,large_city,31_50,2100,0.16876375616720124
Bhutan,large_city,51+,2011,0.0999074306415119
Bhutan,large_city,51+,2012,0.10016467639652696
Bhutan,large_city,51+,2013,0.10021599194033595
Bhutan,large_city,51+,2014,0.10051905734434796
Bhutan,large_city,51+,2015,0.10097427190205449
Bhutan,large_city,51+,2016,0.10142887473376776
Bhutan,large_city,51+,2017,0.1016539195906546
Bhutan,large_city,51+,2018,0.10186328804978374
Bhutan,large_city,51+,2019,0.10216028833321031
Bhutan,large_city,51+,2020,0.10142701064766978
Bhutan,large_city,51+,2025,0.10246986567407801
Bhutan,large_city,51+,2030,0.10392142807383022
Bhutan,large_city,51+,2035,0.10518660633053904
Bhutan,large_city,51+,2040,0.1063521700139782
Bhutan,large_city,51+,2045,0.10743031252465887
Bhutan,large_city,51+,2050,0.1084231409990884
Bhutan,large_city,51+,2055,0.10932913991233455
Bhutan,large_city,51+,2060,0.11015110711840344
Bhutan,large_city,51+,2065,0.11089451103484863
Bhutan,large_city,51+,2070,0.11156478030099973
Bhutan,large_city,51+,2075,0.11216513385357633
Bhutan,large_city,51+,2080,0.11269067466212009
Bhutan,large_city,51+,2085,0.11316451880864832
Bhutan,large_city,51+,2090,0.11357198467137322
Bhutan,large_city,51+,2095,0.11392520147113032
Bhutan,large_city,51+,2100,0.11423580643315036
Bhutan,city,No_travel,2011,0.0
Bhutan,city,No_travel,2012,0.0
Bhutan,city,No_travel,2013,0.0
Bhutan,city,No_travel,2014,0.0
Bhutan,city,No_travel,2015,0.0
Bhutan,city,No_travel,2016,0.0
Bhutan,city,No_travel,2017,0.0
Bhutan,city,No_travel,2018,0.0
Bhutan,city,No_travel,2019,0.0
Bhutan,city,No_travel,2020,0.0
Bhutan,city,No_travel,2025,0.0
Bhutan,city,No_travel,2030,0.0
Bhutan,city,No_travel,2035,0.0
Bhutan,city,No_travel,2040,0.0
Bhutan,city,No_travel,2045,0.0
Bhutan,city,No_travel,2050,0.0
Bhutan,city,No_travel,2055,0.0
Bhutan,city,No_travel,2060,0.0
Bhutan,city,No_travel,2065,0.0
Bhutan,city,No_travel,2070,0.0
Bhutan,city,No_travel,2075,0.0
Bhutan,city,No_travel,2080,0.0
Bhutan,city,No_travel,2085,0.0
Bhutan,city,No_travel,2090,0.0
Bhutan,city,No_travel,2095,0.0
Bhutan,city,No_travel,2100,0.0
Bhutan,city,00_01,2011,0.0203337654203297
Bhutan,city,00_01,2012,0.020386121634519822
Bhutan,city,00_01,2013,0.020396565684812462
Bhutan,city,00_01,2014,0.02045824739149462
Bhutan,city,00_01,2015,0.020550895415499332
Bhutan,city,00_01,2016,0.020643418937324687
Bhutan,city,00_01,2017,0.020689221429687925
Bhutan,city,00_01,2018,0.02073183336662807
Bhutan,city,00_01,2019,0.02079228066323243
Bhutan,city,00_01,2020,0.020643039547231314
Bhutan,city,00_01,2025,0.020855287718746052
Bhutan,city,00_01,2030,0.021150718490411485
Bhutan,city,00_01,2035,0.021408215232361825
Bhutan,city,00_01,2040,0.021645437812997985
Bhutan,city,00_01,2045,0.021864867907047034
Bhutan,city,00_01,2050,0.022066934371693814
Bhutan,city,00_01,2055,0.02225132875812463
Bhutan,city,00_01,2060,0.02241862050253332
Bhutan,city,00_01,2065,0.022569922570382414
Bhutan,city,00_01,2070,0.02270633983122938
Bhutan,city,00_01,2075,0.02282852742257238
Bhutan,city,00_01,2080,0.022935488671111375
Bhutan,city,00_01,2085,0.02303192830187191
Bhutan,city,00_01,2090,0.023114858222261614
Bhutan,city,00_01,2095,0.02318674704477124
Bhutan,city,00_01,2100,0.023249963247966056
Bhutan,city,02_05,2011,0.0396703669770022
Bhutan,city,02_05,2012,0.039772511866918756
Bhutan,city,02_05,2013,0.03979288779332839
Bhutan,city,02_05,2014,0.03991322634790828
Bhutan,city,02_05,2015,0.040093978955012044
Bhutan,city,02_05,2016,0.04027448866331953
Bhutan,city,02_05,2017,0.04036384750281388
Bhutan,city,02_05,2018,0.04044698169567352
Bhutan,city,02_05,2019,0.040564911965325655
Bhutan,city,02_05,2020,0.04027374848834847
Bhutan,city,02_05,2025,0.04068783622272201
Bhutan,city,02_05,2030,0.041264209899018536
Bhutan,city,02_05,2035,0.04176657579325373
Bhutan,city,02_05,2040,0.04222938760575054
Bhutan,city,02_05,2045,0.0426574869851218
Bhutan,city,02_05,2050,0.04305171061466504
Bhutan,city,02_05,2055,0.043411456723022136
Bhutan,city,02_05,2060,0.04373783625754162
Bhutan,city,02_05,2065,0.0440330205695408
Bhutan,city,02_05,2070,0.04429916521554847
Bhutan,city,02_05,2075,0.04453754834274667
Bhutan,city,02_05,2080,0.044746225481198255
Bhutan,city,02_05,2085,0.044934375362162854
Bhutan,city,02_05,2090,0.04509616833592972
Bhutan,city,02_05,2095,0.04523642056720855
Bhutan,city,02_05,2100,0.04535975286340607
Bhutan,city,06_10,2011,0.0505698242635587
Bhutan,city,06_10,2012,0.05070003352367206
Bhutan,city,06_10,2013,0.05072600774816914
Bhutan,city,06_10,2014,0.05087940939330047
Bhutan,city,06_10,2015,0.051109823888374754
Bhutan,city,06_10,2016,0.05133992874806177
Bhutan,city,06_10,2017,0.051453838982677066
Bhutan,city,06_10,2018,0.051559814345235266
Bhutan,city,06_10,2019,0.05171014602770042
Bhutan,city,06_10,2020,0.05133898520957037
Bhutan,city,06_10,2025,0.05186684379905872
Bhutan,city,06_10,2030,0.05260157649102887
Bhutan,city,06_10,2035,0.05324196771811801
Bhutan,city,06_10,2040,0.053831937355621765
Bhutan,city,06_10,2045,0.05437765729803353
Bhutan,city,06_10,2050,0.05488019410789216
Bhutan,city,06_10,2055,0.05533878067679544
Bhutan,city,06_10,2060,0.05575483318554689
Bhutan,city,06_10,2065,0.05613111956554968
Bhutan,city,06_10,2070,0.056470387613790744
Bhutan,city,06_10,2075,0.056774266649162394
Bhutan,city,06_10,2080,0.05704027795743783
Bhutan,city,06_10,2085,0.05728012213183393
Bhutan,city,06_10,2090,0.05748636782286099
Bhutan,city,06_10,2095,0.057665154439391506
Bhutan,city,06_10,2100,0.057822372358458045
Bhutan,city,11_20,2011,0.0832808161760771
Bhutan,city,11_20,2012,0.08349525104141117
Bhutan,city,11_20,2013,0.08353802664221975
Bhutan,city,11_20,2014,0.08379065584145737
Bhutan,city,11_20,2015,0.08417011350198977
Bhutan,city,11_20,2016,0.08454906124009029
Bhutan,city,11_20,2017,0.08473665408716305
Bhutan,city,11_20,2018,0.08491117940570886
Bhutan,city,11_20,2019,0.0851587528429344
Bhutan,city,11_20,2020,0.08454750737557126
Bhutan,city,11_20,2025,0.08541681026120182
Bhutan,city,11_20,2030,0.08662680335786785
Bhutan,city,11_20,2035,0.08768143039762237
Bhutan,city,11_20,2040,0.08865302074119062
Bhutan,city,11_20,2045,0.0895517385609471
Bhutan,city,11_20,2050,0.09037934032332276
Bhutan,city,11_20,2055,0.09113456271734587
Bhutan,city,11_20,2060,0.09181973797760268
Bhutan,city,11_20,2065,0.09243942446651056
Bhutan,city,11_20,2070,0.09299814738816291
Bhutan,city,11_20,2075,0.09349858998319059
Bhutan,city,11_20,2080,0.09393667018591752
Bhutan,city,11_20,2085,0.09433165709539701
Bhutan,city,11_20,2090,0.09467131240825738
Bhutan,city,11_20,2095,0.09496574679799186
Bhutan,city,11_20,2100,0.0952246608204952
Bhutan,city,21_30,2011,0.0673025770269828
Bhutan,city,21_30,2012,0.06747587046602527
Bhutan,city,21_30,2013,0.0675104391494326
Bhutan,city,21_30,2014,0.06771459896584225
Bhutan,city,21_30,2015,0.06802125396274414
Bhutan,city,21_30,2016,0.06832749687082022
Bhutan,city,21_30,2017,0.06847909819534533
Bhutan,city,21_30,2018,0.06862013912450425
Bhutan,city,21_30,2019,0.06882021317629403
Bhutan,city,21_30,2020,0.06832624113040743
Bhutan,city,21_30,2025,0.06902875975481948
Bhutan,city,21_30,2030,0.07000660384100502
Bhutan,city,21_30,2035,0.07085889036792557
Bhutan,city,21_30,2040,0.07164407160100118
Bhutan,city,21_30,2045,0.07237036161672099
Bhutan,city,21_30,2050,0.07303917988625129
Bhutan,city,21_30,2055,0.07364950547718663
Bhutan,city,21_30,2060,0.07420322316209645
Bhutan,city,21_30,2065,0.0747040167369832
Bhutan,city,21_30,2070,0.07515554320127413
Bhutan,city,21_30,2075,0.07555997098964047
Bhutan,city,21_30,2080,0.07591400122063253
Bhutan,city,21_30,2085,0.07623320602818016
Bhutan,city,21_30,2090,0.07650769514711576
Bhutan,city,21_30,2095,0.07674563941933088
Bhutan,city,21_30,2100,0.07695487825419119
Bhutan,city,31_50,2011,0.128420945162782
Bhutan,city,31_50,2012,0.12875160868586555
Bhutan,city,31_50,2013,0.12881756965188354
Bhutan,city,31_50,2014,0.1292071297214345
Bhutan,city,31_50,2015,0.12979226221235296
Bhutan,city,31_50,2016,0.1303766083910849
Bhutan,city,31_50,2017,0.13066588090104597
Bhutan,city,31_50,2018,0.13093500297971414
Bhutan,city,31_50,2019,0.1313167669472824
Bhutan,city,31_50,2020,0.13037421229604942
Bhutan,city,31_50,2025,0.13171469745615377
Bhutan,city,31_50,2030,0.13358053480320572
Bhutan,city,31_50,2035,0.13520679409626013
Bhutan,city,31_50,2040,0.13670500888282355
Bhutan,city,31_50,2045,0.13809085255183545
Bhutan,city,31_50,2050,0.13936703361516656
Bhutan,city,31_50,2055,0.1405316040180729
Bhutan,city,31_50,2060,0.14158816012024053
Bhutan,city,31_50,2065,0.1425437310219702
Bhutan,city,31_50,2070,0.14340529469266003
Bhutan,city,31_50,2075,0.14417698875143695
Bhutan,city,31_50,2080,0.14485251855859385
Bhutan,city,31_50,2085,0.1454615975106425
Bhutan,city,31_50,2090,0.14598535386066275
Bhutan,city,31_50,2095,0.14643937850108157
Bhutan,city,31_50,2100,0.14683862991350144
Bhutan,city,51+,2011,0.0842931032354429
Bhutan,city,51+,2012,0.08451014457906598
Bhutan,city,51+,2013,0.08455344012179086
Bhutan,city,51+,2014,0.08480914005545388
Bhutan,city,51+,2015,0.08519321006366695
Bhutan,city,51+,2016,0.08557676395128748
Bhutan,city,51+,2017,0.08576663700910073
Bhutan,city,51+,2018,0.08594328370120659
Bhutan,city,51+,2019,0.08619386641953974
Bhutan,city,51+,2020,0.08557519119938217
Bhutan,city,51+,2025,0.08645506055280446
Bhutan,city,51+,2030,0.08767976124252634
Bhutan,city,51+,2035,0.08874720738461223
Bhutan,city,51+,2040,0.08973060751075657
Bhutan,city,51+,2045,0.09064024933991562
Bhutan,city,51+,2050,0.0914779106885541
Bhutan,city,51+,2055,0.09224231289002284
Bhutan,city,51+,2060,0.09293581652746426
Bhutan,city,51+,2065,0.09356303537066918
Bhutan,city,51+,2070,0.09412854962806161
Bhutan,city,51+,2075,0.09463507515534383
Bhutan,city,51+,2080,0.09507848026890313
Bhutan,city,51+,2085,0.09547826828571375
Bhutan,city,51+,2090,0.09582205214454234
Bhutan,city,51+,2095,0.09612006541517935
Bhutan,city,51+,2100,0.09638212656479436
Bhutan,town,No_travel,2011,0.0
Bhutan,town,No_travel,2012,0.0
Bhutan,town,No_travel,2013,0.0
Bhutan,town,No_travel,2014,0.0
Bhutan,town,No_travel,2015,0.0
Bhutan,town,No_travel,2016,0.0
Bhutan,town,No_travel,2017,0.0
Bhutan,town,No_travel,2018,0.0
Bhutan,town,No_travel,2019,0.0
Bhutan,town,No_travel,2020,0.0
Bhutan,town,No_travel,2025,0.0
Bhutan,town,No_travel,2030,0.0
Bhutan,town,No_travel,2035,0.0
Bhutan,town,No_travel,2040,0.0
Bhutan,town,No_travel,2045,0.0
Bhutan,town,No_travel,2050,0.0
Bhutan,town,No_travel,2055,0.0
Bhutan,town,No_travel,2060,0.0
Bhutan,town,No_travel,2065,0.0
Bhutan,town,No_travel,2070,0.0
Bhutan,town,No_travel,2075,0.0
Bhutan,town,No_travel,2080,0.0
Bhutan,town,No_travel,2085,0.0
Bhutan,town,No_travel,2090,0.0
Bhutan,town,No_travel,2095,0.0
Bhutan,town,No_travel,2100,0.0
Bhutan,town,00_01,2011,0.0142978983785273
Bhutan,town,00_01,2012,0.014334713194401312
Bhutan,town,00_01,2013,0.014342057036855356
Bhutan,town,00_01,2014,0.014385429169646555
Bhutan,town,00_01,2015,0.014450575590135222
Bhutan,town,00_01,2016,0.01451563446562317
Bhutan,town,00_01,2017,0.014547840963915815
Bhutan,town,00_01,2018,0.014577803990019835
Bhutan,town,00_01,2019,0.01462030813454202
Bhutan,town,00_01,2020,0.014515367693537985
Bhutan,town,00_01,2025,0.01466461220013153
Bhutan,town,00_01,2030,0.014872347416105793
Bhutan,town,00_01,2035,0.01505340892503453
Bhutan,town,00_01,2040,0.015220214446831132
Bhutan,town,00_01,2045,0.015374508996859097
Bhutan,town,00_01,2050,0.015516594130502836
Bhutan,town,00_01,2055,0.015646252958774885
Bhutan,town,00_01,2060,0.015763885886650144
Bhutan,town,00_01,2065,0.015870275507354852
Bhutan,town,00_01,2070,0.015966198721395514
Bhutan,town,00_01,2075,0.016052116195509412
Bhutan,town,00_01,2080,0.01612732710851237
Bhutan,town,00_01,2085,0.016195139636677874
Bhutan,town,00_01,2090,0.016253452671659868
Bhutan,town,00_01,2095,0.016304002043974693
Bhutan,town,00_01,2100,0.01634845317392882
Bhutan,town,02_05,2011,0.0305435787015927
Bhutan,town,02_05,2012,0.030622223562275248
Bhutan,town,02_05,2013,0.030637911688182206
Bhutan,town,02_05,2014,0.03073056447646565
Bhutan,town,02_05,2015,0.030869732119754467
Bhutan,town,02_05,2016,0.03100871274691346
Bhutan,town,02_05,2017,0.031077513188017547
Bhutan,town,02_05,2018,0.031141521059784245
Bhutan,town,02_05,2019,0.031232319626747548
Bhutan,town,02_05,2020,0.03100814286076911
Bhutan,town,02_05,2025,0.03132696323648015
Bhutan,town,02_05,2030,0.031770733135399784
Bhutan,town,02_05,2035,0.032157521899831024
Bhutan,town,02_05,2040,0.03251385661756172
Bhutan,town,02_05,2045,0.03284346504022918
Bhutan,town,02_05,2050,0.033146991359054565
Bhutan,town,02_05,2055,0.03342397224959098
Bhutan,town,02_05,2060,0.03367526306837681
Bhutan,town,02_05,2065,0.033902535613403915
Bhutan,town,02_05,2070,0.03410744952171374
Bhutan,town,02_05,2075,0.03429098888274186
Bhutan,town,02_05,2080,0.034451656582267155
Bhutan,town,02_05,2085,0.03459651964088895
Bhutan,town,02_05,2090,0.03472108961097463
Bhutan,town,02_05,2095,0.034829074623228796
Bhutan,town,02_05,2100,0.03492403239605558
Bhutan,town,06_10,2011,0.0419722902791875
Bhutan,town,06_10,2012,0.04208036225574872
Bhutan,town,06_10,2013,0.04210192052110251
Bhutan,town,06_10,2014,0.04222924187276868
Bhutan,town,06_10,2015,0.042420482878894925
Bhutan,town,06_10,2016,0.042611466891714495
Bhutan,town,06_10,2017,0.04270601089107913
Bhutan,town,06_10,2018,0.042793969050802065
Bhutan,town,06_10,2019,0.0429187423737565
Bhutan,town,06_10,2020,0.04261068376715302
Bhutan,town,06_10,2025,0.04304879946692089
Bhutan,town,06_10,2030,0.0436586179559917
Bhutan,town,06_10,2035,0.04419013426768669
Bhutan,town,06_10,2040,0.04467980132193942
Bhutan,town,06_10,2045,0.04513274171015733
Bhutan,town,06_10,2050,0.045549840665246304
Bhutan,town,06_10,2055,0.045930461497302774
Bhutan,town,06_10,2060,0.046275779617802625
Bhutan,town,06_10,2065,0.04658809237347425
Bhutan,town,06_10,2070,0.046869680399744866
Bhutan,town,06_10,2075,0.047121896009906065
Bhutan,town,06_10,2080,0.04734268190368915
Bhutan,town,06_10,2085,0.047541749419863596
Bhutan,town,06_10,2090,0.04771293063590863
Bhutan,town,06_10,2095,0.04786132118059281
Bhutan,town,06_10,2100,0.04799180998952675
Bhutan,town,11_20,2011,0.0757320066192673
Bhutan,town,11_20,2012,0.07592700449977013
Bhutan,town,11_20,2013,0.07596590279871006
Bhutan,town,11_20,2014,0.07619563297028323
Bhutan,town,11_20,2015,0.07654069551143813
Bhutan,town,11_20,2016,0.07688529435097771
Bhutan,town,11_20,2017,0.077055883249941
Bhutan,town,11_20,2018,0.077214589098253
Bhutan,town,11_20,2019,0.0774397217764328
Bhutan,town,11_20,2020,0.07688388133314907
Bhutan,town,11_20,2025,0.07767438813785582
Bhutan,town,11_20,2030,0.07877470402587784
Bhutan,town,11_20,2035,0.07973373667736729
Bhutan,town,11_20,2040,0.0806172593144985
Bhutan,town,11_20,2045,0.08143451480021265
Bhutan,town,11_20,2050,0.08218710038983798
Bhutan,town,11_20,2055,0.08287386728249488
Bhutan,town,11_20,2060,0.08349693631240711
Bhutan,town,11_20,2065,0.08406045265908436
Bhutan,town,11_20,2070,0.08456853134927696
Bhutan,town,11_20,2075,0.08502361240706909
Bhutan,town,11_20,2080,0.08542198377680375
Bhutan,town,11_20,2085,0.08578116795170401
Bhutan,town,11_20,2090,0.08609003594295217
Bhutan,town,11_20,2095,0.08635778196389854
Bhutan,town,11_20,2100,0.08659322728451821
Bhutan,town,21_30,2011,0.0536494958683143
Bhutan,town,21_30,2012,0.053787634793339235
Bhutan,town,21_30,2013,0.053815190832343374
Bhutan,town,21_30,2014,0.05397793454455747
Bhutan,town,21_30,2015,0.05422238114253379
Bhutan,town,21_30,2016,0.054466499248515696
Bhutan,town,21_30,2017,0.05458734654728227
Bhutan,town,21_30,2018,0.05469977574509949
Bhutan,town,21_30,2019,0.05485926253578432
Bhutan,town,21_30,2020,0.054465498249102844
Bhutan,town,21_30,2025,0.05502550310631205
Bhutan,town,21_30,2030,0.055804980573283855
Bhutan,town,21_30,2035,0.05648437123742309
Bhutan,town,21_30,2040,0.05711026966777412
Bhutan,town,21_30,2045,0.057689223623459
Bhutan,town,21_30,2050,0.058222364620027875
Bhutan,town,21_30,2055,0.05870887883264241
Bhutan,town,21_30,2060,0.05915026868665754
Bhutan,town,21_30,2065,0.0595494706788189
Bhutan,town,21_30,2070,0.059909399945282195
Bhutan,town,21_30,2075,0.06023178502947135
Bhutan,town,21_30,2080,0.06051399626496762
Bhutan,town,21_30,2085,0.06076844680401319
Bhutan,town,21_30,2090,0.06098725273244486
Bhutan,town,21_30,2095,0.06117692734540917
Bhutan,town,21_30,2100,0.061343719740324876
Bhutan,town,31_50,2011,0.0837659254033078
Bhutan,town,31_50,2012,0.08398160934780066
Bhutan,town,31_50,2013,0.08402463411569963
Bhutan,town,31_50,2014,0.08427873487539073
Bhutan,town,31_50,2015,0.0846604028698382
Bhutan,town,31_50,2016,0.08504155797156496
Bhutan,town,31_50,2017,0.08523024354353231
Bhutan,town,31_50,2018,0.08540578546885863
Bhutan,town,31_50,2019,0.08565480101681663
Bhutan,town,31_50,2020,0.0850399950558136
Bhutan,town,31_50,2025,0.08591436161481386
Bhutan,town,31_50,2030,0.08713140289908214
Bhutan,town,31_50,2035,0.08819217312200613
Bhutan,town,31_50,2040,0.08916942296151108
Bhutan,town,31_50,2045,0.09007337579608919
Bhutan,town,31_50,2050,0.0909057983235562
Bhutan,town,31_50,2055,0.09166541987417712
Bhutan,town,31_50,2060,0.0923545862677619
Bhutan,town,31_50,2065,0.09297788241910541
Bhutan,town,31_50,2070,0.09353985989153192
Bhutan,town,31_50,2075,0.09404321755549978
Bhutan,town,31_50,2080,0.09448384956737517
Bhutan,town,31_50,2085,0.0948811372683601
Bhutan,town,31_50,2090,0.09522277106719014
Bhutan,town,31_50,2095,0.09551892053184621
Bhutan,town,31_50,2100,0.09577934272378333
Bhutan,town,51+,2011,0.068333385372376
Bhutan,town,51+,2012,0.06850933297907531
Bhutan,town,51+,2013,0.06854443111750383
Bhutan,town,51+,2014,0.06875171785195802
Bhutan,town,51+,2015,0.06906306958624986
Bhutan,town,51+,2016,0.06937400292015072
Bhutan,town,51+,2017,0.06952792617523773
Bhutan,town,51+,2018,0.06967112729161742
Bhutan,town,51+,2019,0.06987426568375481
Bhutan,town,51+,2020,0.06937272794677905
Bhutan,town,51+,2025,0.07008600636810863
Bhutan,town,51+,2030,0.07107882714447544
Bhutan,town,51+,2035,0.07194416731812729
Bhutan,town,51+,2040,0.0727413744111841
Bhutan,town,51+,2045,0.07347878830718385
Bhutan,town,51+,2050,0.074157850217957
Bhutan,town,51+,2055,0.07477752357446588
Bhutan,town,51+,2060,0.07533972201651472
Bhutan,town,51+,2065,0.07584818576123918
Bhutan,town,51+,2070,0.07630662781878252
Bhutan,town,51+,2075,0.07671724983562825
Bhutan,town,51+,2080,0.07707670240455668
Bhutan,town,51+,2085,0.07740079616278114
Bhutan,town,51+,2090,0.07767948936552777
Bhutan,town,51+,2095,0.07792107799955444
Bhutan,town,51+,2100,0.07813352154286252
Bhutan,rural,No_travel,2011,0.0
Bhutan,rural,No_travel,2012,0.0
Bhutan,rural,No_travel,2013,0.0
Bhutan,rural,No_travel,2014,0.0
Bhutan,rural,No_travel,2015,0.0
Bhutan,rural,No_travel,2016,0.0
Bhutan,rural,No_travel,2017,0.0
Bhutan,rural,No_travel,2018,0.0
Bhutan,rural,No_travel,2019,0.0
Bhutan,rural,No_travel,2020,0.0
Bhutan,rural,No_travel,2025,0.0
Bhutan,rural,No_travel,2030,0.0
Bhutan,rural,No_travel,2035,0.0
Bhutan,rural,No_travel,2040,0.0
Bhutan,rural,No_travel,2045,0.0
Bhutan,rural,No_travel,2050,0.0
Bhutan,rural,No_travel,2055,0.0
Bhutan,rural,No_travel,2060,0.0
Bhutan,rural,No_travel,2065,0.0
Bhutan,rural,No_travel,2070,0.0
Bhutan,rural,No_travel,2075,0.0
Bhutan,rural,No_travel,2080,0.0
Bhutan,rural,No_travel,2085,0.0
Bhutan,rural,No_travel,2090,0.0
Bhutan,rural,No_travel,2095,0.0
Bhutan,rural,No_travel,2100,0.0
Bhutan,rural,00_01,2011,0.00800533451099545
Bhutan,rural,00_01,2012,0.008025946975025462
Bhutan,rural,00_01,2013,0.008030058762218534
Bhutan,rural,00_01,2014,0.008054342641027626
Bhutan,rural,00_01,2015,0.008090817853985426
Bhutan,rural,00_01,2016,0.008127244050857295
Bhutan,rural,00_01,2017,0.008145276336822316
Bhutan,rural,00_01,2018,0.0081620525119338
Bhutan,rural,00_01,2019,0.008185850407680129
Bhutan,rural,00_01,2020,0.008127094686263733
Bhutan,rural,00_01,2025,0.008210656071831005
Bhutan,rural,00_01,2030,0.008326966165074175
Bhutan,rural,00_01,2035,0.008428341759421448
Bhutan,rural,00_01,2040,0.008521735485192247
Bhutan,rural,00_01,2045,0.008608124369313314
Bhutan,rural,00_01,2050,0.008687677251404421
Bhutan,rural,00_01,2055,0.00876027269621331
Bhutan,rural,00_01,2060,0.008826134888839009
Bhutan,rural,00_01,2065,0.00888570200001097
Bhutan,rural,00_01,2070,0.008939409013128265
Bhutan,rural,00_01,2075,0.008987513853602896
Bhutan,rural,00_01,2080,0.00902962413453553
Bhutan,rural,00_01,2085,0.009067592090218894
Bhutan,rural,00_01,2090,0.009100241318729519
Bhutan,rural,00_01,2095,0.009128543704435993
Bhutan,rural,00_01,2100,0.009153431709319908
Bhutan,rural,02_05,2011,0.018205337195522
Bhutan,rural,02_05,2012,0.0182522130453171
Bhutan,rural,02_05,2013,0.01826156386909883
Bhutan,rural,02_05,2014,0.018316789069435863
Bhutan,rural,02_05,2015,0.018399739201034125
Bhutan,rural,02_05,2016,0.018482577862665567
Bhutan,rural,02_05,2017,0.01852358599867143
Bhutan,rural,02_05,2018,0.01856173754928261
Bhutan,rural,02_05,2019,0.018615857550890375
Bhutan,rural,02_05,2020,0.018482238185068445
Bhutan,rural,02_05,2025,0.018672269369735085
Bhutan,rural,02_05,2030,0.018936776051351717
Bhutan,rural,02_05,2035,0.019167319431638154
Bhutan,rural,02_05,2040,0.01937971083980082
Bhutan,rural,02_05,2045,0.01957617218232295
Bhutan,rural,02_05,2050,0.019757087425946434
Bhutan,rural,02_05,2055,0.019922180408605616
Bhutan,rural,02_05,2060,0.020071960961003565
Bhutan,rural,02_05,2065,0.020207425549417603
Bhutan,rural,02_05,2070,0.02032956339165539
Bhutan,rural,02_05,2075,0.020438961048976842
Bhutan,rural,02_05,2080,0.020534726174434595
Bhutan,rural,02_05,2085,0.020621071027968306
Bhutan,rural,02_05,2090,0.020695320294303546
Bhutan,rural,02_05,2095,0.020759684184971247
Bhutan,rural,02_05,2100,0.020816283259052805
Bhutan,rural,06_10,2011,0.0247885032228387
Bhutan,rural,06_10,2012,0.0248523296788521
Bhutan,rural,06_10,2013,0.024865061820144523
Bhutan,rural,06_10,2014,0.02494025680510054
Bhutan,rural,06_10,2015,0.02505320223326675
Bhutan,rural,06_10,2016,0.02516599588321528
Bhutan,rural,06_10,2017,0.025221832822714202
Bhutan,rural,06_10,2018,0.025273780217322978
Bhutan,rural,06_10,2019,0.025347470356641248
Bhutan,rural,06_10,2020,0.025165533376032872
Bhutan,rural,06_10,2025,0.02542428104892451
Bhutan,rural,06_10,2030,0.025784435033401602
Bhutan,rural,06_10,2035,0.026098344370199835
Bhutan,rural,06_10,2040,0.02638753786599724
Bhutan,rural,06_10,2045,0.026655040882830727
Bhutan,rural,06_10,2050,0.02690137623226465
Bhutan,rural,06_10,2055,0.027126167890269306
Bhutan,rural,06_10,2060,0.02733011004558123
Bhutan,rural,06_10,2065,0.027514559493038198
Bhutan,rural,06_10,2070,0.027680863157915483
Bhutan,rural,06_10,2075,0.027829819705765133
Bhutan,rural,06_10,2080,0.027960214111293034
Bhutan,rural,06_10,2085,0.02807778181449506
Bhutan,rural,06_10,2090,0.02817888008903277
Bhutan,rural,06_10,2095,0.028266518373021444
Bhutan,rural,06_10,2100,0.028343584033229348
Bhutan,rural,11_20,2011,0.0423833067134091
Bhutan,rural,11_20,2012,0.04249243699196313
Bhutan,rural,11_20,2013,0.042514206368059144
Bhutan,rural,11_20,2014,0.04264277452249957
Bhutan,rural,11_20,2015,0.042835888268852575
Bhutan,rural,11_20,2016,0.04302874250527492
Bhutan,rural,11_20,2017,0.043124212333019114
Bhutan,rural,11_20,2018,0.043213031828850466
Bhutan,rural,11_20,2019,0.04333902700283913
Bhutan,rural,11_20,2020,0.04302795171191427
Bhutan,rural,11_20,2025,0.0434703576887077
Bhutan,rural,11_20,2030,0.04408614786574772
Bhutan,rural,11_20,2035,0.04462286908615059
Bhutan,rural,11_20,2040,0.045117331237484175
Bhutan,rural,11_20,2045,0.04557470707447178
Bhutan,rural,11_20,2050,0.045995890498721194
Bhutan,rural,11_20,2055,0.04638023858550076
Bhutan,rural,11_20,2060,0.04672893825658115
Bhutan,rural,11_20,2065,0.04704430935561083
Bhutan,rural,11_20,2070,0.04732865485129061
Bhutan,rural,11_20,2075,0.047583340299529604
Bhutan,rural,11_20,2080,0.04780628825380987
Bhutan,rural,11_20,2085,0.04800730515182942
Bhutan,rural,11_20,2090,0.0481801626712774
Bhutan,rural,11_20,2095,0.0483300063402048
Bhutan,rural,11_20,2100,0.04846177296944821
Bhutan,rural,21_30,2011,0.0366772116814261
Bhutan,rural,21_30,2012,0.03677164967217666
Bhutan,rural,21_30,2013,0.03679048822152924
Bhutan,rural,21_30,2014,0.036901747152970996
Bhutan,rural,21_30,2015,0.03706886185691507
Bhutan,rural,21_30,2016,0.03723575198893689
Bhutan,rural,21_30,2017,0.03731836864518413
Bhutan,rural,21_30,2018,0.03739523030848171
Bhutan,rural,21_30,2019,0.0375042626616784
Bhutan,rural,21_30,2020,0.03723506766065451
Bhutan,rural,21_30,2025,0.03761791220295746
Bhutan,rural,21_30,2030,0.038150798106064546
Bhutan,rural,21_30,2035,0.038615260162971524
Bhutan,rural,21_30,2040,0.039043152519637914
Bhutan,rural,21_30,2045,0.039438951519102414
Bhutan,rural,21_30,2050,0.03980343071635712
Bhutan,rural,21_30,2055,0.04013603374408892
Bhutan,rural,21_30,2060,0.04043778772793777
Bhutan,rural,21_30,2065,0.04071070018933513
Bhutan,rural,21_30,2070,0.0409567640466511
Bhutan,rural,21_30,2075,0.0411771610100217
Bhutan,rural,21_30,2080,0.04137009332104621
Bhutan,rural,21_30,2085,0.041544047169670154
Bhutan,rural,21_30,2090,0.041693632757089975
Bhutan,rural,21_30,2095,0.04182330286521849
Bhutan,rural,21_30,2100,0.04193732965850264
Bhutan,rural,31_50,2011,0.0541066561101835
Bhutan,rural,31_50,2012,0.05424597215017203
Bhutan,rural,31_50,2013,0.05427376300080398
Bhutan,rural,31_50,2014,0.05443789349128381
Bhutan,rural,31_50,2015,0.05468442307744197
Bhutan,rural,31_50,2016,0.05493062137244652
Bhutan,rural,31_50,2017,0.055052498440075585
Bhutan,rural,31_50,2018,0.05516588567409492
Bhutan,rural,31_50,2019,0.055326731490034774
Bhutan,rural,31_50,2020,0.05492961184327721
Bhutan,rural,31_50,2025,0.055494388636397954
Bhutan,rural,31_50,2030,0.05628050821811035
Bhutan,rural,31_50,2035,0.05696568813330059
Bhutan,rural,31_50,2040,0.05759691999452872
Bhutan,rural,31_50,2045,0.058180807355945156
Bhutan,rural,31_50,2050,0.05871849137501587
Bhutan,rural,31_50,2055,0.05920915129210557
Bhutan,rural,31_50,2060,0.059654302335096554
Bhutan,rural,31_50,2065,0.06005690602332863
Bhutan,rural,31_50,2070,0.06041990233353295
Bhutan,rural,31_50,2075,0.06074503453846719
Bhutan,rural,31_50,2080,0.06102965056369334
Bhutan,rural,31_50,2085,0.06128626933690573
Bhutan,rural,31_50,2090,0.06150693976321469
Bhutan,rural,31_50,2095,0.06169823063911933
Bhutan,rural,31_50,2100,0.061866444312098645
Bhutan,rural,51+,2011,0.0357459136063553
Bhutan,rural,51+,2012,0.035837953652579344
Bhutan,rural,51+,2013,0.035856313858460734
Bhutan,rural,51+,2014,0.0359647477324912
Bhutan,rural,51+,2015,0.03612761910399629
Bhutan,rural,51+,2016,0.036290271605850084
Bhutan,rural,51+,2017,0.03637079048177531
Bhutan,rural,51+,2018,0.03644570049401234
Bhutan,rural,51+,2019,0.03655196432648466
Bhutan,rural,51+,2020,0.03628960465385077
Bhutan,rural,51+,2025,0.036662728108618634
Bhutan,rural,51+,2030,0.03718208311357276
Bhutan,rural,51+,2035,0.03763475167256342
Bhutan,rural,51+,2040,0.03805177909948646
Bhutan,rural,51+,2045,0.03843752807526001
Bhutan,rural,51+,2050,0.03879275251297207
Bhutan,rural,51+,2055,0.03911691017244141
Bhutan,rural,51+,2060,0.03941100209880498
Bhutan,rural,51+,2065,0.03967698483904006
Bhutan,rural,51+,2070,0.039916800707859704
Bhutan,rural,51+,2075,0.04013160140972817
Bhutan,rural,51+,2080,0.04031963483445137
Bhutan,rural,51+,2085,0.04048917169288037
Bhutan,rural,51+,2090,0.04063495904255976
Bhutan,rural,51+,2095,0.04076133660153968
Bhutan,rural,51+,2100,0.04087246805659544
India,large_city,No_travel,2011,0.0
India,large_city,No_travel,2012,0.0
India,large_city,No_travel,2013,0.0
India,large_city,No_travel,2014,0.0
India,large_city,No_travel,2015,0.0
India,large_city,No_travel,2016,0.0
India,large_city,No_travel,2017,0.0
India,large_city,No_travel,2018,0.0
India,large_city,No_travel,2019,0.0
India,large_city,No_travel,2020,0.0
India,large_city,No_travel,2025,0.0
India,large_city,No_travel,2030,0.0
India,large_city,No_travel,2035,0.0
India,large_city,No_travel,2040,0.0
India,large_city,No_travel,2045,0.0
India,large_city,No_travel,2050,0.0
India,large_city,No_travel,2055,0.0
India,large_city,No_travel,2060,0.0
India,large_city,No_travel,2065,0.0
India,large_city,No_travel,2070,0.0
India,large_city,No_travel,2075,0.0
India,large_city,No_travel,2080,0.0
India,large_city,No_travel,2085,0.0
India,large_city,No_travel,2090,0.0
India,large_city,No_travel,2095,0.0
India,large_city,No_travel,2100,0.0
India,large_city,00_01,2011,0.0263657402468568
India,large_city,00_01,2012,0.02641552872617055
India,large_city,00_01,2013,0.026475963051267273
India,large_city,00_01,2014,0.02654777945613278
India,large_city,00_01,2015,0.02662539498740573
India,large_city,00_01,2016,0.026704285882328566
India,large_city,00_01,2017,0.026766429507003513
India,large_city,00_01,2018,0.026824681394141583
India,large_city,00_01,2019,0.026855535812562434
India,large_city,00_01,2020,0.026777514564426508
India,large_city,00_01,2025,0.027065955810992987
India,large_city,00_01,2030,0.027287152896356078
India,large_city,00_01,2035,0.02744556170859354
India,large_city,00_01,2040,0.02759032799276509
India,large_city,00_01,2045,0.027721554399802877
India,large_city,00_01,2050,0.02783971135224581
India,large_city,00_01,2055,0.02794595540529062
India,large_city,00_01,2060,0.02803994608585558
India,large_city,00_01,2065,0.02812076602458259
India,large_city,00_01,2070,0.02819004778299785
India,large_city,00_01,2075,0.028249181695113763
India,large_city,00_01,2080,0.028298411936348272
India,large_city,00_01,2085,0.028339121414834266
India,large_city,00_01,2090,0.02837220653330509
India,large_city,00_01,2095,0.02839932135966546
India,large_city,00_01,2100,0.028421424266057163
India,large_city,02_05,2011,0.0607545651824544
India,large_city,02_05,2012,0.060869292756324175
India,large_city,02_05,2013,0.061008551548566284
India,large_city,02_05,2014,0.06117403806287309
India,large_city,02_05,2015,0.061352887501946035
India,large_city,02_05,2016,0.061534675760990386
India,large_city,02_05,2017,0.06167787329159786
India,large_city,02_05,2018,0.06181210309288526
India,large_city,02_05,2019,0.06188320091746995
India,large_city,02_05,2020,0.06170341658518458
India,large_city,02_05,2025,0.06236807163949964
India,large_city,02_05,2030,0.06287777599883251
India,large_city,02_05,2035,0.06324279736437916
India,large_city,02_05,2040,0.06357638225771325
India,large_city,02_05,2045,0.06387876721733854
India,large_city,02_05,2050,0.06415103623773177
India,large_city,02_05,2055,0.06439585436859115
India,large_city,02_05,2060,0.06461243705792444
India,large_city,02_05,2065,0.06479867041187008
India,large_city,02_05,2070,0.06495831634132951
India,large_city,02_05,2075,0.06509457859243653
India,large_city,02_05,2080,0.06520801981851349
India,large_city,02_05,2085,0.06530182665424289
India,large_city,02_05,2090,0.06537806468010088
India,large_city,02_05,2095,0.06544054536412863
India,large_city,02_05,2100,0.06549147708288652
India,large_city,06_10,2011,0.0853273830804756
India,large_city,06_10,2012,0.08548851341884739
India,large_city,06_10,2013,0.08568409688286004
India,large_city,06_10,2014,0.08591651614482831
India,large_city,06_10,2015,0.08616770310593445
India,large_city,06_10,2016,0.08642301752341776
India,large_city,06_10,2017,0.08662413278963073
India,large_city,06_10,2018,0.08681265323481653
India,large_city,06_10,2019,0.08691250731650252
India,large_city,06_10,2020,0.08666000733486803
India,large_city,06_10,2025,0.08759348906197113
India,large_city,06_10,2030,0.08830934866850396
India,large_city,06_10,2035,0.08882200673456073
India,large_city,06_10,2040,0.08929051351916031
India,large_city,06_10,2045,0.08971520123127272
India,large_city,06_10,2050,0.09009759229825297
India,large_city,06_10,2055,0.09044142967696103
India,large_city,06_10,2060,0.09074561149516419
India,large_city,06_10,2065,0.09100716887256884
India,large_city,06_10,2070,0.09123138526419823
India,large_city,06_10,2075,0.09142276020474302
India,large_city,06_10,2080,0.09158208391853338
India,large_city,06_10,2085,0.0917138319079036
India,large_city,06_10,2090,0.09182090519890894
India,large_city,06_10,2095,0.09190865684761478
India,large_city,06_10,2100,0.09198018843152703
India,large_city,11_20,2011,0.150513087141122
India,large_city,11_20,2012,0.15079731271777605
India,large_city,11_20,2013,0.15114231182473958
India,large_city,11_20,2014,0.1515522873726468
India,large_city,11_20,2015,0.15199536817040224
India,large_city,11_20,2016,0.1524457295875666
India,large_city,11_20,2017,0.15280048650728104
India,large_city,11_20,2018,0.15313302681462143
India,large_city,11_20,2019,0.1533091642461893
India,large_city,11_20,2020,0.1528637673481848
India,large_city,11_20,2025,0.15451038079704216
India,large_city,11_20,2030,0.1557731200895066
India,large_city,11_20,2035,0.15667742238244375
India,large_city,11_20,2040,0.15750384410019572
India,large_city,11_20,2045,0.15825297124219012
India,large_city,11_20,2050,0.1589274892914792
India,large_city,11_20,2055,0.15953400063022555
India,large_city,11_20,2060,0.16007056161284441
India,large_city,11_20,2065,0.1605319352881695
India,large_city,11_20,2070,0.16092744139738596
India,large_city,11_20,2075,0.16126501688678868
India,large_city,11_20,2080,0.16154605567119346
India,large_city,11_20,2085,0.16177845230506238
India,large_city,11_20,2090,0.16196732404819758
India,large_city,11_20,2095,0.16212211341441993
India,large_city,11_20,2100,0.16224829142590977
India,large_city,21_30,2011,0.157092054088329
India,large_city,21_30,2012,0.1573887032403005
India,large_city,21_30,2013,0.15774878234970527
India,large_city,21_30,2014,0.15817667803751578
India,large_city,21_30,2015,0.15863912601442318
India,large_city,21_30,2016,0.15910917284854428
India,large_city,21_30,2017,0.1594794362872826
India,large_city,21_30,2018,0.15982651201962927
India,large_city,21_30,2019,0.16001034846503348
India,large_city,21_30,2020,0.15954548315052106
India,large_city,21_30,2025,0.1612640705098245
India,large_city,21_30,2030,0.16258200447157556
India,large_city,21_30,2035,0.16352583405751112
India,large_city,21_30,2040,0.1643883788876702
India,large_city,21_30,2045,0.16517025057567086
India,large_city,21_30,2050,0.16587425198774158
India,large_city,21_30,2055,0.1665072740979199
India,large_city,21_30,2060,0.1670672883033572
India,large_city,21_30,2065,0.16754882874436314
India,large_city,21_30,2070,0.16796162253048116
India,large_city,21_30,2075,0.1683139535340332
India,large_city,21_30,2080,0.1686072765982212
India,large_city,21_30,2085,0.16884983135057607
India,large_city,21_30,2090,0.16904695872768272
India,large_city,21_30,2095,0.16920851397814476
India,large_city,21_30,2100,0.16934020726397273
India,large_city,31_50,2011,0.147596045325267
India,large_city,31_50,2012,0.14787476242483125
India,large_city,31_50,2013,0.14821307522404198
India,large_city,31_50,2014,0.1486151051783836
India,large_city,31_50,2015,0.14904959878123525
India,large_city,31_50,2016,0.14949123190034216
India,large_city,31_50,2017,0.1498391133995272
India,large_city,31_50,2018,0.15016520885877901
India,large_city,31_50,2019,0.15033793263202
India,large_city,31_50,2020,0.14990116781645307
India,large_city,31_50,2025,0.15151586882250495
India,large_city,31_50,2030,0.15275413540373473
India,large_city,31_50,2035,0.1536409117283141
India,large_city,31_50,2040,0.15445131685406063
India,large_city,31_50,2045,0.15518592542335086
India,large_city,31_50,2050,0.15584737087282355
India,large_city,31_50,2055,0.15644212762616794
India,large_city,31_50,2060,0.15696828970691865
India,large_city,31_50,2065,0.15742072165943927
India,large_city,31_50,2070,0.1578085626022511
India,large_city,31_50,2075,0.15813959565845218
India,large_city,31_50,2080,0.1584151877278798
India,large_city,31_50,2085,0.15864308036338065
India,large_city,31_50,2090,0.1588282916489236
India,large_city,31_50,2095,0.15898008109625186
India,large_city,31_50,2100,0.15910381369556695
India,large_city,51+,2011,0.0999074306415119
India,large_city,51+,2012,0.1000960936184362
India,large_city,51+,2013,0.10032509679022035
India,large_city,51+,2014,0.10059722996079874
India,large_city,51+,2015,0.1008913377019338
India,large_city,51+,2016,0.10119027816554128
India,large_city,51+,2017,0.1014257583687859
India,large_city,51+,2018,0.10164649165066968
India,large_city,51+,2019,0.10176340798374069
India,large_city,51+,2020,0.10146776286383424
India,large_city,51+,2025,0.10256075033794572
India,large_city,51+,2030,0.1033989301977603
India,large_city,51+,2035,0.10399918709453014
India,large_city,51+,2040,0.10454774849882537
India,large_city,51+,2045,0.10504500338477629
India,large_city,51+,2050,0.10549273431971228
India,large_city,51+,2055,0.10589532382644586
India,large_city,51+,2060,0.10625148175380053
India,large_city,51+,2065,0.10655773192342292
India,large_city,51+,2070,0.10682026058405554
India,large_city,51+,2075,0.10704433611419303
India,large_city,51+,2080,0.10723088376525654
India,large_city,51+,2085,0.1073851437769312
India,large_city,51+,2090,0.10751051287895307
India,large_city,51+,2095,0.10761325881396538
India,large_city,51+,2100,0.10769701313175163
India,city,No_travel,2011,0.0
India,city,No_travel,2012,0.0
India,city,No_travel,2013,0.0
India,city,No_travel,2014,0.0
India,city,No_travel,2015,0.0
India,city,No_travel,2016,0.0
India,city,No_travel,2017,0.0
India,city,No_travel,2018,0.0
India,city,No_travel,2019,0.0
India,city,No_travel,2020,0.0
India,city,No_travel,2025,0.0
India,city,No_travel,2030,0.0
India,city,No_travel,2035,0.0
India,city,No_travel,2040,0.0
India,city,No_travel,2045,0.0
India,city,No_travel,2050,0.0
India,city,No_travel,2055,0.0
India,city,No_travel,2060,0.0
India,city,No_travel,2065,0.0
India,city,No_travel,2070,0.0
India,city,No_travel,2075,0.0
India,city,No_travel,2080,0.0
India,city,No_travel,2085,0.0
India,city,No_travel,2090,0.0
India,city,No_travel,2095,0.0
India,city,No_travel,2100,0.0
India,city,00_01,2011,0.0203337654203297
India,city,00_01,2012,0.020372163252119057
India,city,00_01,2013,0.020418771364705584
India,city,00_01,2014,0.020474157555883766
India,city,00_01,2015,0.02053401614476092
India,city,00_01,2016,0.020594858318587317
India,city,00_01,2017,0.020642784675847854
India,city,00_01,2018,0.020687709650351393
India,city,00_01,2019,0.020711505170616564
India,city,00_01,2020,0.0206513336851
India,city,00_01,2025,0.02087378511602197
India,city,00_01,2030,0.021044376557920512
India,city,00_01,2035,0.02116654447728828
India,city,00_01,2040,0.02127819101690964
India,city,00_01,2045,0.021379395343155597
India,city,00_01,2050,0.021470520254925976
India,city,00_01,2055,0.02155245770980839
India,city,00_01,2060,0.021624945128420992
India,city,00_01,2065,0.021687275017890202
India,city,00_01,2070,0.021740706441030003
India,city,00_01,2075,0.02178631165014203
India,city,00_01,2080,0.021824278957999738
India,city,00_01,2085,0.021855674889923814
India,city,00_01,2090,0.021881190768924016
India,city,00_01,2095,0.021902102243946623
India,city,00_01,2100,0.02191914842999975
India,city,02_05,2011,0.0396703669770022
India,city,02_05,2012,0.03974527961844942
India,city,02_05,2013,0.03983621019093279
India,city,02_05,2014,0.0399442664453489
India,city,02_05,2015,0.04006104816965798
India,city,02_05,2016,0.04017974882905274
India,city,02_05,2017,0.04027325124442415
India,city,02_05,2018,0.040360898081502644
India,city,02_05,2019,0.04040732219439145
India,city,02_05,2020,0.04028993002119332
India,city,02_05,2025,0.04072392390854341
India,city,02_05,2030,0.0410567410215256
India,city,02_05,2035,0.04129508576948314
India,city,02_05,2040,0.04151290372434474
India,city,02_05,2045,0.04171034933654912
India,city,02_05,2050,0.041888130412309134
India,city,02_05,2055,0.04204798712537503
India,city,02_05,2060,0.042189407193824455
India,city,02_05,2065,0.04231101032722184
India,city,02_05,2070,0.04241525290700198
India,city,02_05,2075,0.04250422685472582
India,city,02_05,2080,0.042578299561118804
India,city,02_05,2085,0.042639551774630025
India,city,02_05,2090,0.04268933223893433
India,city,02_05,2095,0.04273012969435042
India,city,02_05,2100,0.042763386124839674
India,city,06_10,2011,0.0505698242635587
India,city,06_10,2012,0.05066531919848837
India,city,06_10,2013,0.05078123300068068
India,city,06_10,2014,0.05091897777626013
India,city,06_10,2015,0.05106784534985552
India,city,06_10,2016,0.051219159087110375
India,city,06_10,2017,0.05133835134757753
India,city,06_10,2018,0.051450079206079205
India,city,06_10,2019,0.05150925837202289
India,city,06_10,2020,0.05135961262833748
India,city,06_10,2025,0.05191284659835535
India,city,06_10,2030,0.05233710541414022
India,city,06_10,2035,0.05264093552555165
India,city,06_10,2040,0.05291859909506651
India,city,06_10,2045,0.053170293008474846
India,city,06_10,2050,0.05339691954217397
India,city,06_10,2055,0.05360069698370303
India,city,06_10,2060,0.053780972301372104
India,city,06_10,2065,0.0539359859691148
India,city,06_10,2070,0.0540688692606487
India,city,06_10,2075,0.05418228885424706
India,city,06_10,2080,0.05427671308145906
India,city,06_10,2085,0.054354794377626844
India,city,06_10,2090,0.05441825205456456
India,city,06_10,2095,0.05447025863549657
India,city,06_10,2100,0.05451265229034856
India,city,11_20,2011,0.0832808161760771
India,city,11_20,2012,0.08343808182288211
India,city,11_20,2013,0.0836289742413002
India,city,11_20,2014,0.08385581895554045
India,city,11_20,2015,0.08410098122793755
India,city,11_20,2016,0.08435017196017267
India,city,11_20,2017,0.08454646350118815
India,city,11_20,2018,0.08473046230642683
India,city,11_20,2019,0.08482792140010932
India,city,11_20,2020,0.08458147759982153
India,city,11_20,2025,0.08549256988124401
India,city,11_20,2030,0.08619125968218765
India,city,11_20,2035,0.08669162170688714
India,city,11_20,2040,0.08714889141324489
India,city,11_20,2045,0.08756339304223912
India,city,11_20,2050,0.08793661250598994
India,city,11_20,2055,0.08827220298699232
India,city,11_20,2060,0.08856908904128499
India,city,11_20,2065,0.0888243729968071
India,city,11_20,2070,0.08904321158555578
India,city,11_20,2075,0.08922999642142948
India,city,11_20,2080,0.0893854987753239
India,city,11_20,2085,0.08951408680519422
India,city,11_20,2090,0.08961859195633866
India,city,11_20,2095,0.08970423889242395
India,city,11_20,2100,0.0897740547999968
India,city,21_30,2011,0.0673025770269828
India,city,21_30,2012,0.06742966972124043
India,city,21_30,2013,0.0675839375620753
India,city,21_30,2014,0.06776725989913118
India,city,21_30,2015,0.06796538539164833
India,city,21_30,2016,0.0681667664445814
India,city,21_30,2017,0.06832539753353481
India,city,21_30,2018,0.06847409436830486
India,city,21_30,2019,0.0685528549816216
India,city,21_30,2020,0.06835369383487414
India,city,21_30,2025,0.06908998415075532
India,city,21_30,2030,0.0696546234795361
India,city,21_30,2035,0.07005898615577977
India,city,21_30,2040,0.07042852419643947
India,city,21_30,2045,0.07076349963369037
India,city,21_30,2050,0.07106511329287872
India,city,21_30,2055,0.07133631745770622
India,city,21_30,2060,0.07157624301865441
India,city,21_30,2065,0.07178254825038934
India,city,21_30,2070,0.07195940051543674
India,city,21_30,2075,0.07211034885361445
India,city,21_30,2080,0.07223601655995307
India,city,21_30,2085,0.07233993371857934
India,city,21_30,2090,0.07242438853431679
India,city,21_30,2095,0.0724936032680055
India,city,21_30,2100,0.07255002431084442
India,city,31_50,2011,0.128420945162782
India,city,31_50,2012,0.12866345242834043
India,city,31_50,2013,0.1289578129536483
India,city,31_50,2014,0.12930761275083477
India,city,31_50,2015,0.12968565864645767
India,city,31_50,2016,0.13006991652034522
India,city,31_50,2017,0.13037260261760164
India,city,31_50,2018,0.13065633303191
India,city,31_50,2019,0.1308066172089881
India,city,31_50,2020,0.13042659516771085
India,city,31_50,2025,0.13183152054288266
India,city,31_50,2030,0.1329089163794349
India,city,31_50,2035,0.13368048619690184
India,city,31_50,2040,0.13438560666258764
India,city,31_50,2045,0.13502477776358177
India,city,31_50,2050,0.1356002908107485
India,city,31_50,2055,0.13611777909600786
India,city,31_50,2060,0.13657558425989225
India,city,31_50,2065,0.136969238025049
India,city,31_50,2070,0.1373066921915137
India,city,31_50,2075,0.1375947187295133
India,city,31_50,2080,0.13783450695661156
India,city,31_50,2085,0.1380327926734284
India,city,31_50,2090,0.1381939420341164
India,city,31_50,2095,0.138326011590917
India,city,31_50,2100,0.1384336693355163
India,city,51+,2011,0.0842931032354429
India,city,51+,2012,0.08445228046268687
India,city,51+,2013,0.08464549319848137
India,city,51+,2014,0.08487509523402628
India,city,51+,2015,0.08512323747956951
India,city,51+,2016,0.08537545715130279
India,city,51+,2017,0.0855741346365964
India,city,51+,2018,0.08576036996661995
India,city,51+,2019,0.08585901368581264
India,city,51+,2020,0.08560957433527273
India,city,51+,2025,0.0865317410389778
India,city,51+,2030,0.08723892348776617
India,city,51+,2035,0.08774536746537942
India,city,51+,2040,0.08820819533299976
India,city,51+,2045,0.08862773527278851
India,city,51+,2050,0.08900549125828354
India,city,51+,2055,0.08934516087679636
India,city,51+,2060,0.08964565561223153
India,city,51+,2065,0.08990404257102023
India,city,51+,2070,0.09012554116577813
India,city,51+,2075,0.09031459639093141
India,city,51+,2080,0.09047198889225444
India,city,51+,2085,0.09060213992312072
India,city,51+,2090,0.09070791534534316
India,city,51+,2095,0.09079460332892358
India,city,51+,2100,0.09086526785617885
India,town,No_travel,2011,0.0
India,town,No_travel,2012,0.0
India,town,No_travel,2013,0.0
India,town,No_travel,2014,0.0
India,town,No_travel,2015,0.0
India,town,No_travel,2016,0.0
India,town,No_travel,2017,0.0
India,town,No_travel,2018,0.0
India,town,No_travel,2019,0.0
India,town,No_travel,2020,0.0
India,town,No_travel,2025,0.0
India,town,No_travel,2030,0.0
India,town,No_travel,2035,0.0
India,town,No_travel,2040,0.0
India,town,No_travel,2045,0.0
India,town,No_travel,2050,0.0
India,town,No_travel,2055,0.0
India,town,No_travel,2060,0.0
India,town,No_travel,2065,0.0
India,town,No_travel,2070,0.0
India,town,No_travel,2075,0.0
India,town,No_travel,2080,0.0
India,town,No_travel,2085,0.0
India,town,No_travel,2090,0.0
India,town,No_travel,2095,0.0
India,town,No_travel,2100,0.0
India,town,00_01,2011,0.0142978983785273
India,town,00_01,2012,0.014324898212819237
India,town,00_01,2013,0.014357671191340514
India,town,00_01,2014,0.014396616567008493
India,town,00_01,2015,0.01443870675557691
India,town,00_01,2016,0.014481488562119673
India,town,00_01,2017,0.014515188478077149
India,town,00_01,2018,0.01454677794057126
India,town,00_01,2019,0.014563510007828977
India,town,00_01,2020,0.014521199802738251
India,town,00_01,2025,0.014677618837173473
India,town,00_01,2030,0.01479757198161534
India,town,00_01,2035,0.014883475623175504
India,town,00_01,2040,0.014961981047272923
India,town,00_01,2045,0.015033143920563733
India,town,00_01,2050,0.015097219348863036
India,town,00_01,2055,0.01515483452141404
India,town,00_01,2060,0.015205804802796775
India,town,00_01,2065,0.015249632712047887
India,town,00_01,2070,0.015287203572263926
India,town,00_01,2075,0.015319271348789142
India,town,00_01,2080,0.01534596845570634
India,town,00_01,2085,0.015368044831373622
India,town,00_01,2090,0.015385986586746631
India,town,00_01,2095,0.015400690707633134
India,town,00_01,2100,0.015412676910428875
India,town,02_05,2011,0.0305435787015927
India,town,02_05,2012,0.030601256518415363
India,town,02_05,2013,0.03067126709075609
India,town,02_05,2014,0.030754463314095072
India,town,02_05,2015,0.030844377576532057
India,town,02_05,2016,0.03093576929303059
India,town,02_05,2017,0.03100776001558532
India,town,02_05,2018,0.031075242327201054
India,town,02_05,2019,0.031110985846954552
India,town,02_05,2020,0.031020601578941435
India,town,02_05,2025,0.03135474838585079
India,town,02_05,2030,0.03161099571750521
India,town,02_05,2035,0.03179450552903714
India,town,02_05,2040,0.0319622110572162
India,town,02_05,2045,0.032114231218742434
India,town,02_05,2050,0.03225111097794097
India,town,02_05,2055,0.032374190154378556
India,town,02_05,2060,0.032483074324599966
India,town,02_05,2065,0.032576700755568865
India,town,02_05,2070,0.03265696069975888
India,town,02_05,2075,0.032725464799463075
India,town,02_05,2080,0.03278249592142537
India,town,02_05,2085,0.032829656105376054
India,town,02_05,2090,0.032867983795416375
India,town,02_05,2095,0.0328993951582366
India,town,02_05,2100,0.03292500042683851
India,town,06_10,2011,0.0419722902791875
India,town,06_10,2012,0.04205154982156144
India,town,06_10,2013,0.042147756755712994
India,town,06_10,2014,0.04226208311118796
India,town,06_10,2015,0.042385641243000705
India,town,06_10,2016,0.04251122965853859
India,town,06_10,2017,0.04261015767002003
India,town,06_10,2018,0.04270289032585969
India,town,06_10,2019,0.042752008256713527
India,town,06_10,2020,0.04262780425394156
India,town,06_10,2025,0.04308698118643152
India,town,06_10,2030,0.04343911043404014
India,town,06_10,2035,0.04369128543795662
India,town,06_10,2040,0.04392174255560239
India,town,06_10,2045,0.04413064519959857
India,town,06_10,2050,0.04431874224751021
India,town,06_10,2055,0.044487874848874044
India,town,06_10,2060,0.04463750099596018
India,town,06_10,2065,0.044766160305231825
India,town,06_10,2070,0.044876451692768514
India,town,06_10,2075,0.04497058846653003
India,town,06_10,2080,0.045048959335554105
India,town,06_10,2085,0.04511376578635467
India,town,06_10,2090,0.04516643482516705
India,town,06_10,2095,0.04520959960461991
India,town,06_10,2100,0.04524478578162083
India,town,11_20,2011,0.0757320066192673
India,town,11_20,2012,0.07587501726147376
India,town,11_20,2013,0.07604860664927036
India,town,11_20,2014,0.07625488951475126
India,town,11_20,2015,0.07647782958292636
India,town,11_20,2016,0.07670443295990563
India,town,11_20,2017,0.0768829320785029
India,town,11_20,2018,0.07705025270978504
India,town,11_20,2019,0.07713887783459489
India,town,11_20,2020,0.07691477239985452
India,town,11_20,2025,0.07774328069090643
India,town,11_20,2030,0.07837863926517886
India,town,11_20,2035,0.07883364705576604
India,town,11_20,2040,0.07924946853805626
India,town,11_20,2045,0.07962639856290518
India,town,11_20,2050,0.07996578835514086
India,town,11_20,2055,0.08027095996242796
India,town,11_20,2060,0.08054093542209835
India,town,11_20,2065,0.0807730797153113
India,town,11_20,2070,0.08097208215323921
India,town,11_20,2075,0.08114193628143193
India,town,11_20,2080,0.08128334346060205
India,town,11_20,2085,0.08140027590646941
India,town,11_20,2090,0.08149530841409378
India,town,11_20,2095,0.08157319206879786
India,town,11_20,2100,0.08163667966434758
India,town,21_30,2011,0.0536494958683143
India,town,21_30,2012,0.0537508063868214
India,town,21_30,2013,0.0538737792692144
India,town,21_30,2014,0.0540199126180237
India,town,21_30,2015,0.054177846136497225
India,town,21_30,2016,0.0543383747885124
India,town,21_30,2017,0.05446482578529935
India,town,21_30,2018,0.05458335780257157
India,town,21_30,2019,0.05464614094380296
India,town,21_30,2020,0.054487381865153235
India,town,21_30,2025,0.05507430744816486
India,town,21_30,2030,0.055524403368331005
India,town,21_30,2035,0.055846736549120465
India,town,21_30,2040,0.0561413096614934
India,town,21_30,2045,0.05640833158146497
India,town,21_30,2050,0.05664875953351746
India,town,21_30,2055,0.05686494689755478
India,town,21_30,2060,0.05705620087265343
India,town,21_30,2065,0.05722065477867752
India,town,21_30,2070,0.057361630582013524
India,town,21_30,2075,0.05748195736002303
India,town,21_30,2080,0.05758213196536232
India,town,21_30,2085,0.057664968365075994
India,town,21_30,2090,0.05773229057602415
India,town,21_30,2095,0.057787464326170004
India,town,21_30,2100,0.05783243972887203
India,town,31_50,2011,0.0837659254033078
India,town,31_50,2012,0.0839241071196219
India,town,31_50,2013,0.08411611148287716
India,town,31_50,2014,0.08434427756341856
India,town,31_50,2015,0.0845908679015572
India,town,31_50,2016,0.08484151016523854
India,town,31_50,2017,0.08503894510088134
India,town,31_50,2018,0.08522401569578683
India,town,31_50,2019,0.08532204248690306
India,town,31_50,2020,0.08507416315599726
India,town,31_50,2025,0.0859905625332537
India,town,31_50,2030,0.086693322189477
India,town,31_50,2035,0.087196598813796
India,town,31_50,2040,0.08765653210780901
India,town,31_50,2045,0.08807344820119205
India,town,31_50,2050,0.08844884166147604
India,town,31_50,2055,0.08878638695087704
India,town,31_50,2060,0.08908500236099241
India,town,31_50,2065,0.08934177334087468
India,town,31_50,2070,0.08956188666039032
India,town,31_50,2075,0.08974975951450818
India,town,31_50,2080,0.08990616766676283
India,town,31_50,2085,0.09003550471954942
India,town,31_50,2090,0.09014061861128311
India,town,31_50,2095,0.09022676443920072
India,town,31_50,2100,0.09029698702315508
India,town,51+,2011,0.068333385372376
India,town,51+,2012,0.06846242462225849
India,town,51+,2013,0.0686190552341013
India,town,51+,2014,0.06880518534172528
India,town,51+,2015,0.06900634533039612
India,town,51+,2016,0.06921081074174662
India,town,51+,2017,0.06937187142935071
India,town,51+,2018,0.06952284570942799
India,town,51+,2019,0.0696028126227273
India,town,51+,2020,0.06940060111771403
India,town,51+,2025,0.07014816847878083
India,town,51+,2030,0.070721455840935
India,town,51+,2035,0.07113201174839878
India,town,51+,2040,0.07150720964508597
India,town,51+,2045,0.07184731557646465
India,town,51+,2050,0.07215354875975905
India,town,51+,2055,0.07242890669593911
India,town,51+,2060,0.07267250696417824
India,town,51+,2065,0.07288197197320498
India,town,51+,2070,0.07306153291299806
India,town,51+,2075,0.07321479318057862
India,town,51+,2080,0.0733423856173832
India,town,51+,2085,0.07344789437441586
India,town,51+,2090,0.07353364270271577
India,town,51+,2095,0.07360391753140028
India,town,51+,2100,0.07366120272067136
India,rural,No_travel,2011,0.0
India,rural,No_travel,2012,0.0
India,rural,No_travel,2013,0.0
India,rural,No_travel,2014,0.0
India,rural,No_travel,2015,0.0
India,rural,No_travel,2016,0.0
India,rural,No_travel,2017,0.0
India,rural,No_travel,2018,0.0
India,rural,No_travel,2019,0.0
India,rural,No_travel,2020,0.0
India,rural,No_travel,2025,0.0
India,rural,No_travel,2030,0.0
India,rural,No_travel,2035,0.0
India,rural,No_travel,2040,0.0
India,rural,No_travel,2045,0.0
India,rural,No_travel,2050,0.0
India,rural,No_travel,2055,0.0
India,rural,No_travel,2060,0.0
India,rural,No_travel,2065,0.0
India,rural,No_travel,2070,0.0
India,rural,No_travel,2075,0.0
India,rural,No_travel,2080,0.0
India,rural,No_travel,2085,0.0
India,rural,No_travel,2090,0.0
India,rural,No_travel,2095,0.0
India,rural,No_travel,2100,0.0
India,rural,00_01,2011,0.00800533451099545
India,rural,00_01,2012,0.008020451607195616
India,rural,00_01,2013,0.008038801063111355
India,rural,00_01,2014,0.008060606418809419
India,rural,00_01,2015,0.008084172542319365
India,rural,00_01,2016,0.008108125899889304
India,rural,00_01,2017,0.008126994344264123
India,rural,00_01,2018,0.008144681154422719
India,rural,00_01,2019,0.008154049370080178
India,rural,00_01,2020,0.00813036006022407
India,rural,00_01,2025,0.00821793843442915
India,rural,00_01,2030,0.008285099706770058
India,rural,00_01,2035,0.00833319680245473
India,rural,00_01,2040,0.008377151666602543
India,rural,00_01,2045,0.008416995466745373
India,rural,00_01,2050,0.00845287103558013
India,rural,00_01,2055,0.008485129533785166
India,rural,00_01,2060,0.008513667584748037
India,rural,00_01,2065,0.008538206650922938
India,rural,00_01,2070,0.008559242421071294
India,rural,00_01,2075,0.008577197037289139
India,rural,00_01,2080,0.008592144637676965
India,rural,00_01,2085,0.008604505109637823
India,rural,00_01,2090,0.008614550624696952
India,rural,00_01,2095,0.008622783401519828
India,rural,00_01,2100,0.00862949442717942
India,rural,02_05,2011,0.018205337195522
India,rural,02_05,2012,0.01823971575064211
India,rural,02_05,2013,0.018281445178917912
India,rural,02_05,2014,0.018331033844151863
India,rural,02_05,2015,0.01838462676076273
India,rural,02_05,2016,0.018439100305987693
India,rural,02_05,2017,0.01848200999223837
India,rural,02_05,2018,0.018522232464192306
India,rural,02_05,2019,0.01854353719852042
India,rural,02_05,2020,0.018489664137592447
India,rural,02_05,2025,0.018688830559838658
India,rural,02_05,2030,0.01884156541529874
India,rural,02_05,2035,0.01895094545980058
India,rural,02_05,2040,0.019050905445494516
India,rural,02_05,2045,0.019141516252045434
India,rural,02_05,2050,0.019223102702533024
India,rural,02_05,2055,0.01929646338926475
India,rural,02_05,2060,0.019361363218243596
India,rural,02_05,2065,0.01941716875311084
India,rural,02_05,2070,0.019465007264817293
India,rural,02_05,2075,0.019505838768112137
India,rural,02_05,2080,0.01953983186420956
India,rural,02_05,2085,0.01956794144034709
India,rural,02_05,2090,0.01959078645559323
India,rural,02_05,2095,0.01960950903088475
India,rural,02_05,2100,0.01962477091468147
India,rural,06_10,2011,0.0247885032228387
India,rural,06_10,2012,0.024835313282726028
India,rural,06_10,2013,0.02489213233837946
India,rural,06_10,2014,0.024959652581194324
India,rural,06_10,2015,0.025032625038219545
India,rural,06_10,2016,0.025106796564781576
India,rural,06_10,2017,0.025165222667220228
India,rural,06_10,2018,0.025219989841535794
India,rural,06_10,2019,0.02524899850365956
India,rural,06_10,2020,0.025175644600345663
India,rural,06_10,2025,0.025446830870982047
India,rural,06_10,2030,0.025654795624183286
India,rural,06_10,2035,0.02580372819030543
India,rural,06_10,2040,0.025939834344282
India,rural,06_10,2045,0.0260632105963167
India,rural,06_10,2050,0.026174299227586274
India,rural,06_10,2055,0.02627418760646927
India,rural,06_10,2060,0.02636255562748014
India,rural,06_10,2065,0.02643854079963335
India,rural,06_10,2070,0.026503678022244244
India,rural,06_10,2075,0.026559274457517445
India,rural,06_10,2080,0.02660555967394137
India,rural,06_10,2085,0.026643833852068057
India,rural,06_10,2090,0.026674939770512347
India,rural,06_10,2095,0.026700432548425183
India,rural,06_10,2100,0.026721213226729486
India,rural,11_20,2011,0.0423833067134091
India,rural,11_20,2012,0.04246334241010456
India,rural,11_20,2013,0.0425604914570348
India,rural,11_20,2014,0.042675937360922594
India,rural,11_20,2015,0.042800705443929776
India,rural,11_20,2016,0.042927523692350034
India,rural,11_20,2017,0.043027420462940245
India,rural,11_20,2018,0.04312106120945795
India,rural,11_20,2019,0.04317066013090491
India,rural,11_20,2020,0.04304523985220433
India,rural,11_20,2025,0.043508913305237096
India,rural,11_20,2030,0.04386449080183986
India,rural,11_20,2035,0.044119135246194784
India,rural,11_20,2040,0.04435184913043837
India,rural,11_20,2045,0.044562797467420645
India,rural,11_20,2050,0.04475273646813986
India,rural,11_20,2055,0.044923525311711614
India,rural,11_20,2060,0.04507461668275938
India,rural,11_20,2065,0.04520453589684381
India,rural,11_20,2070,0.045315907320102385
India,rural,11_20,2075,0.04541096593445975
India,rural,11_20,2080,0.04549010425541268
India,rural,11_20,2085,0.04555554532767768
India,rural,11_20,2090,0.04560873013154321
India,rural,11_20,2095,0.04565231760495955
India,rural,11_20,2100,0.045687848344930684
India,rural,21_30,2011,0.0366772116814261
India,rural,21_30,2012,0.03674647211477594
India,rural,21_30,2013,0.03683054191572381
India,rural,21_30,2014,0.03693044525463216
India,rural,21_30,2015,0.03703841572098779
India,rural,21_30,2016,0.03714816033751404
India,rural,21_30,2017,0.03723460793411151
India,rural,21_30,2018,0.037315641759651845
India,rural,21_30,2019,0.03735856314267138
India,rural,21_30,2020,0.03725002828619711
India,rural,21_30,2025,0.03765127704913424
India,rural,21_30,2030,0.037958982891914204
India,rural,21_30,2035,0.038179344371783115
India,rural,21_30,2040,0.038380727818603896
India,rural,21_30,2045,0.038563276029428044
India,rural,21_30,2050,0.03872764340602382
India,rural,21_30,2055,0.03887543882488682
India,rural,21_30,2060,0.03900618865610286
India,rural,21_30,2065,0.039118616753058104
India,rural,21_30,2070,0.03921499416159154
India,rural,21_30,2075,0.039297254966405654
India,rural,21_30,2080,0.03936573883835387
India,rural,21_30,2085,0.03942236953204544
India,rural,21_30,2090,0.03946839402755735
India,rural,21_30,2095,0.0395061132881134
India,rural,21_30,2100,0.0395368604990361
India,rural,31_50,2011,0.0541066561101835
India,rural,31_50,2012,0.05420882991995541
India,rural,31_50,2013,0.05433285068381957
India,rural,31_50,2014,0.05448022926999794
India,rural,31_50,2015,0.05463950857792086
India,rural,31_50,2016,0.05480140513314173
India,rural,31_50,2017,0.054928933649248106
India,rural,31_50,2018,0.05504847570631303
India,rural,31_50,2019,0.055111793837772496
India,rural,31_50,2020,0.0549516819348768
India,rural,31_50,2025,0.05554360885177138
India,rural,31_50,2030,0.055997540147394394
India,rural,31_50,2035,0.0563226200066476
India,rural,31_50,2040,0.056619703247272835
India,rural,31_50,2045,0.05688900052516796
India,rural,31_50,2050,0.05713147722155501
India,rural,31_50,2055,0.05734950677005339
India,rural,31_50,2060,0.05754239046621651
India,rural,31_50,2065,0.05770824572347862
India,rural,31_50,2070,0.05785042281549978
India,rural,31_50,2075,0.05797177492688937
India,rural,31_50,2080,0.05807280314410449
India,rural,31_50,2085,0.05815634541267892
India,rural,31_50,2090,0.05822424129235858
India,rural,31_50,2095,0.058279885191283146
India,rural,31_50,2100,0.0583252438401955
India,rural,51+,2011,0.0357459136063553
India,rural,51+,2012,0.03581341539706847
India,rural,51+,2013,0.035895350519827764
India,rural,51+,2014,0.03599271713953219
India,rural,51+,2015,0.036097946048313734
India,rural,51+,2016,0.0362049040585132
India,rural,51+,2017,0.03628915660056277
India,rural,51+,2018,0.03636813283660048
India,rural,51+,2019,0.03640996437119498
India,rural,51+,2020,0.03630418540313967
India,rural,51+,2025,0.036695245763430674
India,rural,51+,2030,0.036995138420694844
India,rural,51+,2035,0.03720990454004932
India,rural,51+,2040,0.03740617451156003
India,rural,51+,2045,0.03758408750641343
India,rural,51+,2050,0.03774428130998087
India,rural,51+,2055,0.037888323946590766
India,rural,51+,2060,0.038015753812614655
India,rural,51+,2065,0.03812532716501659
India,rural,51+,2070,0.03821925738383923
India,rural,51+,2075,0.03829942944401696
India,rural,51+,2080,0.03836617439157058
India,rural,51+,2085,0.03842136713364022
India,rural,51+,2090,0.03846622298731402
India,rural,51+,2095,0.0385029844903651
India,rural,51+,2100,0.03853295097622629
Maldives,large_city,No_travel,2011,0.0
Maldives,large_city,No_travel,2012,0.0
Maldives,large_city,No_travel,2013,0.0
Maldives,large_city,No_travel,2014,0.0
Maldives,large_city,No_travel,2015,0.0
Maldives,large_city,No_travel,2016,0.0
Maldives,large_city,No_travel,2017,0.0
Maldives,large_city,No_travel,2018,0.0
Maldives,large_city,No_travel,2019,0.0
Maldives,large_city,No_travel,2020,0.0
Maldives,large_city,No_travel,2025,0.0
Maldives,large_city,No_travel,2030,0.0
Maldives,large_city,No_travel,2035,0.0
Maldives,large_city,No_travel,2040,0.0
Maldives,large_city,No_travel,2045,0.0
Maldives,large_city,No_travel,2050,0.0
Maldives,large_city,No_travel,2055,0.0
Maldives,large_city,No_travel,2060,0.0
Maldives,large_city,No_travel,2065,0.0
Maldives,large_city,No_travel,2070,0.0
Maldives,large_city,No_travel,2075,0.0
Maldives,large_city,No_travel,2080,0.0
Maldives,large_city,No_travel,2085,0.0
Maldives,large_city,No_travel,2090,0.0
Maldives,large_city,No_travel,2095,0.0
Maldives,large_city,No_travel,2100,0.0
Maldives,large_city,00_01,2011,0.0263657402468568
Maldives,large_city,00_01,2012,0.02631693819319075
Maldives,large_city,00_01,2013,0.026395854752296534
Maldives,large_city,00_01,2014,0.026434237011856005
Maldives,large_city,00_01,2015,0.02640261534983206
Maldives,large_city,00_01,2016,0.02647071082132719
Maldives,large_city,00_01,2017,0.026516205815022034
Maldives,large_city,00_01,2018,0.02657941182483644
Maldives,large_city,00_01,2019,0.02666295015040061
Maldives,large_city,00_01,2020,0.025909677938300985
Maldives,large_city,00_01,2025,0.02689396443263257
Maldives,large_city,00_01,2030,0.027256878622785634
Maldives,large_city,00_01,2035,0.02755276032298753
Maldives,large_city,00_01,2040,0.027786946374213254
Maldives,large_city,00_01,2045,0.0279671350170343
Maldives,large_city,00_01,2050,0.028109701890971197
Maldives,large_city,00_01,2055,0.02823095206150427
Maldives,large_city,00_01,2060,0.028339056243075027
Maldives,large_city,00_01,2065,0.028434645818332147
Maldives,large_city,00_01,2070,0.028512869749614766
Maldives,large_city,00_01,2075,0.028576869129152888
Maldives,large_city,00_01,2080,0.028634560075679386
Maldives,large_city,00_01,2085,0.028703345776573387
Maldives,large_city,00_01,2090,0.02878014083737274
Maldives,large_city,00_01,2095,0.02884776551192305
Maldives,large_city,00_01,2100,0.028898423521989524
Maldives,large_city,02_05,2011,0.0607545651824544
Maldives,large_city,02_05,2012,0.06064211062882793
Maldives,large_city,02_05,2013,0.060823958025839245
Maldives,large_city,02_05,2014,0.06091240225188497
Maldives,large_city,02_05,2015,0.060839536468158664
Maldives,large_city,02_05,2016,0.060996448837121034
Maldives,large_city,02_05,2017,0.061101282933718734
Maldives,large_city,02_05,2018,0.061246928517997366
Maldives,large_city,02_05,2019,0.061439425849693814
Maldives,large_city,02_05,2020,0.059703660979007346
Maldives,large_city,02_05,2025,0.06197175197202269
Maldives,large_city,02_05,2030,0.06280801500180508
Maldives,large_city,02_05,2035,0.06348981509059091
Maldives,large_city,02_05,2040,0.0640294499190009
Maldives,large_city,02_05,2045,0.06444465853984419
Maldives,large_city,02_05,2050,0.06477317533301445
Maldives,large_city,02_05,2055,0.06505257205467159
Maldives,large_city,02_05,2060,0.06530167647898297
Maldives,large_city,02_05,2065,0.06552194350074482
Maldives,large_city,02_05,2070,0.0657021948757277
Maldives,large_city,02_05,2075,0.06584966862155772
Maldives,large_city,02_05,2080,0.0659826058476081
Maldives,large_city,02_05,2085,0.0661411087119107
Maldives,large_city,02_05,2090,0.06631806754118466
Maldives,large_city,02_05,2095,0.06647389505292686
Maldives,large_city,02_05,2100,0.0665906262861781
Maldives,large_city,06_10,2011,0.0853273830804756
Maldives,large_city,06_10,2012,0.08516944510910483
Maldives,large_city,06_10,2013,0.085424842583523
Maldives,large_city,06_10,2014,0.08554905899976094
Maldives,large_city,06_10,2015,0.0854467218894088
Maldives,large_city,06_10,2016,0.08566709910347178
Maldives,large_city,06_10,2017,0.08581433444444449
Maldives,large_city,06_10,2018,0.0860188879051828
Maldives,large_city,06_10,2019,0.08628924279150789
Maldives,large_city,06_10,2020,0.08385142970513476
Maldives,large_city,06_10,2025,0.08703687376915198
Maldives,large_city,06_10,2030,0.08821137210823132
Maldives,large_city,06_10,2035,0.08916893335791554
Maldives,large_city,06_10,2040,0.08992682912408594
Maldives,large_city,06_10,2045,0.09050997320457788
Maldives,large_city,06_10,2050,0.09097136204301376
Maldives,large_city,06_10,2055,0.09136376368441587
Maldives,large_city,06_10,2060,0.09171362099269262
Maldives,large_city,06_10,2065,0.09202297731002328
Maldives,large_city,06_10,2070,0.09227613323464817
Maldives,large_city,06_10,2075,0.09248325427595529
Maldives,large_city,06_10,2080,0.09266995935036064
Maldives,large_city,06_10,2085,0.09289257035220198
Maldives,large_city,06_10,2090,0.09314110202664629
Maldives,large_city,06_10,2095,0.09335995560166528
Maldives,large_city,06_10,2100,0.09352390000036473
Maldives,large_city,11_20,2011,0.150513087141122
Maldives,large_city,11_20,2012,0.15023449273461828
Maldives,large_city,11_20,2013,0.1506850006599166
Maldives,large_city,11_20,2014,0.15090411198862042
Maldives,large_city,11_20,2015,0.15072359462300902
Maldives,large_city,11_20,2016,0.1511123286217172
Maldives,large_city,11_20,2017,0.15137204414217537
Maldives,large_city,11_20,2018,0.15173286585906884
Maldives,large_city,11_20,2019,0.1522097578847635
Maldives,large_city,11_20,2020,0.14790958178353483
Maldives,large_city,11_20,2025,0.15352854023135698
Maldives,large_city,11_20,2030,0.15560029450852994
Maldives,large_city,11_20,2035,0.15728938298884526
Maldives,large_city,11_20,2040,0.15862627189108552
Maldives,large_city,11_20,2045,0.15965490786507447
Maldives,large_city,11_20,2050,0.16046877389422415
Maldives,large_city,11_20,2055,0.16116095007863818
Maldives,large_city,11_20,2060,0.16177808026154736
Maldives,large_city,11_20,2065,0.16232376879279095
Maldives,large_city,11_20,2070,0.1627703227402784
Maldives,large_city,11_20,2075,0.16313567353639521
Maldives,large_city,11_20,2080,0.16346501162364394
Maldives,large_city,11_20,2085,0.16385768590837055
Maldives,large_city,11_20,2090,0.16429608291789427
Maldives,large_city,11_20,2095,0.16468212929619364
Maldives,large_city,11_20,2100,0.1649713187296077
Maldives,large_city,21_30,2011,0.157092054088329
Maldives,large_city,21_30,2012,0.1568012822464482
Maldives,large_city,21_30,2013,0.15727148199261268
Maldives,large_city,21_30,2014,0.15750017073559108
Maldives,large_city,21_30,2015,0.15731176290806495
Maldives,large_city,21_30,2016,0.15771748857292878
Maldives,large_city,21_30,2017,0.15798855632764927
Maldives,large_city,21_30,2018,0.15836514965745938
Maldives,large_city,21_30,2019,0.1588628867600442
Maldives,large_city,21_30,2020,0.15437474882124705
Maldives,large_city,21_30,2025,0.16023931343268
Maldives,large_city,21_30,2030,0.16240162463863003
Maldives,large_city,21_30,2035,0.16416454362427862
Maldives,large_city,21_30,2040,0.16555986829490946
Maldives,large_city,21_30,2045,0.1666334662200624
Maldives,large_city,21_30,2050,0.1674829065491413
Maldives,large_city,21_30,2055,0.1682053379381053
Maldives,large_city,21_30,2060,0.16884944304494037
Maldives,large_city,21_30,2065,0.16941898376657294
Maldives,large_city,21_30,2070,0.169885056705508
Maldives,large_city,21_30,2075,0.1702663770817952
Maldives,large_city,21_30,2080,0.17061011062416095
Maldives,large_city,21_30,2085,0.17101994880598984
Maldives,large_city,21_30,2090,0.17147750826504
Maldives,large_city,21_30,2095,0.1718804288328943
Maldives,large_city,21_30,2100,0.17218225881312096
Maldives,large_city,31_50,2011,0.147596045325267
Maldives,large_city,31_50,2012,0.14732285026010208
Maldives,large_city,31_50,2013,0.14776462704791976
Maldives,large_city,31_50,2014,0.14797949185613624
Maldives,large_city,31_50,2015,0.14780247303483068
Maldives,large_city,31_50,2016,0.14818367311505368
Maldives,large_city,31_50,2017,0.1484383551793002
Maldives,large_city,31_50,2018,0.1487921839359386
Maldives,large_city,31_50,2019,0.14925983348307528
Maldives,large_city,31_50,2020,0.14504299759990397
Maldives,large_city,31_50,2025,0.15055305696748544
Maldives,large_city,31_50,2030,0.15258465929526
Maldives,large_city,31_50,2035,0.15424101213895164
Maldives,large_city,31_50,2040,0.15555199126214836
Maldives,large_city,31_50,2045,0.15656069159993177
Maldives,large_city,31_50,2050,0.15735878437451184
Maldives,large_city,31_50,2055,0.1580375457329315
Maldives,large_city,31_50,2060,0.15864271553031165
Maldives,large_city,31_50,2065,0.15917782826184038
Maldives,large_city,31_50,2070,0.15961572770251647
Maldives,large_city,31_50,2075,0.15997399776186835
Maldives,large_city,31_50,2080,0.16029695306214284
Maldives,large_city,31_50,2085,0.16068201706307078
Maldives,large_city,31_50,2090,0.16111191765256205
Maldives,large_city,31_50,2095,0.16149048220021303
Maldives,large_city,31_50,2100,0.1617740669537551
Maldives,large_city,51+,2011,0.0999074306415119
Maldives,large_city,51+,2012,0.09972250551723492
Maldives,large_city,51+,2013,0.10002154322986914
Maldives,large_city,51+,2014,0.10016698473459835
Maldives,large_city,51+,2015,0.10004716109316643
Maldives,large_city,51+,2016,0.10030519456887026
Maldives,large_city,51+,2017,0.1004775882845235
Maldives,large_city,51+,2018,0.10071709417294293
Maldives,large_city,51+,2019,0.10103364509808546
Maldives,large_city,51+,2020,0.09817927838659161
Maldives,large_city,51+,2025,0.10190902516188019
Maldives,large_city,51+,2030,0.10328421220165465
Maldives,large_city,51+,2035,0.10440539371084963
Maldives,large_city,51+,2040,0.10529279252654693
Maldives,large_city,51+,2045,0.10597557951323805
Maldives,large_city,51+,2050,0.1065158067147605
Maldives,large_city,51+,2055,0.10697525874946107
Maldives,large_city,51+,2060,0.10738489682224854
Maldives,large_city,51+,2065,0.1077471134249548
Maldives,large_city,51+,2070,0.10804352657004206
Maldives,large_city,51+,2075,0.10828603876626484
Maldives,large_city,51+,2080,0.10850464648160962
Maldives,large_city,51+,2085,0.10876529543653568
Maldives,large_city,51+,2090,0.10905629417727222
Maldives,large_city,51+,2095,0.1093125436669142
Maldives,large_city,51+,2100,0.10950450154785239
Maldives,city,No_travel,2011,0.0
Maldives,city,No_travel,2012,0.0
Maldives,city,No_travel,2013,0.0
Maldives,city,No_travel,2014,0.0
Maldives,city,No_travel,2015,0.0
Maldives,city,No_travel,2016,0.0
Maldives,city,No_travel,2017,0.0
Maldives,city,No_travel,2018,0.0
Maldives,city,No_travel,2019,0.0
Maldives,city,No_travel,2020,0.0
Maldives,city,No_travel,2025,0.0
Maldives,city,No_travel,2030,0.0
Maldives,city,No_travel,2035,0.0
Maldives,city,No_travel,2040,0.0
Maldives,city,No_travel,2045,0.0
Maldives,city,No_travel,2050,0.0
Maldives,city,No_travel,2055,0.0
Maldives,city,No_travel,2060,0.0
Maldives,city,No_travel,2065,0.0
Maldives,city,No_travel,2070,0.0
Maldives,city,No_travel,2075,0.0
Maldives,city,No_travel,2080,0.0
Maldives,city,No_travel,2085,0.0
Maldives,city,No_travel,2090,0.0
Maldives,city,No_travel,2095,0.0
Maldives,city,No_travel,2100,0.0
Maldives,city,00_01,2011,0.0203337654203297
Maldives,city,00_01,2012,0.02029612833895118
Maldives,city,00_01,2013,0.020356990305488525
Maldives,city,00_01,2014,0.020386591441465644
Maldives,city,00_01,2015,0.020362204208193384
Maldives,city,00_01,2016,0.020414720744069283
Maldives,city,00_01,2017,0.020449807357262352
Maldives,city,00_01,2018,0.02049855304635312
Maldives,city,00_01,2019,0.020562979407977137
Maldives,city,00_01,2020,0.0199820414060444
Maldives,city,00_01,2025,0.020741142060710187
Maldives,city,00_01,2030,0.021021028456509792
Maldives,city,00_01,2035,0.021249218108222334
Maldives,city,00_01,2040,0.021429826890139805
Maldives,city,00_01,2045,0.021568791833290513
Maldives,city,00_01,2050,0.021678742145483553
Maldives,city,00_01,2055,0.02177225260647235
Maldives,city,00_01,2060,0.021855624628211
Maldives,city,00_01,2065,0.021929345145128364
Maldives,city,00_01,2070,0.02198967294378163
Maldives,city,00_01,2075,0.022039030494845645
Maldives,city,00_01,2080,0.022083522861172683
Maldives,city,00_01,2085,0.022136571715221764
Maldives,city,00_01,2090,0.0221957975415067
Maldives,city,00_01,2095,0.022247950989733745
Maldives,city,00_01,2100,0.02228701942034514
Maldives,city,02_05,2011,0.0396703669770022
Maldives,city,02_05,2012,0.03959693852932589
Maldives,city,02_05,2013,0.0397156778035119
Maldives,city,02_05,2014,0.03977342844157002
Maldives,city,02_05,2015,0.03972584992015672
Maldives,city,02_05,2016,0.03982830759130084
Maldives,city,02_05,2017,0.03989676017706528
Maldives,city,02_05,2018,0.03999186107622507
Maldives,city,02_05,2019,0.04011755434334925
Maldives,city,02_05,2020,0.038984167425030775
Maldives,city,02_05,2025,0.04046514258730775
Maldives,city,02_05,2030,0.04101118980501292
Maldives,city,02_05,2035,0.0414563787327233
Maldives,city,02_05,2040,0.041808739277355726
Maldives,city,02_05,2045,0.04207985435013094
Maldives,city,02_05,2050,0.04229436303279593
Maldives,city,02_05,2055,0.04247679822012751
Maldives,city,02_05,2060,0.042639453716028924
Maldives,city,02_05,2065,0.04278327951018912
Maldives,city,02_05,2070,0.04290097664409513
Maldives,city,02_05,2075,0.04299727126161039
Maldives,city,02_05,2080,0.0430840740973559
Maldives,city,02_05,2085,0.0431875703000677
Maldives,city,02_05,2090,0.043303117529745604
Maldives,city,02_05,2095,0.043404866831339026
Maldives,city,02_05,2100,0.04348108778439576
Maldives,city,06_10,2011,0.0505698242635587
Maldives,city,06_10,2012,0.0504762213055349
Maldives,city,06_10,2013,0.05062758426701822
Maldives,city,06_10,2014,0.05070120192776235
Maldives,city,06_10,2015,0.05064055117885484
Maldives,city,06_10,2016,0.05077115915702694
Maldives,city,06_10,2017,0.050858419132073326
Maldives,city,06_10,2018,0.05097964906071515
Maldives,city,06_10,2019,0.05113987662889639
Maldives,city,06_10,2020,0.049695090970240684
Maldives,city,06_10,2025,0.051582964952814586
Maldives,city,06_10,2030,0.05227903897337921
Maldives,city,06_10,2035,0.0528465438278578
Maldives,city,06_10,2040,0.05329571564494242
Maldives,city,06_10,2045,0.0536413197477074
Maldives,city,06_10,2050,0.05391476482049094
Maldives,city,06_10,2055,0.05414732418572686
Maldives,city,06_10,2060,0.05435466937736587
Maldives,city,06_10,2065,0.05453801139533774
Maldives,city,06_10,2070,0.0546880458878697
Maldives,city,06_10,2075,0.054810797509706126
Maldives,city,06_10,2080,0.05492144947699884
Maldives,city,06_10,2085,0.05505338132391408
Maldives,city,06_10,2090,0.0552006752247328
Maldives,city,06_10,2095,0.05533038020839231
Maldives,city,06_10,2100,0.05542754291433639
Maldives,city,11_20,2011,0.0832808161760771
Maldives,city,11_20,2012,0.0831266663277389
Maldives,city,11_20,2013,0.08337593812479838
Maldives,city,11_20,2014,0.08349717522540191
Maldives,city,11_20,2015,0.0833972926581938
Maldives,city,11_20,2016,0.08361238415158304
Maldives,city,11_20,2017,0.08375608807081147
Maldives,city,11_20,2018,0.08395573534167482
Maldives,city,11_20,2019,0.08421960579893598
Maldives,city,11_20,2020,0.08184026336291639
Maldives,city,11_20,2025,0.08494930493851928
Maldives,city,11_20,2030,0.08609563307779579
Maldives,city,11_20,2035,0.08703022733737918
Maldives,city,11_20,2040,0.08776994506578456
Maldives,city,11_20,2045,0.08833910250643656
Maldives,city,11_20,2050,0.08878942498970353
Maldives,city,11_20,2055,0.08917241492546635
Maldives,city,11_20,2060,0.08951388094875894
Maldives,city,11_20,2065,0.08981581739244693
Maldives,city,11_20,2070,0.09006290140301229
Maldives,city,11_20,2075,0.0902650546713368
Maldives,city,11_20,2080,0.0904472816472424
Maldives,city,11_20,2085,0.09066455335128185
Maldives,city,11_20,2090,0.09090712402374472
Maldives,city,11_20,2095,0.09112072842238711
Maldives,city,11_20,2100,0.09128074063462512
Maldives,city,21_30,2011,0.0673025770269828
Maldives,city,21_30,2012,0.06717800233478063
Maldives,city,21_30,2013,0.06737944889945861
Maldives,city,21_30,2014,0.06747742547649703
Maldives,city,21_30,2015,0.06739670635675445
Maldives,city,21_30,2016,0.06757053044333726
Maldives,city,21_30,2017,0.0676866633601005
Maldives,city,21_30,2018,0.06784800634930822
Maldives,city,21_30,2019,0.0680612506784394
Maldives,city,21_30,2020,0.06613840836100572
Maldives,city,21_30,2025,0.06865094990094098
Maldives,city,21_30,2030,0.0695773437745161
Maldives,city,21_30,2035,0.07033262698417629
Maldives,city,21_30,2040,0.07093042263124306
Maldives,city,21_30,2045,0.07139038165000405
Maldives,city,21_30,2050,0.0717543053602734
Maldives,city,21_30,2055,0.07206381493085372
Maldives,city,21_30,2060,0.07233976735771463
Maldives,city,21_30,2065,0.07258377434145505
Maldives,city,21_30,2070,0.07278345286787645
Maldives,city,21_30,2075,0.07294682105442138
Maldives,city,21_30,2080,0.07309408600264608
Maldives,city,21_30,2085,0.07326967200514133
Maldives,city,21_30,2090,0.07346570312151995
Maldives,city,21_30,2095,0.0736383254270283
Maldives,city,21_30,2100,0.07376763773127659
Maldives,city,31_50,2011,0.128420945162782
Maldives,city,31_50,2012,0.12818324253054028
Maldives,city,31_50,2013,0.12856762540826233
Maldives,city,31_50,2014,0.12875457582209335
Maldives,city,31_50,2015,0.12860055459277409
Maldives,city,31_50,2016,0.12893223065150913
Maldives,city,31_50,2017,0.12915382541940737
Maldives,city,31_50,2018,0.1294616861297207
Maldives,city,31_50,2019,0.1298685804791993
Maldives,city,31_50,2020,0.12619957939912435
Maldives,city,31_50,2025,0.13099379343330428
Maldives,city,31_50,2030,0.1327614579432358
Maldives,city,31_50,2035,0.13420262391242677
Maldives,city,31_50,2040,0.13534328576226548
Maldives,city,31_50,2045,0.13622093970264507
Maldives,city,31_50,2050,0.13691534738960776
Maldives,city,31_50,2055,0.1375059267306472
Maldives,city,31_50,2060,0.1380324752380429
Maldives,city,31_50,2065,0.13849806821921065
Maldives,city,31_50,2070,0.1388790774795465
Maldives,city,31_50,2075,0.13919080249591873
Maldives,city,31_50,2080,0.13947180070840592
Maldives,city,31_50,2085,0.1398068387024006
Maldives,city,31_50,2090,0.14018088829097083
Maldives,city,31_50,2095,0.1405102712152038
Maldives,city,31_50,2100,0.140757013748199
Maldives,city,51+,2011,0.0842931032354429
Maldives,city,51+,2012,0.08413707967952302
Maldives,city,51+,2013,0.08438938140143212
Maldives,city,51+,2014,0.08451209215171503
Maldives,city,51+,2015,0.08441099550142173
Maldives,city,51+,2016,0.08462870145448288
Maldives,city,51+,2017,0.08477415210992854
Maldives,city,51+,2018,0.08497622611431845
Maldives,city,51+,2019,0.08524330394467582
Maldives,city,51+,2020,0.08283504035167945
Maldives,city,51+,2025,0.08598187265386888
Maldives,city,51+,2030,0.08714213453196373
Maldives,city,51+,2035,0.08808808888284035
Maldives,city,51+,2040,0.08883679795785386
Maldives,city,51+,2045,0.0894128735669193
Maldives,city,51+,2050,0.0898686697672232
Maldives,city,51+,2055,0.09025631498584276
Maldives,city,51+,2060,0.09060193156447886
Maldives,city,51+,2065,0.0909075380773224
Maldives,city,51+,2070,0.09115762541996297
Maldives,city,51+,2075,0.09136223588247612
Maldives,city,51+,2080,0.09154667784639513
Maldives,city,51+,2085,0.09176659051079572
Maldives,city,51+,2090,0.0920121096552356
Maldives,city,51+,2095,0.09222831043775723
Maldives,city,51+,2100,0.09239026761522523
Maldives,town,No_travel,2011,0.0
Maldives,town,No_travel,2012,0.0
Maldives,town,No_travel,2013,0.0
Maldives,town,No_travel,2014,0.0
Maldives,town,No_travel,2015,0.0
Maldives,town,No_travel,2016,0.0
Maldives,town,No_travel,2017,0.0
Maldives,town,No_travel,2018,0.0
Maldives,town,No_travel,2019,0.0
Maldives,town,No_travel,2020,0.0
Maldives,town,No_travel,2025,0.0
Maldives,town,No_travel,2030,0.0
Maldives,town,No_travel,2035,0.0
Maldives,town,No_travel,2040,0.0
Maldives,town,No_travel,2045,0.0
Maldives,town,No_travel,2050,0.0
Maldives,town,No_travel,2055,0.0
Maldives,town,No_travel,2060,0.0
Maldives,town,No_travel,2065,0.0
Maldives,town,No_travel,2070,0.0
Maldives,town,No_travel,2075,0.0
Maldives,town,No_travel,2080,0.0
Maldives,town,No_travel,2085,0.0
Maldives,town,No_travel,2090,0.0
Maldives,town,No_travel,2095,0.0
Maldives,town,No_travel,2100,0.0
Maldives,town,00_01,2011,0.0142978983785273
Maldives,town,00_01,2012,0.014271433473789272
Maldives,town,00_01,2013,0.014314229197782346
Maldives,town,00_01,2014,0.014335043544035529
Maldives,town,00_01,2015,0.014317895407630279
Maldives,town,00_01,2016,0.014354822955363035
Maldives,town,00_01,2017,0.014379494471902692
Maldives,town,00_01,2018,0.014413770509547655
Maldives,town,00_01,2019,0.014459072574972169
Maldives,town,00_01,2020,0.014050579984241557
Maldives,town,00_01,2025,0.014584349494960592
Maldives,town,00_01,2030,0.01478115452157283
Maldives,town,00_01,2035,0.014941608445564473
Maldives,town,00_01,2040,0.015068605386698837
Maldives,town,00_01,2045,0.01516632003001621
Maldives,town,00_01,2050,0.015243632734177325
Maldives,town,00_01,2055,0.015309385586190181
Maldives,town,00_01,2060,0.015368009489328148
Maldives,town,00_01,2065,0.015419846836593063
Maldives,town,00_01,2070,0.015462266954889614
Maldives,town,00_01,2075,0.01549697322963697
Maldives,town,00_01,2080,0.015528258499197922
Maldives,town,00_01,2085,0.015565560351983771
Maldives,town,00_01,2090,0.01560720560696245
Maldives,town,00_01,2095,0.01564387784584323
Maldives,town,00_01,2100,0.015671349218662936
Maldives,town,02_05,2011,0.0305435787015927
Maldives,town,02_05,2012,0.030487043616554604
Maldives,town,02_05,2013,0.030578465063907812
Maldives,town,02_05,2014,0.030622929264594895
Maldives,town,02_05,2015,0.03058629692605023
Maldives,town,02_05,2016,0.030665182607747768
Maldives,town,02_05,2017,0.030717886605717733
Maldives,town,02_05,2018,0.03079110805586875
Maldives,town,02_05,2019,0.03088788362134041
Maldives,town,02_05,2020,0.030015250087118646
Maldives,town,02_05,2025,0.031155503754303874
Maldives,town,02_05,2030,0.03157592427066644
Maldives,town,02_05,2035,0.031918690523836786
Maldives,town,02_05,2040,0.03218998501507645
Maldives,town,02_05,2045,0.03239872582575003
Maldives,town,02_05,2050,0.03256388343155063
Maldives,town,02_05,2055,0.03270434655117421
Maldives,town,02_05,2060,0.03282958060668954
Maldives,town,02_05,2065,0.032940317027802
Maldives,town,02_05,2070,0.03303093609554327
Maldives,town,02_05,2075,0.03310507663047511
Maldives,town,02_05,2080,0.033171909116462735
Maldives,town,02_05,2085,0.03325159439930058
Maldives,town,02_05,2090,0.03334055818190093
Maldives,town,02_05,2095,0.033418898465540164
Maldives,town,02_05,2100,0.03347758359642762
Maldives,town,06_10,2011,0.0419722902791875
Maldives,town,06_10,2012,0.04189460105280835
Maldives,town,06_10,2013,0.042020230323809665
Maldives,town,06_10,2014,0.042081332015805335
Maldives,town,06_10,2015,0.042030992690409844
Maldives,town,06_10,2016,0.042139395597725615
Maldives,town,06_10,2017,0.042211820231501544
Maldives,town,06_10,2018,0.0423124394808183
Maldives,town,06_10,2019,0.042445426259008025
Maldives,town,06_10,2020,0.04124627312886747
Maldives,town,06_10,2025,0.04281318375118138
Maldives,town,06_10,2030,0.043390916050480524
Maldives,town,06_10,2035,0.04386193762973067
Maldives,town,06_10,2040,0.04423474434137058
Maldives,town,06_10,2045,0.044521591209718964
Maldives,town,06_10,2050,0.04474854703045641
Maldives,town,06_10,2055,0.04494156825065985
Maldives,town,06_10,2060,0.045113662037779015
Maldives,town,06_10,2065,0.0452658335058581
Maldives,town,06_10,2070,0.04539036016506937
Maldives,town,06_10,2075,0.0454922423997615
Maldives,town,06_10,2080,0.045584082080021564
Maldives,town,06_10,2085,0.045693583781014936
Maldives,town,06_10,2090,0.04581583578508157
Maldives,town,06_10,2095,0.04592348921880602
Maldives,town,06_10,2100,0.04600413298922812
Maldives,town,11_20,2011,0.0757320066192673
Maldives,town,11_20,2012,0.07559182935071092
Maldives,town,11_20,2013,0.07581850644456879
Maldives,town,11_20,2014,0.07592875427026248
Maldives,town,11_20,2015,0.075837925342446
Maldives,town,11_20,2016,0.07603352033237336
Maldives,town,11_20,2017,0.07616419852048348
Maldives,town,11_20,2018,0.07634574919605053
Maldives,town,11_20,2019,0.07658570168611355
Maldives,town,11_20,2020,0.07442202960185869
Maldives,town,11_20,2025,0.07724925882455658
Maldives,town,11_20,2030,0.07829168052762915
Maldives,town,11_20,2035,0.07914156051083507
Maldives,town,11_20,2040,0.07981422812477323
Maldives,town,11_20,2045,0.08033179551954672
Maldives,town,11_20,2050,0.08074129949476565
Maldives,town,11_20,2055,0.08108957413569831
Maldives,town,11_20,2060,0.08140008870944569
Maldives,town,11_20,2065,0.08167465677688192
Maldives,town,11_20,2070,0.08189934439142317
Maldives,town,11_20,2075,0.08208317391372864
Maldives,town,11_20,2080,0.0822488833193175
Maldives,town,11_20,2085,0.08244646089941356
Maldives,town,11_20,2090,0.08266704427762829
Maldives,town,11_20,2095,0.08286128696729753
Maldives,town,11_20,2100,0.08300679521845047
Maldives,town,21_30,2011,0.0536494958683143
Maldives,town,21_30,2012,0.053550192546958315
Maldives,town,21_30,2013,0.053710773420927595
Maldives,town,21_30,2014,0.05378887435252947
Maldives,town,21_30,2015,0.05372453000982492
Maldives,town,21_30,2016,0.053863091934596374
Maldives,town,21_30,2017,0.05395566598916143
Maldives,town,21_30,2018,0.054084278746878135
Maldives,town,21_30,2019,0.054254264076712945
Maldives,town,21_30,2020,0.05272149184834463
Maldives,town,21_30,2025,0.05472433621062934
Maldives,town,21_30,2030,0.055462800716570546
Maldives,town,21_30,2035,0.056064866272244974
Maldives,town,21_30,2040,0.05654139238036929
Maldives,town,21_30,2045,0.05690804356323139
Maldives,town,21_30,2050,0.05719814127498245
Maldives,town,21_30,2055,0.057444863364411444
Maldives,town,21_30,2060,0.05766483575237499
Maldives,town,21_30,2065,0.05785934318796357
Maldives,town,21_30,2070,0.05801851469002866
Maldives,town,21_30,2075,0.05814874181113194
Maldives,town,21_30,2080,0.05826613241607358
Maldives,town,21_30,2085,0.05840609883239112
Maldives,town,21_30,2090,0.058562362842371006
Maldives,town,21_30,2095,0.05869996678081212
Maldives,town,21_30,2100,0.05880304663657617
Maldives,town,31_50,2011,0.0837659254033078
Maldives,town,31_50,2012,0.08361087763492943
Maldives,town,31_50,2013,0.08386160143563626
Maldives,town,31_50,2014,0.08398354474012787
Maldives,town,31_50,2015,0.08388308035879717
Maldives,town,31_50,2016,0.08409942475619159
Maldives,town,31_50,2017,0.08424396574811464
Maldives,town,31_50,2018,0.08444477596067014
Maldives,town,31_50,2019,0.08471018345850664
Maldives,town,31_50,2020,0.08231698139642367
Maldives,town,31_50,2025,0.08544413308219863
Maldives,town,31_50,2030,0.08659713856186793
Maldives,town,31_50,2035,0.08753717681587715
Maldives,town,31_50,2040,0.08828120338648739
Maldives,town,31_50,2045,0.08885367615879541
Maldives,town,31_50,2050,0.08930662176227053
Maldives,town,31_50,2055,0.08969184260738686
Maldives,town,31_50,2060,0.09003529766400417
Maldives,town,31_50,2065,0.0903389928819405
Maldives,town,31_50,2070,0.09058751615233698
Maldives,town,31_50,2075,0.0907908469597429
Maldives,town,31_50,2080,0.09097413540444194
Maldives,town,31_50,2085,0.09119267271217363
Maldives,town,31_50,2090,0.09143665635435595
Maldives,town,31_50,2095,0.0916515049947039
Maldives,town,31_50,2100,0.09181244927514427
Maldives,town,51+,2011,0.068333385372376
Maldives,town,51+,2012,0.06820690269034611
Maldives,town,51+,2013,0.06841143461682143
Maldives,town,51+,2014,0.06851091180613542
Maldives,town,51+,2015,0.06842895638986544
Maldives,town,51+,2016,0.06860544277151918
Maldives,town,51+,2017,0.06872335438361718
Maldives,town,51+,2018,0.0688871685070235
Maldives,town,51+,2019,0.06910367889287622
Maldives,town,51+,2020,0.06715138626320723
Maldives,town,51+,2025,0.06970240996685627
Maldives,town,51+,2030,0.07064299251756957
Maldives,town,51+,2035,0.07140984366816226
Maldives,town,51+,2040,0.07201679517179585
Maldives,town,51+,2045,0.07248379893707356
Maldives,town,51+,2050,0.072853296514113
Maldives,town,51+,2055,0.07316754654282177
Maldives,town,51+,2060,0.07344772546556301
Maldives,town,51+,2065,0.07369546966779171
Maldives,town,51+,2070,0.07389820647668197
Maldives,town,51+,2075,0.07406407681541038
Maldives,town,51+,2080,0.07421359727812382
Maldives,town,51+,2085,0.07439187256124845
Maldives,town,51+,2090,0.07459090609625124
Maldives,town,51+,2095,0.07476617229031453
Maldives,town,51+,2100,0.07489746514580273
Maldives,rural,No_travel,2011,0.0
Maldives,rural,No_travel,2012,0.0
Maldives,rural,No_travel,2013,0.0
Maldives,rural,No_travel,2014,0.0
Maldives,rural,No_travel,2015,0.0
Maldives,rural,No_travel,2016,0.0
Maldives,rural,No_travel,2017,0.0
Maldives,rural,No_travel,2018,0.0
Maldives,rural,No_travel,2019,0.0
Maldives,rural,No_travel,2020,0.0
Maldives,rural,No_travel,2025,0.0
Maldives,rural,No_travel,2030,0.0
Maldives,rural,No_travel,2035,0.0
Maldives,rural,No_travel,2040,0.0
Maldives,rural,No_travel,2045,0.0
Maldives,rural,No_travel,2050,0.0
Maldives,rural,No_travel,2055,0.0
Maldives,rural,No_travel,2060,0.0
Maldives,rural,No_travel,2065,0.0
Maldives,rural,No_travel,2070,0.0
Maldives,rural,No_travel,2075,0.0
Maldives,rural,No_travel,2080,0.0
Maldives,rural,No_travel,2085,0.0
Maldives,rural,No_travel,2090,0.0
Maldives,rural,No_travel,2095,0.0
Maldives,rural,No_travel,2100,0.0
Maldives,rural,00_01,2011,0.00800533451099545
Maldives,rural,00_01,2012,0.007990516919652956
Maldives,rural,00_01,2013,0.008014478069546095
Maldives,rural,00_01,2014,0.008026131936427306
Maldives,rural,00_01,2015,0.008016530765364965
Maldives,rural,00_01,2016,0.008037206347499149
Maldives,rural,00_01,2017,0.008051019828163562
Maldives,rural,00_01,2018,0.008070210840702263
Maldives,rural,00_01,2019,0.008095575280857109
Maldives,rural,00_01,2020,0.007866861958976686
Maldives,rural,00_01,2025,0.008165717313235845
Maldives,rural,00_01,2030,0.008275907638398767
Maldives,rural,00_01,2035,0.008365745130675534
Maldives,rural,00_01,2040,0.008436850195821374
Maldives,rural,00_01,2045,0.008491560222824568
Maldives,rural,00_01,2050,0.008534847287984359
Maldives,rural,00_01,2055,0.00857166203945898
Maldives,rural,00_01,2060,0.008604485321771885
Maldives,rural,00_01,2065,0.008633508839356924
Maldives,rural,00_01,2070,0.008657259689165024
Maldives,rural,00_01,2075,0.008676691589688276
Maldives,rural,00_01,2080,0.008694208083474398
Maldives,rural,00_01,2085,0.008715093237468715
Maldives,rural,00_01,2090,0.008738410244491278
Maldives,rural,00_01,2095,0.008758942880249039
Maldives,rural,00_01,2100,0.008774323988931996
Maldives,rural,02_05,2011,0.018205337195522
Maldives,rural,02_05,2012,0.018171639759587868
Maldives,rural,02_05,2013,0.018226131025730202
Maldives,rural,02_05,2014,0.0182526336754212
Maldives,rural,02_05,2015,0.018230799165392702
Maldives,rural,02_05,2016,0.01827781855526948
Maldives,rural,02_05,2017,0.018309232492187924
Maldives,rural,02_05,2018,0.01835287574705887
Maldives,rural,02_05,2019,0.01841055830675208
Maldives,rural,02_05,2020,0.01789042974245261
Maldives,rural,02_05,2025,0.018570071859781025
Maldives,rural,02_05,2030,0.018820661266447273
Maldives,rural,02_05,2035,0.019024965263669653
Maldives,rural,02_05,2040,0.019186668898353697
Maldives,rural,02_05,2045,0.01931108774533645
Maldives,rural,02_05,2050,0.019409529055484837
Maldives,rural,02_05,2055,0.019493251348843634
Maldives,rural,02_05,2060,0.019567896439757634
Maldives,rural,02_05,2065,0.019633900293001997
Maldives,rural,02_05,2070,0.019687913305055746
Maldives,rural,02_05,2075,0.019732104375508795
Maldives,rural,02_05,2080,0.019771939522362635
Maldives,rural,02_05,2085,0.01981943551023481
Maldives,rural,02_05,2090,0.01987246189840798
Maldives,rural,02_05,2095,0.019919156206680725
Maldives,rural,02_05,2100,0.01995413516597713
Maldives,rural,06_10,2011,0.0247885032228387
Maldives,rural,06_10,2012,0.02474262057917857
Maldives,rural,06_10,2013,0.024816816234654704
Maldives,rural,06_10,2014,0.024852902411484246
Maldives,rural,06_10,2015,0.024823172403388397
Maldives,rural,06_10,2016,0.024887194304492384
Maldives,rural,06_10,2017,0.02492996772133063
Maldives,rural,06_10,2018,0.024989392655480693
Maldives,rural,06_10,2019,0.02506793359660693
Maldives,rural,06_10,2020,0.024359723226540324
Maldives,rural,06_10,2025,0.025285128267646423
Maldives,rural,06_10,2030,0.025626332401799096
Maldives,rural,06_10,2035,0.02590451402728591
Maldives,rural,06_10,2040,0.026124690727473372
Maldives,rural,06_10,2045,0.02629410022295761
Maldives,rural,06_10,2050,0.0264281385386266
Maldives,rural,06_10,2055,0.02654213534717011
Maldives,rural,06_10,2060,0.02664377257897848
Maldives,rural,06_10,2065,0.026733643846469757
Maldives,rural,06_10,2070,0.026807188308128994
Maldives,rural,06_10,2075,0.02686735915146913
Maldives,rural,06_10,2080,0.026921598941458385
Maldives,rural,06_10,2085,0.026986269781432218
Maldives,rural,06_10,2090,0.027058470849723855
Maldives,rural,06_10,2095,0.02712205011764271
Maldives,rural,06_10,2100,0.02716967769168532
Maldives,rural,11_20,2011,0.0423833067134091
Maldives,rural,11_20,2012,0.042304856710131865
Maldives,rural,11_20,2013,0.04243171621409539
Maldives,rural,11_20,2014,0.04249341624845937
Maldives,rural,11_20,2015,0.04244258397188377
Maldives,rural,11_20,2016,0.0425520484218537
Maldives,rural,11_20,2017,0.042625182278655735
Maldives,rural,11_20,2018,0.04272678684863985
Maldives,rural,11_20,2019,0.04286107590866853
Maldives,rural,11_20,2020,0.04165017999202865
Maldives,rural,11_20,2025,0.04323243469045667
Maldives,rural,11_20,2030,0.04381582447158521
Maldives,rural,11_20,2035,0.044291458560866546
Maldives,rural,11_20,2040,0.0446679160069375
Maldives,rural,11_20,2045,0.04495757184225462
Maldives,rural,11_20,2050,0.04518675014290786
Maldives,rural,11_20,2055,0.045381661536202385
Maldives,rural,11_20,2060,0.04555544056313722
Maldives,rural,11_20,2065,0.04570910218040245
Maldives,rural,11_20,2070,0.0458348482751769
Maldives,rural,11_20,2075,0.04593772819840437
Maldives,rural,11_20,2080,0.046030467224819946
Maldives,rural,11_20,2085,0.0461410412284774
Maldives,rural,11_20,2090,0.046264490393395946
Maldives,rural,11_20,2095,0.04637319803050475
Maldives,rural,11_20,2100,0.04645463151039327
Maldives,rural,21_30,2011,0.0366772116814261
Maldives,rural,21_30,2012,0.036609323458450395
Maldives,rural,21_30,2013,0.03671910377625648
Maldives,rural,21_30,2014,0.03677249709066729
Maldives,rural,21_30,2015,0.03672850840000615
Maldives,rural,21_30,2016,0.03682323557243482
Maldives,rural,21_30,2017,0.03688652336555453
Maldives,rural,21_30,2018,0.036974448839286585
Maldives,rural,21_30,2019,0.03709065846668721
Maldives,rural,21_30,2020,0.03604278633724045
Maldives,rural,21_30,2025,0.0374120209488904
Maldives,rural,21_30,2030,0.03791686854466477
Maldives,rural,21_30,2035,0.03832846767479953
Maldives,rural,21_30,2040,0.03865424238445014
Maldives,rural,21_30,2045,0.038904901646562996
Maldives,rural,21_30,2050,0.03910322550795225
Maldives,rural,21_30,2055,0.03927189584033864
Maldives,rural,21_30,2060,0.03942227887203033
Maldives,rural,21_30,2065,0.03955525291536905
Maldives,rural,21_30,2070,0.03966406972306509
Maldives,rural,21_30,2075,0.039753098848317105
Maldives,rural,21_30,2080,0.039833352352980474
Maldives,rural,21_30,2085,0.03992903969908657
Maldives,rural,21_30,2090,0.040035868814243376
Maldives,rural,21_30,2095,0.04012994106407012
Maldives,rural,21_30,2100,0.040200411096057535
Maldives,rural,31_50,2011,0.0541066561101835
Maldives,rural,31_50,2012,0.05400650660137179
Maldives,rural,31_50,2013,0.05416845582354258
Maldives,rural,31_50,2014,0.05424722227194388
Maldives,rural,31_50,2015,0.05418232963563848
Maldives,rural,31_50,2016,0.054322072279855985
Maldives,rural,31_50,2017,0.05441543518017795
Maldives,rural,31_50,2018,0.05454514387809826
Maldives,rural,31_50,2019,0.054716577693762126
Maldives,rural,31_50,2020,0.05317074434503639
Maldives,rural,31_50,2025,0.055190655425251416
Maldives,rural,31_50,2030,0.05593541256464022
Maldives,rural,31_50,2035,0.056542608465541544
Maldives,rural,31_50,2040,0.057023195167103344
Maldives,rural,31_50,2045,0.057392970672770834
Maldives,rural,31_50,2050,0.05768554037681042
Maldives,rural,31_50,2055,0.05793436484443052
Maldives,rural,31_50,2060,0.05815621166995324
Maldives,rural,31_50,2065,0.05835237655012466
Maldives,rural,31_50,2070,0.05851290439079471
Maldives,rural,31_50,2075,0.05864424120847981
Maldives,rural,31_50,2080,0.05876263212696549
Maldives,rural,31_50,2085,0.058903791230738925
Maldives,rural,31_50,2090,0.05906138680388528
Maldives,rural,31_50,2095,0.0592001632985408
Maldives,rural,31_50,2100,0.059304121522517454
Maldives,rural,51+,2011,0.0357459136063553
Maldives,rural,51+,2012,0.03567974918321276
Maldives,rural,51+,2013,0.03578674198817459
Maldives,rural,51+,2014,0.0358387795536434
Maldives,rural,51+,2015,0.035795907812201135
Maldives,rural,51+,2016,0.03588822969727846
Maldives,rural,51+,2017,0.03594991050346525
Maldives,rural,51+,2018,0.036035603396783404
Maldives,rural,51+,2019,0.036148862260008095
Maldives,rural,51+,2020,0.03512759742300086
Maldives,rural,51+,2025,0.03646206479091304
Maldives,rural,51+,2030,0.03695409342983124
Maldives,rural,51+,2035,0.03735524134352881
Maldives,rural,51+,2040,0.03767274406776679
Maldives,rural,51+,2045,0.03791703865607806
Maldives,rural,51+,2050,0.03811032673034269
Maldives,rural,51+,2055,0.03827471423018342
Maldives,rural,51+,2060,0.03842127877564028
Maldives,rural,51+,2065,0.038550876377179896
Maldives,rural,51+,2070,0.038656930137225994
Maldives,rural,51+,2075,0.03874369865843612
Maldives,rural,51+,2080,0.03882191438729853
Maldives,rural,51+,2085,0.03891517206557679
Maldives,rural,51+,2090,0.039019288604047804
Maldives,rural,51+,2095,0.039110972196145
Maldives,rural,51+,2100,0.0391796528716865
Nepal,large_city,No_travel,2011,0.0
Nepal,large_city,No_travel,2012,0.0
Nepal,large_city,No_travel,2013,0.0
Nepal,large_city,No_travel,2014,0.0
Nepal,large_city,No_travel,2015,0.0
Nepal,large_city,No_travel,2016,0.0
Nepal,large_city,No_travel,2017,0.0
Nepal,large_city,No_travel,2018,0.0
Nepal,large_city,No_travel,2019,0.0
Nepal,large_city,No_travel,2020,0.0
Nepal,large_city,No_travel,2025,0.0
Nepal,large_city,No_travel,2030,0.0
Nepal,large_city,No_travel,2035,0.0
Nepal,large_city,No_travel,2040,0.0
Nepal,large_city,No_travel,2045,0.0
Nepal,large_city,No_travel,2050,0.0
Nepal,large_city,No_travel,2055,0.0
Nepal,large_city,No_travel,2060,0.0
Nepal,large_city,No_travel,2065,0.0
Nepal,large_city,No_travel,2070,0.0
Nepal,large_city,No_travel,2075,0.0
Nepal,large_city,No_travel,2080,0.0
Nepal,large_city,No_travel,2085,0.0
Nepal,large_city,No_travel,2090,0.0
Nepal,large_city,No_travel,2095,0.0
Nepal,large_city,No_travel,2100,0.0
Nepal,large_city,00_01,2011,0.0263657402468568
Nepal,large_city,00_01,2012,0.026459441595501742
Nepal,large_city,00_01,2013,0.026529871635083184
Nepal,large_city,00_01,2014,0.026648208220124744
Nepal,large_city,00_01,2015,0.02671935337358283
Nepal,large_city,00_01,2016,0.026709420721050564
Nepal,large_city,00_01,2017,0.02686646947800578
Nepal,large_city,00_01,2018,0.026995445131506736
Nepal,large_city,00_01,2019,0.027105696565324355
Nepal,large_city,00_01,2020,0.027019165558026813
Nepal,large_city,00_01,2025,0.027346278631715033
Nepal,large_city,00_01,2030,0.027741904949373654
Nepal,large_city,00_01,2035,0.028156485996586742
Nepal,large_city,00_01,2040,0.028576888071356936
Nepal,large_city,00_01,2045,0.028978932689490304
Nepal,large_city,00_01,2050,0.029350780653882122
Nepal,large_city,00_01,2055,0.029689179530359
Nepal,large_city,00_01,2060,0.029995825397092495
Nepal,large_city,00_01,2065,0.030271494156581587
Nepal,large_city,00_01,2070,0.030517200490239964
Nepal,large_city,00_01,2075,0.030733797380386216
Nepal,large_city,00_01,2080,0.030920474924155218
Nepal,large_city,00_01,2085,0.03108177637438784
Nepal,large_city,00_01,2090,0.03122067903967937
Nepal,large_city,00_01,2095,0.03134269261592631
Nepal,large_city,00_01,2100,0.03144886184564871
Nepal,large_city,02_05,2011,0.0607545651824544
Nepal,large_city,02_05,2012,0.06097048116435488
Nepal,large_city,02_05,2013,0.06113277307766703
Nepal,large_city,02_05,2014,0.061405456025388695
Nepal,large_city,02_05,2015,0.0615693957753337
Nepal,large_city,02_05,2016,0.06154650796789662
Nepal,large_city,02_05,2017,0.06190839535857577
Nepal,large_city,02_05,2018,0.06220559390768564
Nepal,large_city,02_05,2019,0.062459646244529474
Nepal,large_city,02_05,2020,0.06226025287745765
Nepal,large_city,02_05,2025,0.0630140194082416
Nepal,large_city,02_05,2030,0.06392566098094314
Nepal,large_city,02_05,2035,0.06488097992971875
Nepal,large_city,02_05,2040,0.06584971227007129
Nepal,large_city,02_05,2045,0.06677614353010582
Nepal,large_city,02_05,2050,0.067632992652455
Nepal,large_city,02_05,2055,0.0684127650542951
Nepal,large_city,02_05,2060,0.06911936900790916
Nepal,large_city,02_05,2065,0.06975459242512928
Nepal,large_city,02_05,2070,0.07032077343594954
Nepal,large_city,02_05,2075,0.07081987756720093
Nepal,large_city,02_05,2080,0.07125003856002063
Nepal,large_city,02_05,2085,0.07162172543019492
Nepal,large_city,02_05,2090,0.07194179878878293
Nepal,large_city,02_05,2095,0.072222954625935
Nepal,large_city,02_05,2100,0.07246760034144113
Nepal,large_city,06_10,2011,0.0853273830804756
Nepal,large_city,06_10,2012,0.08563062853446725
Nepal,large_city,06_10,2013,0.08585856110573102
Nepal,large_city,06_10,2014,0.08624153351726727
Nepal,large_city,06_10,2015,0.0864717804098862
Nepal,large_city,06_10,2016,0.08643963538988333
Nepal,large_city,06_10,2017,0.08694789191223255
Nepal,large_city,06_10,2018,0.08736529551597332
Nepal,large_city,06_10,2019,0.08772210197164068
Nepal,large_city,06_10,2020,0.08744206187646843
Nepal,large_city,06_10,2025,0.08850069714662945
Nepal,large_city,06_10,2030,0.08978106166693149
Nepal,large_city,06_10,2035,0.0911227693338601
Nepal,large_city,06_10,2040,0.09248331557856565
Nepal,large_city,06_10,2045,0.09378445162958167
Nepal,large_city,06_10,2050,0.09498786232119456
Nepal,large_city,06_10,2055,0.09608302180834712
Nepal,large_city,06_10,2060,0.09707541910483238
Nepal,large_city,06_10,2065,0.09796756526208086
Nepal,large_city,06_10,2070,0.09876274409116256
Nepal,large_city,06_10,2075,0.09946371609674667
Nepal,large_city,06_10,2080,0.10006786019209778
Nepal,large_city,06_10,2085,0.10058987969568733
Nepal,large_city,06_10,2090,0.10103941006431191
Nepal,large_city,06_10,2095,0.10143428231382831
Nepal,large_city,06_10,2100,0.10177787754199426
Nepal,large_city,11_20,2011,0.150513087141122
Nepal,large_city,11_20,2012,0.1510479964257387
Nepal,large_city,11_20,2013,0.15145005768347783
Nepal,large_city,11_20,2014,0.15212560119447283
Nepal,large_city,11_20,2015,0.15253174479529139
Nepal,large_city,11_20,2016,0.15247504264385797
Nepal,large_city,11_20,2017,0.1533715808415224
Nepal,large_city,11_20,2018,0.1541078591933804
Nepal,large_city,11_20,2019,0.1547372473125933
Nepal,large_city,11_20,2020,0.15424327107980626
Nepal,large_city,11_20,2025,0.1561106489005714
Nepal,large_city,11_20,2030,0.15836914564170396
Nepal,large_city,11_20,2035,0.16073584851831596
Nepal,large_city,11_20,2040,0.16313578167102682
Nepal,large_city,11_20,2045,0.16543091831718795
Nepal,large_city,11_20,2050,0.1675536724877039
Nepal,large_city,11_20,2055,0.16948547713671971
Nepal,large_city,11_20,2060,0.17123601460045074
Nepal,large_city,11_20,2065,0.17280971424364636
Nepal,large_city,11_20,2070,0.1742123685390613
Nepal,large_city,11_20,2075,0.17544884687404624
Nepal,large_city,11_20,2080,0.1765145257872694
Nepal,large_city,11_20,2085,0.17743534117145898
Nepal,large_city,11_20,2090,0.1782282894736653
Nepal,large_city,11_20,2095,0.1789248236829123
Nepal,large_city,11_20,2100,0.17953090788063622
Nepal,large_city,21_30,2011,0.157092054088329
Nepal,large_city,21_30,2012,0.1576503443996065
Nepal,large_city,21_30,2013,0.15806997986152724
Nepal,large_city,21_30,2014,0.15877505155850694
Nepal,large_city,21_30,2015,0.15919894780380547
Nepal,large_city,21_30,2016,0.15913976718629844
Nepal,large_city,21_30,2017,0.16007549330629825
Nepal,large_city,21_30,2018,0.16084395458013884
Nepal,large_city,21_30,2019,0.16150085342092363
Nepal,large_city,21_30,2020,0.16098528535602458
Nepal,large_city,21_30,2025,0.16293428675646715
Nepal,large_city,21_30,2030,0.16529150298899087
Nepal,large_city,21_30,2035,0.16776165507586652
Nepal,large_city,21_30,2040,0.17026648994302024
Nepal,large_city,21_30,2045,0.17266194762053633
Nepal,large_city,21_30,2050,0.17487748793868987
Nepal,large_city,21_30,2055,0.17689373228112865
Nepal,large_city,21_30,2060,0.17872078620155113
Nepal,large_city,21_30,2065,0.1803632726734144
Nepal,large_city,21_30,2070,0.18182723735999318
Nepal,large_city,21_30,2075,0.18311776249085027
Nepal,large_city,21_30,2080,0.18423002251193318
Nepal,large_city,21_30,2085,0.1851910869807182
Nepal,large_city,21_30,2090,0.18601869526346276
Nepal,large_city,21_30,2095,0.18674567516768067
Nepal,large_city,21_30,2100,0.18737825146638926
Nepal,large_city,31_50,2011,0.147596045325267
Nepal,large_city,31_50,2012,0.1481205877190003
Nepal,large_city,31_50,2013,0.14851485676728018
Nepal,large_city,31_50,2014,0.14917730780434196
Nepal,large_city,31_50,2015,0.1495755800772293
Nepal,large_city,31_50,2016,0.14951997685048024
Nepal,large_city,31_50,2017,0.15039913955301817
Nepal,large_city,31_50,2018,0.15112114835010673
Nepal,large_city,31_50,2019,0.1517383385169886
Nepal,large_city,31_50,2020,0.15125393586583785
Nepal,large_city,31_50,2025,0.15308512268625452
Nepal,large_city,31_50,2030,0.15529984828721585
Nepal,large_city,31_50,2035,0.15762068291816292
Nepal,large_city,31_50,2040,0.15997410380078025
Nepal,large_city,31_50,2045,0.16222475920150872
Nepal,large_city,31_50,2050,0.16430637301142353
Nepal,large_city,31_50,2055,0.16620073802613064
Nepal,large_city,31_50,2060,0.1679173489318532
Nepal,large_city,31_50,2065,0.1694605492493623
Nepal,large_city,31_50,2070,0.17083601918951202
Nepal,large_city,31_50,2075,0.17204853376774956
Nepal,large_city,31_50,2080,0.17309355912843988
Nepal,large_city,31_50,2085,0.1739965285097909
Nepal,large_city,31_50,2090,0.17477410895662143
Nepal,large_city,31_50,2095,0.1754571438785098
Nepal,large_city,31_50,2100,0.17605148176910346
Nepal,large_city,51+,2011,0.0999074306415119
Nepal,large_city,51+,2012,0.10026249220637264
Nepal,large_city,51+,2013,0.10052937203711816
Nepal,large_city,51+,2014,0.10097778365202827
Nepal,large_city,51+,2015,0.10124737325649387
Nepal,large_city,51+,2016,0.10120973555754584
Nepal,large_city,51+,2017,0.10180483881070444
Nepal,large_city,51+,2018,0.10229356493923127
Nepal,large_city,51+,2019,0.10271133957306026
Nepal,large_city,51+,2020,0.1023834485095446
Nepal,large_city,51+,2025,0.10362297474379603
Nepal,large_city,51+,2030,0.1051221175147314
Nepal,large_city,51+,2035,0.10669308524906858
Nepal,large_city,51+,2040,0.10828611054376547
Nepal,large_city,51+,2045,0.10980957411523645
Nepal,large_city,51+,2050,0.11121861381462786
Nepal,large_city,51+,2055,0.11250090522629455
Nepal,large_city,51+,2060,0.11366287528195551
Nepal,large_city,51+,2065,0.11470746410103756
Nepal,large_city,51+,2070,0.11563851660547392
Nepal,large_city,51+,2075,0.11645926499246577
Nepal,large_city,51+,2080,0.11716664030534563
Nepal,large_city,51+,2085,0.11777785824577164
Nepal,large_city,51+,2090,0.11830420069884154
Nepal,large_city,51+,2095,0.11876654549902849
Nepal,large_city,51+,2100,0.11916885147850952
Nepal,city,No_travel,2011,0.0
Nepal,city,No_travel,2012,0.0
Nepal,city,No_travel,2013,0.0
Nepal,city,No_travel,2014,0.0
Nepal,city,No_travel,2015,0.0
Nepal,city,No_travel,2016,0.0
Nepal,city,No_travel,2017,0.0
Nepal,city,No_travel,2018,0.0
Nepal,city,No_travel,2019,0.0
Nepal,city,No_travel,2020,0.0
Nepal,city,No_travel,2025,0.0
Nepal,city,No_travel,2030,0.0
Nepal,city,No_travel,2035,0.0
Nepal,city,No_travel,2040,0.0
Nepal,city,No_travel,2045,0.0
Nepal,city,No_travel,2050,0.0
Nepal,city,No_travel,2055,0.0
Nepal,city,No_travel,2060,0.0
Nepal,city,No_travel,2065,0.0
Nepal,city,No_travel,2070,0.0
Nepal,city,No_travel,2075,0.0
Nepal,city,No_travel,2080,0.0
Nepal,city,No_travel,2085,0.0
Nepal,city,No_travel,2090,0.0
Nepal,city,No_travel,2095,0.0
Nepal,city,No_travel,2100,0.0
Nepal,city,00_01,2011,0.0203337654203297
Nepal,city,00_01,2012,0.020406029700606898
Nepal,city,00_01,2013,0.020460346700242982
Nepal,city,00_01,2014,0.020551610148124552
Nepal,city,00_01,2015,0.02060647865732116
Nepal,city,00_01,2016,0.020598818404860893
Nepal,city,00_01,2017,0.020719937423465444
Nepal,city,00_01,2018,0.02081940592534203
Nepal,city,00_01,2019,0.020904433949266745
Nepal,city,00_01,2020,0.020837699573994166
Nepal,city,00_01,2025,0.021089975460960482
Nepal,city,00_01,2030,0.021395090077961924
Nepal,city,00_01,2035,0.021714822946556446
Nepal,city,00_01,2040,0.02203904510343733
Nepal,city,00_01,2045,0.0223491096370741
Nepal,city,00_01,2050,0.022635885931203442
Nepal,city,00_01,2055,0.022896865646104648
Nepal,city,00_01,2060,0.023133356829848895
Nepal,city,00_01,2065,0.02334595787335014
Nepal,city,00_01,2070,0.0235354513184088
Nepal,city,00_01,2075,0.023702495001376583
Nepal,city,00_01,2080,0.02384646430960394
Nepal,city,00_01,2085,0.02397086308696731
Nepal,city,00_01,2090,0.024077987491055802
Nepal,city,00_01,2095,0.02417208670519778
Nepal,city,00_01,2100,0.02425396645489644
Nepal,city,02_05,2011,0.0396703669770022
Nepal,city,02_05,2012,0.03981135171144097
Nepal,city,02_05,2013,0.03991732201571618
Nepal,city,02_05,2014,0.04009537336991489
Nepal,city,02_05,2015,0.04020241964739058
Nepal,city,02_05,2016,0.0401874747997466
Nepal,city,02_05,2017,0.04042377318406518
Nepal,city,02_05,2018,0.040617832272017075
Nepal,city,02_05,2019,0.04078371856226857
Nepal,city,02_05,2020,0.04065352245238342
Nepal,city,02_05,2025,0.04114570266635385
Nepal,city,02_05,2030,0.04174096913944855
Nepal,city,02_05,2035,0.042364755239541606
Nepal,city,02_05,2040,0.042997299762391285
Nepal,city,02_05,2045,0.04360222332581677
Nepal,city,02_05,2050,0.04416171246092017
Nepal,city,02_05,2055,0.04467087349674746
Nepal,city,02_05,2060,0.04513225838302043
Nepal,city,02_05,2065,0.04554703455659405
Nepal,city,02_05,2070,0.045916728725372925
Nepal,city,02_05,2075,0.04624262430189495
Nepal,city,02_05,2080,0.04652350269174272
Nepal,city,02_05,2085,0.04676619975485338
Nepal,city,02_05,2090,0.046975195203287856
Nepal,city,02_05,2095,0.04715877902458677
Nepal,city,02_05,2100,0.04731852315713604
Nepal,city,06_10,2011,0.0505698242635587
Nepal,city,06_10,2012,0.050749544638934774
Nepal,city,06_10,2013,0.050884630348312254
Nepal,city,06_10,2014,0.051111601419614336
Nepal,city,06_10,2015,0.05124805872647899
Nepal,city,06_10,2016,0.05122900777291862
Nepal,city,06_10,2017,0.051530229281045344
Nepal,city,06_10,2018,0.051777606220617466
Nepal,city,06_10,2019,0.05198906986930554
Nepal,city,06_10,2020,0.051823102299595185
Nepal,city,06_10,2025,0.052450509324615
Nepal,city,06_10,2030,0.05320932562071427
Nepal,city,06_10,2035,0.05400449732855462
Nepal,city,06_10,2040,0.05481083384109379
Nepal,city,06_10,2045,0.05558196051892479
Nepal,city,06_10,2050,0.05629516963181128
Nepal,city,06_10,2055,0.056944222969749006
Nepal,city,06_10,2060,0.0575323736321871
Nepal,city,06_10,2065,0.05806110980996153
Nepal,city,06_10,2070,0.05853237767489579
Nepal,city,06_10,2075,0.05894781325789768
Nepal,city,06_10,2080,0.05930586315499763
Nepal,city,06_10,2085,0.05961524138277917
Nepal,city,06_10,2090,0.05988165845689754
Nepal,city,06_10,2095,0.06011568204397705
Nepal,city,06_10,2100,0.06031931597342455
Nepal,city,11_20,2011,0.0832808161760771
Nepal,city,11_20,2012,0.08357678832474
Nepal,city,11_20,2013,0.08379925396100656
Nepal,city,11_20,2014,0.0841730408258349
Nepal,city,11_20,2015,0.08439776527474044
Nepal,city,11_20,2016,0.08436639124913237
Nepal,city,11_20,2017,0.08486245730061477
Nepal,city,11_20,2018,0.08526984952969065
Nepal,city,11_20,2019,0.08561809802591895
Nepal,city,11_20,2020,0.08534477465836676
Nepal,city,11_20,2025,0.08637801869033995
Nepal,city,11_20,2030,0.08762767382335954
Nepal,city,11_20,2035,0.08893720079509533
Nepal,city,11_20,2040,0.09026511450361151
Nepal,city,11_20,2045,0.09153504296470745
Nepal,city,11_20,2050,0.09270958999725873
Nepal,city,11_20,2055,0.09377848221732153
Nepal,city,11_20,2060,0.09474707698536072
Nepal,city,11_20,2065,0.09561782512554372
Nepal,city,11_20,2070,0.09639393168713137
Nepal,city,11_20,2075,0.0970780909644242
Nepal,city,11_20,2080,0.09766774473713331
Nepal,city,11_20,2085,0.09817724366642505
Nepal,city,11_20,2090,0.09861599210383674
Nepal,city,11_20,2095,0.09900139339047874
Nepal,city,11_20,2100,0.09933674752889028
Nepal,city,21_30,2011,0.0673025770269828
Nepal,city,21_30,2012,0.06754176402403515
Nepal,city,21_30,2013,0.06772154745205813
Nepal,city,21_30,2014,0.06802361965087757
Nepal,city,21_30,2015,0.06820522851624139
Nepal,city,21_30,2016,0.0681798739043141
Nepal,city,21_30,2017,0.06858076483182107
Nepal,city,21_30,2018,0.06890999487706466
Nepal,city,21_30,2019,0.06919142849308954
Nepal,city,21_30,2020,0.06897054488696513
Nepal,city,21_30,2025,0.06980555094529338
Nepal,city,21_30,2030,0.07081544751822556
Nepal,city,21_30,2035,0.07187372893201263
Nepal,city,21_30,2040,0.07294686940728896
Nepal,city,21_30,2045,0.0739731496720136
Nepal,city,21_30,2050,0.07492234836818108
Nepal,city,21_30,2055,0.07578616316104071
Nepal,city,21_30,2060,0.07656892354905209
Nepal,city,21_30,2065,0.0772726101417947
Nepal,city,21_30,2070,0.07789981306848029
Nepal,city,21_30,2075,0.07845270969669504
Nepal,city,21_30,2080,0.07892923262573433
Nepal,city,21_30,2085,0.07934097920205659
Nepal,city,21_30,2090,0.07969554946037317
Nepal,city,21_30,2095,0.0800070077405812
Nepal,city,21_30,2100,0.08027802090745556
Nepal,city,31_50,2011,0.128420945162782
Nepal,city,31_50,2012,0.12887734106304294
Nepal,city,31_50,2013,0.12922038822068832
Nepal,city,31_50,2014,0.12979677621344288
Nepal,city,31_50,2015,0.13014330651243294
Nepal,city,31_50,2016,0.13009492703913828
Nepal,city,31_50,2017,0.13085987236652138
Nepal,city,31_50,2018,0.13148808060837244
Nepal,city,31_50,2019,0.13202508784594083
Nepal,city,31_50,2020,0.13160361689010971
Nepal,city,31_50,2025,0.1331969030904906
Nepal,city,31_50,2030,0.1351239002151417
Nepal,city,31_50,2035,0.13714322110016894
Nepal,city,31_50,2040,0.1391908947586705
Nepal,city,31_50,2045,0.1411491538242187
Nepal,city,31_50,2050,0.1429603325203961
Nepal,city,31_50,2055,0.1446085890514967
Nepal,city,31_50,2060,0.14610218459129465
Nepal,city,31_50,2065,0.14744489836735336
Nepal,city,31_50,2070,0.14864167263977884
Nepal,city,31_50,2075,0.14969666207271223
Nepal,city,31_50,2080,0.15060592183128624
Nepal,city,31_50,2085,0.15139158096700764
Nepal,city,31_50,2090,0.15206814120750742
Nepal,city,31_50,2095,0.15266243890738676
Nepal,city,31_50,2100,0.1531795627469035
Nepal,city,51+,2011,0.0842931032354429
Nepal,city,51+,2012,0.08459267295662945
Nepal,city,51+,2013,0.0848178426860484
Nepal,city,51+,2014,0.08519617296944058
Nepal,city,51+,2015,0.08542362896760315
Nepal,city,51+,2016,0.0853918735874217
Nepal,city,51+,2017,0.08589396937381262
Nepal,city,51+,2018,0.08630631349818102
Nepal,city,51+,2019,0.08665879499142307
Nepal,city,51+,2020,0.08638214934965817
Nepal,city,51+,2025,0.08742795257125939
Nepal,city,51+,2030,0.08869279739354849
Nepal,city,51+,2035,0.0900182418030358
Nepal,city,51+,2040,0.0913622964420184
Nepal,city,51+,2045,0.09264766101681393
Nepal,city,51+,2050,0.09383648479179237
Nepal,city,51+,2055,0.09491836950895002
Nepal,city,51+,2060,0.09589873764803043
Nepal,city,51+,2065,0.09678006982322589
Nepal,city,51+,2070,0.09756561004150732
Nepal,city,51+,2075,0.09825808534660523
Nepal,city,51+,2080,0.09885490642279463
Nepal,city,51+,2085,0.09937059836503417
Nepal,city,51+,2090,0.09981467983574095
Nepal,city,51+,2095,0.10020476571546265
Nepal,city,51+,2100,0.10054419611861566
Nepal,town,No_travel,2011,0.0
Nepal,town,No_travel,2012,0.0
Nepal,town,No_travel,2013,0.0
Nepal,town,No_travel,2014,0.0
Nepal,town,No_travel,2015,0.0
Nepal,town,No_travel,2016,0.0
Nepal,town,No_travel,2017,0.0
Nepal,town,No_travel,2018,0.0
Nepal,town,No_travel,2019,0.0
Nepal,town,No_travel,2020,0.0
Nepal,town,No_travel,2025,0.0
Nepal,town,No_travel,2030,0.0
Nepal,town,No_travel,2035,0.0
Nepal,town,No_travel,2040,0.0
Nepal,town,No_travel,2045,0.0
Nepal,town,No_travel,2050,0.0
Nepal,town,No_travel,2055,0.0
Nepal,town,No_travel,2060,0.0
Nepal,town,No_travel,2065,0.0
Nepal,town,No_travel,2070,0.0
Nepal,town,No_travel,2075,0.0
Nepal,town,No_travel,2080,0.0
Nepal,town,No_travel,2085,0.0
Nepal,town,No_travel,2090,0.0
Nepal,town,No_travel,2095,0.0
Nepal,town,No_travel,2100,0.0
Nepal,town,00_01,2011,0.0142978983785273
Nepal,town,00_01,2012,0.01434871175787158
Nepal,town,00_01,2013,0.014386905320400179
Nepal,town,00_01,2014,0.01445107816180515
Nepal,town,00_01,2015,0.014489659524010207
Nepal,town,00_01,2016,0.01448427313791955
Nepal,town,00_01,2017,0.014569439234012278
Nepal,town,00_01,2018,0.014639381544366363
Nepal,town,00_01,2019,0.01469916988264369
Nepal,town,00_01,2020,0.014652244913446993
Nepal,town,00_01,2025,0.014829635323960479
Nepal,town,00_01,2030,0.015044179836376672
Nepal,town,00_01,2035,0.015269003324252113
Nepal,town,00_01,2040,0.015496983501819963
Nepal,town,00_01,2045,0.015715008599537065
Nepal,town,00_01,2050,0.01591665832973079
Nepal,town,00_01,2055,0.016100168927270377
Nepal,town,00_01,2060,0.01626646015974482
Nepal,town,00_01,2065,0.016415952791941243
Nepal,town,00_01,2070,0.0165491970762555
Nepal,town,00_01,2075,0.016666655577151763
Nepal,town,00_01,2080,0.016767889091757162
Nepal,town,00_01,2085,0.016855361384290654
Nepal,town,00_01,2090,0.01693068702181307
Nepal,town,00_01,2095,0.016996853861721437
Nepal,town,00_01,2100,0.01705442845827305
Nepal,town,02_05,2011,0.0305435787015927
Nepal,town,02_05,2012,0.030652127693200217
Nepal,town,02_05,2013,0.030733717871847623
Nepal,town,02_05,2014,0.030870805727703503
Nepal,town,02_05,2015,0.0309532243350909
Nepal,town,02_05,2016,0.030941717783350108
Nepal,town,02_05,2017,0.031123652029198593
Nepal,town,02_05,2018,0.03127306478933399
Nepal,town,02_05,2019,0.03140078634443705
Nepal,town,02_05,2020,0.031300543885595576
Nepal,town,02_05,2025,0.031679490344787335
Nepal,town,02_05,2030,0.03213780645716229
Nepal,town,02_05,2035,0.032618080810363936
Nepal,town,02_05,2040,0.03310509857420567
Nepal,town,02_05,2045,0.03357085001226637
Nepal,town,02_05,2050,0.03400161992272934
Nepal,town,02_05,2055,0.034393640500169194
Nepal,town,02_05,2060,0.03474887657836765
Nepal,town,02_05,2065,0.035068227007075195
Nepal,town,02_05,2070,0.035352867251168825
Nepal,town,02_05,2075,0.03560378545406248
Nepal,town,02_05,2080,0.035820043378040484
Nepal,town,02_05,2085,0.03600690418656447
Nepal,town,02_05,2090,0.036167816963883465
Nepal,town,02_05,2095,0.03630916445626822
Nepal,town,02_05,2100,0.036432156953097525
Nepal,town,06_10,2011,0.0419722902791875
Nepal,town,06_10,2012,0.04212145583145549
Nepal,town,06_10,2013,0.04223357519688994
Nepal,town,06_10,2014,0.042421958206489085
Nepal,town,06_10,2015,0.04253521597983212
Nepal,town,06_10,2016,0.04251940393846999
Nepal,town,06_10,2017,0.04276941383590482
Nepal,town,06_10,2018,0.042974733448288366
Nepal,town,06_10,2019,0.043150245500692866
Nepal,town,06_10,2020,0.04301249459658632
Nepal,town,06_10,2025,0.043533234191014965
Nepal,town,06_10,2030,0.04416304175535343
Nepal,town,06_10,2035,0.04482302383417831
Nepal,town,06_10,2040,0.04549227255433631
Nepal,town,06_10,2045,0.04613229757390657
Nepal,town,06_10,2050,0.046724251774890514
Nepal,town,06_10,2055,0.04726295752487725
Nepal,town,06_10,2060,0.047751114853704216
Nepal,town,06_10,2065,0.04818995894022893
Nepal,town,06_10,2070,0.04858110508151634
Nepal,town,06_10,2075,0.0489259111617428
Nepal,town,06_10,2080,0.049223087876006016
Nepal,town,06_10,2085,0.049479867743676326
Nepal,town,06_10,2090,0.049700990417782316
Nepal,town,06_10,2095,0.04989522692289424
Nepal,town,06_10,2100,0.05006424041111435
Nepal,town,11_20,2011,0.0757320066192673
Nepal,town,11_20,2012,0.07600115101230814
Nepal,town,11_20,2013,0.07620345173187215
Nepal,town,11_20,2014,0.07654335749434121
Nepal,town,11_20,2015,0.07674771228135535
Nepal,town,11_20,2016,0.07671918208647831
Nepal,town,11_20,2017,0.07717028330305417
Nepal,town,11_20,2018,0.07754074834417218
Nepal,town,11_20,2019,0.07785743060825748
Nepal,town,11_20,2020,0.07760888204652269
Nepal,town,11_20,2025,0.07854846990674817
Nepal,town,11_20,2030,0.07968485275157465
Nepal,town,11_20,2035,0.08087568048171993
Nepal,town,11_20,2040,0.08208322832263615
Nepal,town,11_20,2045,0.0832380468635397
Nepal,town,11_20,2050,0.08430612961930603
Nepal,town,11_20,2055,0.08527813441467129
Nepal,town,11_20,2060,0.08615893300374183
Nepal,town,11_20,2065,0.08695075406102627
Nepal,town,11_20,2070,0.08765651212102349
Nepal,town,11_20,2075,0.0882786572595513
Nepal,town,11_20,2080,0.08881486314066885
Nepal,town,11_20,2085,0.08927817964088244
Nepal,town,11_20,2090,0.08967715867461339
Nepal,town,11_20,2095,0.09002762609473731
Nepal,town,11_20,2100,0.09033258278219684
Nepal,town,21_30,2011,0.0536494958683143
Nepal,town,21_30,2012,0.05384016110547112
Nepal,town,21_30,2013,0.05398347345256065
Nepal,town,21_30,2014,0.054224266924347
Nepal,town,21_30,2015,0.05436903439837819
Nepal,town,21_30,2016,0.0543488232533088
Nepal,town,21_30,2017,0.054668388968456785
Nepal,town,21_30,2018,0.05493083101350567
Nepal,town,21_30,2019,0.055155172670052904
Nepal,town,21_30,2020,0.05497909777607969
Nepal,town,21_30,2025,0.05564471350812423
Nepal,town,21_30,2030,0.05644974125609929
Nepal,town,21_30,2035,0.057293338438324876
Nepal,town,21_30,2040,0.05814878035507906
Nepal,town,21_30,2045,0.05896686817956165
Nepal,town,21_30,2050,0.059723511294547144
Nepal,town,21_30,2055,0.06041209158682825
Nepal,town,21_30,2060,0.06103606026763612
Nepal,town,21_30,2065,0.061596996157725396
Nepal,town,21_30,2070,0.06209696394960241
Nepal,town,21_30,2075,0.06253769930746426
Nepal,town,21_30,2080,0.06291755422598247
Nepal,town,21_30,2085,0.0632457734000616
Nepal,town,21_30,2090,0.06352841511229436
Nepal,town,21_30,2095,0.06377669059378853
Nepal,town,21_30,2100,0.06399272570594561
Nepal,town,31_50,2011,0.0837659254033078
Nepal,town,31_50,2012,0.08406362158430984
Nepal,town,31_50,2013,0.08428738307882865
Nepal,town,31_50,2014,0.08466334724529105
Nepal,town,31_50,2015,0.08488938070999102
Nepal,town,31_50,2016,0.08485782393125905
Nepal,town,31_50,2017,0.08535677955839573
Nepal,town,31_50,2018,0.08576654483973623
Nepal,town,31_50,2019,0.08611682187706976
Nepal,town,31_50,2020,0.08584190640591309
Nepal,town,31_50,2025,0.08688116906542748
Nepal,town,31_50,2030,0.08813810341668386
Nepal,town,31_50,2035,0.0894552583590192
Nepal,town,31_50,2040,0.09079090714053951
Nepal,town,31_50,2045,0.09206823291163657
Nepal,town,31_50,2050,0.09324962165911657
Nepal,town,31_50,2055,0.09432474015676257
Nepal,town,31_50,2060,0.09529897697156593
Nepal,town,31_50,2065,0.09617479720369988
Nepal,town,31_50,2070,0.09695542457177848
Nepal,town,31_50,2075,0.09764356906431715
Nepal,town,31_50,2080,0.09823665755944071
Nepal,town,31_50,2085,0.09874912431065365
Nepal,town,31_50,2090,0.0991904284496686
Nepal,town,31_50,2095,0.09957807469173875
Nepal,town,31_50,2100,0.09991538226185767
Nepal,town,51+,2011,0.068333385372376
Nepal,town,51+,2012,0.06857623576485188
Nepal,town,51+,2013,0.06875877276140308
Nepal,town,51+,2014,0.06906547150733569
Nepal,town,51+,2015,0.06924986189968235
Nepal,town,51+,2016,0.06922411895573682
Nepal,town,51+,2017,0.06963114994105318
Nepal,town,51+,2018,0.06996542248382337
Nepal,town,51+,2019,0.07025116654579085
Nepal,town,51+,2020,0.07002689987954286
Nepal,town,51+,2025,0.0708746949164125
Nepal,town,51+,2030,0.07190005909640149
Nepal,town,51+,2035,0.07297454918096008
Nepal,town,51+,2040,0.07406412590885197
Nepal,town,51+,2045,0.07510612471376217
Nepal,town,51+,2050,0.07606986136643397
Nepal,town,51+,2055,0.07694690637330155
Nepal,town,51+,2060,0.07774165554355647
Nepal,town,51+,2065,0.0784561198218556
Nepal,town,51+,2070,0.07909292900790958
Nepal,town,51+,2075,0.0796542938179337
Nepal,town,51+,2080,0.08013811518685036
Nepal,town,51+,2085,0.08055616808643407
Nepal,town,51+,2090,0.08091616895376218
Nepal,town,51+,2095,0.0812323975385954
Nepal,town,51+,2100,0.08150756155149182
Nepal,rural,No_travel,2011,0.0
Nepal,rural,No_travel,2012,0.0
Nepal,rural,No_travel,2013,0.0
Nepal,rural,No_travel,2014,0.0
Nepal,rural,No_travel,2015,0.0
Nepal,rural,No_travel,2016,0.0
Nepal,rural,No_travel,2017,0.0
Nepal,rural,No_travel,2018,0.0
Nepal,rural,No_travel,2019,0.0
Nepal,rural,No_travel,2020,0.0
Nepal,rural,No_travel,2025,0.0
Nepal,rural,No_travel,2030,0.0
Nepal,rural,No_travel,2035,0.0
Nepal,rural,No_travel,2040,0.0
Nepal,rural,No_travel,2045,0.0
Nepal,rural,No_travel,2050,0.0
Nepal,rural,No_travel,2055,0.0
Nepal,rural,No_travel,2060,0.0
Nepal,rural,No_travel,2065,0.0
Nepal,rural,No_travel,2070,0.0
Nepal,rural,No_travel,2075,0.0
Nepal,rural,No_travel,2080,0.0
Nepal,rural,No_travel,2085,0.0
Nepal,rural,No_travel,2090,0.0
Nepal,rural,No_travel,2095,0.0
Nepal,rural,No_travel,2100,0.0
Nepal,rural,00_01,2011,0.00800533451099545
Nepal,rural,00_01,2012,0.008033784713152152
Nepal,rural,00_01,2013,0.008055169131764836
Nepal,rural,00_01,2014,0.008091099241796908
Nepal,rural,00_01,2015,0.008112700787853857
Nepal,rural,00_01,2016,0.008109684972429834
Nepal,rural,00_01,2017,0.008157369119439983
Nepal,rural,00_01,2018,0.00819652953141334
Nepal,rural,00_01,2019,0.008230004776172762
Nepal,rural,00_01,2020,0.008203731678869045
Nepal,rural,00_01,2025,0.00830305184030871
Nepal,rural,00_01,2030,0.008423174430630754
Nepal,rural,00_01,2035,0.008549052177046587
Nepal,rural,00_01,2040,0.008676697341041296
Nepal,rural,00_01,2045,0.008798768696761593
Nepal,rural,00_01,2050,0.008911671551538984
Nepal,rural,00_01,2055,0.00901441838052913
Nepal,rural,00_01,2060,0.009107524157823147
Nepal,rural,00_01,2065,0.009191224467895208
Nepal,rural,00_01,2070,0.009265827394799187
Nepal,rural,00_01,2075,0.009331591926476571
Nepal,rural,00_01,2080,0.00938827215504478
Nepal,rural,00_01,2085,0.009437247531959327
Nepal,rural,00_01,2090,0.009479422046678673
Nepal,rural,00_01,2095,0.009516468588273727
Nepal,rural,00_01,2100,0.009548704368143549
Nepal,rural,02_05,2011,0.018205337195522
Nepal,rural,02_05,2012,0.018270037243075556
Nepal,rural,02_05,2013,0.01831866863393616
Nepal,rural,02_05,2014,0.018400379119326574
Nepal,rural,02_05,2015,0.018449504290719627
Nepal,rural,02_05,2016,0.018442645871919214
Nepal,rural,02_05,2017,0.018551086808897957
Nepal,rural,02_05,2018,0.018640143487755195
Nepal,rural,02_05,2019,0.018716271239532574
Nepal,rural,02_05,2020,0.0186565222565353
Nepal,rural,02_05,2025,0.01888239127260693
Nepal,rural,02_05,2030,0.019155568147178337
Nepal,rural,02_05,2035,0.019441833114090718
Nepal,rural,02_05,2040,0.01973211745495237
Nepal,rural,02_05,2045,0.020009726115746012
Nepal,rural,02_05,2050,0.020266484223572266
Nepal,rural,02_05,2055,0.02050014599810112
Nepal,rural,02_05,2060,0.020711882568029662
Nepal,rural,02_05,2065,0.020902229687958088
Nepal,rural,02_05,2070,0.021071887987457547
Nepal,rural,02_05,2075,0.02122144644414014
Nepal,rural,02_05,2080,0.021350345826419065
Nepal,rural,02_05,2085,0.021461723214807077
Nepal,rural,02_05,2090,0.021557634417576757
Nepal,rural,02_05,2095,0.021641883836603475
Nepal,rural,02_05,2100,0.02171519285841695
Nepal,rural,06_10,2011,0.0247885032228387
Nepal,rural,06_10,2012,0.02487659922018686
Nepal,rural,06_10,2013,0.02494281603211033
Nepal,rural,06_10,2014,0.025054073550094574
Nepal,rural,06_10,2015,0.025120962696739916
Nepal,rural,06_10,2016,0.025111624229964394
Nepal,rural,06_10,2017,0.025259278101294302
Nepal,rural,06_10,2018,0.02538053824315045
Nepal,rural,06_10,2019,0.02548419427544548
Nepal,rural,06_10,2020,0.025402839679170633
Nepal,rural,06_10,2025,0.02571038437184505
Nepal,rural,06_10,2030,0.026082343746340126
Nepal,rural,06_10,2035,0.026472123950830862
Nepal,rural,06_10,2040,0.026867376960522913
Nepal,rural,06_10,2045,0.027245370683400164
Nepal,rural,06_10,2050,0.027594974160390785
Nepal,rural,06_10,2055,0.027913129522675825
Nepal,rural,06_10,2060,0.02820143138655767
Nepal,rural,06_10,2065,0.02846060923891651
Nepal,rural,06_10,2070,0.028691617061444408
Nepal,rural,06_10,2075,0.02889525680981397
Nepal,rural,06_10,2080,0.029070767030730343
Nepal,rural,06_10,2085,0.029222419193025182
Nepal,rural,06_10,2090,0.029353012498352555
Nepal,rural,06_10,2095,0.029467727044567047
Nepal,rural,06_10,2100,0.02956754507616788
Nepal,rural,11_20,2011,0.0423833067134091
Nepal,rural,11_20,2012,0.04253393297923344
Nepal,rural,11_20,2013,0.042647150280984474
Nepal,rural,11_20,2014,0.04283737804368998
Nepal,rural,11_20,2015,0.0429517449012845
Nepal,rural,11_20,2016,0.04293577801945941
Nepal,rural,11_20,2017,0.04318823615538397
Nepal,rural,11_20,2018,0.04339556637367909
Nepal,rural,11_20,2019,0.043572797139488605
Nepal,rural,11_20,2020,0.04343369730052432
Nepal,rural,11_20,2025,0.043959536271942795
Nepal,rural,11_20,2030,0.04459551126859478
Nepal,rural,11_20,2035,0.045261956265666065
Nepal,rural,11_20,2040,0.045937758648269864
Nepal,rural,11_20,2045,0.04658405115526114
Nepal,rural,11_20,2050,0.04718180210698927
Nepal,rural,11_20,2055,0.04772578316873482
Nepal,rural,11_20,2060,0.04821872081055636
Nepal,rural,11_20,2065,0.04866186230688223
Nepal,rural,11_20,2070,0.04905683877268093
Nepal,rural,11_20,2075,0.04940502138929962
Nepal,rural,11_20,2080,0.04970510822623228
Nepal,rural,11_20,2085,0.049964402627774525
Nepal,rural,11_20,2090,0.05018769066032133
Nepal,rural,11_20,2095,0.050383829239282356
Nepal,rural,11_20,2100,0.050554497803287024
Nepal,rural,21_30,2011,0.0366772116814261
Nepal,rural,21_30,2012,0.03680755902486908
Nepal,rural,21_30,2013,0.036905533799947425
Nepal,rural,21_30,2014,0.03707015106229582
Nepal,rural,21_30,2015,0.037169120627688575
Nepal,rural,21_30,2016,0.03715530337863457
Nepal,rural,21_30,2017,0.03737377289434779
Nepal,rural,21_30,2018,0.037553190096402976
Nepal,rural,21_30,2019,0.03770656015688484
Nepal,rural,21_30,2020,0.037586187429172885
Nepal,rural,21_30,2025,0.0380412323220943
Nepal,rural,21_30,2030,0.03859158554804775
Nepal,rural,21_30,2035,0.039168306576373685
Nepal,rural,21_30,2040,0.039753125198695324
Nepal,rural,21_30,2045,0.04031240688115875
Nepal,rural,21_30,2050,0.04082968219281749
Nepal,rural,21_30,2055,0.041300426693411545
Nepal,rural,21_30,2060,0.04172699978637674
Nepal,rural,21_30,2065,0.042110480824689066
Nepal,rural,21_30,2070,0.04245228132513698
Nepal,rural,21_30,2075,0.042753587865937775
Nepal,rural,21_30,2080,0.0430132737964248
Nepal,rural,21_30,2085,0.04323765920640426
Nepal,rural,21_30,2090,0.043430885810713964
Nepal,rural,21_30,2095,0.04360061811187893
Nepal,rural,21_30,2100,0.04374830944449937
Nepal,rural,31_50,2011,0.0541066561101835
Nepal,rural,31_50,2012,0.054298946051627356
Nepal,rural,31_50,2013,0.05444347959765264
Nepal,rural,31_50,2014,0.054686324928455016
Nepal,rural,31_50,2015,0.05483232600090818
Nepal,rural,31_50,2016,0.05481194263181657
Nepal,rural,31_50,2017,0.055134231443188776
Nepal,rural,31_50,2018,0.05539890981994682
Nepal,rural,31_50,2019,0.05562516314564041
Nepal,rural,31_50,2020,0.05544758787519929
Nepal,rural,31_50,2025,0.056118875478789465
Nepal,rural,31_50,2030,0.05693076306158718
Nepal,rural,31_50,2035,0.057781548738049755
Nepal,rural,31_50,2040,0.05864428008086916
Nepal,rural,31_50,2045,0.05946933902822359
Nepal,rural,31_50,2050,0.06023242968095118
Nepal,rural,31_50,2055,0.06092687753131221
Nepal,rural,31_50,2060,0.06155616319913776
Nepal,rural,31_50,2065,0.062121878958693394
Nepal,rural,31_50,2070,0.06262610709622626
Nepal,rural,31_50,2075,0.06307059806594502
Nepal,rural,31_50,2080,0.06345368981947191
Nepal,rural,31_50,2085,0.06378470582797753
Nepal,rural,31_50,2090,0.06406975599813586
Nepal,rural,31_50,2095,0.06432014709464808
Nepal,rural,31_50,2100,0.06453802309389138
Nepal,rural,51+,2011,0.0357459136063553
Nepal,rural,51+,2012,0.03587295120446941
Nepal,rural,51+,2013,0.035968438229927395
Nepal,rural,51+,2014,0.03612887557421441
Nepal,rural,51+,2015,0.036225332130533805
Nepal,rural,51+,2016,0.03621186572541959
Nepal,rural,51+,2017,0.036424787920872684
Nepal,rural,51+,2018,0.036599649408705096
Nepal,rural,51+,2019,0.03674912513710575
Nepal,rural,51+,2020,0.036631808881913655
Nepal,rural,51+,2025,0.037075299395060254
Nepal,rural,51+,2030,0.03761167819721095
Nepal,rural,51+,2035,0.03817375527745823
Nepal,rural,51+,2040,0.03874372433973249
Nepal,rural,51+,2045,0.039288804889382856
Nepal,rural,51+,2050,0.039792945682905
Nepal,rural,51+,2055,0.04025173716343141
Nepal,rural,51+,2060,0.04066747882504883
Nepal,rural,51+,2065,0.04104122261408744
Nepal,rural,51+,2070,0.04137434420647413
Nepal,rural,51+,2075,0.04166800005114536
Nepal,rural,51+,2080,0.04192109210505077
Nepal,rural,51+,2085,0.04213977997994488
Nepal,rural,51+,2090,0.042328100225335875
Nepal,rural,51+,2095,0.042493522728724364
Nepal,rural,51+,2100,0.042637463922022084
Pakistan,large_city,No_travel,2011,0.0
Pakistan,large_city,No_travel,2012,0.0
Pakistan,large_city,No_travel,2013,0.0
Pakistan,large_city,No_travel,2014,0.0
Pakistan,large_city,No_travel,2015,0.0
Pakistan,large_city,No_travel,2016,0.0
Pakistan,large_city,No_travel,2017,0.0
Pakistan,large_city,No_travel,2018,0.0
Pakistan,large_city,No_travel,2019,0.0
Pakistan,large_city,No_travel,2020,0.0
Pakistan,large_city,No_travel,2025,0.0
Pakistan,large_city,No_travel,2030,0.0
Pakistan,large_city,No_travel,2035,0.0
Pakistan,large_city,No_travel,2040,0.0
Pakistan,large_city,No_travel,2045,0.0
Pakistan,large_city,No_travel,2050,0.0
Pakistan,large_city,No_travel,2055,0.0
Pakistan,large_city,No_travel,2060,0.0
Pakistan,large_city,No_travel,2065,0.0
Pakistan,large_city,No_travel,2070,0.0
Pakistan,large_city,No_travel,2075,0.0
Pakistan,large_city,No_travel,2080,0.0
Pakistan,large_city,No_travel,2085,0.0
Pakistan,large_city,No_travel,2090,0.0
Pakistan,large_city,No_travel,2095,0.0
Pakistan,large_city,No_travel,2100,0.0
Pakistan,large_city,00_01,2011,0.0263657402468568
Pakistan,large_city,00_01,2012,0.02638656370514489
Pakistan,large_city,00_01,2013,0.026421351427713367
Pakistan,large_city,00_01,2014,0.026460765541085843
Pakistan,large_city,00_01,2015,0.02650182407575034
Pakistan,large_city,00_01,2016,0.026552841888410738
Pakistan,large_city,00_01,2017,0.026589159500856704
Pakistan,large_city,00_01,2018,0.026642104704436405
Pakistan,large_city,00_01,2019,0.026652287809473145
Pakistan,large_city,00_01,2020,0.02661641963877068
Pakistan,large_city,00_01,2025,0.02678878443685967
Pakistan,large_city,00_01,2030,0.02695406486770969
Pakistan,large_city,00_01,2035,0.027111846772694133
Pakistan,large_city,00_01,2040,0.02727039103131043
Pakistan,large_city,00_01,2045,0.027425901250498423
Pakistan,large_city,00_01,2050,0.027572539715356035
Pakistan,large_city,00_01,2055,0.02770745726296702
Pakistan,large_city,00_01,2060,0.027828520725074576
Pakistan,large_city,00_01,2065,0.027937209183628978
Pakistan,large_city,00_01,2070,0.02803316396277434
Pakistan,large_city,00_01,2075,0.028117034884160765
Pakistan,large_city,00_01,2080,0.028188454000707453
Pakistan,large_city,00_01,2085,0.028248140843024332
Pakistan,large_city,00_01,2090,0.028297127995138054
Pakistan,large_city,00_01,2095,0.028337107020370993
Pakistan,large_city,00_01,2100,0.028369673301415384
Pakistan,large_city,02_05,2011,0.0607545651824544
Pakistan,large_city,02_05,2012,0.06080254866943571
Pakistan,large_city,02_05,2013,0.06088271000526575
Pakistan,large_city,02_05,2014,0.06097353193165874
Pakistan,large_city,02_05,2015,0.06106814309740698
Pakistan,large_city,02_05,2016,0.06118570342363798
Pakistan,large_city,02_05,2017,0.06126939008412848
Pakistan,large_city,02_05,2018,0.06139139169651882
Pakistan,large_city,02_05,2019,0.061414856621566316
Pakistan,large_city,02_05,2020,0.06133220560951374
Pakistan,large_city,02_05,2025,0.06172938574792865
Pakistan,large_city,02_05,2030,0.06211024138162012
Pakistan,large_city,02_05,2035,0.06247381816502305
Pakistan,large_city,02_05,2040,0.06283915163960874
Pakistan,large_city,02_05,2045,0.06319749377829839
Pakistan,large_city,02_05,2050,0.06353539273687245
Pakistan,large_city,02_05,2055,0.06384628319031099
Pakistan,large_city,02_05,2060,0.0641252496798145
Pakistan,large_city,02_05,2065,0.06437570045335617
Pakistan,large_city,02_05,2070,0.06459680901429825
Pakistan,large_city,02_05,2075,0.0647900727464209
Pakistan,large_city,02_05,2080,0.06495464378940637
Pakistan,large_city,02_05,2085,0.06509218015736433
Pakistan,large_city,02_05,2090,0.06520506123327308
Pakistan,large_city,02_05,2095,0.06529718488585042
Pakistan,large_city,02_05,2100,0.0653722273548248
Pakistan,large_city,06_10,2011,0.0853273830804756
Pakistan,large_city,06_10,2012,0.0853947739895027
Pakistan,large_city,06_10,2013,0.08550735741414035
Pakistan,large_city,06_10,2014,0.08563491321644373
Pakistan,large_city,06_10,2015,0.08576779085550255
Pakistan,large_city,06_10,2016,0.08593289968248954
Pakistan,large_city,06_10,2017,0.08605043428613543
Pakistan,large_city,06_10,2018,0.08622178072381634
Pakistan,large_city,06_10,2019,0.08625473628266973
Pakistan,large_city,06_10,2020,0.08613865620628008
Pakistan,large_city,06_10,2025,0.08669647999648758
Pakistan,large_city,06_10,2030,0.08723137666568034
Pakistan,large_city,06_10,2035,0.0877420058732703
Pakistan,large_city,06_10,2040,0.08825510228412399
Pakistan,large_city,06_10,2045,0.08875837964031975
Pakistan,large_city,06_10,2050,0.08923294535886545
Pakistan,large_city,06_10,2055,0.08966957870052378
Pakistan,large_city,06_10,2060,0.09006137609788802
Pakistan,large_city,06_10,2065,0.0904131243003912
Pakistan,large_city,06_10,2070,0.09072366252620546
Pakistan,large_city,06_10,2075,0.09099509379160697
Pakistan,large_city,06_10,2080,0.09122622731032451
Pakistan,large_city,06_10,2085,0.09141939169757676
Pakistan,large_city,06_10,2090,0.0915779287026179
Pakistan,large_city,06_10,2095,0.09170731272784517
Pakistan,large_city,06_10,2100,0.09181270690650899
Pakistan,large_city,11_20,2011,0.150513087141122
Pakistan,large_city,11_20,2012,0.15063196121643904
Pakistan,large_city,11_20,2013,0.15083055255009276
Pakistan,large_city,11_20,2014,0.1510555543829667
Pakistan,large_city,11_20,2015,0.15128994366041476
Pakistan,large_city,11_20,2016,0.15158118708505633
Pakistan,large_city,11_20,2017,0.15178851204220364
Pakistan,large_city,11_20,2018,0.15209075828924562
Pakistan,large_city,11_20,2019,0.1521488901892572
Pakistan,large_city,11_20,2020,0.15194413094290243
Pakistan,large_city,11_20,2025,0.15292810323542785
Pakistan,large_city,11_20,2030,0.15387163327320924
Pakistan,large_city,11_20,2035,0.15477235676482626
Pakistan,large_city,11_20,2040,0.1556774322752961
Pakistan,large_city,11_20,2045,0.15656518748159143
Pakistan,large_city,11_20,2050,0.15740229684520907
Pakistan,large_city,11_20,2055,0.15817249545940726
Pakistan,large_city,11_20,2060,0.1588636057886146
Pakistan,large_city,11_20,2065,0.15948407141106505
Pakistan,large_city,11_20,2070,0.16003184476769722
Pakistan,large_city,11_20,2075,0.1605106354703685
Pakistan,large_city,11_20,2080,0.1609183430337325
Pakistan,large_city,11_20,2085,0.161259075014504
Pakistan,large_city,11_20,2090,0.1615387260853958
Pakistan,large_city,11_20,2095,0.16176695280887723
Pakistan,large_city,11_20,2100,0.16195286268475415
Pakistan,large_city,21_30,2011,0.157092054088329
Pakistan,large_city,21_30,2012,0.1572161241809974
Pakistan,large_city,21_30,2013,0.15742339599450123
Pakistan,large_city,21_30,2014,0.15765823271714893
Pakistan,large_city,21_30,2015,0.15790286721206215
Pakistan,large_city,21_30,2016,0.15820684096401744
Pakistan,large_city,21_30,2017,0.1584232281500135
Pakistan,large_city,21_30,2018,0.15873868566065372
Pakistan,large_city,21_30,2019,0.15879935852142837
Pakistan,large_city,21_30,2020,0.15858564919412388
Pakistan,large_city,21_30,2025,0.15961263117645405
Pakistan,large_city,21_30,2030,0.16059740316236212
Pakistan,large_city,21_30,2035,0.16153749751662289
Pakistan,large_city,21_30,2040,0.16248213411763449
Pakistan,large_city,21_30,2045,0.16340869333938363
Pakistan,large_city,21_30,2050,0.16428239297524302
Pakistan,large_city,21_30,2055,0.16508625717508454
Pakistan,large_city,21_30,2060,0.1658075761200282
Pakistan,large_city,21_30,2065,0.16645516245935127
Pakistan,large_city,21_30,2070,0.16702687913464292
Pakistan,large_city,21_30,2075,0.16752659790587845
Pakistan,large_city,21_30,2080,0.16795212647493998
Pakistan,large_city,21_30,2085,0.1683077519409355
Pakistan,large_city,21_30,2090,0.1685996266342849
Pakistan,large_city,21_30,2095,0.16883782920836363
Pakistan,large_city,21_30,2100,0.1690318652542088
Pakistan,large_city,31_50,2011,0.147596045325267
Pakistan,large_city,31_50,2012,0.147712615543457
Pakistan,large_city,31_50,2013,0.14790735804751365
Pakistan,large_city,31_50,2014,0.14812799919808678
Pakistan,large_city,31_50,2015,0.1483578458584343
Pakistan,large_city,31_50,2016,0.14864344479551395
Pakistan,large_city,31_50,2017,0.14884675165974354
Pakistan,large_city,31_50,2018,0.1491431401773478
Pakistan,large_city,31_50,2019,0.1492001454432149
Pakistan,large_city,31_50,2020,0.14899935456462896
Pakistan,large_city,31_50,2025,0.1499642568322319
Pakistan,large_city,31_50,2030,0.15088950064237022
Pakistan,large_city,31_50,2035,0.15177276752513363
Pakistan,large_city,31_50,2040,0.1526603020817855
Pakistan,large_city,31_50,2045,0.1535308520130566
Pakistan,large_city,31_50,2050,0.15435173765111987
Pakistan,large_city,31_50,2055,0.1551070093137366
Pakistan,large_city,31_50,2060,0.1557847254739188
Pakistan,large_city,31_50,2065,0.15639316606784603
Pakistan,large_city,31_50,2070,0.1569303232194873
Pakistan,large_city,31_50,2075,0.15739983464600218
Pakistan,large_city,31_50,2080,0.15779964057082055
Pakistan,large_city,31_50,2085,0.15813376894352857
Pakistan,large_city,31_50,2090,0.15840800019423637
Pakistan,large_city,31_50,2095,0.15863180373493327
Pakistan,large_city,31_50,2100,0.15881411055613756
Pakistan,large_city,51+,2011,0.0999074306415119
Pakistan,large_city,51+,2012,0.09998633675964684
Pakistan,large_city,51+,2013,0.1001181575220129
Pakistan,large_city,51+,2014,0.10026750901987297
Pakistan,large_city,51+,2015,0.1004230917065652
Pakistan,large_city,51+,2016,0.1006164129838033
Pakistan,large_city,51+,2017,0.10075403094228041
Pakistan,large_city,51+,2018,0.10095465566227364
Pakistan,large_city,51+,2019,0.1009932423983428
Pakistan,large_city,51+,2020,0.10085732750488095
Pakistan,large_city,51+,2025,0.10151046767651588
Pakistan,large_city,51+,2030,0.10213676312761803
Pakistan,large_city,51+,2035,0.1027346444911272
Pakistan,large_city,51+,2040,0.1033354146334791
Pakistan,large_city,51+,2045,0.10392468792116626
Pakistan,large_city,51+,2050,0.1044803435606428
Pakistan,large_city,51+,2055,0.10499158524792575
Pakistan,large_city,51+,2060,0.10545032979029353
Pakistan,large_city,51+,2065,0.10586218185789673
Pakistan,large_city,51+,2070,0.10622578232397238
Pakistan,large_city,51+,2075,0.1065435935510724
Pakistan,large_city,51+,2080,0.1068142212810758
Pakistan,large_city,51+,2085,0.10704039202398508
Pakistan,large_city,51+,2090,0.10722601853992218
Pakistan,large_city,51+,2095,0.10737751065253417
Pakistan,large_city,51+,2100,0.10750091372918712
Pakistan,city,No_travel,2011,0.0
Pakistan,city,No_travel,2012,0.0
Pakistan,city,No_travel,2013,0.0
Pakistan,city,No_travel,2014,0.0
Pakistan,city,No_travel,2015,0.0
Pakistan,city,No_travel,2016,0.0
Pakistan,city,No_travel,2017,0.0
Pakistan,city,No_travel,2018,0.0
Pakistan,city,No_travel,2019,0.0
Pakistan,city,No_travel,2020,0.0
Pakistan,city,No_travel,2025,0.0
Pakistan,city,No_travel,2030,0.0
Pakistan,city,No_travel,2035,0.0
Pakistan,city,No_travel,2040,0.0
Pakistan,city,No_travel,2045,0.0
Pakistan,city,No_travel,2050,0.0
Pakistan,city,No_travel,2055,0.0
Pakistan,city,No_travel,2060,0.0
Pakistan,city,No_travel,2065,0.0
Pakistan,city,No_travel,2070,0.0
Pakistan,city,No_travel,2075,0.0
Pakistan,city,No_travel,2080,0.0
Pakistan,city,No_travel,2085,0.0
Pakistan,city,No_travel,2090,0.0
Pakistan,city,No_travel,2095,0.0
Pakistan,city,No_travel,2100,0.0
Pakistan,city,00_01,2011,0.0203337654203297
Pakistan,city,00_01,2012,0.0203498248714244
Pakistan,city,00_01,2013,0.020376653831415358
Pakistan,city,00_01,2014,0.02040705075287717
Pakistan,city,00_01,2015,0.02043871588363222
Pakistan,city,00_01,2016,0.02047806180091662
Pakistan,city,00_01,2017,0.020506070641373535
Pakistan,city,00_01,2018,0.020546902999564184
Pakistan,city,00_01,2019,0.020554756405807628
Pakistan,city,00_01,2020,0.020527094183458033
Pakistan,city,00_01,2025,0.020660025227238674
Pakistan,city,00_01,2030,0.02078749267089886
Pakistan,city,00_01,2035,0.020909177107348884
Pakistan,city,00_01,2040,0.021031449485566223
Pakistan,city,00_01,2045,0.02115138195428611
Pakistan,city,00_01,2050,0.02126447235562113
Pakistan,city,00_01,2055,0.021368523360391797
Pakistan,city,00_01,2060,0.02146188982825577
Pakistan,city,00_01,2065,0.021545712455629407
Pakistan,city,00_01,2070,0.02161971462480173
Pakistan,city,00_01,2075,0.021684397490713745
Pakistan,city,00_01,2080,0.021739477285507697
Pakistan,city,00_01,2085,0.02178550892501368
Pakistan,city,00_01,2090,0.021823288757871175
Pakistan,city,00_01,2095,0.021854121350212936
Pakistan,city,00_01,2100,0.0218792370918219
Pakistan,city,02_05,2011,0.0396703669770022
Pakistan,city,02_05,2012,0.03970169832686321
Pakistan,city,02_05,2013,0.03975404055991506
Pakistan,city,02_05,2014,0.039813343743778665
Pakistan,city,02_05,2015,0.039875121153494016
Pakistan,city,02_05,2016,0.039951883472004804
Pakistan,city,02_05,2017,0.04000652760488219
Pakistan,city,02_05,2018,0.0400861899104353
Pakistan,city,02_05,2019,0.040101511593422026
Pakistan,city,02_05,2020,0.04004754369867536
Pakistan,city,02_05,2025,0.04030688687395079
Pakistan,city,02_05,2030,0.04055557078286242
Pakistan,city,02_05,2035,0.04079297227489183
Pakistan,city,02_05,2040,0.041031520817907036
Pakistan,city,02_05,2045,0.04126550429062965
Pakistan,city,02_05,2050,0.041486139162223636
Pakistan,city,02_05,2055,0.041689138530921536
Pakistan,city,02_05,2060,0.04187129279339804
Pakistan,city,02_05,2065,0.042034827402957574
Pakistan,city,02_05,2070,0.0421792026894564
Pakistan,city,02_05,2075,0.042305396386236656
Pakistan,city,02_05,2080,0.04241285487350284
Pakistan,city,02_05,2085,0.04250266076995179
Pakistan,city,02_05,2090,0.04257636772008156
Pakistan,city,02_05,2095,0.04263652088049065
Pakistan,city,02_05,2100,0.04268552069267158
Pakistan,city,06_10,2011,0.0505698242635587
Pakistan,city,06_10,2012,0.05060976392071715
Pakistan,city,06_10,2013,0.050676487213913025
Pakistan,city,06_10,2014,0.05075208398336037
Pakistan,city,06_10,2015,0.050830834773706576
Pakistan,city,06_10,2016,0.05092868758559018
Pakistan,city,06_10,2017,0.05099834522697892
Pakistan,city,06_10,2018,0.05109989479909621
Pakistan,city,06_10,2019,0.05111942612373735
Pakistan,city,06_10,2020,0.05105063051731416
Pakistan,city,06_10,2025,0.05138122838663145
Pakistan,city,06_10,2030,0.051698238349713634
Pakistan,city,06_10,2035,0.052000866045060976
Pakistan,city,06_10,2040,0.05230495594434526
Pakistan,city,06_10,2045,0.05260322651751689
Pakistan,city,06_10,2050,0.0528844809533377
Pakistan,city,06_10,2055,0.05314325452119044
Pakistan,city,06_10,2060,0.05337545577729767
Pakistan,city,06_10,2065,0.05358392161960333
Pakistan,city,06_10,2070,0.05376796410326574
Pakistan,city,06_10,2075,0.0539288295944533
Pakistan,city,06_10,2080,0.054065812365997334
Pakistan,city,06_10,2085,0.054180292486735504
Pakistan,city,06_10,2090,0.054274250465930055
Pakistan,city,06_10,2095,0.05435093074349212
Pakistan,city,06_10,2100,0.05441339328366406
Pakistan,city,11_20,2011,0.0832808161760771
Pakistan,city,11_20,2012,0.08334659072234828
Pakistan,city,11_20,2013,0.08345647384724006
Pakistan,city,11_20,2014,0.08358097023914043
Pakistan,city,11_20,2015,0.08371066082418899
Pakistan,city,11_20,2016,0.08387180953604367
Pakistan,city,11_20,2017,0.08398652508651744
Pakistan,city,11_20,2018,0.08415376180073227
Pakistan,city,11_20,2019,0.08418592692451511
Pakistan,city,11_20,2020,0.08407263101463827
Pakistan,city,11_20,2025,0.08461707546908848
Pakistan,city,11_20,2030,0.08513914270673276
Pakistan,city,11_20,2035,0.08563752453488899
Pakistan,city,11_20,2040,0.08613831439073877
Pakistan,city,11_20,2045,0.08662952070076228
Pakistan,city,11_20,2050,0.08709270401827239
Pakistan,city,11_20,2055,0.0875188647623409
Pakistan,city,11_20,2060,0.08790126494678559
Pakistan,city,11_20,2065,0.08824457651143659
Pakistan,city,11_20,2070,0.08854766651567698
Pakistan,city,11_20,2075,0.08881258753519335
Pakistan,city,11_20,2080,0.08903817734457835
Pakistan,city,11_20,2085,0.08922670870749788
Pakistan,city,11_20,2090,0.08938144322175673
Pakistan,city,11_20,2095,0.08950772398687655
Pakistan,city,11_20,2100,0.08961059029898472
Pakistan,city,21_30,2011,0.0673025770269828
Pakistan,city,21_30,2012,0.06735573208321412
Pakistan,city,21_30,2013,0.06744453305583378
Pakistan,city,21_30,2014,0.06754514359725476
Pakistan,city,21_30,2015,0.06764995177506429
Pakistan,city,21_30,2016,0.06778018253036175
Pakistan,city,21_30,2017,0.06787288878044975
Pakistan,city,21_30,2018,0.0680080394953081
Pakistan,city,21_30,2019,0.06803403342548765
Pakistan,city,21_30,2020,0.06794247444406262
Pakistan,city,21_30,2025,0.06838246190474115
Pakistan,city,21_30,2030,0.06880436543652849
Pakistan,city,21_30,2035,0.06920712783630392
Pakistan,city,21_30,2040,0.06961183626010709
Pakistan,city,21_30,2045,0.07000879983508695
Pakistan,city,21_30,2050,0.07038311690275868
Pakistan,city,21_30,2055,0.07072751453981962
Pakistan,city,21_30,2060,0.07103654750864052
Pakistan,city,21_30,2065,0.0713139913916991
Pakistan,city,21_30,2070,0.07155893061411701
Pakistan,city,21_30,2075,0.07177302394485924
Pakistan,city,21_30,2080,0.0719553321428305
Pakistan,city,21_30,2085,0.07210769191975759
Pakistan,city,21_30,2090,0.07223273910400493
Pakistan,city,21_30,2095,0.07233479166919034
Pakistan,city,21_30,2100,0.07241792207319003
Pakistan,city,31_50,2011,0.128420945162782
Pakistan,city,31_50,2012,0.12852237103476116
Pakistan,city,31_50,2013,0.12869181335538166
Pakistan,city,31_50,2014,0.12888378967179287
Pakistan,city,31_50,2015,0.12908377555420109
Pakistan,city,31_50,2016,0.129332270595897
Pakistan,city,31_50,2017,0.1295091646285583
Pakistan,city,31_50,2018,0.12976704751073345
Pakistan,city,31_50,2019,0.1298166468757149
Pakistan,city,31_50,2020,0.12964194196169607
Pakistan,city,31_50,2025,0.13048148790564196
Pakistan,city,31_50,2030,0.13128652766359838
Pakistan,city,31_50,2035,0.1320550439721857
Pakistan,city,31_50,2040,0.13282727351518384
Pakistan,city,31_50,2045,0.13358472500881197
Pakistan,city,31_50,2050,0.13429896439970027
Pakistan,city,31_50,2055,0.134956114125861
Pakistan,city,31_50,2060,0.1355457840567246
Pakistan,city,31_50,2065,0.13607517843158976
Pakistan,city,31_50,2070,0.13654255022981576
Pakistan,city,31_50,2075,0.13695106457059564
Pakistan,city,31_50,2080,0.1372989292754643
Pakistan,city,31_50,2085,0.13758964899857273
Pakistan,city,31_50,2090,0.13782825319918976
Pakistan,city,31_50,2095,0.13802298106038505
Pakistan,city,31_50,2100,0.13818160329336618
Pakistan,city,51+,2011,0.0842931032354429
Pakistan,city,51+,2012,0.08435967727822578
Pakistan,city,51+,2013,0.08447089604403078
Pakistan,city,51+,2014,0.08459690570263825
Pakistan,city,51+,2015,0.08472817269035664
Pakistan,city,51+,2016,0.08489128018171344
Pakistan,city,51+,2017,0.08500739011174042
Pakistan,city,51+,2018,0.08517665960576487
Pakistan,city,51+,2019,0.08520921570000241
Pakistan,city,51+,2020,0.08509454266645276
Pakistan,city,51+,2025,0.08564560490037595
Pakistan,city,51+,2030,0.08617401792007487
Pakistan,city,51+,2035,0.08667845763164808
Pakistan,city,51+,2040,0.08718533464074414
Pakistan,city,51+,2045,0.08768251161500878
Pakistan,city,51+,2050,0.08815132497434555
Pakistan,city,51+,2055,0.08858266574697572
Pakistan,city,51+,2060,0.088969714045788
Pakistan,city,51+,2065,0.08931719859853138
Pakistan,city,51+,2070,0.08962397269357687
Pakistan,city,51+,2075,0.08989211385588392
Pakistan,city,51+,2080,0.09012044573307336
Pakistan,city,51+,2085,0.090311268714492
Pakistan,city,51+,2090,0.09046788404300811
Pakistan,city,51+,2095,0.09059569976407873
Pakistan,city,51+,2100,0.09069981642700445
Pakistan,town,No_travel,2011,0.0
Pakistan,town,No_travel,2012,0.0
Pakistan,town,No_travel,2013,0.0
Pakistan,town,No_travel,2014,0.0
Pakistan,town,No_travel,2015,0.0
Pakistan,town,No_travel,2016,0.0
Pakistan,town,No_travel,2017,0.0
Pakistan,town,No_travel,2018,0.0
Pakistan,town,No_travel,2019,0.0
Pakistan,town,No_travel,2020,0.0
Pakistan,town,No_travel,2025,0.0
Pakistan,town,No_travel,2030,0.0
Pakistan,town,No_travel,2035,0.0
Pakistan,town,No_travel,2040,0.0
Pakistan,town,No_travel,2045,0.0
Pakistan,town,No_travel,2050,0.0
Pakistan,town,No_travel,2055,0.0
Pakistan,town,No_travel,2060,0.0
Pakistan,town,No_travel,2065,0.0
Pakistan,town,No_travel,2070,0.0
Pakistan,town,No_travel,2075,0.0
Pakistan,town,No_travel,2080,0.0
Pakistan,town,No_travel,2085,0.0
Pakistan,town,No_travel,2090,0.0
Pakistan,town,No_travel,2095,0.0
Pakistan,town,No_travel,2100,0.0
Pakistan,town,00_01,2011,0.0142978983785273
Pakistan,town,00_01,2012,0.014309190748387011
Pakistan,town,00_01,2013,0.0143280558102987
Pakistan,town,00_01,2014,0.014349429721381915
Pakistan,town,00_01,2015,0.01437169538700358
Pakistan,town,00_01,2016,0.014399361877459887
Pakistan,town,00_01,2017,0.014419056584577586
Pakistan,town,00_01,2018,0.01444776828139798
Pakistan,town,00_01,2019,0.014453290485577721
Pakistan,town,00_01,2020,0.014433839506582788
Pakistan,town,00_01,2025,0.01452731135087912
Pakistan,town,00_01,2030,0.01461694140799593
Pakistan,town,00_01,2035,0.014702505083520155
Pakistan,town,00_01,2040,0.014788482176405495
Pakistan,town,00_01,2045,0.01487281393762117
Pakistan,town,00_01,2050,0.014952334628081106
Pakistan,town,00_01,2055,0.015025499172947316
Pakistan,town,00_01,2060,0.015091150774698678
Pakistan,town,00_01,2065,0.015150091525869694
Pakistan,town,00_01,2070,0.01520212691984343
Pakistan,town,00_01,2075,0.015247609348922565
Pakistan,town,00_01,2080,0.01528633927879019
Pakistan,town,00_01,2085,0.015318706904276587
Pakistan,town,00_01,2090,0.015345272186199934
Pakistan,town,00_01,2095,0.015366952443788048
Pakistan,town,00_01,2100,0.015384612838397857
Pakistan,town,02_05,2011,0.0305435787015927
Pakistan,town,02_05,2012,0.03056770178446868
Pakistan,town,02_05,2013,0.03060800186829607
Pakistan,town,02_05,2014,0.030653661427347868
Pakistan,town,02_05,2015,0.030701225977903077
Pakistan,town,02_05,2016,0.030760327924656185
Pakistan,town,02_05,2017,0.03080240032025788
Pakistan,town,02_05,2018,0.030863735066685157
Pakistan,town,02_05,2019,0.030875531756905272
Pakistan,town,02_05,2020,0.030833980020277534
Pakistan,town,02_05,2025,0.031033657242556273
Pakistan,town,02_05,2030,0.031225127529384365
Pakistan,town,02_05,2035,0.03140791109576476
Pakistan,town,02_05,2040,0.03159157781611447
Pakistan,town,02_05,2045,0.03177172973197948
Pakistan,town,02_05,2050,0.03194160410114661
Pakistan,town,02_05,2055,0.03209790029063719
Pakistan,town,02_05,2060,0.0322381471165616
Pakistan,town,02_05,2065,0.032364058031890706
Pakistan,town,02_05,2070,0.032475217526036514
Pakistan,town,02_05,2075,0.03257237838949631
Pakistan,town,02_05,2080,0.032655114371365895
Pakistan,town,02_05,2085,0.03272425901698124
Pakistan,town,02_05,2090,0.03278100853062824
Pakistan,town,02_05,2095,0.03282732251582958
Pakistan,town,02_05,2100,0.032865049154975096
Pakistan,town,06_10,2011,0.0419722902791875
Pakistan,town,06_10,2012,0.04200543967031785
Pakistan,town,06_10,2013,0.042060819127754855
Pakistan,town,06_10,2014,0.04212356345399328
Pakistan,town,06_10,2015,0.0421889255761731
Pakistan,town,06_10,2016,0.04227014212546557
Pakistan,town,06_10,2017,0.042327957053381764
Pakistan,town,06_10,2018,0.04241224186513867
Pakistan,town,06_10,2019,0.04242845260819173
Pakistan,town,06_10,2020,0.04237135315798052
Pakistan,town,06_10,2025,0.042645745049562894
Pakistan,town,06_10,2030,0.042908859157346504
Pakistan,town,06_10,2035,0.0431600361717146
Pakistan,town,06_10,2040,0.04341242679615516
Pakistan,town,06_10,2045,0.043659987456315906
Pakistan,town,06_10,2050,0.04389342494585621
Pakistan,town,06_10,2055,0.044108203610102495
Pakistan,town,06_10,2060,0.04430092760443023
Pakistan,town,06_10,2065,0.04447395151689127
Pakistan,town,06_10,2070,0.04462670436229809
Pakistan,town,06_10,2075,0.044760220608208674
Pakistan,town,06_10,2080,0.04487391451033752
Pakistan,town,06_10,2085,0.04496893150770291
Pakistan,town,06_10,2090,0.04504691539699322
Pakistan,town,06_10,2095,0.04511055902074302
Pakistan,town,06_10,2100,0.04516240210910356
Pakistan,town,11_20,2011,0.0757320066192673
Pakistan,town,11_20,2012,0.07579181917397444
Pakistan,town,11_20,2013,0.07589174218054123
Pakistan,town,11_20,2014,0.07600495386611766
Pakistan,town,11_20,2015,0.07612288892843247
Pakistan,town,11_20,2016,0.0762694306636511
Pakistan,town,11_20,2017,0.07637374807102909
Pakistan,town,11_20,2018,0.07652582597479417
Pakistan,town,11_20,2019,0.07655507556046202
Pakistan,town,11_20,2020,0.07645204911342784
Pakistan,town,11_20,2025,0.07694714357721254
Pakistan,town,11_20,2030,0.07742188915863656
Pakistan,town,11_20,2035,0.0778750962433156
Pakistan,town,11_20,2040,0.07833049308522325
Pakistan,town,11_20,2045,0.0787771750610996
Pakistan,town,11_20,2050,0.07919837412804255
Pakistan,town,11_20,2055,0.07958590645268299
Pakistan,town,11_20,2060,0.07993364479903091
Pakistan,town,11_20,2065,0.08024583762902972
Pakistan,town,11_20,2070,0.08052145469501569
Pakistan,town,11_20,2075,0.08076236252138927
Pakistan,town,11_20,2080,0.08096750423015282
Pakistan,town,11_20,2085,0.08113894657522272
Pakistan,town,11_20,2090,0.08127965551392122
Pakistan,town,11_20,2095,0.08139448983206382
Pakistan,town,11_20,2100,0.08148803204967377
Pakistan,town,21_30,2011,0.0536494958683143
Pakistan,town,21_30,2012,0.053691867826352685
Pakistan,town,21_30,2013,0.0537626545276071
Pakistan,town,21_30,2014,0.05384285509443101
Pakistan,town,21_30,2015,0.05392640176011222
Pakistan,town,21_30,2016,0.054030213748848664
Pakistan,town,21_30,2017,0.054104113498319915
Pakistan,town,21_30,2018,0.05421184737774455
Pakistan,town,21_30,2019,0.05423256814820197
Pakistan,town,21_30,2020,0.054159582931102485
Pakistan,town,21_30,2025,0.05451031401000782
Pakistan,town,21_30,2030,0.0548466296874354
Pakistan,town,21_30,2035,0.055167687225752264
Pakistan,town,21_30,2040,0.055490296015338364
Pakistan,town,21_30,2045,0.05580673108538353
Pakistan,town,21_30,2050,0.056105113745641
Pakistan,town,21_30,2055,0.056379646466715706
Pakistan,town,21_30,2060,0.05662598863838743
Pakistan,town,21_30,2065,0.05684714992396305
Pakistan,town,21_30,2070,0.057042400483177595
Pakistan,town,21_30,2075,0.057213062585142624
Pakistan,town,21_30,2080,0.05735838752433325
Pakistan,town,21_30,2085,0.057479839414941704
Pakistan,town,21_30,2090,0.05757951937804226
Pakistan,town,21_30,2095,0.05766086943796746
Pakistan,town,21_30,2100,0.0577271359089248
Pakistan,town,31_50,2011,0.0837659254033078
Pakistan,town,31_50,2012,0.08383208308510498
Pakistan,town,31_50,2013,0.0839426062771845
Pakistan,town,31_50,2014,0.084067827858285
Pakistan,town,31_50,2015,0.08419827388861352
Pakistan,town,31_50,2016,0.08436036128876001
Pakistan,town,31_50,2017,0.08447574505521192
Pakistan,town,31_50,2018,0.08464395592022068
Pakistan,town,31_50,2019,0.0846763084052598
Pakistan,town,31_50,2020,0.08456235254878527
Pakistan,town,31_50,2025,0.08510996838219999
Pakistan,town,31_50,2030,0.08563507665193118
Pakistan,town,31_50,2035,0.08613636154509835
Pakistan,town,31_50,2040,0.08664006849267622
Pakistan,town,31_50,2045,0.0871341360704491
Pakistan,town,31_50,2050,0.08760001742229102
Pakistan,town,31_50,2055,0.08802866054487986
Pakistan,town,31_50,2060,0.08841328820338744
Pakistan,town,31_50,2065,0.08875859955160775
Pakistan,town,31_50,2070,0.08906345504956553
Pakistan,town,31_50,2075,0.08932991922916313
Pakistan,town,31_50,2080,0.08955682309505149
Pakistan,town,31_50,2085,0.08974645264970323
Pakistan,town,31_50,2090,0.08990208848967049
Pakistan,town,31_50,2095,0.09002910483793171
Pakistan,town,31_50,2100,0.0901325703444218
Pakistan,town,51+,2011,0.068333385372376
Pakistan,town,51+,2012,0.06838735455308789
Pakistan,town,51+,2013,0.06847751560414288
Pakistan,town,51+,2014,0.06857966709971915
Pakistan,town,51+,2015,0.06868608052281235
Pakistan,town,51+,2016,0.06881830589637432
Pakistan,town,51+,2017,0.06891243203824779
Pakistan,town,51+,2018,0.06904965272562302
Pakistan,town,51+,2019,0.06907604477963887
Pakistan,town,51+,2020,0.0689830834780306
Pakistan,town,51+,2025,0.06942980980022634
Pakistan,town,51+,2030,0.06985817521951826
Pakistan,town,51+,2035,0.07026710634063006
Pakistan,town,51+,2040,0.07067801329113363
Pakistan,town,51+,2045,0.07108105677247047
Pakistan,town,51+,2050,0.07146110689189479
Pakistan,town,51+,2055,0.07181077933378636
Pakistan,town,51+,2060,0.07212454546108847
Pakistan,town,51+,2065,0.0724062386832165
Pakistan,town,51+,2070,0.07265492940231902
Pakistan,town,51+,2075,0.07287230179311764
Pakistan,town,51+,2080,0.0730574022290715
Pakistan,town,51+,2085,0.07321209555304088
Pakistan,town,51+,2090,0.07333905796381869
Pakistan,town,51+,2095,0.07344267356923982
Pakistan,town,51+,2100,0.07352707720107096
Pakistan,rural,No_travel,2011,0.0
Pakistan,rural,No_travel,2012,0.0
Pakistan,rural,No_travel,2013,0.0
Pakistan,rural,No_travel,2014,0.0
Pakistan,rural,No_travel,2015,0.0
Pakistan,rural,No_travel,2016,0.0
Pakistan,rural,No_travel,2017,0.0
Pakistan,rural,No_travel,2018,0.0
Pakistan,rural,No_travel,2019,0.0
Pakistan,rural,No_travel,2020,0.0
Pakistan,rural,No_travel,2025,0.0
Pakistan,rural,No_travel,2030,0.0
Pakistan,rural,No_travel,2035,0.0
Pakistan,rural,No_travel,2040,0.0
Pakistan,rural,No_travel,2045,0.0
Pakistan,rural,No_travel,2050,0.0
Pakistan,rural,No_travel,2055,0.0
Pakistan,rural,No_travel,2060,0.0
Pakistan,rural,No_travel,2065,0.0
Pakistan,rural,No_travel,2070,0.0
Pakistan,rural,No_travel,2075,0.0
Pakistan,rural,No_travel,2080,0.0
Pakistan,rural,No_travel,2085,0.0
Pakistan,rural,No_travel,2090,0.0
Pakistan,rural,No_travel,2095,0.0
Pakistan,rural,No_travel,2100,0.0
Pakistan,rural,00_01,2011,0.00800533451099545
Pakistan,rural,00_01,2012,0.008011657062447112
Pakistan,rural,00_01,2013,0.008022219533040728
Pakistan,rural,00_01,2014,0.008034186697969412
Pakistan,rural,00_01,2015,0.008046653152597396
Pakistan,rural,00_01,2016,0.008062143506842787
Pakistan,rural,00_01,2017,0.008073170492375851
Pakistan,rural,00_01,2018,0.00808924605336674
Pakistan,rural,00_01,2019,0.008092337912780375
Pakistan,rural,00_01,2020,0.008081447389621067
Pakistan,rural,00_01,2025,0.008133781890898232
Pakistan,rural,00_01,2030,0.008183965391330525
Pakistan,rural,00_01,2035,0.008231872141429572
Pakistan,rural,00_01,2040,0.00828001036220919
Pakistan,rural,00_01,2045,0.008327227368552357
Pakistan,rural,00_01,2050,0.008371750676161896
Pakistan,rural,00_01,2055,0.008412715203989172
Pakistan,rural,00_01,2060,0.008449473265858713
Pakistan,rural,00_01,2065,0.008482473950082482
Pakistan,rural,00_01,2070,0.008511608353205446
Pakistan,rural,00_01,2075,0.008537073778228883
Pakistan,rural,00_01,2080,0.008558758506709214
Pakistan,rural,00_01,2085,0.008576881007127484
Pakistan,rural,00_01,2090,0.0085917547992433
Pakistan,rural,00_01,2095,0.00860389348632042
Pakistan,rural,00_01,2100,0.008613781468645153
Pakistan,rural,02_05,2011,0.018205337195522
Pakistan,rural,02_05,2012,0.01821971563042131
Pakistan,rural,02_05,2013,0.01824373628046541
Pakistan,rural,02_05,2014,0.018270951417134824
Pakistan,rural,02_05,2015,0.018299302013830485
Pakistan,rural,02_05,2016,0.01833452941400072
Pakistan,rural,02_05,2017,0.01835960644102612
Pakistan,rural,02_05,2018,0.01839616468953458
Pakistan,rural,02_05,2019,0.018403196043828274
Pakistan,rural,02_05,2020,0.018378429352807615
Pakistan,rural,02_05,2025,0.018497445896263936
Pakistan,rural,02_05,2030,0.01861157073961266
Pakistan,rural,02_05,2035,0.018720517909565006
Pakistan,rural,02_05,2040,0.01882999147873088
Pakistan,rural,02_05,2045,0.018937370067428173
Pakistan,rural,02_05,2050,0.019038622779226577
Pakistan,rural,02_05,2055,0.01913178228944149
Pakistan,rural,02_05,2060,0.019215375662094403
Pakistan,rural,02_05,2065,0.019290424191690695
Pakistan,rural,02_05,2070,0.019356680215360328
Pakistan,rural,02_05,2075,0.019414592429864565
Pakistan,rural,02_05,2080,0.019463906770625157
Pakistan,rural,02_05,2085,0.019505120067894302
Pakistan,rural,02_05,2090,0.01953894531285722
Pakistan,rural,02_05,2095,0.019566550516743
Pakistan,rural,02_05,2100,0.019589037278808705
Pakistan,rural,06_10,2011,0.0247885032228387
Pakistan,rural,06_10,2012,0.02480808099149044
Pakistan,rural,06_10,2013,0.02484078766177279
Pakistan,rural,06_10,2014,0.024877843965415748
Pakistan,rural,06_10,2015,0.0249164463186714
Pakistan,rural,06_10,2016,0.02496441217139216
Pakistan,rural,06_10,2017,0.02499855721130887
Pakistan,rural,06_10,2018,0.025048335155613916
Pakistan,rural,06_10,2019,0.025057909092459925
Pakistan,rural,06_10,2020,0.02502418660802631
Pakistan,rural,06_10,2025,0.025186240292577884
Pakistan,rural,06_10,2030,0.02534163340706805
Pakistan,rural,06_10,2035,0.025489976568443116
Pakistan,rural,06_10,2040,0.02563903647834423
Pakistan,rural,06_10,2045,0.02578524384947941
Pakistan,rural,06_10,2050,0.025923110187563676
Pakistan,rural,06_10,2055,0.026049956770760635
Pakistan,rural,06_10,2060,0.026163778040048873
Pakistan,rural,06_10,2065,0.02626596459653982
Pakistan,rural,06_10,2070,0.026356179220890265
Pakistan,rural,06_10,2075,0.026435032861471728
Pakistan,rural,06_10,2080,0.026502179582334265
Pakistan,rural,06_10,2085,0.02655829587071761
Pakistan,rural,06_10,2090,0.02660435253996639
Pakistan,rural,06_10,2095,0.026641939961618656
Pakistan,rural,06_10,2100,0.026672558080247846
Pakistan,rural,11_20,2011,0.0423833067134091
Pakistan,rural,11_20,2012,0.04241678072214902
Pakistan,rural,11_20,2013,0.04247270248659319
Pakistan,rural,11_20,2014,0.042536061240804605
Pakistan,rural,11_20,2015,0.04260206342589767
Pakistan,rural,11_20,2016,0.04268407529363162
Pakistan,rural,11_20,2017,0.042742456378061046
Pakistan,rural,11_20,2018,0.042827566554422956
Pakistan,rural,11_20,2019,0.04284393604225171
Pakistan,rural,11_20,2020,0.042786277441890105
Pakistan,rural,11_20,2025,0.043063356334255794
Pakistan,rural,11_20,2030,0.04332904700437744
Pakistan,rural,11_20,2035,0.04358268368630519
Pakistan,rural,11_20,2040,0.04383754586266247
Pakistan,rural,11_20,2045,0.044087530776994614
Pakistan,rural,11_20,2050,0.04432325421862204
Pakistan,rural,11_20,2055,0.04454013611717214
Pakistan,rural,11_20,2060,0.04473474737398688
Pakistan,rural,11_20,2065,0.04490946563457765
Pakistan,rural,11_20,2070,0.045063714322346626
Pakistan,rural,11_20,2075,0.04519853803494391
Pakistan,rural,11_20,2080,0.045313345292144286
Pakistan,rural,11_20,2085,0.04540929274975351
Pakistan,rural,11_20,2090,0.045488040301447985
Pakistan,rural,11_20,2095,0.045552307159601256
Pakistan,rural,11_20,2100,0.0456046579248404
Pakistan,rural,21_30,2011,0.0366772116814261
Pakistan,rural,21_30,2012,0.03670617906032086
Pakistan,rural,21_30,2013,0.0367545720374424
Pakistan,rural,21_30,2014,0.03680940075705593
Pakistan,rural,21_30,2015,0.0368665170205524
Pakistan,rural,21_30,2016,0.036937487571614094
Pakistan,rural,21_30,2017,0.03698800876870445
Pakistan,rural,21_30,2018,0.03706166050087762
Pakistan,rural,21_30,2019,0.037075826152799765
Pakistan,rural,21_30,2020,0.037025930171228134
Pakistan,rural,21_30,2025,0.03726570573325468
Pakistan,rural,21_30,2030,0.03749562627757947
Pakistan,rural,21_30,2035,0.037715115670800776
Pakistan,rural,21_30,2040,0.037935665569256136
Pakistan,rural,21_30,2045,0.038151994834976756
Pakistan,rural,21_30,2050,0.03835598266030865
Pakistan,rural,21_30,2055,0.03854366559304394
Pakistan,rural,21_30,2060,0.03871207619654044
Pakistan,rural,21_30,2065,0.0388632720121862
Pakistan,rural,21_30,2070,0.03899675408830498
Pakistan,rural,21_30,2075,0.039113426387614794
Pakistan,rural,21_30,2080,0.03921277706129807
Pakistan,rural,21_30,2085,0.03929580704375847
Pakistan,rural,21_30,2090,0.03936395275599423
Pakistan,rural,21_30,2095,0.039419567320863526
Pakistan,rural,21_30,2100,0.03946487006496851
Pakistan,rural,31_50,2011,0.0541066561101835
Pakistan,rural,31_50,2012,0.054149389129854834
Pakistan,rural,31_50,2013,0.054220779021594875
Pakistan,rural,31_50,2014,0.05430166299671431
Pakistan,rural,31_50,2015,0.05438592158360321
Pakistan,rural,31_50,2016,0.05449061817923318
Pakistan,rural,31_50,2017,0.05456514764622173
Pakistan,rural,31_50,2018,0.054673799551912566
Pakistan,rural,31_50,2019,0.05469469688903256
Pakistan,rural,31_50,2020,0.0546210897473658
Pakistan,rural,31_50,2025,0.05497480949004641
Pakistan,rural,31_50,2030,0.05531399099415043
Pakistan,rural,31_50,2035,0.0556377843408751
Pakistan,rural,31_50,2040,0.0559631421574537
Pakistan,rural,31_50,2045,0.05628227364674414
Pakistan,rural,31_50,2050,0.05658319889732654
Pakistan,rural,31_50,2055,0.05686007097766523
Pakistan,rural,31_50,2060,0.0571085122901576
Pakistan,rural,31_50,2065,0.05733155814417453
Pakistan,rural,31_50,2070,0.05752847248030684
Pakistan,rural,31_50,2075,0.057700588835038834
Pakistan,rural,31_50,2080,0.057847152122945965
Pakistan,rural,31_50,2085,0.057969638934289226
Pakistan,rural,31_50,2090,0.05807016829430029
Pakistan,rural,31_50,2095,0.058152211557627856
Pakistan,rural,31_50,2100,0.058219042701102626
Pakistan,rural,51+,2011,0.0357459136063553
Pakistan,rural,51+,2012,0.035774145453213474
Pakistan,rural,51+,2013,0.03582130964863722
Pakistan,rural,51+,2014,0.035874746171878844
Pakistan,rural,51+,2015,0.03593041215429311
Pakistan,rural,51+,2016,0.03599958063986071
Pakistan,rural,51+,2017,0.036048819016053744
Pakistan,rural,51+,2018,0.03612060060288996
Pakistan,rural,51+,2019,0.03613440656431868
Pakistan,rural,51+,2020,0.036085777528337
Pakistan,rural,51+,2025,0.036319464772600896
Pakistan,rural,51+,2030,0.03654354723517049
Pakistan,rural,51+,2035,0.036757463411671264
Pakistan,rural,51+,2040,0.0369724131653372
Pakistan,rural,51+,2045,0.0371832494554604
Pakistan,rural,51+,2050,0.03738205767579071
Pakistan,rural,51+,2055,0.03756497501305221
Pakistan,rural,51+,2060,0.03772910937897046
Pakistan,rural,51+,2065,0.03787646607038582
Pakistan,rural,51+,2070,0.03800655880487128
Pakistan,rural,51+,2075,0.0381202685919622
Pakistan,rural,51+,2080,0.03821709657957102
Pakistan,rural,51+,2085,0.03829801828663933
Pakistan,rural,51+,2090,0.03836443366094263
Pakistan,rural,51+,2095,0.038418636075464765
Pakistan,rural,51+,2100,0.03846278850425279
Sri Lanka,large_city,No_travel,2011,0.0
Sri Lanka,large_city,No_travel,2012,0.0
Sri Lanka,large_city,No_travel,2013,0.0
Sri Lanka,large_city,No_travel,2014,0.0
Sri Lanka,large_city,No_travel,2015,0.0
Sri Lanka,large_city,No_travel,2016,0.0
Sri Lanka,large_city,No_travel,2017,0.0
Sri Lanka,large_city,No_travel,2018,0.0
Sri Lanka,large_city,No_travel,2019,0.0
Sri Lanka,large_city,No_travel,2020,0.0
Sri Lanka,large_city,No_travel,2025,0.0
Sri Lanka,large_city,No_travel,2030,0.0
Sri Lanka,large_city,No_travel,2035,0.0
Sri Lanka,large_city,No_travel,2040,0.0
Sri Lanka,large_city,No_travel,2045,0.0
Sri Lanka,large_city,No_travel,2050,0.0
Sri Lanka,large_city,No_travel,2055,0.0
Sri Lanka,large_city,No_travel,2060,0.0
Sri Lanka,large_city,No_travel,2065,0.0
Sri Lanka,large_city,No_travel,2070,0.0
Sri Lanka,large_city,No_travel,2075,0.0
Sri Lanka,large_city,No_travel,2080,0.0
Sri Lanka,large_city,No_travel,2085,0.0
Sri Lanka,large_city,No_travel,2090,0.0
Sri Lanka,large_city,No_travel,2095,0.0
Sri Lanka,large_city,No_travel,2100,0.0
Sri Lanka,large_city,00_01,2011,0.0263657402468568
Sri Lanka,large_city,00_01,2012,0.026450996153764714
Sri Lanka,large_city,00_01,2013,0.026489569348867873
Sri Lanka,large_city,00_01,2014,0.026552124344485756
Sri Lanka,large_city,00_01,2015,0.026591931843958503
Sri Lanka,large_city,00_01,2016,0.02664055379917212
Sri Lanka,large_city,00_01,2017,0.0267031173237647
Sri Lanka,large_city,00_01,2018,0.02672369900198838
Sri Lanka,large_city,00_01,2019,0.02671798898241782
Sri Lanka,large_city,00_01,2020,0.026664528076013893
Sri Lanka,large_city,00_01,2025,0.026611651808655577
Sri Lanka,large_city,00_01,2030,0.026734130476879583
Sri Lanka,large_city,00_01,2035,0.02686231644888132
Sri Lanka,large_city,00_01,2040,0.026990765653760775
Sri Lanka,large_city,00_01,2045,0.02711803495851729
Sri Lanka,large_city,00_01,2050,0.027242358710671676
Sri Lanka,large_city,00_01,2055,0.027361296289292084
Sri Lanka,large_city,00_01,2060,0.027471416186674875
Sri Lanka,large_city,00_01,2065,0.027571118075184656
Sri Lanka,large_city,00_01,2070,0.02766046951725282
Sri Lanka,large_city,00_01,2075,0.02774309261373567
Sri Lanka,large_city,00_01,2080,0.027817130300935407
Sri Lanka,large_city,00_01,2085,0.027883399536839458
Sri Lanka,large_city,00_01,2090,0.027941238436350418
Sri Lanka,large_city,00_01,2095,0.027991594064350936
Sri Lanka,large_city,00_01,2100,0.02803687013896338
Sri Lanka,large_city,02_05,2011,0.0607545651824544
Sri Lanka,large_city,02_05,2012,0.06095102033618534
Sri Lanka,large_city,02_05,2013,0.06103990453493146
Sri Lanka,large_city,02_05,2014,0.06118404998744566
Sri Lanka,large_city,02_05,2015,0.06127577839327927
Sri Lanka,large_city,02_05,2016,0.061387817946110576
Sri Lanka,large_city,02_05,2017,0.06153198305193791
Sri Lanka,large_city,02_05,2018,0.06157940940520913
Sri Lanka,large_city,02_05,2019,0.0615662518092932
Sri Lanka,large_city,02_05,2020,0.06144306186308193
Sri Lanka,large_city,02_05,2025,0.06132121910040021
Sri Lanka,large_city,02_05,2030,0.06160344664881743
Sri Lanka,large_city,02_05,2035,0.06189882553515021
Sri Lanka,large_city,02_05,2040,0.06219481098890259
Sri Lanka,large_city,02_05,2045,0.06248807759925224
Sri Lanka,large_city,02_05,2050,0.06277455677386565
Sri Lanka,large_city,02_05,2055,0.06304862459086155
Sri Lanka,large_city,02_05,2060,0.06330237382834884
Sri Lanka,large_city,02_05,2065,0.06353211685196841
Sri Lanka,large_city,02_05,2070,0.06373800934580515
Sri Lanka,large_city,02_05,2075,0.06392839771547901
Sri Lanka,large_city,02_05,2080,0.06409900272982033
Sri Lanka,large_city,02_05,2085,0.06425170690480757
Sri Lanka,large_city,02_05,2090,0.06438498505886352
Sri Lanka,large_city,02_05,2095,0.06450101951323564
Sri Lanka,large_city,02_05,2100,0.06460534915467536
Sri Lanka,large_city,06_10,2011,0.0853273830804756
Sri Lanka,large_city,06_10,2012,0.08560329657125924
Sri Lanka,large_city,06_10,2013,0.08572813091174765
Sri Lanka,large_city,06_10,2014,0.08593057749677463
Sri Lanka,large_city,06_10,2015,0.08605940641358806
Sri Lanka,large_city,06_10,2016,0.08621676153276128
Sri Lanka,large_city,06_10,2017,0.08641923572008899
Sri Lanka,large_city,06_10,2018,0.08648584415686293
Sri Lanka,large_city,06_10,2019,0.08646736483397147
Sri Lanka,large_city,06_10,2020,0.08629434942845479
Sri Lanka,large_city,06_10,2025,0.08612322608890484
Sri Lanka,large_city,06_10,2030,0.08651960351449152
Sri Lanka,large_city,06_10,2035,0.08693445147385573
Sri Lanka,large_city,06_10,2040,0.08735015133316229
Sri Lanka,large_city,06_10,2045,0.08776203268447916
Sri Lanka,large_city,06_10,2050,0.08816438135084531
Sri Lanka,large_city,06_10,2055,0.08854929875648568
Sri Lanka,large_city,06_10,2060,0.08890567952109873
Sri Lanka,large_city,06_10,2065,0.08922834450812617
Sri Lanka,large_city,06_10,2070,0.08951751236970563
Sri Lanka,large_city,06_10,2075,0.08978490530230983
Sri Lanka,large_city,06_10,2080,0.09002451329506617
Sri Lanka,large_city,06_10,2085,0.09023898026718577
Sri Lanka,large_city,06_10,2090,0.09042616416148637
Sri Lanka,large_city,06_10,2095,0.09058912996181775
Sri Lanka,large_city,06_10,2100,0.09073565681547954
Sri Lanka,large_city,11_20,2011,0.150513087141122
Sri Lanka,large_city,11_20,2012,0.15099978425736382
Sri Lanka,large_city,11_20,2013,0.15121998557246116
Sri Lanka,large_city,11_20,2014,0.1515770908696534
Sri Lanka,large_city,11_20,2015,0.15180433841062566
Sri Lanka,large_city,11_20,2016,0.15208190469602179
Sri Lanka,large_city,11_20,2017,0.15243905868224378
Sri Lanka,large_city,11_20,2018,0.15255655251700764
Sri Lanka,large_city,11_20,2019,0.15252395594793147
Sri Lanka,large_city,11_20,2020,0.1522187657280143
Sri Lanka,large_city,11_20,2025,0.1519169130145276
Sri Lanka,large_city,11_20,2030,0.15261610227645342
Sri Lanka,large_city,11_20,2035,0.15334787260391342
Sri Lanka,large_city,11_20,2040,0.15408114563877667
Sri Lanka,large_city,11_20,2045,0.1548076830231951
Sri Lanka,large_city,11_20,2050,0.1555174052447798
Sri Lanka,large_city,11_20,2055,0.15619637962470004
Sri Lanka,large_city,11_20,2060,0.15682501684692723
Sri Lanka,large_city,11_20,2065,0.15739418118264867
Sri Lanka,large_city,11_20,2070,0.15790425832291763
Sri Lanka,large_city,11_20,2075,0.15837592561556174
Sri Lanka,large_city,11_20,2080,0.1587985817124847
Sri Lanka,large_city,11_20,2085,0.15917689035032356
Sri Lanka,large_city,11_20,2090,0.15950707305108341
Sri Lanka,large_city,11_20,2095,0.15979453628762924
Sri Lanka,large_city,11_20,2100,0.1600530020731428
Sri Lanka,large_city,21_30,2011,0.157092054088329
Sri Lanka,large_city,21_30,2012,0.1576000248645686
Sri Lanka,large_city,21_30,2013,0.15782985123753482
Sri Lanka,large_city,21_30,2014,0.15820256570195315
Sri Lanka,large_city,21_30,2015,0.15843974629319557
Sri Lanka,large_city,21_30,2016,0.15872944507452255
Sri Lanka,large_city,21_30,2017,0.15910221035618105
Sri Lanka,large_city,21_30,2018,0.1592248398776157
Sri Lanka,large_city,21_30,2019,0.1591908185038623
Sri Lanka,large_city,21_30,2020,0.15887228833851189
Sri Lanka,large_city,21_30,2025,0.15855724156288298
Sri Lanka,large_city,21_30,2030,0.15928699257283635
Sri Lanka,large_city,21_30,2035,0.16005074877533718
Sri Lanka,large_city,21_30,2040,0.1608160733689803
Sri Lanka,large_city,21_30,2045,0.1615743678951117
Sri Lanka,large_city,21_30,2050,0.16231511226318343
Sri Lanka,large_city,21_30,2055,0.1630237647932788
Sri Lanka,large_city,21_30,2060,0.16367987991517152
Sri Lanka,large_city,21_30,2065,0.16427392257492024
Sri Lanka,large_city,21_30,2070,0.16480629532223637
Sri Lanka,large_city,21_30,2075,0.16529857931730368
Sri Lanka,large_city,21_30,2080,0.16573970982428962
Sri Lanka,large_city,21_30,2085,0.16613455443299627
Sri Lanka,large_city,21_30,2090,0.16647916950715366
Sri Lanka,large_city,21_30,2095,0.16677919783798925
Sri Lanka,large_city,21_30,2100,0.16704896123151936
Sri Lanka,large_city,31_50,2011,0.147596045325267
Sri Lanka,large_city,31_50,2012,0.14807330993389967
Sri Lanka,large_city,31_50,2013,0.14828924360386234
Sri Lanka,large_city,31_50,2014,0.1486394279674377
Sri Lanka,large_city,31_50,2015,0.14886227130282123
Sri Lanka,large_city,31_50,2016,0.1491344581725363
Sri Lanka,large_city,31_50,2017,0.14948469028151626
Sri Lanka,large_city,31_50,2018,0.1495999070091154
Sri Lanka,large_city,31_50,2019,0.14956794218281227
Sri Lanka,large_city,31_50,2020,0.1492686667484476
Sri Lanka,large_city,31_50,2025,0.14897266413746157
Sri Lanka,large_city,31_50,2030,0.1496583026553759
Sri Lanka,large_city,31_50,2035,0.15037589079652008
Sri Lanka,large_city,31_50,2040,0.15109495252161775
Sri Lanka,large_city,31_50,2045,0.15180740913757024
Sri Lanka,large_city,31_50,2050,0.15250337647951406
Sri Lanka,large_city,31_50,2055,0.1531691918930232
Sri Lanka,large_city,31_50,2060,0.15378564571579276
Sri Lanka,large_city,31_50,2065,0.15434377927539414
Sri Lanka,large_city,31_50,2070,0.15484397078793638
Sri Lanka,large_city,31_50,2075,0.15530649686075737
Sri Lanka,large_city,31_50,2080,0.15572096160680268
Sri Lanka,large_city,31_50,2085,0.15609193837645097
Sri Lanka,large_city,31_50,2090,0.15641572192107575
Sri Lanka,large_city,31_50,2095,0.15669761393257098
Sri Lanka,large_city,31_50,2100,0.15695107048255139
Sri Lanka,large_city,51+,2011,0.0999074306415119
Sri Lanka,large_city,51+,2012,0.10023048998012452
Sri Lanka,large_city,51+,2013,0.10037665499496227
Sri Lanka,large_city,51+,2014,0.10061369400192582
Sri Lanka,large_city,51+,2015,0.10076453615372391
Sri Lanka,large_city,51+,2016,0.10094877883277172
Sri Lanka,large_city,51+,2017,0.1011858501584921
Sri Lanka,large_city,51+,2018,0.10126384010189463
Sri Lanka,large_city,51+,2019,0.10124220318296627
Sri Lanka,large_city,51+,2020,0.10103962431552031
Sri Lanka,large_city,51+,2025,0.10083926081484777
Sri Lanka,large_city,51+,2030,0.10130336798332044
Sri Lanka,large_city,51+,2035,0.10178910177979542
Sri Lanka,large_city,51+,2040,0.10227583304192947
Sri Lanka,large_city,51+,2045,0.1027580933205602
Sri Lanka,large_city,51+,2050,0.10322919204675424
Sri Lanka,large_city,51+,2055,0.10367988100050377
Sri Lanka,large_city,51+,2060,0.10409715720466167
Sri Lanka,large_city,51+,2065,0.10447495655403916
Sri Lanka,large_city,51+,2070,0.10481353506226855
Sri Lanka,large_city,51+,2075,0.10512661791918669
Sri Lanka,large_city,51+,2080,0.1054071681722617
Sri Lanka,large_city,51+,2085,0.10565828151206406
Sri Lanka,large_city,51+,2090,0.10587744986414405
Sri Lanka,large_city,51+,2095,0.10606826193180338
Sri Lanka,large_city,51+,2100,0.10623982609961019
Sri Lanka,city,No_travel,2011,0.0
Sri Lanka,city,No_travel,2012,0.0
Sri Lanka,city,No_travel,2013,0.0
Sri Lanka,city,No_travel,2014,0.0
Sri Lanka,city,No_travel,2015,0.0
Sri Lanka,city,No_travel,2016,0.0
Sri Lanka,city,No_travel,2017,0.0
Sri Lanka,city,No_travel,2018,0.0
Sri Lanka,city,No_travel,2019,0.0
Sri Lanka,city,No_travel,2020,0.0
Sri Lanka,city,No_travel,2025,0.0
Sri Lanka,city,No_travel,2030,0.0
Sri Lanka,city,No_travel,2035,0.0
Sri Lanka,city,No_travel,2040,0.0
Sri Lanka,city,No_travel,2045,0.0
Sri Lanka,city,No_travel,2050,0.0
Sri Lanka,city,No_travel,2055,0.0
Sri Lanka,city,No_travel,2060,0.0
Sri Lanka,city,No_travel,2065,0.0
Sri Lanka,city,No_travel,2070,0.0
Sri Lanka,city,No_travel,2075,0.0
Sri Lanka,city,No_travel,2080,0.0
Sri Lanka,city,No_travel,2085,0.0
Sri Lanka,city,No_travel,2090,0.0
Sri Lanka,city,No_travel,2095,0.0
Sri Lanka,city,No_travel,2100,0.0
Sri Lanka,city,00_01,2011,0.0203337654203297
Sri Lanka,city,00_01,2012,0.020399516413684406
Sri Lanka,city,00_01,2013,0.02042926480282109
Sri Lanka,city,00_01,2014,0.02047750841725613
Sri Lanka,city,00_01,2015,0.020508208725636252
Sri Lanka,city,00_01,2016,0.02054570691162818
Sri Lanka,city,00_01,2017,0.020593957103772365
Sri Lanka,city,00_01,2018,0.020609830089436287
Sri Lanka,city,00_01,2019,0.020605426412641847
Sri Lanka,city,00_01,2020,0.020564196334525407
Sri Lanka,city,00_01,2025,0.020523417141273103
Sri Lanka,city,00_01,2030,0.020617875043283204
Sri Lanka,city,00_01,2035,0.020716734527616135
Sri Lanka,city,00_01,2040,0.020815797022201626
Sri Lanka,city,00_01,2045,0.02091394955514391
Sri Lanka,city,00_01,2050,0.021009830421329107
Sri Lanka,city,00_01,2055,0.02110155736700505
Sri Lanka,city,00_01,2060,0.02118648394750413
Sri Lanka,city,00_01,2065,0.021263375959408228
Sri Lanka,city,00_01,2070,0.021332285508162463
Sri Lanka,city,00_01,2075,0.021396006027535473
Sri Lanka,city,00_01,2080,0.021453105314325368
Sri Lanka,city,00_01,2085,0.021504213422227556
Sri Lanka,city,00_01,2090,0.0215488198927387
Sri Lanka,city,00_01,2095,0.021587655120491427
Sri Lanka,city,00_01,2100,0.021622572899082246
Sri Lanka,city,02_05,2011,0.0396703669770022
Sri Lanka,city,02_05,2012,0.039798644547907776
Sri Lanka,city,02_05,2013,0.039856682471019006
Sri Lanka,city,02_05,2014,0.039950803842509874
Sri Lanka,city,02_05,2015,0.040010698922175195
Sri Lanka,city,02_05,2016,0.040083856390480815
Sri Lanka,city,02_05,2017,0.04017799059482041
Sri Lanka,city,02_05,2018,0.04020895815804797
Sri Lanka,city,02_05,2019,0.040200366759904425
Sri Lanka,city,02_05,2020,0.04011992851860681
Sri Lanka,city,02_05,2025,0.04004036993573226
Sri Lanka,city,02_05,2030,0.04022465354278479
Sri Lanka,city,02_05,2035,0.04041752446175013
Sri Lanka,city,02_05,2040,0.04061079144563766
Sri Lanka,city,02_05,2045,0.04080228313057909
Sri Lanka,city,02_05,2050,0.040989342884098064
Sri Lanka,city,02_05,2055,0.04116829850404468
Sri Lanka,city,02_05,2060,0.041333986882210585
Sri Lanka,city,02_05,2065,0.041484000136852835
Sri Lanka,city,02_05,2070,0.041618439923620854
Sri Lanka,city,02_05,2075,0.04174275612060841
Sri Lanka,city,02_05,2080,0.041854154556375534
Sri Lanka,city,02_05,2085,0.04195386444060351
Sri Lanka,city,02_05,2090,0.04204088988907046
Sri Lanka,city,02_05,2095,0.04211665587263226
Sri Lanka,city,02_05,2100,0.042184779068807944
Sri Lanka,city,06_10,2011,0.0505698242635587
Sri Lanka,city,06_10,2012,0.050733346174546105
Sri Lanka,city,06_10,2013,0.05080733005208519
Sri Lanka,city,06_10,2014,0.050927311327239454
Sri Lanka,city,06_10,2015,0.05100366261621752
Sri Lanka,city,06_10,2016,0.05109692014312486
Sri Lanka,city,06_10,2017,0.0512169177769608
Sri Lanka,city,06_10,2018,0.05125639369688854
Sri Lanka,city,06_10,2019,0.051245441806916134
Sri Lanka,city,06_10,2020,0.05114290311023988
Sri Lanka,city,06_10,2025,0.05104148575866972
Sri Lanka,city,06_10,2030,0.051276401398061305
Sri Lanka,city,06_10,2035,0.0515222637185002
Sri Lanka,city,06_10,2040,0.05176863092293787
Sri Lanka,city,06_10,2045,0.05201273506397178
Sri Lanka,city,06_10,2050,0.05225118959774817
Sri Lanka,city,06_10,2055,0.05247931338235855
Sri Lanka,city,06_10,2060,0.052690524742495984
Sri Lanka,city,06_10,2065,0.05288175422945437
Sri Lanka,city,06_10,2070,0.05305313142883421
Sri Lanka,city,06_10,2075,0.053211603576027076
Sri Lanka,city,06_10,2080,0.05335360879930229
Sri Lanka,city,06_10,2085,0.05348071403444347
Sri Lanka,city,06_10,2090,0.05359164977743728
Sri Lanka,city,06_10,2095,0.053688232510742895
Sri Lanka,city,06_10,2100,0.053775072596212066
Sri Lanka,city,11_20,2011,0.0832808161760771
Sri Lanka,city,11_20,2012,0.083550111915345
Sri Lanka,city,11_20,2013,0.08367195211936101
Sri Lanka,city,11_20,2014,0.08386954304767069
Sri Lanka,city,11_20,2015,0.08399528201858444
Sri Lanka,city,11_20,2016,0.08414886299436415
Sri Lanka,city,11_20,2017,0.08434648086293674
Sri Lanka,city,11_20,2018,0.08441149170445657
Sri Lanka,city,11_20,2019,0.08439345560587692
Sri Lanka,city,11_20,2020,0.08422458995381685
Sri Lanka,city,11_20,2025,0.08405757098675144
Sri Lanka,city,11_20,2030,0.08444444134799875
Sri Lanka,city,11_20,2035,0.0848493392295176
Sri Lanka,city,11_20,2040,0.08525506857826229
Sri Lanka,city,11_20,2045,0.08565707100546696
Sri Lanka,city,11_20,2050,0.08604976938800997
Sri Lanka,city,11_20,2055,0.08642545459649544
Sri Lanka,city,11_20,2060,0.08677328761181759
Sri Lanka,city,11_20,2065,0.08708821351837848
Sri Lanka,city,11_20,2070,0.08737044572397086
Sri Lanka,city,11_20,2075,0.08763142526961085
Sri Lanka,city,11_20,2080,0.08786528629380562
Sri Lanka,city,11_20,2085,0.0880746093016856
Sri Lanka,city,11_20,2090,0.0882573036130495
Sri Lanka,city,11_20,2095,0.08841636069848226
Sri Lanka,city,11_20,2100,0.08855937312338175
Sri Lanka,city,21_30,2011,0.0673025770269828
Sri Lanka,city,21_30,2012,0.06752020574470328
Sri Lanka,city,21_30,2013,0.06761866971386557
Sri Lanka,city,21_30,2014,0.06777835088995153
Sri Lanka,city,21_30,2015,0.06787996560944856
Sri Lanka,city,21_30,2016,0.0680040805728567
Sri Lanka,city,21_30,2017,0.06816378352045263
Sri Lanka,city,21_30,2018,0.06821632139615892
Sri Lanka,city,21_30,2019,0.068201745699502
Sri Lanka,city,21_30,2020,0.0680652785744566
Sri Lanka,city,21_30,2025,0.06793030382982729
Sri Lanka,city,21_30,2030,0.06824294932830864
Sri Lanka,city,21_30,2035,0.06857016359097112
Sri Lanka,city,21_30,2040,0.06889804979573963
Sri Lanka,city,21_30,2045,0.0692229241253184
Sri Lanka,city,21_30,2050,0.06954027948220627
Sri Lanka,city,21_30,2055,0.06984388580888459
Sri Lanka,city,21_30,2060,0.07012498365807895
Sri Lanka,city,21_30,2065,0.07037948794919079
Sri Lanka,city,21_30,2070,0.07060757114564045
Sri Lanka,city,21_30,2075,0.07081847921282085
Sri Lanka,city,21_30,2080,0.07100747171214027
Sri Lanka,city,21_30,2085,0.07117663405358006
Sri Lanka,city,21_30,2090,0.07132427667438439
Sri Lanka,city,21_30,2095,0.07145281710224706
Sri Lanka,city,21_30,2100,0.07156839119463185
Sri Lanka,city,31_50,2011,0.128420945162782
Sri Lanka,city,31_50,2012,0.12883620542262353
Sri Lanka,city,31_50,2013,0.12902408583586877
Sri Lanka,city,31_50,2014,0.1293287756183929
Sri Lanka,city,31_50,2015,0.12952266802038856
Sri Lanka,city,31_50,2016,0.1297594934379848
Sri Lanka,city,31_50,2017,0.13006422476301754
Sri Lanka,city,31_50,2018,0.1301644729846026
Sri Lanka,city,31_50,2019,0.1301366609033455
Sri Lanka,city,31_50,2020,0.1298762661613291
Sri Lanka,city,31_50,2025,0.1296187190502957
Sri Lanka,city,31_50,2030,0.13021528209720204
Sri Lanka,city,31_50,2035,0.13083964399741593
Sri Lanka,city,31_50,2040,0.13146528803932725
Sri Lanka,city,31_50,2045,0.1320851850820052
Sri Lanka,city,31_50,2050,0.13269073507257498
Sri Lanka,city,31_50,2055,0.1332700503551651
Sri Lanka,city,31_50,2060,0.13380641691156447
Sri Lanka,city,31_50,2065,0.1342920399449806
Sri Lanka,city,31_50,2070,0.13472724853516685
Sri Lanka,city,31_50,2075,0.13512968503204723
Sri Lanka,city,31_50,2080,0.13549030414149896
Sri Lanka,city,31_50,2085,0.13581308506213052
Sri Lanka,city,31_50,2090,0.13609480391670575
Sri Lanka,city,31_50,2095,0.13634007362207134
Sri Lanka,city,31_50,2100,0.1365606020897173
Sri Lanka,city,51+,2011,0.0842931032354429
Sri Lanka,city,51+,2012,0.08456567229267908
Sri Lanka,city,51+,2013,0.08468899347715973
Sri Lanka,city,51+,2014,0.08488898614393645
Sri Lanka,city,51+,2015,0.08501625348523557
Sri Lanka,city,51+,2016,0.08517170125389131
Sri Lanka,city,51+,2017,0.08537172118839265
Sri Lanka,city,51+,2018,0.08543752224351281
Sri Lanka,city,51+,2019,0.08541926691426238
Sri Lanka,city,51+,2020,0.08524834868248227
Sri Lanka,city,51+,2025,0.0850792995823467
Sri Lanka,city,51+,2030,0.08547087239342968
Sri Lanka,city,51+,2035,0.08588069185118477
Sri Lanka,city,51+,2040,0.08629135288273707
Sri Lanka,city,51+,2045,0.08669824169162696
Sri Lanka,city,51+,2050,0.08709571336421604
Sri Lanka,city,51+,2055,0.08747596506583169
Sri Lanka,city,51+,2060,0.08782802602795357
Sri Lanka,city,51+,2065,0.08814677989195424
Sri Lanka,city,51+,2070,0.08843244265962052
Sri Lanka,city,51+,2075,0.08869659443902264
Sri Lanka,city,51+,2080,0.08893329806850578
Sri Lanka,city,51+,2085,0.08914516541951102
Sri Lanka,city,51+,2090,0.08933008039939985
Sri Lanka,city,51+,2095,0.08949107084039609
Sri Lanka,city,51+,2100,0.08963582159632669
Sri Lanka,town,No_travel,2011,0.0
Sri Lanka,town,No_travel,2012,0.0
Sri Lanka,town,No_travel,2013,0.0
Sri Lanka,town,No_travel,2014,0.0
Sri Lanka,town,No_travel,2015,0.0
Sri Lanka,town,No_travel,2016,0.0
Sri Lanka,town,No_travel,2017,0.0
Sri Lanka,town,No_travel,2018,0.0
Sri Lanka,town,No_travel,2019,0.0
Sri Lanka,town,No_travel,2020,0.0
Sri Lanka,town,No_travel,2025,0.0
Sri Lanka,town,No_travel,2030,0.0
Sri Lanka,town,No_travel,2035,0.0
Sri Lanka,town,No_travel,2040,0.0
Sri Lanka,town,No_travel,2045,0.0
Sri Lanka,town,No_travel,2050,0.0
Sri Lanka,town,No_travel,2055,0.0
Sri Lanka,town,No_travel,2060,0.0
Sri Lanka,town,No_travel,2065,0.0
Sri Lanka,town,No_travel,2070,0.0
Sri Lanka,town,No_travel,2075,0.0
Sri Lanka,town,No_travel,2080,0.0
Sri Lanka,town,No_travel,2085,0.0
Sri Lanka,town,No_travel,2090,0.0
Sri Lanka,town,No_travel,2095,0.0
Sri Lanka,town,No_travel,2100,0.0
Sri Lanka,town,00_01,2011,0.0142978983785273
Sri Lanka,town,00_01,2012,0.014344131872513263
Sri Lanka,town,00_01,2013,0.014365049761355235
Sri Lanka,town,00_01,2014,0.01439897275999057
Sri Lanka,town,00_01,2015,0.01442056000073692
Sri Lanka,town,00_01,2016,0.014446927239741046
Sri Lanka,town,00_01,2017,0.014480854863560896
Sri Lanka,town,00_01,2018,0.014492016118315985
Sri Lanka,town,00_01,2019,0.014488919627233435
Sri Lanka,town,00_01,2020,0.014459928269515783
Sri Lanka,town,00_01,2025,0.014431253956174053
Sri Lanka,town,00_01,2030,0.014497673011182871
Sri Lanka,town,00_01,2035,0.014567187084524777
Sri Lanka,town,00_01,2040,0.014636843906634597
Sri Lanka,town,00_01,2045,0.014705860879762495
Sri Lanka,town,00_01,2050,0.014773280506812508
Sri Lanka,town,00_01,2055,0.014837779261506317
Sri Lanka,town,00_01,2060,0.014897496268785138
Sri Lanka,town,00_01,2065,0.014951563685694853
Sri Lanka,town,00_01,2070,0.015000018150720457
Sri Lanka,town,00_01,2075,0.01504482389583402
Sri Lanka,town,00_01,2080,0.015084973852476685
Sri Lanka,town,00_01,2085,0.015120911049449248
Sri Lanka,town,00_01,2090,0.015152276552552546
Sri Lanka,town,00_01,2095,0.015179583946359713
Sri Lanka,town,00_01,2100,0.015204136745094977
Sri Lanka,town,02_05,2011,0.0305435787015927
Sri Lanka,town,02_05,2012,0.030642344011348337
Sri Lanka,town,02_05,2013,0.030687029402669586
Sri Lanka,town,02_05,2014,0.030759496680809458
Sri Lanka,town,02_05,2015,0.030805611960777916
Sri Lanka,town,02_05,2016,0.030861938409487033
Sri Lanka,town,02_05,2017,0.03093441556807811
Sri Lanka,town,02_05,2018,0.03095825855912444
Sri Lanka,town,02_05,2019,0.03095164374647332
Sri Lanka,town,02_05,2020,0.030889711580453387
Sri Lanka,town,02_05,2025,0.030828456693680478
Sri Lanka,town,02_05,2030,0.030970342975163212
Sri Lanka,town,02_05,2035,0.031118840923167614
Sri Lanka,town,02_05,2040,0.03126764381516532
Sri Lanka,town,02_05,2045,0.03141507984350103
Sri Lanka,town,02_05,2050,0.031559103575543125
Sri Lanka,town,02_05,2055,0.031696887656670995
Sri Lanka,town,02_05,2060,0.03182445683245864
Sri Lanka,town,02_05,2065,0.03193995719201175
Sri Lanka,town,02_05,2070,0.03204346700350794
Sri Lanka,town,02_05,2075,0.032139182315362086
Sri Lanka,town,02_05,2080,0.032224951798968324
Sri Lanka,town,02_05,2085,0.03230172186509878
Sri Lanka,town,02_05,2090,0.032368725748270134
Sri Lanka,town,02_05,2095,0.03242706058250963
Sri Lanka,town,02_05,2100,0.03247951097211662
Sri Lanka,town,06_10,2011,0.0419722902791875
Sri Lanka,town,06_10,2012,0.042108011318659586
Sri Lanka,town,06_10,2013,0.04216941696578753
Sri Lanka,town,06_10,2014,0.04226899984910142
Sri Lanka,town,06_10,2015,0.04233237041664533
Sri Lanka,town,06_10,2016,0.0424097729397325
Sri Lanka,town,06_10,2017,0.04250936940053743
Sri Lanka,town,06_10,2018,0.04254213389585403
Sri Lanka,town,06_10,2019,0.04253304397094878
Sri Lanka,town,06_10,2020,0.04244793819879275
Sri Lanka,town,06_10,2025,0.042363763128354215
Sri Lanka,town,06_10,2030,0.04255874002517467
Sri Lanka,town,06_10,2035,0.04276280252356093
Sri Lanka,town,06_10,2040,0.04296728406903827
Sri Lanka,town,06_10,2045,0.043169887301599034
Sri Lanka,town,06_10,2050,0.043367801434301745
Sri Lanka,town,06_10,2055,0.04355714118081445
Sri Lanka,town,06_10,2060,0.043732443837033855
Sri Lanka,town,06_10,2065,0.043891161800828346
Sri Lanka,town,06_10,2070,0.044033402626545204
Sri Lanka,town,06_10,2075,0.04416493242835901
Sri Lanka,town,06_10,2080,0.04428279489949208
Sri Lanka,town,06_10,2085,0.04438829057607473
Sri Lanka,town,06_10,2090,0.04448036578644142
Sri Lanka,town,06_10,2095,0.04456052818718723
Sri Lanka,town,06_10,2100,0.04463260431812622
Sri Lanka,town,11_20,2011,0.0757320066192673
Sri Lanka,town,11_20,2012,0.07597689262837723
Sri Lanka,town,11_20,2013,0.07608768889047826
Sri Lanka,town,11_20,2014,0.07626736961621729
Sri Lanka,town,11_20,2015,0.07638171124991847
Sri Lanka,town,11_20,2016,0.0765213712101397
Sri Lanka,town,11_20,2017,0.07670107643419972
Sri Lanka,town,11_20,2018,0.07676019450852184
Sri Lanka,town,11_20,2019,0.0767437932531099
Sri Lanka,town,11_20,2020,0.07659023406304934
Sri Lanka,town,11_20,2025,0.07643835416921403
Sri Lanka,town,11_20,2030,0.07679015750285133
Sri Lanka,town,11_20,2035,0.07715835429115468
Sri Lanka,town,11_20,2040,0.07752730718013454
Sri Lanka,town,11_20,2045,0.077892870966321
Sri Lanka,town,11_20,2050,0.0782499740528619
Sri Lanka,town,11_20,2055,0.07859160608773087
Sri Lanka,town,11_20,2060,0.07890791053127863
Sri Lanka,town,11_20,2065,0.07919429065980454
Sri Lanka,town,11_20,2070,0.07945094053721333
Sri Lanka,town,11_20,2075,0.07968826415608989
Sri Lanka,town,11_20,2080,0.0799009273532764
Sri Lanka,town,11_20,2085,0.08009127672959394
Sri Lanka,town,11_20,2090,0.08025741111002868
Sri Lanka,town,11_20,2095,0.080402050809781
Sri Lanka,town,11_20,2100,0.08053210018257086
Sri Lanka,town,21_30,2011,0.0536494958683143
Sri Lanka,town,21_30,2012,0.0538229761644327
Sri Lanka,town,21_30,2013,0.053901465615210066
Sri Lanka,town,21_30,2014,0.054028753677199684
Sri Lanka,town,21_30,2015,0.054109754713335796
Sri Lanka,town,21_30,2016,0.05420869156702999
Sri Lanka,town,21_30,2017,0.05433599698393506
Sri Lanka,town,21_30,2018,0.05437787696342685
Sri Lanka,town,21_30,2019,0.05436625811000227
Sri Lanka,town,21_30,2020,0.05425747486893337
Sri Lanka,town,21_30,2025,0.05414988126220693
Sri Lanka,town,21_30,2030,0.05439910312145754
Sri Lanka,town,21_30,2035,0.054659938307987266
Sri Lanka,town,21_30,2040,0.05492130912564486
Sri Lanka,town,21_30,2045,0.05518027906071094
Sri Lanka,town,21_30,2050,0.055433255330866495
Sri Lanka,town,21_30,2055,0.055675271715501996
Sri Lanka,town,21_30,2060,0.05589934571927899
Sri Lanka,town,21_30,2065,0.05610222096592814
Sri Lanka,town,21_30,2070,0.05628403493273437
Sri Lanka,town,21_30,2075,0.05645215793750806
Sri Lanka,town,21_30,2080,0.05660281119269195
Sri Lanka,town,21_30,2085,0.05673765705950786
Sri Lanka,town,21_30,2090,0.05685534872191855
Sri Lanka,town,21_30,2095,0.05695781328506248
Sri Lanka,town,21_30,2100,0.05704994187902992
Sri Lanka,town,31_50,2011,0.0837659254033078
Sri Lanka,town,31_50,2012,0.08403678978531925
Sri Lanka,town,31_50,2013,0.08415933970628967
Sri Lanka,town,31_50,2014,0.08435808159813381
Sri Lanka,town,31_50,2015,0.08448455299624764
Sri Lanka,town,31_50,2016,0.0846390285783953
Sri Lanka,town,31_50,2017,0.0848377975674289
Sri Lanka,town,31_50,2018,0.08490318709590856
Sri Lanka,town,31_50,2019,0.0848850459373854
Sri Lanka,town,31_50,2020,0.08471519664599832
Sri Lanka,town,31_50,2025,0.08454720479651212
Sri Lanka,town,31_50,2030,0.08493632867052023
Sri Lanka,town,31_50,2035,0.08534358507477494
Sri Lanka,town,31_50,2040,0.08575167778953682
Sri Lanka,town,31_50,2045,0.08615602187350904
Sri Lanka,town,31_50,2050,0.08655100771693003
Sri Lanka,town,31_50,2055,0.08692888128486656
Sri Lanka,town,31_50,2060,0.08727874042112527
Sri Lanka,town,31_50,2065,0.08759550076531757
Sri Lanka,town,31_50,2070,0.08787937696833266
Sri Lanka,town,31_50,2075,0.08814187671504081
Sri Lanka,town,31_50,2080,0.08837709997541356
Sri Lanka,town,31_50,2085,0.08858764228597639
Sri Lanka,town,31_50,2090,0.08877140078835419
Sri Lanka,town,31_50,2095,0.08893138437839321
Sri Lanka,town,31_50,2100,0.08907522984804554
Sri Lanka,town,51+,2011,0.068333385372376
Sri Lanka,town,51+,2012,0.0685543472982489
Sri Lanka,town,51+,2013,0.06865431934459955
Sri Lanka,town,51+,2014,0.0688164462025031
Sri Lanka,town,51+,2015,0.0689196172561778
Sri Lanka,town,51+,2016,0.06904563316819327
Sri Lanka,town,51+,2017,0.06920778213105991
Sri Lanka,town,51+,2018,0.06926112467849081
Sri Lanka,town,51+,2019,0.06924632574001438
Sri Lanka,town,51+,2020,0.06910776848027304
Sri Lanka,town,51+,2025,0.06897072645829229
Sri Lanka,town,51+,2030,0.06928816044487054
Sri Lanka,town,51+,2035,0.06962038633127143
Sri Lanka,town,51+,2040,0.06995329445126436
Sri Lanka,town,51+,2045,0.07028314456609426
Sri Lanka,town,51+,2050,0.07060536054741563
Sri Lanka,town,51+,2055,0.07091361691795675
Sri Lanka,town,51+,2060,0.07119902007047858
Sri Lanka,town,51+,2065,0.07145742235716214
Sri Lanka,town,51+,2070,0.07168899888288283
Sri Lanka,town,51+,2075,0.07190313722452468
Sri Lanka,town,51+,2080,0.07209502433879231
Sri Lanka,town,51+,2085,0.07226677757587065
Sri Lanka,town,51+,2090,0.07241668149560859
Sri Lanka,town,51+,2095,0.07254719065262867
Sri Lanka,town,51+,2100,0.07266453488137678
Sri Lanka,rural,No_travel,2011,0.0
Sri Lanka,rural,No_travel,2012,0.0
Sri Lanka,rural,No_travel,2013,0.0
Sri Lanka,rural,No_travel,2014,0.0
Sri Lanka,rural,No_travel,2015,0.0
Sri Lanka,rural,No_travel,2016,0.0
Sri Lanka,rural,No_travel,2017,0.0
Sri Lanka,rural,No_travel,2018,0.0
Sri Lanka,rural,No_travel,2019,0.0
Sri Lanka,rural,No_travel,2020,0.0
Sri Lanka,rural,No_travel,2025,0.0
Sri Lanka,rural,No_travel,2030,0.0
Sri Lanka,rural,No_travel,2035,0.0
Sri Lanka,rural,No_travel,2040,0.0
Sri Lanka,rural,No_travel,2045,0.0
Sri Lanka,rural,No_travel,2050,0.0
Sri Lanka,rural,No_travel,2055,0.0
Sri Lanka,rural,No_travel,2060,0.0
Sri Lanka,rural,No_travel,2065,0.0
Sri Lanka,rural,No_travel,2070,0.0
Sri Lanka,rural,No_travel,2075,0.0
Sri Lanka,rural,No_travel,2080,0.0
Sri Lanka,rural,No_travel,2085,0.0
Sri Lanka,rural,No_travel,2090,0.0
Sri Lanka,rural,No_travel,2095,0.0
Sri Lanka,rural,No_travel,2100,0.0
Sri Lanka,rural,00_01,2011,0.00800533451099545
Sri Lanka,rural,00_01,2012,0.008031220454171937
Sri Lanka,rural,00_01,2013,0.008042932294122855
Sri Lanka,rural,00_01,2014,0.008061925641571717
Sri Lanka,rural,00_01,2015,0.008074012248901606
Sri Lanka,rural,00_01,2016,0.00808877515760128
Sri Lanka,rural,00_01,2017,0.008107771094671933
Sri Lanka,rural,00_01,2018,0.008114020235315647
Sri Lanka,rural,00_01,2019,0.008112286522690904
Sri Lanka,rural,00_01,2020,0.008096054380713572
Sri Lanka,rural,00_01,2025,0.008079999750578671
Sri Lanka,rural,00_01,2030,0.00811718750637139
Sri Lanka,rural,00_01,2035,0.008156108150202483
Sri Lanka,rural,00_01,2040,0.008195108718481768
Sri Lanka,rural,00_01,2045,0.008233751037947051
Sri Lanka,rural,00_01,2050,0.008271499009911412
Sri Lanka,rural,00_01,2055,0.008307611597453789
Sri Lanka,rural,00_01,2060,0.00834104690428045
Sri Lanka,rural,00_01,2065,0.00837131902868985
Sri Lanka,rural,00_01,2070,0.00839844848441908
Sri Lanka,rural,00_01,2075,0.008423535036872633
Sri Lanka,rural,00_01,2080,0.008446014832505337
Sri Lanka,rural,00_01,2085,0.008466135921321087
Sri Lanka,rural,00_01,2090,0.00848369733753766
Sri Lanka,rural,00_01,2095,0.008498986635045757
Sri Lanka,rural,00_01,2100,0.00851273364609964
Sri Lanka,rural,02_05,2011,0.018205337195522
Sri Lanka,rural,02_05,2012,0.018264205731684326
Sri Lanka,rural,02_05,2013,0.018290840220873204
Sri Lanka,rural,02_05,2014,0.018334033955538922
Sri Lanka,rural,02_05,2015,0.01836152072223034
Sri Lanka,rural,02_05,2016,0.018395093801593248
Sri Lanka,rural,02_05,2017,0.018438293425449212
Sri Lanka,rural,02_05,2018,0.018452504913107192
Sri Lanka,rural,02_05,2019,0.018448562189303432
Sri Lanka,rural,02_05,2020,0.018411647852032823
Sri Lanka,rural,02_05,2025,0.018375137203445458
Sri Lanka,rural,02_05,2030,0.01845970776484065
Sri Lanka,rural,02_05,2035,0.018548219174805924
Sri Lanka,rural,02_05,2040,0.018636912345012132
Sri Lanka,rural,02_05,2045,0.01872479080342212
Sri Lanka,rural,02_05,2050,0.01881063538082415
Sri Lanka,rural,02_05,2055,0.01889276084757495
Sri Lanka,rural,02_05,2060,0.018968797774474015
Sri Lanka,rural,02_05,2065,0.019037641147819744
Sri Lanka,rural,02_05,2070,0.019099337618942
Sri Lanka,rural,02_05,2075,0.019156388220120845
Sri Lanka,rural,02_05,2080,0.019207510663413842
Sri Lanka,rural,02_05,2085,0.019253269051914487
Sri Lanka,rural,02_05,2090,0.01929320635914562
Sri Lanka,rural,02_05,2095,0.019327976525993145
Sri Lanka,rural,02_05,2100,0.019359239300999337
Sri Lanka,rural,06_10,2011,0.0247885032228387
Sri Lanka,rural,06_10,2012,0.024868658997088382
Sri Lanka,rural,06_10,2013,0.02490492468741899
Sri Lanka,rural,06_10,2014,0.02496373755199098
Sri Lanka,rural,06_10,2015,0.025001163708804116
Sri Lanka,rural,06_10,2016,0.025046877027763828
Sri Lanka,rural,06_10,2017,0.02510569791109481
Sri Lanka,rural,06_10,2018,0.025125048363318123
Sri Lanka,rural,06_10,2019,0.025119679925443745
Sri Lanka,rural,06_10,2020,0.02506941712840934
Sri Lanka,rural,06_10,2025,0.025019703996460405
Sri Lanka,rural,06_10,2030,0.02513485581217177
Sri Lanka,rural,06_10,2035,0.025255373512427376
Sri Lanka,rural,06_10,2040,0.025376138698586143
Sri Lanka,rural,06_10,2045,0.025495794567967675
Sri Lanka,rural,06_10,2050,0.025612681091998487
Sri Lanka,rural,06_10,2055,0.02572450365124941
Sri Lanka,rural,06_10,2060,0.025828036015810935
Sri Lanka,rural,06_10,2065,0.02592177359198016
Sri Lanka,rural,06_10,2070,0.026005779900505333
Sri Lanka,rural,06_10,2075,0.02608346036288834
Sri Lanka,rural,06_10,2080,0.026153069007689465
Sri Lanka,rural,06_10,2085,0.02621537392127817
Sri Lanka,rural,06_10,2090,0.026269752813488628
Sri Lanka,rural,06_10,2095,0.026317096094401356
Sri Lanka,rural,06_10,2100,0.026359663688215903
Sri Lanka,rural,11_20,2011,0.0423833067134091
Sri Lanka,rural,11_20,2012,0.04252035681015496
Sri Lanka,rural,11_20,2013,0.04258236377615199
Sri Lanka,rural,11_20,2014,0.04268292183145046
Sri Lanka,rural,11_20,2015,0.04274691295947686
Sri Lanka,rural,11_20,2016,0.04282507345190112
Sri Lanka,rural,11_20,2017,0.042925645217649105
Sri Lanka,rural,11_20,2018,0.042958730561457534
Sri Lanka,rural,11_20,2019,0.04294955162286022
Sri Lanka,rural,11_20,2020,0.042863612446790066
Sri Lanka,rural,11_20,2025,0.04277861308639567
Sri Lanka,rural,11_20,2030,0.04297549930740009
Sri Lanka,rural,11_20,2035,0.043181560101325796
Sri Lanka,rural,11_20,2040,0.04338804404588899
Sri Lanka,rural,11_20,2045,0.04359263128403189
Sri Lanka,rural,11_20,2050,0.04379248350399561
Sri Lanka,rural,11_20,2055,0.043983677372524295
Sri Lanka,rural,11_20,2060,0.0441606966916227
Sri Lanka,rural,11_20,2065,0.044320968911596495
Sri Lanka,rural,11_20,2070,0.04446460264002602
Sri Lanka,rural,11_20,2075,0.044597420456141075
Sri Lanka,rural,11_20,2080,0.0447164371033339
Sri Lanka,rural,11_20,2085,0.04482296585332109
Sri Lanka,rural,11_20,2090,0.04491594271628746
Sri Lanka,rural,11_20,2095,0.04499689011265525
Sri Lanka,rural,11_20,2100,0.04506967205388321
Sri Lanka,rural,21_30,2011,0.0366772116814261
Sri Lanka,rural,21_30,2012,0.036795810625187074
Sri Lanka,rural,21_30,2013,0.03684946954880467
Sri Lanka,rural,21_30,2014,0.03693648940087506
Sri Lanka,rural,21_30,2015,0.03699186535736254
Sri Lanka,rural,21_30,2016,0.0370595030465394
Sri Lanka,rural,21_30,2017,0.037146534763211635
Sri Lanka,rural,21_30,2018,0.037175165803413845
Sri Lanka,rural,21_30,2019,0.03716722263191426
Sri Lanka,rural,21_30,2020,0.03709285350885914
Sri Lanka,rural,21_30,2025,0.03701929767342016
Sri Lanka,rural,21_30,2030,0.037189676961043104
Sri Lanka,rural,21_30,2035,0.037367995642243704
Sri Lanka,rural,21_30,2040,0.037546680505007465
Sri Lanka,rural,21_30,2045,0.03772372401629894
Sri Lanka,rural,21_30,2050,0.037896669988310455
Sri Lanka,rural,21_30,2055,0.03806212328896098
Sri Lanka,rural,21_30,2060,0.03821531036995436
Sri Lanka,rural,21_30,2065,0.038354005025809774
Sri Lanka,rural,21_30,2070,0.03847830124219101
Sri Lanka,rural,21_30,2075,0.038593237700303075
Sri Lanka,rural,21_30,2080,0.038696231050779996
Sri Lanka,rural,21_30,2085,0.03878841775862367
Sri Lanka,rural,21_30,2090,0.038868877079732134
Sri Lanka,rural,21_30,2095,0.03893892646997243
Sri Lanka,rural,21_30,2100,0.03900190972616462
Sri Lanka,rural,31_50,2011,0.0541066561101835
Sri Lanka,rural,31_50,2012,0.05428161467357821
Sri Lanka,rural,31_50,2013,0.054360772951820235
Sri Lanka,rural,31_50,2014,0.054489145665962954
Sri Lanka,rural,31_50,2015,0.05457083693138589
Sri Lanka,rural,31_50,2016,0.054670616849776824
Sri Lanka,rural,31_50,2017,0.0547990070667204
Sri Lanka,rural,31_50,2018,0.05484124391557776
Sri Lanka,rural,31_50,2019,0.05482952605511209
Sri Lanka,rural,31_50,2020,0.05471981584591435
Sri Lanka,rural,31_50,2025,0.05461130540821907
Sri Lanka,rural,31_50,2030,0.054862650946799936
Sri Lanka,rural,31_50,2035,0.055125708772611394
Sri Lanka,rural,31_50,2040,0.05538930679379222
Sri Lanka,rural,31_50,2045,0.055650483473884245
Sri Lanka,rural,31_50,2050,0.055905615415607256
Sri Lanka,rural,31_50,2055,0.05614969407999293
Sri Lanka,rural,31_50,2060,0.056375677472182716
Sri Lanka,rural,31_50,2065,0.05658028146754285
Sri Lanka,rural,31_50,2070,0.056763644714835235
Sri Lanka,rural,31_50,2075,0.05693320033611877
Sri Lanka,rural,31_50,2080,0.057085137343879704
Sri Lanka,rural,31_50,2085,0.057221132264719164
Sri Lanka,rural,31_50,2090,0.05733982680605691
Sri Lanka,rural,31_50,2095,0.05744316449435722
Sri Lanka,rural,31_50,2100,0.057536078138204806
Sri Lanka,rural,51+,2011,0.0357459136063553
Sri Lanka,rural,51+,2012,0.03586150111705017
Sri Lanka,rural,51+,2013,0.035913797547446925
Sri Lanka,rural,51+,2014,0.035998607814409535
Sri Lanka,rural,51+,2015,0.03605257767923089
Sri Lanka,rural,51+,2016,0.03611849793006266
Sri Lanka,rural,51+,2017,0.03620331976036428
Sri Lanka,rural,51+,2018,0.03623122380875318
Sri Lanka,rural,51+,2019,0.03622348232816706
Sri Lanka,rural,51+,2020,0.03615100156624875
Sri Lanka,rural,51+,2025,0.03607931344116218
Sri Lanka,rural,51+,2030,0.03624536650289932
Sri Lanka,rural,51+,2035,0.03641915736322865
Sri Lanka,rural,51+,2040,0.036593305107135564
Sri Lanka,rural,51+,2045,0.036765853176333414
Sri Lanka,rural,51+,2050,0.036934407749886815
Sri Lanka,rural,51+,2055,0.03709565990401213
Sri Lanka,rural,51+,2060,0.037244957299091164
Sri Lanka,rural,51+,2065,0.037380130256864874
Sri Lanka,rural,51+,2070,0.03750127037653789
Sri Lanka,rural,51+,2075,0.03761328839845243
Sri Lanka,rural,51+,2080,0.03771366656896755
Sri Lanka,rural,51+,2085,0.03780351249626586
Sri Lanka,rural,51+,2090,0.03788192881553654
Sri Lanka,rural,51+,2095,0.037950199530155104
Sri Lanka,rural,51+,2100,0.038011583532135636
