n,area_type,trip_dist,y,value
Afghanistan,large_city,No_travel,2011,0.0
Afghanistan,large_city,No_travel,2012,0.0
Afghanistan,large_city,No_travel,2013,0.0
Afghanistan,large_city,No_travel,2014,0.0
Afghanistan,large_city,No_travel,2015,0.0
Afghanistan,large_city,No_travel,2016,0.0
Afghanistan,large_city,No_travel,2017,0.0
Afghanistan,large_city,No_travel,2018,0.0
Afghanistan,large_city,No_travel,2019,0.0
Afghanistan,large_city,No_travel,2020,0.0
Afghanistan,large_city,No_travel,2025,0.0
Afghanistan,large_city,No_travel,2030,0.0
Afghanistan,large_city,No_travel,2035,0.0
Afghanistan,large_city,No_travel,2040,0.0
Afghanistan,large_city,No_travel,2045,0.0
Afghanistan,large_city,No_travel,2050,0.0
Afghanistan,large_city,No_travel,2055,0.0
Afghanistan,large_city,No_travel,2060,0.0
Afghanistan,large_city,No_travel,2065,0.0
Afghanistan,large_city,No_travel,2070,0.0
Afghanistan,large_city,No_travel,2075,0.0
Afghanistan,large_city,No_travel,2080,0.0
Afghanistan,large_city,No_travel,2085,0.0
Afghanistan,large_city,No_travel,2090,0.0
Afghanistan,large_city,No_travel,2095,0.0
Afghanistan,large_city,No_travel,2100,0.0
Afghanistan,large_city,00_01,2011,0.0263657402468568
Afghanistan,large_city,00_01,2012,0.026968885690926866
Afghanistan,large_city,00_01,2013,0.027122504039334295
Afghanistan,large_city,00_01,2014,0.027046714342151702
Afghanistan,large_city,00_01,2015,0.026919393265667727
Afghanistan,large_city,00_01,2016,0.026891215621957773
Afghanistan,large_city,00_01,2017,0.02687334219351412
Afghanistan,large_city,00_01,2018,0.02674174335499716
Afghanistan,large_city,00_01,2019,0.02681324643451058
Afghanistan,large_city,00_01,2020,0.026394293010733542
Afghanistan,large_city,00_01,2025,0.026740699925001013
Afghanistan,large_city,00_01,2030,0.028090290485879597
Afghanistan,large_city,00_01,2035,0.02971272335234701
Afghanistan,large_city,00_01,2040,0.03153971830884208
Afghanistan,large_city,00_01,2045,0.033497211992459565
Afghanistan,large_city,00_01,2050,0.035523354215942556
Afghanistan,large_city,00_01,2055,0.03757154630143097
Afghanistan,large_city,00_01,2060,0.03960427007245641
Afghanistan,large_city,00_01,2065,0.041592283867549325
Afghanistan,large_city,00_01,2070,0.043521317962949224
Afghanistan,large_city,00_01,2075,0.0453719508461593
Afghanistan,large_city,00_01,2080,0.04713969848152238
Afghanistan,large_city,00_01,2085,0.04881629191848904
Afghanistan,large_city,00_01,2090,0.050375572628431814
Afghanistan,large_city,00_01,2095,0.0518112804786313
Afghanistan,large_city,00_01,2100,0.05313178419744795
Afghanistan,large_city,02_05,2011,0.0607545651824544
Afghanistan,large_city,02_05,2012,0.06214439299889978
Afghanistan,large_city,02_05,2013,0.06249837570047225
Afghanistan,large_city,02_05,2014,0.062323733530196476
Afghanistan,large_city,02_05,2015,0.062030347622274995
Afghanistan,large_city,02_05,2016,0.061965417888634446
Afghanistan,large_city,02_05,2017,0.061924232154297126
Afghanistan,large_city,02_05,2018,0.0616209890009566
Afghanistan,large_city,02_05,2019,0.06178575351977425
Afghanistan,large_city,02_05,2020,0.06082035930535203
Afghanistan,large_city,02_05,2025,0.06161858462561494
Afghanistan,large_city,02_05,2030,0.06472844563967459
Afghanistan,large_city,02_05,2035,0.06846701707431131
Afghanistan,large_city,02_05,2040,0.07267696085488193
Afghanistan,large_city,02_05,2045,0.07718761280252673
Afghanistan,large_city,02_05,2050,0.08185645155436853
Afghanistan,large_city,02_05,2055,0.08657609979480918
Afghanistan,large_city,02_05,2060,0.09126010440413976
Afghanistan,large_city,02_05,2065,0.09584108383300255
Afghanistan,large_city,02_05,2070,0.10028615636238553
Afghanistan,large_city,02_05,2075,0.10455056900845883
Afghanistan,large_city,02_05,2080,0.10862398920956998
Afghanistan,large_city,02_05,2085,0.11248736282612563
Afghanistan,large_city,02_05,2090,0.11608041277059879
Afghanistan,large_city,02_05,2095,0.11938871382155468
Afghanistan,large_city,02_05,2100,0.12243155003655848
Afghanistan,large_city,06_10,2011,0.0853273830804756
Afghanistan,large_city,06_10,2012,0.08727934126096118
Afghanistan,large_city,06_10,2013,0.0877764959602044
Afghanistan,large_city,06_10,2014,0.0875312179416658
Afghanistan,large_city,06_10,2015,0.08711916904162925
Afghanistan,large_city,06_10,2016,0.08702797779963743
Afghanistan,large_city,06_10,2017,0.08697013406524978
Afghanistan,large_city,06_10,2018,0.08654424105401824
Afghanistan,large_city,06_10,2019,0.08677564630188732
Afghanistan,large_city,06_10,2020,0.08541978832297994
Afghanistan,large_city,06_10,2025,0.08654086420397857
Afghanistan,large_city,06_10,2030,0.09090854095842164
Afghanistan,large_city,06_10,2035,0.09615921662401093
Afghanistan,large_city,06_10,2040,0.1020719160998975
Afghanistan,large_city,06_10,2045,0.10840694829909976
Afghanistan,large_city,06_10,2050,0.11496414760622978
Afghanistan,large_city,06_10,2055,0.12159270682984964
Afghanistan,large_city,06_10,2060,0.1281712059837945
Afghanistan,large_city,06_10,2065,0.1346050103479024
Afghanistan,large_city,06_10,2070,0.14084793884876667
Afghanistan,large_city,06_10,2075,0.14683713769122345
Afghanistan,large_city,06_10,2080,0.1525580952012335
Afghanistan,large_city,06_10,2085,0.15798405059360376
Afghanistan,large_city,06_10,2090,0.1630303470837296
Afghanistan,large_city,06_10,2095,0.1676767250188313
Afghanistan,large_city,06_10,2100,0.1719502680947968
Afghanistan,large_city,11_20,2011,0.150513087141122
Afghanistan,large_city,11_20,2012,0.15395624033659924
Afghanistan,large_city,11_20,2013,0.15483319549294383
Afghanistan,large_city,11_20,2014,0.15440053776402599
Afghanistan,large_city,11_20,2015,0.15367370483233847
Afghanistan,large_city,11_20,2016,0.15351284820159575
Afghanistan,large_city,11_20,2017,0.15341081484817337
Afghanistan,large_city,11_20,2018,0.15265956162092004
Afghanistan,large_city,11_20,2019,0.1530677485004424
Afghanistan,large_city,11_20,2020,0.1506760852059312
Afghanistan,large_city,11_20,2025,0.15265360503223846
Afghanistan,large_city,11_20,2030,0.1603579607526727
Afghanistan,large_city,11_20,2035,0.16961988084764676
Afghanistan,large_city,11_20,2040,0.18004957667710925
Afghanistan,large_city,11_20,2045,0.19122424557022477
Afghanistan,large_city,11_20,2050,0.20279080574217964
Afghanistan,large_city,11_20,2055,0.21448324111317688
Afghanistan,large_city,11_20,2060,0.2260873731124162
Afghanistan,large_city,11_20,2065,0.23743627099189993
Afghanistan,large_city,11_20,2070,0.2484484737285075
Afghanistan,large_city,11_20,2075,0.25901311048093206
Afghanistan,large_city,11_20,2080,0.2691045834073042
Afghanistan,large_city,11_20,2085,0.2786756878677026
Afghanistan,large_city,11_20,2090,0.28757709367598694
Afghanistan,large_city,11_20,2095,0.2957730638533094
Afghanistan,large_city,11_20,2100,0.30331137263734287
Afghanistan,large_city,21_30,2011,0.157092054088329
Afghanistan,large_city,21_30,2012,0.1606857084229263
Afghanistan,large_city,21_30,2013,0.16160099552167775
Afghanistan,large_city,21_30,2014,0.1611494262087105
Afghanistan,large_city,21_30,2015,0.16039082321686052
Afghanistan,large_city,21_30,2016,0.16022293550013716
Afghanistan,large_city,21_30,2017,0.16011644224178276
Afghanistan,large_city,21_30,2018,0.15933235153677278
Afghanistan,large_city,21_30,2019,0.15975838037302909
Afghanistan,large_city,21_30,2020,0.15726217684176966
Afghanistan,large_city,21_30,2025,0.15932613458402056
Afghanistan,large_city,21_30,2030,0.16736724973579073
Afghanistan,large_city,21_30,2035,0.17703401081389722
Afghanistan,large_city,21_30,2040,0.1879195914134802
Afghanistan,large_city,21_30,2045,0.1995827080468567
Afghanistan,large_city,21_30,2050,0.2116548456307799
Afghanistan,large_city,21_30,2055,0.2238583604520712
Afghanistan,large_city,21_30,2060,0.23596971213781157
Afghanistan,large_city,21_30,2065,0.24781467335274696
Afghanistan,large_city,21_30,2070,0.25930822239083695
Afghanistan,large_city,21_30,2075,0.27033464221690406
Afghanistan,large_city,21_30,2080,0.28086721610062343
Afghanistan,large_city,21_30,2085,0.2908566760747466
Afghanistan,large_city,21_30,2090,0.3001471646911024
Afghanistan,large_city,21_30,2095,0.3087013828980221
Afghanistan,large_city,21_30,2100,0.3165691931577744
Afghanistan,large_city,31_50,2011,0.147596045325267
Afghanistan,large_city,31_50,2012,0.1509724679656784
Afghanistan,large_city,31_50,2013,0.1518324271590122
Afghanistan,large_city,31_50,2014,0.1514081546191246
Afghanistan,large_city,31_50,2015,0.15069540818380195
Afghanistan,large_city,31_50,2016,0.15053766905949767
Afghanistan,large_city,31_50,2017,0.15043761317902596
Afghanistan,large_city,31_50,2018,0.1497009197293961
Afghanistan,large_city,31_50,2019,0.15010119568091304
Afghanistan,large_city,31_50,2020,0.14775588438124856
Afghanistan,large_city,31_50,2025,0.14969507858328895
Afghanistan,large_city,31_50,2030,0.1572501188639325
Afghanistan,large_city,31_50,2035,0.1663325369054618
Afghanistan,large_city,31_50,2040,0.17656009842594775
Afghanistan,large_city,31_50,2045,0.18751819494613076
Afghanistan,large_city,31_50,2050,0.19886058763651931
Afghanistan,large_city,31_50,2055,0.21032641598247825
Afghanistan,large_city,31_50,2060,0.22170565233362854
Afghanistan,large_city,31_50,2065,0.23283460116876584
Afghanistan,large_city,31_50,2070,0.24363338023253864
Afghanistan,large_city,31_50,2075,0.25399326743287115
Afghanistan,large_city,31_50,2080,0.26388916103076804
Afghanistan,large_city,31_50,2085,0.2732747712430236
Afghanistan,large_city,31_50,2090,0.28200366199992033
Afghanistan,large_city,31_50,2095,0.29004078892857343
Afghanistan,large_city,31_50,2100,0.2974330003707642
Afghanistan,large_city,51+,2011,0.0999074306415119
Afghanistan,large_city,51+,2012,0.1021929235218932
Afghanistan,large_city,51+,2013,0.10277502796292473
Afghanistan,large_city,51+,2014,0.10248783883628855
Afghanistan,large_city,51+,2015,0.1020053823795789
Afghanistan,large_city,51+,2016,0.10189860912162234
Afghanistan,large_city,51+,2017,0.10183088152149274
Afghanistan,large_city,51+,2018,0.10133221538473579
Afghanistan,large_city,51+,2019,0.1016031612747528
Afghanistan,large_city,51+,2020,0.10001562533849104
Afghanistan,large_city,51+,2025,0.10132826152609221
Afghanistan,large_city,51+,2030,0.10644225127540301
Afghanistan,large_city,51+,2035,0.11259011959085552
Afghanistan,large_city,51+,2040,0.11951313294794054
Afghanistan,large_city,51+,2045,0.12693064380089397
Afghanistan,large_city,51+,2050,0.13460828386588694
Afghanistan,large_city,51+,2055,0.14236947724811416
Afghanistan,large_city,51+,2060,0.15007205670409163
Afghanistan,large_city,51+,2065,0.15760521710421702
Afghanistan,large_city,51+,2070,0.1649148863297664
Afghanistan,large_city,51+,2075,0.1719274706414947
Afghanistan,large_city,51+,2080,0.1786259787288141
Afghanistan,large_city,51+,2085,0.18497907714173387
Afghanistan,large_city,51+,2090,0.1908876436344887
Afghanistan,large_city,51+,2095,0.19632795675000533
Afghanistan,large_city,51+,2100,0.2013317280253163
Afghanistan,city,No_travel,2011,0.0
Afghanistan,city,No_travel,2012,0.0
Afghanistan,city,No_travel,2013,0.0
Afghanistan,city,No_travel,2014,0.0
Afghanistan,city,No_travel,2015,0.0
Afghanistan,city,No_travel,2016,0.0
Afghanistan,city,No_travel,2017,0.0
Afghanistan,city,No_travel,2018,0.0
Afghanistan,city,No_travel,2019,0.0
Afghanistan,city,No_travel,2020,0.0
Afghanistan,city,No_travel,2025,0.0
Afghanistan,city,No_travel,2030,0.0
Afghanistan,city,No_travel,2035,0.0
Afghanistan,city,No_travel,2040,0.0
Afghanistan,city,No_travel,2045,0.0
Afghanistan,city,No_travel,2050,0.0
Afghanistan,city,No_travel,2055,0.0
Afghanistan,city,No_travel,2060,0.0
Afghanistan,city,No_travel,2065,0.0
Afghanistan,city,No_travel,2070,0.0
Afghanistan,city,No_travel,2075,0.0
Afghanistan,city,No_travel,2080,0.0
Afghanistan,city,No_travel,2085,0.0
Afghanistan,city,No_travel,2090,0.0
Afghanistan,city,No_travel,2095,0.0
Afghanistan,city,No_travel,2100,0.0
Afghanistan,city,00_01,2011,0.0203337654203297
Afghanistan,city,00_01,2012,0.020798922774503487
Afghanistan,city,00_01,2013,0.020917396196130537
Afghanistan,city,00_01,2014,0.020858945725582022
Afghanistan,city,00_01,2015,0.02076075326528887
Afghanistan,city,00_01,2016,0.02073902212510728
Afghanistan,city,00_01,2017,0.02072523779370496
Afghanistan,city,00_01,2018,0.02062374624114706
Afghanistan,city,00_01,2019,0.020678890789794065
Afghanistan,city,00_01,2020,0.02035578586039077
Afghanistan,city,00_01,2025,0.02062294152788752
Afghanistan,city,00_01,2030,0.021663771696942526
Afghanistan,city,00_01,2035,0.0229150230939487
Afghanistan,city,00_01,2040,0.024324036704857086
Afghanistan,city,00_01,2045,0.025833693441280416
Afghanistan,city,00_01,2050,0.027396293250532493
Afghanistan,city,00_01,2055,0.02897589833698791
Afghanistan,city,00_01,2060,0.03054357396215026
Afghanistan,city,00_01,2065,0.0320767683948997
Afghanistan,city,00_01,2070,0.033564476550120396
Afghanistan,city,00_01,2075,0.03499172018424625
Afghanistan,city,00_01,2080,0.03635504112283057
Afghanistan,city,00_01,2085,0.03764806219234553
Afghanistan,city,00_01,2090,0.03885060943295265
Afghanistan,city,00_01,2095,0.03995785491002825
Afghanistan,city,00_01,2100,0.040976252747664976
Afghanistan,city,02_05,2011,0.0396703669770022
Afghanistan,city,02_05,2012,0.04057787046003522
Afghanistan,city,02_05,2013,0.04080900738995511
Afghanistan,city,02_05,2014,0.04069497284845697
Afghanistan,city,02_05,2015,0.04050340326684325
Afghanistan,city,02_05,2016,0.040461006677327646
Afghanistan,city,02_05,2017,0.0404341139954284
Afghanistan,city,02_05,2018,0.04023610801612207
Afghanistan,city,02_05,2019,0.04034369283557812
Afghanistan,city,02_05,2020,0.039713327979067486
Afghanistan,city,02_05,2025,0.04023453805258324
Afghanistan,city,02_05,2030,0.042265156283570866
Afghanistan,city,02_05,2035,0.04470629795475853
Afghanistan,city,02_05,2040,0.047455227425757626
Afghanistan,city,02_05,2045,0.05040050762867274
Afghanistan,city,02_05,2050,0.05344907765934925
Afghanistan,city,02_05,2055,0.0565308243089774
Afghanistan,city,02_05,2060,0.05958929705445886
Afghanistan,city,02_05,2065,0.06258049836602
Afghanistan,city,02_05,2070,0.06548295776064242
Afghanistan,city,02_05,2075,0.06826745328131734
Afghanistan,city,02_05,2080,0.07092723816734728
Afghanistan,city,02_05,2085,0.0734498708070142
Afghanistan,city,02_05,2090,0.07579599260767045
Afghanistan,city,02_05,2095,0.07795618446103465
Afghanistan,city,02_05,2100,0.07994303810631387
Afghanistan,city,06_10,2011,0.0505698242635587
Afghanistan,city,06_10,2012,0.051726664876657946
Afghanistan,city,06_10,2013,0.05202130681767259
Afghanistan,city,06_10,2014,0.05187594121702464
Afghanistan,city,06_10,2015,0.0516317377771607
Afghanistan,city,06_10,2016,0.051577692699069505
Afghanistan,city,06_10,2017,0.051543411236576124
Afghanistan,city,06_10,2018,0.05129100299486614
Afghanistan,city,06_10,2019,0.05142814680844551
Afghanistan,city,06_10,2020,0.05062458882688849
Afghanistan,city,06_10,2025,0.05128900168289681
Afghanistan,city,06_10,2030,0.053877533499276355
Afghanistan,city,06_10,2035,0.056989380318993844
Afghanistan,city,06_10,2040,0.0604935798224149
Afghanistan,city,06_10,2045,0.0642480775399354
Afghanistan,city,06_10,2050,0.0681342440277785
Afghanistan,city,06_10,2055,0.07206270243066779
Afghanistan,city,06_10,2060,0.0759614924101894
Afghanistan,city,06_10,2065,0.07977452808869132
Afghanistan,city,06_10,2070,0.0834744399549783
Afghanistan,city,06_10,2075,0.08702397730170436
Afghanistan,city,06_10,2080,0.09041453969159552
Afghanistan,city,06_10,2085,0.09363026717259987
Afghanistan,city,06_10,2090,0.09662098735496849
Afghanistan,city,06_10,2095,0.09937469322473087
Afghanistan,city,06_10,2100,0.10190743610904622
Afghanistan,city,11_20,2011,0.0832808161760771
Afghanistan,city,11_20,2012,0.08518595687702996
Afghanistan,city,11_20,2013,0.08567118738128317
Afghanistan,city,11_20,2014,0.08543179232618485
Afghanistan,city,11_20,2015,0.08502962636889616
Afghanistan,city,11_20,2016,0.08494062233775149
Afghanistan,city,11_20,2017,0.08488416597829732
Afghanistan,city,11_20,2018,0.08446848795913671
Afghanistan,city,11_20,2019,0.0846943429802826
Afghanistan,city,11_20,2020,0.08337100509007968
Afghanistan,city,11_20,2025,0.08446519210243449
Afghanistan,city,11_20,2030,0.08872811066118412
Afghanistan,city,11_20,2035,0.0938528495095996
Afghanistan,city,11_20,2040,0.09962373360774758
Afghanistan,city,11_20,2045,0.1058068208302129
Afghanistan,city,11_20,2050,0.11220674650954561
Afghanistan,city,11_20,2055,0.11867632054645101
Afghanistan,city,11_20,2060,0.12509703519836352
Afghanistan,city,11_20,2065,0.13137652554737336
Afghanistan,city,11_20,2070,0.1374697181675023
Afghanistan,city,11_20,2075,0.14331526680421827
Afghanistan,city,11_20,2080,0.1488990078442188
Afghanistan,city,11_20,2085,0.15419482235648851
Afghanistan,city,11_20,2090,0.1591200840391044
Afghanistan,city,11_20,2095,0.16365501916459432
Afghanistan,city,11_20,2100,0.16782606182969476
Afghanistan,city,21_30,2011,0.0673025770269828
Afghanistan,city,21_30,2012,0.06884219785036698
Afghanistan,city,21_30,2013,0.06923433213636267
Afghanistan,city,21_30,2014,0.06904086736409665
Afghanistan,city,21_30,2015,0.06871586087927994
Afghanistan,city,21_30,2016,0.06864393314205458
Afghanistan,city,21_30,2017,0.06859830848735866
Afghanistan,city,21_30,2018,0.06826238236190102
Afghanistan,city,21_30,2019,0.06844490488816281
Afghanistan,city,21_30,2020,0.06737546231570048
Afghanistan,city,21_30,2025,0.06825971884754374
Afghanistan,city,21_30,2030,0.07170475478539298
Afghanistan,city,21_30,2035,0.07584626236091227
Afghanistan,city,21_30,2040,0.08050994590008685
Afghanistan,city,21_30,2045,0.08550674736243928
Afghanistan,city,21_30,2050,0.09067878470282241
Afghanistan,city,21_30,2055,0.09590710768215063
Afghanistan,city,21_30,2060,0.10109594542738817
Afghanistan,city,21_30,2065,0.10617065413354315
Afghanistan,city,21_30,2070,0.11109480815227228
Afghanistan,city,21_30,2075,0.11581883110800027
Afghanistan,city,21_30,2080,0.12033127681517035
Afghanistan,city,21_30,2085,0.1246110375151505
Afghanistan,city,21_30,2090,0.12859133957020555
Afghanistan,city,21_30,2095,0.13225620303588484
Afghanistan,city,21_30,2100,0.1356269903689152
Afghanistan,city,31_50,2011,0.128420945162782
Afghanistan,city,31_50,2012,0.13135871619719613
Afghanistan,city,31_50,2013,0.13210695286008217
Afghanistan,city,31_50,2014,0.13173780014695285
Afghanistan,city,31_50,2015,0.13111765093710223
Afghanistan,city,31_50,2016,0.13098040466205696
Afghanistan,city,31_50,2017,0.1308933476497166
Afghanistan,city,31_50,2018,0.1302523625278713
Afghanistan,city,31_50,2019,0.1306006361954107
Afghanistan,city,31_50,2020,0.12856001855460522
Afghanistan,city,31_50,2025,0.13024728024059012
Afghanistan,city,31_50,2030,0.13682079927658453
Afghanistan,city,31_50,2035,0.14472326513660322
Afghanistan,city,31_50,2040,0.1536221019196404
Afghanistan,city,31_50,2045,0.1631565654562863
Afghanistan,city,31_50,2050,0.17302539890976482
Afghanistan,city,31_50,2055,0.1830016317418663
Afghanistan,city,31_50,2060,0.19290252227199514
Afghanistan,city,31_50,2065,0.20258564165996368
Afghanistan,city,31_50,2070,0.21198148564018418
Afghanistan,city,31_50,2075,0.22099545686898345
Afghanistan,city,31_50,2080,0.22960571472698776
Afghanistan,city,31_50,2085,0.2377719832183359
Afghanistan,city,31_50,2090,0.24536685067398478
Afghanistan,city,31_50,2095,0.2523598255487268
Afghanistan,city,31_50,2100,0.25879166983125623
Afghanistan,city,51+,2011,0.0842931032354429
Afghanistan,city,51+,2012,0.08622140112152428
Afghanistan,city,51+,2013,0.08671252965347247
Afghanistan,city,51+,2014,0.08647022472635944
Afghanistan,city,51+,2015,0.0860631703996602
Afghanistan,city,51+,2016,0.08597308451517768
Afghanistan,city,51+,2017,0.0859159419227503
Afghanistan,city,51+,2018,0.08549521129364926
Afghanistan,city,51+,2019,0.08572381160627639
Afghanistan,city,51+,2020,0.08438438840515879
Afghanistan,city,51+,2025,0.08549187537546299
Afghanistan,city,51+,2030,0.08980661015660686
Afghanistan,city,51+,2035,0.09499364074346918
Afghanistan,city,51+,2040,0.10083467054337522
Afghanistan,city,51+,2045,0.1070929138398276
Afghanistan,city,51+,2050,0.11357063128734367
Afghanistan,city,51+,2055,0.12011884367552701
Afghanistan,city,51+,2060,0.12661760278776601
Afghanistan,city,51+,2065,0.13297342100088175
Afghanistan,city,51+,2070,0.1391406770166736
Afghanistan,city,51+,2075,0.14505727891044856
Afghanistan,city,51+,2080,0.15070889090869824
Afghanistan,city,51+,2085,0.1560690766020601
Afghanistan,city,51+,2090,0.1610542053572412
Afghanistan,city,51+,2095,0.16564426309503708
Afghanistan,city,51+,2100,0.16986600522140377
Afghanistan,town,No_travel,2011,0.0
Afghanistan,town,No_travel,2012,0.0
Afghanistan,town,No_travel,2013,0.0
Afghanistan,town,No_travel,2014,0.0
Afghanistan,town,No_travel,2015,0.0
Afghanistan,town,No_travel,2016,0.0
Afghanistan,town,No_travel,2017,0.0
Afghanistan,town,No_travel,2018,0.0
Afghanistan,town,No_travel,2019,0.0
Afghanistan,town,No_travel,2020,0.0
Afghanistan,town,No_travel,2025,0.0
Afghanistan,town,No_travel,2030,0.0
Afghanistan,town,No_travel,2035,0.0
Afghanistan,town,No_travel,2040,0.0
Afghanistan,town,No_travel,2045,0.0
Afghanistan,town,No_travel,2050,0.0
Afghanistan,town,No_travel,2055,0.0
Afghanistan,town,No_travel,2060,0.0
Afghanistan,town,No_travel,2065,0.0
Afghanistan,town,No_travel,2070,0.0
Afghanistan,town,No_travel,2075,0.0
Afghanistan,town,No_travel,2080,0.0
Afghanistan,town,No_travel,2085,0.0
Afghanistan,town,No_travel,2090,0.0
Afghanistan,town,No_travel,2095,0.0
Afghanistan,town,No_travel,2100,0.0
Afghanistan,town,00_01,2011,0.0142978983785273
Afghanistan,town,00_01,2012,0.014624978604079228
Afghanistan,town,00_01,2013,0.01470828442117528
Afghanistan,town,00_01,2014,0.014667184365636908
Afghanistan,town,00_01,2015,0.014598139317177494
Afghanistan,town,00_01,2016,0.014582858840219927
Afghanistan,town,00_01,2017,0.014573166244405415
Afghanistan,town,00_01,2018,0.014501801404949709
Afghanistan,town,00_01,2019,0.014540576867161759
Afghanistan,town,00_01,2020,0.014313382279700316
Afghanistan,town,00_01,2025,0.014501235562462059
Afghanistan,town,00_01,2030,0.015233106107775578
Afghanistan,town,00_01,2035,0.01611293652533798
Afghanistan,town,00_01,2040,0.017103699082409086
Afghanistan,town,00_01,2045,0.01816522989864735
Afghanistan,town,00_01,2050,0.019263988186507545
Afghanistan,town,00_01,2055,0.0203747039116808
Afghanistan,town,00_01,2060,0.021477031312224903
Afghanistan,town,00_01,2065,0.022555112904139904
Afghanistan,town,00_01,2070,0.023601210347507923
Afghanistan,town,00_01,2075,0.02460479153477434
Afghanistan,town,00_01,2080,0.02556342481465414
Afghanistan,town,00_01,2085,0.026472626011336375
Afghanistan,town,00_01,2090,0.027318209595397422
Afghanistan,town,00_01,2095,0.028096780754454997
Afghanistan,town,00_01,2100,0.028812877772909033
Afghanistan,town,02_05,2011,0.0305435787015927
Afghanistan,town,02_05,2012,0.031242296817108432
Afghanistan,town,02_05,2013,0.0314202570818558
Afghanistan,town,02_05,2014,0.03133245796986454
Afghanistan,town,02_05,2015,0.031184961966204124
Afghanistan,town,02_05,2016,0.03115231937509072
Afghanistan,town,02_05,2017,0.031131613775201444
Afghanistan,town,02_05,2018,0.03097916216778791
Afghanistan,town,02_05,2019,0.031061995417151534
Afghanistan,town,02_05,2020,0.030576655853322633
Afghanistan,town,02_05,2025,0.030977953398911767
Afghanistan,town,02_05,2030,0.032541396151710485
Afghanistan,town,02_05,2035,0.03442091500765862
Afghanistan,town,02_05,2040,0.03653741026698564
Afghanistan,town,02_05,2045,0.03880508270188225
Afghanistan,town,02_05,2050,0.041152281524450884
Afghanistan,town,02_05,2055,0.043525024165976096
Afghanistan,town,02_05,2060,0.045879847428953346
Afghanistan,town,02_05,2065,0.04818287610335255
Afghanistan,town,02_05,2070,0.050417579326522126
Afghanistan,town,02_05,2075,0.05256145810962668
Afghanistan,town,02_05,2080,0.05460931788977085
Afghanistan,town,02_05,2085,0.05655157944257023
Afghanistan,town,02_05,2090,0.05835793923509266
Afghanistan,town,02_05,2095,0.060021145172209876
Afghanistan,town,02_05,2100,0.06155089206661881
Afghanistan,town,06_10,2011,0.0419722902791875
Afghanistan,town,06_10,2012,0.042932452801538686
Afghanistan,town,06_10,2013,0.043177001744644304
Afghanistan,town,06_10,2014,0.04305635020440549
Afghanistan,town,06_10,2015,0.04285366455511935
Afghanistan,town,06_10,2016,0.042808807849784906
Afghanistan,town,06_10,2017,0.04278035468594815
Afghanistan,town,06_10,2018,0.04257085915883901
Afghanistan,town,06_10,2019,0.04268468672374309
Afghanistan,town,06_10,2020,0.04201774414782487
Afghanistan,town,06_10,2025,0.042569198096176854
Afghanistan,town,06_10,2030,0.04471764552260556
Afghanistan,town,06_10,2035,0.047300437531943615
Afghanistan,town,06_10,2040,0.05020887711811319
Afghanistan,town,06_10,2045,0.05332506093617474
Afghanistan,town,06_10,2050,0.05655052810511131
Afghanistan,town,06_10,2055,0.0598110970083456
Afghanistan,town,06_10,2060,0.06304704150965942
Afghanistan,town,06_10,2065,0.0662118110668736
Afghanistan,town,06_10,2070,0.06928268934499161
Afghanistan,town,06_10,2075,0.07222875874592803
Afghanistan,town,06_10,2080,0.07504288101964846
Afghanistan,town,06_10,2085,0.0777118926141526
Afghanistan,town,06_10,2090,0.08019415110459108
Afghanistan,town,06_10,2095,0.08247969082699144
Afghanistan,town,06_10,2100,0.0845818341721807
Afghanistan,town,11_20,2011,0.0757320066192673
Afghanistan,town,11_20,2012,0.07746445995966385
Afghanistan,town,11_20,2013,0.07790570779376627
Afghanistan,town,11_20,2014,0.07768801218594472
Afghanistan,town,11_20,2015,0.0773222996925052
Afghanistan,town,11_20,2016,0.07724136323936648
Afghanistan,town,11_20,2017,0.07719002424457512
Afghanistan,town,11_20,2018,0.07681202446090347
Afghanistan,town,11_20,2019,0.07701740734188116
Afghanistan,town,11_20,2020,0.07581402055411858
Afghanistan,town,11_20,2025,0.07680902735000748
Afghanistan,town,11_20,2030,0.08068554287101366
Afghanistan,town,11_20,2035,0.0853457608444982
Afghanistan,town,11_20,2040,0.09059355562830472
Afghanistan,town,11_20,2045,0.09621619027527112
Afghanistan,town,11_20,2050,0.1020360085259149
Afghanistan,town,11_20,2055,0.10791916200931582
Afghanistan,town,11_20,2060,0.11375788486105876
Afghanistan,town,11_20,2065,0.11946818438155561
Afghanistan,town,11_20,2070,0.1250090727280921
Afghanistan,town,11_20,2075,0.13032476424476808
Afghanistan,town,11_20,2080,0.13540237914839176
Afghanistan,town,11_20,2085,0.14021816600198928
Afghanistan,town,11_20,2090,0.14469698798616473
Afghanistan,town,11_20,2095,0.1488208637202285
Afghanistan,town,11_20,2100,0.15261383123936015
Afghanistan,town,21_30,2011,0.0536494958683143
Afghanistan,town,21_30,2012,0.05487678737261739
Afghanistan,town,21_30,2013,0.05518937282900959
Afghanistan,town,21_30,2014,0.05503515455151051
Afghanistan,town,21_30,2015,0.05477607927037591
Afghanistan,town,21_30,2016,0.054718742879831125
Afghanistan,town,21_30,2017,0.05468237369707872
Afghanistan,town,21_30,2018,0.05441459394664549
Afghanistan,town,21_30,2019,0.05456008973523365
Afghanistan,town,21_30,2020,0.053707595560312016
Afghanistan,town,21_30,2025,0.0544124707559919
Afghanistan,town,21_30,2030,0.05715864258890311
Afghanistan,town,21_30,2035,0.060459998991234255
Afghanistan,town,21_30,2040,0.06417760211757162
Afghanistan,town,21_30,2045,0.06816074646733086
Afghanistan,town,21_30,2050,0.07228357813561018
Afghanistan,town,21_30,2055,0.0764512772708933
Afghanistan,town,21_30,2060,0.08058750119383265
Afghanistan,town,21_30,2065,0.08463274843086799
Afghanistan,town,21_30,2070,0.088557982684184
Afghanistan,town,21_30,2075,0.09232368470096622
Afghanistan,town,21_30,2080,0.09592073028253073
Afghanistan,town,21_30,2085,0.0993322936153717
Afghanistan,town,21_30,2090,0.10250514684165614
Afghanistan,town,21_30,2095,0.1054265517275503
Afghanistan,town,21_30,2100,0.10811353711629519
Afghanistan,town,31_50,2011,0.0837659254033078
Afghanistan,town,31_50,2012,0.08568216351391199
Afghanistan,town,31_50,2013,0.08617022047695555
Afghanistan,town,31_50,2014,0.0859294309500507
Afghanistan,town,31_50,2015,0.08552492238343472
Afghanistan,town,31_50,2016,0.08543539990544056
Afghanistan,town,31_50,2017,0.08537861468872772
Afghanistan,town,31_50,2018,0.08496051535272717
Afghanistan,town,31_50,2019,0.08518768597523006
Afghanistan,town,31_50,2020,0.08385663966608077
Afghanistan,town,31_50,2025,0.08495720029772008
Afghanistan,town,31_50,2030,0.08924495027891173
Afghanistan,town,31_50,2035,0.0943995406371546
Afghanistan,town,31_50,2040,0.10020404002936227
Afghanistan,town,31_50,2045,0.1064231436215285
Afghanistan,town,31_50,2050,0.11286034875059751
Afghanistan,town,31_50,2055,0.11936760793764505
Afghanistan,town,31_50,2060,0.12582572313467796
Afghanistan,town,31_50,2065,0.13214179139983323
Afghanistan,town,31_50,2070,0.13827047675525272
Afghanistan,town,31_50,2075,0.14415007560559653
Afghanistan,town,31_50,2080,0.1497663418347744
Afghanistan,town,31_50,2085,0.1550930043694767
Afghanistan,town,31_50,2090,0.16004695561108673
Afghanistan,town,31_50,2095,0.16460830665053236
Afghanistan,town,31_50,2100,0.16880364556267885
Afghanistan,town,51+,2011,0.068333385372376
Afghanistan,town,51+,2012,0.06989658707577388
Afghanistan,town,51+,2013,0.07029472730258751
Afghanistan,town,51+,2014,0.07009829941790291
Afghanistan,town,51+,2015,0.06976831512374138
Afghanistan,town,51+,2016,0.06969528573907438
Afghanistan,town,51+,2017,0.06964896229576005
Afghanistan,town,51+,2018,0.06930789111540475
Afghanistan,town,51+,2019,0.06949320916230786
Afghanistan,town,51+,2020,0.06840738697442351
Afghanistan,town,51+,2025,0.06930518680657943
Afghanistan,town,51+,2030,0.07280298702109955
Afghanistan,town,51+,2035,0.07700792605437183
Afghanistan,town,51+,2040,0.08174303871446294
Afghanistan,town,51+,2045,0.08681637134211681
Afghanistan,town,51+,2050,0.0920676237659137
Afghanistan,town,51+,2055,0.09737602390123762
Afghanistan,town,51+,2060,0.10264433404540778
Afghanistan,town,51+,2065,0.107796767146613
Afghanistan,town,51+,2070,0.11279633966015655
Afghanistan,town,51+,2075,0.1175927158971659
Afghanistan,town,51+,2080,0.12217427436195327
Afghanistan,town,51+,2085,0.12651958400880445
Afghanistan,town,51+,2090,0.1305608484928894
Afghanistan,town,51+,2095,0.1342818431204354
Afghanistan,town,51+,2100,0.13770425753621537
Afghanistan,rural,No_travel,2011,0.0
Afghanistan,rural,No_travel,2012,0.0
Afghanistan,rural,No_travel,2013,0.0
Afghanistan,rural,No_travel,2014,0.0
Afghanistan,rural,No_travel,2015,0.0
Afghanistan,rural,No_travel,2016,0.0
Afghanistan,rural,No_travel,2017,0.0
Afghanistan,rural,No_travel,2018,0.0
Afghanistan,rural,No_travel,2019,0.0
Afghanistan,rural,No_travel,2020,0.0
Afghanistan,rural,No_travel,2025,0.0
Afghanistan,rural,No_travel,2030,0.0
Afghanistan,rural,No_travel,2035,0.0
Afghanistan,rural,No_travel,2040,0.0
Afghanistan,rural,No_travel,2045,0.0
Afghanistan,rural,No_travel,2050,0.0
Afghanistan,rural,No_travel,2055,0.0
Afghanistan,rural,No_travel,2060,0.0
Afghanistan,rural,No_travel,2065,0.0
Afghanistan,rural,No_travel,2070,0.0
Afghanistan,rural,No_travel,2075,0.0
Afghanistan,rural,No_travel,2080,0.0
Afghanistan,rural,No_travel,2085,0.0
Afghanistan,rural,No_travel,2090,0.0
Afghanistan,rural,No_travel,2095,0.0
Afghanistan,rural,No_travel,2100,0.0
Afghanistan,rural,00_01,2011,0.00800533451099545
Afghanistan,rural,00_01,2012,0.008188465384369634
Afghanistan,rural,00_01,2013,0.008235107968818775
Afghanistan,rural,00_01,2014,0.008212096216721048
Afghanistan,rural,00_01,2015,0.00817343817799309
Afghanistan,rural,00_01,2016,0.00816488270177593
Afghanistan,rural,00_01,2017,0.008159455857234108
Afghanistan,rural,00_01,2018,0.008119498977066012
Afghanistan,rural,00_01,2019,0.008141209198918763
Afghanistan,rural,00_01,2020,0.008014003883594387
Afghanistan,rural,00_01,2025,0.00811918216418385
Afghanistan,rural,00_01,2030,0.00852895347314617
Afghanistan,rural,00_01,2035,0.009021566906188438
Afghanistan,rural,00_01,2040,0.009576290788002767
Afghanistan,rural,00_01,2045,0.010170637527134692
Afghanistan,rural,00_01,2050,0.010785827774553102
Afghanistan,rural,00_01,2055,0.01140771294195563
Afghanistan,rural,00_01,2060,0.012024901520890021
Afghanistan,rural,00_01,2065,0.012628514971268667
Afghanistan,rural,00_01,2070,0.013214220628390609
Afghanistan,rural,00_01,2075,0.013776121608542712
Afghanistan,rural,00_01,2080,0.014312856440169134
Afghanistan,rural,00_01,2085,0.014821914451671685
Afghanistan,rural,00_01,2090,0.015295353223455174
Afghanistan,rural,00_01,2095,0.0157312720140258
Afghanistan,rural,00_01,2100,0.016132211790158234
Afghanistan,rural,02_05,2011,0.018205337195522
Afghanistan,rural,02_05,2012,0.01862180440199641
Afghanistan,rural,02_05,2013,0.01872787666873316
Afghanistan,rural,02_05,2014,0.018675544476265318
Afghanistan,rural,02_05,2015,0.01858763026988289
Afghanistan,rural,02_05,2016,0.018568173827533386
Afghanistan,rural,02_05,2017,0.018555832365142796
Afghanistan,rural,02_05,2018,0.01846496439757166
Afghanistan,rural,02_05,2019,0.01851433671410335
Afghanistan,rural,02_05,2020,0.018225052655409465
Afghanistan,rural,02_05,2025,0.018464243917329422
Afghanistan,rural,02_05,2030,0.01939612563226126
Afghanistan,rural,02_05,2035,0.020516402822834654
Afghanistan,rural,02_05,2040,0.021777928534841777
Afghanistan,rural,02_05,2045,0.023129562596116017
Afghanistan,rural,02_05,2050,0.024528597936646232
Afghanistan,rural,02_05,2055,0.02594285853423978
Afghanistan,rural,02_05,2060,0.027346438381814248
Afghanistan,rural,02_05,2065,0.028719146341088426
Afghanistan,rural,02_05,2070,0.03005112927953828
Afghanistan,rural,02_05,2075,0.03132897679485608
Afghanistan,rural,02_05,2080,0.032549592695530746
Afghanistan,rural,02_05,2085,0.03370726733595417
Afghanistan,rural,02_05,2090,0.03478393845693153
Afghanistan,rural,02_05,2095,0.0357752834858372
Afghanistan,rural,02_05,2100,0.03668708096407655
Afghanistan,rural,06_10,2011,0.0247885032228387
Afghanistan,rural,06_10,2012,0.02535556762703094
Afghanistan,rural,06_10,2013,0.025499996301854084
Afghanistan,rural,06_10,2014,0.025428740454861785
Afghanistan,rural,06_10,2015,0.025309035910813016
Afghanistan,rural,06_10,2016,0.02528254389483408
Afghanistan,rural,06_10,2017,0.025265739680940202
Afghanistan,rural,06_10,2018,0.02514201327682043
Afghanistan,rural,06_10,2019,0.02520923893786261
Afghanistan,rural,06_10,2020,0.024815347918749103
Afghanistan,rural,06_10,2025,0.02514103226632802
Afghanistan,rural,06_10,2030,0.02640988835209029
Afghanistan,rural,06_10,2035,0.027935264918904544
Afghanistan,rural,06_10,2040,0.029652966373260155
Afghanistan,rural,06_10,2045,0.03149335993060862
Afghanistan,rural,06_10,2050,0.033398295372075136
Afghanistan,rural,06_10,2055,0.03532396162065221
Afghanistan,rural,06_10,2060,0.03723508489189099
Afghanistan,rural,06_10,2065,0.039104172803146715
Afghanistan,rural,06_10,2070,0.04091780926634015
Afghanistan,rural,06_10,2075,0.04265773459216949
Afghanistan,rural,06_10,2080,0.04431973298652852
Afghanistan,rural,06_10,2085,0.04589603015954618
Afghanistan,rural,06_10,2090,0.04736203242391782
Afghanistan,rural,06_10,2095,0.04871185413719089
Afghanistan,rural,06_10,2100,0.049953363398193305
Afghanistan,rural,11_20,2011,0.0423833067134091
Afghanistan,rural,11_20,2012,0.04335287169089402
Afghanistan,rural,11_20,2013,0.043599815395732176
Afghanistan,rural,11_20,2014,0.043477982367289544
Afghanistan,rural,11_20,2015,0.04327331190535002
Afghanistan,rural,11_20,2016,0.04322801593775577
Afghanistan,rural,11_20,2017,0.04319928414442644
Afghanistan,rural,11_20,2018,0.04298773711848402
Afghanistan,rural,11_20,2019,0.04310267934736121
Afghanistan,rural,11_20,2020,0.042429205692067505
Afghanistan,rural,11_20,2025,0.04298605978975566
Afghanistan,rural,11_20,2030,0.04515554602999342
Afghanistan,rural,11_20,2035,0.04776363020125433
Afghanistan,rural,11_20,2040,0.05070055087482478
Afghanistan,rural,11_20,2045,0.053847250129445995
Afghanistan,rural,11_20,2050,0.05710430289939831
Afghanistan,rural,11_20,2055,0.06039680113970777
Afghanistan,rural,11_20,2060,0.063664433842009
Afghanistan,rural,11_20,2065,0.06686019461485346
Afghanistan,rural,11_20,2070,0.06996114467202869
Afghanistan,rural,11_20,2075,0.07293606365282096
Afghanistan,rural,11_20,2080,0.07577774340540931
Afghanistan,rural,11_20,2085,0.07847289147283815
Afghanistan,rural,11_20,2090,0.08097945764405293
Afghanistan,rural,11_20,2095,0.08328737866565628
Afghanistan,rural,11_20,2100,0.0854101073888703
Afghanistan,rural,21_30,2011,0.0366772116814261
Afghanistan,rural,21_30,2012,0.03751624342943411
Afghanistan,rural,21_30,2013,0.03772994092587979
Afghanistan,rural,21_30,2014,0.037624510365584084
Afghanistan,rural,21_30,2015,0.037447394834975514
Afghanistan,rural,21_30,2016,0.03740819709604015
Afghanistan,rural,21_30,2017,0.03738333348468834
Afghanistan,rural,21_30,2018,0.037200267186828874
Afghanistan,rural,21_30,2019,0.03729973466085514
Afghanistan,rural,21_30,2020,0.03671693124761282
Afghanistan,rural,21_30,2025,0.03719881567807224
Afghanistan,rural,21_30,2030,0.039076222427177246
Afghanistan,rural,21_30,2035,0.041333178352752756
Afghanistan,rural,21_30,2040,0.04387469928608806
Afghanistan,rural,21_30,2045,0.04659775615939744
Afghanistan,rural,21_30,2050,0.04941630957498834
Afghanistan,rural,21_30,2055,0.05226553641179736
Afghanistan,rural,21_30,2060,0.05509324537584418
Afghanistan,rural,21_30,2065,0.05785875857993147
Afghanistan,rural,21_30,2070,0.0605422255031143
Afghanistan,rural,21_30,2075,0.06311662900427127
Afghanistan,rural,21_30,2080,0.06557573137023961
Afghanistan,rural,21_30,2085,0.06790802971709323
Afghanistan,rural,21_30,2090,0.07007713508390172
Afghanistan,rural,21_30,2095,0.07207433904030228
Afghanistan,rural,21_30,2100,0.07391128327049214
Afghanistan,rural,31_50,2011,0.0541066561101835
Afghanistan,rural,31_50,2012,0.05534440566021228
Afghanistan,rural,31_50,2013,0.05565965473236705
Afghanistan,rural,31_50,2014,0.05550412232387939
Afghanistan,rural,31_50,2015,0.05524283940003969
Afghanistan,rural,31_50,2016,0.05518501443233785
Afghanistan,rural,31_50,2017,0.05514833533904268
Afghanistan,rural,31_50,2018,0.054878273773030485
Afghanistan,rural,31_50,2019,0.055025009366183916
Afghanistan,rural,31_50,2020,0.05416525088361332
Afghanistan,rural,31_50,2025,0.05487613249015931
Afghanistan,rural,31_50,2030,0.0576457051129387
Afghanistan,rural,31_50,2035,0.06097519316621938
Afghanistan,rural,31_50,2040,0.0647244748818315
Afghanistan,rural,31_50,2045,0.06874156056141806
Afghanistan,rural,31_50,2050,0.07289952386872121
Afghanistan,rural,31_50,2055,0.07710273696949249
Afghanistan,rural,31_50,2060,0.0812742066500747
Afghanistan,rural,31_50,2065,0.08535392441055807
Afghanistan,rural,31_50,2070,0.08931260652785855
Afghanistan,rural,31_50,2075,0.09311039699611524
Afghanistan,rural,31_50,2080,0.0967380938671554
Afghanistan,rural,31_50,2085,0.10017872795067446
Afghanistan,rural,31_50,2090,0.10337861782147657
Afghanistan,rural,31_50,2095,0.10632491670017753
Afghanistan,rural,31_50,2100,0.1090347985368822
Afghanistan,rural,51+,2011,0.0357459136063553
Afghanistan,rural,51+,2012,0.036563640881748814
Afghanistan,rural,51+,2013,0.03677191222778765
Afghanistan,rural,51+,2014,0.03666915873244196
Afghanistan,rural,51+,2015,0.036496540472622505
Afghanistan,rural,51+,2016,0.036458338032324754
Afghanistan,rural,51+,2017,0.0364341057512276
Afghanistan,rural,51+,2018,0.03625568782446809
Afghanistan,rural,51+,2019,0.03635262964665645
Afghanistan,rural,51+,2020,0.03578462462380464
Afghanistan,rural,51+,2025,0.03625427317203856
Afghanistan,rural,51+,2030,0.03808400930466506
Afghanistan,rural,51+,2035,0.040283657201286106
Afghanistan,rural,51+,2040,0.042760644506124074
Afghanistan,rural,51+,2045,0.04541455823827952
Afghanistan,rural,51+,2050,0.048161543689729
Afghanistan,rural,51+,2055,0.05093842371098377
Afghanistan,rural,51+,2060,0.05369433223562012
Afghanistan,rural,51+,2065,0.05638962425861217
Afghanistan,rural,51+,2070,0.05900495329820169
Afghanistan,rural,51+,2075,0.06151398822538124
Afghanistan,rural,51+,2080,0.06391064971335371
Afghanistan,rural,51+,2085,0.06618372695638455
Afghanistan,rural,51+,2090,0.06829775497243147
Afghanistan,rural,51+,2095,0.07024424645329612
Afghanistan,rural,51+,2100,0.07203454748060438
Bangladesh,large_city,No_travel,2011,0.0
Bangladesh,large_city,No_travel,2012,0.0
Bangladesh,large_city,No_travel,2013,0.0
Bangladesh,large_city,No_travel,2014,0.0
Bangladesh,large_city,No_travel,2015,0.0
Bangladesh,large_city,No_travel,2016,0.0
Bangladesh,large_city,No_travel,2017,0.0
Bangladesh,large_city,No_travel,2018,0.0
Bangladesh,large_city,No_travel,2019,0.0
Bangladesh,large_city,No_travel,2020,0.0
Bangladesh,large_city,No_travel,2025,0.0
Bangladesh,large_city,No_travel,2030,0.0
Bangladesh,large_city,No_travel,2035,0.0
Bangladesh,large_city,No_travel,2040,0.0
Bangladesh,large_city,No_travel,2045,0.0
Bangladesh,large_city,No_travel,2050,0.0
Bangladesh,large_city,No_travel,2055,0.0
Bangladesh,large_city,No_travel,2060,0.0
Bangladesh,large_city,No_travel,2065,0.0
Bangladesh,large_city,No_travel,2070,0.0
Bangladesh,large_city,No_travel,2075,0.0
Bangladesh,large_city,No_travel,2080,0.0
Bangladesh,large_city,No_travel,2085,0.0
Bangladesh,large_city,No_travel,2090,0.0
Bangladesh,large_city,No_travel,2095,0.0
Bangladesh,large_city,No_travel,2100,0.0
Bangladesh,large_city,00_01,2011,0.0263657402468568
Bangladesh,large_city,00_01,2012,0.026733893243339506
Bangladesh,large_city,00_01,2013,0.027068827731569038
Bangladesh,large_city,00_01,2014,0.027411749268195267
Bangladesh,large_city,00_01,2015,0.027796426883008943
Bangladesh,large_city,00_01,2016,0.028221972707371566
Bangladesh,large_city,00_01,2017,0.028612896985175294
Bangladesh,large_city,00_01,2018,0.02906718288347888
Bangladesh,large_city,00_01,2019,0.02957078323868498
Bangladesh,large_city,00_01,2020,0.02974723452080606
Bangladesh,large_city,00_01,2025,0.032471915415399344
Bangladesh,large_city,00_01,2030,0.03446745592017338
Bangladesh,large_city,00_01,2035,0.03640632989930768
Bangladesh,large_city,00_01,2040,0.03829327522708434
Bangladesh,large_city,00_01,2045,0.04010147105577562
Bangladesh,large_city,00_01,2050,0.041816021315749616
Bangladesh,large_city,00_01,2055,0.04343315505083116
Bangladesh,large_city,00_01,2060,0.044961010195937595
Bangladesh,large_city,00_01,2065,0.04640758360848747
Bangladesh,large_city,00_01,2070,0.04777799693752391
Bangladesh,large_city,00_01,2075,0.04907456481797107
Bangladesh,large_city,00_01,2080,0.05026278475818544
Bangladesh,large_city,00_01,2085,0.05135062134439587
Bangladesh,large_city,00_01,2090,0.05232706598184539
Bangladesh,large_city,00_01,2095,0.053230469721160786
Bangladesh,large_city,00_01,2100,0.05408183519759655
Bangladesh,large_city,02_05,2011,0.0607545651824544
Bangladesh,large_city,02_05,2012,0.061602899991661624
Bangladesh,large_city,02_05,2013,0.062374689404986326
Bangladesh,large_city,02_05,2014,0.0631648833708815
Bangladesh,large_city,02_05,2015,0.06405129585179846
Bangladesh,large_city,02_05,2016,0.06503188093237257
Bangladesh,large_city,02_05,2017,0.06593268759643209
Bangladesh,large_city,02_05,2018,0.06697949841841329
Bangladesh,large_city,02_05,2019,0.06813994452460306
Bangladesh,large_city,02_05,2020,0.0685465411466126
Bangladesh,large_city,02_05,2025,0.07482502229154045
Bangladesh,large_city,02_05,2030,0.0794233455146472
Bangladesh,large_city,02_05,2035,0.08389109208436177
Bangladesh,large_city,02_05,2040,0.0882391794825831
Bangladesh,large_city,02_05,2045,0.09240580444013431
Bangladesh,large_city,02_05,2050,0.0963566419494511
Bangladesh,large_city,02_05,2055,0.10008300259765894
Bangladesh,large_city,02_05,2060,0.1036036386250803
Bangladesh,large_city,02_05,2065,0.10693697718721092
Bangladesh,large_city,02_05,2070,0.11009482009798505
Bangladesh,large_city,02_05,2075,0.1130825009697745
Bangladesh,large_city,02_05,2080,0.11582051572426078
Bangladesh,large_city,02_05,2085,0.11832721715444948
Bangladesh,large_city,02_05,2090,0.12057723815964608
Bangladesh,large_city,02_05,2095,0.12265895105116459
Bangladesh,large_city,02_05,2100,0.1246207521934016
Bangladesh,large_city,06_10,2011,0.0853273830804756
Bangladesh,large_city,06_10,2012,0.08651883575614436
Bangladesh,large_city,06_10,2013,0.08760278345176922
Bangladesh,large_city,06_10,2014,0.08871257961331412
Bangladesh,large_city,06_10,2015,0.08995751087237874
Bangladesh,large_city,06_10,2016,0.09133470382177887
Bangladesh,large_city,06_10,2017,0.09259985114156989
Bangladesh,large_city,06_10,2018,0.09407005552459415
Bangladesh,large_city,06_10,2019,0.09569985616837685
Bangladesh,large_city,06_10,2020,0.09627090503723541
Bangladesh,large_city,06_10,2025,0.10508878340090967
Bangladesh,large_city,06_10,2030,0.11154694643783632
Bangladesh,large_city,06_10,2035,0.11782171973126133
Bangladesh,large_city,06_10,2040,0.12392843645256817
Bangladesh,large_city,06_10,2045,0.1297802963554075
Bangladesh,large_city,06_10,2050,0.13532909132470375
Bangladesh,large_city,06_10,2055,0.1405626174238662
Bangladesh,large_city,06_10,2060,0.14550721143250642
Bangladesh,large_city,06_10,2065,0.15018875356145875
Bangladesh,large_city,06_10,2070,0.1546238189914621
Bangladesh,large_city,06_10,2075,0.15881989857007145
Bangladesh,large_city,06_10,2080,0.1626653319648201
Bangladesh,large_city,06_10,2085,0.16618589494736713
Bangladesh,large_city,06_10,2090,0.16934596042842123
Bangladesh,large_city,06_10,2095,0.17226964382282503
Bangladesh,large_city,06_10,2100,0.1750249159096001
Bangladesh,large_city,11_20,2011,0.150513087141122
Bangladesh,large_city,11_20,2012,0.1526147479904688
Bangladesh,large_city,11_20,2013,0.15452677561956102
Bangladesh,large_city,11_20,2014,0.15648439860459912
Bangladesh,large_city,11_20,2015,0.15868039290696248
Bangladesh,large_city,11_20,2016,0.16110968998510797
Bangladesh,large_city,11_20,2017,0.1633413443721934
Bangladesh,large_city,11_20,2018,0.1659347088049065
Bangladesh,large_city,11_20,2019,0.16880959278076876
Bangladesh,large_city,11_20,2020,0.16981689342749415
Bangladesh,large_city,11_20,2025,0.18537117444065704
Bangladesh,large_city,11_20,2030,0.19676303975816883
Bangladesh,large_city,11_20,2035,0.20783141506054195
Bangladesh,large_city,11_20,2040,0.21860334726843966
Bangladesh,large_city,11_20,2045,0.22892572524015123
Bangladesh,large_city,11_20,2050,0.23871351235597343
Bangladesh,large_city,11_20,2055,0.24794518150344572
Bangladesh,large_city,11_20,2060,0.2566671893985903
Bangladesh,large_city,11_20,2065,0.2649251873937388
Bangladesh,large_city,11_20,2070,0.27274841324977017
Bangladesh,large_city,11_20,2075,0.2801500804340393
Bangladesh,large_city,11_20,2080,0.2869332258997019
Bangladesh,large_city,11_20,2085,0.2931433167737903
Bangladesh,large_city,11_20,2090,0.298717508714881
Bangladesh,large_city,11_20,2095,0.30387473489044436
Bangladesh,large_city,11_20,2100,0.3087348922364531
Bangladesh,large_city,21_30,2011,0.157092054088329
Bangladesh,large_city,21_30,2012,0.15928557909065227
Bangladesh,large_city,21_30,2013,0.1612811819543827
Bangladesh,large_city,21_30,2014,0.16332437315915696
Bangladesh,large_city,21_30,2015,0.1656163549547405
Bangladesh,large_city,21_30,2016,0.16815183725229538
Bangladesh,large_city,21_30,2017,0.17048103784435936
Bangladesh,large_city,21_30,2018,0.17318775892405214
Bangladesh,large_city,21_30,2019,0.17618830484076958
Bangladesh,large_city,21_30,2020,0.17723963486584726
Bangladesh,large_city,21_30,2025,0.19347379762628453
Bangladesh,large_city,21_30,2030,0.20536360439735693
Bangladesh,large_city,21_30,2035,0.21691578131895614
Bangladesh,large_city,21_30,2040,0.22815855753981912
Bangladesh,large_city,21_30,2045,0.23893212938963374
Bangladesh,large_city,21_30,2050,0.24914774327550232
Bangladesh,large_city,21_30,2055,0.2587829311291707
Bangladesh,large_city,21_30,2060,0.2678861803020365
Bangladesh,large_city,21_30,2065,0.2765051375791459
Bangladesh,large_city,21_30,2070,0.2846703187116583
Bangladesh,large_city,21_30,2075,0.2923955147310903
Bangladesh,large_city,21_30,2080,0.2994751532835956
Bangladesh,large_city,21_30,2085,0.30595668887638455
Bangladesh,large_city,21_30,2090,0.3117745302252071
Bangladesh,large_city,21_30,2095,0.3171571801243334
Bangladesh,large_city,21_30,2100,0.322229776236598
Bangladesh,large_city,31_50,2011,0.147596045325267
Bangladesh,large_city,31_50,2012,0.14965697461633712
Bangladesh,large_city,31_50,2013,0.15153194590266825
Bangladesh,large_city,31_50,2014,0.15345162887720293
Bangladesh,large_city,31_50,2015,0.15560506337743185
Bangladesh,large_city,31_50,2016,0.15798727909345336
Bangladesh,large_city,31_50,2017,0.1601756825626996
Bangladesh,large_city,31_50,2018,0.16271878590092806
Bangladesh,large_city,31_50,2019,0.16553795274991048
Bangladesh,large_city,31_50,2020,0.16652573125299078
Bangladesh,large_city,31_50,2025,0.18177856015329907
Bangladesh,large_city,31_50,2030,0.1929496436894857
Bangladesh,large_city,31_50,2035,0.20380350665805538
Bangladesh,large_city,31_50,2040,0.21436667179270497
Bangladesh,large_city,31_50,2045,0.22448899534553193
Bangladesh,large_city,31_50,2050,0.2340870887619965
Bangladesh,large_city,31_50,2055,0.24313984213912074
Bangladesh,large_city,31_50,2060,0.2516928118314644
Bangladesh,large_city,31_50,2065,0.2597907644383703
Bangladesh,large_city,31_50,2070,0.2674623710738383
Bangladesh,large_city,31_50,2075,0.2747205891196062
Bangladesh,large_city,31_50,2080,0.28137227280116617
Bangladesh,large_city,31_50,2085,0.28746200806296823
Bangladesh,large_city,31_50,2090,0.29292816852792214
Bangladesh,large_city,31_50,2095,0.2979854442958918
Bangladesh,large_city,31_50,2100,0.30275140862201616
Bangladesh,large_city,51+,2011,0.0999074306415119
Bangladesh,large_city,51+,2012,0.10130246903668631
Bangladesh,large_city,51+,2013,0.10257163287729693
Bangladesh,large_city,51+,2014,0.10387106195894578
Bangladesh,large_city,51+,2015,0.1053287169218449
Bangladesh,large_city,51+,2016,0.1069412333744168
Bangladesh,large_city,51+,2017,0.10842255875368109
Bangladesh,large_city,51+,2018,0.11014397967534831
Bangladesh,large_city,51+,2019,0.11205226736565096
Bangladesh,large_city,51+,2020,0.11272089240955502
Bangladesh,large_city,51+,2025,0.12304549793733964
Bangladesh,large_city,51+,2030,0.13060717922170287
Bangladesh,large_city,51+,2035,0.13795413461834058
Bangladesh,large_city,51+,2040,0.14510431730595338
Bangladesh,large_city,51+,2045,0.1519560953197636
Bangladesh,large_city,51+,2050,0.15845302313502416
Bangladesh,large_city,51+,2055,0.16458081150595635
Bangladesh,large_city,51+,2060,0.17037029742635246
Bangladesh,large_city,51+,2065,0.1758517833064772
Bangladesh,large_city,51+,2070,0.18104467655881945
Bangladesh,large_city,51+,2075,0.18595774800589288
Bangladesh,large_city,51+,2080,0.19046025770796662
Bangladesh,large_city,51+,2085,0.19458238579041537
Bangladesh,large_city,51+,2090,0.1982824174973914
Bangladesh,large_city,51+,2095,0.20170567607393355
Bangladesh,large_city,51+,2100,0.20493174659162836
Bangladesh,city,No_travel,2011,0.0
Bangladesh,city,No_travel,2012,0.0
Bangladesh,city,No_travel,2013,0.0
Bangladesh,city,No_travel,2014,0.0
Bangladesh,city,No_travel,2015,0.0
Bangladesh,city,No_travel,2016,0.0
Bangladesh,city,No_travel,2017,0.0
Bangladesh,city,No_travel,2018,0.0
Bangladesh,city,No_travel,2019,0.0
Bangladesh,city,No_travel,2020,0.0
Bangladesh,city,No_travel,2025,0.0
Bangladesh,city,No_travel,2030,0.0
Bangladesh,city,No_travel,2035,0.0
Bangladesh,city,No_travel,2040,0.0
Bangladesh,city,No_travel,2045,0.0
Bangladesh,city,No_travel,2050,0.0
Bangladesh,city,No_travel,2055,0.0
Bangladesh,city,No_travel,2060,0.0
Bangladesh,city,No_travel,2065,0.0
Bangladesh,city,No_travel,2070,0.0
Bangladesh,city,No_travel,2075,0.0
Bangladesh,city,No_travel,2080,0.0
Bangladesh,city,No_travel,2085,0.0
Bangladesh,city,No_travel,2090,0.0
Bangladesh,city,No_travel,2095,0.0
Bangladesh,city,No_travel,2100,0.0
Bangladesh,city,00_01,2011,0.0203337654203297
Bangladesh,city,00_01,2012,0.020617692084219336
Bangladesh,city,00_01,2013,0.02087599999634592
Bangladesh,city,00_01,2014,0.02114046767364423
Bangladesh,city,00_01,2015,0.02143713844066378
Bangladesh,city,00_01,2016,0.021765327556052715
Bangladesh,city,00_01,2017,0.02206681586958188
Bangladesh,city,00_01,2018,0.02241716988215204
Bangladesh,city,00_01,2019,0.022805556151321037
Bangladesh,city,00_01,2020,0.022941638770097278
Bangladesh,city,00_01,2025,0.025042965022923375
Bangladesh,city,00_01,2030,0.026581964198783004
Bangladesh,city,00_01,2035,0.028077261061384768
Bangladesh,city,00_01,2040,0.029532509550399672
Bangladesh,city,00_01,2045,0.030927024912774534
Bangladesh,city,00_01,2050,0.032249319013424066
Bangladesh,city,00_01,2055,0.03349648361849787
Bangladesh,city,00_01,2060,0.03467479485975125
Bangladesh,city,00_01,2065,0.03579042006726203
Bangladesh,city,00_01,2070,0.036847309155170045
Bangladesh,city,00_01,2075,0.037847247214397854
Bangladesh,city,00_01,2080,0.038763625260523744
Bangladesh,city,00_01,2085,0.039602585735464026
Bangladesh,city,00_01,2090,0.04035563859944361
Bangladesh,city,00_01,2095,0.041052360919511144
Bangladesh,city,00_01,2100,0.041708950331480185
Bangladesh,city,02_05,2011,0.0396703669770022
Bangladesh,city,02_05,2012,0.04022429659693362
Bangladesh,city,02_05,2013,0.04072824505189513
Bangladesh,city,02_05,2014,0.041244210963525534
Bangladesh,city,02_05,2015,0.04182300382140161
Bangladesh,city,02_05,2016,0.04246328772240108
Bangladesh,city,02_05,2017,0.04305147942176148
Bangladesh,city,02_05,2018,0.043735006154917724
Bangladesh,city,02_05,2019,0.04449273230687571
Bangladesh,city,02_05,2020,0.04475822407952337
Bangladesh,city,02_05,2025,0.04885782795833455
Bangladesh,city,02_05,2030,0.05186035409265372
Bangladesh,city,02_05,2035,0.05477761875331834
Bangladesh,city,02_05,2040,0.05761675063118639
Bangladesh,city,02_05,2045,0.06033739459637979
Bangladesh,city,02_05,2050,0.0629171377546168
Bangladesh,city,02_05,2055,0.06535030625741364
Bangladesh,city,02_05,2060,0.06764914458801197
Bangladesh,city,02_05,2065,0.06982568496191136
Bangladesh,city,02_05,2070,0.07188763350437763
Bangladesh,city,02_05,2075,0.07383847285674759
Bangladesh,city,02_05,2080,0.07562628994954913
Bangladesh,city,02_05,2085,0.07726306844246937
Bangladesh,city,02_05,2090,0.07873224460584169
Bangladesh,city,02_05,2095,0.08009152212020279
Bangladesh,city,02_05,2100,0.08137250192829991
Bangladesh,city,06_10,2011,0.0505698242635587
Bangladesh,city,06_10,2012,0.05127594638112194
Bangladesh,city,06_10,2013,0.051918354978452784
Bangladesh,city,06_10,2014,0.05257608283593045
Bangladesh,city,06_10,2015,0.053313899381080235
Bangladesh,city,06_10,2016,0.05413010167059018
Bangladesh,city,06_10,2017,0.054879899394598704
Bangladesh,city,06_10,2018,0.05575122551051779
Bangladesh,city,06_10,2019,0.05671713738036845
Bangladesh,city,06_10,2020,0.05705557317789954
Bangladesh,city,06_10,2025,0.06228154569844292
Bangladesh,city,06_10,2030,0.06610901770159545
Bangladesh,city,06_10,2035,0.06982780258971165
Bangladesh,city,06_10,2040,0.07344698766576825
Bangladesh,city,06_10,2045,0.07691513020357994
Bangladesh,city,06_10,2050,0.08020365935262444
Bangladesh,city,06_10,2055,0.0833053423711202
Bangladesh,city,06_10,2060,0.08623578792147478
Bangladesh,city,06_10,2065,0.08901033407766339
Bangladesh,city,06_10,2070,0.09163880422752284
Bangladesh,city,06_10,2075,0.09412563787020063
Bangladesh,city,06_10,2080,0.09640465878903338
Bangladesh,city,06_10,2085,0.09849114316144501
Bangladesh,city,06_10,2090,0.10036397636303901
Bangladesh,city,06_10,2095,0.10209671619543069
Bangladesh,city,06_10,2100,0.10372964597947308
Bangladesh,city,11_20,2011,0.0832808161760771
Bangladesh,city,11_20,2012,0.08444369200424215
Bangladesh,city,11_20,2013,0.08550164134623332
Bangladesh,city,11_20,2014,0.0865848191818335
Bangladesh,city,11_20,2015,0.08779989091607653
Bangladesh,city,11_20,2016,0.0891440520601
Bangladesh,city,11_20,2017,0.09037885497531188
Bangladesh,city,11_20,2018,0.09181379668503745
Bangladesh,city,11_20,2019,0.09340450675861964
Bangladesh,city,11_20,2020,0.09396185908981809
Bangladesh,city,11_20,2025,0.10256824171350128
Bangladesh,city,11_20,2030,0.10887150649552518
Bangladesh,city,11_20,2035,0.11499578011473875
Bangladesh,city,11_20,2040,0.12095602797827484
Bangladesh,city,11_20,2045,0.12666753173313489
Bangladesh,city,11_20,2050,0.13208323953001963
Bangladesh,city,11_20,2055,0.13719124014227305
Bangladesh,city,11_20,2060,0.14201723866505117
Bangladesh,city,11_20,2065,0.14658649457547943
Bangladesh,city,11_20,2070,0.15091518550060282
Bangladesh,city,11_20,2075,0.15501062262090892
Bangladesh,city,11_20,2080,0.15876382376342338
Bangladesh,city,11_20,2085,0.1621999464710573
Bangladesh,city,11_20,2090,0.16528421816592254
Bangladesh,city,11_20,2095,0.16813777736973345
Bangladesh,city,11_20,2100,0.17082696459064442
Bangladesh,city,21_30,2011,0.0673025770269828
Bangladesh,city,21_30,2012,0.06824234375348104
Bangladesh,city,21_30,2013,0.06909731516645885
Bangladesh,city,21_30,2014,0.06997267473978809
Bangladesh,city,21_30,2015,0.07095462307725758
Bangladesh,city,21_30,2016,0.07204089375862374
Bangladesh,city,21_30,2017,0.07303878765700347
Bangladesh,city,21_30,2018,0.07419842176462137
Bangladesh,city,21_30,2019,0.07548393855192702
Bangladesh,city,21_30,2020,0.07593435738694833
Bangladesh,city,21_30,2025,0.08288952132565755
Bangladesh,city,21_30,2030,0.08798344310731623
Bangladesh,city,21_30,2035,0.09293271493145382
Bangladesh,city,21_30,2040,0.09774943094546878
Bangladesh,city,21_30,2045,0.10236512684101154
Bangladesh,city,21_30,2050,0.10674177812628279
Bangladesh,city,21_30,2055,0.1108697588599636
Bangladesh,city,21_30,2060,0.11476984236328404
Bangladesh,city,21_30,2065,0.11846244183562125
Bangladesh,city,21_30,2070,0.12196063106803905
Bangladesh,city,21_30,2075,0.12527031851953815
Bangladesh,city,21_30,2080,0.1283034313129788
Bangladesh,city,21_30,2085,0.1310803002705999
Bangladesh,city,21_30,2090,0.13357282427369002
Bangladesh,city,21_30,2095,0.13587890023372257
Bangladesh,city,21_30,2100,0.13805214058348908
Bangladesh,city,31_50,2011,0.128420945162782
Bangladesh,city,31_50,2012,0.13021412659179404
Bangladesh,city,31_50,2013,0.13184550895175556
Bangladesh,city,31_50,2014,0.13351579423249837
Bangladesh,city,31_50,2015,0.13538946295618332
Bangladesh,city,31_50,2016,0.13746219053610545
Bangladesh,city,31_50,2017,0.13936628519730573
Bangladesh,city,31_50,2018,0.14157899850965905
Bangladesh,city,31_50,2019,0.14403191024262624
Bangladesh,city,31_50,2020,0.1448913604311289
Bangladesh,city,31_50,2025,0.15816260153699385
Bangladesh,city,31_50,2030,0.16788238165066802
Bangladesh,city,31_50,2035,0.1773261532505052
Bangladesh,city,31_50,2040,0.18651699334051416
Bangladesh,city,31_50,2045,0.19532426426049587
Bangladesh,city,31_50,2050,0.20367541097033287
Bangladesh,city,31_50,2055,0.21155206608296712
Bangladesh,city,31_50,2060,0.2189938674497912
Bangladesh,city,31_50,2065,0.22603976576888554
Bangladesh,city,31_50,2070,0.2327147073154069
Bangladesh,city,31_50,2075,0.23902996609880398
Bangladesh,city,31_50,2080,0.24481748908715573
Bangladesh,city,31_50,2085,0.25011606979362583
Bangladesh,city,31_50,2090,0.2548720880986816
Bangladesh,city,31_50,2095,0.25927234240522645
Bangladesh,city,31_50,2100,0.2634191313115564
Bangladesh,city,51+,2011,0.0842931032354429
Bangladesh,city,51+,2012,0.08547011394132109
Bangladesh,city,51+,2013,0.08654092276857593
Bangladesh,city,51+,2014,0.08763726674442684
Bangladesh,city,51+,2015,0.08886710780309838
Bangladesh,city,51+,2016,0.09022760736687173
Bangladesh,city,51+,2017,0.09147741944108721
Bangladesh,city,51+,2018,0.09292980301786448
Bangladesh,city,51+,2019,0.09453984833930598
Bangladesh,city,51+,2020,0.09510397534657372
Bangladesh,city,51+,2025,0.10381496945412476
Bangladesh,city,51+,2030,0.11019485108098251
Bangladesh,city,51+,2035,0.11639356588866423
Bangladesh,city,51+,2040,0.12242626119039682
Bangladesh,city,51+,2045,0.12820718887271143
Bangladesh,city,51+,2050,0.13368872516614336
Bangladesh,city,51+,2055,0.13885881406182668
Bangladesh,city,51+,2060,0.1437434731030464
Bangladesh,city,51+,2065,0.14836826879852286
Bangladesh,city,51+,2070,0.1527495754160553
Bangladesh,city,51+,2075,0.15689479300429734
Bangladesh,city,51+,2080,0.1606936147005265
Bangladesh,city,51+,2085,0.16417150384022774
Bangladesh,city,51+,2090,0.16729326518118
Bangladesh,city,51+,2095,0.17018150969654028
Bangladesh,city,51+,2100,0.17290338427030075
Bangladesh,town,No_travel,2011,0.0
Bangladesh,town,No_travel,2012,0.0
Bangladesh,town,No_travel,2013,0.0
Bangladesh,town,No_travel,2014,0.0
Bangladesh,town,No_travel,2015,0.0
Bangladesh,town,No_travel,2016,0.0
Bangladesh,town,No_travel,2017,0.0
Bangladesh,town,No_travel,2018,0.0
Bangladesh,town,No_travel,2019,0.0
Bangladesh,town,No_travel,2020,0.0
Bangladesh,town,No_travel,2025,0.0
Bangladesh,town,No_travel,2030,0.0
Bangladesh,town,No_travel,2035,0.0
Bangladesh,town,No_travel,2040,0.0
Bangladesh,town,No_travel,2045,0.0
Bangladesh,town,No_travel,2050,0.0
Bangladesh,town,No_travel,2055,0.0
Bangladesh,town,No_travel,2060,0.0
Bangladesh,town,No_travel,2065,0.0
Bangladesh,town,No_travel,2070,0.0
Bangladesh,town,No_travel,2075,0.0
Bangladesh,town,No_travel,2080,0.0
Bangladesh,town,No_travel,2085,0.0
Bangladesh,town,No_travel,2090,0.0
Bangladesh,town,No_travel,2095,0.0
Bangladesh,town,No_travel,2100,0.0
Bangladesh,town,00_01,2011,0.0142978983785273
Bangladesh,town,00_01,2012,0.014497544361616568
Bangladesh,town,00_01,2013,0.014679176253281011
Bangladesh,town,00_01,2014,0.014865139447812398
Bangladesh,town,00_01,2015,0.015073746579400743
Bangladesh,town,00_01,2016,0.015304516165051529
Bangladesh,town,00_01,2017,0.015516510804511852
Bangladesh,town,00_01,2018,0.01576286586786028
Bangladesh,town,00_01,2019,0.016035963707507907
Bangladesh,town,00_01,2020,0.016131651614500347
Bangladesh,town,00_01,2025,0.017609220997345718
Bangladesh,town,00_01,2030,0.0186913842546772
Bangladesh,town,00_01,2035,0.019742817776470238
Bangladesh,town,00_01,2040,0.020766090868360912
Bangladesh,town,00_01,2045,0.021746658831370672
Bangladesh,town,00_01,2050,0.022676443663977766
Bangladesh,town,00_01,2055,0.023553400411340117
Bangladesh,town,00_01,2060,0.02438194220069671
Bangladesh,town,00_01,2065,0.0251664056542568
Bangladesh,town,00_01,2070,0.025909568195178753
Bangladesh,town,00_01,2075,0.026612685028687952
Bangladesh,town,00_01,2080,0.02725704577097928
Bangladesh,town,00_01,2085,0.02784696954389269
Bangladesh,town,00_01,2090,0.02837648648776744
Bangladesh,town,00_01,2095,0.028866394024539634
Bangladesh,town,00_01,2100,0.029328081690089488
Bangladesh,town,02_05,2011,0.0305435787015927
Bangladesh,town,02_05,2012,0.030970068150286908
Bangladesh,town,02_05,2013,0.031358075382601804
Bangladesh,town,02_05,2014,0.03175533526775382
Bangladesh,town,02_05,2015,0.032200967777700255
Bangladesh,town,02_05,2016,0.03269394435472253
Bangladesh,town,02_05,2017,0.033146813355693784
Bangladesh,town,02_05,2018,0.033673084075117765
Bangladesh,town,02_05,2019,0.03425648347674168
Bangladesh,town,02_05,2020,0.03446089471541739
Bangladesh,town,02_05,2025,0.0376173206136304
Bangladesh,town,02_05,2030,0.03992906865821823
Bangladesh,town,02_05,2035,0.04217517096445705
Bangladesh,town,02_05,2040,0.0443611161563968
Bangladesh,town,02_05,2045,0.0464558334328483
Bangladesh,town,02_05,2050,0.04844206633634492
Bangladesh,town,02_05,2055,0.05031544637597237
Bangladesh,town,02_05,2060,0.0520854010001273
Bangladesh,town,02_05,2065,0.053761194224977715
Bangladesh,town,02_05,2070,0.05534875926116615
Bangladesh,town,02_05,2075,0.05685077751392946
Bangladesh,town,02_05,2080,0.05822727932722735
Bangladesh,town,02_05,2085,0.05948749133243934
Bangladesh,town,02_05,2090,0.060618660544926865
Bangladesh,town,02_05,2095,0.06166521501116767
Bangladesh,town,02_05,2100,0.0626514853828647
Bangladesh,town,06_10,2011,0.0419722902791875
Bangladesh,town,06_10,2012,0.04255836236708827
Bangladesh,town,06_10,2013,0.04309155306960068
Bangladesh,town,06_10,2014,0.04363745855693009
Bangladesh,town,06_10,2015,0.044249836603656466
Bangladesh,town,06_10,2016,0.0449272737891864
Bangladesh,town,06_10,2017,0.04554959605708161
Bangladesh,town,06_10,2018,0.04627278529488853
Bangladesh,town,06_10,2019,0.047074479466776314
Bangladesh,town,06_10,2020,0.047355376735883095
Bangladesh,town,06_10,2025,0.051692865323545986
Bangladesh,town,06_10,2030,0.05486961684070611
Bangladesh,town,06_10,2035,0.05795615947918522
Bangladesh,town,06_10,2040,0.06096003558115965
Bangladesh,town,06_10,2045,0.06383854835921426
Bangladesh,town,06_10,2050,0.06656798438248179
Bangladesh,town,06_10,2055,0.06914234057023194
Bangladesh,town,06_10,2060,0.07157457190735901
Bangladesh,town,06_10,2065,0.07387740879391055
Bangladesh,town,06_10,2070,0.07605900451283379
Bangladesh,town,06_10,2075,0.07812304379014127
Bangladesh,town,06_10,2080,0.08001460123473615
Bangladesh,town,06_10,2085,0.08174635587334098
Bangladesh,town,06_10,2090,0.08330078284489066
Bangladesh,town,06_10,2095,0.08473893415908976
Bangladesh,town,06_10,2100,0.08609424444342365
Bangladesh,town,11_20,2011,0.0757320066192673
Bangladesh,town,11_20,2012,0.07678947608173972
Bangladesh,town,11_20,2013,0.07775152989256127
Bangladesh,town,11_20,2014,0.07873652541472428
Bangladesh,town,11_20,2015,0.07984145959819848
Bangladesh,town,11_20,2016,0.08106378216095199
Bangladesh,town,11_20,2017,0.08218665903514838
Bangladesh,town,11_20,2018,0.08349153355546336
Bangladesh,town,11_20,2019,0.08493805715301267
Bangladesh,town,11_20,2020,0.08544488948696032
Bangladesh,town,11_20,2025,0.09327116516186117
Bangladesh,town,11_20,2030,0.09900308413328393
Bangladesh,town,11_20,2035,0.10457223620892986
Bangladesh,town,11_20,2040,0.10999223028895247
Bangladesh,town,11_20,2045,0.11518602713232781
Bangladesh,town,11_20,2050,0.12011083980292588
Bangladesh,town,11_20,2055,0.12475583674148275
Bangladesh,town,11_20,2060,0.12914439306036996
Bangladesh,town,11_20,2065,0.1332994786460115
Bangladesh,town,11_20,2070,0.13723580473941946
Bangladesh,town,11_20,2075,0.14096001981493056
Bangladesh,town,11_20,2080,0.14437302015305642
Bangladesh,town,11_20,2085,0.14749768294561313
Bangladesh,town,11_20,2090,0.15030238749986857
Bangladesh,town,11_20,2095,0.1528972919980975
Bangladesh,town,11_20,2100,0.15534272365649882
Bangladesh,town,21_30,2011,0.0536494958683143
Bangladesh,town,21_30,2012,0.05439862039426274
Bangladesh,town,21_30,2013,0.05508015128526697
Bangladesh,town,21_30,2014,0.055777934370063086
Bangladesh,town,21_30,2015,0.05656068349500145
Bangladesh,town,21_30,2016,0.05742659200855599
Bangladesh,town,21_30,2017,0.05822205195887372
Bangladesh,town,21_30,2018,0.05914644130640881
Bangladesh,town,21_30,2019,0.060171176622881954
Bangladesh,town,21_30,2020,0.060530222955072155
Bangladesh,town,21_30,2025,0.0660744540302601
Bangladesh,town,21_30,2030,0.07013501675535529
Bangladesh,town,21_30,2035,0.07408027338607509
Bangladesh,town,21_30,2040,0.07791986463663206
Bangladesh,town,21_30,2045,0.08159921495003888
Bangladesh,town,21_30,2050,0.08508801352831732
Bangladesh,town,21_30,2055,0.08837858716010115
Bangladesh,town,21_30,2060,0.09148749506586505
Bangladesh,town,21_30,2065,0.09443100939897997
Bangladesh,town,21_30,2070,0.0972195517856398
Bangladesh,town,21_30,2075,0.09985783208779561
Bangladesh,town,21_30,2080,0.10227564399735425
Bangladesh,town,21_30,2085,0.10448919400167302
Bangladesh,town,21_30,2090,0.10647608160854499
Bangladesh,town,21_30,2095,0.10831434424505865
Bangladesh,town,21_30,2100,0.11004671846185733
Bangladesh,town,31_50,2011,0.0837659254033078
Bangladesh,town,31_50,2012,0.08493557496185
Bangladesh,town,31_50,2013,0.08599968683936024
Bangladesh,town,31_50,2014,0.08708917416599218
Bangladesh,town,31_50,2015,0.08831132367080824
Bangladesh,town,31_50,2016,0.08966331452884979
Bangladesh,town,31_50,2017,0.09090531014840206
Bangladesh,town,31_50,2018,0.09234861036727642
Bangladesh,town,31_50,2019,0.09394858629787077
Bangladesh,town,31_50,2020,0.09450918519617912
Bangladesh,town,31_50,2025,0.10316569984084298
Bangladesh,town,31_50,2030,0.1095056810246487
Bangladesh,town,31_50,2035,0.1156656284254026
Bangladesh,town,31_50,2040,0.12166059462345968
Bangladesh,town,31_50,2045,0.12740536778296857
Bangladesh,town,31_50,2050,0.13285262197847048
Bangladesh,town,31_50,2055,0.1379903766006325
Bangladesh,town,31_50,2060,0.14284448647631878
Bangladesh,town,31_50,2065,0.1474403582186457
Bangladesh,town,31_50,2070,0.15179426368903925
Bangladesh,town,31_50,2075,0.15591355665547926
Bangladesh,town,31_50,2080,0.1596886201258321
Bangladesh,town,31_50,2085,0.16314475818523494
Bangladesh,town,31_50,2090,0.16624699570617113
Bangladesh,town,31_50,2095,0.16911717684002284
Bangladesh,town,31_50,2100,0.17182202852718803
Bangladesh,town,51+,2011,0.068333385372376
Bangladesh,town,51+,2012,0.06928754559504022
Bangladesh,town,51+,2013,0.07015561177654699
Bangladesh,town,51+,2014,0.07104437838409788
Bangladesh,town,51+,2015,0.07204136627258788
Bangladesh,town,51+,2016,0.07314427430921101
Bangladesh,town,51+,2017,0.07415745198131392
Bangladesh,town,51+,2018,0.07533484708068783
Bangladesh,town,51+,2019,0.07664005288275388
Bangladesh,town,51+,2020,0.07709737034654354
Bangladesh,town,51+,2025,0.08415905979063906
Bangladesh,town,51+,2030,0.08933100023540494
Bangladesh,town,51+,2035,0.09435607525943925
Bangladesh,town,51+,2040,0.09924656424447499
Bangladesh,town,51+,2045,0.10393295428070445
Bangladesh,town,51+,2050,0.10837663849203921
Bangladesh,town,51+,2055,0.11256784350594624
Bangladesh,town,51+,2060,0.11652766080848423
Bangladesh,town,51+,2065,0.12027681624822152
Bangladesh,town,51+,2070,0.12382858385480908
Bangladesh,town,51+,2075,0.12718896258138787
Bangladesh,town,51+,2080,0.13026853062391575
Bangladesh,town,51+,2085,0.13308793019213186
Bangladesh,town,51+,2090,0.13561862976972414
Bangladesh,town,51+,2095,0.13796002566028115
Bangladesh,town,51+,2100,0.1401665514262686
Bangladesh,rural,No_travel,2011,0.0
Bangladesh,rural,No_travel,2012,0.0
Bangladesh,rural,No_travel,2013,0.0
Bangladesh,rural,No_travel,2014,0.0
Bangladesh,rural,No_travel,2015,0.0
Bangladesh,rural,No_travel,2016,0.0
Bangladesh,rural,No_travel,2017,0.0
Bangladesh,rural,No_travel,2018,0.0
Bangladesh,rural,No_travel,2019,0.0
Bangladesh,rural,No_travel,2020,0.0
Bangladesh,rural,No_travel,2025,0.0
Bangladesh,rural,No_travel,2030,0.0
Bangladesh,rural,No_travel,2035,0.0
Bangladesh,rural,No_travel,2040,0.0
Bangladesh,rural,No_travel,2045,0.0
Bangladesh,rural,No_travel,2050,0.0
Bangladesh,rural,No_travel,2055,0.0
Bangladesh,rural,No_travel,2060,0.0
Bangladesh,rural,No_travel,2065,0.0
Bangladesh,rural,No_travel,2070,0.0
Bangladesh,rural,No_travel,2075,0.0
Bangladesh,rural,No_travel,2080,0.0
Bangladesh,rural,No_travel,2085,0.0
Bangladesh,rural,No_travel,2090,0.0
Bangladesh,rural,No_travel,2095,0.0
Bangladesh,rural,No_travel,2100,0.0
Bangladesh,rural,00_01,2011,0.00800533451099545
Bangladesh,rural,00_01,2012,0.008117115476008208
Bangladesh,rural,00_01,2013,0.008218810425303863
Bangladesh,rural,00_01,2014,0.00832293045326495
Bangladesh,rural,00_01,2015,0.008439728728475239
Bangladesh,rural,00_01,2016,0.00856893567058589
Bangladesh,rural,00_01,2017,0.008687630597524696
Bangladesh,rural,00_01,2018,0.008825563784512753
Bangladesh,rural,00_01,2019,0.008978470141987833
Bangladesh,rural,00_01,2020,0.00903204540765638
Bangladesh,rural,00_01,2025,0.009859330429533885
Bangladesh,rural,00_01,2030,0.010465229187595926
Bangladesh,rural,00_01,2035,0.011053922493086761
Bangladesh,rural,00_01,2040,0.011626848889667375
Bangladesh,rural,00_01,2045,0.012175864860185629
Bangladesh,rural,00_01,2050,0.012696447564805213
Bangladesh,rural,00_01,2055,0.01318745204171864
Bangladesh,rural,00_01,2060,0.013651349182720802
Bangladesh,rural,00_01,2065,0.01409056704475502
Bangladesh,rural,00_01,2070,0.014506660695627251
Bangladesh,rural,00_01,2075,0.014900332919581944
Bangladesh,rural,00_01,2080,0.015261107849661332
Bangladesh,rural,00_01,2085,0.01559140374442393
Bangladesh,rural,00_01,2090,0.015887878103992992
Bangladesh,rural,00_01,2095,0.01616217531939418
Bangladesh,rural,00_01,2100,0.016420672344934505
Bangladesh,rural,02_05,2011,0.018205337195522
Bangladesh,rural,02_05,2012,0.018459543956938777
Bangladesh,rural,02_05,2013,0.018690813598509156
Bangladesh,rural,02_05,2014,0.0189275982344585
Bangladesh,rural,02_05,2015,0.01919321511544431
Bangladesh,rural,02_05,2016,0.019487051175123747
Bangladesh,rural,02_05,2017,0.019756981327992536
Bangladesh,rural,02_05,2018,0.020070662183692134
Bangladesh,rural,02_05,2019,0.020418394285748504
Bangladesh,rural,02_05,2020,0.020540232514431628
Bangladesh,rural,02_05,2025,0.022421603337774272
Bangladesh,rural,02_05,2030,0.02379950843114879
Bangladesh,rural,02_05,2035,0.025138285732270515
Bangladesh,rural,02_05,2040,0.02644120670623347
Bangladesh,rural,02_05,2045,0.027689751767690084
Bangladesh,rural,02_05,2050,0.028873635297196443
Bangladesh,rural,02_05,2055,0.029990253479040326
Bangladesh,rural,02_05,2060,0.03104522549356178
Bangladesh,rural,02_05,2065,0.03204407310819255
Bangladesh,rural,02_05,2070,0.03299033278149417
Bangladesh,rural,02_05,2075,0.03388560275075809
Bangladesh,rural,02_05,2080,0.03470605931566051
Bangladesh,rural,02_05,2085,0.03545720196062938
Bangladesh,rural,02_05,2090,0.03613142933718282
Bangladesh,rural,02_05,2095,0.03675522254548817
Bangladesh,rural,02_05,2100,0.03734308374073708
Bangladesh,rural,06_10,2011,0.0247885032228387
Bangladesh,rural,06_10,2012,0.025134632770287955
Bangladesh,rural,06_10,2013,0.02544953098908185
Bangladesh,rural,06_10,2014,0.025771938459391863
Bangladesh,rural,06_10,2015,0.02613360409840989
Bangladesh,rural,06_10,2016,0.02653369315109393
Bangladesh,rural,06_10,2017,0.026901231768614024
Bangladesh,rural,06_10,2018,0.02732834162211154
Bangladesh,rural,06_10,2019,0.02780181586979694
Bangladesh,rural,06_10,2020,0.02796771157894752
Bangladesh,rural,06_10,2025,0.03052939808971729
Bangladesh,rural,06_10,2030,0.03240556245190672
Bangladesh,rural,06_10,2035,0.03422845016264257
Bangladesh,rural,06_10,2040,0.03600251566965933
Bangladesh,rural,06_10,2045,0.03770254258744635
Bangladesh,rural,06_10,2050,0.039314525950976266
Bangladesh,rural,06_10,2055,0.04083492038817053
Bangladesh,rural,06_10,2060,0.04227137701081425
Bangladesh,rural,06_10,2065,0.04363141429265542
Bangladesh,rural,06_10,2070,0.044919847498223794
Bangladesh,rural,06_10,2075,0.04613885279760754
Bangladesh,rural,06_10,2080,0.047255991688519454
Bangladesh,rural,06_10,2085,0.048278752304027436
Bangladesh,rural,06_10,2090,0.049196784599563934
Bangladesh,rural,06_10,2095,0.050046145409989654
Bangladesh,rural,06_10,2100,0.05084658096229536
Bangladesh,rural,11_20,2011,0.0423833067134091
Bangladesh,rural,11_20,2012,0.04297511795107185
Bangladesh,rural,11_20,2013,0.043513529958875176
Bangladesh,rural,11_20,2014,0.04406478126186849
Bangladesh,rural,11_20,2015,0.044683156061202045
Bangladesh,rural,11_20,2016,0.04536722709526761
Bangladesh,rural,11_20,2017,0.04599564349521484
Bangladesh,rural,11_20,2018,0.04672591461156147
Bangladesh,rural,11_20,2019,0.047535459426758776
Bangladesh,rural,11_20,2020,0.04781910740098941
Bangladesh,rural,11_20,2025,0.05219907113310879
Bangladesh,rural,11_20,2030,0.055406931200036064
Bangladesh,rural,11_20,2035,0.058523699011859345
Bangladesh,rural,11_20,2040,0.061556990769640614
Bangladesh,rural,11_20,2045,0.06446369157484427
Bangladesh,rural,11_20,2050,0.0672198557812597
Bangladesh,rural,11_20,2055,0.06981942152259074
Bangladesh,rural,11_20,2060,0.0722754706462798
Bangladesh,rural,11_20,2065,0.07460085821566062
Bangladesh,rural,11_20,2070,0.07680381735524404
Bangladesh,rural,11_20,2075,0.07888806887396625
Bangladesh,rural,11_20,2080,0.080798149520198
Bangladesh,rural,11_20,2085,0.0825468624808713
Bangladesh,rural,11_20,2090,0.08411651128155764
Bangladesh,rural,11_20,2095,0.08556874578781277
Bangladesh,rural,11_20,2100,0.08693732803792754
Bangladesh,rural,21_30,2011,0.0366772116814261
Bangladesh,rural,21_30,2012,0.03718934694699131
Bangladesh,rural,21_30,2013,0.03765527215937632
Bangladesh,rural,21_30,2014,0.03813230810341584
Bangladesh,rural,21_30,2015,0.03866743065926023
Bangladesh,rural,21_30,2016,0.039259404718556955
Bangladesh,rural,21_30,2017,0.039803216967110276
Bangladesh,rural,21_30,2018,0.040435171158419346
Bangladesh,rural,21_30,2019,0.04113572637355076
Bangladesh,rural,21_30,2020,0.04138118661723139
Bangladesh,rural,21_30,2025,0.045171472685427365
Bangladesh,rural,21_30,2030,0.04794745624694268
Bangladesh,rural,21_30,2035,0.05064461136910146
Bangladesh,rural,21_30,2040,0.05326952887834504
Bangladesh,rural,21_30,2045,0.055784898465902434
Bangladesh,rural,21_30,2050,0.05816999830511546
Bangladesh,rural,21_30,2055,0.0604195826431024
Bangladesh,rural,21_30,2060,0.06254497210878619
Bangladesh,rural,21_30,2065,0.06455729107908857
Bangladesh,rural,21_30,2070,0.0664636642470526
Bangladesh,rural,21_30,2075,0.0682673114864343
Bangladesh,rural,21_30,2080,0.06992023660301735
Bangladesh,rural,21_30,2085,0.07143351908147902
Bangladesh,rural,21_30,2090,0.07279184493645663
Bangladesh,rural,21_30,2095,0.07404856406781546
Bangladesh,rural,21_30,2100,0.07523289310637585
Bangladesh,rural,31_50,2011,0.0541066561101835
Bangladesh,rural,31_50,2012,0.05486216410617075
Bangladesh,rural,31_50,2013,0.055549502485613224
Bangladesh,rural,31_50,2014,0.05625323154769495
Bangladesh,rural,31_50,2015,0.05704265066595735
Bangladesh,rural,31_50,2016,0.057915937793962716
Bangladesh,rural,31_50,2017,0.05871817604960091
Bangladesh,rural,31_50,2018,0.05965044234082132
Bangladesh,rural,31_50,2019,0.06068390967308601
Bangladesh,rural,31_50,2020,0.0610460155253222
Bangladesh,rural,31_50,2025,0.06663749032532601
Bangladesh,rural,31_50,2030,0.07073265408082204
Bangladesh,rural,31_50,2035,0.0747115291910139
Bangladesh,rural,31_50,2040,0.07858383852095584
Bangladesh,rural,31_50,2045,0.08229454146222943
Bangladesh,rural,31_50,2050,0.08581306893126564
Bangladesh,rural,31_50,2055,0.08913168233142096
Bangladesh,rural,31_50,2060,0.09226708198826555
Bangladesh,rural,31_50,2065,0.09523567871409812
Bangladesh,rural,31_50,2070,0.09804798294029278
Bangladesh,rural,31_50,2075,0.10070874466266572
Bangladesh,rural,31_50,2080,0.10314715932830767
Bangladesh,rural,31_50,2085,0.10537957152394782
Bangladesh,rural,31_50,2090,0.10738338987740416
Bangladesh,rural,31_50,2095,0.10923731679142733
Bangladesh,rural,31_50,2100,0.11098445298507485
Bangladesh,rural,51+,2011,0.0357459136063553
Bangladesh,rural,51+,2012,0.0362450448684772
Bangladesh,rural,51+,2013,0.03669913943088832
Bangladesh,rural,51+,2014,0.03716406260418936
Bangladesh,rural,51+,2015,0.03768559746938503
Bangladesh,rural,51+,2016,0.03826254027966797
Bangladesh,rural,51+,2017,0.03879254419118966
Bangladesh,rural,51+,2018,0.03940845196852891
Bangladesh,rural,51+,2019,0.04009121887060643
Bangladesh,rural,51+,2020,0.0403304464525888
Bangladesh,rural,51+,2025,0.04402449057769655
Bangladesh,rural,51+,2030,0.04672998709756533
Bangladesh,rural,51+,2035,0.04935865676899651
Bangladesh,rural,51+,2040,0.05191692306590663
Bangladesh,rural,51+,2045,0.054368423053033896
Bangladesh,rural,51+,2050,0.05669296106687143
Bangladesh,rural,51+,2055,0.05888542455330962
Bangladesh,rural,51+,2060,0.060956846690850816
Bangladesh,rural,51+,2065,0.06291806938917513
Bangladesh,rural,51+,2070,0.06477603643300103
Bangladesh,rural,51+,2075,0.06653388593790029
Bangladesh,rural,51+,2080,0.06814484041634757
Bangladesh,rural,51+,2085,0.06961969802567057
Bangladesh,rural,51+,2090,0.07094353362917957
Bangladesh,rural,51+,2095,0.07216834248016855
Bangladesh,rural,51+,2100,0.07332259934848213
Bhutan,large_city,No_travel,2011,0.0
Bhutan,large_city,No_travel,2012,0.0
Bhutan,large_city,No_travel,2013,0.0
Bhutan,large_city,No_travel,2014,0.0
Bhutan,large_city,No_travel,2015,0.0
Bhutan,large_city,No_travel,2016,0.0
Bhutan,large_city,No_travel,2017,0.0
Bhutan,large_city,No_travel,2018,0.0
Bhutan,large_city,No_travel,2019,0.0
Bhutan,large_city,No_travel,2020,0.0
Bhutan,large_city,No_travel,2025,0.0
Bhutan,large_city,No_travel,2030,0.0
Bhutan,large_city,No_travel,2035,0.0
Bhutan,large_city,No_travel,2040,0.0
Bhutan,large_city,No_travel,2045,0.0
Bhutan,large_city,No_travel,2050,0.0
Bhutan,large_city,No_travel,2055,0.0
Bhutan,large_city,No_travel,2060,0.0
Bhutan,large_city,No_travel,2065,0.0
Bhutan,large_city,No_travel,2070,0.0
Bhutan,large_city,No_travel,2075,0.0
Bhutan,large_city,No_travel,2080,0.0
Bhutan,large_city,No_travel,2085,0.0
Bhutan,large_city,No_travel,2090,0.0
Bhutan,large_city,No_travel,2095,0.0
Bhutan,large_city,No_travel,2100,0.0
Bhutan,large_city,00_01,2011,0.0263657402468568
Bhutan,large_city,00_01,2012,0.0265939885317616
Bhutan,large_city,00_01,2013,0.026639781033329285
Bhutan,large_city,00_01,2014,0.026912021947452434
Bhutan,large_city,00_01,2015,0.027326795780028786
Bhutan,large_city,00_01,2016,0.027748203629781993
Bhutan,large_city,00_01,2017,0.02795953665201743
Bhutan,large_city,00_01,2018,0.02815779607569911
Bhutan,large_city,00_01,2019,0.02844180367732749
Bhutan,large_city,00_01,2020,0.0277464607151341
Bhutan,large_city,00_01,2025,0.028741351609701933
Bhutan,large_city,00_01,2030,0.030195902905027303
Bhutan,large_city,00_01,2035,0.03153569256341101
Bhutan,large_city,00_01,2040,0.032835071221117035
Bhutan,large_city,00_01,2045,0.03409774750413965
Bhutan,large_city,00_01,2050,0.035316914563635
Bhutan,large_city,00_01,2055,0.0364809443991397
Bhutan,large_city,00_01,2060,0.03758330023129459
Bhutan,large_city,00_01,2065,0.0386214959656596
Bhutan,large_city,00_01,2070,0.0395939027507619
Bhutan,large_city,00_01,2075,0.04049647923664136
Bhutan,large_city,00_01,2080,0.04131294912132418
Bhutan,large_city,00_01,2085,0.04207171142038307
Bhutan,large_city,00_01,2090,0.04274245899334349
Bhutan,large_city,00_01,2095,0.04333841089441759
Bhutan,large_city,00_01,2100,0.04387421321521921
Bhutan,large_city,02_05,2011,0.0607545651824544
Bhutan,large_city,02_05,2012,0.061280517618198554
Bhutan,large_city,02_05,2013,0.061386037262074034
Bhutan,large_city,02_05,2014,0.062013361896526405
Bhutan,large_city,02_05,2015,0.06296912508054095
Bhutan,large_city,02_05,2016,0.06394017502780278
Bhutan,large_city,02_05,2017,0.06442714963023742
Bhutan,large_city,02_05,2018,0.06488399874451709
Bhutan,large_city,02_05,2019,0.06553843735249439
Bhutan,large_city,02_05,2020,0.06393615883024521
Bhutan,large_city,02_05,2025,0.06622868553867539
Bhutan,large_city,02_05,2030,0.06958040753303904
Bhutan,large_city,02_05,2035,0.07266768433122243
Bhutan,large_city,02_05,2040,0.07566184207597614
Bhutan,large_city,02_05,2045,0.07857142655276254
Bhutan,large_city,02_05,2050,0.08138075274239005
Bhutan,large_city,02_05,2055,0.0840630262478314
Bhutan,large_city,02_05,2060,0.0866031843709054
Bhutan,large_city,02_05,2065,0.08899549840514326
Bhutan,large_city,02_05,2070,0.0912362149887181
Bhutan,large_city,02_05,2075,0.09331602164046009
Bhutan,large_city,02_05,2080,0.0951974128839465
Bhutan,large_city,02_05,2085,0.09694582855991668
Bhutan,large_city,02_05,2090,0.09849143193614864
Bhutan,large_city,02_05,2095,0.09986468367421544
Bhutan,large_city,02_05,2100,0.10109933275742991
Bhutan,large_city,06_10,2011,0.0853273830804756
Bhutan,large_city,06_10,2012,0.08606606246748258
Bhutan,large_city,06_10,2013,0.08621426063248366
Bhutan,large_city,06_10,2014,0.0870953132618455
Bhutan,large_city,06_10,2015,0.08843764483959131
Bhutan,large_city,06_10,2016,0.0898014460715062
Bhutan,large_city,06_10,2017,0.09048538263376478
Bhutan,large_city,06_10,2018,0.09112700913980676
Bhutan,large_city,06_10,2019,0.0920461422722361
Bhutan,large_city,06_10,2020,0.08979580548093508
Bhutan,large_city,06_10,2025,0.09301556854046787
Bhutan,large_city,06_10,2030,0.09772292947266191
Bhutan,large_city,06_10,2035,0.10205888758943789
Bhutan,large_city,06_10,2040,0.10626406367987191
Bhutan,large_city,06_10,2045,0.11035045996153697
Bhutan,large_city,06_10,2050,0.11429604744554693
Bhutan,large_city,06_10,2055,0.11806319446138139
Bhutan,large_city,06_10,2060,0.12163074604539162
Bhutan,large_city,06_10,2065,0.12499065645599501
Bhutan,large_city,06_10,2070,0.1281376542450053
Bhutan,large_city,06_10,2075,0.1310586604010622
Bhutan,large_city,06_10,2080,0.1337009999664119
Bhutan,large_city,06_10,2085,0.13615658060828442
Bhutan,large_city,06_10,2090,0.13832731939932275
Bhutan,large_city,06_10,2095,0.14025599713354833
Bhutan,large_city,06_10,2100,0.14199001292276547
Bhutan,large_city,11_20,2011,0.150513087141122
Bhutan,large_city,11_20,2012,0.15181607934517297
Bhutan,large_city,11_20,2013,0.15207749323738065
Bhutan,large_city,11_20,2014,0.15363162447159398
Bhutan,large_city,11_20,2015,0.15599942789459342
Bhutan,large_city,11_20,2016,0.15840510267626084
Bhutan,large_city,11_20,2017,0.15961153137098757
Bhutan,large_city,11_20,2018,0.16074332731655017
Bhutan,large_city,11_20,2019,0.16236463058709763
Bhutan,large_city,11_20,2020,0.1583951529664548
Bhutan,large_city,11_20,2025,0.16407464834598806
Bhutan,large_city,11_20,2030,0.17237818937365326
Bhutan,large_city,11_20,2035,0.1800265950590245
Bhutan,large_city,11_20,2040,0.1874443080193096
Bhutan,large_city,11_20,2045,0.19465249954506314
Bhutan,large_city,11_20,2050,0.20161231164012783
Bhutan,large_city,11_20,2055,0.2082573639855507
Bhutan,large_city,11_20,2060,0.21455034032045306
Bhutan,large_city,11_20,2065,0.22047704837313709
Bhutan,large_city,11_20,2070,0.2260281895818566
Bhutan,large_city,11_20,2075,0.231180693247552
Bhutan,large_city,11_20,2080,0.23584164347124306
Bhutan,large_city,11_20,2085,0.24017316062070992
Bhutan,large_city,11_20,2090,0.2440022314889448
Bhutan,large_city,11_20,2095,0.2474043191822337
Bhutan,large_city,11_20,2100,0.250463033280384
Bhutan,large_city,21_30,2011,0.157092054088329
Bhutan,large_city,21_30,2012,0.15845200042710503
Bhutan,large_city,21_30,2013,0.15872484078985452
Bhutan,large_city,21_30,2014,0.16034690351239037
Bhutan,large_city,21_30,2015,0.16281820425082782
Bhutan,large_city,21_30,2016,0.1653290317150622
Bhutan,large_city,21_30,2017,0.16658819372791775
Bhutan,large_city,21_30,2018,0.1677694607743545
Bhutan,large_city,21_30,2019,0.16946163164074318
Bhutan,large_city,21_30,2020,0.16531864710080235
Bhutan,large_city,21_30,2025,0.1712463947292828
Bhutan,large_city,21_30,2030,0.1799128857369359
Bhutan,large_city,21_30,2035,0.1878956052627754
Bhutan,large_city,21_30,2040,0.19563754842334757
Bhutan,large_city,21_30,2045,0.20316081191193053
Bhutan,large_city,21_30,2050,0.2104248392390519
Bhutan,large_city,21_30,2055,0.21736034858441658
Bhutan,large_city,21_30,2060,0.22392839258348865
Bhutan,large_city,21_30,2065,0.23011415861661128
Bhutan,large_city,21_30,2070,0.2359079416794388
Bhutan,large_city,21_30,2075,0.24128566264653864
Bhutan,large_city,21_30,2080,0.2461503442403496
Bhutan,large_city,21_30,2085,0.2506711931529135
Bhutan,large_city,21_30,2090,0.25466763372407003
Bhutan,large_city,21_30,2095,0.25821842757248986
Bhutan,large_city,21_30,2100,0.26141083887488276
Bhutan,large_city,31_50,2011,0.147596045325267
Bhutan,large_city,31_50,2012,0.14887378469039783
Bhutan,large_city,31_50,2013,0.14913013221084143
Bhutan,large_city,31_50,2014,0.15065414336789976
Bhutan,large_city,31_50,2015,0.1529760572159273
Bhutan,large_city,31_50,2016,0.1553351084509865
Bhutan,large_city,31_50,2017,0.15651815577059688
Bhutan,large_city,31_50,2018,0.15762801677240854
Bhutan,large_city,31_50,2019,0.15921789812791723
Bhutan,large_city,31_50,2020,0.15532535157304717
Bhutan,large_city,31_50,2025,0.16089477462711202
Bhutan,large_city,31_50,2030,0.16903738761285447
Bhutan,large_city,31_50,2035,0.1765375622066135
Bhutan,large_city,31_50,2040,0.18381151505079077
Bhutan,large_city,31_50,2045,0.19088000712251876
Bhutan,large_city,31_50,2050,0.1977049335189547
Bhutan,large_city,31_50,2055,0.2042212004150301
Bhutan,large_city,31_50,2060,0.21039221476334533
Bhutan,large_city,31_50,2065,0.21620405934768636
Bhutan,large_city,31_50,2070,0.2216476158184995
Bhutan,large_city,31_50,2075,0.2267002606019232
Bhutan,large_city,31_50,2080,0.23127087856971293
Bhutan,large_city,31_50,2085,0.23551844809116232
Bhutan,large_city,31_50,2090,0.2392733090680803
Bhutan,large_city,31_50,2095,0.24260946208252482
Bhutan,large_city,31_50,2100,0.2456088963061039
Bhutan,large_city,51+,2011,0.0999074306415119
Bhutan,large_city,51+,2012,0.10077232953984223
Bhutan,large_city,51+,2013,0.10094585059904407
Bhutan,large_city,51+,2014,0.10197745031863786
Bhutan,large_city,51+,2015,0.10354914857258603
Bhutan,large_city,51+,2016,0.10514598504016924
Bhutan,large_city,51+,2017,0.10594678710616719
Bhutan,large_city,51+,2018,0.10669804951848898
Bhutan,large_city,51+,2019,0.10777423662705053
Bhutan,large_city,51+,2020,0.10513938063146809
Bhutan,large_city,51+,2025,0.10890931055242896
Bhutan,large_city,51+,2030,0.114421026942397
Bhutan,large_city,51+,2035,0.11949787823183282
Bhutan,large_city,51+,2040,0.12442160052850916
Bhutan,large_city,51+,2045,0.12920624689108584
Bhutan,large_city,51+,2050,0.13382602419665449
Bhutan,large_city,51+,2055,0.1382368705816408
Bhutan,large_city,51+,2060,0.14241401629468067
Bhutan,large_city,51+,2065,0.14634804080346536
Bhutan,large_city,51+,2070,0.1500327719177198
Bhutan,large_city,51+,2075,0.15345289579125343
Bhutan,large_city,51+,2080,0.1565467367989815
Bhutan,large_city,51+,2085,0.1594219070410026
Bhutan,large_city,51+,2090,0.1619635639789865
Bhutan,large_city,51+,2095,0.16422179844025245
Bhutan,large_city,51+,2100,0.1662521087103929
Bhutan,city,No_travel,2011,0.0
Bhutan,city,No_travel,2012,0.0
Bhutan,city,No_travel,2013,0.0
Bhutan,city,No_travel,2014,0.0
Bhutan,city,No_travel,2015,0.0
Bhutan,city,No_travel,2016,0.0
Bhutan,city,No_travel,2017,0.0
Bhutan,city,No_travel,2018,0.0
Bhutan,city,No_travel,2019,0.0
Bhutan,city,No_travel,2020,0.0
Bhutan,city,No_travel,2025,0.0
Bhutan,city,No_travel,2030,0.0
Bhutan,city,No_travel,2035,0.0
Bhutan,city,No_travel,2040,0.0
Bhutan,city,No_travel,2045,0.0
Bhutan,city,No_travel,2050,0.0
Bhutan,city,No_travel,2055,0.0
Bhutan,city,No_travel,2060,0.0
Bhutan,city,No_travel,2065,0.0
Bhutan,city,No_travel,2070,0.0
Bhutan,city,No_travel,2075,0.0
Bhutan,city,No_travel,2080,0.0
Bhutan,city,No_travel,2085,0.0
Bhutan,city,No_travel,2090,0.0
Bhutan,city,No_travel,2095,0.0
Bhutan,city,No_travel,2100,0.0
Bhutan,city,00_01,2011,0.0203337654203297
Bhutan,city,00_01,2012,0.020509794882783348
Bhutan,city,00_01,2013,0.02054511093976371
Bhutan,city,00_01,2014,0.020755068363062536
Bhutan,city,00_01,2015,0.021074949911433022
Bhutan,city,00_01,2016,0.021399947741303882
Bhutan,city,00_01,2017,0.021562931828208745
Bhutan,city,00_01,2018,0.02171583330473731
Bhutan,city,00_01,2019,0.02193486542350327
Bhutan,city,00_01,2020,0.02139860357204233
Bhutan,city,00_01,2025,0.0221658825439034
Bhutan,city,00_01,2030,0.02328766044788274
Bhutan,city,00_01,2035,0.02432093197263751
Bhutan,city,00_01,2040,0.02532303775728837
Bhutan,city,00_01,2045,0.0262968379654527
Bhutan,city,00_01,2050,0.02723708302452806
Bhutan,city,00_01,2055,0.02813480519715848
Bhutan,city,00_01,2060,0.02898496319351673
Bhutan,city,00_01,2065,0.029785639689807467
Bhutan,city,00_01,2070,0.03053557848448115
Bhutan,city,00_01,2075,0.031231662810805586
Bhutan,city,00_01,2080,0.03186134007199621
Bhutan,city,00_01,2085,0.03244651213446818
Bhutan,city,00_01,2090,0.03296380554922291
Bhutan,city,00_01,2095,0.033423415104834944
Bhutan,city,00_01,2100,0.03383663614853946
Bhutan,city,02_05,2011,0.0396703669770022
Bhutan,city,02_05,2012,0.04001379345163434
Bhutan,city,02_05,2013,0.04008269367309509
Bhutan,city,02_05,2014,0.040492312248879524
Bhutan,city,02_05,2015,0.04111638841729748
Bhutan,city,02_05,2016,0.04175044624727599
Bhutan,city,02_05,2017,0.042068421713465996
Bhutan,city,02_05,2018,0.042366726408136525
Bhutan,city,02_05,2019,0.042794049353571346
Bhutan,city,02_05,2020,0.04174782382654954
Bhutan,city,02_05,2025,0.04324475456014763
Bhutan,city,02_05,2030,0.045433298599957414
Bhutan,city,02_05,2035,0.0474491702167769
Bhutan,city,02_05,2040,0.04940423871516385
Bhutan,city,02_05,2045,0.05130408416049081
Bhutan,city,02_05,2050,0.05313846484556255
Bhutan,city,02_05,2055,0.05488988507174627
Bhutan,city,02_05,2060,0.056548509483250756
Bhutan,city,02_05,2065,0.05811059745766779
Bhutan,city,02_05,2070,0.05957369819577561
Bhutan,city,02_05,2075,0.06093173100973841
Bhutan,city,02_05,2080,0.06216020628286864
Bhutan,city,02_05,2085,0.06330185368476811
Bhutan,city,02_05,2090,0.06431107254678907
Bhutan,city,02_05,2095,0.06520775249565075
Bhutan,city,02_05,2100,0.06601393030421289
Bhutan,city,06_10,2011,0.0505698242635587
Bhutan,city,06_10,2012,0.05100760736951456
Bhutan,city,06_10,2013,0.05109543796843517
Bhutan,city,06_10,2014,0.05161759949531281
Bhutan,city,06_10,2015,0.05241314096792553
Bhutan,city,06_10,2016,0.053221406569641166
Bhutan,city,06_10,2017,0.05362674598721382
Bhutan,city,06_10,2018,0.05400701007691152
Bhutan,city,06_10,2019,0.05455174025969386
Bhutan,city,06_10,2020,0.05321806363723627
Bhutan,city,06_10,2025,0.05512627699398843
Bhutan,city,06_10,2030,0.05791612483054612
Bhutan,city,06_10,2035,0.06048585839160835
Bhutan,city,06_10,2040,0.06297808314072557
Bhutan,city,06_10,2045,0.06539991226960164
Bhutan,city,06_10,2050,0.06773829015580375
Bhutan,city,06_10,2055,0.0699709141469329
Bhutan,city,06_10,2060,0.07208524661725402
Bhutan,city,06_10,2065,0.07407651920609301
Bhutan,city,06_10,2070,0.07594160775566172
Bhutan,city,06_10,2075,0.07767276090546892
Bhutan,city,06_10,2080,0.07923876050185122
Bhutan,city,06_10,2085,0.08069407621694084
Bhutan,city,06_10,2090,0.08198057857083779
Bhutan,city,06_10,2095,0.08312362187721506
Bhutan,city,06_10,2100,0.0841512975255851
Bhutan,city,11_20,2011,0.0832808161760771
Bhutan,city,11_20,2012,0.0840017784278359
Bhutan,city,11_20,2013,0.0841464220778755
Bhutan,city,11_20,2014,0.08500634276708884
Bhutan,city,11_20,2015,0.08631647868521676
Bhutan,city,11_20,2016,0.08764756931046999
Bhutan,city,11_20,2017,0.08831510173747334
Bhutan,city,11_20,2018,0.08894133890981207
Bhutan,city,11_20,2019,0.08983842674585875
Bhutan,city,11_20,2020,0.08764206400877761
Bhutan,city,11_20,2025,0.09078460144296303
Bhutan,city,11_20,2030,0.09537905689577772
Bhutan,city,11_20,2035,0.0996110175845266
Bhutan,city,11_20,2040,0.1037153330379277
Bhutan,city,11_20,2045,0.10770371760182537
Bhutan,city,11_20,2050,0.11155467064995245
Bhutan,city,11_20,2055,0.11523146310282861
Bhutan,city,11_20,2060,0.11871344739603511
Bhutan,city,11_20,2065,0.1219927707641225
Bhutan,city,11_20,2070,0.1250642881939481
Bhutan,city,11_20,2075,0.12791523437264823
Bhutan,city,11_20,2080,0.1304941977449237
Bhutan,city,11_20,2085,0.13289088158378518
Bhutan,city,11_20,2090,0.13500955546895804
Bhutan,city,11_20,2095,0.1368919741023227
Bhutan,city,11_20,2100,0.1385843997337523
Bhutan,city,21_30,2011,0.0673025770269828
Bhutan,city,21_30,2012,0.06788521561904406
Bhutan,city,21_30,2013,0.06800210797007089
Bhutan,city,21_30,2014,0.06869704446421517
Bhutan,city,21_30,2015,0.06975581799207295
Bhutan,city,21_30,2016,0.07083152586153706
Bhutan,city,21_30,2017,0.0713709856633168
Bhutan,city,21_30,2018,0.07187707310894625
Bhutan,city,21_30,2019,0.07260204586927381
Bhutan,city,21_30,2020,0.07082707680582145
Bhutan,city,21_30,2025,0.07336668769624878
Bhutan,city,21_30,2030,0.07707965193229005
Bhutan,city,21_30,2035,0.08049966957029565
Bhutan,city,21_30,2040,0.08381653195984691
Bhutan,city,21_30,2045,0.08703970593496052
Bhutan,city,21_30,2050,0.09015181597481527
Bhutan,city,21_30,2055,0.09312317983307451
Bhutan,city,21_30,2060,0.09593711138250607
Bhutan,city,21_30,2065,0.09858726448751955
Bhutan,city,21_30,2070,0.10106948125606677
Bhutan,city,21_30,2075,0.1033734455254139
Bhutan,city,21_30,2080,0.10545760954999987
Bhutan,city,21_30,2085,0.10739446615252479
Bhutan,city,21_30,2090,0.10910665173017843
Bhutan,city,21_30,2095,0.11062790993688469
Bhutan,city,21_30,2100,0.11199562715738967
Bhutan,city,31_50,2011,0.128420945162782
Bhutan,city,31_50,2012,0.12953268563374232
Bhutan,city,31_50,2013,0.1297557294882911
Bhutan,city,31_50,2014,0.13108174708447226
Bhutan,city,31_50,2015,0.13310200697892352
Bhutan,city,31_50,2016,0.13515457951652843
Bhutan,city,31_50,2017,0.13618392996166973
Bhutan,city,31_50,2018,0.13714960216879332
Bhutan,city,31_50,2019,0.1385329323652167
Bhutan,city,31_50,2020,0.13514609021395907
Bhutan,city,31_50,2025,0.13999195563696681
Bhutan,city,31_50,2030,0.1470767122333875
Bhutan,city,31_50,2035,0.15360249351766103
Bhutan,city,31_50,2040,0.15993144289608208
Bhutan,city,31_50,2045,0.16608162416094244
Bhutan,city,31_50,2050,0.17201988284914244
Bhutan,city,31_50,2055,0.1776895818704325
Bhutan,city,31_50,2060,0.18305888220281788
Bhutan,city,31_50,2065,0.1881156747003097
Bhutan,city,31_50,2070,0.19285202563361706
Bhutan,city,31_50,2075,0.19724825059499135
Bhutan,city,31_50,2080,0.2012250717768057
Bhutan,city,31_50,2085,0.20492081370123905
Bhutan,city,31_50,2090,0.20818785784559937
Bhutan,city,31_50,2095,0.21109059092614002
Bhutan,city,31_50,2100,0.21370035040239668
Bhutan,city,51+,2011,0.0842931032354429
Bhutan,city,51+,2012,0.08502282885902317
Bhutan,city,51+,2013,0.0851692306678066
Bhutan,city,51+,2014,0.08603960378322974
Bhutan,city,51+,2015,0.08736566454091647
Bhutan,city,51+,2016,0.08871293471239243
Bhutan,city,51+,2017,0.0893885810660909
Bhutan,city,51+,2018,0.09002243021697114
Bhutan,city,51+,2019,0.09093042224979736
Bhutan,city,51+,2020,0.0887073624931803
Bhutan,city,51+,2025,0.09188809779962807
Bhutan,city,51+,2030,0.09653839934057287
Bhutan,city,51+,2035,0.10082179995555769
Bhutan,city,51+,2040,0.1049760037939651
Bhutan,city,51+,2045,0.10901286759074244
Bhutan,city,51+,2050,0.11291062937725414
Bhutan,city,51+,2055,0.1166321136282048
Bhutan,city,51+,2060,0.12015642180586358
Bhutan,city,51+,2065,0.123475605693593
Bhutan,city,51+,2070,0.12658445774007576
Bhutan,city,51+,2075,0.12947005746873083
Bhutan,city,51+,2080,0.13208036841140972
Bhutan,city,51+,2085,0.13450618419381916
Bhutan,city,51+,2090,0.13665061078238103
Bhutan,city,51+,2095,0.13855591041175844
Bhutan,city,51+,2100,0.14026890765432612
Bhutan,town,No_travel,2011,0.0
Bhutan,town,No_travel,2012,0.0
Bhutan,town,No_travel,2013,0.0
Bhutan,town,No_travel,2014,0.0
Bhutan,town,No_travel,2015,0.0
Bhutan,town,No_travel,2016,0.0
Bhutan,town,No_travel,2017,0.0
Bhutan,town,No_travel,2018,0.0
Bhutan,town,No_travel,2019,0.0
Bhutan,town,No_travel,2020,0.0
Bhutan,town,No_travel,2025,0.0
Bhutan,town,No_travel,2030,0.0
Bhutan,town,No_travel,2035,0.0
Bhutan,town,No_travel,2040,0.0
Bhutan,town,No_travel,2045,0.0
Bhutan,town,No_travel,2050,0.0
Bhutan,town,No_travel,2055,0.0
Bhutan,town,No_travel,2060,0.0
Bhutan,town,No_travel,2065,0.0
Bhutan,town,No_travel,2070,0.0
Bhutan,town,No_travel,2075,0.0
Bhutan,town,No_travel,2080,0.0
Bhutan,town,No_travel,2085,0.0
Bhutan,town,No_travel,2090,0.0
Bhutan,town,No_travel,2095,0.0
Bhutan,town,No_travel,2100,0.0
Bhutan,town,00_01,2011,0.0142978983785273
Bhutan,town,00_01,2012,0.014421675323611594
Bhutan,town,00_01,2013,0.014446508175933705
Bhutan,town,00_01,2014,0.01459414191912338
Bhutan,town,00_01,2015,0.014819069952727745
Bhutan,town,00_01,2016,0.01504759555281604
Bhutan,town,00_01,2017,0.015162199506570365
Bhutan,town,00_01,2018,0.015269713768102391
Bhutan,town,00_01,2019,0.015423728477675962
Bhutan,town,00_01,2020,0.015046650386236808
Bhutan,town,00_01,2025,0.015586170565646481
Bhutan,town,00_01,2030,0.01637496035164146
Bhutan,town,00_01,2035,0.01710151595769753
Bhutan,town,00_01,2040,0.01780615704985586
Bhutan,town,00_01,2045,0.01849089478187483
Bhutan,town,00_01,2050,0.019152037862247492
Bhutan,town,00_01,2055,0.019783280533296876
Bhutan,town,00_01,2060,0.020381077959713015
Bhutan,town,00_01,2065,0.020944081955352436
Bhutan,town,00_01,2070,0.02147140920904639
Bhutan,town,00_01,2075,0.02196086813389077
Bhutan,town,00_01,2080,0.022403632241062562
Bhutan,town,00_01,2085,0.022815102055443938
Bhutan,town,00_01,2090,0.023178842293572668
Bhutan,town,00_01,2095,0.023502021526936444
Bhutan,town,00_01,2100,0.023792582196277556
Bhutan,town,02_05,2011,0.0305435787015927
Bhutan,town,02_05,2012,0.030807994545343734
Bhutan,town,02_05,2013,0.030861043193418092
Bhutan,town,02_05,2014,0.031176422610360698
Bhutan,town,02_05,2015,0.03165692029713311
Bhutan,town,02_05,2016,0.03214510320813408
Bhutan,town,02_05,2017,0.032389923445929725
Bhutan,town,02_05,2018,0.0326195984807991
Bhutan,town,02_05,2019,0.03294860910029882
Bhutan,town,02_05,2020,0.03214308411630432
Bhutan,town,02_05,2025,0.03329562252612019
Bhutan,town,02_05,2030,0.03498065778582887
Bhutan,town,02_05,2035,0.03653274661365161
Bhutan,town,02_05,2040,0.038038021031256676
Bhutan,town,02_05,2045,0.03950077732271842
Bhutan,town,02_05,2050,0.04091313004573839
Bhutan,town,02_05,2055,0.042261608660746304
Bhutan,town,02_05,2060,0.04353864058935284
Bhutan,town,02_05,2065,0.04474134579782943
Bhutan,town,02_05,2070,0.045867837331640085
Bhutan,town,02_05,2075,0.04691343346027344
Bhutan,town,02_05,2080,0.047859278786321624
Bhutan,town,02_05,2085,0.04873827235070181
Bhutan,town,02_05,2090,0.04951530463167716
Bhutan,town,02_05,2095,0.05020568933631259
Bhutan,town,02_05,2100,0.05082639333326755
Bhutan,town,06_10,2011,0.0419722902791875
Bhutan,town,06_10,2012,0.0423356445100968
Bhutan,town,06_10,2013,0.04240854275419743
Bhutan,town,06_10,2014,0.042841929966787075
Bhutan,town,06_10,2015,0.0435022189455189
Bhutan,town,06_10,2016,0.04417306878436909
Bhutan,town,06_10,2017,0.044509495179827545
Bhutan,town,06_10,2018,0.044825109382328227
Bhutan,town,06_10,2019,0.04527722828304687
Bhutan,town,06_10,2020,0.044170294194357654
Bhutan,town,06_10,2025,0.045754086230232686
Bhutan,town,06_10,2030,0.04806962331061649
Bhutan,town,06_10,2035,0.05020246843190749
Bhutan,town,06_10,2040,0.052270982256787495
Bhutan,town,06_10,2045,0.05428106864099167
Bhutan,town,06_10,2050,0.0562218915892896
Bhutan,town,06_10,2055,0.05807494019297001
Bhutan,town,06_10,2060,0.0598298083872615
Bhutan,town,06_10,2065,0.06148253849540164
Bhutan,town,06_10,2070,0.06303053750743891
Bhutan,town,06_10,2075,0.06446737189592218
Bhutan,town,06_10,2080,0.06576713100312978
Bhutan,town,06_10,2085,0.06697502394187631
Bhutan,town,06_10,2090,0.06804280400694433
Bhutan,town,06_10,2095,0.06899151494584155
Bhutan,town,06_10,2100,0.0698444722430913
Bhutan,town,11_20,2011,0.0757320066192673
Bhutan,town,11_20,2012,0.0763876188061964
Bhutan,town,11_20,2013,0.0765191515452497
Bhutan,town,11_20,2014,0.07730112658245229
Bhutan,town,11_20,2015,0.07849250806236033
Bhutan,town,11_20,2016,0.0797029448552634
Bhutan,town,11_20,2017,0.08030997024840449
Bhutan,town,11_20,2018,0.0808794435059734
Bhutan,town,11_20,2019,0.08169521675432764
Bhutan,town,11_20,2020,0.0796979385697423
Bhutan,town,11_20,2025,0.08255562749132843
Bhutan,town,11_20,2030,0.08673362846130979
Bhutan,town,11_20,2035,0.0905819922215208
Bhutan,town,11_20,2040,0.0943142808728155
Bhutan,town,11_20,2045,0.09794114693948172
Bhutan,town,11_20,2050,0.10144303867304308
Bhutan,town,11_20,2055,0.10478655622203267
Bhutan,town,11_20,2060,0.1079529235758753
Bhutan,town,11_20,2065,0.11093499976607062
Bhutan,town,11_20,2070,0.11372810613807044
Bhutan,town,11_20,2075,0.11632063446320126
Bhutan,town,11_20,2080,0.11866583327545928
Bhutan,town,11_20,2085,0.12084527488858178
Bhutan,town,11_20,2090,0.12277190615930256
Bhutan,town,11_20,2095,0.12448369702480991
Bhutan,town,11_20,2100,0.1260227163933408
Bhutan,town,21_30,2011,0.0536494958683143
Bhutan,town,21_30,2012,0.0541139396997144
Bhutan,town,21_30,2013,0.05420711912880129
Bhutan,town,21_30,2014,0.054761079975744587
Bhutan,town,21_30,2015,0.05560506944119275
Bhutan,town,21_30,2016,0.056462557927483406
Bhutan,town,21_30,2017,0.05689258226956916
Bhutan,town,21_30,2018,0.057296004211531616
Bhutan,town,21_30,2019,0.05787390813182637
Bhutan,town,21_30,2020,0.05645901141252401
Bhutan,town,21_30,2025,0.05848343380452963
Bhutan,town,21_30,2030,0.06144318168106091
Bhutan,town,21_30,2035,0.06416941045631541
Bhutan,town,21_30,2040,0.06681341018002071
Bhutan,town,21_30,2045,0.06938272723293815
Bhutan,town,21_30,2050,0.07186351091315277
Bhutan,town,21_30,2055,0.07423210035027085
Bhutan,town,21_30,2060,0.07647519438475965
Bhutan,town,21_30,2065,0.07858773426567414
Bhutan,town,21_30,2070,0.08056640557591305
Bhutan,town,21_30,2075,0.08240298490183584
Bhutan,town,21_30,2080,0.08406435292316859
Bhutan,town,21_30,2085,0.08560829648201655
Bhutan,town,21_30,2090,0.08697314604843491
Bhutan,town,21_30,2095,0.0881857999984108
Bhutan,town,21_30,2100,0.08927606047002819
Bhutan,town,31_50,2011,0.0837659254033078
Bhutan,town,31_50,2012,0.08449108724696389
Bhutan,town,31_50,2013,0.08463657344361285
Bhutan,town,31_50,2014,0.08550150315507378
Bhutan,town,31_50,2015,0.08681927059090282
Bhutan,town,31_50,2016,0.08815811479464193
Bhutan,town,31_50,2017,0.08882953558579305
Bhutan,town,31_50,2018,0.08945942057817828
Bhutan,town,31_50,2019,0.09036173393442139
Bhutan,town,31_50,2020,0.08815257742466814
Bhutan,town,31_50,2025,0.09131342008178772
Bhutan,town,31_50,2030,0.09593463815337344
Bhutan,town,31_50,2035,0.1001912499355392
Bhutan,town,31_50,2040,0.1043194729512017
Bhutan,town,31_50,2045,0.10833108978205507
Bhutan,town,31_50,2050,0.11220447456107836
Bhutan,town,31_50,2055,0.11590268426257672
Bhutan,town,31_50,2060,0.11940495105044724
Bhutan,town,31_50,2065,0.12270337641702572
Bhutan,town,31_50,2070,0.12579278537956226
Bhutan,town,31_50,2075,0.12866033826747983
Bhutan,town,31_50,2080,0.13125432405411222
Bhutan,town,31_50,2085,0.13366496853239068
Bhutan,town,31_50,2090,0.13579598365409773
Bhutan,town,31_50,2095,0.13768936734148668
Bhutan,town,31_50,2100,0.1393916513211879
Bhutan,town,51+,2011,0.068333385372376
Bhutan,town,51+,2012,0.06892494767508217
Bhutan,town,51+,2013,0.06904363035296235
Bhutan,town,51+,2014,0.06974921051588315
Bhutan,town,51+,2015,0.07082420025174677
Bhutan,town,51+,2016,0.071916383696115
Bhutan,town,51+,2017,0.07246410588085603
Bhutan,town,51+,2018,0.07297794457741076
Bhutan,town,51+,2019,0.07371402104289403
Bhutan,town,51+,2020,0.07191186649852484
Bhutan,town,51+,2025,0.07449037414767293
Bhutan,town,51+,2030,0.07826020625846324
Bhutan,town,51+,2035,0.08173260499208772
Bhutan,town,51+,2040,0.08510026854829118
Bhutan,town,51+,2045,0.08837280875541206
Bhutan,town,51+,2050,0.09153258396861638
Bhutan,town,51+,2055,0.09454945732736719
Bhutan,town,51+,2060,0.09740648713919303
Bhutan,town,51+,2065,0.10009723007089505
Bhutan,town,51+,2070,0.10261746454802224
Bhutan,town,51+,2075,0.1049567164051742
Bhutan,town,51+,2080,0.10707280155023748
Bhutan,town,51+,2085,0.10903932310822038
Bhutan,town,51+,2090,0.11077773257298609
Bhutan,town,51+,2095,0.1123222904173027
Bhutan,town,51+,2100,0.11371095563693807
Bhutan,rural,No_travel,2011,0.0
Bhutan,rural,No_travel,2012,0.0
Bhutan,rural,No_travel,2013,0.0
Bhutan,rural,No_travel,2014,0.0
Bhutan,rural,No_travel,2015,0.0
Bhutan,rural,No_travel,2016,0.0
Bhutan,rural,No_travel,2017,0.0
Bhutan,rural,No_travel,2018,0.0
Bhutan,rural,No_travel,2019,0.0
Bhutan,rural,No_travel,2020,0.0
Bhutan,rural,No_travel,2025,0.0
Bhutan,rural,No_travel,2030,0.0
Bhutan,rural,No_travel,2035,0.0
Bhutan,rural,No_travel,2040,0.0
Bhutan,rural,No_travel,2045,0.0
Bhutan,rural,No_travel,2050,0.0
Bhutan,rural,No_travel,2055,0.0
Bhutan,rural,No_travel,2060,0.0
Bhutan,rural,No_travel,2065,0.0
Bhutan,rural,No_travel,2070,0.0
Bhutan,rural,No_travel,2075,0.0
Bhutan,rural,No_travel,2080,0.0
Bhutan,rural,No_travel,2085,0.0
Bhutan,rural,No_travel,2090,0.0
Bhutan,rural,No_travel,2095,0.0
Bhutan,rural,No_travel,2100,0.0
Bhutan,rural,00_01,2011,0.00800533451099545
Bhutan,rural,00_01,2012,0.008074636713593071
Bhutan,rural,00_01,2013,0.008088540525498686
Bhutan,rural,00_01,2014,0.008171200051259386
Bhutan,rural,00_01,2015,0.008297136332398966
Bhutan,rural,00_01,2016,0.008425086876220162
Bhutan,rural,00_01,2017,0.00848925315869031
Bhutan,rural,00_01,2018,0.008549449951637105
Bhutan,rural,00_01,2019,0.008635682154238425
Bhutan,rural,00_01,2020,0.008424557681338856
Bhutan,rural,00_01,2025,0.008726632811351885
Bhutan,rural,00_01,2030,0.009168272969127068
Bhutan,rural,00_01,2035,0.0095750684654535
Bhutan,rural,00_01,2040,0.00996959411555828
Bhutan,rural,00_01,2045,0.010352975956161125
Bhutan,rural,00_01,2050,0.010723147248325411
Bhutan,rural,00_01,2055,0.011076577424256278
Bhutan,rural,00_01,2060,0.011411281745239593
Bhutan,rural,00_01,2065,0.011726505367397187
Bhutan,rural,00_01,2070,0.012021753728437747
Bhutan,rural,00_01,2075,0.01229579976786519
Bhutan,rural,00_01,2080,0.012543701570880908
Bhutan,rural,00_01,2085,0.012774081828041428
Bhutan,rural,00_01,2090,0.012977738491716047
Bhutan,rural,00_01,2095,0.01315868521560447
Bhutan,rural,00_01,2100,0.013321368939619995
Bhutan,rural,02_05,2011,0.018205337195522
Bhutan,rural,02_05,2012,0.01836294084905442
Bhutan,rural,02_05,2013,0.01839456021282956
Bhutan,rural,02_05,2014,0.018582540432372986
Bhutan,rural,02_05,2015,0.018868938516069182
Bhutan,rural,02_05,2016,0.019159917336681345
Bhutan,rural,02_05,2017,0.01930584113378784
Bhutan,rural,02_05,2018,0.01944273771345983
Bhutan,rural,02_05,2019,0.019638842738591927
Bhutan,rural,02_05,2020,0.019158713867764073
Bhutan,rural,02_05,2025,0.019845678240422687
Bhutan,rural,02_05,2030,0.020850034520642755
Bhutan,rural,02_05,2035,0.021775148789143387
Bhutan,rural,02_05,2040,0.022672359578096032
Bhutan,rural,02_05,2045,0.023544227664711037
Bhutan,rural,02_05,2050,0.02438605297315963
Bhutan,rural,02_05,2055,0.025189806460169634
Bhutan,rural,02_05,2060,0.02595097453077681
Bhutan,rural,02_05,2065,0.02666784055623653
Bhutan,rural,02_05,2070,0.02733927982736078
Bhutan,rural,02_05,2075,0.027962501823646048
Bhutan,rural,02_05,2080,0.028526267886023596
Bhutan,rural,02_05,2085,0.029050187312380814
Bhutan,rural,02_05,2090,0.029513333259526302
Bhutan,rural,02_05,2095,0.029924833380887764
Bhutan,rural,02_05,2100,0.030294800688045
Bhutan,rural,06_10,2011,0.0247885032228387
Bhutan,rural,06_10,2012,0.02500309736254409
Bhutan,rural,06_10,2013,0.025046150489900443
Bhutan,rural,06_10,2014,0.02530210555560108
Bhutan,rural,06_10,2015,0.025692067012753558
Bhutan,rural,06_10,2016,0.026088265630502674
Bhutan,rural,06_10,2017,0.02628695640321481
Bhutan,rural,06_10,2018,0.026473355659100573
Bhutan,rural,06_10,2019,0.026740373511903517
Bhutan,rural,06_10,2020,0.026086626979550265
Bhutan,rural,06_10,2025,0.027022002050208778
Bhutan,rural,06_10,2030,0.028389539966245693
Bhutan,rural,06_10,2035,0.029649181453790488
Bhutan,rural,06_10,2040,0.030870829385639228
Bhutan,rural,06_10,2045,0.03205797053237186
Bhutan,rural,06_10,2050,0.03320420524076704
Bhutan,rural,06_10,2055,0.034298601114303294
Bhutan,rural,06_10,2060,0.03533501241329362
Bhutan,rural,06_10,2065,0.03631110176509221
Bhutan,rural,06_10,2070,0.03722533775849628
Bhutan,rural,06_10,2075,0.03807392080299277
Bhutan,rural,06_10,2080,0.03884154826872355
Bhutan,rural,06_10,2085,0.03955492030074272
Bhutan,rural,06_10,2090,0.040185542775908106
Bhutan,rural,06_10,2095,0.04074584396533492
Bhutan,rural,06_10,2100,0.04124959381008198
Bhutan,rural,11_20,2011,0.0423833067134091
Bhutan,rural,11_20,2012,0.04275021911470543
Bhutan,rural,11_20,2013,0.04282383121969266
Bhutan,rural,11_20,2014,0.04326146240528381
Bhutan,rural,11_20,2015,0.043928217307599715
Bhutan,rural,11_20,2016,0.04460563648795661
Bhutan,rural,11_20,2017,0.044945357361188834
Bhutan,rural,11_20,2018,0.04526406223668446
Bhutan,rural,11_20,2019,0.04572060854170202
Bhutan,rural,11_20,2020,0.044602834727588594
Bhutan,rural,11_20,2025,0.046202136151938834
Bhutan,rural,11_20,2030,0.04854034828264171
Bhutan,rural,11_20,2035,0.05069407943113468
Bhutan,rural,11_20,2040,0.05278284931473306
Bhutan,rural,11_20,2045,0.0548126196030706
Bhutan,rural,11_20,2050,0.05677244818871542
Bhutan,rural,11_20,2055,0.058643642893655916
Bhutan,rural,11_20,2060,0.060415695751041776
Bhutan,rural,11_20,2065,0.06208461032829856
Bhutan,rural,11_20,2070,0.06364776822325295
Bhutan,rural,11_20,2075,0.06509867290770992
Bhutan,rural,11_20,2080,0.0664111599921148
Bhutan,rural,11_20,2085,0.06763088130251566
Bhutan,rural,11_20,2090,0.06870911767463668
Bhutan,rural,11_20,2095,0.06966711892827772
Bhutan,rural,11_20,2100,0.07052842886638949
Bhutan,rural,21_30,2011,0.0366772116814261
Bhutan,rural,21_30,2012,0.036994726402537474
Bhutan,rural,21_30,2013,0.03705842805694562
Bhutan,rural,21_30,2014,0.03743714064161617
Bhutan,rural,21_30,2015,0.03801412985242101
Bhutan,rural,21_30,2016,0.0386003476018527
Bhutan,rural,21_30,2017,0.038894331609858265
Bhutan,rural,21_30,2018,0.03917012901900089
Bhutan,rural,21_30,2019,0.03956521016698042
Bhutan,rural,21_30,2020,0.03859792304449588
Bhutan,rural,21_30,2025,0.03998190936911038
Bhutan,rural,21_30,2030,0.04200532632083056
Bhutan,rural,21_30,2035,0.043869099097511195
Bhutan,rural,21_30,2040,0.045676656391059695
Bhutan,rural,21_30,2045,0.047433157247244
Bhutan,rural,21_30,2050,0.04912913270241686
Bhutan,rural,21_30,2055,0.05074840711992127
Bhutan,rural,21_30,2060,0.05228188722803314
Bhutan,rural,21_30,2065,0.053726114636766666
Bhutan,rural,21_30,2070,0.055078823461314236
Bhutan,rural,21_30,2075,0.056334391805738966
Bhutan,rural,21_30,2080,0.05747017781104907
Bhutan,rural,21_30,2085,0.05852568716515439
Bhutan,rural,21_30,2090,0.05945875979986659
Bhutan,rural,21_30,2095,0.06028778465647948
Bhutan,rural,21_30,2100,0.061033135818838104
Bhutan,rural,31_50,2011,0.0541066561101835
Bhutan,rural,31_50,2012,0.05457505757903872
Bhutan,rural,31_50,2013,0.05466903101242424
Bhutan,rural,31_50,2014,0.05522771229281572
Bhutan,rural,31_50,2015,0.056078893595240445
Bhutan,rural,31_50,2016,0.05694368894690696
Bhutan,rural,31_50,2017,0.05737737762971122
Bhutan,rural,31_50,2018,0.057784237226950357
Bhutan,rural,31_50,2019,0.05836706560537288
Bhutan,rural,31_50,2020,0.056940112211241664
Bhutan,rural,31_50,2025,0.05898178519275228
Bhutan,rural,31_50,2030,0.061966753791924234
Bhutan,rural,31_50,2035,0.06471621341746193
Bhutan,rural,31_50,2040,0.0673827432979493
Bhutan,rural,31_50,2045,0.06997395411867087
Bhutan,rural,31_50,2050,0.07247587715255353
Bhutan,rural,31_50,2055,0.07486464990924314
Bhutan,rural,31_50,2060,0.07712685788683142
Bhutan,rural,31_50,2065,0.07925739922754131
Bhutan,rural,31_50,2070,0.08125293127132725
Bhutan,rural,31_50,2075,0.08310516053086567
Bhutan,rural,31_50,2080,0.08478068546819874
Bhutan,rural,31_50,2085,0.08633778534099468
Bhutan,rural,31_50,2090,0.08771426511842995
Bhutan,rural,31_50,2095,0.0889372523840149
Bhutan,rural,31_50,2100,0.09003680322701114
Bhutan,rural,51+,2011,0.0357459136063553
Bhutan,rural,51+,2012,0.03605536607750215
Bhutan,rural,51+,2013,0.03611745023632081
Bhutan,rural,51+,2014,0.03648654665103351
Bhutan,rural,51+,2015,0.03704888510414099
Bhutan,rural,51+,2016,0.03762021776725914
Bhutan,rural,51+,2017,0.03790673701095451
Bhutan,rural,51+,2018,0.038175531445103425
Bhutan,rural,51+,2019,0.03856058079688738
Bhutan,rural,51+,2020,0.03761785477362257
Bhutan,rural,51+,2025,0.03896669928289862
Bhutan,rural,51+,2030,0.0409387381656268
Bhutan,rural,51+,2035,0.04275518651605692
Bhutan,rural,51+,2040,0.04451684679205994
Bhutan,rural,51+,2045,0.046228747042275795
Bhutan,rural,51+,2050,0.04788165873648207
Bhutan,rural,51+,2055,0.04945981696551687
Bhutan,rural,51+,2060,0.05095435935161082
Bhutan,rural,51+,2065,0.052361915319303495
Bhutan,rural,51+,2070,0.05368027651853607
Bhutan,rural,51+,2075,0.054903963803068924
Bhutan,rural,51+,2080,0.05601091023001563
Bhutan,rural,51+,2085,0.05703961836928936
Bhutan,rural,51+,2090,0.05794899867002163
Bhutan,rural,51+,2095,0.05875697314636419
Bhutan,rural,51+,2100,0.059483398548804495
India,large_city,No_travel,2011,0.0
India,large_city,No_travel,2012,0.0
India,large_city,No_travel,2013,0.0
India,large_city,No_travel,2014,0.0
India,large_city,No_travel,2015,0.0
India,large_city,No_travel,2016,0.0
India,large_city,No_travel,2017,0.0
India,large_city,No_travel,2018,0.0
India,large_city,No_travel,2019,0.0
India,large_city,No_travel,2020,0.0
India,large_city,No_travel,2025,0.0
India,large_city,No_travel,2030,0.0
India,large_city,No_travel,2035,0.0
India,large_city,No_travel,2040,0.0
India,large_city,No_travel,2045,0.0
India,large_city,No_travel,2050,0.0
India,large_city,No_travel,2055,0.0
India,large_city,No_travel,2060,0.0
India,large_city,No_travel,2065,0.0
India,large_city,No_travel,2070,0.0
India,large_city,No_travel,2075,0.0
India,large_city,No_travel,2080,0.0
India,large_city,No_travel,2085,0.0
India,large_city,No_travel,2090,0.0
India,large_city,No_travel,2095,0.0
India,large_city,No_travel,2100,0.0
India,large_city,00_01,2011,0.0263657402468568
India,large_city,00_01,2012,0.026647221878835788
India,large_city,00_01,2013,0.026996254173913343
India,large_city,00_01,2014,0.027422018609088158
India,large_city,00_01,2015,0.02789634942425681
India,large_city,00_01,2016,0.028394540638678318
India,large_city,00_01,2017,0.02879910102220935
India,large_city,00_01,2018,0.029188610321466715
India,large_city,00_01,2019,0.029399141884260512
India,large_city,00_01,2020,0.028872439299208068
India,large_city,00_01,2025,0.03092072028357891
India,large_city,00_01,2030,0.03271015499217522
India,large_city,00_01,2035,0.034141905565187536
India,large_city,00_01,2040,0.03558893996130136
India,large_city,00_01,2045,0.03704417360193373
India,large_city,00_01,2050,0.03850299620904741
India,large_city,00_01,2055,0.039969915056283334
India,large_city,00_01,2060,0.04142857851178947
India,large_city,00_01,2065,0.04284434926960298
India,large_city,00_01,2070,0.04421972993216857
India,large_city,00_01,2075,0.045557346220086135
India,large_city,00_01,2080,0.04683367498330854
India,large_city,00_01,2085,0.048050843356871153
India,large_city,00_01,2090,0.04920011260035904
India,large_city,00_01,2095,0.0503059114771256
India,large_city,00_01,2100,0.051382130181773865
India,large_city,02_05,2011,0.0607545651824544
India,large_city,02_05,2012,0.0614031831995332
India,large_city,02_05,2013,0.06220745818379422
India,large_city,02_05,2014,0.06318854700917939
India,large_city,02_05,2015,0.06428154732543816
India,large_city,02_05,2016,0.0654295291505836
India,large_city,02_05,2017,0.06636175748786327
India,large_city,02_05,2018,0.06725930361739872
India,large_city,02_05,2019,0.06774443141714805
India,large_city,02_05,2020,0.06653075085154547
India,large_city,02_05,2025,0.07125060394164695
India,large_city,02_05,2030,0.07537399765732773
India,large_city,02_05,2035,0.07867317995597238
India,large_city,02_05,2040,0.08200758076235337
India,large_city,02_05,2045,0.08536087508474736
India,large_city,02_05,2050,0.0887224394612337
India,large_city,02_05,2055,0.092102660000742
India,large_city,02_05,2060,0.09546385764423986
India,large_city,02_05,2065,0.09872621766082419
India,large_city,02_05,2070,0.10189550679635265
India,large_city,02_05,2075,0.10497777549780085
India,large_city,02_05,2080,0.10791881937949808
India,large_city,02_05,2085,0.11072353999789408
India,large_city,02_05,2090,0.11337180067678773
India,large_city,02_05,2095,0.1159198926062456
India,large_city,02_05,2100,0.11839982295638721
India,large_city,06_10,2011,0.0853273830804756
India,large_city,06_10,2012,0.08623834142327623
India,large_city,06_10,2013,0.08736791381800885
India,large_city,06_10,2014,0.08874581425706572
India,large_city,06_10,2015,0.09028088995734292
India,large_city,06_10,2016,0.09189318501154073
India,large_city,06_10,2017,0.09320246282818961
India,large_city,06_10,2018,0.09446303085624272
India,large_city,06_10,2019,0.09514437365719743
India,large_city,06_10,2020,0.09343980732135922
India,large_city,06_10,2025,0.10006865424822296
India,large_city,06_10,2030,0.10585979758227367
India,large_city,06_10,2035,0.11049336859053223
India,large_city,06_10,2040,0.11517640259950715
India,large_city,06_10,2045,0.11988597180421161
India,large_city,06_10,2050,0.12460715597268897
India,large_city,06_10,2055,0.12935454198401067
India,large_city,06_10,2060,0.1340752110905153
India,large_city,06_10,2065,0.13865706666047184
India,large_city,06_10,2070,0.14310820786027956
India,large_city,06_10,2075,0.14743713230333333
India,large_city,06_10,2080,0.151567712074523
India,large_city,06_10,2085,0.15550683121595496
India,large_city,06_10,2090,0.15922620856260047
India,large_city,06_10,2095,0.16280490286378052
India,large_city,06_10,2100,0.16628786692358324
India,large_city,11_20,2011,0.150513087141122
India,large_city,11_20,2012,0.15211997050589796
India,large_city,11_20,2013,0.15411247774264572
India,large_city,11_20,2014,0.1565430227959255
India,large_city,11_20,2015,0.15925081687448206
India,large_city,11_20,2016,0.16209482189641977
India,large_city,11_20,2017,0.16440432019573306
India,large_city,11_20,2018,0.1666278969492206
India,large_city,11_20,2019,0.1678297503832624
India,large_city,11_20,2020,0.16482298359654554
India,large_city,11_20,2025,0.17651592646117326
India,large_city,11_20,2030,0.18673120354827927
India,large_city,11_20,2035,0.19490458296954713
India,large_city,11_20,2040,0.20316521256383457
India,large_city,11_20,2045,0.21147264886990622
India,large_city,11_20,2050,0.21980057337087358
India,large_city,11_20,2055,0.2281747165663902
India,large_city,11_20,2060,0.23650173252469764
India,large_city,11_20,2065,0.24458388858963273
India,large_city,11_20,2070,0.25243547127150445
India,large_city,11_20,2075,0.2600714699204983
India,large_city,11_20,2080,0.2673575988348008
India,large_city,11_20,2085,0.27430600110836445
India,large_city,11_20,2090,0.2808667902299339
India,large_city,11_20,2095,0.2871794217411679
India,large_city,11_20,2100,0.29332319006168533
India,large_city,21_30,2011,0.157092054088329
India,large_city,21_30,2012,0.1587691747510415
India,large_city,21_30,2013,0.16084877500741712
India,large_city,21_30,2014,0.16338555982943032
India,large_city,21_30,2015,0.1662117123051272
India,large_city,21_30,2016,0.16918002954065653
India,large_city,21_30,2017,0.17159047662299204
India,large_city,21_30,2018,0.17391124650595177
India,large_city,21_30,2019,0.17516563327226478
India,large_city,21_30,2020,0.17202743991206187
India,large_city,21_30,2025,0.18423148440966478
India,large_city,21_30,2030,0.19489327396681014
India,large_city,21_30,2035,0.20342391396973816
India,large_city,21_30,2040,0.21204561787388268
India,large_city,21_30,2045,0.2207161744235942
India,large_city,21_30,2050,0.2294081147126327
India,large_city,21_30,2055,0.23814829392761405
India,large_city,21_30,2060,0.24683928596135207
India,large_city,21_30,2065,0.2552747152108543
India,large_city,21_30,2070,0.2634694926535834
India,large_city,21_30,2075,0.27143926282819575
India,large_city,21_30,2080,0.2790438703692461
India,large_city,21_30,2085,0.2862959891485434
India,large_city,21_30,2090,0.2931435521021977
India,large_city,21_30,2095,0.29973211041057046
India,large_city,21_30,2100,0.30614442447338663
India,large_city,31_50,2011,0.147596045325267
India,large_city,31_50,2012,0.14917178624218486
India,large_city,31_50,2013,0.15112567738887436
India,large_city,31_50,2014,0.15350911689345798
India,large_city,31_50,2015,0.1561644321563454
India,large_city,31_50,2016,0.15895331850567415
India,large_city,31_50,2017,0.16121805722134785
India,large_city,31_50,2018,0.16339853960680475
India,large_city,31_50,2019,0.16457710033726697
India,large_city,31_50,2020,0.16162860665233797
India,large_city,31_50,2025,0.17309493265636974
India,large_city,31_50,2030,0.18311223100960197
India,large_city,31_50,2035,0.19112720500578986
India,large_city,31_50,2040,0.19922773820972667
India,large_city,31_50,2045,0.207374170980839
India,large_city,31_50,2050,0.21554069487226446
India,large_city,31_50,2055,0.22375254170978814
India,large_city,31_50,2060,0.23191817466670314
India,large_city,31_50,2065,0.2398436932747135
India,large_city,31_50,2070,0.2475431071622385
India,large_city,31_50,2075,0.25503111517607885
India,large_city,31_50,2080,0.2621760341589234
India,large_city,31_50,2085,0.26898977186364215
India,large_city,31_50,2090,0.2754234086121114
India,large_city,31_50,2095,0.28161369720661894
India,large_city,31_50,2100,0.2876383952892037
India,large_city,51+,2011,0.0999074306415119
India,large_city,51+,2012,0.10097404611904065
India,large_city,51+,2013,0.10229663063537206
India,large_city,51+,2014,0.10390997546766521
India,large_city,51+,2015,0.10570735238839263
India,large_city,51+,2016,0.10759514327668226
India,large_city,51+,2017,0.109128139812319
India,large_city,51+,2018,0.11060410342780742
India,large_city,51+,2019,0.11140186853171638
India,large_city,51+,2020,0.10940603979745184
India,large_city,51+,2025,0.11716757004330768
India,large_city,51+,2030,0.12394825673606659
India,large_city,51+,2035,0.12937357458149387
India,large_city,51+,2040,0.13485680726193638
India,large_city,51+,2045,0.14037110925601776
India,large_city,51+,2050,0.14589901088418672
India,large_city,51+,2055,0.15145759151248603
India,large_city,51+,2060,0.15698489006909153
India,large_city,51+,2065,0.162349655763747
India,large_city,51+,2070,0.16756137168237475
India,large_city,51+,2075,0.1726299874412671
India,large_city,51+,2080,0.17746636700783777
India,large_city,51+,2085,0.18207857071318403
India,large_city,51+,2090,0.18643348493736844
India,large_city,51+,2095,0.1906236773442434
India,large_city,51+,2100,0.19470178190656695
India,city,No_travel,2011,0.0
India,city,No_travel,2012,0.0
India,city,No_travel,2013,0.0
India,city,No_travel,2014,0.0
India,city,No_travel,2015,0.0
India,city,No_travel,2016,0.0
India,city,No_travel,2017,0.0
India,city,No_travel,2018,0.0
India,city,No_travel,2019,0.0
India,city,No_travel,2020,0.0
India,city,No_travel,2025,0.0
India,city,No_travel,2030,0.0
India,city,No_travel,2035,0.0
India,city,No_travel,2040,0.0
India,city,No_travel,2045,0.0
India,city,No_travel,2050,0.0
India,city,No_travel,2055,0.0
India,city,No_travel,2060,0.0
India,city,No_travel,2065,0.0
India,city,No_travel,2070,0.0
India,city,No_travel,2075,0.0
India,city,No_travel,2080,0.0
India,city,No_travel,2085,0.0
India,city,No_travel,2090,0.0
India,city,No_travel,2095,0.0
India,city,No_travel,2100,0.0
India,city,00_01,2011,0.0203337654203297
India,city,00_01,2012,0.020550849462772792
India,city,00_01,2013,0.020820029874389433
India,city,00_01,2014,0.02114838758663671
India,city,00_01,2015,0.021514200624198704
India,city,00_01,2016,0.02189841526007352
India,city,00_01,2017,0.022210420000318174
India,city,00_01,2018,0.022510817055207633
India,city,00_01,2019,0.02267318304119336
India,city,00_01,2020,0.02226697988852389
India,city,00_01,2025,0.02384665353550537
India,city,00_01,2030,0.025226699961621975
India,city,00_01,2035,0.02633089351050311
India,city,00_01,2040,0.027446874237394885
India,city,00_01,2045,0.02856917837918429
India,city,00_01,2050,0.029694250400875758
India,city,00_01,2055,0.0308255663984955
India,city,00_01,2060,0.03195051567940959
India,city,00_01,2065,0.03304238528780317
India,city,00_01,2070,0.034103105278761904
India,city,00_01,2075,0.03513470065845812
India,city,00_01,2080,0.0361190299216457
India,city,00_01,2085,0.037057733555730735
India,city,00_01,2090,0.03794407207621542
India,city,00_01,2095,0.038796885414726395
India,city,00_01,2100,0.03962688595620172
India,city,02_05,2011,0.0396703669770022
India,city,02_05,2012,0.04009388930307165
India,city,02_05,2013,0.040619049571773105
India,city,02_05,2014,0.041259662398532425
India,city,02_05,2015,0.04197334907412214
India,city,02_05,2016,0.04272293653556941
India,city,02_05,2017,0.043331645364859575
India,city,02_05,2018,0.04391770806204999
India,city,02_05,2019,0.04423447763794943
India,city,02_05,2020,0.04344199145545899
India,city,02_05,2025,0.04652387186394453
India,city,02_05,2030,0.049216287510414514
India,city,02_05,2035,0.05137052517334919
India,city,02_05,2040,0.053547759151409934
India,city,02_05,2045,0.055737329860240964
India,city,02_05,2050,0.057932300592589206
India,city,02_05,2055,0.06013945307344047
India,city,02_05,2060,0.06233418434341758
India,city,02_05,2065,0.06446437848899883
India,city,02_05,2070,0.06653380097083315
India,city,02_05,2075,0.06854640249536009
India,city,02_05,2080,0.07046678970794261
India,city,02_05,2085,0.07229816313421257
India,city,02_05,2090,0.07402737430817084
India,city,02_05,2095,0.07569117918652299
India,city,02_05,2100,0.07731047720589117
India,city,06_10,2011,0.0505698242635587
India,city,06_10,2012,0.0511097096045096
India,city,06_10,2013,0.05177915797421667
India,city,06_10,2014,0.052595779562037655
India,city,06_10,2015,0.05350555208278943
India,city,06_10,2016,0.054461089151996045
India,city,06_10,2017,0.055237041099774224
India,city,06_10,2018,0.05598412487698071
India,city,06_10,2019,0.05638792708517716
India,city,06_10,2020,0.05537770484541132
India,city,06_10,2025,0.059306333757484855
India,city,06_10,2030,0.06273849222895489
India,city,06_10,2035,0.0654846079908711
India,city,06_10,2040,0.06826003831938329
India,city,06_10,2045,0.0710511949028959
India,city,06_10,2050,0.07384923516964852
India,city,06_10,2055,0.07666280412766274
India,city,06_10,2060,0.07946053913961312
India,city,06_10,2065,0.08217600541326155
India,city,06_10,2070,0.08481400297184444
India,city,06_10,2075,0.08737956798078171
India,city,06_10,2080,0.08982758273987335
India,city,06_10,2085,0.09216212712110161
India,city,06_10,2090,0.09436644010949281
India,city,06_10,2095,0.09648737638305684
India,city,06_10,2100,0.09855157751125031
India,city,11_20,2011,0.0832808161760771
India,city,11_20,2012,0.08416992529382997
India,city,11_20,2013,0.08527240503207034
India,city,11_20,2014,0.0866172566966972
India,city,11_20,2015,0.08811551379302202
India,city,11_20,2016,0.08968913814645621
India,city,11_20,2017,0.09096701309392663
India,city,11_20,2018,0.09219734655115594
India,city,11_20,2019,0.0928623474279048
India,city,11_20,2020,0.09119866490829694
India,city,11_20,2025,0.09766851974791892
India,city,11_20,2030,0.10332076321350747
India,city,11_20,2035,0.10784319858473686
India,city,11_20,2040,0.11241391059262683
India,city,11_20,2045,0.11701052135280438
India,city,11_20,2050,0.12161846849326152
India,city,11_20,2055,0.12625198902854942
India,city,11_20,2060,0.1308594334607326
India,city,11_20,2065,0.13533139378215725
India,city,11_20,2070,0.1396757749017016
India,city,11_20,2075,0.143900870618537
India,city,11_20,2080,0.1479323789363373
India,city,11_20,2085,0.15177701878429634
India,city,11_20,2090,0.1554071873176886
India,city,11_20,2095,0.15890004707134892
India,city,11_20,2100,0.1622994726618272
India,city,21_30,2011,0.0673025770269828
India,city,21_30,2012,0.06802110186416065
India,city,21_30,2013,0.06891206008131756
India,city,21_30,2014,0.06999888880015541
India,city,21_30,2015,0.07120969061816869
India,city,21_30,2016,0.07248139974785135
India,city,21_30,2017,0.0735141018878153
India,city,21_30,2018,0.07450838383744197
India,city,21_30,2019,0.07504579779164453
India,city,21_30,2020,0.07370130903582327
India,city,21_30,2025,0.07892985894312037
India,city,21_30,2030,0.08349766421551046
India,city,21_30,2035,0.08715242612704356
India,city,21_30,2040,0.09084620233030243
India,city,21_30,2045,0.09456090835690803
India,city,21_30,2050,0.098284775768356
India,city,21_30,2055,0.10202931006870429
India,city,21_30,2060,0.10575277122137759
India,city,21_30,2065,0.10936674221510508
India,city,21_30,2070,0.11287761132467915
India,city,21_30,2075,0.1162920811027788
India,city,21_30,2080,0.11955010511781741
India,city,21_30,2085,0.12265711320670547
India,city,21_30,2090,0.12559079840046014
India,city,21_30,2095,0.12841351884688512
India,city,21_30,2100,0.13116073138820963
India,city,31_50,2011,0.128420945162782
India,city,31_50,2012,0.12979197199101652
India,city,31_50,2013,0.13149202125216095
India,city,31_50,2014,0.13356581363082803
India,city,31_50,2015,0.1358761607340562
India,city,31_50,2016,0.13830272589129397
India,city,31_50,2017,0.14027323862266572
India,city,31_50,2018,0.14217044127626036
India,city,31_50,2019,0.14319588801234434
India,city,31_50,2020,0.14063045107946023
India,city,31_50,2025,0.15060711691584674
India,city,31_50,2030,0.15932300709884367
India,city,31_50,2035,0.16629670706334648
India,city,31_50,2040,0.17334485071841213
India,city,31_50,2045,0.18043293084864723
India,city,31_50,2050,0.18753849193952943
India,city,31_50,2055,0.19468348779685582
India,city,31_50,2060,0.20178827369994987
India,city,31_50,2065,0.20868413996996343
India,city,31_50,2070,0.21538327615925906
India,city,31_50,2075,0.22189847149802766
India,city,31_50,2080,0.2281151505890312
India,city,31_50,2085,0.23404367417652247
India,city,31_50,2090,0.2396414780353701
India,city,31_50,2095,0.24502754857936832
India,city,31_50,2100,0.25026954148223296
India,city,51+,2011,0.0842931032354429
India,city,51+,2012,0.08519301956781722
India,city,51+,2013,0.08630890006296028
India,city,51+,2014,0.08767009854068743
India,city,51+,2015,0.08918656710923178
India,city,51+,2016,0.09077931903180407
India,city,51+,2017,0.09207272668334979
India,city,51+,2018,0.09331801497285193
India,city,51+,2019,0.09399109900503694
India,city,51+,2020,0.09230719424983125
India,city,51+,2025,0.09885569085391764
India,city,51+,2030,0.10457663793192642
India,city,51+,2035,0.1091540439796371
India,city,51+,2040,0.1137803134715927
India,city,51+,2045,0.1184327965178875
India,city,51+,2050,0.12309675373935376
India,city,51+,2055,0.12778659520294838
India,city,51+,2060,0.13245004360566884
India,city,51+,2065,0.136976361074048
India,city,51+,2070,0.14137354860196102
India,city,51+,2075,0.14565000080057838
India,city,51+,2080,0.14973051252501202
India,city,51+,2085,0.1536218843737452
India,city,51+,2090,0.15729617798657833
India,city,51+,2095,0.16083149381705392
India,city,51+,2100,0.16427223978228986
India,town,No_travel,2011,0.0
India,town,No_travel,2012,0.0
India,town,No_travel,2013,0.0
India,town,No_travel,2014,0.0
India,town,No_travel,2015,0.0
India,town,No_travel,2016,0.0
India,town,No_travel,2017,0.0
India,town,No_travel,2018,0.0
India,town,No_travel,2019,0.0
India,town,No_travel,2020,0.0
India,town,No_travel,2025,0.0
India,town,No_travel,2030,0.0
India,town,No_travel,2035,0.0
India,town,No_travel,2040,0.0
India,town,No_travel,2045,0.0
India,town,No_travel,2050,0.0
India,town,No_travel,2055,0.0
India,town,No_travel,2060,0.0
India,town,No_travel,2065,0.0
India,town,No_travel,2070,0.0
India,town,No_travel,2075,0.0
India,town,No_travel,2080,0.0
India,town,No_travel,2085,0.0
India,town,No_travel,2090,0.0
India,town,No_travel,2095,0.0
India,town,No_travel,2100,0.0
India,town,00_01,2011,0.0142978983785273
India,town,00_01,2012,0.01445054327799821
India,town,00_01,2013,0.014639820280620502
India,town,00_01,2014,0.014870708416903583
India,town,00_01,2015,0.015127933654260383
India,town,00_01,2016,0.015398098166623088
India,town,00_01,2017,0.015617487540771014
India,town,00_01,2018,0.015828714850383042
India,town,00_01,2019,0.015942884180055367
India,town,00_01,2020,0.01565725821369604
India,town,00_01,2025,0.016768022147915392
India,town,00_01,2030,0.017738416128094646
India,town,00_01,2035,0.018514841292139442
India,town,00_01,2040,0.019299554732845343
India,town,00_01,2045,0.020088714548422926
India,town,00_01,2050,0.020879820627505846
India,town,00_01,2055,0.021675317223123946
India,town,00_01,2060,0.022466336995754243
India,town,00_01,2065,0.023234096453026504
India,town,00_01,2070,0.023979952733223255
India,town,00_01,2075,0.02470532974046993
India,town,00_01,2080,0.02539747108690229
India,town,00_01,2085,0.026057530298280982
India,town,00_01,2090,0.026680768436072907
India,town,00_01,2095,0.027280432993906922
India,town,00_01,2100,0.027864056496530395
India,town,02_05,2011,0.0305435787015927
India,town,02_05,2012,0.030869663093644913
India,town,02_05,2013,0.031274002030245406
India,town,02_05,2014,0.031767231858512844
India,town,02_05,2015,0.03231672375398206
India,town,02_05,2016,0.03289385689811745
India,town,02_05,2017,0.03336252274243789
India,town,02_05,2018,0.033813752551481
India,town,02_05,2019,0.03405764433290475
India,town,02_05,2020,0.03344748198933848
India,town,02_05,2025,0.03582032761640427
India,town,02_05,2030,0.03789331094027999
India,town,02_05,2035,0.0395519325415857
India,town,02_05,2040,0.04122825979611379
India,town,02_05,2045,0.04291408552358067
India,town,02_05,2050,0.044604068914710804
India,town,02_05,2055,0.046303431452606604
India,town,02_05,2060,0.04799323047342872
India,town,02_05,2065,0.0496333401445329
India,town,02_05,2070,0.05122665962346271
India,town,02_05,2075,0.05277623069486144
India,town,02_05,2080,0.0542548027987961
India,town,02_05,2085,0.05566484012992817
India,town,02_05,2090,0.05699621923247307
India,town,02_05,2095,0.058277239780518506
India,town,02_05,2100,0.05952399296847307
India,town,06_10,2011,0.0419722902791875
India,town,06_10,2012,0.04242038802478711
India,town,06_10,2013,0.042976021383404936
India,town,06_10,2014,0.04365380658102866
India,town,06_10,2015,0.04440890583013834
India,town,06_10,2016,0.04520198905368763
India,town,06_10,2017,0.04584601898396991
India,town,06_10,2018,0.04646608871164699
India,town,06_10,2019,0.046801239243503025
India,town,06_10,2020,0.045962768046273694
India,town,06_10,2025,0.049223478469892536
India,town,06_10,2030,0.0520721249452674
India,town,06_10,2035,0.05435136497779521
India,town,06_10,2040,0.05665493571576829
India,town,06_10,2045,0.05897155903894399
India,town,06_10,2050,0.061293895728842765
India,town,06_10,2055,0.06362912102863451
India,town,06_10,2060,0.06595120436105469
India,town,06_10,2065,0.06820500572067395
India,town,06_10,2070,0.07039450906376579
India,town,06_10,2075,0.07252389434151608
India,town,06_10,2080,0.07455571445504516
India,town,06_10,2085,0.07649335564453945
India,town,06_10,2090,0.0783229064876024
India,town,06_10,2095,0.08008325575189353
India,town,06_10,2100,0.08179651559032243
India,town,11_20,2011,0.0757320066192673
India,town,11_20,2012,0.07654052436300013
India,town,11_20,2013,0.07754307220856281
India,town,11_20,2014,0.0787660227011723
India,town,11_20,2015,0.08012847352173509
India,town,11_20,2016,0.08155946009730557
India,town,11_20,2017,0.08272150483250384
India,town,11_20,2018,0.083840317373075
India,town,11_20,2019,0.08444504068286203
India,town,11_20,2020,0.08293215906891485
India,town,11_20,2025,0.08881556790227711
India,town,11_20,2030,0.0939554759772009
India,town,11_20,2035,0.09806798497020877
India,town,11_20,2040,0.10222439466850519
India,town,11_20,2045,0.10640435558267257
India,town,11_20,2050,0.1105946253154346
India,town,11_20,2055,0.11480815039793414
India,town,11_20,2060,0.118997962989327
India,town,11_20,2065,0.12306457213430938
India,town,11_20,2070,0.12701516621838208
India,town,11_20,2075,0.13085728726721887
India,town,11_20,2080,0.13452336822833444
India,town,11_20,2085,0.13801951900810996
India,town,11_20,2090,0.14132063876201184
India,town,11_20,2095,0.1444968957937046
India,town,11_20,2100,0.1475881877999633
India,town,21_30,2011,0.0536494958683143
India,town,21_30,2012,0.05422225989885061
India,town,21_30,2013,0.05493247726795724
India,town,21_30,2014,0.05579883061483547
India,town,21_30,2015,0.05676400772992287
India,town,21_30,2016,0.05777773642668963
India,town,21_30,2017,0.058600943377130524
India,town,21_30,2018,0.05939352410293317
India,town,21_30,2019,0.0598219176205247
India,town,21_30,2020,0.05875017345950233
India,town,21_30,2025,0.06291805348787553
India,town,21_30,2030,0.06655922832714072
India,town,21_30,2035,0.06947258087222762
India,town,21_30,2040,0.072417033223224
India,town,21_30,2045,0.07537816954860542
India,town,21_30,2050,0.07834660876935816
India,town,21_30,2055,0.08133152236924535
India,town,21_30,2060,0.08429963774536367
India,town,21_30,2065,0.08718047426694972
India,town,21_30,2070,0.08997912427574167
India,town,21_30,2075,0.09270093063657686
India,town,21_30,2080,0.09529802800869688
India,town,21_30,2085,0.09777474472581145
India,town,21_30,2090,0.10011329903730795
India,town,21_30,2095,0.10236339904264903
India,town,21_30,2100,0.10455330876670138
India,town,31_50,2011,0.0837659254033078
India,town,31_50,2012,0.08466021356536932
India,town,31_50,2013,0.08576911522787042
India,town,31_50,2014,0.08712180062878522
India,town,31_50,2015,0.08862878504522484
India,town,31_50,2016,0.0902115757316646
India,town,31_50,2017,0.09149689427727357
India,town,31_50,2018,0.09273439440433247
India,town,31_50,2019,0.09340326889899526
India,town,31_50,2020,0.09172989545921514
India,town,31_50,2025,0.09823743708464992
India,town,31_50,2030,0.10392260476478886
India,town,31_50,2035,0.10847138323913456
India,town,31_50,2040,0.11306871956066422
India,town,31_50,2045,0.11769210549423867
India,town,31_50,2050,0.12232689384229999
India,town,31_50,2055,0.12698740454974805
India,town,31_50,2060,0.1316216872612689
India,town,31_50,2065,0.13611969666957024
India,town,31_50,2070,0.1404893837294796
India,town,31_50,2075,0.14473909055139633
India,town,31_50,2080,0.1487940823312281
India,town,31_50,2085,0.15266111713580813
India,town,31_50,2090,0.15631243133434647
India,town,31_50,2095,0.15982563693202856
India,town,31_50,2100,0.16324486411424124
India,town,51+,2011,0.068333385372376
India,town,51+,2012,0.06906291515811977
India,town,51+,2013,0.06996751931880829
India,town,51+,2014,0.07107099393982225
India,town,51+,2015,0.072300340435822
India,town,51+,2016,0.07359152710175508
India,town,51+,2017,0.07464004613954382
India,town,51+,2018,0.07564955654217516
India,town,51+,2019,0.0761952015450744
India,town,51+,2020,0.07483012055800423
India,town,51+,2025,0.08013875109693282
India,town,51+,2030,0.08477651701574841
India,town,51+,2035,0.0884872553734334
India,town,51+,2040,0.09223760556693944
India,town,51+,2045,0.09600920614561208
India,town,51+,2050,0.09979010842517988
India,town,51+,2055,0.10359199412835576
India,town,51+,2060,0.10737248392687698
India,town,51+,2065,0.11104180661180121
India,town,51+,2070,0.11460644830093462
India,town,51+,2075,0.11807321420345976
India,town,51+,2080,0.12138113821479192
India,town,51+,2085,0.1245357333353912
India,town,51+,2090,0.12751435094204985
India,town,51+,2095,0.1303803042618865
India,town,51+,2100,0.13316959319521948
India,rural,No_travel,2011,0.0
India,rural,No_travel,2012,0.0
India,rural,No_travel,2013,0.0
India,rural,No_travel,2014,0.0
India,rural,No_travel,2015,0.0
India,rural,No_travel,2016,0.0
India,rural,No_travel,2017,0.0
India,rural,No_travel,2018,0.0
India,rural,No_travel,2019,0.0
India,rural,No_travel,2020,0.0
India,rural,No_travel,2025,0.0
India,rural,No_travel,2030,0.0
India,rural,No_travel,2035,0.0
India,rural,No_travel,2040,0.0
India,rural,No_travel,2045,0.0
India,rural,No_travel,2050,0.0
India,rural,No_travel,2055,0.0
India,rural,No_travel,2060,0.0
India,rural,No_travel,2065,0.0
India,rural,No_travel,2070,0.0
India,rural,No_travel,2075,0.0
India,rural,No_travel,2080,0.0
India,rural,No_travel,2085,0.0
India,rural,No_travel,2090,0.0
India,rural,No_travel,2095,0.0
India,rural,No_travel,2100,0.0
India,rural,00_01,2011,0.00800533451099545
India,rural,00_01,2012,0.008090799762552775
India,rural,00_01,2013,0.008196775178038004
India,rural,00_01,2014,0.008326048496160213
India,rural,00_01,2015,0.008470067848878783
India,rural,00_01,2016,0.008621331848468503
India,rural,00_01,2017,0.008744167056952688
India,rural,00_01,2018,0.008862432359064596
India,rural,00_01,2019,0.00892635529729835
India,rural,00_01,2020,0.008766434493191455
India,rural,00_01,2025,0.009388346652640664
India,rural,00_01,2030,0.009931666252006243
India,rural,00_01,2035,0.010366383508793271
India,rural,00_01,2040,0.010805741337602514
India,rural,00_01,2045,0.011247588673419483
India,rural,00_01,2050,0.0116905257141703
India,rural,00_01,2055,0.012135920987075917
India,rural,00_01,2060,0.012578809705198793
India,rural,00_01,2065,0.013008675068396166
India,rural,00_01,2070,0.013426276932812044
India,rural,00_01,2075,0.013832412536511341
India,rural,00_01,2080,0.01421993963038152
India,rural,00_01,2085,0.014589504068752814
India,rural,00_01,2090,0.014938452539426456
India,rural,00_01,2095,0.015274202259613229
India,rural,00_01,2100,0.015600970658946403
India,rural,02_05,2011,0.018205337195522
India,rural,02_05,2012,0.018399698058389643
India,rural,02_05,2013,0.018640702125202118
India,rural,02_05,2014,0.01893468913393564
India,rural,02_05,2015,0.01926221084777797
India,rural,02_05,2016,0.01960620798047639
India,rural,02_05,2017,0.01988555375757856
India,rural,02_05,2018,0.02015450687884043
India,rural,02_05,2019,0.020299877274477934
India,rural,02_05,2020,0.019936193263604168
India,rural,02_05,2025,0.02135051524517995
India,rural,02_05,2030,0.02258610590011141
India,rural,02_05,2035,0.023574718460104994
India,rural,02_05,2040,0.02457388438027715
India,rural,02_05,2045,0.02557871181458891
India,rural,02_05,2050,0.02658601740215424
India,rural,02_05,2055,0.02759891338013006
India,rural,02_05,2060,0.02860610907475655
India,rural,02_05,2065,0.029583687697478035
India,rural,02_05,2070,0.03053337727568709
India,rural,02_05,2075,0.03145699084889844
India,rural,02_05,2080,0.032338285866191856
India,rural,02_05,2085,0.03317873109765371
India,rural,02_05,2090,0.033972292511452194
India,rural,02_05,2095,0.03473583797740453
India,rural,02_05,2100,0.03547895856612328
India,rural,06_10,2011,0.0247885032228387
India,rural,06_10,2012,0.02505314621317965
India,rural,06_10,2013,0.02538129888746067
India,rural,06_10,2014,0.025781593473339373
India,rural,06_10,2015,0.02622754912754869
India,rural,06_10,2016,0.026695937817138003
India,rural,06_10,2017,0.027076296808658726
India,rural,06_10,2018,0.027442505093712204
India,rural,06_10,2019,0.027640442351455057
India,rural,06_10,2020,0.027145247882996833
India,rural,06_10,2025,0.029070997712395564
India,rural,06_10,2030,0.030753385827646272
India,rural,06_10,2035,0.03209948699382339
India,rural,06_10,2040,0.033459957682519574
India,rural,06_10,2045,0.03482813712497233
India,rural,06_10,2050,0.03619969083669861
India,rural,06_10,2055,0.03757885645965833
India,rural,06_10,2060,0.03895026054045828
India,rural,06_10,2065,0.04028133782728109
India,rural,06_10,2070,0.04157444121324431
India,rural,06_10,2075,0.04283203934451312
India,rural,06_10,2080,0.04403201626017404
India,rural,06_10,2085,0.045176371846943175
India,rural,06_10,2090,0.04625689012859866
India,rural,06_10,2095,0.047296538504251875
India,rural,06_10,2100,0.04830837623681216
India,rural,11_20,2011,0.0423833067134091
India,rural,11_20,2012,0.042835792485879626
India,rural,11_20,2013,0.04339686692098564
India,rural,11_20,2014,0.044081289375076486
India,rural,11_20,2015,0.04484378298362637
India,rural,11_20,2016,0.04564463252720289
India,rural,11_20,2017,0.04629496916325976
India,rural,11_20,2018,0.04692111096483948
India,rural,11_20,2019,0.04725954348049042
India,rural,11_20,2020,0.04641286149849356
India,rural,11_20,2025,0.04970550264503532
India,rural,11_20,2030,0.05258204467981088
India,rural,11_20,2035,0.054883604321411095
India,rural,11_20,2040,0.05720973292850212
India,rural,11_20,2045,0.059549041939101426
India,rural,11_20,2050,0.06189412026494609
India,rural,11_20,2055,0.06425221341325027
India,rural,11_20,2060,0.06659703590059643
India,rural,11_20,2065,0.06887290775939771
India,rural,11_20,2070,0.07108385195908347
India,rural,11_20,2075,0.07323408938328856
India,rural,11_20,2080,0.07528580622993578
India,rural,11_20,2085,0.077242421899193
India,rural,11_20,2090,0.07908988874013792
India,rural,11_20,2095,0.08086747634126464
India,rural,11_20,2100,0.08259751339020557
India,rural,21_30,2011,0.0366772116814261
India,rural,21_30,2012,0.037068778969272576
India,rural,21_30,2013,0.037554315550091304
India,rural,21_30,2014,0.038146593717482837
India,rural,21_30,2015,0.038806432263720436
India,rural,21_30,2016,0.039499462857896246
India,rural,21_30,2017,0.040062244205423765
India,rural,21_30,2018,0.04060408808642193
India,rural,21_30,2019,0.040896957189352955
India,rural,21_30,2020,0.04016426461086843
India,rural,21_30,2025,0.04301361511434103
India,rural,21_30,2030,0.045502886228399826
India,rural,21_30,2035,0.04749458524195724
India,rural,21_30,2040,0.04950754548353052
India,rural,21_30,2045,0.05153191164141865
India,rural,21_30,2050,0.05356127038749584
India,rural,21_30,2055,0.05560189176113467
India,rural,21_30,2060,0.05763102911243422
India,rural,21_30,2065,0.059600498707845624
India,rural,21_30,2070,0.06151378190153377
India,rural,21_30,2075,0.06337453131653738
India,rural,21_30,2080,0.06515002405011923
India,rural,21_30,2085,0.06684321914614598
India,rural,21_30,2090,0.06844196019903119
India,rural,21_30,2095,0.06998022990435779
India,rural,21_30,2100,0.07147735082250081
India,rural,31_50,2011,0.0541066561101835
India,rural,31_50,2012,0.054684300800612234
India,rural,31_50,2013,0.05540057010252804
India,rural,31_50,2014,0.056274305854388695
India,rural,31_50,2015,0.05724770747552668
India,rural,31_50,2016,0.058270074398034485
India,rural,31_50,2017,0.05910029609264922
India,rural,31_50,2018,0.05989963058920861
India,rural,31_50,2019,0.06033167455087137
India,rural,31_50,2020,0.05925079780040067
India,rural,31_50,2025,0.0634541933356955
India,rural,31_50,2030,0.06712639550044185
India,rural,31_50,2035,0.0700645734224052
India,rural,31_50,2040,0.0730341161591949
India,rural,31_50,2045,0.07602048503852318
India,rural,31_50,2050,0.07901421904294853
India,rural,31_50,2055,0.08202456780865038
India,rural,31_50,2060,0.08501797520888339
India,rural,31_50,2065,0.08792336003049869
India,rural,31_50,2070,0.0907458580083017
India,rural,31_50,2075,0.09349085753496449
India,rural,31_50,2080,0.0961100853976619
India,rural,31_50,2085,0.09860790681287498
India,rural,31_50,2090,0.10096638850742261
India,rural,31_50,2095,0.10323566215542376
India,rural,31_50,2100,0.10544423262629052
India,rural,51+,2011,0.0357459136063553
India,rural,51+,2012,0.03612753832101494
India,rural,51+,2013,0.03660074628517052
India,rural,51+,2014,0.037177985481715824
India,rural,51+,2015,0.0378210695818056
India,rural,51+,2016,0.0384965029261161
India,rural,51+,2017,0.039044994278259276
India,rural,51+,2018,0.039573079802495054
India,rural,51+,2019,0.03985851245049117
India,rural,51+,2020,0.03914442420850551
India,rural,51+,2025,0.04192142475631259
India,rural,51+,2030,0.04434748895548951
India,rural,51+,2035,0.04628861527356621
India,rural,51+,2040,0.04825046296017064
India,rural,51+,2045,0.050223426947074365
India,rural,51+,2050,0.05220125675168606
India,rural,51+,2055,0.054190063206194045
India,rural,51+,2060,0.056167677237625835
India,rural,51+,2065,0.05808713858107282
India,rural,51+,2070,0.05995184019307412
India,rural,51+,2075,0.061765341950228654
India,rural,51+,2080,0.06349575184110563
India,rural,51+,2085,0.06514595377431114
India,rural,51+,2090,0.06670410001649968
India,rural,51+,2095,0.0682033103836205
India,rural,51+,2100,0.0696624168026973
Maldives,large_city,No_travel,2011,0.0
Maldives,large_city,No_travel,2012,0.0
Maldives,large_city,No_travel,2013,0.0
Maldives,large_city,No_travel,2014,0.0
Maldives,large_city,No_travel,2015,0.0
Maldives,large_city,No_travel,2016,0.0
Maldives,large_city,No_travel,2017,0.0
Maldives,large_city,No_travel,2018,0.0
Maldives,large_city,No_travel,2019,0.0
Maldives,large_city,No_travel,2020,0.0
Maldives,large_city,No_travel,2025,0.0
Maldives,large_city,No_travel,2030,0.0
Maldives,large_city,No_travel,2035,0.0
Maldives,large_city,No_travel,2040,0.0
Maldives,large_city,No_travel,2045,0.0
Maldives,large_city,No_travel,2050,0.0
Maldives,large_city,No_travel,2055,0.0
Maldives,large_city,No_travel,2060,0.0
Maldives,large_city,No_travel,2065,0.0
Maldives,large_city,No_travel,2070,0.0
Maldives,large_city,No_travel,2075,0.0
Maldives,large_city,No_travel,2080,0.0
Maldives,large_city,No_travel,2085,0.0
Maldives,large_city,No_travel,2090,0.0
Maldives,large_city,No_travel,2095,0.0
Maldives,large_city,No_travel,2100,0.0
Maldives,large_city,00_01,2011,0.0263657402468568
Maldives,large_city,00_01,2012,0.026202997519274615
Maldives,large_city,00_01,2013,0.0264667211173365
Maldives,large_city,00_01,2014,0.026596046548774507
Maldives,large_city,00_01,2015,0.026489449695651975
Maldives,large_city,00_01,2016,0.026719591390235855
Maldives,large_city,00_01,2017,0.02687458833682175
Maldives,large_city,00_01,2018,0.02709159241856693
Maldives,large_city,00_01,2019,0.027381421344051752
Maldives,large_city,00_01,2020,0.024886903931566427
Maldives,large_city,00_01,2025,0.028201319863589303
Maldives,large_city,00_01,2030,0.029546970548832586
Maldives,large_city,00_01,2035,0.030700131223407787
Maldives,large_city,00_01,2040,0.03165139815433489
Maldives,large_city,00_01,2045,0.03240806601827274
Maldives,large_city,00_01,2050,0.03302282468087857
Maldives,large_city,00_01,2055,0.033557342045775575
Maldives,large_city,00_01,2060,0.03404330954850662
Maldives,large_city,00_01,2065,0.03448066039106994
Maldives,large_city,00_01,2070,0.03484405883911782
Maldives,large_city,00_01,2075,0.035145155904697405
Maldives,large_city,00_01,2080,0.035419556012708506
Maldives,large_city,00_01,2085,0.03575050437117827
Maldives,large_city,00_01,2090,0.03612495925275764
Maldives,large_city,00_01,2095,0.03645915353395721
Maldives,large_city,00_01,2100,0.036712298799168805
Maldives,large_city,02_05,2011,0.0607545651824544
Maldives,large_city,02_05,2012,0.06037955717743391
Maldives,large_city,02_05,2013,0.060987255363738856
Maldives,large_city,02_05,2014,0.06128525990601549
Maldives,large_city,02_05,2015,0.06103962881807176
Maldives,large_city,02_05,2016,0.06156994423701638
Maldives,large_city,02_05,2017,0.061927103641845026
Maldives,large_city,02_05,2018,0.06242714606454234
Maldives,large_city,02_05,2019,0.06309499874685902
Maldives,large_city,02_05,2020,0.05734688322585921
Maldives,large_city,02_05,2025,0.06498429059233188
Maldives,large_city,02_05,2030,0.06808507295246963
Maldives,large_city,02_05,2035,0.07074230065453176
Maldives,large_city,02_05,2040,0.07293430468020344
Maldives,large_city,02_05,2045,0.074677894150124
Maldives,large_city,02_05,2050,0.07609448230160656
Maldives,large_city,02_05,2055,0.07732617046142072
Maldives,large_city,02_05,2060,0.07844598519238577
Maldives,large_city,02_05,2065,0.07945377257189169
Maldives,large_city,02_05,2070,0.0802911514769562
Maldives,large_city,02_05,2075,0.08098496933019025
Maldives,large_city,02_05,2080,0.08161726939429409
Maldives,large_city,02_05,2085,0.08237987357033556
Maldives,large_city,02_05,2090,0.0832427298109645
Maldives,large_city,02_05,2095,0.08401281356551274
Maldives,large_city,02_05,2100,0.08459613610347035
Maldives,large_city,06_10,2011,0.0853273830804756
Maldives,large_city,06_10,2012,0.08480069917439327
Maldives,large_city,06_10,2013,0.08565418723384083
Maldives,large_city,06_10,2014,0.08607272282309567
Maldives,large_city,06_10,2015,0.08572774367832678
Maldives,large_city,06_10,2016,0.08647255070261997
Maldives,large_city,06_10,2017,0.08697416695590211
Maldives,large_city,06_10,2018,0.08767645675469907
Maldives,large_city,06_10,2019,0.0886144294238182
Maldives,large_city,06_10,2020,0.08054142859535
Maldives,large_city,06_10,2025,0.09126786507207525
Maldives,large_city,06_10,2030,0.09562279121627658
Maldives,large_city,06_10,2035,0.09935476239218727
Maldives,large_city,06_10,2040,0.10243334532090599
Maldives,large_city,06_10,2045,0.10488214774732779
Maldives,large_city,06_10,2050,0.10687168975961633
Maldives,large_city,06_10,2055,0.10860154704906491
Maldives,large_city,06_10,2060,0.1101742825339007
Maldives,large_city,06_10,2065,0.11158968003590776
Maldives,large_city,06_10,2070,0.1127657455776719
Maldives,large_city,06_10,2075,0.11374018530204791
Maldives,large_city,06_10,2080,0.11462822572550532
Maldives,large_city,06_10,2085,0.11569927311877433
Maldives,large_city,06_10,2090,0.11691112057034309
Maldives,large_city,06_10,2095,0.11799267273569979
Maldives,large_city,06_10,2100,0.11881192616145153
Maldives,large_city,11_20,2011,0.150513087141122
Maldives,large_city,11_20,2012,0.14958404399236833
Maldives,large_city,11_20,2013,0.15108955275201677
Maldives,large_city,11_20,2014,0.1518278278677292
Maldives,large_city,11_20,2015,0.15121930251275026
Maldives,large_city,11_20,2016,0.15253310355180277
Maldives,large_city,11_20,2017,0.15341792865853845
Maldives,large_city,11_20,2018,0.15465673151254083
Maldives,large_city,11_20,2019,0.15631126675065976
Maldives,large_city,11_20,2020,0.14207091115415
Maldives,large_city,11_20,2025,0.16099178989025734
Maldives,large_city,11_20,2030,0.16867365419420677
Maldives,large_city,11_20,2035,0.1752566581787334
Maldives,large_city,11_20,2040,0.18068711911510585
Maldives,large_city,11_20,2045,0.18500667984336347
Maldives,large_city,11_20,2050,0.18851612897277228
Maldives,large_city,11_20,2055,0.19156750769257808
Maldives,large_city,11_20,2060,0.19434173168179578
Maldives,large_city,11_20,2065,0.19683841961324203
Maldives,large_city,11_20,2070,0.19891293835483134
Maldives,large_city,11_20,2075,0.20063179959085975
Maldives,large_city,11_20,2080,0.20219825693216392
Maldives,large_city,11_20,2085,0.20408752909563027
Maldives,large_city,11_20,2090,0.20622516527401497
Maldives,large_city,11_20,2095,0.20813296731170863
Maldives,large_city,11_20,2100,0.20957808794952942
Maldives,large_city,21_30,2011,0.157092054088329
Maldives,large_city,21_30,2012,0.15612240221720922
Maldives,large_city,21_30,2013,0.15769371716392477
Maldives,large_city,21_30,2014,0.15846426248069728
Maldives,large_city,21_30,2015,0.15782913832110285
Maldives,large_city,21_30,2016,0.15920036595192427
Maldives,large_city,21_30,2017,0.1601238669986851
Maldives,large_city,21_30,2018,0.16141681825390225
Maldives,large_city,21_30,2019,0.16314367366597632
Maldives,large_city,21_30,2020,0.148280868350539
Maldives,large_city,21_30,2025,0.1680287837130378
Maldives,large_city,21_30,2030,0.1760464243425451
Maldives,large_city,21_30,2035,0.1829171731767068
Maldives,large_city,21_30,2040,0.18858500100048484
Maldives,large_city,21_30,2045,0.19309337087349818
Maldives,large_city,21_30,2050,0.19675621895487747
Maldives,large_city,21_30,2055,0.1999409742475934
Maldives,large_city,21_30,2060,0.2028364603029602
Maldives,large_city,21_30,2065,0.2054422791258822
Maldives,large_city,21_30,2070,0.20760747563172122
Maldives,large_city,21_30,2075,0.20940146874812932
Maldives,large_city,21_30,2080,0.2110363963551652
Maldives,large_city,21_30,2085,0.21300824910583369
Maldives,large_city,21_30,2090,0.21523932192836587
Maldives,large_city,21_30,2095,0.21723051449897737
Maldives,large_city,21_30,2100,0.21873880174304838
Maldives,large_city,31_50,2011,0.147596045325267
Maldives,large_city,31_50,2012,0.14668500763879652
Maldives,large_city,31_50,2013,0.1481613386565659
Maldives,large_city,31_50,2014,0.14888530551892276
Maldives,large_city,31_50,2015,0.1482885737822942
Maldives,large_city,31_50,2016,0.14957691250015312
Maldives,large_city,31_50,2017,0.1504445891191055
Maldives,large_city,31_50,2018,0.15165938316566552
Maldives,large_city,31_50,2019,0.1532818524315353
Maldives,large_city,31_50,2020,0.13931748421616746
Maldives,large_city,31_50,2025,0.15787166397935296
Maldives,large_city,31_50,2030,0.16540464874183544
Maldives,large_city,31_50,2035,0.17186006981472596
Maldives,large_city,31_50,2040,0.17718528487559582
Maldives,large_city,31_50,2045,0.18142112969907875
Maldives,large_city,31_50,2050,0.18486256341497403
Maldives,large_city,31_50,2055,0.18785480442462615
Maldives,large_city,31_50,2060,0.1905752621431706
Maldives,large_city,31_50,2065,0.19302356263379358
Maldives,large_city,31_50,2070,0.1950578758488607
Maldives,large_city,31_50,2075,0.1967434244328375
Maldives,large_city,31_50,2080,0.19827952280899033
Maldives,large_city,31_50,2085,0.2001321796454639
Maldives,large_city,31_50,2090,0.2022283870402267
Maldives,large_city,31_50,2095,0.20409921462987715
Maldives,large_city,31_50,2100,0.205516327887014
Maldives,large_city,51+,2011,0.0999074306415119
Maldives,large_city,51+,2012,0.09929075128352324
Maldives,large_city,51+,2013,0.10029007642422506
Maldives,large_city,51+,2014,0.10078012796272173
Maldives,large_city,51+,2015,0.1003762015942515
Maldives,large_city,51+,2016,0.10124827517056992
Maldives,large_city,51+,2017,0.10183560351962025
Maldives,large_city,51+,2018,0.10265789487358541
Maldives,large_city,51+,2019,0.10375614066527072
Maldives,large_city,51+,2020,0.09430369127304734
Maldives,large_city,51+,2025,0.10686297376408888
Maldives,large_city,51+,2030,0.11196203418283336
Maldives,large_city,51+,2035,0.11633169416715243
Maldives,large_city,51+,2040,0.1199363202475635
Maldives,large_city,51+,2045,0.1228035540679393
Maldives,large_city,51+,2050,0.12513305279888742
Maldives,large_city,51+,2055,0.1271584939987224
Maldives,large_city,51+,2060,0.12899996570095992
Maldives,large_city,51+,2065,0.13065721478861295
Maldives,large_city,51+,2070,0.13203423682188986
Maldives,large_city,51+,2075,0.1331751808619246
Maldives,large_city,51+,2080,0.13421496239289868
Maldives,large_city,51+,2085,0.13546902163266086
Maldives,large_city,51+,2090,0.1368879396967659
Maldives,large_city,51+,2095,0.13815429867842646
Maldives,large_city,51+,2100,0.13911353945033572
Maldives,city,No_travel,2011,0.0
Maldives,city,No_travel,2012,0.0
Maldives,city,No_travel,2013,0.0
Maldives,city,No_travel,2014,0.0
Maldives,city,No_travel,2015,0.0
Maldives,city,No_travel,2016,0.0
Maldives,city,No_travel,2017,0.0
Maldives,city,No_travel,2018,0.0
Maldives,city,No_travel,2019,0.0
Maldives,city,No_travel,2020,0.0
Maldives,city,No_travel,2025,0.0
Maldives,city,No_travel,2030,0.0
Maldives,city,No_travel,2035,0.0
Maldives,city,No_travel,2040,0.0
Maldives,city,No_travel,2045,0.0
Maldives,city,No_travel,2050,0.0
Maldives,city,No_travel,2055,0.0
Maldives,city,No_travel,2060,0.0
Maldives,city,No_travel,2065,0.0
Maldives,city,No_travel,2070,0.0
Maldives,city,No_travel,2075,0.0
Maldives,city,No_travel,2080,0.0
Maldives,city,No_travel,2085,0.0
Maldives,city,No_travel,2090,0.0
Maldives,city,No_travel,2095,0.0
Maldives,city,No_travel,2100,0.0
Maldives,city,00_01,2011,0.0203337654203297
Maldives,city,00_01,2012,0.020208255102184346
Maldives,city,00_01,2013,0.020411643807700965
Maldives,city,00_01,2014,0.020511382065042584
Maldives,city,00_01,2015,0.020429172523962195
Maldives,city,00_01,2016,0.02060666222033678
Maldives,city,00_01,2017,0.020726198843364865
Maldives,city,00_01,2018,0.020893556560316755
Maldives,city,00_01,2019,0.021117078195880816
Maldives,city,00_01,2020,0.019193258442386455
Maldives,city,00_01,2025,0.021749399686142774
Maldives,city,00_01,2030,0.022787191347414443
Maldives,city,00_01,2035,0.02367653101431633
Maldives,city,00_01,2040,0.024410166347308533
Maldives,city,00_01,2045,0.024993723141176604
Maldives,city,00_01,2050,0.025467836832599806
Maldives,city,00_01,2055,0.02588006689362395
Maldives,city,00_01,2060,0.026254854368199583
Maldives,city,00_01,2065,0.0265921477404244
Maldives,city,00_01,2070,0.026872407605216114
Maldives,city,00_01,2075,0.027104619446906196
Maldives,city,00_01,2080,0.02731624208201412
Maldives,city,00_01,2085,0.027571475814287937
Maldives,city,00_01,2090,0.027860262613036743
Maldives,city,00_01,2095,0.028117999663280872
Maldives,city,00_01,2100,0.028313230155271072
Maldives,city,02_05,2011,0.0396703669770022
Maldives,city,02_05,2012,0.03942550134206926
Maldives,city,02_05,2013,0.03982230461091955
Maldives,city,02_05,2014,0.040016889981046466
Maldives,city,02_05,2015,0.03985650243863834
Maldives,city,02_05,2016,0.04020277777152759
Maldives,city,02_05,2017,0.04043598896506159
Maldives,city,02_05,2018,0.04076249720938692
Maldives,city,02_05,2019,0.04119857902339568
Maldives,city,02_05,2020,0.03744528325937433
Maldives,city,02_05,2025,0.04243221308219412
Maldives,city,02_05,2030,0.04445690330544016
Maldives,city,02_05,2035,0.04619196959660182
Maldives,city,02_05,2040,0.047623262929906346
Maldives,city,02_05,2045,0.04876175900705318
Maldives,city,02_05,2050,0.0496867359475649
Maldives,city,02_05,2055,0.050490980388362354
Maldives,city,02_05,2060,0.05122217583335034
Maldives,city,02_05,2065,0.05188022177705397
Maldives,city,02_05,2070,0.05242699761789733
Maldives,city,02_05,2075,0.052880033678156045
Maldives,city,02_05,2080,0.053292901015898515
Maldives,city,02_05,2085,0.05379085186833085
Maldives,city,02_05,2090,0.054354263417921406
Maldives,city,02_05,2095,0.05485709814407263
Maldives,city,02_05,2100,0.05523798506305954
Maldives,city,06_10,2011,0.0505698242635587
Maldives,city,06_10,2012,0.050257681647536974
Maldives,city,06_10,2013,0.050763506854160284
Maldives,city,06_10,2014,0.05101155467225287
Maldives,city,06_10,2015,0.0508071005556992
Maldives,city,06_10,2016,0.05124851524543892
Maldives,city,06_10,2017,0.05154580135524846
Maldives,city,06_10,2018,0.05196201793690264
Maldives,city,06_10,2019,0.052517913492689694
Maldives,city,06_10,2020,0.04773339745063361
Maldives,city,06_10,2025,0.054090489254218284
Maldives,city,06_10,2030,0.056671464339148915
Maldives,city,06_10,2035,0.058883241141731456
Maldives,city,06_10,2040,0.06070778318281651
Maldives,city,06_10,2045,0.06215908174477443
Maldives,city,06_10,2050,0.06333819665834806
Maldives,city,06_10,2055,0.06436340774499237
Maldives,city,06_10,2060,0.06529549958010933
Maldives,city,06_10,2065,0.0661343440442841
Maldives,city,06_10,2070,0.06683134687763419
Maldives,city,06_10,2075,0.0674088548690682
Maldives,city,06_10,2080,0.067935157757214
Maldives,city,06_10,2085,0.06856992090709842
Maldives,city,06_10,2090,0.0692881301202214
Maldives,city,06_10,2095,0.06992911899107868
Maldives,city,06_10,2100,0.07041465482110068
Maldives,city,11_20,2011,0.0832808161760771
Maldives,city,11_20,2012,0.08276676471941902
Maldives,city,11_20,2013,0.08359978197157465
Maldives,city,11_20,2014,0.08400827903562974
Maldives,city,11_20,2015,0.08367157417368663
Maldives,city,11_20,2016,0.08439851709209667
Maldives,city,11_20,2017,0.08488810214055788
Maldives,city,11_20,2018,0.08557354760395364
Maldives,city,11_20,2019,0.08648902311269414
Maldives,city,11_20,2020,0.07860965222713821
Maldives,city,11_20,2025,0.0890788164296781
Maldives,city,11_20,2030,0.09332929020002172
Maldives,city,11_20,2035,0.09697175050121608
Maldives,city,11_20,2040,0.09997649399285258
Maldives,city,11_20,2045,0.10236656219093646
Maldives,city,11_20,2050,0.10430838528005798
Maldives,city,11_20,2055,0.10599675215283014
Maldives,city,11_20,2060,0.10753176576836164
Maldives,city,11_20,2065,0.10891321513344478
Maldives,city,11_20,2070,0.1100610728862403
Maldives,city,11_20,2075,0.11101214079235301
Maldives,city,11_20,2080,0.1118788816742705
Maldives,city,11_20,2085,0.11292424012608869
Maldives,city,11_20,2090,0.1141070215639345
Maldives,city,11_20,2095,0.11516263283215959
Maldives,city,11_20,2100,0.11596223656414448
Maldives,city,21_30,2011,0.0673025770269828
Maldives,city,21_30,2012,0.06688715137019749
Maldives,city,21_30,2013,0.06756034611482481
Maldives,city,21_30,2014,0.06789046902165052
Maldives,city,21_30,2015,0.0676183642807655
Maldives,city,21_30,2016,0.06820583609008435
Maldives,city,21_30,2017,0.06860148945839012
Maldives,city,21_30,2018,0.06915542550532383
Maldives,city,21_30,2019,0.06989525808348994
Maldives,city,21_30,2020,0.0635276215700809
Maldives,city,21_30,2025,0.07198817422196489
Maldives,city,21_30,2030,0.0754231530257857
Maldives,city,21_30,2035,0.07836677169146443
Maldives,city,21_30,2040,0.08079502575497685
Maldives,city,21_30,2045,0.08272653599211464
Maldives,city,21_30,2050,0.08429580132870863
Maldives,city,21_30,2055,0.08566023850310313
Maldives,city,21_30,2060,0.08690074474259953
Maldives,city,21_30,2065,0.08801714953510073
Maldives,city,21_30,2070,0.08894477955088019
Maldives,city,21_30,2075,0.08971337577685509
Maldives,city,21_30,2080,0.09041382394302525
Maldives,city,21_30,2085,0.09125862015126067
Maldives,city,21_30,2090,0.0922144734015266
Maldives,city,21_30,2095,0.09306755532305894
Maldives,city,21_30,2100,0.09371374725817636
Maldives,city,31_50,2011,0.128420945162782
Maldives,city,31_50,2012,0.12762826592454346
Maldives,city,31_50,2013,0.12891279779839723
Maldives,city,31_50,2014,0.12954270972134554
Maldives,city,31_50,2015,0.1290235030348955
Maldives,city,31_50,2016,0.13014446583218883
Maldives,city,31_50,2017,0.13089941730298163
Maldives,city,31_50,2018,0.13195639006464038
Maldives,city,31_50,2019,0.13336807447773824
Maldives,city,31_50,2020,0.12121790229076264
Maldives,city,31_50,2025,0.13736159568483314
Maldives,city,31_50,2030,0.1439159245692076
Maldives,city,31_50,2035,0.14953268261836394
Maldives,city,31_50,2040,0.15416606659423474
Maldives,city,31_50,2045,0.15785160704754272
Maldives,city,31_50,2050,0.16084594317312373
Maldives,city,31_50,2055,0.16344944394963526
Maldives,city,31_50,2060,0.16581647045580586
Maldives,city,31_50,2065,0.16794669733522807
Maldives,city,31_50,2070,0.16971672054459203
Maldives,city,31_50,2075,0.17118328925783272
Maldives,city,31_50,2080,0.1725198237489421
Maldives,city,31_50,2085,0.17413179066497908
Maldives,city,31_50,2090,0.17595566700461543
Maldives,city,31_50,2095,0.17758344400074064
Maldives,city,31_50,2100,0.17881645145350242
Maldives,city,51+,2011,0.0842931032354429
Maldives,city,51+,2012,0.08377280342938917
Maldives,city,51+,2013,0.08461594609365414
Maldives,city,51+,2014,0.08502940848238685
Maldives,city,51+,2015,0.08468861093751602
Maldives,city,51+,2016,0.08542438992337824
Maldives,city,51+,2017,0.08591992592947617
Maldives,city,51+,2018,0.08661370305440404
Maldives,city,51+,2019,0.08754030626401511
Maldives,city,51+,2020,0.07956516079855439
Maldives,city,51+,2025,0.09016157879051681
Maldives,city,51+,2030,0.09446371751554573
Maldives,city,51+,2035,0.0981504523039084
Maldives,city,51+,2040,0.1011917187679767
Maldives,city,51+,2045,0.10361083849580072
Maldives,city,51+,2050,0.10557626464832809
Maldives,city,51+,2055,0.10728515379760094
Maldives,city,51+,2060,0.10883882566469985
Maldives,city,51+,2065,0.11023706669177255
Maldives,city,51+,2070,0.11139887677599926
Maldives,city,51+,2075,0.11236150501230735
Maldives,city,51+,2080,0.11323878122059258
Maldives,city,51+,2085,0.11429684611408322
Maldives,city,51+,2090,0.11549400438441657
Maldives,city,51+,2095,0.11656244671837336
Maldives,city,51+,2100,0.11737176971762381
Maldives,town,No_travel,2011,0.0
Maldives,town,No_travel,2012,0.0
Maldives,town,No_travel,2013,0.0
Maldives,town,No_travel,2014,0.0
Maldives,town,No_travel,2015,0.0
Maldives,town,No_travel,2016,0.0
Maldives,town,No_travel,2017,0.0
Maldives,town,No_travel,2018,0.0
Maldives,town,No_travel,2019,0.0
Maldives,town,No_travel,2020,0.0
Maldives,town,No_travel,2025,0.0
Maldives,town,No_travel,2030,0.0
Maldives,town,No_travel,2035,0.0
Maldives,town,No_travel,2040,0.0
Maldives,town,No_travel,2045,0.0
Maldives,town,No_travel,2050,0.0
Maldives,town,No_travel,2055,0.0
Maldives,town,No_travel,2060,0.0
Maldives,town,No_travel,2065,0.0
Maldives,town,No_travel,2070,0.0
Maldives,town,No_travel,2075,0.0
Maldives,town,No_travel,2080,0.0
Maldives,town,No_travel,2085,0.0
Maldives,town,No_travel,2090,0.0
Maldives,town,No_travel,2095,0.0
Maldives,town,No_travel,2100,0.0
Maldives,town,00_01,2011,0.0142978983785273
Maldives,town,00_01,2012,0.014209644494546484
Maldives,town,00_01,2013,0.014352659375593033
Maldives,town,00_01,2014,0.01442279136730452
Maldives,town,00_01,2015,0.01436498487451703
Maldives,town,00_01,2016,0.014489788598251457
Maldives,town,00_01,2017,0.014573842016456975
Maldives,town,00_01,2018,0.014691521333611294
Maldives,town,00_01,2019,0.014848692893557681
Maldives,town,00_01,2020,0.013495939049620605
Maldives,town,00_01,2025,0.015293316317868722
Maldives,town,00_01,2030,0.016023050304870955
Maldives,town,00_01,2035,0.016648398729941474
Maldives,town,00_01,2040,0.017164262035196887
Maldives,town,00_01,2045,0.017574596056680332
Maldives,town,00_01,2050,0.017907974023805884
Maldives,town,00_01,2055,0.018197837873381157
Maldives,town,00_01,2060,0.018461373579348815
Maldives,town,00_01,2065,0.01869854491776701
Maldives,town,00_01,2070,0.018895612552980574
Maldives,town,00_01,2075,0.019058894721636657
Maldives,town,00_01,2080,0.019207699375807793
Maldives,town,00_01,2085,0.019387169625974778
Maldives,town,00_01,2090,0.01959023306337641
Maldives,town,00_01,2095,0.019771463547578198
Maldives,town,00_01,2100,0.0199087418960377
Maldives,town,02_05,2011,0.0305435787015927
Maldives,town,02_05,2012,0.030355048235105573
Maldives,town,02_05,2013,0.030660560706875853
Maldives,town,02_05,2014,0.030810378669742077
Maldives,town,02_05,2015,0.030686890789553382
Maldives,town,02_05,2016,0.030953500067169955
Maldives,town,02_05,2017,0.031133057378750353
Maldives,town,02_05,2018,0.03138444729563846
Maldives,town,02_05,2019,0.03172020166902834
Maldives,town,02_05,2020,0.028830410288343628
Maldives,town,02_05,2025,0.03267001892143035
Maldives,town,02_05,2030,0.03422889749736869
Maldives,town,02_05,2035,0.035564784655843916
Maldives,town,02_05,2040,0.03666678657572016
Maldives,town,02_05,2045,0.03754335382688645
Maldives,town,02_05,2050,0.03825552535774364
Maldives,town,02_05,2055,0.038874740788421555
Maldives,town,02_05,2060,0.039437713287092516
Maldives,town,02_05,2065,0.039944365471137784
Maldives,town,02_05,2070,0.04036534697949162
Maldives,town,02_05,2075,0.040714155009656645
Maldives,town,02_05,2080,0.041032035760065755
Maldives,town,02_05,2085,0.04141542523210188
Maldives,town,02_05,2090,0.04184921514426179
Maldives,town,02_05,2095,0.04223636487849534
Maldives,town,02_05,2100,0.042529622805583034
Maldives,town,06_10,2011,0.0419722902791875
Maldives,town,06_10,2012,0.04171321600556757
Maldives,town,06_10,2013,0.04213304428680253
Maldives,town,06_10,2014,0.04233892071955105
Maldives,town,06_10,2015,0.04216922648679989
Maldives,town,06_10,2016,0.04253559488457588
Maldives,town,06_10,2017,0.0427823384530697
Maldives,town,06_10,2018,0.043127792751924944
Maldives,town,06_10,2019,0.04358917876566314
Maldives,town,06_10,2020,0.03961809325988814
Maldives,town,06_10,2025,0.044894396003613016
Maldives,town,06_10,2030,0.04703657144214074
Maldives,town,06_10,2035,0.04887231715300065
Maldives,town,06_10,2040,0.05038666309527414
Maldives,town,06_10,2045,0.05159122184965686
Maldives,town,06_10,2050,0.052569871748994045
Maldives,town,06_10,2055,0.05342078349236518
Maldives,town,06_10,2060,0.05419440747939931
Maldives,town,06_10,2065,0.05489063737266403
Maldives,town,06_10,2070,0.05546914057438204
Maldives,town,06_10,2075,0.05594846462598817
Maldives,town,06_10,2080,0.056385289114064326
Maldives,town,06_10,2085,0.056912134195562444
Maldives,town,06_10,2090,0.05750823841410346
Maldives,town,06_10,2095,0.05804025076228038
Maldives,town,06_10,2100,0.058443239127286724
Maldives,town,11_20,2011,0.0757320066192673
Maldives,town,11_20,2012,0.07526455024568943
Maldives,town,11_20,2013,0.0760220604497301
Maldives,town,11_20,2014,0.07639353018044892
Maldives,town,11_20,2015,0.07608734520287255
Maldives,town,11_20,2016,0.07674839595185251
Maldives,town,11_20,2017,0.07719360362191625
Maldives,town,11_20,2018,0.07781691836298799
Maldives,town,11_20,2019,0.07864941257319277
Maldives,town,11_20,2020,0.07148425022897459
Maldives,town,11_20,2025,0.08100445967323192
Maldives,town,11_20,2030,0.08486965843677563
Maldives,town,11_20,2035,0.08818195579775791
Maldives,town,11_20,2040,0.0909143408108527
Maldives,town,11_20,2045,0.09308776644365507
Maldives,town,11_20,2050,0.0948535771764399
Maldives,town,11_20,2055,0.09638890568371816
Maldives,town,11_20,2060,0.09778478130825954
Maldives,town,11_20,2065,0.09904101218187954
Maldives,town,11_20,2070,0.10008482484996022
Maldives,town,11_20,2075,0.10094968526161635
Maldives,town,11_20,2080,0.10173786228989841
Maldives,town,11_20,2085,0.10268846648456939
Maldives,town,11_20,2090,0.10376403725576239
Maldives,town,11_20,2095,0.10472396492246025
Maldives,town,11_20,2100,0.10545109030263712
Maldives,town,21_30,2011,0.0536494958683143
Maldives,town,21_30,2012,0.05331834395642897
Maldives,town,21_30,2013,0.05385497361112963
Maldives,town,21_30,2014,0.05411812739079369
Maldives,town,21_30,2015,0.053901222142633466
Maldives,town,21_30,2016,0.05436951871906571
Maldives,town,21_30,2017,0.05468490937252754
Maldives,town,21_30,2018,0.05512647329138559
Maldives,town,21_30,2019,0.05571622254912432
Maldives,town,21_30,2020,0.05064033238402554
Maldives,town,21_30,2025,0.057384567220069446
Maldives,town,21_30,2030,0.06012272212117298
Maldives,town,21_30,2035,0.06246919478861497
Maldives,town,21_30,2040,0.06440485033261291
Maldives,town,21_30,2045,0.0659445320961416
Maldives,town,21_30,2050,0.06719545439229876
Maldives,town,21_30,2055,0.06828310021187718
Maldives,town,21_30,2060,0.0692719558740281
Maldives,town,21_30,2065,0.07016188545694209
Maldives,town,21_30,2070,0.07090133533980367
Maldives,town,21_30,2075,0.07151401321740278
Maldives,town,21_30,2080,0.0720723676320019
Maldives,town,21_30,2085,0.07274578747245056
Maldives,town,21_30,2090,0.07350773519074219
Maldives,town,21_30,2095,0.0741877598947923
Maldives,town,21_30,2100,0.07470286456217108
Maldives,town,31_50,2011,0.0837659254033078
Maldives,town,31_50,2012,0.08324887960634007
Maldives,town,31_50,2013,0.08408674916871571
Maldives,town,31_50,2014,0.08449762572067894
Maldives,town,31_50,2015,0.08415895955908866
Maldives,town,31_50,2016,0.08489013690666958
Maldives,town,31_50,2017,0.08538257377906128
Maldives,town,31_50,2018,0.08607201194971334
Maldives,town,31_50,2019,0.08699282008650656
Maldives,town,31_50,2020,0.07906755201001443
Maldives,town,31_50,2025,0.08959769890207682
Maldives,town,31_50,2030,0.09387293160419814
Maldives,town,31_50,2035,0.09753660916986065
Maldives,town,31_50,2040,0.10055885523724246
Maldives,town,31_50,2045,0.1029628455387571
Maldives,town,31_50,2050,0.10491597971176847
Maldives,town,31_50,2055,0.10661418129061749
Maldives,town,31_50,2060,0.10815813633231422
Maldives,town,31_50,2065,0.10954763261461942
Maldives,town,31_50,2070,0.11070217661777844
Maldives,town,31_50,2075,0.11165878447700596
Maldives,town,31_50,2080,0.11253057410866849
Maldives,town,31_50,2085,0.11358202175430136
Maldives,town,31_50,2090,0.11477169287233573
Maldives,town,31_50,2095,0.11583345305684307
Maldives,town,31_50,2100,0.11663771446590565
Maldives,town,51+,2011,0.068333385372376
Maldives,town,51+,2012,0.06791159704341942
Maldives,town,51+,2013,0.06859510245951715
Maldives,town,51+,2014,0.06893028153896497
Maldives,town,51+,2015,0.06865400923347668
Maldives,town,51+,2016,0.06925047877914502
Maldives,town,51+,2017,0.06965219198664194
Maldives,town,51+,2018,0.07021461213515416
Maldives,town,51+,2019,0.07096577601190429
Maldives,town,51+,2020,0.06450061258127453
Maldives,town,51+,2025,0.0730907473185028
Maldives,town,51+,2030,0.07657833636361953
Maldives,town,51+,2035,0.0795670395835646
Maldives,town,51+,2040,0.08203248486120245
Maldives,town,51+,2045,0.08399357816870105
Maldives,town,51+,2050,0.08558687842158733
Maldives,town,51+,2055,0.08697221335782483
Maldives,town,51+,2060,0.08823171922914323
Maldives,town,51+,2065,0.08936522291187692
Maldives,town,51+,2070,0.09030706053758666
Maldives,town,51+,2075,0.09108742860706252
Maldives,town,51+,2080,0.09179860485894793
Maldives,town,51+,2085,0.09265633999196267
Maldives,town,51+,2090,0.0936268331200887
Maldives,town,51+,2095,0.09449298087064074
Maldives,town,51+,2100,0.09514906990136532
Maldives,rural,No_travel,2011,0.0
Maldives,rural,No_travel,2012,0.0
Maldives,rural,No_travel,2013,0.0
Maldives,rural,No_travel,2014,0.0
Maldives,rural,No_travel,2015,0.0
Maldives,rural,No_travel,2016,0.0
Maldives,rural,No_travel,2017,0.0
Maldives,rural,No_travel,2018,0.0
Maldives,rural,No_travel,2019,0.0
Maldives,rural,No_travel,2020,0.0
Maldives,rural,No_travel,2025,0.0
Maldives,rural,No_travel,2030,0.0
Maldives,rural,No_travel,2035,0.0
Maldives,rural,No_travel,2040,0.0
Maldives,rural,No_travel,2045,0.0
Maldives,rural,No_travel,2050,0.0
Maldives,rural,No_travel,2055,0.0
Maldives,rural,No_travel,2060,0.0
Maldives,rural,No_travel,2065,0.0
Maldives,rural,No_travel,2070,0.0
Maldives,rural,No_travel,2075,0.0
Maldives,rural,No_travel,2080,0.0
Maldives,rural,No_travel,2085,0.0
Maldives,rural,No_travel,2090,0.0
Maldives,rural,No_travel,2095,0.0
Maldives,rural,No_travel,2100,0.0
Maldives,rural,00_01,2011,0.00800533451099545
Maldives,rural,00_01,2012,0.007955921524243351
Maldives,rural,00_01,2013,0.008035994968082289
Maldives,rural,00_01,2014,0.00807526158186771
Maldives,rural,00_01,2015,0.00804289596424895
Maldives,rural,00_01,2016,0.008112773055990797
Maldives,rural,00_01,2017,0.008159834219227087
Maldives,rural,00_01,2018,0.008225722385019386
Maldives,rural,00_01,2019,0.008313722095163878
Maldives,rural,00_01,2020,0.007556320780295485
Maldives,rural,00_01,2025,0.008562664922200586
Maldives,rural,00_01,2030,0.008971239980949675
Maldives,rural,00_01,2035,0.009321369992793366
Maldives,rural,00_01,2040,0.009610199736241488
Maldives,rural,00_01,2045,0.009839944067628694
Maldives,rural,00_01,2050,0.010026601020614435
Maldives,rural,00_01,2055,0.0101888945981083
Maldives,rural,00_01,2060,0.010336447156254243
Maldives,rural,00_01,2065,0.010469238413416172
Maldives,rural,00_01,2070,0.010579575772055164
Maldives,rural,00_01,2075,0.010670996786890166
Maldives,rural,00_01,2080,0.01075431190089475
Maldives,rural,00_01,2085,0.010854796556004373
Maldives,rural,00_01,2090,0.010968490939634486
Maldives,rural,00_01,2095,0.011069961142542337
Maldives,rural,00_01,2100,0.01114682272537368
Maldives,rural,02_05,2011,0.018205337195522
Maldives,rural,02_05,2012,0.01809296461640938
Maldives,rural,02_05,2013,0.018275063695903475
Maldives,rural,02_05,2014,0.018364361893687467
Maldives,rural,02_05,2015,0.018290757601264515
Maldives,rural,02_05,2016,0.01844966863935486
Maldives,rural,02_05,2017,0.018556692817339352
Maldives,rural,02_05,2018,0.018706532436632676
Maldives,rural,02_05,2019,0.018906657040306415
Maldives,rural,02_05,2020,0.017184212299168895
Maldives,rural,02_05,2025,0.01947279054820479
Maldives,rural,02_05,2030,0.020401951809859854
Maldives,rural,02_05,2035,0.021198200226354057
Maldives,rural,02_05,2040,0.021855042593696344
Maldives,rural,02_05,2045,0.022377515829002003
Maldives,rural,02_05,2050,0.022802001871943336
Maldives,rural,02_05,2055,0.023171081927109698
Maldives,rural,02_05,2060,0.02350663868259807
Maldives,rural,02_05,2065,0.02380862601491126
Maldives,rural,02_05,2070,0.024059549797862123
Maldives,rural,02_05,2075,0.024267454964041254
Maldives,rural,02_05,2080,0.024456926090057722
Maldives,rural,02_05,2085,0.024685443340240556
Maldives,rural,02_05,2090,0.024944001503972534
Maldives,rural,02_05,2095,0.02517476003838458
Maldives,rural,02_05,2100,0.025349554861874367
Maldives,rural,06_10,2011,0.0247885032228387
Maldives,rural,06_10,2012,0.024635496002506797
Maldives,rural,06_10,2013,0.02488344327041159
Maldives,rural,06_10,2014,0.0250050322659786
Maldives,rural,06_10,2015,0.02490481219203293
Maldives,rural,06_10,2016,0.02512118647488972
Maldives,rural,06_10,2017,0.02526691127813823
Maldives,rural,06_10,2018,0.025470933859311574
Maldives,rural,06_10,2019,0.025743424795890108
Maldives,rural,06_10,2020,0.023398133052139752
Maldives,rural,06_10,2025,0.02651427579053951
Maldives,rural,06_10,2030,0.0277794276897715
Maldives,rural,06_10,2035,0.028863604611432784
Maldives,rural,06_10,2040,0.02975796536756128
Maldives,rural,06_10,2045,0.03046936825662213
Maldives,rural,06_10,2050,0.031047351159684725
Maldives,rural,06_10,2055,0.03154989291646291
Maldives,rural,06_10,2060,0.03200678913461782
Maldives,rural,06_10,2065,0.03241797701210152
Maldives,rural,06_10,2070,0.032759636435135686
Maldives,rural,06_10,2075,0.03304272143523905
Maldives,rural,06_10,2080,0.03330070652870106
Maldives,rural,06_10,2085,0.03361185707382937
Maldives,rural,06_10,2090,0.033963911518420375
Maldives,rural,06_10,2095,0.034278113810448096
Maldives,rural,06_10,2100,0.03451611555679739
Maldives,rural,11_20,2011,0.0423833067134091
Maldives,rural,11_20,2012,0.04212169543779491
Maldives,rural,11_20,2013,0.042545634915297476
Maldives,rural,11_20,2014,0.042753527406657894
Maldives,rural,11_20,2015,0.042582171431886244
Maldives,rural,11_20,2016,0.04295212751647807
Maldives,rural,11_20,2017,0.043201287337719003
Maldives,rural,11_20,2018,0.04355012452069035
Maldives,rural,11_20,2019,0.04401602868754587
Maldives,rural,11_20,2020,0.04000605606377669
Maldives,rural,11_20,2025,0.04533402735180006
Maldives,rural,11_20,2030,0.04749718018527965
Maldives,rural,11_20,2035,0.049350902557674985
Maldives,rural,11_20,2040,0.05088007783294962
Maldives,rural,11_20,2045,0.0520964323087653
Maldives,rural,11_20,2050,0.05308466570210058
Maldives,rural,11_20,2055,0.05394391005511183
Maldives,rural,11_20,2060,0.054725109806309985
Maldives,rural,11_20,2065,0.05542815757694629
Maldives,rural,11_20,2070,0.056012325809606724
Maldives,rural,11_20,2075,0.05649634367375482
Maldives,rural,11_20,2080,0.056937445794580474
Maldives,rural,11_20,2085,0.057469450041455185
Maldives,rural,11_20,2090,0.05807139165006235
Maldives,rural,11_20,2095,0.05860861376441726
Maldives,rural,11_20,2100,0.0590155484196955
Maldives,rural,21_30,2011,0.0366772116814261
Maldives,rural,21_30,2012,0.0364508213197955
Maldives,rural,21_30,2013,0.03681768552087387
Maldives,rural,21_30,2014,0.03699758929676762
Maldives,rural,21_30,2015,0.03684930309998561
Maldives,rural,21_30,2016,0.03716945173112375
Maldives,rural,21_30,2017,0.03738506698662879
Maldives,rural,21_30,2018,0.03768693996904393
Maldives,rural,21_30,2019,0.03809011912319927
Maldives,rural,21_30,2020,0.03462001199462605
Maldives,rural,21_30,2025,0.039230674680403914
Maldives,rural,21_30,2030,0.04110260069385266
Maldives,rural,21_30,2035,0.04270675509149499
Maldives,rural,21_30,2040,0.0440300564008642
Maldives,rural,21_30,2045,0.04508265219974337
Maldives,rural,21_30,2050,0.04593783902136399
Maldives,rural,21_30,2055,0.046681402689828136
Maldives,rural,21_30,2060,0.047357428957290344
Maldives,rural,21_30,2065,0.04796582490147996
Maldives,rural,21_30,2070,0.048471346145297224
Maldives,rural,21_30,2075,0.048890200336665336
Maldives,rural,21_30,2080,0.04927191656206618
Maldives,rural,21_30,2085,0.049732296694979874
Maldives,rural,21_30,2090,0.050253198472371356
Maldives,rural,21_30,2095,0.05071809398751776
Maldives,rural,21_30,2100,0.051070242737804535
Maldives,rural,31_50,2011,0.0541066561101835
Maldives,rural,31_50,2012,0.05377268237330834
Maldives,rural,31_50,2013,0.05431388477820481
Maldives,rural,31_50,2014,0.05457928095443967
Maldives,rural,31_50,2015,0.054360527404555326
Maldives,rural,31_50,2016,0.054832814448608616
Maldives,rural,31_50,2017,0.05515089262159111
Maldives,rural,31_50,2018,0.05559621921267336
Maldives,rural,31_50,2019,0.056190993865505676
Maldives,rural,31_50,2020,0.05107185082098984
Maldives,rural,31_50,2025,0.05787355490215836
Maldives,rural,31_50,2030,0.06063504227892833
Maldives,rural,31_50,2035,0.0630015098036346
Maldives,rural,31_50,2040,0.06495365953350227
Maldives,rural,31_50,2045,0.06650646129519727
Maldives,rural,31_50,2050,0.06776804300073408
Maldives,rural,31_50,2055,0.06886495691161323
Maldives,rural,31_50,2060,0.06986223885040228
Maldives,rural,31_50,2065,0.0707597517370694
Maldives,rural,31_50,2070,0.07150550265001201
Maldives,rural,31_50,2075,0.0721234013029824
Maldives,rural,31_50,2080,0.07268651358967512
Maldives,rural,31_50,2085,0.07336567180235182
Maldives,rural,31_50,2090,0.07413411226018458
Maldives,rural,31_50,2095,0.07481993161809208
Maldives,rural,31_50,2100,0.07533942561607902
Maldives,rural,51+,2011,0.0357459136063553
Maldives,rural,51+,2012,0.03552527168901301
Maldives,rural,51+,2013,0.03588282057116136
Maldives,rural,51+,2014,0.0360581562778779
Maldives,rural,51+,2015,0.03591363532505233
Maldives,rural,51+,2016,0.03622565482667798
Maldives,rural,51+,2017,0.03643579523654448
Maldives,rural,51+,2018,0.03673000313989415
Maldives,rural,51+,2019,0.03712294487541922
Maldives,rural,51+,2020,0.033740949790836694
Maldives,rural,51+,2025,0.03823453974705807
Maldives,rural,51+,2030,0.04005893430942101
Maldives,rural,51+,2035,0.0416223564421459
Maldives,rural,51+,2040,0.042912056834061005
Maldives,rural,51+,2045,0.043937925398333626
Maldives,rural,51+,2050,0.044771397541976024
Maldives,rural,51+,2055,0.04549608083809485
Maldives,rural,51+,2060,0.04615494162506598
Maldives,rural,51+,2065,0.0467478893400765
Maldives,rural,51+,2070,0.04724057452194436
Maldives,rural,51+,2075,0.047648793278276
Maldives,rural,51+,2080,0.048020817066066625
Maldives,rural,51+,2085,0.0484695073482003
Maldives,rural,51+,2090,0.0489771825251948
Maldives,rural,51+,2095,0.049430273536167725
Maldives,rural,51+,2100,0.04977348061836563
Nepal,large_city,No_travel,2011,0.0
Nepal,large_city,No_travel,2012,0.0
Nepal,large_city,No_travel,2013,0.0
Nepal,large_city,No_travel,2014,0.0
Nepal,large_city,No_travel,2015,0.0
Nepal,large_city,No_travel,2016,0.0
Nepal,large_city,No_travel,2017,0.0
Nepal,large_city,No_travel,2018,0.0
Nepal,large_city,No_travel,2019,0.0
Nepal,large_city,No_travel,2020,0.0
Nepal,large_city,No_travel,2025,0.0
Nepal,large_city,No_travel,2030,0.0
Nepal,large_city,No_travel,2035,0.0
Nepal,large_city,No_travel,2040,0.0
Nepal,large_city,No_travel,2045,0.0
Nepal,large_city,No_travel,2050,0.0
Nepal,large_city,No_travel,2055,0.0
Nepal,large_city,No_travel,2060,0.0
Nepal,large_city,No_travel,2065,0.0
Nepal,large_city,No_travel,2070,0.0
Nepal,large_city,No_travel,2075,0.0
Nepal,large_city,No_travel,2080,0.0
Nepal,large_city,No_travel,2085,0.0
Nepal,large_city,No_travel,2090,0.0
Nepal,large_city,No_travel,2095,0.0
Nepal,large_city,No_travel,2100,0.0
Nepal,large_city,00_01,2011,0.0263657402468568
Nepal,large_city,00_01,2012,0.026681352124569464
Nepal,large_city,00_01,2013,0.026921341926384203
Nepal,large_city,00_01,2014,0.02733002330669882
Nepal,large_city,00_01,2015,0.027579080838296063
Nepal,large_city,00_01,2016,0.027544156295532075
Nepal,large_city,00_01,2017,0.0281022870952161
Nepal,large_city,00_01,2018,0.028570318868393303
Nepal,large_city,00_01,2019,0.028977537382806656
Nepal,large_city,00_01,2020,0.028657369298849874
Nepal,large_city,00_01,2025,0.029889882203438356
Nepal,large_city,00_01,2030,0.031465675849290296
Nepal,large_city,00_01,2035,0.0332277706713386
Nepal,large_city,00_01,2040,0.03514524553358832
Nepal,large_city,00_01,2045,0.03711966988953056
Nepal,large_city,00_01,2050,0.039087217629215285
Nepal,large_city,00_01,2055,0.04101517377024799
Nepal,large_city,00_01,2060,0.042894491800064695
Nepal,large_city,00_01,2065,0.044710151941290105
Nepal,large_city,00_01,2070,0.04644739699299216
Nepal,large_city,00_01,2075,0.048089007352309254
Nepal,large_city,00_01,2080,0.04960217908119299
Nepal,large_city,00_01,2085,0.05099662381490347
Nepal,large_city,00_01,2090,0.052273892918330754
Nepal,large_city,00_01,2095,0.053464808136249584
Nepal,large_city,00_01,2100,0.0545629201482531
Nepal,large_city,02_05,2011,0.0607545651824544
Nepal,large_city,02_05,2012,0.06148182951174388
Nepal,large_city,02_05,2013,0.06203483792041983
Nepal,large_city,02_05,2014,0.06297656226901421
Nepal,large_city,02_05,2015,0.06355046544396527
Nepal,large_city,02_05,2016,0.06346998883341097
Nepal,large_city,02_05,2017,0.06475608942198749
Nepal,large_city,02_05,2018,0.06583457485819079
Nepal,large_city,02_05,2019,0.06677292832544751
Nepal,large_city,02_05,2020,0.06603516513184962
Nepal,large_city,02_05,2025,0.06887524414722883
Nepal,large_city,02_05,2030,0.0725063448436116
Nepal,large_city,02_05,2035,0.07656673926916018
Nepal,large_city,02_05,2040,0.08098517586200936
Nepal,large_city,02_05,2045,0.0855348411514267
Nepal,large_city,02_05,2050,0.09006866065662787
Nepal,large_city,02_05,2055,0.09451124925617414
Nepal,large_city,02_05,2060,0.098841761074619
Nepal,large_city,02_05,2065,0.10302558604469222
Nepal,large_city,02_05,2070,0.1070287191539214
Nepal,large_city,02_05,2075,0.11081148127800827
Nepal,large_city,02_05,2080,0.11429828231503486
Nepal,large_city,02_05,2085,0.11751150078242242
Nepal,large_city,02_05,2090,0.12045471148969468
Nepal,large_city,02_05,2095,0.12319893697156607
Nepal,large_city,02_05,2100,0.12572931606148588
Nepal,large_city,06_10,2011,0.0853273830804756
Nepal,large_city,06_10,2012,0.0863487970571815
Nepal,large_city,06_10,2013,0.0871254754877177
Nepal,large_city,06_10,2014,0.08844809007655406
Nepal,large_city,06_10,2015,0.08925411437963461
Nepal,large_city,06_10,2016,0.08914108816412038
Nepal,large_city,06_10,2017,0.0909473655569703
Nepal,large_city,06_10,2018,0.0924620556824822
Nepal,large_city,06_10,2019,0.09377993600184675
Nepal,large_city,06_10,2020,0.092743776785601
Nepal,large_city,06_10,2025,0.09673255539666195
Nepal,large_city,06_10,2030,0.10183229266238947
Nepal,large_city,06_10,2035,0.10753495598597898
Nepal,large_city,06_10,2040,0.11374047536781652
Nepal,large_city,06_10,2045,0.12013030026199864
Nepal,large_city,06_10,2050,0.12649787037917815
Nepal,large_city,06_10,2055,0.132737310298862
Nepal,large_city,06_10,2060,0.13881934281374014
Nepal,large_city,06_10,2065,0.14469535945365833
Nepal,large_city,06_10,2070,0.1503176015239872
Nepal,large_city,06_10,2075,0.15563034126453085
Nepal,large_city,06_10,2080,0.16052741536782292
Nepal,large_city,06_10,2085,0.16504025357618882
Nepal,large_city,06_10,2090,0.16917387656816943
Nepal,large_city,06_10,2095,0.17302803268380673
Nepal,large_city,06_10,2100,0.17658185000265353
Nepal,large_city,11_20,2011,0.150513087141122
Nepal,large_city,11_20,2012,0.15231480852683588
Nepal,large_city,11_20,2013,0.15368482907681186
Nepal,large_city,11_20,2014,0.156017852751942
Nepal,large_city,11_20,2015,0.15743963790212062
Nepal,large_city,11_20,2016,0.15724026550827985
Nepal,large_city,11_20,2017,0.1604264453349206
Nepal,large_city,11_20,2018,0.16309828031476464
Nepal,large_city,11_20,2019,0.16542295298359602
Nepal,large_city,11_20,2020,0.16359522175855912
Nepal,large_city,11_20,2025,0.17063122076613482
Nepal,large_city,11_20,2030,0.17962689333644372
Nepal,large_city,11_20,2035,0.18968609626489152
Nepal,large_city,11_20,2040,0.20063231125186157
Nepal,large_city,11_20,2045,0.21190363162280834
Nepal,large_city,11_20,2050,0.22313569571904737
Nepal,large_city,11_20,2055,0.23414174477902439
Nepal,large_city,11_20,2060,0.24487013532445598
Nepal,large_city,11_20,2065,0.2552351245300028
Nepal,large_city,11_20,2070,0.26515246853036656
Nepal,large_city,11_20,2075,0.2745238664410745
Nepal,large_city,11_20,2080,0.28316205168285286
Nepal,large_city,11_20,2085,0.2911224646943353
Nepal,large_city,11_20,2090,0.29841396169259354
Nepal,large_city,11_20,2095,0.30521249358640884
Nepal,large_city,11_20,2100,0.3114812433884593
Nepal,large_city,21_30,2011,0.157092054088329
Nepal,large_city,21_30,2012,0.15897252919353555
Nepal,large_city,21_30,2013,0.1604024337050094
Nepal,large_city,21_30,2014,0.1628374344635764
Nepal,large_city,21_30,2015,0.1643213662196531
Nepal,large_city,21_30,2016,0.1641132792056143
Nepal,large_city,21_30,2017,0.16743872779728725
Nepal,large_city,21_30,2018,0.17022734939253242
Nepal,large_city,21_30,2019,0.1726536341201011
Nepal,large_city,21_30,2020,0.17074601227859823
Nepal,large_city,21_30,2025,0.1780895566683773
Nepal,large_city,21_30,2030,0.18747843247192045
Nepal,large_city,21_30,2035,0.1979773258275499
Nepal,large_city,21_30,2040,0.2094020027739692
Nepal,large_city,21_30,2045,0.22116599554689995
Nepal,large_city,21_30,2050,0.23288901614294674
Nepal,large_city,21_30,2055,0.24437614252556905
Nepal,large_city,21_30,2060,0.2555734738663545
Nepal,large_city,21_30,2065,0.2663915194983336
Nepal,large_city,21_30,2070,0.2767423532345188
Nepal,large_city,21_30,2075,0.2865233774327127
Nepal,large_city,21_30,2080,0.29553914004180815
Nepal,large_city,21_30,2085,0.30384750481671136
Nepal,large_city,21_30,2090,0.3114577150820905
Nepal,large_city,21_30,2095,0.3185534126076027
Nepal,large_city,21_30,2100,0.3250961711256483
Nepal,large_city,31_50,2011,0.147596045325267
Nepal,large_city,31_50,2012,0.14936284817517462
Nepal,large_city,31_50,2013,0.15070631683316055
Nepal,large_city,31_50,2014,0.15299412498752102
Nepal,large_city,31_50,2015,0.1543883550139891
Nepal,large_city,31_50,2016,0.1541928465872013
Nepal,large_city,31_50,2017,0.15731727617030059
Nepal,large_city,31_50,2018,0.15993732924526644
Nepal,large_city,31_50,2019,0.162216948241278
Nepal,large_city,31_50,2020,0.16042463963970088
Nepal,large_city,31_50,2025,0.16732427639658295
Nepal,large_city,31_50,2030,0.17614560696416137
Nepal,large_city,31_50,2035,0.186009855977745
Nepal,large_city,31_50,2040,0.19674392617751532
Nepal,large_city,31_50,2045,0.2077968010068387
Nepal,large_city,31_50,2050,0.21881118037366698
Nepal,large_city,31_50,2055,0.22960392502307667
Nepal,large_city,31_50,2060,0.24012439236108307
Nepal,large_city,31_50,2065,0.2502885013142362
Nepal,large_city,31_50,2070,0.2600136407183036
Nepal,large_city,31_50,2075,0.26920341482408006
Nepal,large_city,31_50,2080,0.27767418640076136
Nepal,large_city,31_50,2085,0.28548032141511387
Nepal,large_city,31_50,2090,0.29263050444494515
Nepal,large_city,31_50,2095,0.29929727635564296
Nepal,large_city,31_50,2100,0.30544453369711705
Nepal,large_city,51+,2011,0.0999074306415119
Nepal,large_city,51+,2012,0.10110337551114151
Nepal,large_city,51+,2013,0.10201276641975955
Nepal,large_city,51+,2014,0.10356137860648272
Nepal,large_city,51+,2015,0.10450512977109355
Nepal,large_city,51+,2016,0.10437279055735592
Nepal,large_city,51+,2017,0.10648770990482126
Nepal,large_city,51+,2018,0.10826121792996762
Nepal,large_city,51+,2019,0.10980428689384934
Nepal,large_city,51+,2020,0.10859107723836275
Nepal,large_city,51+,2025,0.11326142581864289
Nepal,large_city,51+,2030,0.11923256461104056
Nepal,large_city,51+,2035,0.12590965255051328
Nepal,large_city,51+,2040,0.1331755204917669
Nepal,large_city,51+,2045,0.14065718656870277
Nepal,large_city,51+,2050,0.14811279515378126
Nepal,large_city,51+,2055,0.1554183796978399
Nepal,large_city,51+,2060,0.16253966034307565
Nepal,large_city,51+,2065,0.169419722800251
Nepal,large_city,51+,2070,0.17600264775836683
Nepal,large_city,51+,2075,0.18222318515190397
Nepal,large_city,51+,2080,0.1879570313529478
Nepal,large_city,51+,2085,0.19324098656195088
Nepal,large_city,51+,2090,0.1980809293500704
Nepal,large_city,51+,2095,0.2025936522404634
Nepal,large_city,51+,2100,0.20675471688908184
Nepal,city,No_travel,2011,0.0
Nepal,city,No_travel,2012,0.0
Nepal,city,No_travel,2013,0.0
Nepal,city,No_travel,2014,0.0
Nepal,city,No_travel,2015,0.0
Nepal,city,No_travel,2016,0.0
Nepal,city,No_travel,2017,0.0
Nepal,city,No_travel,2018,0.0
Nepal,city,No_travel,2019,0.0
Nepal,city,No_travel,2020,0.0
Nepal,city,No_travel,2025,0.0
Nepal,city,No_travel,2030,0.0
Nepal,city,No_travel,2035,0.0
Nepal,city,No_travel,2040,0.0
Nepal,city,No_travel,2045,0.0
Nepal,city,No_travel,2050,0.0
Nepal,city,No_travel,2055,0.0
Nepal,city,No_travel,2060,0.0
Nepal,city,No_travel,2065,0.0
Nepal,city,No_travel,2070,0.0
Nepal,city,No_travel,2075,0.0
Nepal,city,No_travel,2080,0.0
Nepal,city,No_travel,2085,0.0
Nepal,city,No_travel,2090,0.0
Nepal,city,No_travel,2095,0.0
Nepal,city,No_travel,2100,0.0
Nepal,city,00_01,2011,0.0203337654203297
Nepal,city,00_01,2012,0.020577171363997226
Nepal,city,00_01,2013,0.020762256109871337
Nepal,city,00_01,2014,0.02107743904200861
Nepal,city,00_01,2015,0.021269516995301364
Nepal,city,00_01,2016,0.02124258251694702
Nepal,city,00_01,2017,0.021673023712543222
Nepal,city,00_01,2018,0.02203397880790341
Nepal,city,00_01,2019,0.02234803354975286
Nepal,city,00_01,2020,0.02210111377229546
Nepal,city,00_01,2025,0.02305165140350872
Nepal,city,00_01,2030,0.0242669337375376
Nepal,city,00_01,2035,0.025625895117891005
Nepal,city,00_01,2040,0.02710468857042883
Nepal,city,00_01,2045,0.02862740256662324
Nepal,city,00_01,2050,0.030144813184245427
Nepal,city,00_01,2055,0.03163169000034834
Nepal,city,00_01,2060,0.03308105617063991
Nepal,city,00_01,2065,0.03448132815424643
Nepal,city,00_01,2070,0.03582112491429185
Nepal,city,00_01,2075,0.03708716636222413
Nepal,city,00_01,2080,0.03825415347078691
Nepal,city,00_01,2085,0.03932957603967394
Nepal,city,00_01,2090,0.04031463051129347
Nepal,city,00_01,2095,0.04123308720736705
Nepal,city,00_01,2100,0.042079972288091745
Nepal,city,02_05,2011,0.0396703669770022
Nepal,city,02_05,2012,0.040145242284652806
Nepal,city,02_05,2013,0.04050633525680494
Nepal,city,02_05,2014,0.041121244611973966
Nepal,city,02_05,2015,0.04149598105344471
Nepal,city,02_05,2016,0.0414434329582659
Nepal,city,02_05,2017,0.04228320659774384
Nepal,city,02_05,2018,0.04298741562146166
Nepal,city,02_05,2019,0.04360012392228524
Nepal,city,02_05,2020,0.043118393264773985
Nepal,city,02_05,2025,0.04497285434840485
Nepal,city,02_05,2030,0.04734382180942378
Nepal,city,02_05,2035,0.04999510137087152
Nepal,city,02_05,2040,0.05288016853539733
Nepal,city,02_05,2045,0.05585092293239924
Nepal,city,02_05,2050,0.05881133064890056
Nepal,city,02_05,2055,0.0617121681339945
Nepal,city,02_05,2060,0.06453982384217108
Nepal,city,02_05,2065,0.06727169874625288
Nepal,city,02_05,2070,0.06988558889630159
Nepal,city,02_05,2075,0.07235558536814808
Nepal,city,02_05,2080,0.07463233076660884
Nepal,city,02_05,2085,0.07673043739276501
Nepal,city,02_05,2090,0.07865223945813231
Nepal,city,02_05,2095,0.08044411191424394
Nepal,city,02_05,2100,0.08209635099762135
Nepal,city,06_10,2011,0.0505698242635587
Nepal,city,06_10,2012,0.05117517184879572
Nepal,city,06_10,2013,0.051635475333135186
Nepal,city,06_10,2014,0.05241933140502237
Nepal,city,06_10,2015,0.05289702691011594
Nepal,city,06_10,2016,0.0528300411940494
Nepal,city,06_10,2017,0.053900543148170166
Nepal,city,06_10,2018,0.054798234026474046
Nepal,city,06_10,2019,0.055579284303004996
Nepal,city,06_10,2020,0.054965197856392714
Nepal,city,06_10,2025,0.05732917324278598
Nepal,city,06_10,2030,0.06035156544570792
Nepal,city,06_10,2035,0.06373128566795097
Nepal,city,06_10,2040,0.06740902677841798
Nepal,city,06_10,2045,0.07119599774023622
Nepal,city,06_10,2050,0.07496977926483728
Nepal,city,06_10,2055,0.07866762360097328
Nepal,city,06_10,2060,0.08227217942278443
Nepal,city,06_10,2065,0.08575463860672725
Nepal,city,06_10,2070,0.08908669665420738
Nepal,city,06_10,2075,0.09223532614849209
Nepal,city,06_10,2080,0.09513760872026089
Nepal,city,06_10,2085,0.09781217140914238
Nepal,city,06_10,2090,0.10026198975267593
Nepal,city,06_10,2095,0.10254618024833755
Nepal,city,06_10,2100,0.10465237301777212
Nepal,city,11_20,2011,0.0832808161760771
Nepal,city,11_20,2012,0.08427773166279129
Nepal,city,11_20,2013,0.08503578155564226
Nepal,city,11_20,2014,0.08632667339444147
Nepal,city,11_20,2015,0.0871133653026533
Nepal,city,11_20,2016,0.08700305000717025
Nepal,city,11_20,2017,0.08876600405645903
Nepal,city,11_20,2018,0.09024436452354967
Nepal,city,11_20,2019,0.0915306356437545
Nepal,city,11_20,2020,0.0905193285802773
Nepal,city,11_20,2025,0.09441243682152657
Nepal,city,11_20,2030,0.0993898575092416
Nepal,city,11_20,2035,0.10495574314665762
Nepal,city,11_20,2040,0.11101242390092946
Nepal,city,11_20,2045,0.11724898962225026
Nepal,city,11_20,2050,0.1234638343446879
Nepal,city,11_20,2055,0.12955362205683169
Nepal,city,11_20,2060,0.13548977776162782
Nepal,city,11_20,2065,0.1412248588571662
Nepal,city,11_20,2070,0.14671225213529904
Nepal,city,11_20,2075,0.15189756645938024
Nepal,city,11_20,2080,0.1566771848359599
Nepal,city,11_20,2085,0.16108178316881674
Nepal,city,11_20,2090,0.16511626171612745
Nepal,city,11_20,2095,0.16887797636613106
Nepal,city,11_20,2100,0.17234655580885347
Nepal,city,21_30,2011,0.0673025770269828
Nepal,city,21_30,2012,0.06810822452678776
Nepal,city,21_30,2013,0.06872083513324521
Nepal,city,21_30,2014,0.06976405674661892
Nepal,city,21_30,2015,0.07039981411764408
Nepal,city,21_30,2016,0.07031066389058813
Nepal,city,21_30,2017,0.07173537796215089
Nepal,city,21_30,2018,0.07293010051385657
Nepal,city,21_30,2019,0.07396958793869327
Nepal,city,21_30,2020,0.07315231002689059
Nepal,city,21_30,2025,0.0762984873737491
Nepal,city,21_30,2030,0.08032094121861028
Nepal,city,21_30,2035,0.08481895725682455
Nepal,city,21_30,2040,0.08971360456828208
Nepal,city,21_30,2045,0.09475362415641389
Nepal,city,21_30,2050,0.09977609013175034
Nepal,city,21_30,2055,0.1046974925073945
Nepal,city,21_30,2060,0.10949473867896804
Nepal,city,21_30,2065,0.11412948837177114
Nepal,city,21_30,2070,0.11856407157756074
Nepal,city,21_30,2075,0.12275453263125345
Nepal,city,21_30,2080,0.1266171344730656
Nepal,city,21_30,2085,0.13017666753459642
Nepal,city,21_30,2090,0.13343709191156222
Nepal,city,21_30,2095,0.13647708481281
Nepal,city,21_30,2100,0.1392801833634351
Nepal,city,31_50,2011,0.128420945162782
Nepal,city,31_50,2012,0.12995821190594853
Nepal,city,31_50,2013,0.13112714237745887
Nepal,city,31_50,2014,0.13311772745639253
Nepal,city,31_50,2015,0.134330824578194
Nepal,city,31_50,2016,0.13416071584052394
Nepal,city,31_50,2017,0.1368792317687246
Nepal,city,31_50,2018,0.1391588978093849
Nepal,city,31_50,2019,0.14114235763335023
Nepal,city,31_50,2020,0.13958289874588023
Nepal,city,31_50,2025,0.14558616171709332
Nepal,city,31_50,2030,0.15326145956525206
Nepal,city,31_50,2035,0.16184418397940403
Nepal,city,31_50,2040,0.17118372581780703
Nepal,city,31_50,2045,0.18080065443686022
Nepal,city,31_50,2050,0.19038408877314178
Nepal,city,31_50,2055,0.19977468230648002
Nepal,city,31_50,2060,0.20892837173036374
Nepal,city,31_50,2065,0.2177719994551099
Nepal,city,31_50,2070,0.2262336868354041
Nepal,city,31_50,2075,0.23422956148025303
Nepal,city,31_50,2080,0.24159984358868034
Nepal,city,31_50,2085,0.24839183611396937
Nepal,city,31_50,2090,0.2546130953675913
Nepal,city,31_50,2095,0.2604137463814429
Nepal,city,31_50,2100,0.2657623761242739
Nepal,city,51+,2011,0.0842931032354429
Nepal,city,51+,2012,0.08530213633450551
Nepal,city,51+,2013,0.08606940040334707
Nepal,city,51+,2014,0.08737598316790154
Nepal,city,51+,2015,0.08817223739880613
Nepal,city,51+,2016,0.08806058120933098
Nepal,city,51+,2017,0.08984496415007752
Nepal,city,51+,2018,0.0913412942437716
Nepal,city,51+,2019,0.09264320012441232
Nepal,city,51+,2020,0.09161960051746103
Nepal,city,51+,2025,0.09556002989789072
Nepal,city,51+,2030,0.10059795165635103
Nepal,city,51+,2035,0.10623149121772421
Nepal,city,51+,2040,0.11236179156209825
Nepal,city,51+,2045,0.11867416339417124
Nepal,city,51+,2050,0.12496455020634045
Nepal,city,51+,2055,0.13112835992713331
Nepal,city,51+,2060,0.13713667022740844
Nepal,city,51+,2065,0.14294146183545134
Nepal,city,51+,2070,0.14849555495467795
Nepal,city,51+,2075,0.15374389731846896
Nepal,city,51+,2080,0.15858161245794644
Nepal,city,51+,2085,0.1630397491457184
Nepal,city,51+,2090,0.16712326720311382
Nepal,city,51+,2095,0.170930705889409
Nepal,city,51+,2100,0.17444144627921948
Nepal,town,No_travel,2011,0.0
Nepal,town,No_travel,2012,0.0
Nepal,town,No_travel,2013,0.0
Nepal,town,No_travel,2014,0.0
Nepal,town,No_travel,2015,0.0
Nepal,town,No_travel,2016,0.0
Nepal,town,No_travel,2017,0.0
Nepal,town,No_travel,2018,0.0
Nepal,town,No_travel,2019,0.0
Nepal,town,No_travel,2020,0.0
Nepal,town,No_travel,2025,0.0
Nepal,town,No_travel,2030,0.0
Nepal,town,No_travel,2035,0.0
Nepal,town,No_travel,2040,0.0
Nepal,town,No_travel,2045,0.0
Nepal,town,No_travel,2050,0.0
Nepal,town,No_travel,2055,0.0
Nepal,town,No_travel,2060,0.0
Nepal,town,No_travel,2065,0.0
Nepal,town,No_travel,2070,0.0
Nepal,town,No_travel,2075,0.0
Nepal,town,No_travel,2080,0.0
Nepal,town,No_travel,2085,0.0
Nepal,town,No_travel,2090,0.0
Nepal,town,No_travel,2095,0.0
Nepal,town,No_travel,2100,0.0
Nepal,town,00_01,2011,0.0142978983785273
Nepal,town,00_01,2012,0.014469051796270989
Nepal,town,00_01,2013,0.014599196057956912
Nepal,town,00_01,2014,0.014820820210748575
Nepal,town,00_01,2015,0.014955881818875005
Nepal,town,00_01,2016,0.014936942560629995
Nepal,town,00_01,2017,0.015239611758653356
Nepal,town,00_01,2018,0.015493421083487592
Nepal,town,00_01,2019,0.01571425193755895
Nepal,town,00_01,2020,0.015540627731084885
Nepal,town,00_01,2025,0.01620900814047356
Nepal,town,00_01,2030,0.01706354653776381
Nepal,town,00_01,2035,0.01801911434898729
Nepal,town,00_01,2040,0.019058943326559635
Nepal,town,00_01,2045,0.020129655490642225
Nepal,town,00_01,2050,0.02119663852899128
Nepal,town,00_01,2055,0.02224215140762284
Nepal,town,00_01,2060,0.023261288285998813
Nepal,town,00_01,2065,0.024245904077026273
Nepal,town,00_01,2070,0.025187996086401834
Nepal,town,00_01,2075,0.026078226281909114
Nepal,town,00_01,2080,0.026898805389731408
Nepal,town,00_01,2085,0.027654999940325976
Nepal,town,00_01,2090,0.02834765122460058
Nepal,town,00_01,2095,0.02899347359119524
Nepal,town,00_01,2100,0.029588969632985233
Nepal,town,02_05,2011,0.0305435787015927
Nepal,town,02_05,2012,0.03090920151877203
Nepal,town,02_05,2013,0.031187219406025618
Nepal,town,02_05,2014,0.03166065924828467
Nepal,town,02_05,2015,0.03194918171138797
Nepal,town,02_05,2016,0.03190872312723514
Nepal,town,02_05,2017,0.032555293708843
Nepal,town,02_05,2018,0.0330974884344619
Nepal,town,02_05,2019,0.033569233609347056
Nepal,town,02_05,2020,0.03319833262274426
Nepal,town,02_05,2025,0.034626145934624056
Nepal,town,02_05,2030,0.036451635254814346
Nepal,town,02_05,2035,0.03849294649329996
Nepal,town,02_05,2040,0.04071425884088072
Nepal,town,02_05,2045,0.04300154473315726
Nepal,town,02_05,2050,0.04528086436058041
Nepal,town,02_05,2055,0.04751431881987144
Nepal,town,02_05,2060,0.04969142811441787
Nepal,town,02_05,2065,0.05179479247664072
Nepal,town,02_05,2070,0.05380731632250315
Nepal,town,02_05,2075,0.05570905148099653
Nepal,town,02_05,2080,0.057461995997534245
Nepal,town,02_05,2085,0.05907740038483132
Nepal,town,02_05,2090,0.060557061832542614
Nepal,town,02_05,2095,0.061936686009404655
Nepal,town,02_05,2100,0.06320880165447144
Nepal,town,06_10,2011,0.0419722902791875
Nepal,town,06_10,2012,0.04247472082818354
Nepal,town,06_10,2013,0.042856766677513106
Nepal,town,06_10,2014,0.04350735692704381
Nepal,town,06_10,2015,0.04390383792528407
Nepal,town,06_10,2016,0.043848240660309394
Nepal,town,06_10,2017,0.044736743229126345
Nepal,town,06_10,2018,0.04548181487360704
Nepal,town,06_10,2019,0.04613007634982538
Nepal,town,06_10,2020,0.045620392660608
Nepal,town,06_10,2025,0.04758246119803127
Nepal,town,06_10,2030,0.05009100704975192
Nepal,town,06_10,2035,0.05289613046665586
Nepal,town,06_10,2040,0.05594860730849173
Nepal,town,06_10,2045,0.059091743493025185
Nepal,town,06_10,2050,0.06222393261781381
Nepal,town,06_10,2055,0.06529309487304819
Nepal,town,06_10,2060,0.06828482888604563
Nepal,town,06_10,2065,0.07117522429244613
Nepal,town,06_10,2070,0.073940788729986
Nepal,town,06_10,2075,0.07655410987634724
Nepal,town,06_10,2080,0.07896296631095993
Nepal,town,06_10,2085,0.08118281823218783
Nepal,town,06_10,2090,0.083216135297127
Nepal,town,06_10,2095,0.08511198342262578
Nepal,town,06_10,2100,0.08686009577203606
Nepal,town,11_20,2011,0.0757320066192673
Nepal,town,11_20,2012,0.07663855885668852
Nepal,town,11_20,2013,0.07732789695565417
Nepal,town,11_20,2014,0.07850177869420492
Nepal,town,11_20,2015,0.07921716261496359
Nepal,town,11_20,2016,0.07911684661097455
Nepal,town,11_20,2017,0.0807200015013868
Nepal,town,11_20,2018,0.08206435917966245
Nepal,town,11_20,2019,0.08323403903466735
Nepal,town,11_20,2020,0.08231439971384898
Nepal,town,11_20,2025,0.08585462557417751
Nepal,town,11_20,2030,0.09038087872318536
Nepal,town,11_20,2035,0.09544225668859437
Nepal,town,11_20,2040,0.10094994270842787
Nepal,town,11_20,2045,0.10662120841132375
Nepal,town,11_20,2050,0.11227272196832665
Nepal,town,11_20,2055,0.11781051403740204
Nepal,town,11_20,2060,0.12320859974033443
Nepal,town,11_20,2065,0.1284238368073087
Nepal,town,11_20,2070,0.13341383718366734
Nepal,town,11_20,2075,0.13812913989976994
Nepal,town,11_20,2080,0.1424755201005524
Nepal,town,11_20,2085,0.14648087313880642
Nepal,town,11_20,2090,0.1501496550993991
Nepal,town,11_20,2095,0.15357039725653113
Nepal,town,11_20,2100,0.15672457481358495
Nepal,town,21_30,2011,0.0536494958683143
Nepal,town,21_30,2012,0.05429170875408204
Nepal,town,21_30,2013,0.054780044441240766
Nepal,town,21_30,2014,0.05561163687215156
Nepal,town,21_30,2015,0.056118423743572385
Nepal,town,21_30,2016,0.05604735863805377
Nepal,town,21_30,2017,0.057183053511449054
Nepal,town,21_30,2018,0.058135413219396324
Nepal,town,21_30,2019,0.058964028983716645
Nepal,town,21_30,2020,0.05831254504521986
Nepal,town,21_30,2025,0.06082048509785111
Nepal,town,21_30,2030,0.06402693915151751
Nepal,town,21_30,2035,0.0676124822840047
Nepal,town,21_30,2040,0.07151419559592762
Nepal,town,21_30,2045,0.075531790790853
Nepal,town,21_30,2050,0.07953539331983986
Nepal,town,21_30,2055,0.08345843413167355
Nepal,town,21_30,2060,0.0872825052152806
Nepal,town,21_30,2065,0.0909770440498786
Nepal,town,21_30,2070,0.09451202241008792
Nepal,town,21_30,2075,0.09785240152954253
Nepal,town,21_30,2080,0.10093143134841803
Nepal,town,21_30,2085,0.10376887328175087
Nepal,town,21_30,2090,0.10636788407551066
Nepal,town,21_30,2095,0.10879118038598941
Nepal,town,21_30,2100,0.111025639016748
Nepal,town,31_50,2011,0.0837659254033078
Nepal,town,31_50,2012,0.08476864790445315
Nepal,town,31_50,2013,0.08553111342403076
Nepal,town,31_50,2014,0.08682952468412183
Nepal,town,31_50,2015,0.08762079905827462
Nepal,town,31_50,2016,0.08750984117821806
Nepal,town,31_50,2017,0.0892830644025193
Nepal,town,31_50,2018,0.09077003629222428
Nepal,town,31_50,2019,0.09206379991811989
Nepal,town,31_50,2020,0.09104660200954075
Nepal,town,31_50,2025,0.09496238753491323
Nepal,town,31_50,2030,0.09996880160687073
Nepal,town,31_50,2035,0.10556710842607143
Nepal,town,31_50,2040,0.11165906923468467
Nepal,town,31_50,2045,0.11793196283698165
Nepal,town,31_50,2050,0.12418300891597524
Nepal,town,31_50,2055,0.13030826952988298
Nepal,town,31_50,2060,0.13627900323281722
Nepal,town,31_50,2065,0.14204749107058157
Nepal,town,31_50,2070,0.14756684831394545
Nepal,town,31_50,2075,0.1527823669988891
Nepal,town,31_50,2080,0.1575898265648757
Nepal,town,31_50,2085,0.16202008160226092
Nepal,town,31_50,2090,0.16607806091313557
Nepal,town,31_50,2095,0.16986168748200253
Nepal,town,31_50,2100,0.1733504713363807
Nepal,town,51+,2011,0.068333385372376
Nepal,town,51+,2012,0.06915137219413459
Nepal,town,51+,2013,0.06977336556353378
Nepal,town,51+,2014,0.07083256519131145
Nepal,town,51+,2015,0.07147805984183832
Nepal,town,51+,2016,0.07138754418715534
Nepal,town,51+,2017,0.0728340792233771
Nepal,town,51+,2018,0.0740471001825306
Nepal,town,51+,2019,0.07510250842882445
Nepal,town,51+,2020,0.07427271306331933
Nepal,town,51+,2025,0.07746707735945213
Nepal,town,51+,2030,0.08155113923145585
Nepal,town,51+,2035,0.08611804702203267
Nepal,town,51+,2040,0.09108766090266605
Nepal,town,51+,2045,0.09620487358624663
Nepal,town,51+,2050,0.10130426380535691
Nepal,town,51+,2055,0.10630104253156515
Nepal,town,51+,2060,0.11117176347345219
Nepal,town,51+,2065,0.11587749913548845
Nepal,town,51+,2070,0.12038000255442287
Nepal,town,51+,2075,0.12463464483885002
Nepal,town,51+,2080,0.12855640640959612
Nepal,town,51+,2085,0.13217045738927527
Nepal,town,51+,2090,0.13548081852655192
Nepal,town,51+,2095,0.13856737205283026
Nepal,town,51+,2100,0.14141340294730578
Nepal,rural,No_travel,2011,0.0
Nepal,rural,No_travel,2012,0.0
Nepal,rural,No_travel,2013,0.0
Nepal,rural,No_travel,2014,0.0
Nepal,rural,No_travel,2015,0.0
Nepal,rural,No_travel,2016,0.0
Nepal,rural,No_travel,2017,0.0
Nepal,rural,No_travel,2018,0.0
Nepal,rural,No_travel,2019,0.0
Nepal,rural,No_travel,2020,0.0
Nepal,rural,No_travel,2025,0.0
Nepal,rural,No_travel,2030,0.0
Nepal,rural,No_travel,2035,0.0
Nepal,rural,No_travel,2040,0.0
Nepal,rural,No_travel,2045,0.0
Nepal,rural,No_travel,2050,0.0
Nepal,rural,No_travel,2055,0.0
Nepal,rural,No_travel,2060,0.0
Nepal,rural,No_travel,2065,0.0
Nepal,rural,No_travel,2070,0.0
Nepal,rural,No_travel,2075,0.0
Nepal,rural,No_travel,2080,0.0
Nepal,rural,No_travel,2085,0.0
Nepal,rural,No_travel,2090,0.0
Nepal,rural,No_travel,2095,0.0
Nepal,rural,No_travel,2100,0.0
Nepal,rural,00_01,2011,0.00800533451099545
Nepal,rural,00_01,2012,0.008101162605829028
Nepal,rural,00_01,2013,0.008174029842810304
Nepal,rural,00_01,2014,0.008298116294667991
Nepal,rural,00_01,2015,0.008373736733701802
Nepal,rural,00_01,2016,0.008363132720886245
Nepal,rural,00_01,2017,0.008532595960322228
Nepal,rural,00_01,2018,0.008674702757665213
Nepal,rural,00_01,2019,0.008798345044831344
Nepal,rural,00_01,2020,0.0087011335655472
Nepal,rural,00_01,2025,0.009075357008468574
Nepal,rural,00_01,2030,0.009553809543358039
Nepal,rural,00_01,2035,0.010088828031688604
Nepal,rural,00_01,2040,0.010671024000586686
Nepal,rural,00_01,2045,0.011270511338624112
Nepal,rural,00_01,2050,0.011867910754497026
Nepal,rural,00_01,2055,0.012453289116226682
Nepal,rural,00_01,2060,0.013023899663867997
Nepal,rural,00_01,2065,0.01357518199664921
Nepal,rural,00_01,2070,0.014102655438935909
Nepal,rural,00_01,2075,0.01460109166488695
Nepal,rural,00_01,2080,0.015060530533239592
Nepal,rural,00_01,2085,0.015483920752741553
Nepal,rural,00_01,2090,0.015871733358712805
Nepal,rural,00_01,2095,0.016233326646229618
Nepal,rural,00_01,2100,0.01656674243142375
Nepal,rural,02_05,2011,0.018205337195522
Nepal,rural,02_05,2012,0.01842326472582739
Nepal,rural,02_05,2013,0.018588975804849518
Nepal,rural,02_05,2014,0.018871167097963163
Nepal,rural,02_05,2015,0.019043139373399378
Nepal,rural,02_05,2016,0.019019024250081586
Nepal,rural,02_05,2017,0.019404409197074125
Nepal,rural,02_05,2018,0.01972758147174314
Nepal,rural,02_05,2019,0.020008762667406265
Nepal,rural,02_05,2020,0.019787689112364615
Nepal,rural,02_05,2025,0.020638729622351453
Nepal,rural,02_05,2030,0.021726802796277058
Nepal,rural,02_05,2035,0.02294351547361966
Nepal,rural,02_05,2040,0.02426751685208863
Nepal,rural,02_05,2045,0.02563084141003519
Nepal,rural,02_05,2050,0.02698941771830015
Nepal,rural,02_05,2055,0.028320656337699885
Nepal,rural,02_05,2060,0.029618310722143576
Nepal,rural,02_05,2065,0.03087200983295911
Nepal,rural,02_05,2070,0.032071563938452445
Nepal,rural,02_05,2075,0.03320508303767791
Nepal,rural,02_05,2080,0.0342499162682694
Nepal,rural,02_05,2085,0.03521276943833147
Nepal,rural,02_05,2090,0.03609471375317345
Nepal,rural,02_05,2095,0.03691703138622666
Nepal,rural,02_05,2100,0.03767526913224861
Nepal,rural,06_10,2011,0.0247885032228387
Nepal,rural,06_10,2012,0.025085234737850088
Nepal,rural,06_10,2013,0.0253108679998042
Nepal,rural,06_10,2014,0.025695101464072313
Nepal,rural,06_10,2015,0.025929260010992175
Nepal,rural,06_10,2016,0.0258964247052979
Nepal,rural,06_10,2017,0.02642116730676468
Nepal,rural,06_10,2018,0.026861200736858763
Nepal,rural,06_10,2019,0.027244058845996753
Nepal,rural,06_10,2020,0.026943043683641928
Nepal,rural,06_10,2025,0.02810182586921793
Nepal,rural,06_10,2030,0.029583353241596038
Nepal,rural,06_10,2035,0.031240036982174837
Nepal,rural,06_10,2040,0.03304280570239903
Nepal,rural,06_10,2045,0.03489911711456809
Nepal,rural,06_10,2050,0.036748963279690586
Nepal,rural,06_10,2055,0.03856158627331877
Nepal,rural,06_10,2060,0.04032848075846049
Nepal,rural,06_10,2065,0.04203552546272255
Nepal,rural,06_10,2070,0.04366884598244931
Nepal,rural,06_10,2075,0.04521225281652932
Nepal,rural,06_10,2080,0.04663490440631787
Nepal,rural,06_10,2085,0.04794593142289381
Nepal,rural,06_10,2090,0.0491467924262375
Nepal,rural,06_10,2095,0.05026646535941175
Nepal,rural,06_10,2100,0.051298886709759836
Nepal,rural,11_20,2011,0.0423833067134091
Nepal,rural,11_20,2012,0.04289065734685416
Nepal,rural,11_20,2013,0.0432764444054829
Nepal,rural,11_20,2014,0.04393340560314921
Nepal,rural,11_20,2015,0.04433376916784105
Nepal,rural,11_20,2016,0.04427762746296446
Nepal,rural,11_20,2017,0.04517483075207099
Nepal,rural,11_20,2018,0.04592719856000898
Nepal,rural,11_20,2019,0.046581808179695934
Nepal,rural,11_20,2020,0.04606713337917322
Nepal,rural,11_20,2025,0.048048415602782925
Nepal,rural,11_20,2030,0.05058152655600738
Nepal,rural,11_20,2035,0.0534141193298775
Nepal,rural,11_20,2040,0.05649648775348626
Nepal,rural,11_20,2045,0.05967040330741429
Nepal,rural,11_20,2050,0.06283326460178945
Nepal,rural,11_20,2055,0.0659324818318132
Nepal,rural,11_20,2060,0.06895351259840649
Nepal,rural,11_20,2065,0.07187221239338162
Nepal,rural,11_20,2070,0.07466485880396052
Nepal,rural,11_20,2075,0.07730377107084219
Nepal,rural,11_20,2080,0.07973621639173488
Nepal,rural,11_20,2085,0.08197780636001939
Nepal,rural,11_20,2090,0.0840310348170726
Nepal,rural,11_20,2095,0.08594544816098536
Nepal,rural,11_20,2100,0.08771067901643126
Nepal,rural,21_30,2011,0.0366772116814261
Nepal,rural,21_30,2012,0.03711625733459792
Nepal,rural,21_30,2013,0.03745010560436504
Nepal,rural,21_30,2014,0.038018619644013284
Nepal,rural,21_30,2015,0.03836508197436012
Nepal,rural,21_30,2016,0.03831649866754458
Nepal,rural,21_30,2017,0.039092910833266915
Nepal,rural,21_30,2018,0.03974398682270362
Nepal,rural,21_30,2019,0.040310465879005296
Nepal,rural,21_30,2020,0.03986508211663134
Nepal,rural,21_30,2025,0.041579622891077084
Nepal,rural,21_30,2030,0.0437716992968229
Nepal,rural,21_30,2035,0.04622293807054613
Nepal,rural,21_30,2040,0.04889032501883902
Nepal,rural,21_30,2045,0.051636934041526715
Nepal,rural,21_30,2050,0.05437397704756677
Nepal,rural,21_30,2055,0.05705594443536244
Nepal,rural,21_30,2060,0.05967025165947026
Nepal,rural,21_30,2065,0.06219600480418583
Nepal,rural,21_30,2070,0.06461267522220614
Nepal,rural,21_30,2075,0.06689630883474136
Nepal,rural,21_30,2080,0.06900127229455677
Nepal,rural,21_30,2085,0.0709410753950006
Nepal,rural,21_30,2090,0.07271787622979349
Nepal,rural,21_30,2095,0.07437455072985605
Nepal,rural,21_30,2100,0.07590212728705022
Nepal,rural,31_50,2011,0.0541066561101835
Nepal,rural,31_50,2012,0.05475434144622197
Nepal,rural,31_50,2013,0.055246838359078
Nepal,rural,31_50,2014,0.05608551698885607
Nepal,rural,31_50,2015,0.056596622312947605
Nepal,rural,31_50,2016,0.05652495164459374
Nepal,rural,31_50,2017,0.05767032404681959
Nepal,rural,31_50,2018,0.05863079904061224
Nepal,rural,31_50,2019,0.059466475638908764
Nepal,rural,31_50,2020,0.05880944024927388
Nepal,rural,31_50,2025,0.061338751061545974
Nepal,rural,31_50,2030,0.06457252808045169
Nepal,rural,31_50,2035,0.06818862448728284
Nepal,rural,31_50,2040,0.07212358523559848
Nepal,rural,31_50,2045,0.07617541532427854
Nepal,rural,31_50,2050,0.08021313351215235
Nepal,rural,31_50,2055,0.08416960349712875
Nepal,rural,31_50,2060,0.08802626040904997
Nepal,rural,31_50,2065,0.09175228129655236
Nepal,rural,31_50,2070,0.0953173820565345
Nepal,rural,31_50,2075,0.09868622534888521
Nepal,rural,31_50,2080,0.10179149232048577
Nepal,rural,31_50,2085,0.10465311277813721
Nepal,rural,31_50,2090,0.10727427036719983
Nepal,rural,31_50,2095,0.10971821616765959
Nepal,rural,31_50,2100,0.1119717151571681
Nepal,rural,51+,2011,0.0357459136063553
Nepal,rural,51+,2012,0.03617381112822372
Nepal,rural,51+,2013,0.036499182410871425
Nepal,rural,51+,2014,0.0370532608921306
Nepal,rural,51+,2015,0.037390925942462294
Nepal,rural,51+,2016,0.037343576250145886
Nepal,rural,51+,2017,0.03810027396315356
Nepal,rural,51+,2018,0.03873481800297115
Nepal,rural,51+,2019,0.039286913172643594
Nepal,rural,51+,2020,0.038852838477168444
Nepal,rural,51+,2025,0.04052384408496245
Nepal,rural,51+,2030,0.04266025986539108
Nepal,rural,51+,2035,0.04504925743137649
Nepal,rural,51+,2040,0.047648914794552855
Nepal,rural,51+,2045,0.05032578264612812
Nepal,rural,51+,2050,0.05299332737882473
Nepal,rural,51+,2055,0.05560719495883372
Nepal,rural,51+,2060,0.058155120384166786
Nepal,rural,51+,2065,0.06061674027191046
Nepal,rural,51+,2070,0.06297204723275382
Nepal,rural,51+,2075,0.06519769542355106
Nepal,rural,51+,2080,0.06724921020697178
Nepal,rural,51+,2085,0.06913975833925849
Nepal,rural,51+,2090,0.07087144311638595
Nepal,rural,51+,2095,0.07248605177495739
Nepal,rural,51+,2100,0.07397484051153981
Pakistan,large_city,No_travel,2011,0.0
Pakistan,large_city,No_travel,2012,0.0
Pakistan,large_city,No_travel,2013,0.0
Pakistan,large_city,No_travel,2014,0.0
Pakistan,large_city,No_travel,2015,0.0
Pakistan,large_city,No_travel,2016,0.0
Pakistan,large_city,No_travel,2017,0.0
Pakistan,large_city,No_travel,2018,0.0
Pakistan,large_city,No_travel,2019,0.0
Pakistan,large_city,No_travel,2020,0.0
Pakistan,large_city,No_travel,2025,0.0
Pakistan,large_city,No_travel,2030,0.0
Pakistan,large_city,No_travel,2035,0.0
Pakistan,large_city,No_travel,2040,0.0
Pakistan,large_city,No_travel,2045,0.0
Pakistan,large_city,No_travel,2050,0.0
Pakistan,large_city,No_travel,2055,0.0
Pakistan,large_city,No_travel,2060,0.0
Pakistan,large_city,No_travel,2065,0.0
Pakistan,large_city,No_travel,2070,0.0
Pakistan,large_city,No_travel,2075,0.0
Pakistan,large_city,No_travel,2080,0.0
Pakistan,large_city,No_travel,2085,0.0
Pakistan,large_city,No_travel,2090,0.0
Pakistan,large_city,No_travel,2095,0.0
Pakistan,large_city,No_travel,2100,0.0
Pakistan,large_city,00_01,2011,0.0263657402468568
Pakistan,large_city,00_01,2012,0.026482814664635743
Pakistan,large_city,00_01,2013,0.026680493888154695
Pakistan,large_city,00_01,2014,0.02690770424053173
Pakistan,large_city,00_01,2015,0.027148164931807696
Pakistan,large_city,00_01,2016,0.02745249815240963
Pakistan,large_city,00_01,2017,0.02767301409497022
Pakistan,large_city,00_01,2018,0.02800048285364663
Pakistan,large_city,00_01,2019,0.028064303384495774
Pakistan,large_city,00_01,2020,0.027840716218912872
Pakistan,large_city,00_01,2025,0.02894737375066119
Pakistan,large_city,00_01,2030,0.030092192366995726
Pakistan,large_city,00_01,2035,0.031274458393364124
Pakistan,large_city,00_01,2040,0.032566619434691385
Pakistan,large_city,00_01,2045,0.03395627588876246
Pakistan,large_city,00_01,2050,0.03540292753460562
Pakistan,large_city,00_01,2055,0.03688024230005622
Pakistan,large_city,00_01,2060,0.038357751380865994
Pakistan,large_city,00_01,2065,0.03984256337890298
Pakistan,large_city,00_01,2070,0.04131723694727228
Pakistan,large_city,00_01,2075,0.04277497330254639
Pakistan,large_city,00_01,2080,0.044186012087063915
Pakistan,large_city,00_01,2085,0.045532163039924405
Pakistan,large_city,00_01,2090,0.046797992637901444
Pakistan,large_city,00_01,2095,0.0479861664611737
Pakistan,large_city,00_01,2100,0.04910546784401337
Pakistan,large_city,02_05,2011,0.0607545651824544
Pakistan,large_city,02_05,2012,0.0610243397186348
Pakistan,large_city,02_05,2013,0.061479851877901066
Pakistan,large_city,02_05,2014,0.06200341260611785
Pakistan,large_city,02_05,2015,0.0625575060851995
Pakistan,large_city,02_05,2016,0.06325878100921573
Pakistan,large_city,02_05,2017,0.0637669158114489
Pakistan,large_city,02_05,2018,0.06452150194701531
Pakistan,large_city,02_05,2019,0.06466856357187963
Pakistan,large_city,02_05,2020,0.06415335175160897
Pakistan,large_city,02_05,2025,0.06670342227941342
Pakistan,large_city,02_05,2030,0.06934142737985718
Pakistan,large_city,02_05,2035,0.0720657225329418
Pakistan,large_city,02_05,2040,0.07504324872703015
Pakistan,large_city,02_05,2045,0.07824543356347315
Pakistan,large_city,02_05,2050,0.08157895239855159
Pakistan,large_city,02_05,2055,0.08498312824843202
Pakistan,large_city,02_05,2060,0.08838775185912041
Pakistan,large_city,02_05,2065,0.09180920357918669
Pakistan,large_city,02_05,2070,0.0952072933196413
Pakistan,large_city,02_05,2075,0.09856635464642853
Pakistan,large_city,02_05,2080,0.10181781077875393
Pakistan,large_city,02_05,2085,0.10491974590537097
Pakistan,large_city,02_05,2090,0.10783659656460266
Pakistan,large_city,02_05,2095,0.11057450505183683
Pakistan,large_city,02_05,2100,0.11315371080088274
Pakistan,large_city,06_10,2011,0.0853273830804756
Pakistan,large_city,06_10,2012,0.0857062707430717
Pakistan,large_city,06_10,2013,0.08634601954869318
Pakistan,large_city,06_10,2014,0.08708133987710445
Pakistan,large_city,06_10,2015,0.08785954224609527
Pakistan,large_city,06_10,2016,0.08884445513135027
Pakistan,large_city,06_10,2017,0.08955811035703515
Pakistan,large_city,06_10,2018,0.09061789672968597
Pakistan,large_city,06_10,2019,0.09082443896340206
Pakistan,large_city,06_10,2020,0.09010084434588155
Pakistan,large_city,06_10,2025,0.09368231751015728
Pakistan,large_city,06_10,2030,0.0973872913026258
Pakistan,large_city,06_10,2035,0.10121345606001371
Pakistan,large_city,06_10,2040,0.10539527379555566
Pakistan,large_city,06_10,2045,0.10989261570579897
Pakistan,large_city,06_10,2050,0.11457441102097414
Pakistan,large_city,06_10,2055,0.11935544131793588
Pakistan,large_city,06_10,2060,0.12413710047723701
Pakistan,large_city,06_10,2065,0.12894239405036523
Pakistan,large_city,06_10,2070,0.1337148766474317
Pakistan,large_city,06_10,2075,0.13843254538163835
Pakistan,large_city,06_10,2080,0.14299908687755894
Pakistan,large_city,06_10,2085,0.14735563203667193
Pakistan,large_city,06_10,2090,0.1514522333840992
Pakistan,large_city,06_10,2095,0.15529751753069668
Pakistan,large_city,06_10,2100,0.1589199099604883
Pakistan,large_city,11_20,2011,0.150513087141122
Pakistan,large_city,11_20,2012,0.1511814253664164
Pakistan,large_city,11_20,2013,0.15230990914562853
Pakistan,large_city,11_20,2014,0.15360697614418423
Pakistan,large_city,11_20,2015,0.15497968484271388
Pakistan,large_city,11_20,2016,0.15671702019243378
Pakistan,large_city,11_20,2017,0.15797587107118297
Pakistan,large_city,11_20,2018,0.15984527937715812
Pakistan,large_city,11_20,2019,0.16020960918664393
Pakistan,large_city,11_20,2020,0.15893322573516747
Pakistan,large_city,11_20,2025,0.16525075901706615
Pakistan,large_city,11_20,2030,0.1717861410146067
Pakistan,large_city,11_20,2035,0.1785352976013249
Pakistan,large_city,11_20,2040,0.18591180763262732
Pakistan,large_city,11_20,2045,0.19384488597632213
Pakistan,large_city,11_20,2050,0.20210333057886262
Pakistan,large_city,11_20,2055,0.21053682055279344
Pakistan,large_city,11_20,2060,0.21897141980734056
Pakistan,large_city,11_20,2065,0.2274477089445427
Pakistan,large_city,11_20,2070,0.23586612121829395
Pakistan,large_city,11_20,2075,0.24418784467516944
Pakistan,large_city,11_20,2080,0.2522429875061737
Pakistan,large_city,11_20,2085,0.2599277076686258
Pakistan,large_city,11_20,2090,0.2671539004021616
Pakistan,large_city,11_20,2095,0.27393678260181076
Pakistan,large_city,11_20,2100,0.28032649535006593
Pakistan,large_city,21_30,2011,0.157092054088329
Pakistan,large_city,21_30,2012,0.15778960555465968
Pakistan,large_city,21_30,2013,0.15896741565907654
Pakistan,large_city,21_30,2014,0.16032117780005406
Pakistan,large_city,21_30,2015,0.16175388795976764
Pakistan,large_city,21_30,2016,0.16356716269827506
Pakistan,large_city,21_30,2017,0.16488103828271636
Pakistan,large_city,21_30,2018,0.1668321589214159
Pakistan,large_city,21_30,2019,0.1672124136834757
Pakistan,large_city,21_30,2020,0.16588023917290445
Pakistan,large_city,21_30,2025,0.17247391350963728
Pakistan,large_city,21_30,2030,0.1792949587871349
Pakistan,large_city,21_30,2035,0.18633912279778497
Pakistan,large_city,21_30,2040,0.19403806203842372
Pakistan,large_city,21_30,2045,0.20231789733996258
Pakistan,large_city,21_30,2050,0.21093732074579152
Pakistan,large_city,21_30,2055,0.21973944080260724
Pakistan,large_city,21_30,2060,0.22854271862698913
Pakistan,large_city,21_30,2065,0.23738950860985084
Pakistan,large_city,21_30,2070,0.24617589191621433
Pakistan,large_city,21_30,2075,0.2548613601118795
Pakistan,large_city,21_30,2080,0.2632685953718333
Pakistan,large_city,21_30,2085,0.2712892166901756
Pakistan,large_city,21_30,2090,0.278831268224106
Pakistan,large_city,21_30,2095,0.2859106320031706
Pakistan,large_city,21_30,2100,0.2925796407898726
Pakistan,large_city,31_50,2011,0.147596045325267
Pakistan,large_city,31_50,2012,0.14825143071976543
Pakistan,large_city,31_50,2013,0.14935804374717115
Pakistan,large_city,31_50,2014,0.1506299727411545
Pakistan,large_city,31_50,2015,0.15197607744962152
Pakistan,large_city,31_50,2016,0.1536797421069149
Pakistan,large_city,31_50,2017,0.15491419563442382
Pakistan,large_city,31_50,2018,0.1567473735879226
Pakistan,large_city,31_50,2019,0.15710464244803038
Pakistan,large_city,31_50,2020,0.15585299614049097
Pakistan,large_city,31_50,2025,0.16204809150615002
Pakistan,large_city,31_50,2030,0.1684568135372284
Pakistan,large_city,31_50,2035,0.1750751670664905
Pakistan,large_city,31_50,2040,0.18230871552132746
Pakistan,large_city,31_50,2045,0.19008804563158585
Pakistan,large_city,31_50,2050,0.1981864361903411
Pakistan,large_city,31_50,2055,0.2064564796269985
Pakistan,large_city,31_50,2060,0.21472761084569023
Pakistan,large_city,31_50,2065,0.22303962396991472
Pakistan,large_city,31_50,2070,0.23129488192205797
Pakistan,large_city,31_50,2075,0.2394553249496713
Pakistan,large_city,31_50,2080,0.24735435385784643
Pakistan,large_city,31_50,2085,0.2548901391304308
Pakistan,large_city,31_50,2090,0.26197628353479113
Pakistan,large_city,31_50,2095,0.26862770905260475
Pakistan,large_city,31_50,2100,0.27489358499947614
Pakistan,large_city,51+,2011,0.0999074306415119
Pakistan,large_city,51+,2012,0.10035105953888525
Pakistan,large_city,51+,2013,0.10110012340464726
Pakistan,large_city,51+,2014,0.1019610892758349
Pakistan,large_city,51+,2015,0.10287226452108628
Pakistan,large_city,51+,2016,0.1040254712903451
Pakistan,large_city,51+,2017,0.10486107010268439
Pakistan,large_city,51+,2018,0.10610194413043432
Pakistan,large_city,51+,2019,0.10634377861714385
Pakistan,large_city,51+,2020,0.10549654205072623
Pakistan,large_city,51+,2025,0.10968998815016706
Pakistan,large_city,51+,2030,0.11402803765826648
Pakistan,large_city,51+,2035,0.11850798625532123
Pakistan,large_city,51+,2040,0.12340435891185826
Pakistan,large_city,51+,2045,0.12867016994165428
Pakistan,large_city,51+,2050,0.13415195227039944
Pakistan,large_city,51+,2055,0.13974992604557276
Pakistan,large_city,51+,2060,0.14534863613795507
Pakistan,large_city,51+,2065,0.1509750191001118
Pakistan,large_city,51+,2070,0.15656298461411972
Pakistan,large_city,51+,2075,0.1620867701192705
Pakistan,large_city,51+,2080,0.1674336049957718
Pakistan,large_city,51+,2085,0.1725345610734965
Pakistan,large_city,51+,2090,0.17733115626027265
Pakistan,large_city,51+,2095,0.18183349121188794
Pakistan,large_city,51+,2100,0.18607484852732817
Pakistan,city,No_travel,2011,0.0
Pakistan,city,No_travel,2012,0.0
Pakistan,city,No_travel,2013,0.0
Pakistan,city,No_travel,2014,0.0
Pakistan,city,No_travel,2015,0.0
Pakistan,city,No_travel,2016,0.0
Pakistan,city,No_travel,2017,0.0
Pakistan,city,No_travel,2018,0.0
Pakistan,city,No_travel,2019,0.0
Pakistan,city,No_travel,2020,0.0
Pakistan,city,No_travel,2025,0.0
Pakistan,city,No_travel,2030,0.0
Pakistan,city,No_travel,2035,0.0
Pakistan,city,No_travel,2040,0.0
Pakistan,city,No_travel,2045,0.0
Pakistan,city,No_travel,2050,0.0
Pakistan,city,No_travel,2055,0.0
Pakistan,city,No_travel,2060,0.0
Pakistan,city,No_travel,2065,0.0
Pakistan,city,No_travel,2070,0.0
Pakistan,city,No_travel,2075,0.0
Pakistan,city,No_travel,2080,0.0
Pakistan,city,No_travel,2085,0.0
Pakistan,city,No_travel,2090,0.0
Pakistan,city,No_travel,2095,0.0
Pakistan,city,No_travel,2100,0.0
Pakistan,city,00_01,2011,0.0203337654203297
Pakistan,city,00_01,2012,0.020424055460569416
Pakistan,city,00_01,2013,0.02057650947558561
Pakistan,city,00_01,2014,0.020751738464532956
Pakistan,city,00_01,2015,0.020937186369406353
Pakistan,city,00_01,2016,0.021171893996023088
Pakistan,city,00_01,2017,0.02134196012750614
Pakistan,city,00_01,2018,0.021594510325568816
Pakistan,city,00_01,2019,0.021643729945087828
Pakistan,city,00_01,2020,0.021471295227405242
Pakistan,city,00_01,2025,0.022324770777134746
Pakistan,city,00_01,2030,0.02320767688845275
Pakistan,city,00_01,2035,0.024119463161833263
Pakistan,city,00_01,2040,0.02511600258206706
Pakistan,city,00_01,2045,0.02618773233770315
Pakistan,city,00_01,2050,0.027303417880232737
Pakistan,city,00_01,2055,0.028442751409707333
Pakistan,city,00_01,2060,0.029582234798920144
Pakistan,city,00_01,2065,0.030727350338203157
Pakistan,city,00_01,2070,0.03186464692574564
Pakistan,city,00_01,2075,0.03298888120914923
Pakistan,city,00_01,2080,0.03407710142882567
Pakistan,city,00_01,2085,0.035115278906094935
Pakistan,city,00_01,2090,0.036091511011333996
Pakistan,city,00_01,2095,0.03700785349118812
Pakistan,city,00_01,2100,0.03787108022179455
Pakistan,city,02_05,2011,0.0396703669770022
Pakistan,city,02_05,2012,0.039846519251636826
Pakistan,city,02_05,2013,0.040143950966707316
Pakistan,city,02_05,2014,0.040485815749390426
Pakistan,city,02_05,2015,0.04084761723029512
Pakistan,city,02_05,2016,0.04130552246760439
Pakistan,city,02_05,2017,0.04163731472087522
Pakistan,city,02_05,2018,0.042130030104876065
Pakistan,city,02_05,2019,0.0422260556234372
Pakistan,city,02_05,2020,0.04188964235276945
Pakistan,city,02_05,2025,0.04355473917885053
Pakistan,city,02_05,2030,0.04527725385914702
Pakistan,city,02_05,2035,0.047056112586091645
Pakistan,city,02_05,2040,0.04900032132906251
Pakistan,city,02_05,2045,0.05109122342355354
Pakistan,city,02_05,2050,0.053267881508673065
Pakistan,city,02_05,2055,0.055490675875046136
Pakistan,city,02_05,2060,0.0577137626118035
Pakistan,city,02_05,2065,0.0599478374491677
Pakistan,city,02_05,2070,0.06216665782290894
Pakistan,city,02_05,2075,0.06435999416120256
Pakistan,city,02_05,2080,0.06648306849465567
Pakistan,city,02_05,2085,0.06850851142955613
Pakistan,city,02_05,2090,0.0704131014092775
Pakistan,city,02_05,2095,0.0722008491136985
Pakistan,city,02_05,2100,0.07388497010553788
Pakistan,city,06_10,2011,0.0505698242635587
Pakistan,city,06_10,2012,0.050794374482039495
Pakistan,city,06_10,2013,0.05117352574046479
Pakistan,city,06_10,2014,0.05160931807866541
Pakistan,city,06_10,2015,0.052070524734965117
Pakistan,city,06_10,2016,0.05265423971278514
Pakistan,city,06_10,2017,0.05307719208803398
Pakistan,city,06_10,2018,0.0537052813213733
Pakistan,city,06_10,2019,0.05382768990915543
Pakistan,city,06_10,2020,0.053398846889188924
Pakistan,city,06_10,2025,0.055521430073900674
Pakistan,city,06_10,2030,0.05771720670295207
Pakistan,city,06_10,2035,0.05998480793949816
Pakistan,city,06_10,2040,0.062463189208839795
Pakistan,city,06_10,2045,0.06512856791662981
Pakistan,city,06_10,2050,0.06790326412526738
Pakistan,city,06_10,2055,0.07073677258629772
Pakistan,city,06_10,2060,0.07357065374665202
Pakistan,city,06_10,2065,0.07641854199489136
Pakistan,city,06_10,2070,0.0792469846064141
Pakistan,city,06_10,2075,0.08204294142835847
Pakistan,city,06_10,2080,0.08474933171719641
Pakistan,city,06_10,2085,0.08733126632176312
Pakistan,city,06_10,2090,0.08975914354872401
Pakistan,city,06_10,2095,0.09203807601467677
Pakistan,city,06_10,2100,0.0941849102661789
Pakistan,city,11_20,2011,0.0832808161760771
Pakistan,city,11_20,2012,0.08365061626417179
Pakistan,city,11_20,2013,0.08427502077250622
Pakistan,city,11_20,2014,0.08499270453228115
Pakistan,city,11_20,2015,0.08575224181210828
Pakistan,city,11_20,2016,0.08671353168161021
Pakistan,city,11_20,2017,0.08741006997351242
Pakistan,city,11_20,2018,0.0884444374989222
Pakistan,city,11_20,2019,0.08864602584228536
Pakistan,city,11_20,2020,0.08793978655365171
Pakistan,city,11_20,2025,0.09143535851971438
Pakistan,city,11_20,2030,0.09505146896642462
Pakistan,city,11_20,2035,0.0987858636275017
Pakistan,city,11_20,2040,0.1028673809733116
Pakistan,city,11_20,2045,0.10725685468487142
Pakistan,city,11_20,2050,0.11182635770888176
Pakistan,city,11_20,2055,0.11649271557571096
Pakistan,city,11_20,2060,0.12115968722169283
Pakistan,city,11_20,2065,0.1258497264129609
Pakistan,city,11_20,2070,0.13050774159543713
Pakistan,city,11_20,2075,0.13511225761888693
Pakistan,city,11_20,2080,0.13956927117247864
Pakistan,city,11_20,2085,0.14382132512585818
Pakistan,city,11_20,2090,0.14781966998825705
Pakistan,city,11_20,2095,0.15157272546231912
Pakistan,city,11_20,2100,0.1551082352502915
Pakistan,city,21_30,2011,0.0673025770269828
Pakistan,city,21_30,2012,0.06760142735117938
Pakistan,city,21_30,2013,0.06810603374731897
Pakistan,city,21_30,2014,0.06868602285815026
Pakistan,city,21_30,2015,0.06929983548184443
Pakistan,city,21_30,2016,0.07007669248755179
Pakistan,city,21_30,2017,0.07063959309534455
Pakistan,city,21_30,2018,0.07147550709390475
Pakistan,city,21_30,2019,0.07163841874186766
Pakistan,city,21_30,2020,0.07106767836845138
Pakistan,city,21_30,2025,0.07389259066280128
Pakistan,city,21_30,2030,0.07681491495130535
Pakistan,city,21_30,2035,0.0798328294707177
Pakistan,city,21_30,2040,0.08313126779260635
Pakistan,city,21_30,2045,0.08667857803936918
Pakistan,city,21_30,2050,0.09037137721413074
Pakistan,city,21_30,2055,0.09414244868278374
Pakistan,city,21_30,2060,0.09791401617105563
Pakistan,city,21_30,2065,0.101704225470428
Pakistan,city,21_30,2070,0.10546855488032052
Pakistan,city,21_30,2075,0.1091896494681186
Pakistan,city,21_30,2080,0.11279154137761553
Pakistan,city,21_30,2085,0.11622779719090111
Pakistan,city,21_30,2090,0.11945902048382726
Pakistan,city,21_30,2095,0.12249201555673288
Pakistan,city,21_30,2100,0.12534920321122917
Pakistan,city,31_50,2011,0.128420945162782
Pakistan,city,31_50,2012,0.1289911854535831
Pakistan,city,31_50,2013,0.1299540316504152
Pakistan,city,31_50,2014,0.13106071661089175
Pakistan,city,31_50,2015,0.13223194066752852
Pakistan,city,31_50,2016,0.1337142718847904
Pakistan,city,31_50,2017,0.13478835004462772
Pakistan,city,31_50,2018,0.13638336869787873
Pakistan,city,31_50,2019,0.13669422258689157
Pakistan,city,31_50,2020,0.1356051852656714
Pakistan,city,31_50,2025,0.14099543810393841
Pakistan,city,31_50,2030,0.14657156406790242
Pakistan,city,31_50,2035,0.1523300870268084
Pakistan,city,31_50,2040,0.15862388119591214
Pakistan,city,31_50,2045,0.16539255120526805
Pakistan,city,31_50,2050,0.17243883057922268
Pakistan,city,31_50,2055,0.17963446236144492
Pakistan,city,31_50,2060,0.18683104060531977
Pakistan,city,31_50,2065,0.19406318953767077
Pakistan,city,31_50,2070,0.20124595670762097
Pakistan,city,31_50,2075,0.20834622693670235
Pakistan,city,31_50,2080,0.21521904494493888
Pakistan,city,31_50,2085,0.22177581050811068
Pakistan,city,31_50,2090,0.22794135078368152
Pakistan,city,31_50,2095,0.23372864914790975
Pakistan,city,31_50,2100,0.2391804870314835
Pakistan,city,51+,2011,0.0842931032354429
Pakistan,city,51+,2012,0.08466739828241189
Pakistan,city,51+,2013,0.08529939249306455
Pakistan,city,51+,2014,0.08602579977424689
Pakistan,city,51+,2015,0.08679456930940938
Pakistan,city,51+,2016,0.08776754375814429
Pakistan,city,51+,2017,0.08847254854607307
Pakistan,city,51+,2018,0.08951948891729151
Pakistan,city,51+,2019,0.08972352758812112
Pakistan,city,51+,2020,0.08900870388682769
Pakistan,city,51+,2025,0.09254676489693198
Pakistan,city,51+,2030,0.09620682954556434
Pakistan,city,51+,2035,0.09998661616560085
Pakistan,city,51+,2040,0.10411774478302709
Pakistan,city,51+,2045,0.1085605730081431
Pakistan,city,51+,2050,0.11318561882089316
Pakistan,city,51+,2055,0.11790869675723961
Pakistan,city,51+,2060,0.12263239593328874
Pakistan,city,51+,2065,0.12737944304305754
Pakistan,city,51+,2070,0.13209407688884728
Pakistan,city,51+,2075,0.13675456128771896
Pakistan,city,51+,2080,0.1412657503087338
Pakistan,city,51+,2085,0.14556948842408926
Pakistan,city,51+,2090,0.1496164335878412
Pakistan,city,51+,2095,0.15341510784500265
Pakistan,city,51+,2100,0.15699359212543265
Pakistan,town,No_travel,2011,0.0
Pakistan,town,No_travel,2012,0.0
Pakistan,town,No_travel,2013,0.0
Pakistan,town,No_travel,2014,0.0
Pakistan,town,No_travel,2015,0.0
Pakistan,town,No_travel,2016,0.0
Pakistan,town,No_travel,2017,0.0
Pakistan,town,No_travel,2018,0.0
Pakistan,town,No_travel,2019,0.0
Pakistan,town,No_travel,2020,0.0
Pakistan,town,No_travel,2025,0.0
Pakistan,town,No_travel,2030,0.0
Pakistan,town,No_travel,2035,0.0
Pakistan,town,No_travel,2040,0.0
Pakistan,town,No_travel,2045,0.0
Pakistan,town,No_travel,2050,0.0
Pakistan,town,No_travel,2055,0.0
Pakistan,town,No_travel,2060,0.0
Pakistan,town,No_travel,2065,0.0
Pakistan,town,No_travel,2070,0.0
Pakistan,town,No_travel,2075,0.0
Pakistan,town,No_travel,2080,0.0
Pakistan,town,No_travel,2085,0.0
Pakistan,town,No_travel,2090,0.0
Pakistan,town,No_travel,2095,0.0
Pakistan,town,No_travel,2100,0.0
Pakistan,town,00_01,2011,0.0142978983785273
Pakistan,town,00_01,2012,0.014361386758237333
Pakistan,town,00_01,2013,0.01446858638255879
Pakistan,town,00_01,2014,0.014591800466381965
Pakistan,town,00_01,2015,0.014722200087090662
Pakistan,town,00_01,2016,0.014887237192843652
Pakistan,town,00_01,2017,0.01500682095981004
Pakistan,town,00_01,2018,0.015184404255020422
Pakistan,town,00_01,2019,0.015219013541769104
Pakistan,town,00_01,2020,0.015097764278812098
Pakistan,town,00_01,2025,0.01569789447734334
Pakistan,town,00_01,2030,0.016318719080974514
Pakistan,town,00_01,2035,0.016959851070561485
Pakistan,town,00_01,2040,0.01766057811575764
Pakistan,town,00_01,2045,0.018414176026354576
Pakistan,town,00_01,2050,0.01919868190510989
Pakistan,town,00_01,2055,0.019999816111536298
Pakistan,town,00_01,2060,0.020801055693394348
Pakistan,town,00_01,2065,0.021606255580079944
Pakistan,town,00_01,2070,0.022405957489627433
Pakistan,town,00_01,2075,0.023196474504330964
Pakistan,town,00_01,2080,0.023961667856017627
Pakistan,town,00_01,2085,0.024691673133546352
Pakistan,town,00_01,2090,0.025378120879255495
Pakistan,town,00_01,2095,0.026022456612753375
Pakistan,town,00_01,2100,0.026629443455411607
Pakistan,town,02_05,2011,0.0305435787015927
Pakistan,town,02_05,2012,0.03067920439083541
Pakistan,town,02_05,2013,0.03090820728871311
Pakistan,town,02_05,2014,0.031171420732169223
Pakistan,town,02_05,2015,0.03144998412465741
Pakistan,town,02_05,2016,0.03180254110154989
Pakistan,town,02_05,2017,0.03205799935849598
Pakistan,town,02_05,2018,0.03243735786348384
Pakistan,town,02_05,2019,0.032511291209884025
Pakistan,town,02_05,2020,0.03225227507285516
Pakistan,town,02_05,2025,0.03353429033585142
Pakistan,town,02_05,2030,0.034860513577819024
Pakistan,town,02_05,2035,0.03623011803741341
Pakistan,town,02_05,2040,0.03772703115615721
Pakistan,town,02_05,2045,0.039336888526960836
Pakistan,town,02_05,2050,0.04101277238172447
Pakistan,town,02_05,2055,0.04272417814477504
Pakistan,town,02_05,2060,0.04443580901383101
Pakistan,town,02_05,2065,0.04615589999912085
Pakistan,town,02_05,2070,0.04786424604868856
Pakistan,town,02_05,2075,0.04955297106367446
Pakistan,town,02_05,2080,0.051187598946767894
Pakistan,town,02_05,2085,0.052747057061273896
Pakistan,town,02_05,2090,0.05421346633279914
Pakistan,town,02_05,2095,0.0555899147215985
Pakistan,town,02_05,2100,0.05688657734352662
Pakistan,town,06_10,2011,0.0419722902791875
Pakistan,town,06_10,2012,0.042158664012724924
Pakistan,town,06_10,2013,0.042473354579878296
Pakistan,town,06_10,2014,0.042835056499684714
Pakistan,town,06_10,2015,0.043217851969884806
Pakistan,town,06_10,2016,0.04370232773870859
Pakistan,town,06_10,2017,0.04405337265782271
Pakistan,town,06_10,2018,0.044574678476200794
Pakistan,town,06_10,2019,0.04467627599713106
Pakistan,town,06_10,2020,0.04432034192023121
Pakistan,town,06_10,2025,0.04608205809915499
Pakistan,town,06_10,2030,0.047904523876027665
Pakistan,town,06_10,2035,0.04978660313423743
Pakistan,town,06_10,2040,0.05184362705263513
Pakistan,town,06_10,2045,0.05405585639012058
Pakistan,town,06_10,2050,0.05635881781823494
Pakistan,town,06_10,2055,0.05871059264377256
Pakistan,town,06_10,2060,0.06106267680485644
Pakistan,town,06_10,2065,0.06342638666500568
Pakistan,town,06_10,2070,0.06577395690195437
Pakistan,town,06_10,2075,0.06809456436001289
Pakistan,town,06_10,2080,0.07034083277138518
Pakistan,town,06_10,2085,0.0724838045986147
Pakistan,town,06_10,2090,0.07449891082483238
Pakistan,town,06_10,2095,0.07639039485469802
Pakistan,town,06_10,2100,0.07817223910069993
Pakistan,town,11_20,2011,0.0757320066192673
Pakistan,town,11_20,2012,0.07606828697776163
Pakistan,town,11_20,2013,0.07663609368919329
Pakistan,town,11_20,2014,0.07728872455595741
Pakistan,town,11_20,2015,0.07797941522092199
Pakistan,town,11_20,2016,0.07885357104819242
Pakistan,town,11_20,2017,0.07948697313230965
Pakistan,town,11_20,2018,0.08042758264933779
Pakistan,town,11_20,2019,0.08061089845308385
Pakistan,town,11_20,2020,0.07996867469811357
Pakistan,town,11_20,2025,0.08314739809957836
Pakistan,town,11_20,2030,0.08643573403167658
Pakistan,town,11_20,2035,0.08983163256122156
Pakistan,town,11_20,2040,0.09354318959010574
Pakistan,town,11_20,2045,0.09753478894566582
Pakistan,town,11_20,2050,0.10169009924581296
Pakistan,town,11_20,2055,0.10593348519091964
Pakistan,town,11_20,2060,0.1101774292804945
Pakistan,town,11_20,2065,0.11444235000757745
Pakistan,town,11_20,2070,0.1186781494729202
Pakistan,town,11_20,2075,0.1228652990948591
Pakistan,town,11_20,2080,0.1269183162894688
Pakistan,town,11_20,2085,0.130784952003773
Pakistan,town,11_20,2090,0.13442087553921364
Pakistan,town,11_20,2095,0.13783374341268906
Pakistan,town,11_20,2100,0.14104878455852884
Pakistan,town,21_30,2011,0.0536494958683143
Pakistan,town,21_30,2012,0.05388772105881186
Pakistan,town,21_30,2013,0.05428996239875285
Pakistan,town,21_30,2014,0.054752294225849686
Pakistan,town,21_30,2015,0.05524158808759286
Pakistan,town,21_30,2016,0.055860850953281624
Pakistan,town,21_30,2017,0.05630956087147602
Pakistan,town,21_30,2018,0.05697590035791265
Pakistan,town,21_30,2019,0.05710576355439593
Pakistan,town,21_30,2020,0.056650804254795836
Pakistan,town,21_30,2025,0.058902651467173966
Pakistan,town,21_30,2030,0.061232149560227926
Pakistan,town,21_30,2035,0.06363784633577972
Pakistan,town,21_30,2040,0.06626715952019328
Pakistan,town,21_30,2045,0.06909485817356033
Pakistan,town,21_30,2050,0.07203853169722728
Pakistan,town,21_30,2055,0.07504459910376217
Pakistan,town,21_30,2060,0.07805106190678364
Pakistan,town,21_30,2065,0.08107238482084086
Pakistan,town,21_30,2070,0.08407307787070782
Pakistan,town,21_30,2075,0.08703930676612802
Pakistan,town,21_30,2080,0.08991051458093721
Pakistan,town,21_30,2085,0.0926496874358403
Pakistan,town,21_30,2090,0.0952254209123451
Pakistan,town,21_30,2095,0.09764313898229703
Pakistan,town,21_30,2100,0.0999207141367141
Pakistan,town,31_50,2011,0.0837659254033078
Pakistan,town,31_50,2012,0.08413787957013516
Pakistan,town,31_50,2013,0.08476592122328187
Pakistan,town,31_50,2014,0.08548778547779841
Pakistan,town,31_50,2015,0.08625174704835403
Pakistan,town,31_50,2016,0.08721863641372009
Pakistan,town,31_50,2017,0.08791923202840125
Pakistan,town,31_50,2018,0.0889596247256809
Pakistan,town,31_50,2019,0.08916238731744794
Pakistan,town,31_50,2020,0.08845203419790724
Pakistan,town,31_50,2025,0.09196796780657919
Pakistan,town,31_50,2030,0.09560514203033835
Pakistan,town,31_50,2035,0.09936128947184422
Pakistan,town,31_50,2040,0.10346658158135684
Pakistan,town,31_50,2045,0.10788162389680331
Pakistan,town,31_50,2050,0.11247774419214442
Pakistan,town,31_50,2055,0.11717128350798792
Pakistan,town,31_50,2060,0.1218654401782364
Pakistan,town,31_50,2065,0.12658279876179943
Pakistan,town,31_50,2070,0.13126794679730655
Pakistan,town,31_50,2075,0.13589928404216686
Pakistan,town,31_50,2080,0.14038225961798673
Pakistan,town,31_50,2085,0.1446590817076812
Pakistan,town,31_50,2090,0.1486807168555919
Pakistan,town,31_50,2095,0.15245563380897623
Pakistan,town,31_50,2100,0.15601173787663822
Pakistan,town,51+,2011,0.068333385372376
Pakistan,town,51+,2012,0.0686368128973547
Pakistan,town,51+,2013,0.06914914786061988
Pakistan,town,51+,2014,0.06973802010255985
Pakistan,town,51+,2015,0.07036123389932883
Pakistan,town,51+,2016,0.07114998927089429
Pakistan,town,51+,2017,0.07172151128175618
Pakistan,town,51+,2018,0.07257022816489836
Pakistan,town,51+,2019,0.07273563497268574
Pakistan,town,51+,2020,0.07215615312210828
Pakistan,town,51+,2025,0.07502433186028026
Pakistan,town,51+,2030,0.07799141455771313
Pakistan,town,51+,2035,0.08105555154897892
Pakistan,town,51+,2040,0.08440450885393125
Pakistan,town,51+,2045,0.08800614981383448
Pakistan,town,51+,2050,0.09175550801464462
Pakistan,town,51+,2055,0.09558433733021338
Pakistan,town,51+,2060,0.09941367026245282
Pakistan,town,51+,2065,0.10326193052434648
Pakistan,town,51+,2070,0.10708391451957489
Pakistan,town,51+,2075,0.11086200150684025
Pakistan,town,51+,2080,0.11451906010390733
Pakistan,town,51+,2085,0.11800794571720519
Pakistan,town,51+,2090,0.12128865852573847
Pakistan,town,51+,2095,0.12436810704471993
Pakistan,town,51+,2100,0.1272690554734497
Pakistan,rural,No_travel,2011,0.0
Pakistan,rural,No_travel,2012,0.0
Pakistan,rural,No_travel,2013,0.0
Pakistan,rural,No_travel,2014,0.0
Pakistan,rural,No_travel,2015,0.0
Pakistan,rural,No_travel,2016,0.0
Pakistan,rural,No_travel,2017,0.0
Pakistan,rural,No_travel,2018,0.0
Pakistan,rural,No_travel,2019,0.0
Pakistan,rural,No_travel,2020,0.0
Pakistan,rural,No_travel,2025,0.0
Pakistan,rural,No_travel,2030,0.0
Pakistan,rural,No_travel,2035,0.0
Pakistan,rural,No_travel,2040,0.0
Pakistan,rural,No_travel,2045,0.0
Pakistan,rural,No_travel,2050,0.0
Pakistan,rural,No_travel,2055,0.0
Pakistan,rural,No_travel,2060,0.0
Pakistan,rural,No_travel,2065,0.0
Pakistan,rural,No_travel,2070,0.0
Pakistan,rural,No_travel,2075,0.0
Pakistan,rural,No_travel,2080,0.0
Pakistan,rural,No_travel,2085,0.0
Pakistan,rural,No_travel,2090,0.0
Pakistan,rural,No_travel,2095,0.0
Pakistan,rural,No_travel,2100,0.0
Pakistan,rural,00_01,2011,0.00800533451099545
Pakistan,rural,00_01,2012,0.008040881393738946
Pakistan,rural,00_01,2013,0.008100902022605291
Pakistan,rural,00_01,2014,0.008169889081497224
Pakistan,rural,00_01,2015,0.008242899292945347
Pakistan,rural,00_01,2016,0.008335302889844829
Pakistan,rural,00_01,2017,0.008402257349256051
Pakistan,rural,00_01,2018,0.00850168550604439
Pakistan,rural,00_01,2019,0.008521063103385986
Pakistan,rural,00_01,2020,0.008453176139617926
Pakistan,rural,00_01,2025,0.008789186570116422
Pakistan,rural,00_01,2030,0.009136783712937606
Pakistan,rural,00_01,2035,0.009495750877654047
Pakistan,rural,00_01,2040,0.009888085068958772
Pakistan,rural,00_01,2045,0.01031002144040311
Pakistan,rural,00_01,2050,0.010749263056129688
Pakistan,rural,00_01,2055,0.01119781480414574
Pakistan,rural,00_01,2060,0.011646425551432676
Pakistan,rural,00_01,2065,0.012097253657108287
Pakistan,rural,00_01,2070,0.01254500346799125
Pakistan,rural,00_01,2075,0.012987610694018208
Pakistan,rural,00_01,2080,0.013416039305249703
Pakistan,rural,00_01,2085,0.013824766258449061
Pakistan,rural,00_01,2090,0.014209105528685676
Pakistan,rural,00_01,2095,0.014569866456444447
Pakistan,rural,00_01,2100,0.014909715893795996
Pakistan,rural,02_05,2011,0.018205337195522
Pakistan,rural,02_05,2012,0.018286176164300397
Pakistan,rural,02_05,2013,0.018422672120303022
Pakistan,rural,02_05,2014,0.01857955908955208
Pakistan,rural,02_05,2015,0.0187455953140601
Pakistan,rural,02_05,2016,0.01895573501994292
Pakistan,rural,02_05,2017,0.019107999551631255
Pakistan,rural,02_05,2018,0.019334114165402202
Pakistan,rural,02_05,2019,0.019378181742235906
Pakistan,rural,02_05,2020,0.019223796555098482
Pakistan,rural,02_05,2025,0.01998793491559242
Pakistan,rural,02_05,2030,0.02077842320619013
Pakistan,rural,02_05,2035,0.02159476864020132
Pakistan,rural,02_05,2040,0.022486995721558694
Pakistan,rural,02_05,2045,0.023446542622022202
Pakistan,rural,02_05,2050,0.024445444256129413
Pakistan,rural,02_05,2055,0.025465518534231953
Pakistan,rural,02_05,2060,0.026485726985568513
Pakistan,rural,02_05,2065,0.027510978044068293
Pakistan,rural,02_05,2070,0.02852922859626689
Pakistan,rural,02_05,2075,0.0295357841354424
Pakistan,rural,02_05,2080,0.03051009536765457
Pakistan,rural,02_05,2085,0.0314396020601822
Pakistan,rural,02_05,2090,0.032313647486082626
Pakistan,rural,02_05,2095,0.03313407220759762
Pakistan,rural,02_05,2100,0.03390694104826821
Pakistan,rural,06_10,2011,0.0247885032228387
Pakistan,rural,06_10,2012,0.024898574078246267
Pakistan,rural,06_10,2013,0.025084427842388998
Pakistan,rural,06_10,2014,0.025298046140203787
Pakistan,rural,06_10,2015,0.025524122122324976
Pakistan,rural,06_10,2016,0.025810249685938792
Pakistan,rural,06_10,2017,0.02601757404329311
Pakistan,rural,06_10,2018,0.026325453143361124
Pakistan,rural,06_10,2019,0.026385455837001626
Pakistan,rural,06_10,2020,0.026175243981664174
Pakistan,rural,06_10,2025,0.02721569964630618
Pakistan,rural,06_10,2030,0.028292033543813856
Pakistan,rural,06_10,2035,0.029403574692687135
Pakistan,rural,06_10,2040,0.030618436776492505
Pakistan,rural,06_10,2045,0.03192496195529859
Pakistan,rural,06_10,2050,0.03328507279040337
Pakistan,rural,06_10,2055,0.03467401243259244
Pakistan,rural,06_10,2060,0.03606313476591259
Pakistan,rural,06_10,2065,0.03745912314530343
Pakistan,rural,06_10,2070,0.03884557959067159
Pakistan,rural,06_10,2075,0.04021611203172715
Pakistan,rural,06_10,2080,0.041542740418795965
Pakistan,rural,06_10,2085,0.04280836265890689
Pakistan,rural,06_10,2090,0.043998468484695685
Pakistan,rural,06_10,2095,0.045115564017448206
Pakistan,rural,06_10,2100,0.046167907159573966
Pakistan,rural,11_20,2011,0.0423833067134091
Pakistan,rural,11_20,2012,0.042571505524083876
Pakistan,rural,11_20,2013,0.04288927771947184
Pakistan,rural,11_20,2014,0.04325452162929932
Pakistan,rural,11_20,2015,0.043641065649510646
Pakistan,rural,11_20,2016,0.04413028567940868
Pakistan,rural,11_20,2017,0.044484768229158304
Pakistan,rural,11_20,2018,0.04501117896931176
Pakistan,rural,11_20,2019,0.04511377139069899
Pakistan,rural,11_20,2020,0.044754351805762004
Pakistan,rural,11_20,2025,0.0465333197071235
Pakistan,rural,11_20,2030,0.04837363210089791
Pakistan,rural,11_20,2035,0.05027414174497622
Pakistan,rural,11_20,2040,0.05235130920642159
Pakistan,rural,11_20,2045,0.054585201946307185
Pakistan,rural,11_20,2050,0.05691071527683232
Pakistan,rural,11_20,2055,0.05928552001321005
Pakistan,rural,11_20,2060,0.06166063711432287
Pakistan,rural,11_20,2065,0.06404749375992963
Pakistan,rural,11_20,2070,0.06641805273400601
Pakistan,rural,11_20,2075,0.06876138489439303
Pakistan,rural,11_20,2080,0.0710296500380524
Pakistan,rural,11_20,2085,0.0731936070589229
Pakistan,rural,11_20,2090,0.07522844634640954
Pakistan,rural,11_20,2095,0.07713845285899346
Pakistan,rural,11_20,2100,0.0789377459328639
Pakistan,rural,21_30,2011,0.0366772116814261
Pakistan,rural,21_30,2012,0.036840073151013314
Pakistan,rural,21_30,2013,0.037115063447441234
Pakistan,rural,21_30,2014,0.03743113430728889
Pakistan,rural,21_30,2015,0.03776563762835692
Pakistan,rural,21_30,2016,0.0381889936141627
Pakistan,rural,21_30,2017,0.038495751923570985
Pakistan,rural,21_30,2018,0.03895129160759182
Pakistan,rural,21_30,2019,0.0390400719375829
Pakistan,rural,21_30,2020,0.0387290412695814
Pakistan,rural,21_30,2025,0.040268505444330534
Pakistan,rural,21_30,2030,0.04186105525840772
Pakistan,rural,21_30,2035,0.04350569792373328
Pakistan,rural,21_30,2040,0.04530321483755868
Pakistan,rural,21_30,2045,0.0472363569929928
Pakistan,rural,21_30,2050,0.049248784793126284
Pakistan,rural,21_30,2055,0.051303867861730336
Pakistan,rural,21_30,2060,0.053359221241180775
Pakistan,rural,21_30,2065,0.05542473366181597
Pakistan,rural,21_30,2070,0.05747614257814755
Pakistan,rural,21_30,2075,0.059503990246277144
Pakistan,rural,21_30,2080,0.061466877224071036
Pakistan,rural,21_30,2085,0.06333949915658452
Pakistan,rural,21_30,2090,0.06510038656892081
Pakistan,rural,21_30,2095,0.06675324753252229
Pakistan,rural,21_30,2100,0.06831030048720342
Pakistan,rural,31_50,2011,0.0541066561101835
Pakistan,rural,31_50,2012,0.054346911274755265
Pakistan,rural,31_50,2013,0.05475258020977951
Pakistan,rural,31_50,2014,0.055218851677435475
Pakistan,rural,31_50,2015,0.05571231492971176
Pakistan,rural,31_50,2016,0.056336854683037146
Pakistan,rural,31_50,2017,0.056789388166232684
Pakistan,rural,31_50,2018,0.05746140569149999
Pakistan,rural,31_50,2019,0.05759237548347598
Pakistan,rural,31_50,2020,0.05713353936639458
Pakistan,rural,31_50,2025,0.059404575109803646
Pakistan,rural,31_50,2030,0.061753923415695924
Pakistan,rural,31_50,2035,0.06418011971136389
Pakistan,rural,31_50,2040,0.06683183790503022
Pakistan,rural,31_50,2045,0.06968363205788677
Pakistan,rural,31_50,2050,0.0726523893307723
Pakistan,rural,31_50,2055,0.07568407215978981
Pakistan,rural,31_50,2060,0.07871615375456234
Pakistan,rural,31_50,2065,0.08176322208694643
Pakistan,rural,31_50,2070,0.08478948476311184
Pakistan,rural,31_50,2075,0.08778098960749152
Pakistan,rural,31_50,2080,0.09067666367380653
Pakistan,rural,31_50,2085,0.0934391776786049
Pakistan,rural,31_50,2090,0.09603685959880058
Pakistan,rural,31_50,2095,0.098475179625206
Pakistan,rural,31_50,2100,0.10077216254462844
Pakistan,rural,51+,2011,0.0357459136063553
Pakistan,rural,51+,2012,0.03590463974050734
Pakistan,rural,51+,2013,0.036172647555934495
Pakistan,rural,51+,2014,0.036480692827961604
Pakistan,rural,51+,2015,0.03680670252902053
Pakistan,rural,51+,2016,0.037219308771414106
Pakistan,rural,51+,2017,0.03751827795482379
Pakistan,rural,51+,2018,0.03796225069546486
Pakistan,rural,51+,2019,0.03804877673875762
Pakistan,rural,51+,2020,0.037745643679356074
Pakistan,rural,51+,2025,0.03924601818624722
Pakistan,rural,51+,2030,0.040798130395928875
Pakistan,rural,51+,2035,0.04240101272893418
Pakistan,rural,51+,2040,0.04415288756788504
Pakistan,rural,51+,2045,0.04603694388811905
Pakistan,rural,51+,2050,0.047998272652896135
Pakistan,rural,51+,2055,0.050001173594829126
Pakistan,rural,51+,2060,0.05200433798394686
Pakistan,rural,51+,2065,0.0540174034585579
Pakistan,rural,51+,2070,0.05601672354132283
Pakistan,rural,51+,2075,0.057993080636879205
Pakistan,rural,51+,2080,0.0599061265067972
Pakistan,rural,51+,2085,0.06173119931763173
Pakistan,rural,51+,2090,0.06344737474172393
Pakistan,rural,51+,2095,0.06505826669614523
Pakistan,rural,51+,2100,0.06657578337331232
Sri Lanka,large_city,No_travel,2011,0.0
Sri Lanka,large_city,No_travel,2012,0.0
Sri Lanka,large_city,No_travel,2013,0.0
Sri Lanka,large_city,No_travel,2014,0.0
Sri Lanka,large_city,No_travel,2015,0.0
Sri Lanka,large_city,No_travel,2016,0.0
Sri Lanka,large_city,No_travel,2017,0.0
Sri Lanka,large_city,No_travel,2018,0.0
Sri Lanka,large_city,No_travel,2019,0.0
Sri Lanka,large_city,No_travel,2020,0.0
Sri Lanka,large_city,No_travel,2025,0.0
Sri Lanka,large_city,No_travel,2030,0.0
Sri Lanka,large_city,No_travel,2035,0.0
Sri Lanka,large_city,No_travel,2040,0.0
Sri Lanka,large_city,No_travel,2045,0.0
Sri Lanka,large_city,No_travel,2050,0.0
Sri Lanka,large_city,No_travel,2055,0.0
Sri Lanka,large_city,No_travel,2060,0.0
Sri Lanka,large_city,No_travel,2065,0.0
Sri Lanka,large_city,No_travel,2070,0.0
Sri Lanka,large_city,No_travel,2075,0.0
Sri Lanka,large_city,No_travel,2080,0.0
Sri Lanka,large_city,No_travel,2085,0.0
Sri Lanka,large_city,No_travel,2090,0.0
Sri Lanka,large_city,No_travel,2095,0.0
Sri Lanka,large_city,No_travel,2100,0.0
Sri Lanka,large_city,00_01,2011,0.0263657402468568
Sri Lanka,large_city,00_01,2012,0.026851060448032798
Sri Lanka,large_city,00_01,2013,0.027075984816454273
Sri Lanka,large_city,00_01,2014,0.027448174198272956
Sri Lanka,large_city,00_01,2015,0.027689982944434154
Sri Lanka,large_city,00_01,2016,0.02799078691904734
Sri Lanka,large_city,00_01,2017,0.02838703787708553
Sri Lanka,large_city,00_01,2018,0.028519741273130218
Sri Lanka,large_city,00_01,2019,0.028482805982205123
Sri Lanka,large_city,00_01,2020,0.02814138187779337
Sri Lanka,large_city,00_01,2025,0.027811247740421107
Sri Lanka,large_city,00_01,2030,0.028587455614564952
Sri Lanka,large_city,00_01,2035,0.029445812095342846
Sri Lanka,large_city,00_01,2040,0.030358868186291237
Sri Lanka,large_city,00_01,2045,0.03132281523519107
Sri Lanka,large_city,00_01,2050,0.03232968790368726
Sri Lanka,large_city,00_01,2055,0.03336265338598669
Sri Lanka,large_city,00_01,2060,0.03438974507976955
Sri Lanka,large_city,00_01,2065,0.03538816743740336
Sri Lanka,large_city,00_01,2070,0.036347621234013514
Sri Lanka,large_city,00_01,2075,0.03729852401032993
Sri Lanka,large_city,00_01,2080,0.03821154369687864
Sri Lanka,large_city,00_01,2085,0.03908604912980369
Sri Lanka,large_city,00_01,2090,0.0399010718316982
Sri Lanka,large_city,00_01,2095,0.0406564636750008
Sri Lanka,large_city,00_01,2100,0.04137795174533334
Sri Lanka,large_city,02_05,2011,0.0607545651824544
Sri Lanka,large_city,02_05,2012,0.06187288833669333
Sri Lanka,large_city,02_05,2013,0.06239118147295427
Sri Lanka,large_city,02_05,2014,0.0632488173233498
Sri Lanka,large_city,02_05,2015,0.0638060171247887
Sri Lanka,large_city,02_05,2016,0.06449915960862079
Sri Lanka,large_city,02_05,2017,0.06541224053991045
Sri Lanka,large_city,02_05,2018,0.06571802892474031
Sri Lanka,large_city,02_05,2019,0.06563291894796622
Sri Lanka,large_city,02_05,2020,0.06484617551455105
Sri Lanka,large_city,02_05,2025,0.06408544754787361
Sri Lanka,large_city,02_05,2030,0.06587406305585006
Sri Lanka,large_city,02_05,2035,0.06785197356672296
Sri Lanka,large_city,02_05,2040,0.06995592836842339
Sri Lanka,large_city,02_05,2045,0.07217715118509745
Sri Lanka,large_city,02_05,2050,0.07449728749061521
Sri Lanka,large_city,02_05,2055,0.07687754945701564
Sri Lanka,large_city,02_05,2060,0.07924427645478037
Sri Lanka,large_city,02_05,2065,0.08154494071220492
Sri Lanka,large_city,02_05,2070,0.08375580972934371
Sri Lanka,large_city,02_05,2075,0.08594697463368504
Sri Lanka,large_city,02_05,2080,0.08805084554874121
Sri Lanka,large_city,02_05,2085,0.09006596808387994
Sri Lanka,large_city,02_05,2090,0.09194402458461988
Sri Lanka,large_city,02_05,2095,0.09368467372067793
Sri Lanka,large_city,02_05,2100,0.09534719840562803
Sri Lanka,large_city,06_10,2011,0.0853273830804756
Sri Lanka,large_city,06_10,2012,0.0868980237048129
Sri Lanka,large_city,06_10,2013,0.08762594590873132
Sri Lanka,large_city,06_10,2014,0.08883046152875888
Sri Lanka,large_city,06_10,2015,0.08961302660460066
Sri Lanka,large_city,06_10,2016,0.09058651779937221
Sri Lanka,large_city,06_10,2017,0.09186890384186389
Sri Lanka,large_city,06_10,2018,0.09229837153002163
Sri Lanka,large_city,06_10,2019,0.0921788379349681
Sri Lanka,large_city,06_10,2020,0.09107388790977307
Sri Lanka,large_city,06_10,2025,0.09000547557832474
Sri Lanka,large_city,06_10,2030,0.09251751529376756
Sri Lanka,large_city,06_10,2035,0.09529541235143411
Sri Lanka,large_city,06_10,2040,0.09825033362870046
Sri Lanka,large_city,06_10,2045,0.1013699531933579
Sri Lanka,large_city,06_10,2050,0.10462849283964289
Sri Lanka,large_city,06_10,2055,0.10797147659780153
Sri Lanka,large_city,06_10,2060,0.11129545102801432
Sri Lanka,large_city,06_10,2065,0.11452664295315242
Sri Lanka,large_city,06_10,2070,0.1176317210160045
Sri Lanka,large_city,06_10,2075,0.12070912543201408
Sri Lanka,large_city,06_10,2080,0.12366392889380745
Sri Lanka,large_city,06_10,2085,0.12649408876728374
Sri Lanka,large_city,06_10,2090,0.12913174481838313
Sri Lanka,large_city,06_10,2095,0.1315764176622276
Sri Lanka,large_city,06_10,2100,0.13391136780543844
Sri Lanka,large_city,11_20,2011,0.150513087141122
Sri Lanka,large_city,11_20,2012,0.15328361590485196
Sri Lanka,large_city,11_20,2013,0.15456763299473508
Sri Lanka,large_city,11_20,2014,0.1566923362017825
Sri Lanka,large_city,11_20,2015,0.1580727404893801
Sri Lanka,large_city,11_20,2016,0.1597899285682829
Sri Lanka,large_city,11_20,2017,0.16205199116992236
Sri Lanka,large_city,11_20,2018,0.16280954994224542
Sri Lanka,large_city,11_20,2019,0.1625986988677244
Sri Lanka,large_city,11_20,2020,0.16064962421636764
Sri Lanka,large_city,11_20,2025,0.15876500016556008
Sri Lanka,large_city,11_20,2030,0.1631961081984387
Sri Lanka,large_city,11_20,2035,0.16809617482201364
Sri Lanka,large_city,11_20,2040,0.173308503006049
Sri Lanka,large_city,11_20,2045,0.17881135044412863
Sri Lanka,large_city,11_20,2050,0.18455924571558596
Sri Lanka,large_city,11_20,2055,0.19045609602949437
Sri Lanka,large_city,11_20,2060,0.19631941487284418
Sri Lanka,large_city,11_20,2065,0.20201907017973805
Sri Lanka,large_city,11_20,2070,0.20749626716131267
Sri Lanka,large_city,11_20,2075,0.21292464926226695
Sri Lanka,large_city,11_20,2080,0.21813676962590622
Sri Lanka,large_city,11_20,2085,0.22312902515140487
Sri Lanka,large_city,11_20,2090,0.22778171389838076
Sri Lanka,large_city,11_20,2095,0.23209399025672242
Sri Lanka,large_city,11_20,2100,0.2362127214504801
Sri Lanka,large_city,21_30,2011,0.157092054088329
Sri Lanka,large_city,21_30,2012,0.15998368339892222
Sri Lanka,large_city,21_30,2013,0.16132382521625888
Sri Lanka,large_city,21_30,2014,0.16354139976384752
Sri Lanka,large_city,21_30,2015,0.16498214188886767
Sri Lanka,large_city,21_30,2016,0.16677438871400857
Sri Lanka,large_city,21_30,2017,0.16913532667174744
Sri Lanka,large_city,21_30,2018,0.16992599853887402
Sri Lanka,large_city,21_30,2019,0.16970593110797894
Sri Lanka,large_city,21_30,2020,0.16767166188681779
Sri Lanka,large_city,21_30,2025,0.16570466041904486
Sri Lanka,large_city,21_30,2030,0.17032945335894073
Sri Lanka,large_city,21_30,2035,0.1754437031938758
Sri Lanka,large_city,21_30,2040,0.1808838636248746
Sri Lanka,large_city,21_30,2045,0.18662724198354255
Sri Lanka,large_city,21_30,2050,0.19262637928135917
Sri Lanka,large_city,21_30,2055,0.19878098248602755
Sri Lanka,large_city,21_30,2060,0.2049005885506684
Sri Lanka,large_city,21_30,2065,0.21084937730227973
Sri Lanka,large_city,21_30,2070,0.21656598401618768
Sri Lanka,large_city,21_30,2075,0.22223164213810023
Sri Lanka,large_city,21_30,2080,0.22767158566481832
Sri Lanka,large_city,21_30,2085,0.2328820540030239
Sri Lanka,large_city,21_30,2090,0.23773811300878198
Sri Lanka,large_city,21_30,2095,0.2422388801101389
Sri Lanka,large_city,21_30,2100,0.24653764213644974
Sri Lanka,large_city,31_50,2011,0.147596045325267
Sri Lanka,large_city,31_50,2012,0.15031287943420424
Sri Lanka,large_city,31_50,2013,0.15157201143525817
Sri Lanka,large_city,31_50,2014,0.15365553650810504
Sri Lanka,large_city,31_50,2015,0.15500918766010366
Sri Lanka,large_city,31_50,2016,0.1566930955138314
Sri Lanka,large_city,31_50,2017,0.15891131786659685
Sri Lanka,large_city,31_50,2018,0.15965419465571956
Sri Lanka,large_city,31_50,2019,0.15944743001257125
Sri Lanka,large_city,31_50,2020,0.15753612969943465
Sri Lanka,large_city,31_50,2025,0.15568803089216435
Sri Lanka,large_city,31_50,2030,0.16003326116073693
Sri Lanka,large_city,31_50,2035,0.16483836129659352
Sri Lanka,large_city,31_50,2040,0.16994967116016524
Sri Lanka,large_city,31_50,2045,0.17534586982511793
Sri Lanka,large_city,31_50,2050,0.18098236713658075
Sri Lanka,large_city,31_50,2055,0.18676493264460128
Sri Lanka,large_city,31_50,2060,0.19251461654383686
Sri Lanka,large_city,31_50,2065,0.19810380881271875
Sri Lanka,large_city,31_50,2070,0.20347485414374655
Sri Lanka,large_city,31_50,2075,0.2087980306583848
Sri Lanka,large_city,31_50,2080,0.21390913672925527
Sri Lanka,large_city,31_50,2085,0.21880463908597692
Sri Lanka,large_city,31_50,2090,0.22336715568985963
Sri Lanka,large_city,31_50,2095,0.22759585731926749
Sri Lanka,large_city,31_50,2100,0.23163476481564005
Sri Lanka,large_city,51+,2011,0.0999074306415119
Sri Lanka,large_city,51+,2012,0.10174644953056798
Sri Lanka,large_city,51+,2013,0.1025987531460651
Sri Lanka,large_city,51+,2014,0.10400908657503039
Sri Lanka,large_city,51+,2015,0.104925369990911
Sri Lanka,large_city,51+,2016,0.10606520342433567
Sri Lanka,large_city,51+,2017,0.10756671313869132
Sri Lanka,large_city,51+,2018,0.10806956476402386
Sri Lanka,large_city,51+,2019,0.10792960624278482
Sri Lanka,large_city,51+,2020,0.10663585136575557
Sri Lanka,large_city,51+,2025,0.10538487744569477
Sri Lanka,large_city,51+,2030,0.10832615402747657
Sri Lanka,large_city,51+,2035,0.11157871548663126
Sri Lanka,large_city,51+,2040,0.11503854962078233
Sri Lanka,large_city,51+,2045,0.11869122434291655
Sri Lanka,large_city,51+,2050,0.12250655667763487
Sri Lanka,large_city,51+,2055,0.1264207622456052
Sri Lanka,large_city,51+,2060,0.13031271032665015
Sri Lanka,large_city,51+,2065,0.1340960219845933
Sri Lanka,large_city,51+,2070,0.13773167047164808
Sri Lanka,large_city,51+,2075,0.1413349166647065
Sri Lanka,large_city,51+,2080,0.14479461285203712
Sri Lanka,large_city,51+,2085,0.14810836737087718
Sri Lanka,large_city,51+,2090,0.15119672458362376
Sri Lanka,large_city,51+,2095,0.1540591231920192
Sri Lanka,large_city,51+,2100,0.15679305057924742
Sri Lanka,city,No_travel,2011,0.0
Sri Lanka,city,No_travel,2012,0.0
Sri Lanka,city,No_travel,2013,0.0
Sri Lanka,city,No_travel,2014,0.0
Sri Lanka,city,No_travel,2015,0.0
Sri Lanka,city,No_travel,2016,0.0
Sri Lanka,city,No_travel,2017,0.0
Sri Lanka,city,No_travel,2018,0.0
Sri Lanka,city,No_travel,2019,0.0
Sri Lanka,city,No_travel,2020,0.0
Sri Lanka,city,No_travel,2025,0.0
Sri Lanka,city,No_travel,2030,0.0
Sri Lanka,city,No_travel,2035,0.0
Sri Lanka,city,No_travel,2040,0.0
Sri Lanka,city,No_travel,2045,0.0
Sri Lanka,city,No_travel,2050,0.0
Sri Lanka,city,No_travel,2055,0.0
Sri Lanka,city,No_travel,2060,0.0
Sri Lanka,city,No_travel,2065,0.0
Sri Lanka,city,No_travel,2070,0.0
Sri Lanka,city,No_travel,2075,0.0
Sri Lanka,city,No_travel,2080,0.0
Sri Lanka,city,No_travel,2085,0.0
Sri Lanka,city,No_travel,2090,0.0
Sri Lanka,city,No_travel,2095,0.0
Sri Lanka,city,No_travel,2100,0.0
Sri Lanka,city,00_01,2011,0.0203337654203297
Sri Lanka,city,00_01,2012,0.020708053683510034
Sri Lanka,city,00_01,2013,0.020881519677712238
Sri Lanka,city,00_01,2014,0.02116855927952053
Sri Lanka,city,00_01,2015,0.021355046830220423
Sri Lanka,city,00_01,2016,0.021587032634526316
Sri Lanka,city,00_01,2017,0.021892628986189152
Sri Lanka,city,00_01,2018,0.02199497239473333
Sri Lanka,city,00_01,2019,0.021966487188766395
Sri Lanka,city,00_01,2020,0.021703174359960747
Sri Lanka,city,00_01,2025,0.021448568570640238
Sri Lanka,city,00_01,2030,0.022047194995784336
Sri Lanka,city,00_01,2035,0.022709176004614088
Sri Lanka,city,00_01,2040,0.02341334240370319
Sri Lanka,city,00_01,2045,0.024156756887288
Sri Lanka,city,00_01,2050,0.02493327643339798
Sri Lanka,city,00_01,2055,0.025729919258811476
Sri Lanka,city,00_01,2060,0.026522032105673023
Sri Lanka,city,00_01,2065,0.02729203460969749
Sri Lanka,city,00_01,2070,0.028031983810791566
Sri Lanka,city,00_01,2075,0.028765338300751824
Sri Lanka,city,00_01,2080,0.029469476624068486
Sri Lanka,city,00_01,2085,0.030143912015049845
Sri Lanka,city,00_01,2090,0.030772473181070657
Sri Lanka,city,00_01,2095,0.03135504588330976
Sri Lanka,city,00_01,2100,0.031911471344470754
Sri Lanka,city,02_05,2011,0.0396703669770022
Sri Lanka,city,02_05,2012,0.0404005884804284
Sri Lanka,city,02_05,2013,0.04073901373053735
Sri Lanka,city,02_05,2014,0.04129901656844178
Sri Lanka,city,02_05,2015,0.04166284635697226
Sri Lanka,city,02_05,2016,0.04211544142729154
Sri Lanka,city,02_05,2017,0.042711647745535826
Sri Lanka,city,02_05,2018,0.04291131566196441
Sri Lanka,city,02_05,2019,0.04285574215893805
Sri Lanka,city,02_05,2020,0.042342029310749645
Sri Lanka,city,02_05,2025,0.0418453035500248
Sri Lanka,city,02_05,2030,0.04301319987796484
Sri Lanka,city,02_05,2035,0.044304698476931983
Sri Lanka,city,02_05,2040,0.045678499093162656
Sri Lanka,city,02_05,2045,0.04712887116002748
Sri Lanka,city,02_05,2050,0.04864382988617662
Sri Lanka,city,02_05,2055,0.05019804832926697
Sri Lanka,city,02_05,2060,0.051743428964512145
Sri Lanka,city,02_05,2065,0.05324567320095451
Sri Lanka,city,02_05,2070,0.05468928463961079
Sri Lanka,city,02_05,2075,0.05612003005933856
Sri Lanka,city,02_05,2080,0.05749377590085472
Sri Lanka,city,02_05,2085,0.058809572503669805
Sri Lanka,city,02_05,2090,0.06003587031954839
Sri Lanka,city,02_05,2095,0.061172446473097546
Sri Lanka,city,02_05,2100,0.062258010400058905
Sri Lanka,city,06_10,2011,0.0505698242635587
Sri Lanka,city,06_10,2012,0.05150067456608154
Sri Lanka,city,06_10,2013,0.05193208235805589
Sri Lanka,city,06_10,2014,0.052645946313898254
Sri Lanka,city,06_10,2015,0.05310973855656897
Sri Lanka,city,06_10,2016,0.05368668439581133
Sri Lanka,city,06_10,2017,0.054446698760082665
Sri Lanka,city,06_10,2018,0.054701225557143004
Sri Lanka,city,06_10,2019,0.054630383200595545
Sri Lanka,city,06_10,2020,0.053975527437101344
Sri Lanka,city,06_10,2025,0.05334232597361096
Sri Lanka,city,06_10,2030,0.05483110252302434
Sri Lanka,city,06_10,2035,0.0564774411420813
Sri Lanka,city,06_10,2040,0.05822869430735271
Sri Lanka,city,06_10,2045,0.06007755697556671
Sri Lanka,city,06_10,2050,0.06200875152671164
Sri Lanka,city,06_10,2055,0.063989992425739
Sri Lanka,city,06_10,2060,0.06595996732387796
Sri Lanka,city,06_10,2065,0.06787495407159004
Sri Lanka,city,06_10,2070,0.069715198624912
Sri Lanka,city,06_10,2075,0.07153904221283416
Sri Lanka,city,06_10,2080,0.07329022555400518
Sri Lanka,city,06_10,2085,0.0749675380681425
Sri Lanka,city,06_10,2090,0.07653076194957817
Sri Lanka,city,06_10,2095,0.07797961308777036
Sri Lanka,city,06_10,2100,0.07936343635931004
Sri Lanka,city,11_20,2011,0.0832808161760771
Sri Lanka,city,11_20,2012,0.08481378517608436
Sri Lanka,city,11_20,2013,0.08552424825448254
Sri Lanka,city,11_20,2014,0.08669987371387487
Sri Lanka,city,11_20,2015,0.08746366906155979
Sri Lanka,city,11_20,2016,0.08841381118843523
Sri Lanka,city,11_20,2017,0.08966543935768063
Sri Lanka,city,11_20,2018,0.09008460631557617
Sri Lanka,city,11_20,2019,0.08996793971926054
Sri Lanka,city,11_20,2020,0.08888949178601935
Sri Lanka,city,11_20,2025,0.08784670519438458
Sri Lanka,city,11_20,2030,0.09029849394280418
Sri Lanka,city,11_20,2035,0.09300976347743181
Sri Lanka,city,11_20,2040,0.09589381132728443
Sri Lanka,city,11_20,2045,0.09893860719613813
Sri Lanka,city,11_20,2050,0.1021189911653591
Sri Lanka,city,11_20,2055,0.10538179386470174
Sri Lanka,city,11_20,2060,0.10862604317251714
Sri Lanka,city,11_20,2065,0.11177973535235647
Sri Lanka,city,11_20,2070,0.11481033849555687
Sri Lanka,city,11_20,2075,0.1178139317409682
Sri Lanka,city,11_20,2080,0.12069786460113766
Sri Lanka,city,11_20,2085,0.1234601434342948
Sri Lanka,city,11_20,2090,0.12603453562583958
Sri Lanka,city,11_20,2095,0.12842057328888193
Sri Lanka,city,11_20,2100,0.13069951993691925
Sri Lanka,city,21_30,2011,0.0673025770269828
Sri Lanka,city,21_30,2012,0.06854143093044156
Sri Lanka,city,21_30,2013,0.06911558471824338
Sri Lanka,city,21_30,2014,0.07006565493451442
Sri Lanka,city,21_30,2015,0.0706829086740999
Sri Lanka,city,21_30,2016,0.0714507567406392
Sri Lanka,city,21_30,2017,0.0724622478034991
Sri Lanka,city,21_30,2018,0.07280099348067023
Sri Lanka,city,21_30,2019,0.07270671051196821
Sri Lanka,city,21_30,2020,0.07183517336296744
Sri Lanka,city,21_30,2025,0.070992455578384
Sri Lanka,city,21_30,2030,0.07297384467458981
Sri Lanka,city,21_30,2035,0.07516493063020038
Sri Lanka,city,21_30,2040,0.07749564569132351
Sri Lanka,city,21_30,2045,0.07995626769173363
Sri Lanka,city,21_30,2050,0.08252646388927475
Sri Lanka,city,21_30,2055,0.08516326597743003
Sri Lanka,city,21_30,2060,0.08778507432369241
Sri Lanka,city,21_30,2065,0.09033369981271588
Sri Lanka,city,21_30,2070,0.09278285210070766
Sri Lanka,city,21_30,2075,0.09521017660398372
Sri Lanka,city,21_30,2080,0.09754079873731912
Sri Lanka,city,21_30,2085,0.09977310735861677
Sri Lanka,city,21_30,2090,0.10185357722820573
Sri Lanka,city,21_30,2095,0.10378183022787218
Sri Lanka,city,21_30,2100,0.10562353867121445
Sri Lanka,city,31_50,2011,0.128420945162782
Sri Lanka,city,31_50,2012,0.13078481882451404
Sri Lanka,city,31_50,2013,0.13188036932726432
Sri Lanka,city,31_50,2014,0.13369321098257894
Sri Lanka,city,31_50,2015,0.13487100107835864
Sri Lanka,city,31_50,2016,0.13633614221859847
Sri Lanka,city,31_50,2017,0.13826618181075398
Sri Lanka,city,31_50,2018,0.1389125469568417
Sri Lanka,city,31_50,2019,0.13873264436635674
Sri Lanka,city,31_50,2020,0.13706965270447305
Sri Lanka,city,31_50,2025,0.13546165165633633
Sri Lanka,city,31_50,2030,0.13924236662610587
Sri Lanka,city,31_50,2035,0.1434232069710394
Sri Lanka,city,31_50,2040,0.14787047547510523
Sri Lanka,city,31_50,2045,0.15256562114321706
Sri Lanka,city,31_50,2050,0.15746984679879175
Sri Lanka,city,31_50,2055,0.16250116404288983
Sri Lanka,city,31_50,2060,0.16750387152803856
Sri Lanka,city,31_50,2065,0.1723669378268986
Sri Lanka,city,31_50,2070,0.17704019798371837
Sri Lanka,city,31_50,2075,0.18167180825330018
Sri Lanka,city,31_50,2080,0.18611889944061435
Sri Lanka,city,31_50,2085,0.19037839730393005
Sri Lanka,city,31_50,2090,0.19434816961930793
Sri Lanka,city,31_50,2095,0.19802749489433946
Sri Lanka,city,31_50,2100,0.20154168334678857
Sri Lanka,city,51+,2011,0.0842931032354429
Sri Lanka,city,51+,2012,0.08584470563450132
Sri Lanka,city,51+,2013,0.0865638044661671
Sri Lanka,city,51+,2014,0.08775371977637797
Sri Lanka,city,51+,2015,0.08852679913665988
Sri Lanka,city,51+,2016,0.08948849034078693
Sri Lanka,city,51+,2017,0.0907553321817642
Sri Lanka,city,51+,2018,0.09117959415801659
Sri Lanka,city,51+,2019,0.09106150946698079
Sri Lanka,city,51+,2020,0.08996995288594835
Sri Lanka,city,51+,2025,0.08891449111387154
Sri Lanka,city,51+,2030,0.091396081611797
Sri Lanka,city,51+,2035,0.09414030691211446
Sri Lanka,city,51+,2040,0.0970594106662083
Sri Lanka,city,51+,2045,0.10014121634834161
Sri Lanka,city,51+,2050,0.10336025821842956
Sri Lanka,city,51+,2055,0.10666272062695212
Sri Lanka,city,51+,2060,0.10994640412552659
Sri Lanka,city,51+,2065,0.11313842976473217
Sri Lanka,city,51+,2070,0.11620587020714261
Sri Lanka,city,51+,2075,0.11924597244362219
Sri Lanka,city,51+,2080,0.12216495981032117
Sri Lanka,city,51+,2085,0.12496081443254423
Sri Lanka,city,51+,2090,0.12756649863131098
Sri Lanka,city,51+,2095,0.12998153883251712
Sri Lanka,city,51+,2100,0.13228818631619366
Sri Lanka,town,No_travel,2011,0.0
Sri Lanka,town,No_travel,2012,0.0
Sri Lanka,town,No_travel,2013,0.0
Sri Lanka,town,No_travel,2014,0.0
Sri Lanka,town,No_travel,2015,0.0
Sri Lanka,town,No_travel,2016,0.0
Sri Lanka,town,No_travel,2017,0.0
Sri Lanka,town,No_travel,2018,0.0
Sri Lanka,town,No_travel,2019,0.0
Sri Lanka,town,No_travel,2020,0.0
Sri Lanka,town,No_travel,2025,0.0
Sri Lanka,town,No_travel,2030,0.0
Sri Lanka,town,No_travel,2035,0.0
Sri Lanka,town,No_travel,2040,0.0
Sri Lanka,town,No_travel,2045,0.0
Sri Lanka,town,No_travel,2050,0.0
Sri Lanka,town,No_travel,2055,0.0
Sri Lanka,town,No_travel,2060,0.0
Sri Lanka,town,No_travel,2065,0.0
Sri Lanka,town,No_travel,2070,0.0
Sri Lanka,town,No_travel,2075,0.0
Sri Lanka,town,No_travel,2080,0.0
Sri Lanka,town,No_travel,2085,0.0
Sri Lanka,town,No_travel,2090,0.0
Sri Lanka,town,No_travel,2095,0.0
Sri Lanka,town,No_travel,2100,0.0
Sri Lanka,town,00_01,2011,0.0142978983785273
Sri Lanka,town,00_01,2012,0.014561083058816642
Sri Lanka,town,00_01,2013,0.014683057474571118
Sri Lanka,town,00_01,2014,0.014884892352294487
Sri Lanka,town,00_01,2015,0.015016023010765723
Sri Lanka,town,00_01,2016,0.01517914623888708
Sri Lanka,town,00_01,2017,0.0153940294880346
Sri Lanka,town,00_01,2018,0.015465993318875973
Sri Lanka,town,00_01,2019,0.01544596365040151
Sri Lanka,town,00_01,2020,0.015260812499584083
Sri Lanka,town,00_01,2025,0.015081783794027668
Sri Lanka,town,00_01,2030,0.015502714183283266
Sri Lanka,town,00_01,2035,0.015968193006172596
Sri Lanka,town,00_01,2040,0.016463334924436458
Sri Lanka,town,00_01,2045,0.016986074541014994
Sri Lanka,town,00_01,2050,0.017532092326197082
Sri Lanka,town,00_01,2055,0.018092260004258176
Sri Lanka,town,00_01,2060,0.018649242380843926
Sri Lanka,town,00_01,2065,0.019190677640185817
Sri Lanka,town,00_01,2070,0.019710980607384306
Sri Lanka,town,00_01,2075,0.020226646434944463
Sri Lanka,town,00_01,2080,0.02072176861143729
Sri Lanka,town,00_01,2085,0.021196004862510238
Sri Lanka,town,00_01,2090,0.021637984175769592
Sri Lanka,town,00_01,2095,0.022047626223001573
Sri Lanka,town,00_01,2100,0.022438882566057
Sri Lanka,town,02_05,2011,0.0305435787015927
Sri Lanka,town,02_05,2012,0.031105801329188335
Sri Lanka,town,02_05,2013,0.031366366558325275
Sri Lanka,town,02_05,2014,0.03179753198622679
Sri Lanka,town,02_05,2015,0.03207765704245344
Sri Lanka,town,02_05,2016,0.032426125539310645
Sri Lanka,town,02_05,2017,0.03288516527076153
Sri Lanka,town,02_05,2018,0.03303889646067351
Sri Lanka,town,02_05,2019,0.03299610851105881
Sri Lanka,town,02_05,2020,0.03260058333687128
Sri Lanka,town,02_05,2025,0.03221813710503775
Sri Lanka,town,02_05,2030,0.03311734061955067
Sri Lanka,town,02_05,2035,0.03411170976978863
Sri Lanka,town,02_05,2040,0.03516944607120635
Sri Lanka,town,02_05,2045,0.0362861373636403
Sri Lanka,town,02_05,2050,0.03745255614440494
Sri Lanka,town,02_05,2055,0.038649202330297734
Sri Lanka,town,02_05,2060,0.03983904398424291
Sri Lanka,town,02_05,2065,0.04099567344248289
Sri Lanka,town,02_05,2070,0.04210715949494818
Sri Lanka,town,02_05,2075,0.0432087395573341
Sri Lanka,town,02_05,2080,0.04426643368581694
Sri Lanka,town,02_05,2085,0.0452795107041533
Sri Lanka,town,02_05,2090,0.04622367953104096
Sri Lanka,town,02_05,2095,0.04709876856705635
Sri Lanka,town,02_05,2100,0.04793458153692316
Sri Lanka,town,06_10,2011,0.0419722902791875
Sri Lanka,town,06_10,2012,0.04274488381046683
Sri Lanka,town,06_10,2013,0.04310294661446394
Sri Lanka,town,06_10,2014,0.04369544432650476
Sri Lanka,town,06_10,2015,0.04408038579945028
Sri Lanka,town,06_10,2016,0.044559243272117036
Sri Lanka,town,06_10,2017,0.04519004521731059
Sri Lanka,town,06_10,2018,0.04540129911754901
Sri Lanka,town,06_10,2019,0.045342500891603535
Sri Lanka,town,06_10,2020,0.04479897920457675
Sri Lanka,town,06_10,2025,0.04427343030228451
Sri Lanka,town,06_10,2030,0.045509095294259866
Sri Lanka,town,06_10,2035,0.04687553473563025
Sri Lanka,town,06_10,2040,0.04832905187308421
Sri Lanka,town,06_10,2045,0.04986358361660366
Sri Lanka,town,06_10,2050,0.05146644974213716
Sri Lanka,town,06_10,2055,0.05311085367942549
Sri Lanka,town,06_10,2060,0.05474590698387181
Sri Lanka,town,06_10,2065,0.056335320845325325
Sri Lanka,town,06_10,2070,0.0578626996666194
Sri Lanka,town,06_10,2075,0.05937646590193669
Sri Lanka,town,06_10,2080,0.060829925086303936
Sri Lanka,town,06_10,2085,0.06222207245397864
Sri Lanka,town,06_10,2090,0.06351952775421896
Sri Lanka,town,06_10,2095,0.0647220551790049
Sri Lanka,town,06_10,2100,0.06587061032812794
Sri Lanka,town,11_20,2011,0.0757320066192673
Sri Lanka,town,11_20,2012,0.07712602295803883
Sri Lanka,town,11_20,2013,0.07777208764648089
Sri Lanka,town,11_20,2014,0.07884115107741846
Sri Lanka,town,11_20,2015,0.0795357138468844
Sri Lanka,town,11_20,2016,0.080399732394561
Sri Lanka,town,11_20,2017,0.08153790943400964
Sri Lanka,town,11_20,2018,0.08191908190910652
Sri Lanka,town,11_20,2019,0.08181299030421947
Sri Lanka,town,11_20,2020,0.08083229595264059
Sri Lanka,town,11_20,2025,0.07988403049744622
Sri Lanka,town,11_20,2030,0.08211358215471846
Sri Lanka,town,11_20,2035,0.0845790945232442
Sri Lanka,town,11_20,2040,0.08720172409010074
Sri Lanka,town,11_20,2045,0.08997053101925982
Sri Lanka,town,11_20,2050,0.09286263595852481
Sri Lanka,town,11_20,2055,0.09582968896028156
Sri Lanka,town,11_20,2060,0.09877987030257977
Sri Lanka,town,11_20,2065,0.10164770287201284
Sri Lanka,town,11_20,2070,0.1044036035444555
Sri Lanka,town,11_20,2075,0.10713494257290777
Sri Lanka,town,11_20,2080,0.10975746757307238
Sri Lanka,town,11_20,2085,0.11226936561252761
Sri Lanka,town,11_20,2090,0.11461040758885087
Sri Lanka,town,11_20,2095,0.1167801680257479
Sri Lanka,town,11_20,2100,0.11885254448119978
Sri Lanka,town,21_30,2011,0.0536494958683143
Sri Lanka,town,21_30,2012,0.05463703438928965
Sri Lanka,town,21_30,2013,0.055094714653956205
Sri Lanka,town,21_30,2014,0.05585205249143613
Sri Lanka,town,21_30,2015,0.056344089400191005
Sri Lanka,town,21_30,2016,0.05695617089087119
Sri Lanka,town,21_30,2017,0.05776246966864284
Sri Lanka,town,21_30,2018,0.058032496993161424
Sri Lanka,town,21_30,2019,0.05795734038009735
Sri Lanka,town,21_30,2020,0.0572626042980651
Sri Lanka,town,21_30,2025,0.05659084124976403
Sri Lanka,town,21_30,2030,0.05817028338743729
Sri Lanka,town,21_30,2035,0.059916883029164564
Sri Lanka,town,21_30,2040,0.061774786449293816
Sri Lanka,town,21_30,2045,0.06373624373185166
Sri Lanka,town,21_30,2050,0.06578504685904034
Sri Lanka,town,21_30,2055,0.0678869441263223
Sri Lanka,town,21_30,2060,0.06997688930009957
Sri Lanka,town,21_30,2065,0.07200849757846353
Sri Lanka,town,21_30,2070,0.07396081190816309
Sri Lanka,town,21_30,2075,0.07589572646362443
Sri Lanka,town,21_30,2080,0.07775355580740795
Sri Lanka,town,21_30,2085,0.07953301563562666
Sri Lanka,town,21_30,2090,0.08119143890265722
Sri Lanka,town,21_30,2095,0.0827285241957983
Sri Lanka,town,21_30,2100,0.08419662146467578
Sri Lanka,town,31_50,2011,0.0837659254033078
Sri Lanka,town,31_50,2012,0.08530782391963235
Sri Lanka,town,31_50,2013,0.08602242543243552
Sri Lanka,town,31_50,2014,0.08720489888857312
Sri Lanka,town,31_50,2015,0.08797314333015374
Sri Lanka,town,31_50,2016,0.08892882001749691
Sri Lanka,town,31_50,2017,0.09018773889787894
Sri Lanka,town,31_50,2018,0.09060934749561858
Sri Lanka,town,31_50,2019,0.09049200131851856
Sri Lanka,town,31_50,2020,0.08940727144584011
Sri Lanka,town,31_50,2025,0.08835841064142907
Sri Lanka,town,31_50,2030,0.09082448101435346
Sri Lanka,town,31_50,2035,0.09355154364430783
Sri Lanka,town,31_50,2040,0.0964523910200054
Sri Lanka,town,31_50,2045,0.09951492276896734
Sri Lanka,town,31_50,2050,0.1027138324164951
Sri Lanka,town,31_50,2055,0.10599564088173631
Sri Lanka,town,31_50,2060,0.10925878788228482
Sri Lanka,town,31_50,2065,0.1124308502612472
Sri Lanka,town,31_50,2070,0.11547910661218914
Sri Lanka,town,31_50,2075,0.11850019573318263
Sri Lanka,town,31_50,2080,0.12140092744938423
Sri Lanka,town,31_50,2085,0.12417929650609677
Sri Lanka,town,31_50,2090,0.12676868448495454
Sri Lanka,town,31_50,2095,0.12916862077363495
Sri Lanka,town,31_50,2100,0.13146084224411145
Sri Lanka,town,51+,2011,0.068333385372376
Sri Lanka,town,51+,2012,0.06959121360042707
Sri Lanka,town,51+,2013,0.07017416114535006
Sri Lanka,town,51+,2014,0.07113878266635419
Sri Lanka,town,51+,2015,0.07176549028325162
Sri Lanka,town,51+,2016,0.07254509873445888
Sri Lanka,town,51+,2017,0.07357208182563248
Sri Lanka,town,51+,2018,0.07391601574204226
Sri Lanka,town,51+,2019,0.07382028873248386
Sri Lanka,town,51+,2020,0.07293540309363031
Sri Lanka,town,51+,2025,0.07207977821746832
Sri Lanka,town,51+,2030,0.07409151433017874
Sri Lanka,town,51+,2035,0.07631615902585971
Sri Lanka,town,51+,2040,0.07868257139073953
Sri Lanka,town,51+,2045,0.08118088035359483
Sri Lanka,town,51+,2050,0.08379044175536374
Sri Lanka,town,51+,2055,0.08646762918562162
Sri Lanka,town,51+,2060,0.08912959322937333
Sri Lanka,town,51+,2065,0.09171725354498769
Sri Lanka,town,51+,2070,0.09420391712495553
Sri Lanka,town,51+,2075,0.09666841860518377
Sri Lanka,town,51+,2080,0.09903473661899097
Sri Lanka,town,51+,2085,0.10130123534797804
Sri Lanka,town,51+,2090,0.10341356975825244
Sri Lanka,town,51+,2095,0.10537135594033015
Sri Lanka,town,51+,2100,0.10724127204698992
Sri Lanka,rural,No_travel,2011,0.0
Sri Lanka,rural,No_travel,2012,0.0
Sri Lanka,rural,No_travel,2013,0.0
Sri Lanka,rural,No_travel,2014,0.0
Sri Lanka,rural,No_travel,2015,0.0
Sri Lanka,rural,No_travel,2016,0.0
Sri Lanka,rural,No_travel,2017,0.0
Sri Lanka,rural,No_travel,2018,0.0
Sri Lanka,rural,No_travel,2019,0.0
Sri Lanka,rural,No_travel,2020,0.0
Sri Lanka,rural,No_travel,2025,0.0
Sri Lanka,rural,No_travel,2030,0.0
Sri Lanka,rural,No_travel,2035,0.0
Sri Lanka,rural,No_travel,2040,0.0
Sri Lanka,rural,No_travel,2045,0.0
Sri Lanka,rural,No_travel,2050,0.0
Sri Lanka,rural,No_travel,2055,0.0
Sri Lanka,rural,No_travel,2060,0.0
Sri Lanka,rural,No_travel,2065,0.0
Sri Lanka,rural,No_travel,2070,0.0
Sri Lanka,rural,No_travel,2075,0.0
Sri Lanka,rural,No_travel,2080,0.0
Sri Lanka,rural,No_travel,2085,0.0
Sri Lanka,rural,No_travel,2090,0.0
Sri Lanka,rural,No_travel,2095,0.0
Sri Lanka,rural,No_travel,2100,0.0
Sri Lanka,rural,00_01,2011,0.00800533451099545
Sri Lanka,rural,00_01,2012,0.008152690531307478
Sri Lanka,rural,00_01,2013,0.008220983505145106
Sri Lanka,rural,00_01,2014,0.00833399002326304
Sri Lanka,rural,00_01,2015,0.008407409539748474
Sri Lanka,rural,00_01,2016,0.008498741564431627
Sri Lanka,rural,00_01,2017,0.008619053812056698
Sri Lanka,rural,00_01,2018,0.008659346065038652
Sri Lanka,rural,00_01,2019,0.008648131536019253
Sri Lanka,rural,00_01,2020,0.008544466167994588
Sri Lanka,rural,00_01,2025,0.008444228731896848
Sri Lanka,rural,00_01,2030,0.008679905926028766
Sri Lanka,rural,00_01,2035,0.008940525604974705
Sri Lanka,rural,00_01,2040,0.00921775352904997
Sri Lanka,rural,00_01,2045,0.009510433290933387
Sri Lanka,rural,00_01,2050,0.009816146403701063
Sri Lanka,rural,00_01,2055,0.010129781983309131
Sri Lanka,rural,00_01,2060,0.010441634125718708
Sri Lanka,rural,00_01,2065,0.01074478150111122
Sri Lanka,rural,00_01,2070,0.011036096993025943
Sri Lanka,rural,00_01,2075,0.011324816169524495
Sri Lanka,rural,00_01,2080,0.01160203304026333
Sri Lanka,rural,00_01,2085,0.011867555967239846
Sri Lanka,rural,00_01,2090,0.012115018367370965
Sri Lanka,rural,00_01,2095,0.012344375265220087
Sri Lanka,rural,00_01,2100,0.012563438082900434
Sri Lanka,rural,02_05,2011,0.018205337195522
Sri Lanka,rural,02_05,2012,0.01854044699435501
Sri Lanka,rural,02_05,2013,0.01869575550958211
Sri Lanka,rural,02_05,2014,0.018952749363468305
Sri Lanka,rural,02_05,2015,0.019119716409319247
Sri Lanka,rural,02_05,2016,0.019327419198480994
Sri Lanka,rural,02_05,2017,0.019601027382343532
Sri Lanka,rural,02_05,2018,0.019692658038238827
Sri Lanka,rural,02_05,2019,0.01966715450906004
Sri Lanka,rural,02_05,2020,0.019431403838329826
Sri Lanka,rural,02_05,2025,0.01920344880143943
Sri Lanka,rural,02_05,2030,0.01973941426079317
Sri Lanka,rural,02_05,2035,0.020332102689800433
Sri Lanka,rural,02_05,2040,0.020962560771330015
Sri Lanka,rural,02_05,2045,0.021628158660846584
Sri Lanka,rural,02_05,2050,0.022323396354584895
Sri Lanka,rural,02_05,2055,0.02303665093194644
Sri Lanka,rural,02_05,2060,0.02374584970432932
Sri Lanka,rural,02_05,2065,0.02443525252458348
Sri Lanka,rural,02_05,2070,0.025097747858576387
Sri Lanka,rural,02_05,2075,0.025754338780011342
Sri Lanka,rural,02_05,2080,0.02638477172458799
Sri Lanka,rural,02_05,2085,0.026988610878605847
Sri Lanka,rural,02_05,2090,0.027551377672599568
Sri Lanka,rural,02_05,2095,0.02807296982564789
Sri Lanka,rural,02_05,2100,0.028571151688928452
Sri Lanka,rural,06_10,2011,0.0247885032228387
Sri Lanka,rural,06_10,2012,0.025244790861961373
Sri Lanka,rural,06_10,2013,0.02545625992671389
Sri Lanka,rural,06_10,2014,0.0258061843970431
Sri Lanka,rural,06_10,2015,0.026033527791440757
Sri Lanka,rural,06_10,2016,0.026316337233706674
Sri Lanka,rural,06_10,2017,0.026688883881683063
Sri Lanka,rural,06_10,2018,0.026813648767088756
Sri Lanka,rural,06_10,2019,0.026778922999120137
Sri Lanka,rural,06_10,2020,0.026457923382446204
Sri Lanka,rural,06_10,2025,0.026147538350522172
Sri Lanka,rural,06_10,2030,0.02687731233788827
Sri Lanka,rural,06_10,2035,0.027684320682463154
Sri Lanka,rural,06_10,2040,0.02854275642677361
Sri Lanka,rural,06_10,2045,0.029449038757729522
Sri Lanka,rural,06_10,2050,0.030395678835130016
Sri Lanka,rural,06_10,2055,0.03136685081616754
Sri Lanka,rural,06_10,2060,0.0323325003872818
Sri Lanka,rural,06_10,2065,0.033271195663736645
Sri Lanka,rural,06_10,2070,0.03417325353530621
Sri Lanka,rural,06_10,2075,0.03506727192108378
Sri Lanka,rural,06_10,2080,0.035925673438758826
Sri Lanka,rural,06_10,2085,0.03674786468161752
Sri Lanka,rural,06_10,2090,0.03751413153714444
Sri Lanka,rural,06_10,2095,0.03822433473898494
Sri Lanka,rural,06_10,2100,0.038902662340987694
Sri Lanka,rural,11_20,2011,0.0423833067134091
Sri Lanka,rural,11_20,2012,0.04316346591804618
Sri Lanka,rural,11_20,2013,0.04352503507578161
Sri Lanka,rural,11_20,2014,0.04412333486093466
Sri Lanka,rural,11_20,2015,0.04451204589876553
Sri Lanka,rural,11_20,2016,0.04499559261496907
Sri Lanka,rural,11_20,2017,0.045632571730016565
Sri Lanka,rural,11_20,2018,0.045845894348073665
Sri Lanka,rural,11_20,2019,0.04578652033660384
Sri Lanka,rural,11_20,2020,0.0452376761774356
Sri Lanka,rural,11_20,2025,0.04470698080268755
Sri Lanka,rural,11_20,2030,0.04595474612598902
Sri Lanka,rural,11_20,2035,0.04733456651614814
Sri Lanka,rural,11_20,2040,0.048802317316500705
Sri Lanka,rural,11_20,2045,0.0503518760638178
Sri Lanka,rural,11_20,2050,0.0519704383621136
Sri Lanka,rural,11_20,2055,0.053630945233938694
Sri Lanka,rural,11_20,2060,0.05528200990622998
Sri Lanka,rural,11_20,2065,0.056886988208258264
Sri Lanka,rural,11_20,2070,0.05842932398788504
Sri Lanka,rural,11_20,2075,0.0599579138793847
Sri Lanka,rural,11_20,2080,0.061425606159141104
Sri Lanka,rural,11_20,2085,0.06283138622217664
Sri Lanka,rural,11_20,2090,0.06414154693943185
Sri Lanka,rural,11_20,2095,0.06535585019372103
Sri Lanka,rural,11_20,2100,0.06651565264526098
Sri Lanka,rural,21_30,2011,0.0366772116814261
Sri Lanka,rural,21_30,2012,0.03735233749185831
Sri Lanka,rural,21_30,2013,0.037665228334128095
Sri Lanka,rural,21_30,2014,0.03818297858937346
Sri Lanka,rural,21_30,2015,0.03851935718092208
Sri Lanka,rural,21_30,2016,0.03893780365533189
Sri Lanka,rural,21_30,2017,0.039489025814499874
Sri Lanka,rural,21_30,2018,0.039673628655232
Sri Lanka,rural,21_30,2019,0.03962224820958203
Sri Lanka,rural,21_30,2020,0.039147295333865066
Sri Lanka,rural,21_30,2025,0.038688047858683294
Sri Lanka,rural,21_30,2030,0.03976782564008496
Sri Lanka,rural,21_30,2035,0.04096187981982178
Sri Lanka,rural,21_30,2040,0.04223202627545645
Sri Lanka,rural,21_30,2045,0.04357296681538308
Sri Lanka,rural,21_30,2050,0.04497362090864638
Sri Lanka,rural,21_30,2055,0.04641057254737077
Sri Lanka,rural,21_30,2060,0.047839353196668086
Sri Lanka,rural,21_30,2065,0.049228252116840426
Sri Lanka,rural,21_30,2070,0.05056294212240603
Sri Lanka,rural,21_30,2075,0.05188573685863843
Sri Lanka,rural,21_30,2080,0.05315583267234685
Sri Lanka,rural,21_30,2085,0.05437235155555071
Sri Lanka,rural,21_30,2090,0.0555061243941918
Sri Lanka,rural,21_30,2095,0.05655694512897224
Sri Lanka,rural,21_30,2100,0.05756060254323221
Sri Lanka,rural,31_50,2011,0.0541066561101835
Sri Lanka,rural,31_50,2012,0.05510260968412062
Sri Lanka,rural,31_50,2013,0.05556418995226544
Sri Lanka,rural,31_50,2014,0.05632798124738472
Sri Lanka,rural,31_50,2015,0.05682421092083523
Sri Lanka,rural,31_50,2016,0.0574415081049305
Sri Lanka,rural,31_50,2017,0.05825467754827503
Sri Lanka,rural,31_50,2018,0.05852700584049127
Sri Lanka,rural,31_50,2019,0.0584512087998733
Sri Lanka,rural,31_50,2020,0.05775055270479794
Sri Lanka,rural,31_50,2025,0.05707306540219271
Sri Lanka,rural,31_50,2030,0.05866596634573153
Sri Lanka,rural,31_50,2035,0.060427449182570654
Sri Lanka,rural,31_50,2040,0.0623011842440447
Sri Lanka,rural,31_50,2045,0.06427935557528458
Sri Lanka,rural,31_50,2050,0.06634561704607946
Sri Lanka,rural,31_50,2055,0.06846542508488952
Sri Lanka,rural,31_50,2060,0.07057317918353502
Sri Lanka,rural,31_50,2065,0.07262209928406782
Sri Lanka,rural,31_50,2070,0.07459104975315181
Sri Lanka,rural,31_50,2075,0.07654245218034157
Sri Lanka,rural,31_50,2080,0.07841611253424755
Sri Lanka,rural,31_50,2085,0.08021073556712081
Sri Lanka,rural,31_50,2090,0.08188329065719288
Sri Lanka,rural,31_50,2095,0.0834334738233524
Sri Lanka,rural,31_50,2100,0.0849140811017214
Sri Lanka,rural,51+,2011,0.0357459136063553
Sri Lanka,rural,51+,2012,0.03640389680046359
Sri Lanka,rural,51+,2013,0.03670884280107954
Sri Lanka,rural,51+,2014,0.03721344647854616
Sri Lanka,rural,51+,2015,0.03754128383371276
Sri Lanka,rural,51+,2016,0.03794910522572746
Sri Lanka,rural,51+,2017,0.03848633089736994
Sri Lanka,rural,51+,2018,0.03866624635151118
Sri Lanka,rural,51+,2019,0.0386161705445711
Sri Lanka,rural,51+,2020,0.038153277546871756
Sri Lanka,rural,51+,2025,0.03770569116232394
Sri Lanka,rural,51+,2030,0.03875805151139574
Sri Lanka,rural,51+,2035,0.039921786582668754
Sri Lanka,rural,51+,2040,0.04115968181486079
Sri Lanka,rural,51+,2045,0.04246657354664831
Sri Lanka,rural,51+,2050,0.04383166260099246
Sri Lanka,rural,51+,2055,0.04523212754310704
Sri Lanka,rural,51+,2060,0.04662462897140068
Sri Lanka,rural,51+,2065,0.047978261336905255
Sri Lanka,rural,51+,2070,0.049279061246249915
Sri Lanka,rural,51+,2075,0.05056826792779955
Sri Lanka,rural,51+,2080,0.05180611380395175
Sri Lanka,rural,51+,2085,0.05299174316087277
Sri Lanka,rural,51+,2090,0.054096727538946975
Sri Lanka,rural,51+,2095,0.05512086611107978
Sri Lanka,rural,51+,2100,0.05609903892127416
