n,area_type,trip_dist,y,value
Afghanistan,large_city,No_travel,2011,0.0
Afghanistan,large_city,No_travel,2012,0.0
Afghanistan,large_city,No_travel,2013,0.0
Afghanistan,large_city,No_travel,2014,0.0
Afghanistan,large_city,No_travel,2015,0.0
Afghanistan,large_city,No_travel,2016,0.0
Afghanistan,large_city,No_travel,2017,0.0
Afghanistan,large_city,No_travel,2018,0.0
Afghanistan,large_city,No_travel,2019,0.0
Afghanistan,large_city,No_travel,2020,0.0
Afghanistan,large_city,No_travel,2025,0.0
Afghanistan,large_city,No_travel,2030,0.0
Afghanistan,large_city,No_travel,2035,0.0
Afghanistan,large_city,No_travel,2040,0.0
Afghanistan,large_city,No_travel,2045,0.0
Afghanistan,large_city,No_travel,2050,0.0
Afghanistan,large_city,No_travel,2055,0.0
Afghanistan,large_city,No_travel,2060,0.0
Afghanistan,large_city,No_travel,2065,0.0
Afghanistan,large_city,No_travel,2070,0.0
Afghanistan,large_city,No_travel,2075,0.0
Afghanistan,large_city,No_travel,2080,0.0
Afghanistan,large_city,No_travel,2085,0.0
Afghanistan,large_city,No_travel,2090,0.0
Afghanistan,large_city,No_travel,2095,0.0
Afghanistan,large_city,No_travel,2100,0.0
Afghanistan,large_city,00_01,2011,0.798031141556873
Afghanistan,large_city,00_01,2012,0.7884597080607909
Afghanistan,large_city,00_01,2013,0.7860473837515766
Afghanistan,large_city,00_01,2014,0.7872362636326125
Afghanistan,large_city,00_01,2015,0.7892390811569205
Afghanistan,large_city,00_01,2016,0.7896832796710486
Afghanistan,large_city,00_01,2017,0.7899652197352107
Afghanistan,large_city,00_01,2018,0.7920453991473445
Afghanistan,large_city,00_01,2019,0.7909142096634002
Afghanistan,large_city,00_01,2020,0.7975743778137945
Afghanistan,large_city,00_01,2025,0.7920619230136604
Afghanistan,large_city,00_01,2030,0.7710788263850548
Afghanistan,large_city,00_01,2035,0.746820936136551
Afghanistan,large_city,00_01,2040,0.7206481055214625
Afghanistan,large_city,00_01,2045,0.693812370046577
Afghanistan,large_city,00_01,2050,0.6672119433891295
Afghanistan,large_city,00_01,2055,0.6414111735024501
Afghanistan,large_city,00_01,2060,0.6167775822830275
Afghanistan,large_city,00_01,2065,0.593530889917365
Afghanistan,large_city,00_01,2070,0.5716980267049322
Afghanistan,large_city,00_01,2075,0.5513633969423573
Afghanistan,large_city,00_01,2080,0.5324512342658914
Afghanistan,large_city,00_01,2085,0.5149396676399114
Afghanistan,large_city,00_01,2090,0.49899741170723005
Afghanistan,large_city,00_01,2095,0.48459139750769464
Afghanistan,large_city,00_01,2100,0.47155742536297146
Afghanistan,large_city,02_05,2011,0.44170968683356
Afghanistan,large_city,02_05,2012,0.4364119049902917
Afghanistan,large_city,02_05,2013,0.4350766851477611
Afghanistan,large_city,02_05,2014,0.43573472934251595
Afghanistan,large_city,02_05,2015,0.43684328746184076
Afghanistan,large_city,02_05,2016,0.43708915103326057
Afghanistan,large_city,02_05,2017,0.43724520466445593
Afghanistan,large_city,02_05,2018,0.4383965825353729
Afghanistan,large_city,02_05,2019,0.43777046993564694
Afghanistan,large_city,02_05,2020,0.4414568684165762
Afghanistan,large_city,02_05,2025,0.4384057284839902
Afghanistan,large_city,02_05,2030,0.4267915989620044
Afghanistan,large_city,02_05,2035,0.4133648734284547
Afghanistan,large_city,02_05,2040,0.3988782297218135
Afghanistan,large_city,02_05,2045,0.3840246686321613
Afghanistan,large_city,02_05,2050,0.3693013508107817
Afghanistan,large_city,02_05,2055,0.35502064246088366
Afghanistan,large_city,02_05,2060,0.3413859666988706
Afghanistan,large_city,02_05,2065,0.32851893849653685
Afghanistan,large_city,02_05,2070,0.31643446375607787
Afghanistan,large_city,02_05,2075,0.3051792601975044
Afghanistan,large_city,02_05,2080,0.29471139119070106
Afghanistan,large_city,02_05,2085,0.2850187511325244
Afghanistan,large_city,02_05,2090,0.2761947234614898
Afghanistan,large_city,02_05,2095,0.26822100453094466
Afghanistan,large_city,02_05,2100,0.2610067099321007
Afghanistan,large_city,06_10,2011,0.287162738207747
Afghanistan,large_city,06_10,2012,0.2837185630268811
Afghanistan,large_city,06_10,2013,0.2828505146287601
Afghanistan,large_city,06_10,2014,0.2832783199915587
Afghanistan,large_city,06_10,2015,0.2839990118724404
Afghanistan,large_city,06_10,2016,0.28415885182727724
Afghanistan,large_city,06_10,2017,0.2842603048616505
Afghanistan,large_city,06_10,2018,0.2850088345678802
Afghanistan,large_city,06_10,2019,0.28460178846062234
Afghanistan,large_city,06_10,2020,0.28699837679332835
Afghanistan,large_city,06_10,2025,0.28501478049962387
Afghanistan,large_city,06_10,2030,0.27746424372208295
Afghanistan,large_city,06_10,2035,0.26873530844104426
Afghanistan,large_city,06_10,2040,0.2593173029088119
Afghanistan,large_city,06_10,2045,0.24966075834621138
Afghanistan,large_city,06_10,2050,0.24008888707619455
Afghanistan,large_city,06_10,2055,0.2308047635091961
Afghanistan,large_city,06_10,2060,0.22194063636165223
Afghanistan,large_city,06_10,2065,0.21357556952857926
Afghanistan,large_city,06_10,2070,0.20571925358235424
Afghanistan,large_city,06_10,2075,0.1984020604817569
Afghanistan,large_city,06_10,2080,0.191596726533248
Afghanistan,large_city,06_10,2085,0.18529538168495877
Afghanistan,large_city,06_10,2090,0.17955873604741351
Afghanistan,large_city,06_10,2095,0.17437489011863475
Afghanistan,large_city,06_10,2100,0.16968475844845923
Afghanistan,large_city,11_20,2011,0.0531984546790542
Afghanistan,large_city,11_20,2012,0.05256040254732719
Afghanistan,large_city,11_20,2013,0.052399591873717934
Afghanistan,large_city,11_20,2014,0.05247884513737722
Afghanistan,large_city,11_20,2015,0.05261235721698035
Afghanistan,large_city,11_20,2016,0.05264196843550529
Afghanistan,large_city,11_20,2017,0.05266076316035309
Afghanistan,large_city,11_20,2018,0.05279943234808029
Afghanistan,large_city,11_20,2019,0.05272402484909768
Afghanistan,large_city,11_20,2020,0.053168005835619606
Afghanistan,large_city,11_20,2025,0.05280053386418355
Afghanistan,large_city,11_20,2030,0.05140175597583527
Afghanistan,large_city,11_20,2035,0.04978467337367402
Afghanistan,large_city,11_20,2040,0.04803993677030913
Afghanistan,large_city,11_20,2045,0.04625100951785297
Afghanistan,large_city,11_20,2050,0.04447776845207324
Afghanistan,large_city,11_20,2055,0.04275783420887629
Afghanistan,large_city,11_20,2060,0.04111570658023235
Afghanistan,large_city,11_20,2065,0.03956603258149596
Afghanistan,large_city,11_20,2070,0.03811060744375674
Afghanistan,large_city,11_20,2075,0.03675505773710084
Afghanistan,large_city,11_20,2080,0.03549433271443558
Afghanistan,large_city,11_20,2085,0.03432697440596907
Afghanistan,large_city,11_20,2090,0.03326422968893701
Afghanistan,large_city,11_20,2095,0.032303894116061146
Afghanistan,large_city,11_20,2100,0.03143502178724903
Afghanistan,large_city,21_30,2011,0.126017818840264
Afghanistan,large_city,21_30,2012,0.12450638512603852
Afghanistan,large_city,21_30,2013,0.12412545281406197
Afghanistan,large_city,21_30,2014,0.12431318991061052
Afghanistan,large_city,21_30,2015,0.12462945663606183
Afghanistan,large_city,21_30,2016,0.12469960042490358
Afghanistan,large_city,21_30,2017,0.12474412183525867
Afghanistan,large_city,21_30,2018,0.1250726048463378
Afghanistan,large_city,21_30,2019,0.12489397769253575
Afghanistan,large_city,21_30,2020,0.12594569086476198
Afghanistan,large_city,21_30,2025,0.12507521414500236
Afghanistan,large_city,21_30,2030,0.1217617543914234
Afghanistan,large_city,21_30,2035,0.11793116901750024
Afghanistan,large_city,21_30,2040,0.11379819367952707
Afghanistan,large_city,21_30,2045,0.10956053843599625
Afghanistan,large_city,21_30,2050,0.10536004102050403
Afghanistan,large_city,21_30,2055,0.1012858181284301
Afghanistan,large_city,21_30,2060,0.09739590547462286
Afghanistan,large_city,21_30,2065,0.0937249992723207
Afghanistan,large_city,21_30,2070,0.090277352109453
Afghanistan,large_city,21_30,2075,0.08706629234478666
Afghanistan,large_city,21_30,2080,0.08407985564334294
Afghanistan,large_city,21_30,2085,0.08131458833011908
Afghanistan,large_city,21_30,2090,0.07879713228684938
Afghanistan,large_city,21_30,2095,0.07652226556414775
Afghanistan,large_city,21_30,2100,0.07446405924240145
Afghanistan,large_city,31_50,2011,0.0
Afghanistan,large_city,31_50,2012,0.0
Afghanistan,large_city,31_50,2013,0.0
Afghanistan,large_city,31_50,2014,0.0
Afghanistan,large_city,31_50,2015,0.0
Afghanistan,large_city,31_50,2016,0.0
Afghanistan,large_city,31_50,2017,0.0
Afghanistan,large_city,31_50,2018,0.0
Afghanistan,large_city,31_50,2019,0.0
Afghanistan,large_city,31_50,2020,0.0
Afghanistan,large_city,31_50,2025,0.0
Afghanistan,large_city,31_50,2030,0.0
Afghanistan,large_city,31_50,2035,0.0
Afghanistan,large_city,31_50,2040,0.0
Afghanistan,large_city,31_50,2045,0.0
Afghanistan,large_city,31_50,2050,0.0
Afghanistan,large_city,31_50,2055,0.0
Afghanistan,large_city,31_50,2060,0.0
Afghanistan,large_city,31_50,2065,0.0
Afghanistan,large_city,31_50,2070,0.0
Afghanistan,large_city,31_50,2075,0.0
Afghanistan,large_city,31_50,2080,0.0
Afghanistan,large_city,31_50,2085,0.0
Afghanistan,large_city,31_50,2090,0.0
Afghanistan,large_city,31_50,2095,0.0
Afghanistan,large_city,31_50,2100,0.0
Afghanistan,large_city,51+,2011,0.0
Afghanistan,large_city,51+,2012,0.0
Afghanistan,large_city,51+,2013,0.0
Afghanistan,large_city,51+,2014,0.0
Afghanistan,large_city,51+,2015,0.0
Afghanistan,large_city,51+,2016,0.0
Afghanistan,large_city,51+,2017,0.0
Afghanistan,large_city,51+,2018,0.0
Afghanistan,large_city,51+,2019,0.0
Afghanistan,large_city,51+,2020,0.0
Afghanistan,large_city,51+,2025,0.0
Afghanistan,large_city,51+,2030,0.0
Afghanistan,large_city,51+,2035,0.0
Afghanistan,large_city,51+,2040,0.0
Afghanistan,large_city,51+,2045,0.0
Afghanistan,large_city,51+,2050,0.0
Afghanistan,large_city,51+,2055,0.0
Afghanistan,large_city,51+,2060,0.0
Afghanistan,large_city,51+,2065,0.0
Afghanistan,large_city,51+,2070,0.0
Afghanistan,large_city,51+,2075,0.0
Afghanistan,large_city,51+,2080,0.0
Afghanistan,large_city,51+,2085,0.0
Afghanistan,large_city,51+,2090,0.0
Afghanistan,large_city,51+,2095,0.0
Afghanistan,large_city,51+,2100,0.0
Afghanistan,city,No_travel,2011,0.0
Afghanistan,city,No_travel,2012,0.0
Afghanistan,city,No_travel,2013,0.0
Afghanistan,city,No_travel,2014,0.0
Afghanistan,city,No_travel,2015,0.0
Afghanistan,city,No_travel,2016,0.0
Afghanistan,city,No_travel,2017,0.0
Afghanistan,city,No_travel,2018,0.0
Afghanistan,city,No_travel,2019,0.0
Afghanistan,city,No_travel,2020,0.0
Afghanistan,city,No_travel,2025,0.0
Afghanistan,city,No_travel,2030,0.0
Afghanistan,city,No_travel,2035,0.0
Afghanistan,city,No_travel,2040,0.0
Afghanistan,city,No_travel,2045,0.0
Afghanistan,city,No_travel,2050,0.0
Afghanistan,city,No_travel,2055,0.0
Afghanistan,city,No_travel,2060,0.0
Afghanistan,city,No_travel,2065,0.0
Afghanistan,city,No_travel,2070,0.0
Afghanistan,city,No_travel,2075,0.0
Afghanistan,city,No_travel,2080,0.0
Afghanistan,city,No_travel,2085,0.0
Afghanistan,city,No_travel,2090,0.0
Afghanistan,city,No_travel,2095,0.0
Afghanistan,city,No_travel,2100,0.0
Afghanistan,city,00_01,2011,0.784266131199457
Afghanistan,city,00_01,2012,0.7748597926155256
Afghanistan,city,00_01,2013,0.7724890777966841
Afghanistan,city,00_01,2014,0.7736574510295153
Afghanistan,city,00_01,2015,0.775625722528574
Afghanistan,city,00_01,2016,0.7760622591898878
Afghanistan,city,00_01,2017,0.7763393361507183
Afghanistan,city,00_01,2018,0.7783836351445798
Afghanistan,city,00_01,2019,0.777271957223721
Afghanistan,city,00_01,2020,0.7838172460432242
Afghanistan,city,00_01,2025,0.7783998739954632
Afghanistan,city,00_01,2030,0.7577787087845462
Afghanistan,city,00_01,2035,0.7339392359299656
Afghanistan,city,00_01,2040,0.7082178529661514
Afghanistan,city,00_01,2045,0.6818449993984055
Afghanistan,city,00_01,2050,0.655703395873771
Afghanistan,city,00_01,2055,0.630347656069535
Afghanistan,city,00_01,2060,0.6061389626023658
Afghanistan,city,00_01,2065,0.5832932457682656
Afghanistan,city,00_01,2070,0.5618369713536895
Afghanistan,city,00_01,2075,0.5418530877897528
Afghanistan,city,00_01,2080,0.5232671355849922
Afghanistan,city,00_01,2085,0.5060576209510071
Afghanistan,city,00_01,2090,0.49039034842010853
Afghanistan,city,00_01,2095,0.4762328194291564
Afghanistan,city,00_01,2100,0.4634236665329908
Afghanistan,city,02_05,2011,0.505179898463546
Afghanistan,city,02_05,2012,0.4991208669923328
Afghanistan,city,02_05,2013,0.49759378654881453
Afghanistan,city,02_05,2014,0.49834638652431845
Afghanistan,city,02_05,2015,0.499614235735813
Afghanistan,city,02_05,2016,0.4998954279707765
Afghanistan,city,02_05,2017,0.5000739052827124
Afghanistan,city,02_05,2018,0.5013907271076823
Afghanistan,city,02_05,2019,0.5006746470465369
Afghanistan,city,02_05,2020,0.504890752026353
Afghanistan,city,02_05,2025,0.5014011872572591
Afghanistan,city,02_05,2030,0.48811819857136673
Afghanistan,city,02_05,2035,0.47276215806802047
Afghanistan,city,02_05,2040,0.45619389747753863
Afghanistan,city,02_05,2045,0.43920599635885643
Afghanistan,city,02_05,2050,0.42236705344281905
Afghanistan,city,02_05,2055,0.4060343195018778
Afghanistan,city,02_05,2060,0.3904404479560347
Afghanistan,city,02_05,2065,0.375724528893042
Afghanistan,city,02_05,2070,0.3619036100761297
Afghanistan,city,02_05,2075,0.3490311221946285
Afghanistan,city,02_05,2080,0.3370591026541577
Afghanistan,city,02_05,2085,0.3259737063715119
Afghanistan,city,02_05,2090,0.3158817352516382
Afghanistan,city,02_05,2095,0.30676225555766556
Afghanistan,city,02_05,2100,0.29851132350531195
Afghanistan,city,06_10,2011,0.391250172065705
Afghanistan,city,06_10,2012,0.38655759203060536
Afghanistan,city,06_10,2013,0.38537490347133796
Afghanistan,city,06_10,2014,0.3859577747827423
Afghanistan,city,06_10,2015,0.38693969473573187
Afghanistan,city,06_10,2016,0.3871574716319378
Afghanistan,city,06_10,2017,0.3872956981908669
Afghanistan,city,06_10,2018,0.38831554630273013
Afghanistan,city,06_10,2019,0.38776095882213546
Afghanistan,city,06_10,2020,0.3910262348234513
Afghanistan,city,06_10,2025,0.3883236474471625
Afghanistan,city,06_10,2030,0.37803627927454064
Afghanistan,city,06_10,2035,0.3661433803142791
Afghanistan,city,06_10,2040,0.3533116448739521
Afghanistan,city,06_10,2045,0.34015490752962324
Afghanistan,city,06_10,2050,0.32711353487536354
Afghanistan,city,06_10,2055,0.31446420938927083
Afghanistan,city,06_10,2060,0.30238711577561456
Afghanistan,city,06_10,2065,0.29098997609723054
Afghanistan,city,06_10,2070,0.2802859934532868
Afghanistan,city,06_10,2075,0.2703165486795168
Afghanistan,city,06_10,2080,0.261044495853525
Afghanistan,city,06_10,2085,0.25245911227790624
Afghanistan,city,06_10,2090,0.2446431135631085
Afghanistan,city,06_10,2095,0.23758028701306522
Afghanistan,city,06_10,2100,0.23119013056581944
Afghanistan,city,11_20,2011,0.145687548677459
Afghanistan,city,11_20,2012,0.14394019997042343
Afghanistan,city,11_20,2013,0.1434998091173311
Afghanistan,city,11_20,2014,0.1437168495140281
Afghanistan,city,11_20,2015,0.14408248133009416
Afghanistan,city,11_20,2016,0.14416357364501714
Afghanistan,city,11_20,2017,0.14421504426399775
Afghanistan,city,11_20,2018,0.14459479916776236
Afghanistan,city,11_20,2019,0.14438829065647288
Afghanistan,city,11_20,2020,0.1456041624703443
Afghanistan,city,11_20,2025,0.14459781574374903
Afghanistan,city,11_20,2030,0.14076716835131775
Afghanistan,city,11_20,2035,0.13633867880704162
Afghanistan,city,11_20,2040,0.13156060018867627
Afghanistan,city,11_20,2045,0.12666150250350883
Afghanistan,city,11_20,2050,0.12180536249631856
Afghanistan,city,11_20,2055,0.11709520681060383
Afghanistan,city,11_20,2060,0.1125981297756414
Afghanistan,city,11_20,2065,0.10835424322880167
Afghanistan,city,11_20,2070,0.10436846353125219
Afghanistan,city,11_20,2075,0.10065619942387197
Afghanistan,city,11_20,2080,0.09720361909580555
Afghanistan,city,11_20,2085,0.09400672979864873
Afghanistan,city,11_20,2090,0.09109633186268609
Afghanistan,city,11_20,2095,0.08846638826067516
Afghanistan,city,11_20,2100,0.08608692290849544
Afghanistan,city,21_30,2011,0.43292180947654
Afghanistan,city,21_30,2012,0.4277294277603023
Afghanistan,city,21_30,2013,0.4264207723073936
Afghanistan,city,21_30,2014,0.42706572461883374
Afghanistan,city,21_30,2015,0.42815222781591855
Afghanistan,city,21_30,2016,0.4283931998964416
Afghanistan,city,21_30,2017,0.42854614881833814
Afghanistan,city,21_30,2018,0.4296746198619366
Afghanistan,city,21_30,2019,0.42906096386187803
Afghanistan,city,21_30,2020,0.43267402091809976
Afghanistan,city,21_30,2025,0.42968358385059885
Afghanistan,city,21_30,2030,0.41830051909556304
Afghanistan,city,21_30,2035,0.4051409201857038
Afghanistan,city,21_30,2040,0.3909424903263102
Afghanistan,city,21_30,2045,0.3763844429576872
Afghanistan,city,21_30,2050,0.3619540476488978
Afghanistan,city,21_30,2055,0.34795745603288875
Afghanistan,city,21_30,2060,0.33459404409408555
Afghanistan,city,21_30,2065,0.3219830072570352
Afghanistan,city,21_30,2070,0.3101389548688783
Afghanistan,city,21_30,2075,0.29910767519390835
Afghanistan,city,21_30,2080,0.2888480659372603
Afghanistan,city,21_30,2085,0.2793482623384957
Afghanistan,city,21_30,2090,0.2706997899592726
Afghanistan,city,21_30,2095,0.2628847093066047
Afghanistan,city,21_30,2100,0.2558139441300075
Afghanistan,city,31_50,2011,0.0
Afghanistan,city,31_50,2012,0.0
Afghanistan,city,31_50,2013,0.0
Afghanistan,city,31_50,2014,0.0
Afghanistan,city,31_50,2015,0.0
Afghanistan,city,31_50,2016,0.0
Afghanistan,city,31_50,2017,0.0
Afghanistan,city,31_50,2018,0.0
Afghanistan,city,31_50,2019,0.0
Afghanistan,city,31_50,2020,0.0
Afghanistan,city,31_50,2025,0.0
Afghanistan,city,31_50,2030,0.0
Afghanistan,city,31_50,2035,0.0
Afghanistan,city,31_50,2040,0.0
Afghanistan,city,31_50,2045,0.0
Afghanistan,city,31_50,2050,0.0
Afghanistan,city,31_50,2055,0.0
Afghanistan,city,31_50,2060,0.0
Afghanistan,city,31_50,2065,0.0
Afghanistan,city,31_50,2070,0.0
Afghanistan,city,31_50,2075,0.0
Afghanistan,city,31_50,2080,0.0
Afghanistan,city,31_50,2085,0.0
Afghanistan,city,31_50,2090,0.0
Afghanistan,city,31_50,2095,0.0
Afghanistan,city,31_50,2100,0.0
Afghanistan,city,51+,2011,0.0
Afghanistan,city,51+,2012,0.0
Afghanistan,city,51+,2013,0.0
Afghanistan,city,51+,2014,0.0
Afghanistan,city,51+,2015,0.0
Afghanistan,city,51+,2016,0.0
Afghanistan,city,51+,2017,0.0
Afghanistan,city,51+,2018,0.0
Afghanistan,city,51+,2019,0.0
Afghanistan,city,51+,2020,0.0
Afghanistan,city,51+,2025,0.0
Afghanistan,city,51+,2030,0.0
Afghanistan,city,51+,2035,0.0
Afghanistan,city,51+,2040,0.0
Afghanistan,city,51+,2045,0.0
Afghanistan,city,51+,2050,0.0
Afghanistan,city,51+,2055,0.0
Afghanistan,city,51+,2060,0.0
Afghanistan,city,51+,2065,0.0
Afghanistan,city,51+,2070,0.0
Afghanistan,city,51+,2075,0.0
Afghanistan,city,51+,2080,0.0
Afghanistan,city,51+,2085,0.0
Afghanistan,city,51+,2090,0.0
Afghanistan,city,51+,2095,0.0
Afghanistan,city,51+,2100,0.0
Afghanistan,town,No_travel,2011,0.0
Afghanistan,town,No_travel,2012,0.0
Afghanistan,town,No_travel,2013,0.0
Afghanistan,town,No_travel,2014,0.0
Afghanistan,town,No_travel,2015,0.0
Afghanistan,town,No_travel,2016,0.0
Afghanistan,town,No_travel,2017,0.0
Afghanistan,town,No_travel,2018,0.0
Afghanistan,town,No_travel,2019,0.0
Afghanistan,town,No_travel,2020,0.0
Afghanistan,town,No_travel,2025,0.0
Afghanistan,town,No_travel,2030,0.0
Afghanistan,town,No_travel,2035,0.0
Afghanistan,town,No_travel,2040,0.0
Afghanistan,town,No_travel,2045,0.0
Afghanistan,town,No_travel,2050,0.0
Afghanistan,town,No_travel,2055,0.0
Afghanistan,town,No_travel,2060,0.0
Afghanistan,town,No_travel,2065,0.0
Afghanistan,town,No_travel,2070,0.0
Afghanistan,town,No_travel,2075,0.0
Afghanistan,town,No_travel,2080,0.0
Afghanistan,town,No_travel,2085,0.0
Afghanistan,town,No_travel,2090,0.0
Afghanistan,town,No_travel,2095,0.0
Afghanistan,town,No_travel,2100,0.0
Afghanistan,town,00_01,2011,0.809373601454855
Afghanistan,town,00_01,2012,0.7996661286553647
Afghanistan,town,00_01,2013,0.7972195178499055
Afghanistan,town,00_01,2014,0.7984252953451721
Afghanistan,town,00_01,2015,0.8004565790235806
Afghanistan,town,00_01,2016,0.8009070909552821
Afghanistan,town,00_01,2017,0.8011930382488678
Afghanistan,town,00_01,2018,0.8033027833638096
Afghanistan,town,00_01,2019,0.8021555162223772
Afghanistan,town,00_01,2020,0.8089103457039225
Afghanistan,town,00_01,2025,0.8033195420847336
Afghanistan,town,00_01,2030,0.7820382115656797
Afghanistan,town,00_01,2035,0.757435542607392
Afghanistan,town,00_01,2040,0.7308907161312282
Afghanistan,town,00_01,2045,0.703673562892541
Afghanistan,town,00_01,2050,0.6766950629282766
Afghanistan,town,00_01,2055,0.6505275852998343
Afghanistan,town,00_01,2060,0.6255438755123512
Afghanistan,town,00_01,2065,0.6019667766472584
Afghanistan,town,00_01,2070,0.5798236017658323
Afghanistan,town,00_01,2075,0.5591999548075469
Afghanistan,town,00_01,2080,0.5400189925372162
Afghanistan,town,00_01,2085,0.5222585330650016
Afghanistan,town,00_01,2090,0.5060896889840846
Afghanistan,town,00_01,2095,0.4914789213233882
Afghanistan,town,00_01,2100,0.47825969662564494
Afghanistan,town,02_05,2011,0.581333504919286
Afghanistan,town,02_05,2012,0.5743611015986285
Afghanistan,town,02_05,2013,0.5726038206196661
Afghanistan,town,02_05,2014,0.573469871669782
Afghanistan,town,02_05,2015,0.5749288434698654
Afghanistan,town,02_05,2016,0.5752524241744909
Afghanistan,town,02_05,2017,0.5754578061416116
Afghanistan,town,02_05,2018,0.5769731329572512
Afghanistan,town,02_05,2019,0.5761491070349717
Afghanistan,town,02_05,2020,0.5810007709520804
Afghanistan,town,02_05,2025,0.5769851699275147
Afghanistan,town,02_05,2030,0.5616998302058467
Afghanistan,town,02_05,2035,0.5440289353926459
Afghanistan,town,02_05,2040,0.5249630837449958
Afghanistan,town,02_05,2045,0.505414332639535
Afghanistan,town,02_05,2050,0.48603699451842575
Afghanistan,town,02_05,2055,0.46724217410756036
Afghanistan,town,02_05,2060,0.44929759628770427
Afghanistan,town,02_05,2065,0.432363318354206
Afghanistan,town,02_05,2070,0.41645895794422766
Afghanistan,town,02_05,2075,0.4016460001841435
Afghanistan,town,02_05,2080,0.38786925233334535
Afghanistan,town,02_05,2085,0.37511278222436156
Afghanistan,town,02_05,2090,0.3634994916708306
Afghanistan,town,02_05,2095,0.3530052912688328
Afghanistan,town,02_05,2100,0.3435105681742801
Afghanistan,town,06_10,2011,0.467167283694754
Afghanistan,town,06_10,2012,0.4615641682841119
Afghanistan,town,06_10,2013,0.46015199407656415
Afghanistan,town,06_10,2014,0.46084796414056356
Afghanistan,town,06_10,2015,0.4620204131514404
Afghanistan,town,06_10,2016,0.462280446880026
Afghanistan,town,06_10,2017,0.46244549454180317
Afghanistan,town,06_10,2018,0.4636632311876043
Afghanistan,town,06_10,2019,0.4630010330714664
Afghanistan,town,06_10,2020,0.46689989428344864
Afghanistan,town,06_10,2025,0.4636729042559107
Afghanistan,town,06_10,2030,0.4513894033434446
Afghanistan,town,06_10,2035,0.43718883884736426
Afghanistan,town,06_10,2040,0.4218672686123982
Afghanistan,town,06_10,2045,0.4061576339942612
Afghanistan,town,06_10,2050,0.3905857491146338
Afghanistan,town,06_10,2055,0.3754819831617428
Afghanistan,town,06_10,2060,0.3610614833862908
Afghanistan,town,06_10,2065,0.34745287394510127
Afghanistan,town,06_10,2070,0.33467191983053746
Afghanistan,town,06_10,2075,0.32276803130234316
Afghanistan,town,06_10,2080,0.31169685474509573
Afghanistan,town,06_10,2085,0.3014455868585583
Afghanistan,town,06_10,2090,0.2921129931636461
Afghanistan,town,06_10,2095,0.2836797150971592
Afghanistan,town,06_10,2100,0.2760496301975595
Afghanistan,town,11_20,2011,0.112734185376748
Afghanistan,town,11_20,2012,0.11138207303190457
Afghanistan,town,11_20,2013,0.11104129508264653
Afghanistan,town,11_20,2014,0.1112092426700526
Afghanistan,town,11_20,2015,0.11149217148110208
Afghanistan,town,11_20,2016,0.11155492136018336
Afghanistan,town,11_20,2017,0.1115947497350465
Afghanistan,town,11_20,2018,0.11188860710382897
Afghanistan,town,11_20,2019,0.11172880917322389
Afghanistan,town,11_20,2020,0.11266966046562092
Afghanistan,town,11_20,2025,0.11189094135435053
Afghanistan,town,11_20,2030,0.10892675589600792
Afghanistan,town,11_20,2035,0.10549995541953962
Afghanistan,town,11_20,2040,0.10180264013352289
Afghanistan,town,11_20,2045,0.09801167932985666
Afghanistan,town,11_20,2050,0.09425395951951068
Afghanistan,town,11_20,2055,0.09060920353969602
Afghanistan,town,11_20,2060,0.08712932951672532
Afghanistan,town,11_20,2065,0.08384537630979391
Afghanistan,town,11_20,2070,0.08076114823832563
Afghanistan,town,11_20,2075,0.07788856870872303
Afghanistan,town,11_20,2080,0.07521693455559397
Afghanistan,town,11_20,2085,0.07274315615842625
Afghanistan,town,11_20,2090,0.0704910670580783
Afghanistan,town,11_20,2095,0.06845599575479289
Afghanistan,town,11_20,2100,0.06661474651595742
Afghanistan,town,21_30,2011,0.357090543456726
Afghanistan,town,21_30,2012,0.3528076675001462
Afghanistan,town,21_30,2013,0.35172823819756194
Afghanistan,town,21_30,2014,0.35226021964630044
Afghanistan,town,21_30,2015,0.353156409232091
Afghanistan,town,21_30,2016,0.3533551722634474
Afghanistan,town,21_30,2017,0.35348133041128293
Afghanistan,town,21_30,2018,0.35441213668949056
Afghanistan,town,21_30,2019,0.35390596964093884
Afghanistan,town,21_30,2020,0.35688615793246053
Afghanistan,town,21_30,2025,0.35441953053178005
Afghanistan,town,21_30,2030,0.3450303413280906
Afghanistan,town,21_30,2035,0.3341757984902601
Afghanistan,town,21_30,2040,0.3224643879682226
Afghanistan,town,21_30,2045,0.31045635110628655
Afghanistan,town,21_30,2050,0.29855360656832575
Afghanistan,town,21_30,2055,0.28700867998505697
Afghanistan,town,21_30,2060,0.27598602432944735
Afghanistan,town,21_30,2065,0.2655839565677419
Afghanistan,town,21_30,2070,0.25581452705082575
Afghanistan,town,21_30,2075,0.24671550369849995
Afghanistan,town,21_30,2080,0.2382529837586062
Afghanistan,town,21_30,2085,0.23041718072083192
Afghanistan,town,21_30,2090,0.22328358838529813
Afghanistan,town,21_30,2095,0.21683740956886555
Afghanistan,town,21_30,2100,0.21100517075738387
Afghanistan,town,31_50,2011,0.0
Afghanistan,town,31_50,2012,0.0
Afghanistan,town,31_50,2013,0.0
Afghanistan,town,31_50,2014,0.0
Afghanistan,town,31_50,2015,0.0
Afghanistan,town,31_50,2016,0.0
Afghanistan,town,31_50,2017,0.0
Afghanistan,town,31_50,2018,0.0
Afghanistan,town,31_50,2019,0.0
Afghanistan,town,31_50,2020,0.0
Afghanistan,town,31_50,2025,0.0
Afghanistan,town,31_50,2030,0.0
Afghanistan,town,31_50,2035,0.0
Afghanistan,town,31_50,2040,0.0
Afghanistan,town,31_50,2045,0.0
Afghanistan,town,31_50,2050,0.0
Afghanistan,town,31_50,2055,0.0
Afghanistan,town,31_50,2060,0.0
Afghanistan,town,31_50,2065,0.0
Afghanistan,town,31_50,2070,0.0
Afghanistan,town,31_50,2075,0.0
Afghanistan,town,31_50,2080,0.0
Afghanistan,town,31_50,2085,0.0
Afghanistan,town,31_50,2090,0.0
Afghanistan,town,31_50,2095,0.0
Afghanistan,town,31_50,2100,0.0
Afghanistan,town,51+,2011,0.0
Afghanistan,town,51+,2012,0.0
Afghanistan,town,51+,2013,0.0
Afghanistan,town,51+,2014,0.0
Afghanistan,town,51+,2015,0.0
Afghanistan,town,51+,2016,0.0
Afghanistan,town,51+,2017,0.0
Afghanistan,town,51+,2018,0.0
Afghanistan,town,51+,2019,0.0
Afghanistan,town,51+,2020,0.0
Afghanistan,town,51+,2025,0.0
Afghanistan,town,51+,2030,0.0
Afghanistan,town,51+,2035,0.0
Afghanistan,town,51+,2040,0.0
Afghanistan,town,51+,2045,0.0
Afghanistan,town,51+,2050,0.0
Afghanistan,town,51+,2055,0.0
Afghanistan,town,51+,2060,0.0
Afghanistan,town,51+,2065,0.0
Afghanistan,town,51+,2070,0.0
Afghanistan,town,51+,2075,0.0
Afghanistan,town,51+,2080,0.0
Afghanistan,town,51+,2085,0.0
Afghanistan,town,51+,2090,0.0
Afghanistan,town,51+,2095,0.0
Afghanistan,town,51+,2100,0.0
Afghanistan,rural,No_travel,2011,0.0
Afghanistan,rural,No_travel,2012,0.0
Afghanistan,rural,No_travel,2013,0.0
Afghanistan,rural,No_travel,2014,0.0
Afghanistan,rural,No_travel,2015,0.0
Afghanistan,rural,No_travel,2016,0.0
Afghanistan,rural,No_travel,2017,0.0
Afghanistan,rural,No_travel,2018,0.0
Afghanistan,rural,No_travel,2019,0.0
Afghanistan,rural,No_travel,2020,0.0
Afghanistan,rural,No_travel,2025,0.0
Afghanistan,rural,No_travel,2030,0.0
Afghanistan,rural,No_travel,2035,0.0
Afghanistan,rural,No_travel,2040,0.0
Afghanistan,rural,No_travel,2045,0.0
Afghanistan,rural,No_travel,2050,0.0
Afghanistan,rural,No_travel,2055,0.0
Afghanistan,rural,No_travel,2060,0.0
Afghanistan,rural,No_travel,2065,0.0
Afghanistan,rural,No_travel,2070,0.0
Afghanistan,rural,No_travel,2075,0.0
Afghanistan,rural,No_travel,2080,0.0
Afghanistan,rural,No_travel,2085,0.0
Afghanistan,rural,No_travel,2090,0.0
Afghanistan,rural,No_travel,2095,0.0
Afghanistan,rural,No_travel,2100,0.0
Afghanistan,rural,00_01,2011,0.900728094580366
Afghanistan,rural,00_01,2012,0.8899249333923082
Afghanistan,rural,00_01,2013,0.8872021721297468
Afghanistan,rural,00_01,2014,0.8885440464679353
Afghanistan,rural,00_01,2015,0.8908046023767471
Afghanistan,rural,00_01,2016,0.8913059638655549
Afghanistan,rural,00_01,2017,0.8916241862049529
Afghanistan,rural,00_01,2018,0.8939720595405989
Afghanistan,rural,00_01,2019,0.8926952996556466
Afghanistan,rural,00_01,2020,0.9002125508696608
Afghanistan,rural,00_01,2025,0.8939907098285974
Afghanistan,rural,00_01,2030,0.8703073425256528
Afghanistan,rural,00_01,2035,0.8429277552836714
Afghanistan,rural,00_01,2040,0.813386798017628
Afghanistan,rural,00_01,2045,0.7830976280564158
Afghanistan,rural,00_01,2050,0.7530740483105872
Afghanistan,rural,00_01,2055,0.7239530314873621
Afghanistan,rural,00_01,2060,0.6961493951048827
Afghanistan,rural,00_01,2065,0.6699111346793943
Afghanistan,rural,00_01,2070,0.6452686461140944
Afghanistan,rural,00_01,2075,0.6223171955174313
Afghanistan,rural,00_01,2080,0.6009712663112925
Afghanistan,rural,00_01,2085,0.5812061729223751
Afghanistan,rural,00_01,2090,0.5632123415268452
Afghanistan,rural,00_01,2095,0.5469524475894599
Afghanistan,rural,00_01,2100,0.5322411609198364
Afghanistan,rural,02_05,2011,0.722077962195642
Afghanistan,rural,02_05,2012,0.7134174966646117
Afghanistan,rural,02_05,2013,0.7112347670308354
Afghanistan,rural,02_05,2014,0.7123104944267852
Afghanistan,rural,02_05,2015,0.7141226923740742
Afghanistan,rural,02_05,2016,0.7145246139798729
Afghanistan,rural,02_05,2017,0.7147797201986532
Afghanistan,rural,02_05,2018,0.7166619170612776
Afghanistan,rural,02_05,2019,0.7156383893379983
Afghanistan,rural,02_05,2020,0.7216646712654616
Afghanistan,rural,02_05,2025,0.7166768682569085
Afghanistan,rural,02_05,2030,0.6976908527179924
Afghanistan,rural,02_05,2035,0.6757417243623831
Afghanistan,rural,02_05,2040,0.6520599114464546
Afghanistan,rural,02_05,2045,0.6277782861104767
Afghanistan,rural,02_05,2050,0.6037095739085038
Afghanistan,rural,02_05,2055,0.5803644105775256
Afghanistan,rural,02_05,2060,0.5580753388571165
Afghanistan,rural,02_05,2065,0.5370411669093413
Afghanistan,rural,02_05,2070,0.5172862619233356
Afghanistan,rural,02_05,2075,0.49888699495698935
Afghanistan,rural,02_05,2080,0.4817748107639095
Afghanistan,rural,02_05,2085,0.4659299198997857
Afghanistan,rural,02_05,2090,0.45150497947175416
Afghanistan,rural,02_05,2095,0.43847006788137644
Afghanistan,rural,02_05,2100,0.4266766132710519
Afghanistan,rural,06_10,2011,0.560969409411097
Afghanistan,rural,06_10,2012,0.5542412491728388
Afghanistan,rural,06_10,2013,0.5525455256946697
Afghanistan,rural,06_10,2014,0.5533812390020781
Afghanistan,rural,06_10,2015,0.5547891030630939
Afghanistan,rural,06_10,2016,0.555101348745193
Afghanistan,rural,06_10,2017,0.5552995361880713
Afghanistan,rural,06_10,2018,0.5567617811501128
Afghanistan,rural,06_10,2019,0.5559666208315539
Afghanistan,rural,06_10,2020,0.5606483311049355
Afghanistan,rural,06_10,2025,0.5567733964656634
Afghanistan,rural,06_10,2030,0.5420235017430074
Afghanistan,rural,06_10,2035,0.5249716178532199
Afghanistan,rural,06_10,2040,0.5065736424256951
Afghanistan,rural,06_10,2045,0.4877096834941049
Afghanistan,rural,06_10,2050,0.4690111329550868
Afghanistan,rural,06_10,2055,0.45087469454812684
Afghanistan,rural,06_10,2060,0.4335587147593242
Afghanistan,rural,06_10,2065,0.4172176440816986
Afghanistan,rural,06_10,2070,0.4018704129471616
Afghanistan,rural,06_10,2075,0.3875763526599265
Afghanistan,rural,06_10,2080,0.37428220387945865
Afghanistan,rural,06_10,2085,0.36197259254164227
Afghanistan,rural,06_10,2090,0.35076611521321405
Afghanistan,rural,06_10,2095,0.3406395263413619
Afghanistan,rural,06_10,2100,0.3314774031163938
Afghanistan,rural,11_20,2011,0.225558156612901
Afghanistan,rural,11_20,2012,0.22285285504871963
Afghanistan,rural,11_20,2013,0.22217102774148276
Afghanistan,rural,11_20,2014,0.22250705667624018
Afghanistan,rural,11_20,2015,0.22307313963377193
Afghanistan,rural,11_20,2016,0.2231986893683618
Afghanistan,rural,11_20,2017,0.22327837783894414
Afghanistan,rural,11_20,2018,0.22386632661586733
Afghanistan,rural,11_20,2019,0.2235466034854133
Afghanistan,rural,11_20,2020,0.22542905540051547
Afghanistan,rural,11_20,2025,0.22387099697599772
Afghanistan,rural,11_20,2030,0.21794026526752672
Afghanistan,rural,11_20,2035,0.21108393507833617
Afghanistan,rural,11_20,2040,0.20368635982160627
Afghanistan,rural,11_20,2045,0.1961014189466702
Afghanistan,rural,11_20,2050,0.1885829865327856
Afghanistan,rural,11_20,2055,0.1812905717487213
Afghanistan,rural,11_20,2060,0.17432805219670364
Afghanistan,rural,11_20,2065,0.16775753031566956
Afghanistan,rural,11_20,2070,0.16158661777437366
Afghanistan,rural,11_20,2075,0.1558391708818825
Afghanistan,rural,11_20,2080,0.15049377478299736
Afghanistan,rural,11_20,2085,0.14554424777600083
Afghanistan,rural,11_20,2090,0.14103827592456222
Afghanistan,rural,11_20,2095,0.1369665125086042
Afghanistan,rural,11_20,2100,0.13328254758892424
Afghanistan,rural,21_30,2011,0.316687599761256
Afghanistan,rural,21_30,2012,0.31288930901506373
Afghanistan,rural,21_30,2013,0.3119320115418844
Afghanistan,rural,21_30,2014,0.3124038020476974
Afghanistan,rural,21_30,2015,0.31319859242805215
Afghanistan,rural,21_30,2016,0.31337486645287566
Afghanistan,rural,21_30,2017,0.31348675046033664
Afghanistan,rural,21_30,2018,0.3143122408338279
Afghanistan,rural,21_30,2019,0.31386334396265236
Afghanistan,rural,21_30,2020,0.3165063393994469
Afghanistan,rural,21_30,2025,0.31431879810119484
Afghanistan,rural,21_30,2030,0.3059919469786838
Afghanistan,rural,21_30,2035,0.29636553938877
Afghanistan,rural,21_30,2040,0.28597921425078093
Afghanistan,rural,21_30,2045,0.2753298245054262
Afghanistan,rural,21_30,2050,0.2647738138034654
Afghanistan,rural,21_30,2055,0.254535135809691
Afghanistan,rural,21_30,2060,0.2447596364957674
Afghanistan,rural,21_30,2065,0.2355345087729224
Afghanistan,rural,21_30,2070,0.22687043955731215
Afghanistan,rural,21_30,2075,0.21880092352441594
Afghanistan,rural,21_30,2080,0.21129589384271705
Afghanistan,rural,21_30,2085,0.20434667129480766
Afghanistan,rural,21_30,2090,0.19802020794871442
Afghanistan,rural,21_30,2095,0.1923033808458559
Afghanistan,rural,21_30,2100,0.18713102961929254
Afghanistan,rural,31_50,2011,0.0
Afghanistan,rural,31_50,2012,0.0
Afghanistan,rural,31_50,2013,0.0
Afghanistan,rural,31_50,2014,0.0
Afghanistan,rural,31_50,2015,0.0
Afghanistan,rural,31_50,2016,0.0
Afghanistan,rural,31_50,2017,0.0
Afghanistan,rural,31_50,2018,0.0
Afghanistan,rural,31_50,2019,0.0
Afghanistan,rural,31_50,2020,0.0
Afghanistan,rural,31_50,2025,0.0
Afghanistan,rural,31_50,2030,0.0
Afghanistan,rural,31_50,2035,0.0
Afghanistan,rural,31_50,2040,0.0
Afghanistan,rural,31_50,2045,0.0
Afghanistan,rural,31_50,2050,0.0
Afghanistan,rural,31_50,2055,0.0
Afghanistan,rural,31_50,2060,0.0
Afghanistan,rural,31_50,2065,0.0
Afghanistan,rural,31_50,2070,0.0
Afghanistan,rural,31_50,2075,0.0
Afghanistan,rural,31_50,2080,0.0
Afghanistan,rural,31_50,2085,0.0
Afghanistan,rural,31_50,2090,0.0
Afghanistan,rural,31_50,2095,0.0
Afghanistan,rural,31_50,2100,0.0
Afghanistan,rural,51+,2011,0.0
Afghanistan,rural,51+,2012,0.0
Afghanistan,rural,51+,2013,0.0
Afghanistan,rural,51+,2014,0.0
Afghanistan,rural,51+,2015,0.0
Afghanistan,rural,51+,2016,0.0
Afghanistan,rural,51+,2017,0.0
Afghanistan,rural,51+,2018,0.0
Afghanistan,rural,51+,2019,0.0
Afghanistan,rural,51+,2020,0.0
Afghanistan,rural,51+,2025,0.0
Afghanistan,rural,51+,2030,0.0
Afghanistan,rural,51+,2035,0.0
Afghanistan,rural,51+,2040,0.0
Afghanistan,rural,51+,2045,0.0
Afghanistan,rural,51+,2050,0.0
Afghanistan,rural,51+,2055,0.0
Afghanistan,rural,51+,2060,0.0
Afghanistan,rural,51+,2065,0.0
Afghanistan,rural,51+,2070,0.0
Afghanistan,rural,51+,2075,0.0
Afghanistan,rural,51+,2080,0.0
Afghanistan,rural,51+,2085,0.0
Afghanistan,rural,51+,2090,0.0
Afghanistan,rural,51+,2095,0.0
Afghanistan,rural,51+,2100,0.0
Bangladesh,large_city,No_travel,2011,0.0
Bangladesh,large_city,No_travel,2012,0.0
Bangladesh,large_city,No_travel,2013,0.0
Bangladesh,large_city,No_travel,2014,0.0
Bangladesh,large_city,No_travel,2015,0.0
Bangladesh,large_city,No_travel,2016,0.0
Bangladesh,large_city,No_travel,2017,0.0
Bangladesh,large_city,No_travel,2018,0.0
Bangladesh,large_city,No_travel,2019,0.0
Bangladesh,large_city,No_travel,2020,0.0
Bangladesh,large_city,No_travel,2025,0.0
Bangladesh,large_city,No_travel,2030,0.0
Bangladesh,large_city,No_travel,2035,0.0
Bangladesh,large_city,No_travel,2040,0.0
Bangladesh,large_city,No_travel,2045,0.0
Bangladesh,large_city,No_travel,2050,0.0
Bangladesh,large_city,No_travel,2055,0.0
Bangladesh,large_city,No_travel,2060,0.0
Bangladesh,large_city,No_travel,2065,0.0
Bangladesh,large_city,No_travel,2070,0.0
Bangladesh,large_city,No_travel,2075,0.0
Bangladesh,large_city,No_travel,2080,0.0
Bangladesh,large_city,No_travel,2085,0.0
Bangladesh,large_city,No_travel,2090,0.0
Bangladesh,large_city,No_travel,2095,0.0
Bangladesh,large_city,No_travel,2100,0.0
Bangladesh,large_city,00_01,2011,0.798031141556873
Bangladesh,large_city,00_01,2012,0.7911148853215624
Bangladesh,large_city,00_01,2013,0.7849051047012006
Bangladesh,large_city,00_01,2014,0.7786266649661443
Bangladesh,large_city,00_01,2015,0.7716770758385829
Bangladesh,large_city,00_01,2016,0.7641012130760569
Bangladesh,large_city,00_01,2017,0.757242705110925
Bangladesh,large_city,00_01,2018,0.7493907189940812
Bangladesh,large_city,00_01,2019,0.7408305490603967
Bangladesh,large_city,00_01,2020,0.7378662435768801
Bangladesh,large_city,00_01,2025,0.6942424791094028
Bangladesh,large_city,00_01,2030,0.6646165162900876
Bangladesh,large_city,00_01,2035,0.6374869996687984
Bangladesh,large_city,00_01,2040,0.6124928495397853
Bangladesh,large_city,00_01,2045,0.5897237301846648
Bangladesh,large_city,00_01,2050,0.5691097636557862
Bangladesh,large_city,00_01,2055,0.5504683398441466
Bangladesh,large_city,00_01,2060,0.5335185386149285
Bangladesh,large_city,00_01,2065,0.5180238449486836
Bangladesh,large_city,00_01,2070,0.5038106447243791
Bangladesh,large_city,00_01,2075,0.49075655178487365
Bangladesh,large_city,00_01,2080,0.4791113701136471
Bangladesh,large_city,00_01,2085,0.46870391107852954
Bangladesh,large_city,00_01,2090,0.45955996431114304
Bangladesh,large_city,00_01,2095,0.45126022223667644
Bangladesh,large_city,00_01,2100,0.44357454295987403
Bangladesh,large_city,02_05,2011,0.44170968683356
Bangladesh,large_city,02_05,2012,0.43788154377413024
Bangladesh,large_city,02_05,2013,0.4344444344806584
Bangladesh,large_city,02_05,2014,0.43096932241452424
Bangladesh,large_city,02_05,2015,0.4271227296222073
Bangladesh,large_city,02_05,2016,0.42292949480457726
Bangladesh,large_city,02_05,2017,0.4191333153728902
Bangladesh,large_city,02_05,2018,0.41478724646895465
Bangladesh,large_city,02_05,2019,0.41004919831049147
Bangladesh,large_city,02_05,2020,0.4084084572684205
Bangladesh,large_city,02_05,2025,0.38426273370199604
Bangladesh,large_city,02_05,2030,0.3678647837002794
Bangladesh,large_city,02_05,2035,0.35284861494857234
Bangladesh,large_city,02_05,2040,0.339014370078605
Bangladesh,large_city,02_05,2045,0.32641167820845385
Bangladesh,large_city,02_05,2050,0.3150018619422555
Bangladesh,large_city,02_05,2055,0.3046838467105351
Bangladesh,large_city,02_05,2060,0.2953021434122868
Bangladesh,large_city,02_05,2065,0.28672584114725636
Bangladesh,large_city,02_05,2070,0.2788588446191105
Bangladesh,large_city,02_05,2075,0.27163341317422224
Bangladesh,large_city,02_05,2080,0.26518781314527795
Bangladesh,large_city,02_05,2085,0.2594272917423582
Bangladesh,large_city,02_05,2090,0.25436612350879095
Bangladesh,large_city,02_05,2095,0.24977222199091303
Bangladesh,large_city,02_05,2100,0.2455182038083185
Bangladesh,large_city,06_10,2011,0.287162738207747
Bangladesh,large_city,06_10,2012,0.28467399939136
Bangladesh,large_city,06_10,2013,0.28243947806286446
Bangladesh,large_city,06_10,2014,0.28018025050631357
Bangladesh,large_city,06_10,2015,0.2776795172148833
Bangladesh,large_city,06_10,2016,0.27495342623686847
Bangladesh,large_city,06_10,2017,0.2724854675010169
Bangladesh,large_city,06_10,2018,0.26966001656775723
Bangladesh,large_city,06_10,2019,0.2665797334689238
Bangladesh,large_city,06_10,2020,0.2655130607099257
Bangladesh,large_city,06_10,2025,0.24981552836679988
Bangladesh,large_city,06_10,2030,0.23915495115093044
Bangladesh,large_city,06_10,2035,0.2293926926706118
Bangladesh,large_city,06_10,2040,0.22039882236096373
Bangladesh,large_city,06_10,2045,0.2122056049285718
Bangladesh,large_city,06_10,2050,0.2047878955617328
Bangladesh,large_city,06_10,2055,0.19807998401908528
Bangladesh,large_city,06_10,2060,0.19198078427662457
Bangladesh,large_city,06_10,2065,0.18640518900322628
Bangladesh,large_city,06_10,2070,0.1812907250649598
Bangladesh,large_city,06_10,2075,0.17659335314785196
Bangladesh,large_city,06_10,2080,0.17240296247072603
Bangladesh,large_city,06_10,2085,0.1686579526851695
Bangladesh,large_city,06_10,2090,0.1653676039067673
Bangladesh,large_city,06_10,2095,0.16238103291171546
Bangladesh,large_city,06_10,2100,0.1596154256676079
Bangladesh,large_city,11_20,2011,0.0531984546790542
Bangladesh,large_city,11_20,2012,0.05273740231565257
Bangladesh,large_city,11_20,2013,0.052323445120630446
Bangladesh,large_city,11_20,2014,0.05190491096286693
Bangladesh,large_city,11_20,2015,0.05144163655791154
Bangladesh,large_city,11_20,2016,0.05093661341928977
Bangladesh,large_city,11_20,2017,0.050479410678507995
Bangladesh,large_city,11_20,2018,0.04995598056929877
Bangladesh,large_city,11_20,2019,0.04938534141933565
Bangladesh,large_city,11_20,2020,0.04918773450563542
Bangladesh,large_city,11_20,2025,0.04627968150356164
Bangladesh,large_city,11_20,2030,0.04430475175671997
Bangladesh,large_city,11_20,2035,0.042496240427667475
Bangladesh,large_city,11_20,2040,0.040830077174582174
Bangladesh,large_city,11_20,2045,0.03931223920934654
Bangladesh,large_city,11_20,2050,0.03793806831921977
Bangladesh,large_city,11_20,2055,0.036695391325610394
Bangladesh,large_city,11_20,2060,0.03556548149433187
Bangladesh,large_city,11_20,2065,0.03453257223071409
Bangladesh,large_city,11_20,2070,0.03358509004787361
Bangladesh,large_city,11_20,2075,0.03271487642404983
Bangladesh,large_city,11_20,2080,0.031938583824543613
Bangladesh,large_city,11_20,2085,0.031244800450722282
Bangladesh,large_city,11_20,2090,0.030635245494328608
Bangladesh,large_city,11_20,2095,0.030081967019838292
Bangladesh,large_city,11_20,2100,0.029569623278606506
Bangladesh,large_city,21_30,2011,0.126017818840264
Bangladesh,large_city,21_30,2012,0.12492566656709095
Bangladesh,large_city,21_30,2013,0.12394507449680171
Bangladesh,large_city,21_30,2014,0.12295364040365556
Bangladesh,large_city,21_30,2015,0.12185622450334022
Bangladesh,large_city,21_30,2016,0.12065991316728861
Bangladesh,large_city,21_30,2017,0.11957687997565354
Bangladesh,large_city,21_30,2018,0.11833696575115561
Bangladesh,large_city,21_30,2019,0.11698522158006923
Bangladesh,large_city,21_30,2020,0.11651712542196664
Bangladesh,large_city,21_30,2025,0.10962845734684852
Bangladesh,large_city,21_30,2030,0.10495019478149373
Bangladesh,large_city,21_30,2035,0.10066614829160885
Bangladesh,large_city,21_30,2040,0.0967192994545076
Bangladesh,large_city,21_30,2045,0.09312380723794046
Bangladesh,large_city,21_30,2050,0.08986863715203679
Bangladesh,large_city,21_30,2055,0.08692495306943715
Bangladesh,large_city,21_30,2060,0.0842483946377511
Bangladesh,large_city,21_30,2065,0.08180161355649039
Bangladesh,large_city,21_30,2070,0.07955719426288672
Bangladesh,large_city,21_30,2075,0.07749581064825078
Bangladesh,large_city,21_30,2080,0.07565690948539183
Bangladesh,large_city,21_30,2085,0.07401345822268011
Bangladesh,large_city,21_30,2090,0.07256952932415428
Bangladesh,large_city,21_30,2095,0.07125890955169706
Bangladesh,large_city,21_30,2100,0.07004525699062161
Bangladesh,large_city,31_50,2011,0.0
Bangladesh,large_city,31_50,2012,0.0
Bangladesh,large_city,31_50,2013,0.0
Bangladesh,large_city,31_50,2014,0.0
Bangladesh,large_city,31_50,2015,0.0
Bangladesh,large_city,31_50,2016,0.0
Bangladesh,large_city,31_50,2017,0.0
Bangladesh,large_city,31_50,2018,0.0
Bangladesh,large_city,31_50,2019,0.0
Bangladesh,large_city,31_50,2020,0.0
Bangladesh,large_city,31_50,2025,0.0
Bangladesh,large_city,31_50,2030,0.0
Bangladesh,large_city,31_50,2035,0.0
Bangladesh,large_city,31_50,2040,0.0
Bangladesh,large_city,31_50,2045,0.0
Bangladesh,large_city,31_50,2050,0.0
Bangladesh,large_city,31_50,2055,0.0
Bangladesh,large_city,31_50,2060,0.0
Bangladesh,large_city,31_50,2065,0.0
Bangladesh,large_city,31_50,2070,0.0
Bangladesh,large_city,31_50,2075,0.0
Bangladesh,large_city,31_50,2080,0.0
Bangladesh,large_city,31_50,2085,0.0
Bangladesh,large_city,31_50,2090,0.0
Bangladesh,large_city,31_50,2095,0.0
Bangladesh,large_city,31_50,2100,0.0
Bangladesh,large_city,51+,2011,0.0
Bangladesh,large_city,51+,2012,0.0
Bangladesh,large_city,51+,2013,0.0
Bangladesh,large_city,51+,2014,0.0
Bangladesh,large_city,51+,2015,0.0
Bangladesh,large_city,51+,2016,0.0
Bangladesh,large_city,51+,2017,0.0
Bangladesh,large_city,51+,2018,0.0
Bangladesh,large_city,51+,2019,0.0
Bangladesh,large_city,51+,2020,0.0
Bangladesh,large_city,51+,2025,0.0
Bangladesh,large_city,51+,2030,0.0
Bangladesh,large_city,51+,2035,0.0
Bangladesh,large_city,51+,2040,0.0
Bangladesh,large_city,51+,2045,0.0
Bangladesh,large_city,51+,2050,0.0
Bangladesh,large_city,51+,2055,0.0
Bangladesh,large_city,51+,2060,0.0
Bangladesh,large_city,51+,2065,0.0
Bangladesh,large_city,51+,2070,0.0
Bangladesh,large_city,51+,2075,0.0
Bangladesh,large_city,51+,2080,0.0
Bangladesh,large_city,51+,2085,0.0
Bangladesh,large_city,51+,2090,0.0
Bangladesh,large_city,51+,2095,0.0
Bangladesh,large_city,51+,2100,0.0
Bangladesh,city,No_travel,2011,0.0
Bangladesh,city,No_travel,2012,0.0
Bangladesh,city,No_travel,2013,0.0
Bangladesh,city,No_travel,2014,0.0
Bangladesh,city,No_travel,2015,0.0
Bangladesh,city,No_travel,2016,0.0
Bangladesh,city,No_travel,2017,0.0
Bangladesh,city,No_travel,2018,0.0
Bangladesh,city,No_travel,2019,0.0
Bangladesh,city,No_travel,2020,0.0
Bangladesh,city,No_travel,2025,0.0
Bangladesh,city,No_travel,2030,0.0
Bangladesh,city,No_travel,2035,0.0
Bangladesh,city,No_travel,2040,0.0
Bangladesh,city,No_travel,2045,0.0
Bangladesh,city,No_travel,2050,0.0
Bangladesh,city,No_travel,2055,0.0
Bangladesh,city,No_travel,2060,0.0
Bangladesh,city,No_travel,2065,0.0
Bangladesh,city,No_travel,2070,0.0
Bangladesh,city,No_travel,2075,0.0
Bangladesh,city,No_travel,2080,0.0
Bangladesh,city,No_travel,2085,0.0
Bangladesh,city,No_travel,2090,0.0
Bangladesh,city,No_travel,2095,0.0
Bangladesh,city,No_travel,2100,0.0
Bangladesh,city,00_01,2011,0.784266131199457
Bangladesh,city,00_01,2012,0.7774691714849912
Bangladesh,city,00_01,2013,0.7713665015901454
Bangladesh,city,00_01,2014,0.7651963568619894
Bangladesh,city,00_01,2015,0.7583666392047743
Bangladesh,city,00_01,2016,0.7509214503269656
Bangladesh,city,00_01,2017,0.7441812427993232
Bangladesh,city,00_01,2018,0.7364646933397679
Bangladesh,city,00_01,2019,0.7280521753229855
Bangladesh,city,00_01,2020,0.7251390002948589
Bangladesh,city,00_01,2025,0.6822676896333231
Bangladesh,city,00_01,2030,0.6531527365526262
Bangladesh,city,00_01,2035,0.6264911691852411
Bangladesh,city,00_01,2040,0.6019281359857372
Bangladesh,city,00_01,2045,0.579551754642245
Bangladesh,city,00_01,2050,0.559293352511798
Bangladesh,city,00_01,2055,0.5409734692748077
Bangladesh,city,00_01,2060,0.5243160303073193
Bangladesh,city,00_01,2065,0.5090886001696439
Bangladesh,city,00_01,2070,0.4951205593609455
Bangladesh,city,00_01,2075,0.4822916327278181
Bangladesh,city,00_01,2080,0.47084731545645153
Bangladesh,city,00_01,2085,0.4606193716983109
Bangladesh,city,00_01,2090,0.45163314624705647
Bangladesh,city,00_01,2095,0.44347656404401553
Bangladesh,city,00_01,2100,0.43592345284549955
Bangladesh,city,02_05,2011,0.505179898463546
Bangladesh,city,02_05,2012,0.5008016813229396
Bangladesh,city,02_05,2013,0.496870686428235
Bangladesh,city,02_05,2014,0.4928962280610121
Bangladesh,city,02_05,2015,0.48849691010585594
Bangladesh,city,02_05,2016,0.4837011403898017
Bangladesh,city,02_05,2017,0.4793594797991168
Bangladesh,city,02_05,2018,0.4743889149393222
Bangladesh,city,02_05,2019,0.4689700464857768
Bangladesh,city,02_05,2020,0.46709354384672397
Bangladesh,city,02_05,2025,0.43947826950882735
Bangladesh,city,02_05,2030,0.4207240629251738
Bangladesh,city,02_05,2035,0.40355018870095444
Bangladesh,city,02_05,2040,0.387728071534293
Bangladesh,city,02_05,2045,0.3733144718576137
Bangladesh,city,02_05,2050,0.3602651546371432
Bangladesh,city,02_05,2055,0.3484645216818829
Bangladesh,city,02_05,2060,0.33773474132863907
Bangladesh,city,02_05,2065,0.3279260918093151
Bangladesh,city,02_05,2070,0.3189286696884836
Bangladesh,city,02_05,2075,0.31066500051280765
Bangladesh,city,02_05,2080,0.3032932184006675
Bangladesh,city,02_05,2085,0.2967049553306736
Bangladesh,city,02_05,2090,0.29091653698588
Bangladesh,city,02_05,2095,0.28566252791265906
Bangladesh,city,02_05,2100,0.28079724073965
Bangladesh,city,06_10,2011,0.391250172065705
Bangladesh,city,06_10,2012,0.3878593439373231
Bangladesh,city,06_10,2013,0.384814879116731
Bangladesh,city,06_10,2014,0.38173675283978814
Bangladesh,city,06_10,2015,0.3783295826175336
Bangladesh,city,06_10,2016,0.3746153696563678
Bangladesh,city,06_10,2017,0.37125285373219363
Bangladesh,city,06_10,2018,0.3674032659663837
Bangladesh,city,06_10,2019,0.36320647741383194
Bangladesh,city,06_10,2020,0.361753169428609
Bangladesh,city,06_10,2025,0.34036577680035035
Bangladesh,city,06_10,2030,0.32584107663883016
Bangladesh,city,06_10,2035,0.3125403074164272
Bangladesh,city,06_10,2040,0.30028644283723954
Bangladesh,city,06_10,2045,0.2891234425461781
Bangladesh,city,06_10,2050,0.2790170475305073
Bangladesh,city,06_10,2055,0.2698777296592461
Bangladesh,city,06_10,2060,0.2615677624135149
Bangladesh,city,06_10,2065,0.253971189739425
Bangladesh,city,06_10,2070,0.24700289396275305
Bangladesh,city,06_10,2075,0.24060287290746044
Bangladesh,city,06_10,2080,0.23489359779857788
Bangladesh,city,06_10,2085,0.2297911401046179
Bangladesh,city,06_10,2090,0.22530814369031738
Bangladesh,city,06_10,2095,0.22123903492295657
Bangladesh,city,06_10,2100,0.21747098229580672
Bangladesh,city,11_20,2011,0.145687548677459
Bangladesh,city,11_20,2012,0.14442492574900806
Bangladesh,city,11_20,2013,0.14329127610891962
Bangladesh,city,11_20,2014,0.14214509214830998
Bangladesh,city,11_20,2015,0.14087638400950886
Bangladesh,city,11_20,2016,0.13949334415365056
Bangladesh,city,11_20,2017,0.13824126367584416
Bangladesh,city,11_20,2018,0.13680781509214515
Bangladesh,city,11_20,2019,0.13524508137292213
Bangladesh,city,11_20,2020,0.13470392153975802
Bangladesh,city,11_20,2025,0.12674002266614912
Bangladesh,city,11_20,2030,0.12133154463115003
Bangladesh,city,11_20,2035,0.11637881463411105
Bangladesh,city,11_20,2040,0.11181591442389062
Bangladesh,city,11_20,2045,0.10765921299752705
Bangladesh,city,11_20,2050,0.10389595352590719
Bangladesh,city,11_20,2055,0.10049279894013863
Bangladesh,city,11_20,2060,0.09739846481824274
Bangladesh,city,11_20,2065,0.09456977327953979
Bangladesh,city,11_20,2070,0.09197502955124223
Bangladesh,city,11_20,2075,0.08959189097239678
Bangladesh,city,11_20,2080,0.08746596144002933
Bangladesh,city,11_20,2085,0.08556598897550953
Bangladesh,city,11_20,2090,0.08389668170113573
Bangladesh,city,11_20,2095,0.08238149136016076
Bangladesh,city,11_20,2100,0.08097840354133948
Bangladesh,city,21_30,2011,0.43292180947654
Bangladesh,city,21_30,2012,0.4291698278704679
Bangladesh,city,21_30,2013,0.42580110035768604
Bangladesh,city,21_30,2014,0.42239512614283614
Bangladesh,city,21_30,2015,0.4186250618639498
Bangladesh,city,21_30,2016,0.4145152520523926
Bangladesh,city,21_30,2017,0.4107945981531204
Bangladesh,city,21_30,2018,0.40653499491125067
Bangladesh,city,21_30,2019,0.40189121089815116
Bangladesh,city,21_30,2020,0.4002831126336378
Bangladesh,city,21_30,2025,0.37661777168892885
Bangladesh,city,21_30,2030,0.3605460612464002
Bangladesh,city,21_30,2035,0.3458286413184019
Bangladesh,city,21_30,2040,0.3322696307275734
Bangladesh,city,21_30,2045,0.31991767121359294
Bangladesh,city,21_30,2050,0.3087348548729164
Bangladesh,city,21_30,2055,0.2986221180290761
Bangladesh,city,21_30,2060,0.28942706505895616
Bangladesh,city,21_30,2065,0.28102138955337513
Bangladesh,city,21_30,2070,0.273310908045656
Bangladesh,city,21_30,2075,0.2662292275921585
Bangladesh,city,21_30,2080,0.25991186369711666
Bangladesh,city,21_30,2085,0.2542659486909101
Bangladesh,city,21_30,2090,0.2493054731227872
Bangladesh,city,21_30,2095,0.2448029679322544
Bangladesh,city,21_30,2100,0.24063358404946697
Bangladesh,city,31_50,2011,0.0
Bangladesh,city,31_50,2012,0.0
Bangladesh,city,31_50,2013,0.0
Bangladesh,city,31_50,2014,0.0
Bangladesh,city,31_50,2015,0.0
Bangladesh,city,31_50,2016,0.0
Bangladesh,city,31_50,2017,0.0
Bangladesh,city,31_50,2018,0.0
Bangladesh,city,31_50,2019,0.0
Bangladesh,city,31_50,2020,0.0
Bangladesh,city,31_50,2025,0.0
Bangladesh,city,31_50,2030,0.0
Bangladesh,city,31_50,2035,0.0
Bangladesh,city,31_50,2040,0.0
Bangladesh,city,31_50,2045,0.0
Bangladesh,city,31_50,2050,0.0
Bangladesh,city,31_50,2055,0.0
Bangladesh,city,31_50,2060,0.0
Bangladesh,city,31_50,2065,0.0
Bangladesh,city,31_50,2070,0.0
Bangladesh,city,31_50,2075,0.0
Bangladesh,city,31_50,2080,0.0
Bangladesh,city,31_50,2085,0.0
Bangladesh,city,31_50,2090,0.0
Bangladesh,city,31_50,2095,0.0
Bangladesh,city,31_50,2100,0.0
Bangladesh,city,51+,2011,0.0
Bangladesh,city,51+,2012,0.0
Bangladesh,city,51+,2013,0.0
Bangladesh,city,51+,2014,0.0
Bangladesh,city,51+,2015,0.0
Bangladesh,city,51+,2016,0.0
Bangladesh,city,51+,2017,0.0
Bangladesh,city,51+,2018,0.0
Bangladesh,city,51+,2019,0.0
Bangladesh,city,51+,2020,0.0
Bangladesh,city,51+,2025,0.0
Bangladesh,city,51+,2030,0.0
Bangladesh,city,51+,2035,0.0
Bangladesh,city,51+,2040,0.0
Bangladesh,city,51+,2045,0.0
Bangladesh,city,51+,2050,0.0
Bangladesh,city,51+,2055,0.0
Bangladesh,city,51+,2060,0.0
Bangladesh,city,51+,2065,0.0
Bangladesh,city,51+,2070,0.0
Bangladesh,city,51+,2075,0.0
Bangladesh,city,51+,2080,0.0
Bangladesh,city,51+,2085,0.0
Bangladesh,city,51+,2090,0.0
Bangladesh,city,51+,2095,0.0
Bangladesh,city,51+,2100,0.0
Bangladesh,town,No_travel,2011,0.0
Bangladesh,town,No_travel,2012,0.0
Bangladesh,town,No_travel,2013,0.0
Bangladesh,town,No_travel,2014,0.0
Bangladesh,town,No_travel,2015,0.0
Bangladesh,town,No_travel,2016,0.0
Bangladesh,town,No_travel,2017,0.0
Bangladesh,town,No_travel,2018,0.0
Bangladesh,town,No_travel,2019,0.0
Bangladesh,town,No_travel,2020,0.0
Bangladesh,town,No_travel,2025,0.0
Bangladesh,town,No_travel,2030,0.0
Bangladesh,town,No_travel,2035,0.0
Bangladesh,town,No_travel,2040,0.0
Bangladesh,town,No_travel,2045,0.0
Bangladesh,town,No_travel,2050,0.0
Bangladesh,town,No_travel,2055,0.0
Bangladesh,town,No_travel,2060,0.0
Bangladesh,town,No_travel,2065,0.0
Bangladesh,town,No_travel,2070,0.0
Bangladesh,town,No_travel,2075,0.0
Bangladesh,town,No_travel,2080,0.0
Bangladesh,town,No_travel,2085,0.0
Bangladesh,town,No_travel,2090,0.0
Bangladesh,town,No_travel,2095,0.0
Bangladesh,town,No_travel,2100,0.0
Bangladesh,town,00_01,2011,0.809373601454855
Bangladesh,town,00_01,2012,0.802359044094553
Bangladesh,town,00_01,2013,0.7960610035254324
Bangladesh,town,00_01,2014,0.7896933279858964
Bangladesh,town,00_01,2015,0.7826449639711381
Bangladesh,town,00_01,2016,0.7749614250602742
Bangladesh,town,00_01,2017,0.768005436749447
Bangladesh,town,00_01,2018,0.7600418499280542
Bangladesh,town,00_01,2019,0.751360013834822
Bangladesh,town,00_01,2020,0.7483535765166924
Bangladesh,town,00_01,2025,0.7041097851188047
Bangladesh,town,00_01,2030,0.6740627468831071
Bangladesh,town,00_01,2035,0.6465476369706485
Bangladesh,town,00_01,2040,0.6211982436302372
Bangladesh,town,00_01,2045,0.5981055055467874
Bangladesh,town,00_01,2050,0.5771985515935885
Bangladesh,town,00_01,2055,0.558292176214254
Bangladesh,town,00_01,2060,0.541101466540854
Bangladesh,town,00_01,2065,0.5253865459531407
Bangladesh,town,00_01,2070,0.5109713327431629
Bangladesh,town,00_01,2075,0.49773170127268995
Bangladesh,town,00_01,2080,0.48592100600276733
Bangladesh,town,00_01,2085,0.4753656251879114
Bangladesh,town,00_01,2090,0.4660917150091773
Bangladesh,town,00_01,2095,0.4576740082504509
Bangladesh,town,00_01,2100,0.44987909199723697
Bangladesh,town,02_05,2011,0.581333504919286
Bangladesh,town,02_05,2012,0.5762952911594206
Bangladesh,town,02_05,2013,0.5717717163954431
Bangladesh,town,02_05,2014,0.5671981262351841
Bangladesh,town,02_05,2015,0.5621356308075087
Bangladesh,town,02_05,2016,0.5566169202921085
Bangladesh,town,02_05,2017,0.5516207738182897
Bangladesh,town,02_05,2018,0.5459009185743234
Bangladesh,town,02_05,2019,0.5396651799782767
Bangladesh,town,02_05,2020,0.5375058029732362
Bangladesh,town,02_05,2025,0.5057276497470633
Bangladesh,town,02_05,2030,0.484146330540946
Bangladesh,town,02_05,2035,0.4643835717174596
Bangladesh,town,02_05,2040,0.4461763412720015
Bangladesh,town,02_05,2045,0.4295899560178937
Bangladesh,town,02_05,2050,0.4145735126881971
Bangladesh,town,02_05,2055,0.4009939871825073
Bangladesh,town,02_05,2060,0.3886467405111011
Bangladesh,town,02_05,2065,0.3773594810201043
Bangladesh,town,02_05,2070,0.36700573782357304
Bangladesh,town,02_05,2075,0.35749635754142034
Bangladesh,town,02_05,2080,0.34901331230192134
Bangladesh,town,02_05,2085,0.3414318980899578
Bangladesh,town,02_05,2090,0.3347709016121639
Bangladesh,town,02_05,2095,0.32872487420944524
Bangladesh,town,02_05,2100,0.3231261667918968
Bangladesh,town,06_10,2011,0.467167283694754
Bangladesh,town,06_10,2012,0.4631185085648969
Bangladesh,town,06_10,2013,0.45948330413027394
Bangladesh,town,06_10,2014,0.45580790666251936
Bangladesh,town,06_10,2015,0.45173961846366073
Bangladesh,town,06_10,2016,0.44730470979392023
Bangladesh,town,06_10,2017,0.44328974049081915
Bangladesh,town,06_10,2018,0.438693189260176
Bangladesh,town,06_10,2019,0.43368206735322484
Bangladesh,town,06_10,2020,0.4319467634676218
Bangladesh,town,06_10,2025,0.4064094197606422
Bangladesh,town,06_10,2030,0.38906638656755105
Bangladesh,town,06_10,2035,0.37318477252026755
Bangladesh,town,06_10,2040,0.35855320162536436
Bangladesh,town,06_10,2045,0.3452241633368313
Bangladesh,town,06_10,2050,0.3331567511169481
Bangladesh,town,06_10,2055,0.3222440650414439
Bangladesh,town,06_10,2060,0.31232165451499266
Bangladesh,town,06_10,2065,0.3032510636886494
Bangladesh,town,06_10,2070,0.2949306588878491
Bangladesh,town,06_10,2075,0.2872887952786794
Bangladesh,town,06_10,2080,0.28047170806718846
Bangladesh,town,06_10,2085,0.274379183459546
Bangladesh,town,06_10,2090,0.2690263187013667
Bangladesh,town,06_10,2095,0.26416765121536945
Bangladesh,town,06_10,2100,0.25966845597834126
Bangladesh,town,11_20,2011,0.112734185376748
Bangladesh,town,11_20,2012,0.11175715769957804
Bangladesh,town,11_20,2013,0.110879930580046
Bangladesh,town,11_20,2014,0.10999300430347521
Bangladesh,town,11_20,2015,0.10901126784207558
Bangladesh,town,11_20,2016,0.10794106058751503
Bangladesh,town,11_20,2017,0.10697219074261063
Bangladesh,town,11_20,2018,0.10586297681300756
Bangladesh,town,11_20,2019,0.10465372101594958
Bangladesh,town,11_20,2020,0.10423496722741933
Bangladesh,town,11_20,2025,0.09807243885701776
Bangladesh,town,11_20,2030,0.09388731548210581
Bangladesh,town,11_20,2035,0.0900548535684024
Bangladesh,town,11_20,2040,0.08652404504822184
Bangladesh,town,11_20,2045,0.08330755638182996
Bangladesh,town,11_20,2050,0.08039551623326759
Bangladesh,town,11_20,2055,0.07776212811313976
Bangladesh,town,11_20,2060,0.07536770772730633
Bangladesh,town,11_20,2065,0.07317884368784215
Bangladesh,town,11_20,2070,0.07117101032715696
Bangladesh,town,11_20,2075,0.06932691871627511
Bangladesh,town,11_20,2080,0.06768185751389044
Bangladesh,town,11_20,2085,0.0662116436900578
Bangladesh,town,11_20,2090,0.06491992042730566
Bangladesh,town,11_20,2095,0.06374745407495663
Bangladesh,town,11_20,2100,0.06266173354699961
Bangladesh,town,21_30,2011,0.357090543456726
Bangladesh,town,21_30,2012,0.3539957648583183
Bangladesh,town,21_30,2013,0.3512171089625772
Bangladesh,town,21_30,2014,0.3484077305557675
Bangladesh,town,21_30,2015,0.34529803667399683
Bangladesh,town,21_30,2016,0.3419081076221728
Bangladesh,town,21_30,2017,0.33883916932009933
Bangladesh,town,21_30,2018,0.3353256848911479
Bangladesh,town,21_30,2019,0.33149531339995786
Bangladesh,town,21_30,2020,0.3301688921602859
Bangladesh,town,21_30,2025,0.31064880960946034
Bangladesh,town,21_30,2030,0.2973922452817334
Bangladesh,town,21_30,2035,0.28525275180894144
Bangladesh,town,21_30,2040,0.2740687588692722
Bangladesh,town,21_30,2045,0.2638803880386689
Bangladesh,town,21_30,2050,0.2546563714216791
Bangladesh,town,21_30,2055,0.2463149974914348
Bangladesh,town,21_30,2060,0.23873056448219537
Bangladesh,town,21_30,2065,0.2317972403375002
Bangladesh,town,21_30,2070,0.2254373389150387
Bangladesh,town,21_30,2075,0.21959609676375055
Bangladesh,town,21_30,2080,0.21438529227870498
Bangladesh,town,21_30,2085,0.20972832463756327
Bangladesh,town,21_30,2090,0.20563673378293154
Bangladesh,town,21_30,2095,0.2019228944932267
Bangladesh,town,21_30,2100,0.19848382645832108
Bangladesh,town,31_50,2011,0.0
Bangladesh,town,31_50,2012,0.0
Bangladesh,town,31_50,2013,0.0
Bangladesh,town,31_50,2014,0.0
Bangladesh,town,31_50,2015,0.0
Bangladesh,town,31_50,2016,0.0
Bangladesh,town,31_50,2017,0.0
Bangladesh,town,31_50,2018,0.0
Bangladesh,town,31_50,2019,0.0
Bangladesh,town,31_50,2020,0.0
Bangladesh,town,31_50,2025,0.0
Bangladesh,town,31_50,2030,0.0
Bangladesh,town,31_50,2035,0.0
Bangladesh,town,31_50,2040,0.0
Bangladesh,town,31_50,2045,0.0
Bangladesh,town,31_50,2050,0.0
Bangladesh,town,31_50,2055,0.0
Bangladesh,town,31_50,2060,0.0
Bangladesh,town,31_50,2065,0.0
Bangladesh,town,31_50,2070,0.0
Bangladesh,town,31_50,2075,0.0
Bangladesh,town,31_50,2080,0.0
Bangladesh,town,31_50,2085,0.0
Bangladesh,town,31_50,2090,0.0
Bangladesh,town,31_50,2095,0.0
Bangladesh,town,31_50,2100,0.0
Bangladesh,town,51+,2011,0.0
Bangladesh,town,51+,2012,0.0
Bangladesh,town,51+,2013,0.0
Bangladesh,town,51+,2014,0.0
Bangladesh,town,51+,2015,0.0
Bangladesh,town,51+,2016,0.0
Bangladesh,town,51+,2017,0.0
Bangladesh,town,51+,2018,0.0
Bangladesh,town,51+,2019,0.0
Bangladesh,town,51+,2020,0.0
Bangladesh,town,51+,2025,0.0
Bangladesh,town,51+,2030,0.0
Bangladesh,town,51+,2035,0.0
Bangladesh,town,51+,2040,0.0
Bangladesh,town,51+,2045,0.0
Bangladesh,town,51+,2050,0.0
Bangladesh,town,51+,2055,0.0
Bangladesh,town,51+,2060,0.0
Bangladesh,town,51+,2065,0.0
Bangladesh,town,51+,2070,0.0
Bangladesh,town,51+,2075,0.0
Bangladesh,town,51+,2080,0.0
Bangladesh,town,51+,2085,0.0
Bangladesh,town,51+,2090,0.0
Bangladesh,town,51+,2095,0.0
Bangladesh,town,51+,2100,0.0
Bangladesh,rural,No_travel,2011,0.0
Bangladesh,rural,No_travel,2012,0.0
Bangladesh,rural,No_travel,2013,0.0
Bangladesh,rural,No_travel,2014,0.0
Bangladesh,rural,No_travel,2015,0.0
Bangladesh,rural,No_travel,2016,0.0
Bangladesh,rural,No_travel,2017,0.0
Bangladesh,rural,No_travel,2018,0.0
Bangladesh,rural,No_travel,2019,0.0
Bangladesh,rural,No_travel,2020,0.0
Bangladesh,rural,No_travel,2025,0.0
Bangladesh,rural,No_travel,2030,0.0
Bangladesh,rural,No_travel,2035,0.0
Bangladesh,rural,No_travel,2040,0.0
Bangladesh,rural,No_travel,2045,0.0
Bangladesh,rural,No_travel,2050,0.0
Bangladesh,rural,No_travel,2055,0.0
Bangladesh,rural,No_travel,2060,0.0
Bangladesh,rural,No_travel,2065,0.0
Bangladesh,rural,No_travel,2070,0.0
Bangladesh,rural,No_travel,2075,0.0
Bangladesh,rural,No_travel,2080,0.0
Bangladesh,rural,No_travel,2085,0.0
Bangladesh,rural,No_travel,2090,0.0
Bangladesh,rural,No_travel,2095,0.0
Bangladesh,rural,No_travel,2100,0.0
Bangladesh,rural,00_01,2011,0.900728094580366
Bangladesh,rural,00_01,2012,0.8929217998431612
Bangladesh,rural,00_01,2013,0.8859128955853292
Bangladesh,rural,00_01,2014,0.8788264966154063
Bangladesh,rural,00_01,2015,0.8709825794459926
Bangladesh,rural,00_01,2016,0.8624317948016993
Bangladesh,rural,00_01,2017,0.8546906798383839
Bangladesh,rural,00_01,2018,0.8458282381047211
Bangladesh,rural,00_01,2019,0.8361664778648767
Bangladesh,rural,00_01,2020,0.8328207021289662
Bangladesh,rural,00_01,2025,0.7835830869519985
Bangladesh,rural,00_01,2030,0.7501446211443972
Bangladesh,rural,00_01,2035,0.7195238639575191
Bangladesh,rural,00_01,2040,0.6913132690959687
Bangladesh,rural,00_01,2045,0.6656140395496126
Bangladesh,rural,00_01,2050,0.6423473049243487
Bangladesh,rural,00_01,2055,0.6213069553994339
Bangladesh,rural,00_01,2060,0.6021759198173827
Bangladesh,rural,00_01,2065,0.5846872465371951
Bangladesh,rural,00_01,2070,0.5686449794009136
Bangladesh,rural,00_01,2075,0.5539109826336487
Bangladesh,rural,00_01,2080,0.540767206969327
Bangladesh,rural,00_01,2085,0.5290204338699258
Bangladesh,rural,00_01,2090,0.518699771780644
Bangladesh,rural,00_01,2095,0.5093319533147401
Bangladesh,rural,00_01,2100,0.5006572200993864
Bangladesh,rural,02_05,2011,0.722077962195642
Bangladesh,rural,02_05,2012,0.7158199655482015
Bangladesh,rural,02_05,2013,0.7102012051984674
Bangladesh,rural,02_05,2014,0.7045203204139299
Bangladesh,rural,02_05,2015,0.6982321633558773
Bangladesh,rural,02_05,2016,0.6913773386998288
Bangladesh,rural,02_05,2017,0.6851715940900338
Bangladesh,rural,02_05,2018,0.6780669263155683
Bangladesh,rural,02_05,2019,0.6703214766208301
Bangladesh,rural,02_05,2020,0.667639301012135
Bangladesh,rural,02_05,2025,0.6281674592384843
Bangladesh,rural,02_05,2030,0.6013611684226635
Bangladesh,rural,02_05,2035,0.5768137227690565
Bangladesh,rural,02_05,2040,0.5541984085887596
Bangladesh,rural,02_05,2045,0.5335963563018526
Bangladesh,rural,02_05,2050,0.5149443386438662
Bangladesh,rural,02_05,2055,0.4980771255523145
Bangladesh,rural,02_05,2060,0.48274053366526376
Bangladesh,rural,02_05,2065,0.4687205584478298
Bangladesh,rural,02_05,2070,0.45586010962596757
Bangladesh,rural,02_05,2075,0.4440484492317613
Bangladesh,rural,02_05,2080,0.43351160597755845
Bangladesh,rural,02_05,2085,0.42409468423055574
Bangladesh,rural,02_05,2090,0.41582101907591174
Bangladesh,rural,02_05,2095,0.4083112108343581
Bangladesh,rural,02_05,2100,0.40135702152859243
Bangladesh,rural,06_10,2011,0.560969409411097
Bangladesh,rural,06_10,2012,0.5561076841304406
Bangladesh,rural,06_10,2013,0.5517425700568459
Bangladesh,rural,06_10,2014,0.5473291926248242
Bangladesh,rural,06_10,2015,0.5424440362624642
Bangladesh,rural,06_10,2016,0.5371186460134286
Bangladesh,rural,06_10,2017,0.5322975144030312
Bangladesh,rural,06_10,2018,0.5267780255193306
Bangladesh,rural,06_10,2019,0.5207607246621367
Bangladesh,rural,06_10,2020,0.5186769905698076
Bangladesh,rural,06_10,2025,0.48801202511260994
Bangladesh,rural,06_10,2030,0.4671866988808992
Bangladesh,rural,06_10,2035,0.4481162289153252
Bangladesh,rural,06_10,2040,0.43054679721463823
Bangladesh,rural,06_10,2045,0.41454143254611864
Bangladesh,rural,06_10,2050,0.40005101478276495
Bangladesh,rural,06_10,2055,0.386947179654481
Bangladesh,rural,06_10,2060,0.37503245666931
Bangladesh,rural,06_10,2065,0.3641405895449243
Bangladesh,rural,06_10,2070,0.3541495376667796
Bangladesh,rural,06_10,2075,0.3449732706950601
Bangladesh,rural,06_10,2080,0.33678738627976207
Bangladesh,rural,06_10,2085,0.32947154878373375
Bangladesh,rural,06_10,2090,0.32304388681583074
Bangladesh,rural,06_10,2095,0.3172096515744656
Bangladesh,rural,06_10,2100,0.31180706671240144
Bangladesh,rural,11_20,2011,0.225558156612901
Bangladesh,rural,11_20,2012,0.2236033231159829
Bangladesh,rural,11_20,2013,0.22184817021935938
Bangladesh,rural,11_20,2014,0.2200736112838751
Bangladesh,rural,11_20,2015,0.21810935646824003
Bangladesh,rural,11_20,2016,0.21596808960472644
Bangladesh,rural,11_20,2017,0.21402957826955216
Bangladesh,rural,11_20,2018,0.21181026698953093
Bangladesh,rural,11_20,2019,0.20939079229739269
Bangladesh,rural,11_20,2020,0.2085529512086413
Bangladesh,rural,11_20,2025,0.19622298639222654
Bangladesh,rural,11_20,2030,0.18784940644850343
Bangladesh,rural,11_20,2035,0.18018143030040604
Bangladesh,rural,11_20,2040,0.17311700118776782
Bangladesh,rural,11_20,2045,0.16668146211917861
Bangladesh,rural,11_20,2050,0.16085506256080684
Bangladesh,rural,11_20,2055,0.15558618898854207
Bangladesh,rural,11_20,2060,0.15079544120799943
Bangladesh,rural,11_20,2065,0.1464159698332088
Bangladesh,rural,11_20,2070,0.1423987039958007
Bangladesh,rural,11_20,2075,0.13870905206825312
Bangladesh,rural,11_20,2080,0.13541761947320444
Bangladesh,rural,11_20,2085,0.13247602089046528
Bangladesh,rural,11_20,2090,0.12989154558666388
Bangladesh,rural,11_20,2095,0.12754567908447825
Bangladesh,rural,11_20,2100,0.12537337331880158
Bangladesh,rural,21_30,2011,0.316687599761256
Bangladesh,rural,21_30,2012,0.3139429793167188
Bangladesh,rural,21_30,2013,0.3114787139299448
Bangladesh,rural,21_30,2014,0.30898720212495223
Bangladesh,rural,21_30,2015,0.3062293539840379
Bangladesh,rural,21_30,2016,0.3032229778297133
Bangladesh,rural,21_30,2017,0.3005012739859463
Bangladesh,rural,21_30,2018,0.297385322104857
Bangladesh,rural,21_30,2019,0.29398833728975526
Bangladesh,rural,21_30,2020,0.29281199373666716
Bangladesh,rural,21_30,2025,0.27550050732674586
Bangladesh,rural,21_30,2030,0.26374385452550114
Bangladesh,rural,21_30,2035,0.2529778818032864
Bangladesh,rural,21_30,2040,0.24305929968255907
Bangladesh,rural,21_30,2045,0.2340236901909503
Bangladesh,rural,21_30,2050,0.22584332323327289
Bangladesh,rural,21_30,2055,0.2184457325182998
Bangladesh,rural,21_30,2060,0.21171943878339683
Bangladesh,rural,21_30,2065,0.20557058432061726
Bangladesh,rural,21_30,2070,0.19993027277189765
Bangladesh,rural,21_30,2075,0.1947499368867501
Bangladesh,rural,21_30,2080,0.19012870791434455
Bangladesh,rural,21_30,2085,0.18599865201826132
Bangladesh,rural,21_30,2090,0.1823700034564283
Bangladesh,rural,21_30,2095,0.17907636582836212
Bangladesh,rural,21_30,2100,0.17602641051213597
Bangladesh,rural,31_50,2011,0.0
Bangladesh,rural,31_50,2012,0.0
Bangladesh,rural,31_50,2013,0.0
Bangladesh,rural,31_50,2014,0.0
Bangladesh,rural,31_50,2015,0.0
Bangladesh,rural,31_50,2016,0.0
Bangladesh,rural,31_50,2017,0.0
Bangladesh,rural,31_50,2018,0.0
Bangladesh,rural,31_50,2019,0.0
Bangladesh,rural,31_50,2020,0.0
Bangladesh,rural,31_50,2025,0.0
Bangladesh,rural,31_50,2030,0.0
Bangladesh,rural,31_50,2035,0.0
Bangladesh,rural,31_50,2040,0.0
Bangladesh,rural,31_50,2045,0.0
Bangladesh,rural,31_50,2050,0.0
Bangladesh,rural,31_50,2055,0.0
Bangladesh,rural,31_50,2060,0.0
Bangladesh,rural,31_50,2065,0.0
Bangladesh,rural,31_50,2070,0.0
Bangladesh,rural,31_50,2075,0.0
Bangladesh,rural,31_50,2080,0.0
Bangladesh,rural,31_50,2085,0.0
Bangladesh,rural,31_50,2090,0.0
Bangladesh,rural,31_50,2095,0.0
Bangladesh,rural,31_50,2100,0.0
Bangladesh,rural,51+,2011,0.0
Bangladesh,rural,51+,2012,0.0
Bangladesh,rural,51+,2013,0.0
Bangladesh,rural,51+,2014,0.0
Bangladesh,rural,51+,2015,0.0
Bangladesh,rural,51+,2016,0.0
Bangladesh,rural,51+,2017,0.0
Bangladesh,rural,51+,2018,0.0
Bangladesh,rural,51+,2019,0.0
Bangladesh,rural,51+,2020,0.0
Bangladesh,rural,51+,2025,0.0
Bangladesh,rural,51+,2030,0.0
Bangladesh,rural,51+,2035,0.0
Bangladesh,rural,51+,2040,0.0
Bangladesh,rural,51+,2045,0.0
Bangladesh,rural,51+,2050,0.0
Bangladesh,rural,51+,2055,0.0
Bangladesh,rural,51+,2060,0.0
Bangladesh,rural,51+,2065,0.0
Bangladesh,rural,51+,2070,0.0
Bangladesh,rural,51+,2075,0.0
Bangladesh,rural,51+,2080,0.0
Bangladesh,rural,51+,2085,0.0
Bangladesh,rural,51+,2090,0.0
Bangladesh,rural,51+,2095,0.0
Bangladesh,rural,51+,2100,0.0
Bhutan,large_city,No_travel,2011,0.0
Bhutan,large_city,No_travel,2012,0.0
Bhutan,large_city,No_travel,2013,0.0
Bhutan,large_city,No_travel,2014,0.0
Bhutan,large_city,No_travel,2015,0.0
Bhutan,large_city,No_travel,2016,0.0
Bhutan,large_city,No_travel,2017,0.0
Bhutan,large_city,No_travel,2018,0.0
Bhutan,large_city,No_travel,2019,0.0
Bhutan,large_city,No_travel,2020,0.0
Bhutan,large_city,No_travel,2025,0.0
Bhutan,large_city,No_travel,2030,0.0
Bhutan,large_city,No_travel,2035,0.0
Bhutan,large_city,No_travel,2040,0.0
Bhutan,large_city,No_travel,2045,0.0
Bhutan,large_city,No_travel,2050,0.0
Bhutan,large_city,No_travel,2055,0.0
Bhutan,large_city,No_travel,2060,0.0
Bhutan,large_city,No_travel,2065,0.0
Bhutan,large_city,No_travel,2070,0.0
Bhutan,large_city,No_travel,2075,0.0
Bhutan,large_city,No_travel,2080,0.0
Bhutan,large_city,No_travel,2085,0.0
Bhutan,large_city,No_travel,2090,0.0
Bhutan,large_city,No_travel,2095,0.0
Bhutan,large_city,No_travel,2100,0.0
Bhutan,large_city,00_01,2011,0.798031141556873
Bhutan,large_city,00_01,2012,0.7943900505207189
Bhutan,large_city,00_01,2013,0.7936623567950979
Bhutan,large_city,00_01,2014,0.7893552508153199
Bhutan,large_city,00_01,2015,0.7828550001300548
Bhutan,large_city,00_01,2016,0.7763254273166232
Bhutan,large_city,00_01,2017,0.7730785769471096
Bhutan,large_city,00_01,2018,0.7700490964090771
Bhutan,large_city,00_01,2019,0.7657367879958042
Bhutan,large_city,00_01,2020,0.7763522810626151
Bhutan,large_city,00_01,2025,0.7612229561368846
Bhutan,large_city,00_01,2030,0.7397863050754953
Bhutan,large_city,00_01,2035,0.7207045356232699
Bhutan,large_city,00_01,2040,0.7027584311643262
Bhutan,large_city,00_01,2045,0.685809292587952
Bhutan,large_city,00_01,2050,0.6698711908413665
Bhutan,large_city,00_01,2055,0.6550201852566373
Bhutan,large_city,00_01,2060,0.6412660479980977
Bhutan,large_city,00_01,2065,0.6285727489224552
Bhutan,large_city,00_01,2070,0.6169009281468258
Bhutan,large_city,00_01,2075,0.6062462146067814
Bhutan,large_city,00_01,2080,0.5967498782317999
Bhutan,large_city,00_01,2085,0.5880407631988225
Bhutan,large_city,00_01,2090,0.5804316273811106
Bhutan,large_city,00_01,2095,0.5737393762945867
Bhutan,large_city,00_01,2100,0.5677759448785263
Bhutan,large_city,02_05,2011,0.44170968683356
Bhutan,large_city,02_05,2012,0.4396943454545575
Bhutan,large_city,02_05,2013,0.4392915674789666
Bhutan,large_city,02_05,2014,0.4369075872876984
Bhutan,large_city,02_05,2015,0.4333097030135001
Bhutan,large_city,02_05,2016,0.42969558896157084
Bhutan,large_city,02_05,2017,0.4278984595198358
Bhutan,large_city,02_05,2018,0.4262216441300102
Bhutan,large_city,02_05,2019,0.4238347843953882
Bhutan,large_city,02_05,2020,0.4297104524914693
Bhutan,large_city,02_05,2025,0.42133638157249453
Bhutan,large_city,02_05,2030,0.4094712099845612
Bhutan,large_city,02_05,2035,0.3989094637442712
Bhutan,large_city,02_05,2040,0.3889763072950408
Bhutan,large_city,02_05,2045,0.3795949707746848
Bhutan,large_city,02_05,2050,0.37077324244279114
Bhutan,large_city,02_05,2055,0.36255322108723775
Bhutan,large_city,02_05,2060,0.3549403155942479
Bhutan,large_city,02_05,2065,0.34791458330434166
Bhutan,large_city,02_05,2070,0.3414542385494707
Bhutan,large_city,02_05,2075,0.3355568619484864
Bhutan,large_city,02_05,2080,0.3303006463099889
Bhutan,large_city,02_05,2085,0.32548015714172285
Bhutan,large_city,02_05,2090,0.32126850571097976
Bhutan,large_city,02_05,2095,0.3175643493470149
Bhutan,large_city,02_05,2100,0.31426359416833527
Bhutan,large_city,06_10,2011,0.287162738207747
Bhutan,large_city,06_10,2012,0.28585253160357127
Bhutan,large_city,06_10,2013,0.2855906790116809
Bhutan,large_city,06_10,2014,0.2840408142476429
Bhutan,large_city,06_10,2015,0.28170177045772776
Bhutan,large_city,06_10,2016,0.27935217542215823
Bhutan,large_city,06_10,2017,0.2781838319902949
Bhutan,large_city,06_10,2018,0.2770937067040169
Bhutan,large_city,06_10,2019,0.27554196990144564
Bhutan,large_city,06_10,2020,0.27936183844760754
Bhutan,large_city,06_10,2025,0.2739177171011251
Bhutan,large_city,06_10,2030,0.26620397374421395
Bhutan,large_city,06_10,2035,0.2593376086609417
Bhutan,large_city,06_10,2040,0.2528799001477893
Bhutan,large_city,06_10,2045,0.24678093885367383
Bhutan,large_city,06_10,2050,0.24104578805435256
Bhutan,large_city,06_10,2055,0.23570181686479538
Bhutan,large_city,06_10,2060,0.23075254169096943
Bhutan,large_city,06_10,2065,0.22618499748167917
Bhutan,large_city,06_10,2070,0.22198502101552153
Bhutan,large_city,06_10,2075,0.21815103941298747
Bhutan,large_city,06_10,2080,0.21473388710604685
Bhutan,large_city,06_10,2085,0.21160000774971371
Bhutan,large_city,06_10,2090,0.208861943828366
Bhutan,large_city,06_10,2095,0.20645381080359354
Bhutan,large_city,06_10,2100,0.20430793552959214
Bhutan,large_city,11_20,2011,0.0531984546790542
Bhutan,large_city,11_20,2012,0.05295573179972988
Bhutan,large_city,11_20,2013,0.052907222186925604
Bhutan,large_city,11_20,2014,0.05262010133370164
Bhutan,large_city,11_20,2015,0.05218678078582435
Bhutan,large_city,11_20,2016,0.051751505562464946
Bhutan,large_city,11_20,2017,0.0515350636052059
Bhutan,large_city,11_20,2018,0.05133311198363236
Bhutan,large_city,11_20,2019,0.051045644325117115
Bhutan,large_city,11_20,2020,0.051753295690336806
Bhutan,large_city,11_20,2025,0.05074474268472856
Bhutan,large_city,11_20,2030,0.049315729892401655
Bhutan,large_city,11_20,2035,0.04804369852101935
Bhutan,large_city,11_20,2040,0.04684737299559918
Bhutan,large_city,11_20,2045,0.04571750733816982
Bhutan,large_city,11_20,2050,0.044655039548026
Bhutan,large_city,11_20,2055,0.04366503990215217
Bhutan,large_city,11_20,2060,0.04274815983382496
Bhutan,large_city,11_20,2065,0.041901997496994484
Bhutan,large_city,11_20,2070,0.041123929078081656
Bhutan,large_city,11_20,2075,0.0404136631926269
Bhutan,large_city,11_20,2080,0.03978061719485301
Bhutan,large_city,11_20,2085,0.03920004904750898
Bhutan,large_city,11_20,2090,0.03869280785619957
Bhutan,large_city,11_20,2095,0.03824668815285974
Bhutan,large_city,11_20,2100,0.03784915312020422
Bhutan,large_city,21_30,2011,0.126017818840264
Bhutan,large_city,21_30,2012,0.12544285086385165
Bhutan,large_city,21_30,2013,0.12532794008993423
Bhutan,large_city,21_30,2014,0.1246478010918162
Bhutan,large_city,21_30,2015,0.12362134063104527
Bhutan,large_city,21_30,2016,0.12259024988651358
Bhutan,large_city,21_30,2017,0.1220775368100933
Bhutan,large_city,21_30,2018,0.12159914880022556
Bhutan,large_city,21_30,2019,0.12091818828113228
Bhutan,large_city,21_30,2020,0.12259449038581413
Bhutan,large_city,21_30,2025,0.12020540501259587
Bhutan,large_city,21_30,2030,0.11682032406860417
Bhutan,large_city,21_30,2035,0.11380710460790615
Bhutan,large_city,21_30,2040,0.11097321903273472
Bhutan,large_city,21_30,2045,0.10829676524115817
Bhutan,large_city,21_30,2050,0.1057799651891695
Bhutan,large_city,21_30,2055,0.10343482947463953
Bhutan,large_city,21_30,2060,0.1012629012288704
Bhutan,large_city,21_30,2065,0.09925849089936996
Bhutan,large_city,21_30,2070,0.0974153831314578
Bhutan,large_city,21_30,2075,0.09573288768639936
Bhutan,large_city,21_30,2080,0.09423331262644119
Bhutan,large_city,21_30,2085,0.0928580484001058
Bhutan,large_city,21_30,2090,0.0916564828858369
Bhutan,large_city,21_30,2095,0.09059970346816923
Bhutan,large_city,21_30,2100,0.08965801262338673
Bhutan,large_city,31_50,2011,0.0
Bhutan,large_city,31_50,2012,0.0
Bhutan,large_city,31_50,2013,0.0
Bhutan,large_city,31_50,2014,0.0
Bhutan,large_city,31_50,2015,0.0
Bhutan,large_city,31_50,2016,0.0
Bhutan,large_city,31_50,2017,0.0
Bhutan,large_city,31_50,2018,0.0
Bhutan,large_city,31_50,2019,0.0
Bhutan,large_city,31_50,2020,0.0
Bhutan,large_city,31_50,2025,0.0
Bhutan,large_city,31_50,2030,0.0
Bhutan,large_city,31_50,2035,0.0
Bhutan,large_city,31_50,2040,0.0
Bhutan,large_city,31_50,2045,0.0
Bhutan,large_city,31_50,2050,0.0
Bhutan,large_city,31_50,2055,0.0
Bhutan,large_city,31_50,2060,0.0
Bhutan,large_city,31_50,2065,0.0
Bhutan,large_city,31_50,2070,0.0
Bhutan,large_city,31_50,2075,0.0
Bhutan,large_city,31_50,2080,0.0
Bhutan,large_city,31_50,2085,0.0
Bhutan,large_city,31_50,2090,0.0
Bhutan,large_city,31_50,2095,0.0
Bhutan,large_city,31_50,2100,0.0
Bhutan,large_city,51+,2011,0.0
Bhutan,large_city,51+,2012,0.0
Bhutan,large_city,51+,2013,0.0
Bhutan,large_city,51+,2014,0.0
Bhutan,large_city,51+,2015,0.0
Bhutan,large_city,51+,2016,0.0
Bhutan,large_city,51+,2017,0.0
Bhutan,large_city,51+,2018,0.0
Bhutan,large_city,51+,2019,0.0
Bhutan,large_city,51+,2020,0.0
Bhutan,large_city,51+,2025,0.0
Bhutan,large_city,51+,2030,0.0
Bhutan,large_city,51+,2035,0.0
Bhutan,large_city,51+,2040,0.0
Bhutan,large_city,51+,2045,0.0
Bhutan,large_city,51+,2050,0.0
Bhutan,large_city,51+,2055,0.0
Bhutan,large_city,51+,2060,0.0
Bhutan,large_city,51+,2065,0.0
Bhutan,large_city,51+,2070,0.0
Bhutan,large_city,51+,2075,0.0
Bhutan,large_city,51+,2080,0.0
Bhutan,large_city,51+,2085,0.0
Bhutan,large_city,51+,2090,0.0
Bhutan,large_city,51+,2095,0.0
Bhutan,large_city,51+,2100,0.0
Bhutan,city,No_travel,2011,0.0
Bhutan,city,No_travel,2012,0.0
Bhutan,city,No_travel,2013,0.0
Bhutan,city,No_travel,2014,0.0
Bhutan,city,No_travel,2015,0.0
Bhutan,city,No_travel,2016,0.0
Bhutan,city,No_travel,2017,0.0
Bhutan,city,No_travel,2018,0.0
Bhutan,city,No_travel,2019,0.0
Bhutan,city,No_travel,2020,0.0
Bhutan,city,No_travel,2025,0.0
Bhutan,city,No_travel,2030,0.0
Bhutan,city,No_travel,2035,0.0
Bhutan,city,No_travel,2040,0.0
Bhutan,city,No_travel,2045,0.0
Bhutan,city,No_travel,2050,0.0
Bhutan,city,No_travel,2055,0.0
Bhutan,city,No_travel,2060,0.0
Bhutan,city,No_travel,2065,0.0
Bhutan,city,No_travel,2070,0.0
Bhutan,city,No_travel,2075,0.0
Bhutan,city,No_travel,2080,0.0
Bhutan,city,No_travel,2085,0.0
Bhutan,city,No_travel,2090,0.0
Bhutan,city,No_travel,2095,0.0
Bhutan,city,No_travel,2100,0.0
Bhutan,city,00_01,2011,0.784266131199457
Bhutan,city,00_01,2012,0.7806878442986491
Bhutan,city,00_01,2013,0.7799727023534645
Bhutan,city,00_01,2014,0.7757398884098424
Bhutan,city,00_01,2015,0.7693517586849624
Bhutan,city,00_01,2016,0.7629348126008976
Bhutan,city,00_01,2017,0.7597439662225041
Bhutan,city,00_01,2018,0.7567667403256907
Bhutan,city,00_01,2019,0.7525288136838575
Bhutan,city,00_01,2020,0.7629612031543241
Bhutan,city,00_01,2025,0.7480928396165127
Bhutan,city,00_01,2030,0.7270259432031847
Bhutan,city,00_01,2035,0.7082733097213116
Bhutan,city,00_01,2040,0.6906367524728575
Bhutan,city,00_01,2045,0.673979964728304
Bhutan,city,00_01,2050,0.6583167747291364
Bhutan,city,00_01,2055,0.6437219298818104
Bhutan,city,00_01,2060,0.6302050337933983
Bhutan,city,00_01,2065,0.6177306777942191
Bhutan,city,00_01,2070,0.6062601809087239
Bhutan,city,00_01,2075,0.5957892474677217
Bhutan,city,00_01,2080,0.5864567106761801
Bhutan,city,00_01,2085,0.5778978166714184
Bhutan,city,00_01,2090,0.5704199286558128
Bhutan,city,00_01,2095,0.5638431102895468
Bhutan,city,00_01,2100,0.5579825403922083
Bhutan,city,02_05,2011,0.505179898463546
Bhutan,city,02_05,2012,0.5028749683622565
Bhutan,city,02_05,2013,0.5024143143560674
Bhutan,city,02_05,2014,0.49968777494146377
Bhutan,city,02_05,2015,0.4955729029644587
Bhutan,city,02_05,2016,0.4914394691181748
Bhutan,city,02_05,2017,0.48938410629511847
Bhutan,city,02_05,2018,0.48746634570796293
Bhutan,city,02_05,2019,0.4847365129822491
Bhutan,city,02_05,2020,0.49145646842054175
Bhutan,city,02_05,2025,0.4818791093028364
Bhutan,city,02_05,2030,0.4683090057784749
Bhutan,city,02_05,2035,0.456229619583628
Bhutan,city,02_05,2040,0.44486914659419236
Bhutan,city,02_05,2045,0.43413978572194234
Bhutan,city,02_05,2050,0.42405044433817896
Bhutan,city,02_05,2055,0.41464927049584166
Bhutan,city,02_05,2060,0.40594245029560827
Bhutan,city,02_05,2065,0.39790717547451465
Bhutan,city,02_05,2070,0.3905185299351765
Bhutan,city,02_05,2075,0.3837737466503826
Bhutan,city,02_05,2080,0.3777622541209937
Bhutan,city,02_05,2085,0.37224909853224863
Bhutan,city,02_05,2090,0.36743226588047034
Bhutan,city,02_05,2095,0.36319585134934423
Bhutan,city,02_05,2100,0.3594208035844382
Bhutan,city,06_10,2011,0.391250172065705
Bhutan,city,06_10,2012,0.389465056898867
Bhutan,city,06_10,2013,0.38910829100273303
Bhutan,city,06_10,2014,0.38699664915326104
Bhutan,city,06_10,2015,0.38380977577621644
Bhutan,city,06_10,2016,0.3806085266598138
Bhutan,city,06_10,2017,0.379016695590082
Bhutan,city,06_10,2018,0.37753143427626595
Bhutan,city,06_10,2019,0.3754172418333471
Bhutan,city,06_10,2020,0.3806216922271618
Bhutan,city,06_10,2025,0.373204248631061
Bhutan,city,06_10,2030,0.3626945166425089
Bhutan,city,06_10,2035,0.3533393108206704
Bhutan,city,06_10,2040,0.3445408866842729
Bhutan,city,06_10,2045,0.33623124431689
Bhutan,city,06_10,2050,0.3284172822720168
Bhutan,city,06_10,2055,0.3211362901054223
Bhutan,city,06_10,2060,0.3143930588093095
Bhutan,city,06_10,2065,0.30816992391041576
Bhutan,city,06_10,2070,0.30244758846636766
Bhutan,city,06_10,2075,0.2972239094784518
Bhutan,city,06_10,2080,0.29256814725662056
Bhutan,city,06_10,2085,0.2882983354939556
Bhutan,city,06_10,2090,0.2845678097751934
Bhutan,city,06_10,2095,0.28128680449512217
Bhutan,city,06_10,2100,0.2783631171273788
Bhutan,city,11_20,2011,0.145687548677459
Bhutan,city,11_20,2012,0.14502283573588895
Bhutan,city,11_20,2013,0.14488998889626956
Bhutan,city,11_20,2014,0.1441036891149556
Bhutan,city,11_20,2015,0.14291701162981674
Bhutan,city,11_20,2016,0.14172498113431
Bhutan,city,11_20,2017,0.1411322402666615
Bhutan,city,11_20,2018,0.1405791821585644
Bhutan,city,11_20,2019,0.13979193262761844
Bhutan,city,11_20,2020,0.1417298835199722
Bhutan,city,11_20,2025,0.13896789323313405
Bhutan,city,11_20,2030,0.13505444552118748
Bhutan,city,11_20,2035,0.13157090199618204
Bhutan,city,11_20,2040,0.12829468402574987
Bhutan,city,11_20,2045,0.12520047087691308
Bhutan,city,11_20,2050,0.12229083132387253
Bhutan,city,11_20,2055,0.1195796506614068
Bhutan,city,11_20,2060,0.11706871288338887
Bhutan,city,11_20,2065,0.1147514403727541
Bhutan,city,11_20,2070,0.11262064763941954
Bhutan,city,11_20,2075,0.11067553670743095
Bhutan,city,11_20,2080,0.10894189763516544
Bhutan,city,11_20,2085,0.10735197268834046
Bhutan,city,11_20,2090,0.10596285854591035
Bhutan,city,11_20,2095,0.10474112971208607
Bhutan,city,11_20,2100,0.10365245326893745
Bhutan,city,21_30,2011,0.43292180947654
Bhutan,city,21_30,2012,0.43094656360234335
Bhutan,city,21_30,2013,0.4305517989521494
Bhutan,city,21_30,2014,0.4282152483875499
Bhutan,city,21_30,2015,0.42468894453526407
Bhutan,city,21_30,2016,0.4211467337989952
Bhutan,city,21_30,2017,0.419385358504383
Bhutan,city,21_30,2018,0.41774190359642005
Bhutan,city,21_30,2019,0.4154025307773933
Bhutan,city,21_30,2020,0.42116130161684173
Bhutan,city,21_30,2025,0.4129538340357799
Bhutan,city,21_30,2030,0.40132472173258227
Bhutan,city,21_30,2035,0.39097310294342646
Bhutan,city,21_30,2040,0.38123756806158726
Bhutan,city,21_30,2045,0.37204287457226104
Bhutan,city,21_30,2050,0.363396655786498
Bhutan,city,21_30,2055,0.3553401729307735
Bhutan,city,21_30,2060,0.3478787272807465
Bhutan,city,21_30,2065,0.340992772938998
Bhutan,city,21_30,2070,0.33466095766645926
Bhutan,city,21_30,2075,0.32888091021591565
Bhutan,city,21_30,2080,0.3237292677388634
Bhutan,city,21_30,2085,0.3190046828916351
Bhutan,city,21_30,2090,0.31487682286811514
Bhutan,city,21_30,2095,0.31124636122447913
Bhutan,city,21_30,2100,0.30801127504188547
Bhutan,city,31_50,2011,0.0
Bhutan,city,31_50,2012,0.0
Bhutan,city,31_50,2013,0.0
Bhutan,city,31_50,2014,0.0
Bhutan,city,31_50,2015,0.0
Bhutan,city,31_50,2016,0.0
Bhutan,city,31_50,2017,0.0
Bhutan,city,31_50,2018,0.0
Bhutan,city,31_50,2019,0.0
Bhutan,city,31_50,2020,0.0
Bhutan,city,31_50,2025,0.0
Bhutan,city,31_50,2030,0.0
Bhutan,city,31_50,2035,0.0
Bhutan,city,31_50,2040,0.0
Bhutan,city,31_50,2045,0.0
Bhutan,city,31_50,2050,0.0
Bhutan,city,31_50,2055,0.0
Bhutan,city,31_50,2060,0.0
Bhutan,city,31_50,2065,0.0
Bhutan,city,31_50,2070,0.0
Bhutan,city,31_50,2075,0.0
Bhutan,city,31_50,2080,0.0
Bhutan,city,31_50,2085,0.0
Bhutan,city,31_50,2090,0.0
Bhutan,city,31_50,2095,0.0
Bhutan,city,31_50,2100,0.0
Bhutan,city,51+,2011,0.0
Bhutan,city,51+,2012,0.0
Bhutan,city,51+,2013,0.0
Bhutan,city,51+,2014,0.0
Bhutan,city,51+,2015,0.0
Bhutan,city,51+,2016,0.0
Bhutan,city,51+,2017,0.0
Bhutan,city,51+,2018,0.0
Bhutan,city,51+,2019,0.0
Bhutan,city,51+,2020,0.0
Bhutan,city,51+,2025,0.0
Bhutan,city,51+,2030,0.0
Bhutan,city,51+,2035,0.0
Bhutan,city,51+,2040,0.0
Bhutan,city,51+,2045,0.0
Bhutan,city,51+,2050,0.0
Bhutan,city,51+,2055,0.0
Bhutan,city,51+,2060,0.0
Bhutan,city,51+,2065,0.0
Bhutan,city,51+,2070,0.0
Bhutan,city,51+,2075,0.0
Bhutan,city,51+,2080,0.0
Bhutan,city,51+,2085,0.0
Bhutan,city,51+,2090,0.0
Bhutan,city,51+,2095,0.0
Bhutan,city,51+,2100,0.0
Bhutan,town,No_travel,2011,0.0
Bhutan,town,No_travel,2012,0.0
Bhutan,town,No_travel,2013,0.0
Bhutan,town,No_travel,2014,0.0
Bhutan,town,No_travel,2015,0.0
Bhutan,town,No_travel,2016,0.0
Bhutan,town,No_travel,2017,0.0
Bhutan,town,No_travel,2018,0.0
Bhutan,town,No_travel,2019,0.0
Bhutan,town,No_travel,2020,0.0
Bhutan,town,No_travel,2025,0.0
Bhutan,town,No_travel,2030,0.0
Bhutan,town,No_travel,2035,0.0
Bhutan,town,No_travel,2040,0.0
Bhutan,town,No_travel,2045,0.0
Bhutan,town,No_travel,2050,0.0
Bhutan,town,No_travel,2055,0.0
Bhutan,town,No_travel,2060,0.0
Bhutan,town,No_travel,2065,0.0
Bhutan,town,No_travel,2070,0.0
Bhutan,town,No_travel,2075,0.0
Bhutan,town,No_travel,2080,0.0
Bhutan,town,No_travel,2085,0.0
Bhutan,town,No_travel,2090,0.0
Bhutan,town,No_travel,2095,0.0
Bhutan,town,No_travel,2100,0.0
Bhutan,town,00_01,2011,0.809373601454855
Bhutan,town,00_01,2012,0.8056807593943212
Bhutan,town,00_01,2013,0.8049427229183097
Bhutan,town,00_01,2014,0.8005743998076355
Bhutan,town,00_01,2015,0.7939817607068249
Bhutan,town,00_01,2016,0.7873593827208497
Bhutan,town,00_01,2017,0.7840663846909339
Bhutan,town,00_01,2018,0.7809938459817036
Bhutan,town,00_01,2019,0.776620246495065
Bhutan,town,00_01,2020,0.78738661814059
Bhutan,town,00_01,2025,0.7720422592991166
Bhutan,town,00_01,2030,0.7503009279535262
Bhutan,town,00_01,2035,0.7309479482771332
Bhutan,town,00_01,2040,0.7127467748621668
Bhutan,town,00_01,2045,0.6955567372599314
Bhutan,town,00_01,2050,0.6793921064087826
Bhutan,town,00_01,2055,0.6643300226761996
Bhutan,town,00_01,2060,0.6503803971188175
Bhutan,town,00_01,2065,0.6375066874949628
Bhutan,town,00_01,2070,0.6256689744976017
Bhutan,town,00_01,2075,0.6148628249361301
Bhutan,town,00_01,2080,0.6052315166171955
Bhutan,town,00_01,2085,0.5963986184598957
Bhutan,town,00_01,2090,0.5886813335821078
Bhutan,town,00_01,2095,0.5818939651679217
Bhutan,town,00_01,2100,0.5758457751777046
Bhutan,town,02_05,2011,0.581333504919286
Bhutan,town,02_05,2012,0.5786811169314585
Bhutan,town,02_05,2013,0.5781510213975953
Bhutan,town,02_05,2014,0.5750134683813078
Bhutan,town,02_05,2015,0.5702782978886538
Bhutan,town,02_05,2016,0.5655217674080856
Bhutan,town,02_05,2017,0.5631565678476079
Bhutan,town,02_05,2018,0.5609497134436264
Bhutan,town,02_05,2019,0.5578083706643332
Bhutan,town,02_05,2020,0.5655413292791265
Bhutan,town,02_05,2025,0.5545202261815967
Bhutan,town,02_05,2030,0.5389044903458529
Bhutan,town,02_05,2035,0.5250041907985408
Bhutan,town,02_05,2040,0.5119311774015795
Bhutan,town,02_05,2045,0.49958441344604765
Bhutan,town,02_05,2050,0.48797414904956427
Bhutan,town,02_05,2055,0.4771557903683433
Bhutan,town,02_05,2060,0.4671364560300255
Bhutan,town,02_05,2065,0.4578898995281873
Bhutan,town,02_05,2070,0.4493874487753895
Bhutan,town,02_05,2075,0.4416259196274652
Bhutan,town,02_05,2080,0.4347082215311346
Bhutan,town,02_05,2085,0.4283639824366691
Bhutan,town,02_05,2090,0.4228210338423478
Bhutan,town,02_05,2095,0.4179459988000573
Bhutan,town,02_05,2100,0.41360187949704247
Bhutan,town,06_10,2011,0.467167283694754
Bhutan,town,06_10,2012,0.4650357896709406
Bhutan,town,06_10,2013,0.464609797897616
Bhutan,town,06_10,2014,0.4620884188481307
Bhutan,town,06_10,2015,0.45828317329086343
Bhutan,town,06_10,2016,0.45446076256515294
Bhutan,town,06_10,2017,0.4525600569551816
Bhutan,town,06_10,2018,0.4507865996046355
Bhutan,town,06_10,2019,0.4482621750515378
Bhutan,town,06_10,2020,0.45447648274312447
Bhutan,town,06_10,2025,0.4456197787103719
Bhutan,town,06_10,2030,0.4330707671162576
Bhutan,town,06_10,2035,0.4219003027836318
Bhutan,town,06_10,2040,0.41139465652948803
Bhutan,town,06_10,2045,0.40147263391988985
Bhutan,town,06_10,2050,0.3921424720847551
Bhutan,town,06_10,2055,0.3834486961431065
Bhutan,town,06_10,2060,0.37539702671814984
Bhutan,town,06_10,2065,0.3679663717706192
Bhutan,town,06_10,2070,0.36113369003230367
Bhutan,town,06_10,2075,0.3548964226828897
Bhutan,town,06_10,2080,0.3493372691131469
Bhutan,town,06_10,2085,0.3442389547724261
Bhutan,town,06_10,2090,0.3397845680622909
Bhutan,town,06_10,2095,0.335866925505391
Bhutan,town,06_10,2100,0.3323759338497197
Bhutan,town,11_20,2011,0.112734185376748
Bhutan,town,11_20,2012,0.11221982520899486
Bhutan,town,11_20,2013,0.11211702726654663
Bhutan,town,11_20,2014,0.11150858223392006
Bhutan,town,11_20,2015,0.11059032174559076
Bhutan,town,11_20,2016,0.10966791905520915
Bhutan,town,11_20,2017,0.10920925145141962
Bhutan,town,11_20,2018,0.10878129068299207
Bhutan,town,11_20,2019,0.10817211072653672
Bhutan,town,11_20,2020,0.10967171256027564
Bhutan,town,11_20,2025,0.10753446248069236
Bhutan,town,11_20,2030,0.10450620547571293
Bhutan,town,11_20,2035,0.10181061175421123
Bhutan,town,11_20,2040,0.09927544819791427
Bhutan,town,11_20,2045,0.09688112142199735
Bhutan,town,11_20,2050,0.09462961916439405
Bhutan,town,11_20,2055,0.09253168597678216
Bhutan,town,11_20,2060,0.09058870232782773
Bhutan,town,11_20,2065,0.08879557840506411
Bhutan,town,11_20,2070,0.08714675401904208
Bhutan,town,11_20,2075,0.08564161168961343
Bhutan,town,11_20,2080,0.08430010796933433
Bhutan,town,11_20,2085,0.08306981138381551
Bhutan,town,11_20,2090,0.08199490379793198
Bhutan,town,11_20,2095,0.08104952029685195
Bhutan,town,11_20,2100,0.0802070937952644
Bhutan,town,21_30,2011,0.357090543456726
Bhutan,town,21_30,2012,0.35546128476095734
Bhutan,town,21_30,2013,0.35513566770866395
Bhutan,town,21_30,2014,0.35320839102113505
Bhutan,town,21_30,2015,0.35029976010570757
Bhutan,town,21_30,2016,0.34737800858114953
Bhutan,town,21_30,2017,0.3459251585573893
Bhutan,town,21_30,2018,0.3445695737996227
Bhutan,town,21_30,2019,0.3426399692081973
Bhutan,town,21_30,2020,0.3473900246770771
Bhutan,town,21_30,2025,0.34062019004465566
Bhutan,town,21_30,2030,0.3310280513688767
Bhutan,town,21_30,2035,0.3224896384311085
Bhutan,town,21_30,2040,0.31445939517309063
Bhutan,town,21_30,2045,0.30687525867742294
Bhutan,town,21_30,2050,0.29974352519236924
Bhutan,town,21_30,2055,0.2930982285629872
Bhutan,town,21_30,2060,0.2869437414851414
Bhutan,town,21_30,2065,0.2812639417515906
Bhutan,town,21_30,2070,0.2760412172150921
Bhutan,town,21_30,2075,0.2712736119798282
Bhutan,town,21_30,2080,0.2670243393131319
Bhutan,town,21_30,2085,0.2631273201891841
Bhutan,town,21_30,2090,0.2597225026289547
Bhutan,town,21_30,2095,0.2567279583649632
Bhutan,town,21_30,2100,0.25405953497352324
Bhutan,town,31_50,2011,0.0
Bhutan,town,31_50,2012,0.0
Bhutan,town,31_50,2013,0.0
Bhutan,town,31_50,2014,0.0
Bhutan,town,31_50,2015,0.0
Bhutan,town,31_50,2016,0.0
Bhutan,town,31_50,2017,0.0
Bhutan,town,31_50,2018,0.0
Bhutan,town,31_50,2019,0.0
Bhutan,town,31_50,2020,0.0
Bhutan,town,31_50,2025,0.0
Bhutan,town,31_50,2030,0.0
Bhutan,town,31_50,2035,0.0
Bhutan,town,31_50,2040,0.0
Bhutan,town,31_50,2045,0.0
Bhutan,town,31_50,2050,0.0
Bhutan,town,31_50,2055,0.0
Bhutan,town,31_50,2060,0.0
Bhutan,town,31_50,2065,0.0
Bhutan,town,31_50,2070,0.0
Bhutan,town,31_50,2075,0.0
Bhutan,town,31_50,2080,0.0
Bhutan,town,31_50,2085,0.0
Bhutan,town,31_50,2090,0.0
Bhutan,town,31_50,2095,0.0
Bhutan,town,31_50,2100,0.0
Bhutan,town,51+,2011,0.0
Bhutan,town,51+,2012,0.0
Bhutan,town,51+,2013,0.0
Bhutan,town,51+,2014,0.0
Bhutan,town,51+,2015,0.0
Bhutan,town,51+,2016,0.0
Bhutan,town,51+,2017,0.0
Bhutan,town,51+,2018,0.0
Bhutan,town,51+,2019,0.0
Bhutan,town,51+,2020,0.0
Bhutan,town,51+,2025,0.0
Bhutan,town,51+,2030,0.0
Bhutan,town,51+,2035,0.0
Bhutan,town,51+,2040,0.0
Bhutan,town,51+,2045,0.0
Bhutan,town,51+,2050,0.0
Bhutan,town,51+,2055,0.0
Bhutan,town,51+,2060,0.0
Bhutan,town,51+,2065,0.0
Bhutan,town,51+,2070,0.0
Bhutan,town,51+,2075,0.0
Bhutan,town,51+,2080,0.0
Bhutan,town,51+,2085,0.0
Bhutan,town,51+,2090,0.0
Bhutan,town,51+,2095,0.0
Bhutan,town,51+,2100,0.0
Bhutan,rural,No_travel,2011,0.0
Bhutan,rural,No_travel,2012,0.0
Bhutan,rural,No_travel,2013,0.0
Bhutan,rural,No_travel,2014,0.0
Bhutan,rural,No_travel,2015,0.0
Bhutan,rural,No_travel,2016,0.0
Bhutan,rural,No_travel,2017,0.0
Bhutan,rural,No_travel,2018,0.0
Bhutan,rural,No_travel,2019,0.0
Bhutan,rural,No_travel,2020,0.0
Bhutan,rural,No_travel,2025,0.0
Bhutan,rural,No_travel,2030,0.0
Bhutan,rural,No_travel,2035,0.0
Bhutan,rural,No_travel,2040,0.0
Bhutan,rural,No_travel,2045,0.0
Bhutan,rural,No_travel,2050,0.0
Bhutan,rural,No_travel,2055,0.0
Bhutan,rural,No_travel,2060,0.0
Bhutan,rural,No_travel,2065,0.0
Bhutan,rural,No_travel,2070,0.0
Bhutan,rural,No_travel,2075,0.0
Bhutan,rural,No_travel,2080,0.0
Bhutan,rural,No_travel,2085,0.0
Bhutan,rural,No_travel,2090,0.0
Bhutan,rural,No_travel,2095,0.0
Bhutan,rural,No_travel,2100,0.0
Bhutan,rural,00_01,2011,0.900728094580366
Bhutan,rural,00_01,2012,0.8966184391792112
Bhutan,rural,00_01,2013,0.895797100075028
Bhutan,rural,00_01,2014,0.8909357216647161
Bhutan,rural,00_01,2015,0.883598967358849
Bhutan,rural,00_01,2016,0.8762291175216708
Bhutan,rural,00_01,2017,0.8725644367912746
Bhutan,rural,00_01,2018,0.8691450987598455
Bhutan,rural,00_01,2019,0.8642778484257889
Bhutan,rural,00_01,2020,0.8762594270198847
Bhutan,rural,00_01,2025,0.8591831410167409
Bhutan,rural,00_01,2030,0.8349878523127933
Bhutan,rural,00_01,2035,0.8134504899908244
Bhutan,rural,00_01,2040,0.7931949390070505
Bhutan,rural,00_01,2045,0.774064651353247
Bhutan,rural,00_01,2050,0.7560755087373046
Bhutan,rural,00_01,2055,0.7393133584071321
Bhutan,rural,00_01,2060,0.7237892300863851
Bhutan,rural,00_01,2065,0.7094624569882358
Bhutan,rural,00_01,2070,0.6962886140890652
Bhutan,rural,00_01,2075,0.6842627678213354
Bhutan,rural,00_01,2080,0.6735443678453092
Bhutan,rural,00_01,2085,0.6637144950738895
Bhutan,rural,00_01,2090,0.6551261555347583
Bhutan,rural,00_01,2095,0.6475726926988866
Bhutan,rural,00_01,2100,0.64084183980752
Bhutan,rural,02_05,2011,0.722077962195642
Bhutan,rural,02_05,2012,0.7187834145788337
Bhutan,rural,02_05,2013,0.718124979619173
Bhutan,rural,02_05,2014,0.7142278055029206
Bhutan,rural,02_05,2015,0.7083462207825298
Bhutan,rural,02_05,2016,0.7024381046882974
Bhutan,rural,02_05,2017,0.6995002756033337
Bhutan,rural,02_05,2018,0.6967591280221176
Bhutan,rural,02_05,2019,0.6928572466176645
Bhutan,rural,02_05,2020,0.7024624026099867
Bhutan,rural,02_05,2025,0.6887730219042982
Bhutan,rural,02_05,2030,0.6693766192971151
Bhutan,rural,02_05,2035,0.6521109707733375
Bhutan,rural,02_05,2040,0.6358728995224041
Bhutan,rural,02_05,2045,0.6205369072197433
Bhutan,rural,02_05,2050,0.6061157256002023
Bhutan,rural,02_05,2055,0.5926781749950257
Bhutan,rural,02_05,2060,0.580233097495882
Bhutan,rural,02_05,2065,0.5687478921538965
Bhutan,rural,02_05,2070,0.5581869451909283
Bhutan,rural,02_05,2075,0.548546301561703
Bhutan,rural,02_05,2080,0.5399537857300608
Bhutan,rural,02_05,2085,0.5320735668913933
Bhutan,rural,02_05,2090,0.5251886359667626
Bhutan,rural,02_05,2095,0.5191333246193489
Bhutan,rural,02_05,2100,0.5137374670138404
Bhutan,rural,06_10,2011,0.560969409411097
Bhutan,rural,06_10,2012,0.5584099344961473
Bhutan,rural,06_10,2013,0.5578984081931795
Bhutan,rural,06_10,2014,0.5548707635663879
Bhutan,rural,06_10,2015,0.5503014659562427
Bhutan,rural,06_10,2016,0.5457115565979292
Bhutan,rural,06_10,2017,0.5434292099082011
Bhutan,rural,06_10,2018,0.5412996615488138
Bhutan,rural,06_10,2019,0.5382683599143026
Bhutan,rural,06_10,2020,0.5457304332172053
Bhutan,rural,06_10,2025,0.5350953990356841
Bhutan,rural,06_10,2030,0.5200266819650705
Bhutan,rural,06_10,2035,0.5066133095003685
Bhutan,rural,06_10,2040,0.49399824337660375
Bhutan,rural,06_10,2045,0.48208398619778425
Bhutan,rural,06_10,2050,0.47088042902021154
Bhutan,rural,06_10,2055,0.4604410371240838
Bhutan,rural,06_10,2060,0.45077267977172575
Bhutan,rural,06_10,2065,0.44185002987105865
Bhutan,rural,06_10,2070,0.43364541971701953
Bhutan,rural,06_10,2075,0.42615577670591764
Bhutan,rural,06_10,2080,0.41948040536959386
Bhutan,rural,06_10,2085,0.41335840478323643
Bhutan,rural,06_10,2090,0.40800962551446845
Bhutan,rural,06_10,2095,0.4033053628057298
Bhutan,rural,06_10,2100,0.39911341787360016
Bhutan,rural,11_20,2011,0.225558156612901
Bhutan,rural,11_20,2012,0.2245290266210908
Bhutan,rural,11_20,2013,0.2243233488639426
Bhutan,rural,11_20,2014,0.22310597420956527
Bhutan,rural,11_20,2015,0.2212687218947875
Bhutan,rural,11_20,2016,0.21942318187689536
Bhutan,rural,11_20,2017,0.21850548136872136
Bhutan,rural,11_20,2018,0.21764921898738102
Bhutan,rural,11_20,2019,0.21643037390002445
Bhutan,rural,11_20,2020,0.2194307719083223
Bhutan,rural,11_20,2025,0.2151545695606446
Bhutan,rural,11_20,2030,0.2090956437298456
Bhutan,rural,11_20,2035,0.20370230941188955
Bhutan,rural,11_20,2040,0.19862996319712292
Bhutan,rural,11_20,2045,0.19383940271096783
Bhutan,rural,11_20,2050,0.18933460501240276
Bhutan,rural,11_20,2055,0.18513706776215913
Bhutan,rural,11_20,2060,0.18124955299702775
Bhutan,rural,11_20,2065,0.17766187703835196
Bhutan,rural,11_20,2070,0.17436291507888377
Bhutan,rural,11_20,2075,0.1713514316665417
Bhutan,rural,11_20,2080,0.16866735580060732
Bhutan,rural,11_20,2085,0.1662057827738508
Bhutan,rural,11_20,2090,0.1640551115041658
Bhutan,rural,11_20,2095,0.1621635915620716
Bhutan,rural,11_20,2100,0.16047806761789332
Bhutan,rural,21_30,2011,0.316687599761256
Bhutan,rural,21_30,2012,0.315242683240201
Bhutan,rural,21_30,2013,0.31495390806924883
Bhutan,rural,21_30,2014,0.31324469274715977
Bhutan,rural,21_30,2015,0.3106651583403357
Bhutan,rural,21_30,2016,0.3080739878532819
Bhutan,rural,21_30,2017,0.30678552027756895
Bhutan,rural,21_30,2018,0.30558331290726354
Bhutan,rural,21_30,2019,0.30387203307153504
Bhutan,rural,21_30,2020,0.30808464439025135
Bhutan,rural,21_30,2025,0.30208078144902517
Bhutan,rural,21_30,2030,0.2935739435350223
Bhutan,rural,21_30,2035,0.28600160775469957
Bhutan,rural,21_30,2040,0.27887994488941326
Bhutan,rural,21_30,2045,0.2721539141191086
Bhutan,rural,21_30,2050,0.2658290993042006
Bhutan,rural,21_30,2055,0.25993568353662344
Bhutan,rural,21_30,2060,0.2544775447643744
Bhutan,rural,21_30,2065,0.24944038492437767
Bhutan,rural,21_30,2070,0.2448085845925429
Bhutan,rural,21_30,2075,0.24058040917252396
Bhutan,rural,21_30,2080,0.2368119196781775
Bhutan,rural,21_30,2085,0.2333558280644372
Bhutan,rural,21_30,2090,0.23033624795924545
Bhutan,rural,21_30,2095,0.22768052085383916
Bhutan,rural,21_30,2100,0.22531401573499296
Bhutan,rural,31_50,2011,0.0
Bhutan,rural,31_50,2012,0.0
Bhutan,rural,31_50,2013,0.0
Bhutan,rural,31_50,2014,0.0
Bhutan,rural,31_50,2015,0.0
Bhutan,rural,31_50,2016,0.0
Bhutan,rural,31_50,2017,0.0
Bhutan,rural,31_50,2018,0.0
Bhutan,rural,31_50,2019,0.0
Bhutan,rural,31_50,2020,0.0
Bhutan,rural,31_50,2025,0.0
Bhutan,rural,31_50,2030,0.0
Bhutan,rural,31_50,2035,0.0
Bhutan,rural,31_50,2040,0.0
Bhutan,rural,31_50,2045,0.0
Bhutan,rural,31_50,2050,0.0
Bhutan,rural,31_50,2055,0.0
Bhutan,rural,31_50,2060,0.0
Bhutan,rural,31_50,2065,0.0
Bhutan,rural,31_50,2070,0.0
Bhutan,rural,31_50,2075,0.0
Bhutan,rural,31_50,2080,0.0
Bhutan,rural,31_50,2085,0.0
Bhutan,rural,31_50,2090,0.0
Bhutan,rural,31_50,2095,0.0
Bhutan,rural,31_50,2100,0.0
Bhutan,rural,51+,2011,0.0
Bhutan,rural,51+,2012,0.0
Bhutan,rural,51+,2013,0.0
Bhutan,rural,51+,2014,0.0
Bhutan,rural,51+,2015,0.0
Bhutan,rural,51+,2016,0.0
Bhutan,rural,51+,2017,0.0
Bhutan,rural,51+,2018,0.0
Bhutan,rural,51+,2019,0.0
Bhutan,rural,51+,2020,0.0
Bhutan,rural,51+,2025,0.0
Bhutan,rural,51+,2030,0.0
Bhutan,rural,51+,2035,0.0
Bhutan,rural,51+,2040,0.0
Bhutan,rural,51+,2045,0.0
Bhutan,rural,51+,2050,0.0
Bhutan,rural,51+,2055,0.0
Bhutan,rural,51+,2060,0.0
Bhutan,rural,51+,2065,0.0
Bhutan,rural,51+,2070,0.0
Bhutan,rural,51+,2075,0.0
Bhutan,rural,51+,2080,0.0
Bhutan,rural,51+,2085,0.0
Bhutan,rural,51+,2090,0.0
Bhutan,rural,51+,2095,0.0
Bhutan,rural,51+,2100,0.0
India,large_city,No_travel,2011,0.0
India,large_city,No_travel,2012,0.0
India,large_city,No_travel,2013,0.0
India,large_city,No_travel,2014,0.0
India,large_city,No_travel,2015,0.0
India,large_city,No_travel,2016,0.0
India,large_city,No_travel,2017,0.0
India,large_city,No_travel,2018,0.0
India,large_city,No_travel,2019,0.0
India,large_city,No_travel,2020,0.0
India,large_city,No_travel,2025,0.0
India,large_city,No_travel,2030,0.0
India,large_city,No_travel,2035,0.0
India,large_city,No_travel,2040,0.0
India,large_city,No_travel,2045,0.0
India,large_city,No_travel,2050,0.0
India,large_city,No_travel,2055,0.0
India,large_city,No_travel,2060,0.0
India,large_city,No_travel,2065,0.0
India,large_city,No_travel,2070,0.0
India,large_city,No_travel,2075,0.0
India,large_city,No_travel,2080,0.0
India,large_city,No_travel,2085,0.0
India,large_city,No_travel,2090,0.0
India,large_city,No_travel,2095,0.0
India,large_city,No_travel,2100,0.0
India,large_city,00_01,2011,0.798031141556873
India,large_city,00_01,2012,0.7927345029858672
India,large_city,00_01,2013,0.7862440714736627
India,large_city,00_01,2014,0.778439866852274
India,large_city,00_01,2015,0.7698877253688902
India,large_city,00_01,2016,0.7610618560332896
India,large_city,00_01,2017,0.7540091410597847
India,large_city,00_01,2018,0.7473130036118119
India,large_city,00_01,2019,0.7437313550458275
India,large_city,00_01,2020,0.7527413788137235
India,large_city,00_01,2025,0.7185966634834027
India,large_city,00_01,2030,0.6906082372454084
India,large_city,00_01,2035,0.6693266978003307
India,large_city,00_01,2040,0.6487366366744381
India,large_city,00_01,2045,0.6288897877653551
India,large_city,00_01,2050,0.6097948138046744
India,large_city,00_01,2055,0.591343585486752
India,large_city,00_01,2060,0.5736890596371544
India,large_city,00_01,2065,0.557169555873167
India,large_city,00_01,2070,0.5416647305358716
India,large_city,00_01,2075,0.5270678345835667
India,large_city,00_01,2080,0.5135574210569105
India,large_city,00_01,2085,0.5010325489089157
India,large_city,00_01,2090,0.4895120287333831
India,large_city,00_01,2095,0.4786942287884819
India,large_city,00_01,2100,0.4684059673909718
India,large_city,02_05,2011,0.44170968683356
India,large_city,02_05,2012,0.4387780010350519
India,large_city,02_05,2013,0.43518555166637485
India,large_city,02_05,2014,0.43086592978724175
India,large_city,02_05,2015,0.4261323253704867
India,large_city,02_05,2016,0.42124721277618793
India,large_city,02_05,2017,0.41734353989921763
India,large_city,02_05,2018,0.41363723243686934
India,large_city,02_05,2019,0.41165479242413705
India,large_city,02_05,2020,0.4166418343697885
India,large_city,02_05,2025,0.3977427579676401
India,large_city,02_05,2030,0.3822511833350634
India,large_city,02_05,2035,0.3704718659198528
India,large_city,02_05,2040,0.35907528127773114
India,large_city,02_05,2045,0.3480900640853776
India,large_city,02_05,2050,0.3375210091587584
India,large_city,02_05,2055,0.3273082670017242
India,large_city,02_05,2060,0.3175364991118053
India,large_city,02_05,2065,0.30839296516399295
India,large_city,02_05,2070,0.2998110550260191
India,large_city,02_05,2075,0.29173168317687537
India,large_city,02_05,2080,0.28425367860150386
India,large_city,02_05,2085,0.27732117049996774
India,large_city,02_05,2090,0.27094457052297105
India,large_city,02_05,2095,0.26495692570930074
India,large_city,02_05,2100,0.2592623801166434
India,large_city,06_10,2011,0.287162738207747
India,large_city,06_10,2012,0.2852568010128908
India,large_city,06_10,2013,0.2829212905445168
India,large_city,06_10,2014,0.28011303325741466
India,large_city,06_10,2015,0.27703563910821216
India,large_city,06_10,2016,0.27385974699887616
India,large_city,06_10,2017,0.2713219050048415
India,large_city,06_10,2018,0.26891237351560165
India,large_city,06_10,2019,0.2676235566312137
India,large_city,06_10,2020,0.27086571468968024
India,large_city,06_10,2025,0.25857911403090106
India,large_city,06_10,2030,0.24850778636197302
India,large_city,06_10,2035,0.24084985821595825
India,large_city,06_10,2040,0.23344075094573175
India,large_city,06_10,2045,0.22629908042594593
India,large_city,06_10,2050,0.21942796384538588
India,large_city,06_10,2055,0.2127884920614476
India,large_city,06_10,2060,0.2064357049072528
India,large_city,06_10,2065,0.20049134297991597
India,large_city,06_10,2070,0.19491210193600833
India,large_city,06_10,2075,0.18965956930574038
India,large_city,06_10,2080,0.18479799543900538
India,large_city,06_10,2085,0.18029105780909863
India,large_city,06_10,2090,0.1761455252015246
India,large_city,06_10,2095,0.17225285874805632
India,large_city,06_10,2100,0.16855074092275146
India,large_city,11_20,2011,0.0531984546790542
India,large_city,11_20,2012,0.05284536947686363
India,large_city,11_20,2013,0.052412703495964795
India,large_city,11_20,2014,0.05189245860295591
India,large_city,11_20,2015,0.05132235464658014
India,large_city,11_20,2016,0.050734003408886306
India,large_city,11_20,2017,0.050263854415514536
India,large_city,11_20,2018,0.049817475639047565
India,large_city,11_20,2019,0.04957871532132099
India,large_city,11_20,2020,0.05017934268548439
India,large_city,11_20,2025,0.04790318327711145
India,large_city,11_20,2030,0.04603741520463344
India,large_city,11_20,2035,0.04461874248283868
India,large_city,11_20,2040,0.043246165177762814
India,large_city,11_20,2045,0.04192313198114833
India,large_city,11_20,2050,0.04065022036912373
India,large_city,11_20,2055,0.039420222211998035
India,large_city,11_20,2060,0.038243333937365356
India,large_city,11_20,2065,0.03714210865110086
India,large_city,11_20,2070,0.0361085239887234
India,large_city,11_20,2075,0.035135463831874596
India,large_city,11_20,2080,0.03423483090633371
India,large_city,11_20,2085,0.03339989626703359
India,large_city,11_20,2090,0.03263191386819944
India,large_city,11_20,2095,0.031910776295832055
India,large_city,11_20,2100,0.031224938890271732
India,large_city,21_30,2011,0.126017818840264
India,large_city,21_30,2012,0.1251814218563052
India,large_city,21_30,2013,0.12415651195002701
India,large_city,21_30,2014,0.12292414294466228
India,large_city,21_30,2015,0.12157366655341915
India,large_city,21_30,2016,0.12017996554963158
India,large_city,21_30,2017,0.11906626495377605
India,large_city,21_30,2018,0.11800887183725942
India,large_city,21_30,2019,0.11744329047503693
India,large_city,21_30,2020,0.11886607147167084
India,large_city,21_30,2025,0.11347424861316138
India,large_city,21_30,2030,0.10905457092940235
India,large_city,21_30,2035,0.1056939838009355
India,large_city,21_30,2040,0.10244258863882356
India,large_city,21_30,2045,0.09930855478959855
India,large_city,21_30,2050,0.09629325019303583
India,large_city,21_30,2055,0.09337960005275171
India,large_city,21_30,2060,0.09059175791931687
India,large_city,21_30,2065,0.08798314814927713
India,large_city,21_30,2070,0.08553476716668364
India,large_city,21_30,2075,0.08322975813387931
India,large_city,21_30,2080,0.08109631652289441
India,large_city,21_30,2085,0.07911850264176656
India,large_city,21_30,2090,0.07729928688836428
India,large_city,21_30,2095,0.07559103832171406
India,large_city,21_30,2100,0.07396640966569021
India,large_city,31_50,2011,0.0
India,large_city,31_50,2012,0.0
India,large_city,31_50,2013,0.0
India,large_city,31_50,2014,0.0
India,large_city,31_50,2015,0.0
India,large_city,31_50,2016,0.0
India,large_city,31_50,2017,0.0
India,large_city,31_50,2018,0.0
India,large_city,31_50,2019,0.0
India,large_city,31_50,2020,0.0
India,large_city,31_50,2025,0.0
India,large_city,31_50,2030,0.0
India,large_city,31_50,2035,0.0
India,large_city,31_50,2040,0.0
India,large_city,31_50,2045,0.0
India,large_city,31_50,2050,0.0
India,large_city,31_50,2055,0.0
India,large_city,31_50,2060,0.0
India,large_city,31_50,2065,0.0
India,large_city,31_50,2070,0.0
India,large_city,31_50,2075,0.0
India,large_city,31_50,2080,0.0
India,large_city,31_50,2085,0.0
India,large_city,31_50,2090,0.0
India,large_city,31_50,2095,0.0
India,large_city,31_50,2100,0.0
India,large_city,51+,2011,0.0
India,large_city,51+,2012,0.0
India,large_city,51+,2013,0.0
India,large_city,51+,2014,0.0
India,large_city,51+,2015,0.0
India,large_city,51+,2016,0.0
India,large_city,51+,2017,0.0
India,large_city,51+,2018,0.0
India,large_city,51+,2019,0.0
India,large_city,51+,2020,0.0
India,large_city,51+,2025,0.0
India,large_city,51+,2030,0.0
India,large_city,51+,2035,0.0
India,large_city,51+,2040,0.0
India,large_city,51+,2045,0.0
India,large_city,51+,2050,0.0
India,large_city,51+,2055,0.0
India,large_city,51+,2060,0.0
India,large_city,51+,2065,0.0
India,large_city,51+,2070,0.0
India,large_city,51+,2075,0.0
India,large_city,51+,2080,0.0
India,large_city,51+,2085,0.0
India,large_city,51+,2090,0.0
India,large_city,51+,2095,0.0
India,large_city,51+,2100,0.0
India,city,No_travel,2011,0.0
India,city,No_travel,2012,0.0
India,city,No_travel,2013,0.0
India,city,No_travel,2014,0.0
India,city,No_travel,2015,0.0
India,city,No_travel,2016,0.0
India,city,No_travel,2017,0.0
India,city,No_travel,2018,0.0
India,city,No_travel,2019,0.0
India,city,No_travel,2020,0.0
India,city,No_travel,2025,0.0
India,city,No_travel,2030,0.0
India,city,No_travel,2035,0.0
India,city,No_travel,2040,0.0
India,city,No_travel,2045,0.0
India,city,No_travel,2050,0.0
India,city,No_travel,2055,0.0
India,city,No_travel,2060,0.0
India,city,No_travel,2065,0.0
India,city,No_travel,2070,0.0
India,city,No_travel,2075,0.0
India,city,No_travel,2080,0.0
India,city,No_travel,2085,0.0
India,city,No_travel,2090,0.0
India,city,No_travel,2095,0.0
India,city,No_travel,2100,0.0
India,city,00_01,2011,0.784266131199457
India,city,00_01,2012,0.7790608528285646
India,city,00_01,2013,0.7726823729086442
India,city,00_01,2014,0.7650127807752283
India,city,00_01,2015,0.7566081527283092
India,city,00_01,2016,0.7479345182824156
India,city,00_01,2017,0.7410034535674067
India,city,00_01,2018,0.7344228158744261
India,city,00_01,2019,0.730902946137663
India,city,00_01,2020,0.7397575585888481
India,city,00_01,2025,0.7062017956636376
India,city,00_01,2030,0.6786961337652682
India,city,00_01,2035,0.6577816734924541
India,city,00_01,2040,0.6375467644275511
India,city,00_01,2045,0.618042248125016
India,city,00_01,2050,0.599276637895468
India,city,00_01,2055,0.5811436695246548
India,city,00_01,2060,0.5637936615297123
India,city,00_01,2065,0.5475590979498474
India,city,00_01,2070,0.5323217108994106
India,city,00_01,2075,0.5179765926203148
India,city,00_01,2080,0.5046992163430127
India,city,00_01,2085,0.49239038212369596
India,city,00_01,2090,0.4810685760976258
India,city,00_01,2095,0.47043736928240565
India,city,00_01,2100,0.46032656715599646
India,city,02_05,2011,0.505179898463546
India,city,02_05,2012,0.5018269524490852
India,city,02_05,2013,0.49771829633082454
India,city,02_05,2014,0.492777978725511
India,city,02_05,2015,0.4873641925444441
India,city,02_05,2016,0.4817771276510705
India,city,02_05,2017,0.4773125276515558
India,city,02_05,2018,0.47307365292610903
India,city,02_05,2019,0.4708063518589274
India,city,02_05,2020,0.47650999255061766
India,city,02_05,2025,0.45489526735331925
India,city,02_05,2030,0.43717767515825734
India,city,02_05,2035,0.4237057623767107
India,city,02_05,2040,0.4106715780607403
India,city,02_05,2045,0.3981078714650906
India,city,02_05,2050,0.3860201263831109
India,city,02_05,2055,0.37433989341627316
India,city,02_05,2060,0.36316399925414516
India,city,02_05,2065,0.35270661131577663
India,city,02_05,2070,0.34289154811622646
India,city,02_05,2075,0.3336512340093329
India,city,02_05,2080,0.32509869892870746
India,city,02_05,2085,0.3171700438794208
India,city,02_05,2090,0.30987717658458225
India,city,02_05,2095,0.3030291542541471
India,city,02_05,2100,0.2965163472000001
India,city,06_10,2011,0.391250172065705
India,city,06_10,2012,0.38865339276178834
India,city,06_10,2013,0.3854713334238825
India,city,06_10,2014,0.3816451714585769
India,city,06_10,2015,0.37745231900876347
India,city,06_10,2016,0.37312526619545283
India,city,06_10,2017,0.36966753653651885
India,city,06_10,2018,0.36638462589272625
India,city,06_10,2019,0.3646286535443459
India,city,06_10,2020,0.3690459916229429
India,city,06_10,2025,0.3523058858144649
India,city,06_10,2030,0.3385840195723777
India,city,06_10,2035,0.32815033404794347
India,city,06_10,2040,0.31805565911754824
India,city,06_10,2045,0.3083253583231557
India,city,06_10,2050,0.2989636787361517
India,city,06_10,2055,0.2899176078771535
India,city,06_10,2060,0.28126213578252063
India,city,06_10,2065,0.27316313017543237
India,city,06_10,2070,0.2655615902540317
India,city,06_10,2075,0.25840518023997777
India,city,06_10,2080,0.2517814392081795
India,city,06_10,2085,0.2456408788618203
India,city,06_10,2090,0.23999272145762415
India,city,06_10,2095,0.23468908621156362
India,city,06_10,2100,0.2296450674603907
India,city,11_20,2011,0.145687548677459
India,city,11_20,2012,0.14472060108674858
India,city,11_20,2013,0.14353571617733601
India,city,11_20,2014,0.1421109905225836
India,city,11_20,2015,0.1405497224670209
India,city,11_20,2016,0.13893848300342965
India,city,11_20,2017,0.13765094834155392
India,city,11_20,2018,0.13642851001853395
India,city,11_20,2019,0.1357746488186008
India,city,11_20,2020,0.13741950728077756
India,city,11_20,2025,0.13118609154331717
India,city,11_20,2030,0.12607656010072413
India,city,11_20,2035,0.12219142936787158
India,city,11_20,2040,0.11843253403617035
India,city,11_20,2045,0.11480931858007258
India,city,11_20,2050,0.11132336445682334
India,city,11_20,2055,0.10795493171811843
India,city,11_20,2060,0.10473194396719816
India,city,11_20,2065,0.10171616440244559
India,city,11_20,2070,0.09888562323878132
India,city,11_20,2075,0.09622083250712832
India,city,11_20,2080,0.09375438862314982
India,city,11_20,2085,0.09146786391788567
India,city,11_20,2090,0.08936469242937936
India,city,11_20,2095,0.08738980865105818
India,city,11_20,2100,0.08551159675542708
India,city,21_30,2011,0.43292180947654
India,city,21_30,2012,0.43004844998604497
India,city,21_30,2013,0.4265274729110583
India,city,21_30,2014,0.4222937905266522
India,city,21_30,2015,0.4176543618463844
India,city,21_30,2016,0.4128664392654215
India,city,21_30,2017,0.40904043051832495
India,city,21_30,2018,0.4054078605727154
India,city,21_30,2019,0.403464861487404
India,city,21_30,2020,0.4083526855207048
India,city,21_30,2025,0.389829608944989
India,city,21_30,2030,0.37464624140407504
India,city,21_30,2035,0.36310127519256186
India,city,21_30,2040,0.35193142723090975
India,city,21_30,2045,0.3411647625048122
India,city,21_30,2050,0.3308059804366864
India,city,21_30,2055,0.3207964222446638
India,city,21_30,2060,0.3112190650736799
India,city,21_30,2065,0.3022574430407254
India,city,21_30,2070,0.2938462712316347
India,city,21_30,2075,0.2859276396402856
India,city,21_30,2080,0.2785984110348384
India,city,21_30,2085,0.27180382617290694
India,city,21_30,2090,0.26555408956391635
India,city,21_30,2095,0.25968556979968094
India,city,21_30,2100,0.2541043180055612
India,city,31_50,2011,0.0
India,city,31_50,2012,0.0
India,city,31_50,2013,0.0
India,city,31_50,2014,0.0
India,city,31_50,2015,0.0
India,city,31_50,2016,0.0
India,city,31_50,2017,0.0
India,city,31_50,2018,0.0
India,city,31_50,2019,0.0
India,city,31_50,2020,0.0
India,city,31_50,2025,0.0
India,city,31_50,2030,0.0
India,city,31_50,2035,0.0
India,city,31_50,2040,0.0
India,city,31_50,2045,0.0
India,city,31_50,2050,0.0
India,city,31_50,2055,0.0
India,city,31_50,2060,0.0
India,city,31_50,2065,0.0
India,city,31_50,2070,0.0
India,city,31_50,2075,0.0
India,city,31_50,2080,0.0
India,city,31_50,2085,0.0
India,city,31_50,2090,0.0
India,city,31_50,2095,0.0
India,city,31_50,2100,0.0
India,city,51+,2011,0.0
India,city,51+,2012,0.0
India,city,51+,2013,0.0
India,city,51+,2014,0.0
India,city,51+,2015,0.0
India,city,51+,2016,0.0
India,city,51+,2017,0.0
India,city,51+,2018,0.0
India,city,51+,2019,0.0
India,city,51+,2020,0.0
India,city,51+,2025,0.0
India,city,51+,2030,0.0
India,city,51+,2035,0.0
India,city,51+,2040,0.0
India,city,51+,2045,0.0
India,city,51+,2050,0.0
India,city,51+,2055,0.0
India,city,51+,2060,0.0
India,city,51+,2065,0.0
India,city,51+,2070,0.0
India,city,51+,2075,0.0
India,city,51+,2080,0.0
India,city,51+,2085,0.0
India,city,51+,2090,0.0
India,city,51+,2095,0.0
India,city,51+,2100,0.0
India,town,No_travel,2011,0.0
India,town,No_travel,2012,0.0
India,town,No_travel,2013,0.0
India,town,No_travel,2014,0.0
India,town,No_travel,2015,0.0
India,town,No_travel,2016,0.0
India,town,No_travel,2017,0.0
India,town,No_travel,2018,0.0
India,town,No_travel,2019,0.0
India,town,No_travel,2020,0.0
India,town,No_travel,2025,0.0
India,town,No_travel,2030,0.0
India,town,No_travel,2035,0.0
India,town,No_travel,2040,0.0
India,town,No_travel,2045,0.0
India,town,No_travel,2050,0.0
India,town,No_travel,2055,0.0
India,town,No_travel,2060,0.0
India,town,No_travel,2065,0.0
India,town,No_travel,2070,0.0
India,town,No_travel,2075,0.0
India,town,No_travel,2080,0.0
India,town,No_travel,2085,0.0
India,town,No_travel,2090,0.0
India,town,No_travel,2095,0.0
India,town,No_travel,2100,0.0
India,town,00_01,2011,0.809373601454855
India,town,00_01,2012,0.8040016814725643
India,town,00_01,2013,0.7974190011052534
India,town,00_01,2014,0.789503874900302
India,town,00_01,2015,0.7808301813661702
India,town,00_01,2016,0.7718788694710116
India,town,00_01,2017,0.7647259138770682
India,town,00_01,2018,0.7579346038643671
India,town,00_01,2019,0.7543020491330557
India,town,00_01,2020,0.7634401328574437
India,town,00_01,2025,0.7288101168362169
India,town,00_01,2030,0.700423889578086
India,town,00_01,2035,0.6788398744586227
India,town,00_01,2040,0.6579571656771991
India,town,00_01,2045,0.6378282324281322
India,town,00_01,2050,0.618461860566889
India,town,00_01,2055,0.5997483839401397
India,town,00_01,2060,0.5818429333571083
India,town,00_01,2065,0.5650886369901504
India,town,00_01,2070,0.5493634407293967
India,town,00_01,2075,0.5345590783032258
India,town,00_01,2080,0.5208566405363472
India,town,00_01,2085,0.508153751701198
India,town,00_01,2090,0.496469489747569
India,town,00_01,2095,0.48549793582532297
India,town,00_01,2100,0.47506344681056273
India,town,02_05,2011,0.581333504919286
India,town,02_05,2012,0.5774751173145537
India,town,02_05,2013,0.5727470996935025
India,town,02_05,2014,0.5670620513421207
India,town,02_05,2015,0.5608321611483597
India,town,02_05,2016,0.5544028712527113
India,town,02_05,2017,0.5492652528049579
India,town,02_05,2018,0.5443873867050747
India,town,02_05,2019,0.5417783001596664
India,town,02_05,2020,0.5483417391329609
India,town,02_05,2025,0.5234686909474947
India,town,02_05,2030,0.5030802511049518
India,town,02_05,2035,0.4875775078266016
India,town,02_05,2040,0.472578478618962
India,town,02_05,2045,0.4581208495402119
India,town,02_05,2050,0.44421093104098014
India,town,02_05,2055,0.4307699552825682
India,town,02_05,2060,0.41790934514420636
India,town,02_05,2065,0.4058755528238828
India,town,02_05,2070,0.39458091281909935
India,town,02_05,2075,0.38394766275777853
India,town,02_05,2080,0.37410587132964257
India,town,02_05,2085,0.36498200705254796
India,town,02_05,2090,0.35658977268551556
India,town,02_05,2095,0.34870944166833695
India,town,02_05,2100,0.3412148581285615
India,town,06_10,2011,0.467167283694754
India,town,06_10,2012,0.4640666324481093
India,town,06_10,2013,0.46026713503294814
India,town,06_10,2014,0.4556985550809684
India,town,06_10,2015,0.45069213302734873
India,town,06_10,2016,0.4455254707393163
India,town,06_10,2017,0.44139681268918335
India,town,06_10,2018,0.437476895057005
India,town,06_10,2019,0.4353801986443114
India,town,06_10,2020,0.4406546649031862
India,town,06_10,2025,0.42066635482010184
India,town,06_10,2030,0.4042819352409532
India,town,06_10,2035,0.39182372595853865
India,town,06_10,2040,0.3797703079571728
India,town,06_10,2045,0.36815196625102303
India,town,06_10,2050,0.35697377200157276
India,town,06_10,2055,0.34617242633315787
India,town,06_10,2060,0.3358374701433717
India,town,06_10,2065,0.32616695567403464
India,town,06_10,2070,0.3170904337693194
India,town,06_10,2075,0.3085454135598202
India,town,06_10,2080,0.3006364199627438
India,town,06_10,2085,0.2933043621077236
India,town,06_10,2090,0.28656025171291566
India,town,06_10,2095,0.2802275136120522
India,town,06_10,2100,0.2742047672795723
India,town,11_20,2011,0.112734185376748
India,town,11_20,2012,0.11198595363058769
India,town,11_20,2013,0.11106908025163094
India,town,11_20,2014,0.10996661619391346
India,town,11_20,2015,0.10875849453906793
India,town,11_20,2016,0.10751170461073321
India,town,11_20,2017,0.1065154000358499
India,town,11_20,2018,0.10556946752638009
India,town,11_20,2019,0.10506350452272548
India,town,11_20,2020,0.10633630909989684
India,town,11_20,2025,0.10151284236127416
India,town,11_20,2030,0.09755904624028328
India,town,11_20,2035,0.09455270113923439
India,town,11_20,2040,0.0916440379968957
India,town,11_20,2045,0.0888403650228111
India,town,11_20,2050,0.08614290596119109
India,town,11_20,2055,0.08353638588283507
India,town,11_20,2060,0.08104241229430527
India,town,11_20,2065,0.0787087780503733
India,town,11_20,2070,0.07651848275638422
India,town,11_20,2075,0.07445644646667011
India,town,11_20,2080,0.07254789254725888
India,town,11_20,2085,0.07077856152115695
India,town,11_20,2090,0.06915111067435001
India,town,11_20,2095,0.06762292987932754
India,town,11_20,2100,0.06616955455699534
India,town,21_30,2011,0.357090543456726
India,town,21_30,2012,0.3547204861402603
India,town,21_30,2013,0.3518162489554303
India,town,21_30,2014,0.3483241450457227
India,town,21_30,2015,0.3444973660004056
India,town,21_30,2016,0.34054810347992404
India,town,21_30,2017,0.3373922644511099
India,town,21_30,2018,0.3343959811786392
India,town,21_30,2019,0.3327933208734246
India,town,21_30,2020,0.33682498595050314
India,town,21_30,2025,0.3215464406424934
India,town,21_30,2030,0.309022615674553
India,town,21_30,2035,0.2994998839285051
India,town,21_30,2040,0.2902865641288439
India,town,21_30,2045,0.28140580535416526
India,town,21_30,2050,0.27286148386865394
India,town,21_30,2055,0.26460521565506384
India,town,21_30,2060,0.2567054434509307
India,town,21_30,2065,0.24931355324823826
India,town,21_30,2070,0.24237569554121313
India,town,21_30,2075,0.2358441039316163
India,town,21_30,2080,0.22979867455257377
India,town,21_30,2085,0.22419423987684411
India,town,21_30,2090,0.21903921697590895
India,town,21_30,2095,0.2141986363767675
India,town,21_30,2100,0.20959500543763587
India,town,31_50,2011,0.0
India,town,31_50,2012,0.0
India,town,31_50,2013,0.0
India,town,31_50,2014,0.0
India,town,31_50,2015,0.0
India,town,31_50,2016,0.0
India,town,31_50,2017,0.0
India,town,31_50,2018,0.0
India,town,31_50,2019,0.0
India,town,31_50,2020,0.0
India,town,31_50,2025,0.0
India,town,31_50,2030,0.0
India,town,31_50,2035,0.0
India,town,31_50,2040,0.0
India,town,31_50,2045,0.0
India,town,31_50,2050,0.0
India,town,31_50,2055,0.0
India,town,31_50,2060,0.0
India,town,31_50,2065,0.0
India,town,31_50,2070,0.0
India,town,31_50,2075,0.0
India,town,31_50,2080,0.0
India,town,31_50,2085,0.0
India,town,31_50,2090,0.0
India,town,31_50,2095,0.0
India,town,31_50,2100,0.0
India,town,51+,2011,0.0
India,town,51+,2012,0.0
India,town,51+,2013,0.0
India,town,51+,2014,0.0
India,town,51+,2015,0.0
India,town,51+,2016,0.0
India,town,51+,2017,0.0
India,town,51+,2018,0.0
India,town,51+,2019,0.0
India,town,51+,2020,0.0
India,town,51+,2025,0.0
India,town,51+,2030,0.0
India,town,51+,2035,0.0
India,town,51+,2040,0.0
India,town,51+,2045,0.0
India,town,51+,2050,0.0
India,town,51+,2055,0.0
India,town,51+,2060,0.0
India,town,51+,2065,0.0
India,town,51+,2070,0.0
India,town,51+,2075,0.0
India,town,51+,2080,0.0
India,town,51+,2085,0.0
India,town,51+,2090,0.0
India,town,51+,2095,0.0
India,town,51+,2100,0.0
India,rural,No_travel,2011,0.0
India,rural,No_travel,2012,0.0
India,rural,No_travel,2013,0.0
India,rural,No_travel,2014,0.0
India,rural,No_travel,2015,0.0
India,rural,No_travel,2016,0.0
India,rural,No_travel,2017,0.0
India,rural,No_travel,2018,0.0
India,rural,No_travel,2019,0.0
India,rural,No_travel,2020,0.0
India,rural,No_travel,2025,0.0
India,rural,No_travel,2030,0.0
India,rural,No_travel,2035,0.0
India,rural,No_travel,2040,0.0
India,rural,No_travel,2045,0.0
India,rural,No_travel,2050,0.0
India,rural,No_travel,2055,0.0
India,rural,No_travel,2060,0.0
India,rural,No_travel,2065,0.0
India,rural,No_travel,2070,0.0
India,rural,No_travel,2075,0.0
India,rural,No_travel,2080,0.0
India,rural,No_travel,2085,0.0
India,rural,No_travel,2090,0.0
India,rural,No_travel,2095,0.0
India,rural,No_travel,2100,0.0
India,rural,00_01,2011,0.900728094580366
India,rural,00_01,2012,0.89474984270609
India,rural,00_01,2013,0.88742417118206
India,rural,00_01,2014,0.878615659844238
India,rural,00_01,2015,0.8689629612191168
India,rural,00_01,2016,0.8590013092788656
India,rural,00_01,2017,0.8510409952147926
India,rural,00_01,2018,0.8434831458897722
India,rural,00_01,2019,0.8394405824855399
India,rural,00_01,2020,0.8496100873055499
India,rural,00_01,2025,0.8110713602084232
India,rural,00_01,2030,0.7794811621285966
India,rural,00_01,2035,0.7554609460293786
India,rural,00_01,2040,0.7322211931432481
India,rural,00_01,2045,0.7098202948945563
India,rural,00_01,2050,0.6882680288036472
India,rural,00_01,2055,0.6674423506314314
India,rural,00_01,2060,0.6475159008963935
India,rural,00_01,2065,0.62887053685744
India,rural,00_01,2070,0.6113704280827147
India,rural,00_01,2075,0.5948950882203412
India,rural,00_01,2080,0.5796460479271052
India,rural,00_01,2085,0.5655093762644968
India,rural,00_01,2090,0.5525063045221611
India,rural,00_01,2095,0.540296384602353
India,rural,00_01,2100,0.5286841484344194
India,rural,02_05,2011,0.722077962195642
India,rural,02_05,2012,0.7172854349536884
India,rural,02_05,2013,0.7114127348596043
India,rural,02_05,2014,0.7043513009429072
India,rural,02_05,2015,0.6966131155850236
India,rural,02_05,2016,0.6886272546172141
India,rural,02_05,2017,0.682245786788678
India,rural,02_05,2018,0.6761869589670202
India,rural,02_05,2019,0.6729461963411639
India,rural,02_05,2020,0.6810986847126881
India,rural,02_05,2025,0.6502037168579641
India,rural,02_05,2030,0.6248791089190223
India,rural,02_05,2035,0.6056230550701605
India,rural,02_05,2040,0.5869926676014922
India,rural,02_05,2045,0.5690347566002782
India,rural,02_05,2050,0.5517571603164939
India,rural,02_05,2055,0.5350620407277775
India,rural,02_05,2060,0.5190877968854408
India,rural,02_05,2065,0.5041405485974702
India,rural,02_05,2070,0.490111405997957
India,rural,02_05,2075,0.4769037799608834
India,rural,02_05,2080,0.4646792296147449
India,rural,02_05,2085,0.4533464210482255
India,rural,02_05,2090,0.4429223745435321
India,rural,02_05,2095,0.4331341663735911
India,rural,02_05,2100,0.4238250975445762
India,rural,06_10,2011,0.560969409411097
India,rural,06_10,2012,0.5572461810102045
India,rural,06_10,2013,0.5526837857067812
India,rural,06_10,2014,0.547197884431246
India,rural,06_10,2015,0.5411862271069784
India,rural,06_10,2016,0.5349821550464916
India,rural,06_10,2017,0.5300245072212283
India,rural,06_10,2018,0.5253175126267609
India,rural,06_10,2019,0.5227998223059814
India,rural,06_10,2020,0.5291333442058863
India,rural,06_10,2025,0.5051315981637551
India,rural,06_10,2030,0.4854573647667433
India,rural,06_10,2035,0.4704976821275748
India,rural,06_10,2040,0.4560240684700968
India,rural,06_10,2045,0.44207288971098296
India,rural,06_10,2050,0.428650235245963
India,rural,06_10,2055,0.41568009647140175
India,rural,06_10,2060,0.40326999312636086
India,rural,06_10,2065,0.39165774419561156
India,rural,06_10,2070,0.3807587550966192
India,rural,06_10,2075,0.3704979874709035
India,rural,06_10,2080,0.36100095370582713
India,rural,06_10,2085,0.3521966981248945
India,rural,06_10,2090,0.34409844347988255
India,rural,06_10,2095,0.33649416022549766
India,rural,06_10,2100,0.3292621117257751
India,rural,11_20,2011,0.225558156612901
India,rural,11_20,2012,0.22406109719991854
India,rural,11_20,2013,0.22222662020863332
India,rural,11_20,2014,0.22002081404824192
India,rural,11_20,2015,0.21760360854380326
India,rural,11_20,2016,0.21510903569547973
India,rural,11_20,2017,0.21311563305026904
India,rural,11_20,2018,0.2112230146541438
India,rural,11_20,2019,0.21021068567835646
India,rural,11_20,2020,0.21275730854342445
India,rural,11_20,2025,0.20310653347097002
India,rural,11_20,2030,0.1951957922730487
India,rural,11_20,2035,0.18918070770159734
India,rural,11_20,2040,0.18336106484525114
India,rural,11_20,2045,0.17775148594363815
India,rural,11_20,2050,0.17235441945981655
India,rural,11_20,2055,0.16713930336984162
India,rural,11_20,2060,0.16214936989589052
India,rural,11_20,2065,0.15748024281158193
India,rural,11_20,2070,0.1530979077878351
India,rural,11_20,2075,0.14897219292306305
India,rural,11_20,2080,0.14515356503818444
India,rural,11_20,2085,0.14161349382241392
India,rural,11_20,2090,0.13835729596408802
India,rural,11_20,2095,0.1352997172718345
India,rural,11_20,2100,0.1323918091029292
India,rural,21_30,2011,0.316687599761256
India,rural,21_30,2012,0.31458570214284687
India,rural,21_30,2013,0.31201006433878203
India,rural,21_30,2014,0.3089130738820291
India,rural,21_30,2015,0.30551927504617443
India,rural,21_30,2016,0.3020168511053681
India,rural,21_30,2017,0.2992180789015638
India,rural,21_30,2018,0.29656080954747205
India,rural,21_30,2019,0.29513948194697626
India,rural,21_30,2020,0.2987149850223077
India,rural,21_30,2025,0.285165127905961
India,rural,21_30,2030,0.2740583088047497
India,rural,21_30,2035,0.26561302478621135
India,rural,21_30,2040,0.25744214435643836
India,rural,21_30,2045,0.24956619739579725
India,rural,21_30,2050,0.2419886215892763
India,rural,21_30,2055,0.2346665073203392
India,rural,21_30,2060,0.22766055338560334
India,rural,21_30,2065,0.22110501723690357
India,rural,21_30,2070,0.21495214216086792
India,rural,21_30,2075,0.20915956627957846
India,rural,21_30,2080,0.2037981458929107
India,rural,21_30,2085,0.19882782394516452
India,rural,21_30,2090,0.19425606515982075
India,rural,21_30,2095,0.1899631711600143
India,rural,21_30,2100,0.185880417194627
India,rural,31_50,2011,0.0
India,rural,31_50,2012,0.0
India,rural,31_50,2013,0.0
India,rural,31_50,2014,0.0
India,rural,31_50,2015,0.0
India,rural,31_50,2016,0.0
India,rural,31_50,2017,0.0
India,rural,31_50,2018,0.0
India,rural,31_50,2019,0.0
India,rural,31_50,2020,0.0
India,rural,31_50,2025,0.0
India,rural,31_50,2030,0.0
India,rural,31_50,2035,0.0
India,rural,31_50,2040,0.0
India,rural,31_50,2045,0.0
India,rural,31_50,2050,0.0
India,rural,31_50,2055,0.0
India,rural,31_50,2060,0.0
India,rural,31_50,2065,0.0
India,rural,31_50,2070,0.0
India,rural,31_50,2075,0.0
India,rural,31_50,2080,0.0
India,rural,31_50,2085,0.0
India,rural,31_50,2090,0.0
India,rural,31_50,2095,0.0
India,rural,31_50,2100,0.0
India,rural,51+,2011,0.0
India,rural,51+,2012,0.0
India,rural,51+,2013,0.0
India,rural,51+,2014,0.0
India,rural,51+,2015,0.0
India,rural,51+,2016,0.0
India,rural,51+,2017,0.0
India,rural,51+,2018,0.0
India,rural,51+,2019,0.0
India,rural,51+,2020,0.0
India,rural,51+,2025,0.0
India,rural,51+,2030,0.0
India,rural,51+,2035,0.0
India,rural,51+,2040,0.0
India,rural,51+,2045,0.0
India,rural,51+,2050,0.0
India,rural,51+,2055,0.0
India,rural,51+,2060,0.0
India,rural,51+,2065,0.0
India,rural,51+,2070,0.0
India,rural,51+,2075,0.0
India,rural,51+,2080,0.0
India,rural,51+,2085,0.0
India,rural,51+,2090,0.0
India,rural,51+,2095,0.0
India,rural,51+,2100,0.0
Maldives,large_city,No_travel,2011,0.0
Maldives,large_city,No_travel,2012,0.0
Maldives,large_city,No_travel,2013,0.0
Maldives,large_city,No_travel,2014,0.0
Maldives,large_city,No_travel,2015,0.0
Maldives,large_city,No_travel,2016,0.0
Maldives,large_city,No_travel,2017,0.0
Maldives,large_city,No_travel,2018,0.0
Maldives,large_city,No_travel,2019,0.0
Maldives,large_city,No_travel,2020,0.0
Maldives,large_city,No_travel,2025,0.0
Maldives,large_city,No_travel,2030,0.0
Maldives,large_city,No_travel,2035,0.0
Maldives,large_city,No_travel,2040,0.0
Maldives,large_city,No_travel,2045,0.0
Maldives,large_city,No_travel,2050,0.0
Maldives,large_city,No_travel,2055,0.0
Maldives,large_city,No_travel,2060,0.0
Maldives,large_city,No_travel,2065,0.0
Maldives,large_city,No_travel,2070,0.0
Maldives,large_city,No_travel,2075,0.0
Maldives,large_city,No_travel,2080,0.0
Maldives,large_city,No_travel,2085,0.0
Maldives,large_city,No_travel,2090,0.0
Maldives,large_city,No_travel,2095,0.0
Maldives,large_city,No_travel,2100,0.0
Maldives,large_city,00_01,2011,0.798031141556873
Maldives,large_city,00_01,2012,0.8006416215003683
Maldives,large_city,00_01,2013,0.7964173798096393
Maldives,large_city,00_01,2014,0.7943573263426098
Maldives,large_city,00_01,2015,0.7960547894734767
Maldives,large_city,00_01,2016,0.7923963030184391
Maldives,large_city,00_01,2017,0.7899455582279561
Maldives,large_city,00_01,2018,0.7865319822588578
Maldives,large_city,00_01,2019,0.7820043948970824
Maldives,large_city,00_01,2020,0.8222091770122647
Maldives,large_city,00_01,2025,0.7693861550215083
Maldives,large_city,00_01,2030,0.749253586063605
Maldives,large_city,00_01,2035,0.7325331602152688
Maldives,large_city,00_01,2040,0.7190847575548885
Maldives,large_city,00_01,2045,0.7085976721566889
Maldives,large_city,00_01,2050,0.7002084687732911
Maldives,large_city,00_01,2055,0.6930063652302586
Maldives,large_city,00_01,2060,0.6865305227991895
Maldives,large_city,00_01,2065,0.6807596676515464
Maldives,large_city,00_01,2070,0.6760048258904497
Maldives,large_city,00_01,2075,0.6720922551881499
Maldives,large_city,00_01,2080,0.6685476205635505
Maldives,large_city,00_01,2085,0.6642987513475177
Maldives,large_city,00_01,2090,0.6595253236286532
Maldives,large_city,00_01,2095,0.6552950492715541
Maldives,large_city,00_01,2100,0.6521091739744823
Maldives,large_city,02_05,2011,0.44170968683356
Maldives,large_city,02_05,2012,0.4431545856830924
Maldives,large_city,02_05,2013,0.4408164708187013
Maldives,large_city,02_05,2014,0.43967623264452826
Maldives,large_city,02_05,2015,0.4406157773175394
Maldives,large_city,02_05,2016,0.43859080758617414
Maldives,large_city,02_05,2017,0.4372343220337415
Maldives,large_city,02_05,2018,0.4353449100875468
Maldives,large_city,02_05,2019,0.432838893603303
Maldives,large_city,02_05,2020,0.45509221279415957
Maldives,large_city,02_05,2025,0.42585470652890256
Maldives,large_city,02_05,2030,0.4147113434864507
Maldives,large_city,02_05,2035,0.40545659930343064
Maldives,large_city,02_05,2040,0.39801291769980385
Maldives,large_city,02_05,2045,0.39220832315979814
Maldives,large_city,02_05,2050,0.3875649048690852
Maldives,large_city,02_05,2055,0.3835785455218428
Maldives,large_city,02_05,2060,0.3799941711995193
Maldives,large_city,02_05,2065,0.3768000068526814
Maldives,large_city,02_05,2070,0.3741682052150414
Maldives,large_city,02_05,2075,0.37200260002793617
Maldives,large_city,02_05,2080,0.3700406472062497
Maldives,large_city,02_05,2085,0.36768890102357665
Maldives,large_city,02_05,2090,0.3650468120711219
Maldives,large_city,02_05,2095,0.3627053581300527
Maldives,large_city,02_05,2100,0.360941978348889
Maldives,large_city,06_10,2011,0.287162738207747
Maldives,large_city,06_10,2012,0.2881020907336999
Maldives,large_city,06_10,2013,0.2865820437736345
Maldives,large_city,06_10,2014,0.2858407561676239
Maldives,large_city,06_10,2015,0.2864515696249979
Maldives,large_city,06_10,2016,0.28513510347046284
Maldives,large_city,06_10,2017,0.28425322988428864
Maldives,large_city,06_10,2018,0.2830248920772526
Maldives,large_city,06_10,2019,0.2813956895103631
Maldives,large_city,06_10,2020,0.2958629386188602
Maldives,large_city,06_10,2025,0.2768551545295314
Maldives,large_city,06_10,2030,0.2696106707894244
Maldives,large_city,06_10,2035,0.2635940092575942
Maldives,large_city,06_10,2040,0.2587547493197664
Maldives,large_city,06_10,2045,0.25498108686232096
Maldives,large_city,06_10,2050,0.2519623241981743
Maldives,large_city,06_10,2055,0.24937072636874857
Maldives,large_city,06_10,2060,0.2470404656209289
Maldives,large_city,06_10,2065,0.24496388680125467
Maldives,large_city,06_10,2070,0.2432529092356458
Maldives,large_city,06_10,2075,0.24184501365639316
Maldives,large_city,06_10,2080,0.24056951583213512
Maldives,large_city,06_10,2085,0.23904060692767526
Maldives,large_city,06_10,2090,0.23732294140937016
Maldives,large_city,06_10,2095,0.23580072366059324
Maldives,large_city,06_10,2100,0.2346543214386063
Maldives,large_city,11_20,2011,0.0531984546790542
Maldives,large_city,11_20,2012,0.05337247482906199
Maldives,large_city,11_20,2013,0.0530908778857407
Maldives,large_city,11_20,2014,0.0529535503363566
Maldives,large_city,11_20,2015,0.0530667068420797
Maldives,large_city,11_20,2016,0.05282282434710267
Maldives,large_city,11_20,2017,0.0526594524824257
Maldives,large_city,11_20,2018,0.05243189624178663
Maldives,large_city,11_20,2019,0.05213007763029614
Maldives,large_city,11_20,2020,0.054810213990718296
Maldives,large_city,11_20,2025,0.05128891889952207
Maldives,large_city,11_20,2030,0.04994683899623596
Maldives,large_city,11_20,2035,0.048832219816122416
Maldives,large_city,11_20,2040,0.047935720666931095
Maldives,large_city,11_20,2045,0.04723662923024468
Maldives,large_city,11_20,2050,0.04667738707446316
Maldives,large_city,11_20,2055,0.046197279521040614
Maldives,large_city,11_20,2060,0.045765586079346304
Maldives,large_city,11_20,2065,0.045380888590683954
Maldives,large_city,11_20,2070,0.04506392071717429
Maldives,large_city,11_20,2075,0.04480310042540117
Maldives,large_city,11_20,2080,0.04456680753579955
Maldives,large_city,11_20,2085,0.04428356886921646
Maldives,large_city,11_20,2090,0.04396536201619773
Maldives,large_city,11_20,2095,0.04368336292249437
Maldives,large_city,11_20,2100,0.043470985693362996
Maldives,large_city,21_30,2011,0.126017818840264
Maldives,large_city,21_30,2012,0.126430042087547
Maldives,large_city,21_30,2013,0.12576298826420715
Maldives,large_city,21_30,2014,0.12543768335930966
Maldives,large_city,21_30,2015,0.12570573129650708
Maldives,large_city,21_30,2016,0.12512801639377652
Maldives,large_city,21_30,2017,0.12474101706887761
Maldives,large_city,21_30,2018,0.12420197620233688
Maldives,large_city,21_30,2019,0.12348702078991201
Maldives,large_city,21_30,2020,0.12983579427163242
Maldives,large_city,21_30,2025,0.12149446312653445
Maldives,large_city,21_30,2030,0.11831531096616055
Maldives,large_city,21_30,2035,0.11567497340818378
Maldives,large_city,21_30,2040,0.1135513239891392
Maldives,large_city,21_30,2045,0.11189529885546526
Maldives,large_city,21_30,2050,0.11057055216685772
Maldives,large_city,21_30,2055,0.10943326148696761
Maldives,large_city,21_30,2060,0.10841065535567743
Maldives,large_city,21_30,2065,0.10749937440349511
Maldives,large_city,21_30,2070,0.10674853304347622
Maldives,large_city,21_30,2075,0.10613069546761388
Maldives,large_city,21_30,2080,0.10557095901032945
Maldives,large_city,21_30,2085,0.10490001623221001
Maldives,large_city,21_30,2090,0.10414623994680162
Maldives,large_city,21_30,2095,0.10347823349966283
Maldives,large_city,21_30,2100,0.10297514905204234
Maldives,large_city,31_50,2011,0.0
Maldives,large_city,31_50,2012,0.0
Maldives,large_city,31_50,2013,0.0
Maldives,large_city,31_50,2014,0.0
Maldives,large_city,31_50,2015,0.0
Maldives,large_city,31_50,2016,0.0
Maldives,large_city,31_50,2017,0.0
Maldives,large_city,31_50,2018,0.0
Maldives,large_city,31_50,2019,0.0
Maldives,large_city,31_50,2020,0.0
Maldives,large_city,31_50,2025,0.0
Maldives,large_city,31_50,2030,0.0
Maldives,large_city,31_50,2035,0.0
Maldives,large_city,31_50,2040,0.0
Maldives,large_city,31_50,2045,0.0
Maldives,large_city,31_50,2050,0.0
Maldives,large_city,31_50,2055,0.0
Maldives,large_city,31_50,2060,0.0
Maldives,large_city,31_50,2065,0.0
Maldives,large_city,31_50,2070,0.0
Maldives,large_city,31_50,2075,0.0
Maldives,large_city,31_50,2080,0.0
Maldives,large_city,31_50,2085,0.0
Maldives,large_city,31_50,2090,0.0
Maldives,large_city,31_50,2095,0.0
Maldives,large_city,31_50,2100,0.0
Maldives,large_city,51+,2011,0.0
Maldives,large_city,51+,2012,0.0
Maldives,large_city,51+,2013,0.0
Maldives,large_city,51+,2014,0.0
Maldives,large_city,51+,2015,0.0
Maldives,large_city,51+,2016,0.0
Maldives,large_city,51+,2017,0.0
Maldives,large_city,51+,2018,0.0
Maldives,large_city,51+,2019,0.0
Maldives,large_city,51+,2020,0.0
Maldives,large_city,51+,2025,0.0
Maldives,large_city,51+,2030,0.0
Maldives,large_city,51+,2035,0.0
Maldives,large_city,51+,2040,0.0
Maldives,large_city,51+,2045,0.0
Maldives,large_city,51+,2050,0.0
Maldives,large_city,51+,2055,0.0
Maldives,large_city,51+,2060,0.0
Maldives,large_city,51+,2065,0.0
Maldives,large_city,51+,2070,0.0
Maldives,large_city,51+,2075,0.0
Maldives,large_city,51+,2080,0.0
Maldives,large_city,51+,2085,0.0
Maldives,large_city,51+,2090,0.0
Maldives,large_city,51+,2095,0.0
Maldives,large_city,51+,2100,0.0
Maldives,city,No_travel,2011,0.0
Maldives,city,No_travel,2012,0.0
Maldives,city,No_travel,2013,0.0
Maldives,city,No_travel,2014,0.0
Maldives,city,No_travel,2015,0.0
Maldives,city,No_travel,2016,0.0
Maldives,city,No_travel,2017,0.0
Maldives,city,No_travel,2018,0.0
Maldives,city,No_travel,2019,0.0
Maldives,city,No_travel,2020,0.0
Maldives,city,No_travel,2025,0.0
Maldives,city,No_travel,2030,0.0
Maldives,city,No_travel,2035,0.0
Maldives,city,No_travel,2040,0.0
Maldives,city,No_travel,2045,0.0
Maldives,city,No_travel,2050,0.0
Maldives,city,No_travel,2055,0.0
Maldives,city,No_travel,2060,0.0
Maldives,city,No_travel,2065,0.0
Maldives,city,No_travel,2070,0.0
Maldives,city,No_travel,2075,0.0
Maldives,city,No_travel,2080,0.0
Maldives,city,No_travel,2085,0.0
Maldives,city,No_travel,2090,0.0
Maldives,city,No_travel,2095,0.0
Maldives,city,No_travel,2100,0.0
Maldives,city,00_01,2011,0.784266131199457
Maldives,city,00_01,2012,0.7868315837228569
Maldives,city,00_01,2013,0.7826802047659202
Maldives,city,00_01,2014,0.7806556845705059
Maldives,city,00_01,2015,0.7823238686465078
Maldives,city,00_01,2016,0.7787284863754094
Maldives,city,00_01,2017,0.776320013779165
Maldives,city,00_01,2018,0.7729653176032522
Maldives,city,00_01,2019,0.7685158252977767
Maldives,city,00_01,2020,0.8080271266533567
Maldives,city,00_01,2025,0.7561152338240442
Maldives,city,00_01,2030,0.7363299257758922
Maldives,city,00_01,2035,0.7198979057591051
Maldives,city,00_01,2040,0.7066814707404258
Maldives,city,00_01,2045,0.6963752740715101
Maldives,city,00_01,2050,0.6881307736520063
Maldives,city,00_01,2055,0.6810528971280743
Maldives,city,00_01,2060,0.6746887546464116
Maldives,city,00_01,2065,0.66901743932465
Maldives,city,00_01,2070,0.664344612465831
Maldives,city,00_01,2075,0.660499528573803
Maldives,city,00_01,2080,0.657016034335562
Maldives,city,00_01,2085,0.6528404526464444
Maldives,city,00_01,2090,0.6481493604137144
Maldives,city,00_01,2095,0.6439920528461401
Maldives,city,00_01,2100,0.640861129798646
Maldives,city,02_05,2011,0.505179898463546
Maldives,city,02_05,2012,0.5068324179256604
Maldives,city,02_05,2013,0.5041583343250571
Maldives,city,02_05,2014,0.5028542528837324
Maldives,city,02_05,2015,0.5039288027445613
Maldives,city,02_05,2016,0.5016128607723211
Maldives,city,02_05,2017,0.5000614589034656
Maldives,city,02_05,2018,0.4979005533050921
Maldives,city,02_05,2019,0.4950344419410113
Maldives,city,02_05,2020,0.5204853882625707
Maldives,city,02_05,2025,0.48704668205648444
Maldives,city,02_05,2030,0.47430210529457734
Maldives,city,02_05,2035,0.463717527083944
Maldives,city,02_05,2040,0.4552042469164386
Maldives,city,02_05,2045,0.4485655777458277
Maldives,city,02_05,2050,0.44325493672855243
Maldives,city,02_05,2055,0.438695768862628
Maldives,city,02_05,2060,0.4345963481114388
Maldives,city,02_05,2065,0.43094320744346104
Maldives,city,02_05,2070,0.4279332365876936
Maldives,city,02_05,2075,0.42545645094965034
Maldives,city,02_05,2080,0.4232125809219067
Maldives,city,02_05,2085,0.4205229072896812
Maldives,city,02_05,2090,0.41750117091278427
Maldives,city,02_05,2095,0.41482326843641837
Maldives,city,02_05,2100,0.4128065048349974
Maldives,city,06_10,2011,0.391250172065705
Maldives,city,06_10,2012,0.3925300102498065
Maldives,city,06_10,2013,0.3904589942176244
Maldives,city,06_10,2014,0.3894490132388528
Maldives,city,06_10,2015,0.3902812273060022
Maldives,city,06_10,2016,0.38848758369926134
Maldives,city,06_10,2017,0.3872860587573963
Maldives,city,06_10,2018,0.3856124872440547
Maldives,city,06_10,2019,0.38339275014096214
Maldives,city,06_10,2020,0.403103920672154
Maldives,city,06_10,2025,0.3772064144638188
Maldives,city,06_10,2030,0.36733603390005104
Maldives,city,06_10,2035,0.35913852236258037
Maldives,city,06_10,2040,0.35254518335501017
Maldives,city,06_10,2045,0.34740368729946947
Maldives,city,06_10,2050,0.3432907183984749
Maldives,city,06_10,2055,0.33975974810958465
Maldives,city,06_10,2060,0.33658484135032807
Maldives,city,06_10,2065,0.333755568215602
Maldives,city,06_10,2070,0.33142441525640176
Maldives,city,06_10,2075,0.32950620194268615
Maldives,city,06_10,2080,0.3277683763935741
Maldives,city,06_10,2085,0.3256852862417106
Maldives,city,06_10,2090,0.3233450211579378
Maldives,city,06_10,2095,0.32127104749461527
Maldives,city,06_10,2100,0.31970911063118973
Maldives,city,11_20,2011,0.145687548677459
Maldives,city,11_20,2012,0.14616411457073675
Maldives,city,11_20,2013,0.14539294238847977
Maldives,city,11_20,2014,0.14501686165161715
Maldives,city,11_20,2015,0.14532674835857437
Maldives,city,11_20,2016,0.14465885973149106
Maldives,city,11_20,2017,0.144211454884278
Maldives,city,11_20,2018,0.14358827680354297
Maldives,city,11_20,2019,0.14276172622197886
Maldives,city,11_20,2020,0.15010146003242292
Maldives,city,11_20,2025,0.14045815642329884
Maldives,city,11_20,2030,0.13678278027903618
Maldives,city,11_20,2035,0.1337303206344977
Maldives,city,11_20,2040,0.13127519737527762
Maldives,city,11_20,2045,0.12936068842334095
Maldives,city,11_20,2050,0.12782916613976253
Maldives,city,11_20,2055,0.1265143592909237
Maldives,city,11_20,2060,0.1253321377455798
Maldives,city,11_20,2065,0.12427861778069142
Maldives,city,11_20,2070,0.12341057992546194
Maldives,city,11_20,2075,0.12269630600184878
Maldives,city,11_20,2080,0.12204920201990682
Maldives,city,11_20,2085,0.12127353386800072
Maldives,city,11_20,2090,0.12040210298399576
Maldives,city,11_20,2095,0.11962982948585063
Maldives,city,11_20,2100,0.11904822014975758
Maldives,city,21_30,2011,0.43292180947654
Maldives,city,21_30,2012,0.43433796185692886
Maldives,city,21_30,2013,0.43204636412197217
Maldives,city,21_30,2014,0.43092881114925863
Maldives,city,21_30,2015,0.43184966344670284
Maldives,city,21_30,2016,0.4298649807775899
Maldives,city,21_30,2017,0.42853548269911734
Maldives,city,21_30,2018,0.4266836608736625
Maldives,city,21_30,2019,0.42422750194557984
Maldives,city,21_30,2020,0.44603808817027085
Maldives,city,21_30,2025,0.41738226627133607
Maldives,city,21_30,2030,0.4064606020294331
Maldives,city,21_30,2035,0.39738998230479655
Maldives,city,21_30,2040,0.390094393810665
Maldives,city,21_30,2045,0.38440528250873474
Maldives,city,21_30,2050,0.3798542456886403
Maldives,city,21_30,2055,0.37594719553041683
Maldives,city,21_30,2060,0.3724341328475822
Maldives,city,21_30,2065,0.3693035168569948
Maldives,city,21_30,2070,0.36672407528912226
Maldives,city,21_30,2075,0.3646015551267636
Maldives,city,21_30,2080,0.36267863563690383
Maldives,city,21_30,2085,0.3603736777806909
Maldives,city,21_30,2090,0.35778415356560234
Maldives,city,21_30,2095,0.3554892831853754
Maldives,city,21_30,2100,0.3537609860970134
Maldives,city,31_50,2011,0.0
Maldives,city,31_50,2012,0.0
Maldives,city,31_50,2013,0.0
Maldives,city,31_50,2014,0.0
Maldives,city,31_50,2015,0.0
Maldives,city,31_50,2016,0.0
Maldives,city,31_50,2017,0.0
Maldives,city,31_50,2018,0.0
Maldives,city,31_50,2019,0.0
Maldives,city,31_50,2020,0.0
Maldives,city,31_50,2025,0.0
Maldives,city,31_50,2030,0.0
Maldives,city,31_50,2035,0.0
Maldives,city,31_50,2040,0.0
Maldives,city,31_50,2045,0.0
Maldives,city,31_50,2050,0.0
Maldives,city,31_50,2055,0.0
Maldives,city,31_50,2060,0.0
Maldives,city,31_50,2065,0.0
Maldives,city,31_50,2070,0.0
Maldives,city,31_50,2075,0.0
Maldives,city,31_50,2080,0.0
Maldives,city,31_50,2085,0.0
Maldives,city,31_50,2090,0.0
Maldives,city,31_50,2095,0.0
Maldives,city,31_50,2100,0.0
Maldives,city,51+,2011,0.0
Maldives,city,51+,2012,0.0
Maldives,city,51+,2013,0.0
Maldives,city,51+,2014,0.0
Maldives,city,51+,2015,0.0
Maldives,city,51+,2016,0.0
Maldives,city,51+,2017,0.0
Maldives,city,51+,2018,0.0
Maldives,city,51+,2019,0.0
Maldives,city,51+,2020,0.0
Maldives,city,51+,2025,0.0
Maldives,city,51+,2030,0.0
Maldives,city,51+,2035,0.0
Maldives,city,51+,2040,0.0
Maldives,city,51+,2045,0.0
Maldives,city,51+,2050,0.0
Maldives,city,51+,2055,0.0
Maldives,city,51+,2060,0.0
Maldives,city,51+,2065,0.0
Maldives,city,51+,2070,0.0
Maldives,city,51+,2075,0.0
Maldives,city,51+,2080,0.0
Maldives,city,51+,2085,0.0
Maldives,city,51+,2090,0.0
Maldives,city,51+,2095,0.0
Maldives,city,51+,2100,0.0
Maldives,town,No_travel,2011,0.0
Maldives,town,No_travel,2012,0.0
Maldives,town,No_travel,2013,0.0
Maldives,town,No_travel,2014,0.0
Maldives,town,No_travel,2015,0.0
Maldives,town,No_travel,2016,0.0
Maldives,town,No_travel,2017,0.0
Maldives,town,No_travel,2018,0.0
Maldives,town,No_travel,2019,0.0
Maldives,town,No_travel,2020,0.0
Maldives,town,No_travel,2025,0.0
Maldives,town,No_travel,2030,0.0
Maldives,town,No_travel,2035,0.0
Maldives,town,No_travel,2040,0.0
Maldives,town,No_travel,2045,0.0
Maldives,town,No_travel,2050,0.0
Maldives,town,No_travel,2055,0.0
Maldives,town,No_travel,2060,0.0
Maldives,town,No_travel,2065,0.0
Maldives,town,No_travel,2070,0.0
Maldives,town,No_travel,2075,0.0
Maldives,town,No_travel,2080,0.0
Maldives,town,No_travel,2085,0.0
Maldives,town,No_travel,2090,0.0
Maldives,town,No_travel,2095,0.0
Maldives,town,No_travel,2100,0.0
Maldives,town,00_01,2011,0.809373601454855
Maldives,town,00_01,2012,0.8120211842913725
Maldives,town,00_01,2013,0.8077369032243819
Maldives,town,00_01,2014,0.8056475701056937
Maldives,town,00_01,2015,0.8073691593721055
Maldives,town,00_01,2016,0.803658674650656
Maldives,town,00_01,2017,0.8011730972915442
Maldives,town,00_01,2018,0.797711003982054
Maldives,town,00_01,2019,0.7931190657755417
Maldives,town,00_01,2020,0.8338952806395249
Maldives,town,00_01,2025,0.7803214821722372
Maldives,town,00_01,2030,0.7599027679197995
Maldives,town,00_01,2035,0.7429446937520106
Maldives,town,00_01,2040,0.7293051482152135
Maldives,town,00_01,2045,0.7186690093034585
Maldives,town,00_01,2050,0.7101605697173649
Maldives,town,00_01,2055,0.7028561022860528
Maldives,town,00_01,2060,0.6962882183552789
Maldives,town,00_01,2065,0.6904353417304269
Maldives,town,00_01,2070,0.6856129191454902
Maldives,town,00_01,2075,0.6816447388635912
Maldives,town,00_01,2080,0.6780497241548211
Maldives,town,00_01,2085,0.6737404655301737
Maldives,town,00_01,2090,0.6688991928242434
Maldives,town,00_01,2095,0.6646087933482683
Maldives,town,00_01,2100,0.6613776370328059
Maldives,town,02_05,2011,0.581333504919286
Maldives,town,02_05,2012,0.5832351342869233
Maldives,town,02_05,2013,0.5801579445635914
Maldives,town,02_05,2014,0.5786572786873536
Maldives,town,02_05,2015,0.5798938121256516
Maldives,town,02_05,2016,0.5772287522766617
Maldives,town,02_05,2017,0.5754434835264539
Maldives,town,02_05,2018,0.5729568310901182
Maldives,town,02_05,2019,0.5696586662782609
Maldives,town,02_05,2020,0.5989462287359592
Maldives,town,02_05,2025,0.560466787376807
Maldives,town,02_05,2030,0.5458010227645459
Maldives,town,02_05,2035,0.5336208668082341
Maldives,town,02_05,2040,0.5238242477955065
Maldives,town,02_05,2045,0.5161848289890805
Maldives,town,02_05,2050,0.5100736326304558
Maldives,town,02_05,2055,0.5048271906341013
Maldives,town,02_05,2060,0.5001098005703326
Maldives,town,02_05,2065,0.4959059653129565
Maldives,town,02_05,2070,0.4924422548355404
Maldives,town,02_05,2075,0.48959210485871724
Maldives,town,02_05,2080,0.4870099814769697
Maldives,town,02_05,2085,0.48391485159459285
Maldives,town,02_05,2090,0.4804376019964472
Maldives,town,02_05,2095,0.47735601771894026
Maldives,town,02_05,2100,0.4750352360398326
Maldives,town,06_10,2011,0.467167283694754
Maldives,town,06_10,2012,0.468695458174215
Maldives,town,06_10,2013,0.4662225878643195
Maldives,town,06_10,2014,0.46501663294308593
Maldives,town,06_10,2015,0.46601032754812616
Maldives,town,06_10,2016,0.46386865024929325
Maldives,town,06_10,2017,0.4624339846990675
Maldives,town,06_10,2018,0.46043567795372137
Maldives,town,06_10,2019,0.45778522914371017
Maldives,town,06_10,2020,0.48132110120961324
Maldives,town,06_10,2025,0.4503985138381137
Maldives,town,06_10,2030,0.43861291166786215
Maldives,town,06_10,2035,0.4288247774472503
Maldives,town,06_10,2040,0.42095208499990244
Maldives,town,06_10,2045,0.4148129471339365
Maldives,town,06_10,2050,0.4099019090141221
Maldives,town,06_10,2055,0.4056857989228255
Maldives,town,06_10,2060,0.40189484195308156
Maldives,town,06_10,2065,0.39851658440957166
Maldives,town,06_10,2070,0.39573310091593716
Maldives,town,06_10,2075,0.3934426827454241
Maldives,town,06_10,2080,0.3913676542872189
Maldives,town,06_10,2085,0.3888803670285339
Maldives,town,06_10,2090,0.3860860033186357
Maldives,town,06_10,2095,0.38360960148695517
Maldives,town,06_10,2100,0.38174459067319205
Maldives,town,11_20,2011,0.112734185376748
Maldives,town,11_20,2012,0.11310295586018822
Maldives,town,11_20,2013,0.1125062166841834
Maldives,town,11_20,2014,0.11221520241500958
Maldives,town,11_20,2015,0.11245499521669403
Maldives,town,11_20,2016,0.11193817767820056
Maldives,town,11_20,2017,0.11159197224443465
Maldives,town,11_20,2018,0.11110975208276629
Maldives,town,11_20,2019,0.11047016066036133
Maldives,town,11_20,2020,0.11614970513423035
Maldives,town,11_20,2025,0.10868764000523241
Maldives,town,11_20,2030,0.1058436046752544
Maldives,town,11_20,2035,0.10348158709347541
Maldives,town,11_20,2040,0.10158179316365616
Maldives,town,11_20,2045,0.10010033089009629
Maldives,town,11_20,2050,0.09891522675049824
Maldives,town,11_20,2055,0.0978978187401557
Maldives,town,11_20,2060,0.09698300629352548
Maldives,town,11_20,2065,0.09616778415479095
Maldives,town,11_20,2070,0.09549608954963203
Maldives,town,11_20,2075,0.09494337869928575
Maldives,town,11_20,2080,0.09444264448472509
Maldives,town,11_20,2085,0.09384242629160128
Maldives,town,11_20,2090,0.09316810613375487
Maldives,town,11_20,2095,0.09257051475074526
Maldives,town,11_20,2100,0.09212046081472137
Maldives,town,21_30,2011,0.357090543456726
Maldives,town,21_30,2012,0.3582586403556603
Maldives,town,21_30,2013,0.3563684424893312
Maldives,town,21_30,2014,0.3554466418555159
Maldives,town,21_30,2015,0.3562061962141547
Maldives,town,21_30,2016,0.3545691536873307
Maldives,town,21_30,2017,0.3534725325863045
Maldives,town,21_30,2018,0.35194507878850145
Maldives,town,21_30,2019,0.3499191445268259
Maldives,town,21_30,2020,0.3679093541157164
Maldives,town,21_30,2025,0.3442729311148459
Maldives,town,21_30,2030,0.33526432278368173
Maldives,town,21_30,2035,0.3277825270966588
Maldives,town,21_30,2040,0.32176484537404915
Maldives,town,21_30,2045,0.3170722477683787
Maldives,town,21_30,2050,0.31331837772578586
Maldives,town,21_30,2055,0.3100956926270618
Maldives,town,21_30,2060,0.30719798353698896
Maldives,town,21_30,2065,0.30461573117417806
Maldives,town,21_30,2070,0.302488108654074
Maldives,town,21_30,2075,0.3007373724664217
Maldives,town,21_30,2080,0.299151274583093
Maldives,town,21_30,2085,0.2972500567753897
Maldives,town,21_30,2090,0.29511411770043666
Maldives,town,21_30,2095,0.29322122043053744
Maldives,town,21_30,2100,0.2917956545823209
Maldives,town,31_50,2011,0.0
Maldives,town,31_50,2012,0.0
Maldives,town,31_50,2013,0.0
Maldives,town,31_50,2014,0.0
Maldives,town,31_50,2015,0.0
Maldives,town,31_50,2016,0.0
Maldives,town,31_50,2017,0.0
Maldives,town,31_50,2018,0.0
Maldives,town,31_50,2019,0.0
Maldives,town,31_50,2020,0.0
Maldives,town,31_50,2025,0.0
Maldives,town,31_50,2030,0.0
Maldives,town,31_50,2035,0.0
Maldives,town,31_50,2040,0.0
Maldives,town,31_50,2045,0.0
Maldives,town,31_50,2050,0.0
Maldives,town,31_50,2055,0.0
Maldives,town,31_50,2060,0.0
Maldives,town,31_50,2065,0.0
Maldives,town,31_50,2070,0.0
Maldives,town,31_50,2075,0.0
Maldives,town,31_50,2080,0.0
Maldives,town,31_50,2085,0.0
Maldives,town,31_50,2090,0.0
Maldives,town,31_50,2095,0.0
Maldives,town,31_50,2100,0.0
Maldives,town,51+,2011,0.0
Maldives,town,51+,2012,0.0
Maldives,town,51+,2013,0.0
Maldives,town,51+,2014,0.0
Maldives,town,51+,2015,0.0
Maldives,town,51+,2016,0.0
Maldives,town,51+,2017,0.0
Maldives,town,51+,2018,0.0
Maldives,town,51+,2019,0.0
Maldives,town,51+,2020,0.0
Maldives,town,51+,2025,0.0
Maldives,town,51+,2030,0.0
Maldives,town,51+,2035,0.0
Maldives,town,51+,2040,0.0
Maldives,town,51+,2045,0.0
Maldives,town,51+,2050,0.0
Maldives,town,51+,2055,0.0
Maldives,town,51+,2060,0.0
Maldives,town,51+,2065,0.0
Maldives,town,51+,2070,0.0
Maldives,town,51+,2075,0.0
Maldives,town,51+,2080,0.0
Maldives,town,51+,2085,0.0
Maldives,town,51+,2090,0.0
Maldives,town,51+,2095,0.0
Maldives,town,51+,2100,0.0
Maldives,rural,No_travel,2011,0.0
Maldives,rural,No_travel,2012,0.0
Maldives,rural,No_travel,2013,0.0
Maldives,rural,No_travel,2014,0.0
Maldives,rural,No_travel,2015,0.0
Maldives,rural,No_travel,2016,0.0
Maldives,rural,No_travel,2017,0.0
Maldives,rural,No_travel,2018,0.0
Maldives,rural,No_travel,2019,0.0
Maldives,rural,No_travel,2020,0.0
Maldives,rural,No_travel,2025,0.0
Maldives,rural,No_travel,2030,0.0
Maldives,rural,No_travel,2035,0.0
Maldives,rural,No_travel,2040,0.0
Maldives,rural,No_travel,2045,0.0
Maldives,rural,No_travel,2050,0.0
Maldives,rural,No_travel,2055,0.0
Maldives,rural,No_travel,2060,0.0
Maldives,rural,No_travel,2065,0.0
Maldives,rural,No_travel,2070,0.0
Maldives,rural,No_travel,2075,0.0
Maldives,rural,No_travel,2080,0.0
Maldives,rural,No_travel,2085,0.0
Maldives,rural,No_travel,2090,0.0
Maldives,rural,No_travel,2095,0.0
Maldives,rural,No_travel,2100,0.0
Maldives,rural,00_01,2011,0.900728094580366
Maldives,rural,00_01,2012,0.9036745117099751
Maldives,rural,00_01,2013,0.8989066612201881
Maldives,rural,00_01,2014,0.8965815037952896
Maldives,rural,00_01,2015,0.8984974098945221
Maldives,rural,00_01,2016,0.8943681204945302
Maldives,rural,00_01,2017,0.8916019944995872
Maldives,rural,00_01,2018,0.8877491326020517
Maldives,rural,00_01,2019,0.8826388995233498
Maldives,rural,00_01,2020,0.9280175506834765
Maldives,rural,00_01,2025,0.8683968448362223
Maldives,rural,00_01,2030,0.8456734578251808
Maldives,rural,00_01,2035,0.8268013154604573
Maldives,rural,00_01,2040,0.811622266081755
Maldives,rural,00_01,2045,0.7997856196696943
Maldives,rural,00_01,2050,0.7903168273067379
Maldives,rural,00_01,2055,0.7821879001716007
Maldives,rural,00_01,2060,0.7748786951669439
Maldives,rural,00_01,2065,0.7683652007798762
Maldives,rural,00_01,2070,0.7629984684100738
Maldives,rural,00_01,2075,0.7585823971942083
Maldives,rural,00_01,2080,0.7545816109778078
Maldives,rural,00_01,2085,0.749785963698164
Maldives,rural,00_01,2090,0.7443982535826891
Maldives,rural,00_01,2095,0.7396235940953557
Maldives,rural,00_01,2100,0.7360277351915241
Maldives,rural,02_05,2011,0.722077962195642
Maldives,rural,02_05,2012,0.7244399878607988
Maldives,rural,02_05,2013,0.7206177913661698
Maldives,rural,02_05,2014,0.7187538049475636
Maldives,rural,02_05,2015,0.7202897108221733
Maldives,rural,02_05,2016,0.7169794234077996
Maldives,rural,02_05,2017,0.7147619299892831
Maldives,rural,02_05,2018,0.7116732435318125
Maldives,rural,02_05,2019,0.7075765725053216
Maldives,rural,02_05,2020,0.7439548359946565
Maldives,rural,02_05,2025,0.6961592825508531
Maldives,rural,02_05,2030,0.677942845108919
Maldives,rural,02_05,2035,0.6628137976383455
Maldives,rural,02_05,2040,0.6506453562303458
Maldives,rural,02_05,2045,0.6411563866157886
Maldives,rural,02_05,2050,0.6335656316087711
Maldives,rural,02_05,2055,0.6270489933736649
Maldives,rural,02_05,2060,0.6211894938345819
Maldives,rural,02_05,2065,0.6159678839146895
Maldives,rural,02_05,2070,0.6116655875873592
Maldives,rural,02_05,2075,0.6081253985739938
Maldives,rural,02_05,2080,0.6049181270614241
Maldives,rural,02_05,2085,0.6010736469836625
Maldives,rural,02_05,2090,0.5967545336302643
Maldives,rural,02_05,2095,0.5929268786325617
Maldives,rural,02_05,2100,0.5900442212743147
Maldives,rural,06_10,2011,0.560969409411097
Maldives,rural,06_10,2012,0.5628044247581486
Maldives,rural,06_10,2013,0.5598350288999432
Maldives,rural,06_10,2014,0.5583869313050294
Maldives,rural,06_10,2015,0.5595801490135036
Maldives,rural,06_10,2016,0.5570084461323138
Maldives,rural,06_10,2017,0.5552857152936995
Maldives,rural,06_10,2018,0.5528861702187677
Maldives,rural,06_10,2019,0.5497035400228617
Maldives,rural,06_10,2020,0.5779651600326471
Maldives,rural,06_10,2025,0.5408336523678523
Maldives,rural,06_10,2030,0.5266816290568193
Maldives,rural,06_10,2035,0.5149281436039276
Maldives,rural,06_10,2040,0.5054746998658821
Maldives,rural,06_10,2045,0.49810288967462213
Maldives,rural,06_10,2050,0.49220576834395174
Maldives,rural,06_10,2055,0.4871431090557809
Maldives,rural,06_10,2060,0.4825909690266223
Maldives,rural,06_10,2065,0.4785343939941558
Maldives,rural,06_10,2070,0.47519201719246623
Maldives,rural,06_10,2075,0.47244170788515466
Maldives,rural,06_10,2080,0.4699500362092092
Maldives,rural,06_10,2085,0.4669633286352003
Maldives,rural,06_10,2090,0.46360788698778044
Maldives,rural,06_10,2095,0.46063425051650286
Maldives,rural,06_10,2100,0.45839476575107224
Maldives,rural,11_20,2011,0.225558156612901
Maldives,rural,11_20,2012,0.2262959912828376
Maldives,rural,11_20,2013,0.22510203766470013
Maldives,rural,11_20,2014,0.22451977735134857
Maldives,rural,11_20,2015,0.22499955393496632
Maldives,rural,11_20,2016,0.22396550724453054
Maldives,rural,11_20,2017,0.22327282064561962
Maldives,rural,11_20,2018,0.2223079962635212
Maldives,rural,11_20,2019,0.22102830402339935
Maldives,rural,11_20,2020,0.23239191637971937
Maldives,rural,11_20,2025,0.21746184304484484
Maldives,rural,11_20,2030,0.2117715072853059
Maldives,rural,11_20,2035,0.20704559091971675
Maldives,rural,11_20,2040,0.20324448999081615
Maldives,rural,11_20,2045,0.20028038554992275
Maldives,rural,11_20,2050,0.19790923340801717
Maldives,rural,11_20,2055,0.19587360708429696
Maldives,rural,11_20,2060,0.1940432535990709
Maldives,rural,11_20,2065,0.19241216004720396
Maldives,rural,11_20,2070,0.19106823587335947
Maldives,rural,11_20,2075,0.18996237397239815
Maldives,rural,11_20,2080,0.18896050673920833
Maldives,rural,11_20,2085,0.18775959231600928
Maldives,rural,11_20,2090,0.18641041494569827
Maldives,rural,11_20,2095,0.18521475623482064
Maldives,rural,11_20,2100,0.18431428992243565
Maldives,rural,21_30,2011,0.316687599761256
Maldives,rural,21_30,2012,0.31772353255194585
Maldives,rural,21_30,2013,0.3160472007746689
Maldives,rural,21_30,2014,0.3152296971035957
Maldives,rural,21_30,2015,0.31590331182438064
Maldives,rural,21_30,2016,0.3144514921723998
Maldives,rural,21_30,2017,0.3134789480636432
Maldives,rural,21_30,2018,0.3121243177441453
Maldives,rural,21_30,2019,0.31032760744094484
Maldives,rural,21_30,2020,0.3262823180831159
Maldives,rural,21_30,2025,0.30532023380435785
Maldives,rural,21_30,2030,0.2973309028017255
Maldives,rural,21_30,2035,0.29069563350814215
Maldives,rural,21_30,2040,0.28535882127443657
Maldives,rural,21_30,2045,0.2811971667595915
Maldives,rural,21_30,2050,0.2778680276507915
Maldives,rural,21_30,2055,0.27500997266333155
Maldives,rural,21_30,2060,0.27244012433394627
Maldives,rural,21_30,2065,0.270150040438584
Maldives,rural,21_30,2070,0.2682631473762047
Maldives,rural,21_30,2075,0.26671049791168594
Maldives,rural,21_30,2080,0.26530385878090584
Maldives,rural,21_30,2085,0.2636177539114895
Maldives,rural,21_30,2090,0.2617234852693261
Maldives,rural,21_30,2095,0.26004475951199824
Maldives,rural,21_30,2100,0.25878048904881795
Maldives,rural,31_50,2011,0.0
Maldives,rural,31_50,2012,0.0
Maldives,rural,31_50,2013,0.0
Maldives,rural,31_50,2014,0.0
Maldives,rural,31_50,2015,0.0
Maldives,rural,31_50,2016,0.0
Maldives,rural,31_50,2017,0.0
Maldives,rural,31_50,2018,0.0
Maldives,rural,31_50,2019,0.0
Maldives,rural,31_50,2020,0.0
Maldives,rural,31_50,2025,0.0
Maldives,rural,31_50,2030,0.0
Maldives,rural,31_50,2035,0.0
Maldives,rural,31_50,2040,0.0
Maldives,rural,31_50,2045,0.0
Maldives,rural,31_50,2050,0.0
Maldives,rural,31_50,2055,0.0
Maldives,rural,31_50,2060,0.0
Maldives,rural,31_50,2065,0.0
Maldives,rural,31_50,2070,0.0
Maldives,rural,31_50,2075,0.0
Maldives,rural,31_50,2080,0.0
Maldives,rural,31_50,2085,0.0
Maldives,rural,31_50,2090,0.0
Maldives,rural,31_50,2095,0.0
Maldives,rural,31_50,2100,0.0
Maldives,rural,51+,2011,0.0
Maldives,rural,51+,2012,0.0
Maldives,rural,51+,2013,0.0
Maldives,rural,51+,2014,0.0
Maldives,rural,51+,2015,0.0
Maldives,rural,51+,2016,0.0
Maldives,rural,51+,2017,0.0
Maldives,rural,51+,2018,0.0
Maldives,rural,51+,2019,0.0
Maldives,rural,51+,2020,0.0
Maldives,rural,51+,2025,0.0
Maldives,rural,51+,2030,0.0
Maldives,rural,51+,2035,0.0
Maldives,rural,51+,2040,0.0
Maldives,rural,51+,2045,0.0
Maldives,rural,51+,2050,0.0
Maldives,rural,51+,2055,0.0
Maldives,rural,51+,2060,0.0
Maldives,rural,51+,2065,0.0
Maldives,rural,51+,2070,0.0
Maldives,rural,51+,2075,0.0
Maldives,rural,51+,2080,0.0
Maldives,rural,51+,2085,0.0
Maldives,rural,51+,2090,0.0
Maldives,rural,51+,2095,0.0
Maldives,rural,51+,2100,0.0
Nepal,large_city,No_travel,2011,0.0
Nepal,large_city,No_travel,2012,0.0
Nepal,large_city,No_travel,2013,0.0
Nepal,large_city,No_travel,2014,0.0
Nepal,large_city,No_travel,2015,0.0
Nepal,large_city,No_travel,2016,0.0
Nepal,large_city,No_travel,2017,0.0
Nepal,large_city,No_travel,2018,0.0
Nepal,large_city,No_travel,2019,0.0
Nepal,large_city,No_travel,2020,0.0
Nepal,large_city,No_travel,2025,0.0
Nepal,large_city,No_travel,2030,0.0
Nepal,large_city,No_travel,2035,0.0
Nepal,large_city,No_travel,2040,0.0
Nepal,large_city,No_travel,2045,0.0
Nepal,large_city,No_travel,2050,0.0
Nepal,large_city,No_travel,2055,0.0
Nepal,large_city,No_travel,2060,0.0
Nepal,large_city,No_travel,2065,0.0
Nepal,large_city,No_travel,2070,0.0
Nepal,large_city,No_travel,2075,0.0
Nepal,large_city,No_travel,2080,0.0
Nepal,large_city,No_travel,2085,0.0
Nepal,large_city,No_travel,2090,0.0
Nepal,large_city,No_travel,2095,0.0
Nepal,large_city,No_travel,2100,0.0
Nepal,large_city,00_01,2011,0.798031141556873
Nepal,large_city,00_01,2012,0.7930025514870488
Nepal,large_city,00_01,2013,0.7892083748298286
Nepal,large_city,00_01,2014,0.7828047074076141
Nepal,large_city,00_01,2015,0.7789370214455528
Nepal,large_city,00_01,2016,0.7794778067495011
Nepal,large_city,00_01,2017,0.7708956961658714
Nepal,large_city,00_01,2018,0.7637959241708407
Nepal,large_city,00_01,2019,0.7576884154530774
Nepal,large_city,00_01,2020,0.7624849410369556
Nepal,large_city,00_01,2025,0.7442319394738963
Nepal,large_city,00_01,2030,0.7216868278425962
Nepal,large_city,00_01,2035,0.6974370498157322
Nepal,large_city,00_01,2040,0.6720910941280006
Nepal,large_city,00_01,2045,0.6470151885291454
Nepal,large_city,00_01,2050,0.6229571387613051
Nepal,large_city,00_01,2055,0.6001980410127679
Nepal,large_city,00_01,2060,0.5787183394295419
Nepal,large_city,00_01,2065,0.5585698385977904
Nepal,large_city,00_01,2070,0.5398009134002025
Nepal,large_city,00_01,2075,0.5224872149594324
Nepal,large_city,00_01,2080,0.5068647876567894
Nepal,large_city,00_01,2085,0.4927346984390149
Nepal,large_city,00_01,2090,0.48000232628806927
Nepal,large_city,00_01,2095,0.4683014914597593
Nepal,large_city,00_01,2100,0.45765060769870275
Nepal,large_city,02_05,2011,0.44170968683356
Nepal,large_city,02_05,2012,0.43892636569571175
Nepal,large_city,02_05,2013,0.43682629153095875
Nepal,large_city,02_05,2014,0.4332818660262918
Nepal,large_city,02_05,2015,0.43114110451197324
Nepal,large_city,02_05,2016,0.4314404288049892
Nepal,large_city,02_05,2017,0.42669023651190324
Nepal,large_city,02_05,2018,0.422760517605951
Nepal,large_city,02_05,2019,0.4193800157400796
Nepal,large_city,02_05,2020,0.4220348893449
Nepal,large_city,02_05,2025,0.41193186556006084
Nepal,large_city,02_05,2030,0.39945316181065393
Nepal,large_city,02_05,2035,0.3860309263861908
Nepal,large_city,02_05,2040,0.37200195738194375
Nepal,large_city,02_05,2045,0.3581224609157662
Nepal,large_city,02_05,2050,0.34480634695053
Nepal,large_city,02_05,2055,0.3322092020327156
Nepal,large_city,02_05,2060,0.32032020201061695
Nepal,large_city,02_05,2065,0.30916802068697063
Nepal,large_city,02_05,2070,0.2987794335260043
Nepal,large_city,02_05,2075,0.2891963133719667
Nepal,large_city,02_05,2080,0.2805493106272265
Nepal,large_city,02_05,2085,0.2727283159839133
Nepal,large_city,02_05,2090,0.26568095677375675
Nepal,large_city,02_05,2095,0.25920455276072407
Nepal,large_city,02_05,2100,0.25330929593977
Nepal,large_city,06_10,2011,0.287162738207747
Nepal,large_city,06_10,2012,0.28535325532095407
Nepal,large_city,06_10,2013,0.2839879625380112
Nepal,large_city,06_10,2014,0.28168367317413073
Nepal,large_city,06_10,2015,0.2802919288754979
Nepal,large_city,06_10,2016,0.2804865245254388
Nepal,large_city,06_10,2017,0.27739834632478755
Nepal,large_city,06_10,2018,0.274843571378579
Nepal,large_city,06_10,2019,0.2726458514705576
Nepal,large_city,06_10,2020,0.27437182850180836
Nepal,large_city,06_10,2025,0.267803686437662
Nepal,large_city,06_10,2030,0.2596910757234822
Nepal,large_city,06_10,2035,0.25096505953627046
Nepal,large_city,06_10,2040,0.24184459586165516
Nepal,large_city,06_10,2045,0.23282130674444337
Nepal,large_city,06_10,2050,0.22416428186469575
Nepal,large_city,06_10,2055,0.21597467059732395
Nepal,large_city,06_10,2060,0.20824543598313208
Nepal,large_city,06_10,2065,0.20099521933326656
Nepal,large_city,06_10,2070,0.19424142781776138
Nepal,large_city,06_10,2075,0.18801128366191402
Nepal,large_city,06_10,2080,0.18238972484288551
Nepal,large_city,06_10,2085,0.17730516748716646
Nepal,large_city,06_10,2090,0.1727235632610298
Nepal,large_city,06_10,2095,0.16851314640679654
Nepal,large_city,06_10,2100,0.16468054290815295
Nepal,large_city,11_20,2011,0.0531984546790542
Nepal,large_city,11_20,2012,0.05286323816055193
Nepal,large_city,11_20,2013,0.052610310267851304
Nepal,large_city,11_20,2014,0.05218342816588745
Nepal,large_city,11_20,2015,0.05192559998644557
Nepal,large_city,11_20,2016,0.051961649885985915
Nepal,large_city,11_20,2017,0.051389548125592
Nepal,large_city,11_20,2018,0.05091626221099422
Nepal,large_city,11_20,2019,0.050509122678707295
Nepal,large_city,11_20,2020,0.050828869284576673
Nepal,large_city,11_20,2025,0.0496120853448989
Nepal,large_city,11_20,2030,0.0481091802113823
Nepal,large_city,11_20,2035,0.04649263838718419
Nepal,large_city,11_20,2040,0.044803023026660053
Nepal,large_city,11_20,2045,0.04313140977992077
Nepal,large_city,11_20,2050,0.04152764896960449
Nepal,large_city,11_20,2055,0.040010479065996855
Nepal,large_city,11_20,2060,0.03857859643424192
Nepal,large_city,11_20,2065,0.037235454478330626
Nepal,large_city,11_20,2070,0.035984277970919507
Nepal,large_city,11_20,2075,0.03483010997688455
Nepal,large_city,11_20,2080,0.03378868571715566
Nepal,large_city,11_20,2085,0.03284674389093033
Nepal,large_city,11_20,2090,0.031997976859724615
Nepal,large_city,11_20,2095,0.031217974302297363
Nepal,large_city,11_20,2100,0.030507963718062463
Nepal,large_city,21_30,2011,0.126017818840264
Nepal,large_city,21_30,2012,0.12522374963739455
Nepal,large_city,21_30,2013,0.12462460777219773
Nepal,large_city,21_30,2014,0.12361339886178904
Nepal,large_city,21_30,2015,0.12300264907582553
Nepal,large_city,21_30,2016,0.12308804497194492
Nepal,large_city,21_30,2017,0.12173283613299528
Nepal,large_city,21_30,2018,0.12061170472033951
Nepal,large_city,21_30,2019,0.11964726249862505
Nepal,large_city,21_30,2020,0.1204046861887741
Nepal,large_city,21_30,2025,0.11752233821451182
Nepal,large_city,21_30,2030,0.11396221926007596
Nepal,large_city,21_30,2035,0.11013291489440394
Nepal,large_city,21_30,2040,0.10613051212355631
Nepal,large_city,21_30,2045,0.10217075320632
Nepal,large_city,21_30,2050,0.09837172482331838
Nepal,large_city,21_30,2055,0.09477781512770453
Nepal,large_city,21_30,2060,0.09138593603689966
Nepal,large_city,21_30,2065,0.08820426805992683
Nepal,large_city,21_30,2070,0.08524045011823372
Nepal,large_city,21_30,2075,0.08250642834897369
Nepal,large_city,21_30,2080,0.08003947673374108
Nepal,large_city,21_30,2085,0.077808181574296
Nepal,large_city,21_30,2090,0.07579760118015941
Nepal,large_city,21_30,2095,0.07394991177696494
Nepal,large_city,21_30,2100,0.07226802109576791
Nepal,large_city,31_50,2011,0.0
Nepal,large_city,31_50,2012,0.0
Nepal,large_city,31_50,2013,0.0
Nepal,large_city,31_50,2014,0.0
Nepal,large_city,31_50,2015,0.0
Nepal,large_city,31_50,2016,0.0
Nepal,large_city,31_50,2017,0.0
Nepal,large_city,31_50,2018,0.0
Nepal,large_city,31_50,2019,0.0
Nepal,large_city,31_50,2020,0.0
Nepal,large_city,31_50,2025,0.0
Nepal,large_city,31_50,2030,0.0
Nepal,large_city,31_50,2035,0.0
Nepal,large_city,31_50,2040,0.0
Nepal,large_city,31_50,2045,0.0
Nepal,large_city,31_50,2050,0.0
Nepal,large_city,31_50,2055,0.0
Nepal,large_city,31_50,2060,0.0
Nepal,large_city,31_50,2065,0.0
Nepal,large_city,31_50,2070,0.0
Nepal,large_city,31_50,2075,0.0
Nepal,large_city,31_50,2080,0.0
Nepal,large_city,31_50,2085,0.0
Nepal,large_city,31_50,2090,0.0
Nepal,large_city,31_50,2095,0.0
Nepal,large_city,31_50,2100,0.0
Nepal,large_city,51+,2011,0.0
Nepal,large_city,51+,2012,0.0
Nepal,large_city,51+,2013,0.0
Nepal,large_city,51+,2014,0.0
Nepal,large_city,51+,2015,0.0
Nepal,large_city,51+,2016,0.0
Nepal,large_city,51+,2017,0.0
Nepal,large_city,51+,2018,0.0
Nepal,large_city,51+,2019,0.0
Nepal,large_city,51+,2020,0.0
Nepal,large_city,51+,2025,0.0
Nepal,large_city,51+,2030,0.0
Nepal,large_city,51+,2035,0.0
Nepal,large_city,51+,2040,0.0
Nepal,large_city,51+,2045,0.0
Nepal,large_city,51+,2050,0.0
Nepal,large_city,51+,2055,0.0
Nepal,large_city,51+,2060,0.0
Nepal,large_city,51+,2065,0.0
Nepal,large_city,51+,2070,0.0
Nepal,large_city,51+,2075,0.0
Nepal,large_city,51+,2080,0.0
Nepal,large_city,51+,2085,0.0
Nepal,large_city,51+,2090,0.0
Nepal,large_city,51+,2095,0.0
Nepal,large_city,51+,2100,0.0
Nepal,city,No_travel,2011,0.0
Nepal,city,No_travel,2012,0.0
Nepal,city,No_travel,2013,0.0
Nepal,city,No_travel,2014,0.0
Nepal,city,No_travel,2015,0.0
Nepal,city,No_travel,2016,0.0
Nepal,city,No_travel,2017,0.0
Nepal,city,No_travel,2018,0.0
Nepal,city,No_travel,2019,0.0
Nepal,city,No_travel,2020,0.0
Nepal,city,No_travel,2025,0.0
Nepal,city,No_travel,2030,0.0
Nepal,city,No_travel,2035,0.0
Nepal,city,No_travel,2040,0.0
Nepal,city,No_travel,2045,0.0
Nepal,city,No_travel,2050,0.0
Nepal,city,No_travel,2055,0.0
Nepal,city,No_travel,2060,0.0
Nepal,city,No_travel,2065,0.0
Nepal,city,No_travel,2070,0.0
Nepal,city,No_travel,2075,0.0
Nepal,city,No_travel,2080,0.0
Nepal,city,No_travel,2085,0.0
Nepal,city,No_travel,2090,0.0
Nepal,city,No_travel,2095,0.0
Nepal,city,No_travel,2100,0.0
Nepal,city,00_01,2011,0.784266131199457
Nepal,city,00_01,2012,0.7793242778380014
Nepal,city,00_01,2013,0.7755955458461142
Nepal,city,00_01,2014,0.7693023334472716
Nepal,city,00_01,2015,0.7655013600914667
Nepal,city,00_01,2016,0.7660328175447556
Nepal,city,00_01,2017,0.7575987373260084
Nepal,city,00_01,2018,0.7506214272625462
Nepal,city,00_01,2019,0.7446192652115733
Nepal,city,00_01,2020,0.7493330569008659
Nepal,city,00_01,2025,0.7313948961284544
Nepal,city,00_01,2030,0.7092386586637797
Nepal,city,00_01,2035,0.6854071581054536
Nepal,city,00_01,2040,0.6604983875404473
Nepal,city,00_01,2045,0.6358550090477605
Nepal,city,00_01,2050,0.6122119296826886
Nepal,city,00_01,2055,0.5898453970859608
Nepal,city,00_01,2060,0.5687361927169045
Nepal,city,00_01,2065,0.5489352275992284
Nepal,city,00_01,2070,0.5304900422111402
Nepal,city,00_01,2075,0.513474982790769
Nepal,city,00_01,2080,0.49812202225756724
Nepal,city,00_01,2085,0.484235658897476
Nepal,city,00_01,2090,0.4717229037832669
Nepal,city,00_01,2095,0.46022389330016716
Nepal,city,00_01,2100,0.44975672357939306
Nepal,city,02_05,2011,0.505179898463546
Nepal,city,02_05,2012,0.5019966359458294
Nepal,city,02_05,2013,0.4995947976231947
Nepal,city,02_05,2014,0.49554106602089465
Nepal,city,02_05,2015,0.49309269389622895
Nepal,city,02_05,2016,0.4934350287384585
Nepal,city,02_05,2017,0.4880022711335575
Nepal,city,02_05,2018,0.4835078824953313
Nepal,city,02_05,2019,0.47964162907082747
Nepal,city,02_05,2020,0.48267798715419025
Nepal,city,02_05,2025,0.47112323822761076
Nepal,city,02_05,2030,0.4568514427904927
Nepal,city,02_05,2035,0.4415005375896314
Nepal,city,02_05,2040,0.4254557159604779
Nepal,city,02_05,2045,0.40958184489875776
Nepal,city,02_05,2050,0.3943523099770528
Nepal,city,02_05,2055,0.3799450543061805
Nepal,city,02_05,2060,0.36634769838887626
Nepal,city,02_05,2065,0.35359303622804944
Nepal,city,02_05,2070,0.34171169071177093
Nepal,city,02_05,2075,0.3307515514830271
Nepal,city,02_05,2080,0.32086204238052946
Nepal,city,02_05,2085,0.3119172322539594
Nepal,city,02_05,2090,0.3038572228940911
Nepal,city,02_05,2095,0.2964502105073657
Nepal,city,02_05,2100,0.28970785159833795
Nepal,city,06_10,2011,0.391250172065705
Nepal,city,06_10,2012,0.38878480871380827
Nepal,city,06_10,2013,0.3869246403661307
Nepal,city,06_10,2014,0.3837851187982065
Nepal,city,06_10,2015,0.38188891109483236
Nepal,city,06_10,2016,0.38215404152922566
Nepal,city,06_10,2017,0.37794649614950354
Nepal,city,06_10,2018,0.37446569587739403
Nepal,city,06_10,2019,0.3714713718312723
Nepal,city,06_10,2020,0.3738229610892414
Nepal,city,06_10,2025,0.3648740747233155
Nepal,city,06_10,2030,0.35382089854302473
Nepal,city,06_10,2035,0.3419319767560176
Nepal,city,06_10,2040,0.32950563271053523
Nepal,city,06_10,2045,0.31721168593407817
Nepal,city,06_10,2050,0.3054167626271135
Nepal,city,06_10,2055,0.2942586756221331
Nepal,city,06_10,2060,0.28372783728421813
Nepal,city,06_10,2065,0.2738496458117529
Nepal,city,06_10,2070,0.26464781792478786
Nepal,city,06_10,2075,0.25615944304654725
Nepal,city,06_10,2080,0.24850024649148722
Nepal,city,06_10,2085,0.24157269749011276
Nepal,city,06_10,2090,0.23533040626179852
Nepal,city,06_10,2095,0.2295938461183465
Nepal,city,06_10,2100,0.22437204475350814
Nepal,city,11_20,2011,0.145687548677459
Nepal,city,11_20,2012,0.14476953567968642
Nepal,city,11_20,2013,0.1440768756221337
Nepal,city,11_20,2014,0.14290783025447037
Nepal,city,11_20,2015,0.14220175043186137
Nepal,city,11_20,2016,0.14230047550810254
Nepal,city,11_20,2017,0.14073373633177333
Nepal,city,11_20,2018,0.13943761099998866
Nepal,city,11_20,2019,0.13832263198816555
Nepal,city,11_20,2020,0.13919827958898556
Nepal,city,11_20,2025,0.13586603487414892
Nepal,city,11_20,2030,0.13175022801250694
Nepal,city,11_20,2035,0.12732321942508007
Nepal,city,11_20,2040,0.12269609404018686
Nepal,city,11_20,2045,0.11811826865553146
Nepal,city,11_20,2050,0.11372626173485019
Nepal,city,11_20,2055,0.10957138984021902
Nepal,city,11_20,2060,0.10565008287984334
Nepal,city,11_20,2065,0.10197179823298481
Nepal,city,11_20,2070,0.09854536715660771
Nepal,city,11_20,2075,0.09538460042329999
Nepal,city,11_20,2080,0.09253258999464223
Nepal,city,11_20,2085,0.08995301890583071
Nepal,city,11_20,2090,0.08762861326433957
Nepal,city,11_20,2095,0.08549252376250546
Nepal,city,11_20,2100,0.08354811199009057
Nepal,city,21_30,2011,0.43292180947654
Nepal,city,21_30,2012,0.43019386291057393
Nepal,city,21_30,2013,0.4281355700215108
Nepal,city,21_30,2014,0.42466166136889527
Nepal,city,21_30,2015,0.42256349061090204
Nepal,city,21_30,2016,0.42285685980432336
Nepal,city,21_30,2017,0.4182011732658953
Nepal,city,21_30,2018,0.4143496366792864
Nepal,city,21_30,2019,0.4110363903812415
Nepal,city,21_30,2020,0.4136384448962095
Nepal,city,21_30,2025,0.4037364222136841
Nepal,city,21_30,2030,0.391505984059063
Nepal,city,21_30,2035,0.37835078592692817
Nepal,city,21_30,2040,0.36460092526630505
Nepal,city,21_30,2045,0.35099756336624116
Nepal,city,21_30,2050,0.337946375391733
Nepal,city,21_30,2055,0.3255998524726797
Nepal,city,21_30,2060,0.3139473858054205
Nepal,city,21_30,2065,0.3030170787232879
Nepal,city,21_30,2070,0.2928351739888215
Nepal,city,21_30,2075,0.2834427113800485
Nepal,city,21_30,2080,0.27496774199090734
Nepal,city,21_30,2085,0.26730234715394663
Nepal,city,21_30,2090,0.26039519616261747
Nepal,city,21_30,2095,0.25404764113315365
Nepal,city,21_30,2100,0.2482696712893136
Nepal,city,31_50,2011,0.0
Nepal,city,31_50,2012,0.0
Nepal,city,31_50,2013,0.0
Nepal,city,31_50,2014,0.0
Nepal,city,31_50,2015,0.0
Nepal,city,31_50,2016,0.0
Nepal,city,31_50,2017,0.0
Nepal,city,31_50,2018,0.0
Nepal,city,31_50,2019,0.0
Nepal,city,31_50,2020,0.0
Nepal,city,31_50,2025,0.0
Nepal,city,31_50,2030,0.0
Nepal,city,31_50,2035,0.0
Nepal,city,31_50,2040,0.0
Nepal,city,31_50,2045,0.0
Nepal,city,31_50,2050,0.0
Nepal,city,31_50,2055,0.0
Nepal,city,31_50,2060,0.0
Nepal,city,31_50,2065,0.0
Nepal,city,31_50,2070,0.0
Nepal,city,31_50,2075,0.0
Nepal,city,31_50,2080,0.0
Nepal,city,31_50,2085,0.0
Nepal,city,31_50,2090,0.0
Nepal,city,31_50,2095,0.0
Nepal,city,31_50,2100,0.0
Nepal,city,51+,2011,0.0
Nepal,city,51+,2012,0.0
Nepal,city,51+,2013,0.0
Nepal,city,51+,2014,0.0
Nepal,city,51+,2015,0.0
Nepal,city,51+,2016,0.0
Nepal,city,51+,2017,0.0
Nepal,city,51+,2018,0.0
Nepal,city,51+,2019,0.0
Nepal,city,51+,2020,0.0
Nepal,city,51+,2025,0.0
Nepal,city,51+,2030,0.0
Nepal,city,51+,2035,0.0
Nepal,city,51+,2040,0.0
Nepal,city,51+,2045,0.0
Nepal,city,51+,2050,0.0
Nepal,city,51+,2055,0.0
Nepal,city,51+,2060,0.0
Nepal,city,51+,2065,0.0
Nepal,city,51+,2070,0.0
Nepal,city,51+,2075,0.0
Nepal,city,51+,2080,0.0
Nepal,city,51+,2085,0.0
Nepal,city,51+,2090,0.0
Nepal,city,51+,2095,0.0
Nepal,city,51+,2100,0.0
Nepal,town,No_travel,2011,0.0
Nepal,town,No_travel,2012,0.0
Nepal,town,No_travel,2013,0.0
Nepal,town,No_travel,2014,0.0
Nepal,town,No_travel,2015,0.0
Nepal,town,No_travel,2016,0.0
Nepal,town,No_travel,2017,0.0
Nepal,town,No_travel,2018,0.0
Nepal,town,No_travel,2019,0.0
Nepal,town,No_travel,2020,0.0
Nepal,town,No_travel,2025,0.0
Nepal,town,No_travel,2030,0.0
Nepal,town,No_travel,2035,0.0
Nepal,town,No_travel,2040,0.0
Nepal,town,No_travel,2045,0.0
Nepal,town,No_travel,2050,0.0
Nepal,town,No_travel,2055,0.0
Nepal,town,No_travel,2060,0.0
Nepal,town,No_travel,2065,0.0
Nepal,town,No_travel,2070,0.0
Nepal,town,No_travel,2075,0.0
Nepal,town,No_travel,2080,0.0
Nepal,town,No_travel,2085,0.0
Nepal,town,No_travel,2090,0.0
Nepal,town,No_travel,2095,0.0
Nepal,town,No_travel,2100,0.0
Nepal,town,00_01,2011,0.809373601454855
Nepal,town,00_01,2012,0.8042735397616314
Nepal,town,00_01,2013,0.8004254362657963
Nepal,town,00_01,2014,0.7939307531711923
Nepal,town,00_01,2015,0.7900080955787795
Nepal,town,00_01,2016,0.7905565670935836
Nepal,town,00_01,2017,0.7818524785067585
Nepal,town,00_01,2018,0.7746517970672903
Nepal,town,00_01,2019,0.7684574819968666
Nepal,town,00_01,2020,0.773322180859019
Nepal,town,00_01,2025,0.7548097483947508
Nepal,town,00_01,2030,0.7319442018690497
Nepal,town,00_01,2035,0.707349760431848
Nepal,town,00_01,2040,0.681643561301231
Nepal,town,00_01,2045,0.6562112504960506
Nepal,town,00_01,2050,0.631811262362017
Nepal,town,00_01,2055,0.6087286883227883
Nepal,town,00_01,2060,0.5869436945759594
Nepal,town,00_01,2065,0.5665088220090865
Nepal,town,00_01,2070,0.5474731330596899
Nepal,town,00_01,2075,0.5299133540839334
Nepal,town,00_01,2080,0.5140688843747201
Nepal,town,00_01,2085,0.49973796343251575
Nepal,town,00_01,2090,0.4868246253856196
Nepal,town,00_01,2095,0.47495748595727344
Nepal,town,00_01,2100,0.4641552206076461
Nepal,town,02_05,2011,0.581333504919286
Nepal,town,02_05,2012,0.5776703798382394
Nepal,town,02_05,2013,0.5749064751488538
Nepal,town,02_05,2014,0.570241661668479
Nepal,town,02_05,2015,0.5674242084148806
Nepal,town,02_05,2016,0.5678181487008948
Nepal,town,02_05,2017,0.5615664272261499
Nepal,town,02_05,2018,0.5563945296358541
Nepal,town,02_05,2019,0.5519454558286643
Nepal,town,02_05,2020,0.5554395312900193
Nepal,town,02_05,2025,0.542142955728758
Nepal,town,02_05,2030,0.5257197510680335
Nepal,town,02_05,2035,0.5080547656811607
Nepal,town,02_05,2040,0.48959125907321976
Nepal,town,02_05,2045,0.4713244730648836
Nepal,town,02_05,2050,0.4537991539830036
Nepal,town,02_05,2055,0.4372200690651565
Nepal,town,02_05,2060,0.42157297266032634
Nepal,town,02_05,2065,0.4068956023204415
Nepal,town,02_05,2070,0.3932231971967574
Nepal,town,02_05,2075,0.38061086608139183
Nepal,town,02_05,2080,0.3692305577873139
Nepal,town,02_05,2085,0.3589373576074739
Nepal,town,02_05,2090,0.3496623379459531
Nepal,town,02_05,2095,0.34113875162580903
Nepal,town,02_05,2100,0.33338001231743625
Nepal,town,06_10,2011,0.467167283694754
Nepal,town,06_10,2012,0.4642235479914691
Nepal,town,06_10,2013,0.46200243767320054
Nepal,town,06_10,2014,0.45825373194038377
Nepal,town,06_10,2015,0.45598958928856254
Nepal,town,06_10,2016,0.456306164906169
Nepal,town,06_10,2017,0.45128219894676974
Nepal,town,06_10,2018,0.44712599372487843
Nepal,town,06_10,2019,0.44355065924325254
Nepal,town,06_10,2020,0.4463585444390875
Nepal,town,06_10,2025,0.43567324067656155
Nepal,town,06_10,2030,0.42247533646840996
Nepal,town,06_10,2035,0.40827952086538766
Nepal,town,06_10,2040,0.39344200306102595
Nepal,town,06_10,2045,0.378762572529093
Nepal,town,06_10,2050,0.36467899461368886
Nepal,town,06_10,2055,0.351355822971809
Nepal,town,06_10,2060,0.33878160961011844
Nepal,town,06_10,2065,0.3269866809238423
Nepal,town,06_10,2070,0.3159993555604219
Nepal,town,06_10,2075,0.30586391967316434
Nepal,town,06_10,2080,0.2967185535995343
Nepal,town,06_10,2085,0.2884468019666918
Nepal,town,06_10,2090,0.28099327364805526
Nepal,town,06_10,2095,0.2741436070886294
Nepal,town,06_10,2100,0.2679085816911315
Nepal,town,11_20,2011,0.112734185376748
Nepal,town,11_20,2012,0.11202381960830281
Nepal,town,11_20,2013,0.11148783373964018
Nepal,town,11_20,2014,0.11058321712423015
Nepal,town,11_20,2015,0.11003684693449615
Nepal,town,11_20,2016,0.11011324118470724
Nepal,town,11_20,2017,0.10890088593304229
Nepal,town,11_20,2018,0.10789793382937003
Nepal,town,11_20,2019,0.10703515419067673
Nepal,town,11_20,2020,0.10771273727757524
Nepal,town,11_20,2025,0.1051342197802786
Nepal,town,11_20,2030,0.10194937565373981
Nepal,town,11_20,2035,0.09852372115347537
Nepal,town,11_20,2040,0.09494321468166377
Nepal,town,11_20,2045,0.09140085694264599
Nepal,town,11_20,2050,0.08800228701085162
Nepal,town,11_20,2055,0.08478721405068408
Nepal,town,11_20,2060,0.08175287549668162
Nepal,town,11_20,2065,0.07890658954423253
Nepal,town,11_20,2070,0.07625518989030512
Nepal,town,11_20,2075,0.07380936342071265
Nepal,town,11_20,2080,0.07160245503849709
Nepal,town,11_20,2085,0.06960636238707635
Nepal,town,11_20,2090,0.06780771879085003
Nepal,town,11_20,2095,0.06615479572318124
Nepal,town,11_20,2100,0.0646501944089986
Nepal,town,21_30,2011,0.357090543456726
Nepal,town,21_30,2012,0.3548404283078967
Nepal,town,21_30,2013,0.35314266924318855
Nepal,town,21_30,2014,0.3502772559017322
Nepal,town,21_30,2015,0.3485466040384252
Nepal,town,21_30,2016,0.3487885862218567
Nepal,town,21_30,2017,0.3449483970704217
Nepal,town,21_30,2018,0.34177150169867176
Nepal,town,21_30,2019,0.33903860884070874
Nepal,town,21_30,2020,0.3411848833884786
Nepal,town,21_30,2025,0.3330173145951687
Nepal,town,21_30,2030,0.32292917925121767
Nepal,town,21_30,2035,0.312078266343954
Nepal,town,21_30,2040,0.3007368529333131
Nepal,town,21_30,2045,0.2895162773295895
Nepal,town,21_30,2050,0.2787511559969218
Nepal,town,21_30,2055,0.26856726947871534
Nepal,town,21_30,2060,0.25895586722606806
Nepal,town,21_30,2065,0.24994012994818174
Nepal,town,21_30,2070,0.24154170368397604
Nepal,town,21_30,2075,0.23379443961931942
Nepal,town,21_30,2080,0.22680395921684957
Nepal,town,21_30,2085,0.22048124701288288
Nepal,town,21_30,2090,0.2147839634682777
Nepal,town,21_30,2095,0.20954825617546796
Nepal,town,21_30,2100,0.20478236463004504
Nepal,town,31_50,2011,0.0
Nepal,town,31_50,2012,0.0
Nepal,town,31_50,2013,0.0
Nepal,town,31_50,2014,0.0
Nepal,town,31_50,2015,0.0
Nepal,town,31_50,2016,0.0
Nepal,town,31_50,2017,0.0
Nepal,town,31_50,2018,0.0
Nepal,town,31_50,2019,0.0
Nepal,town,31_50,2020,0.0
Nepal,town,31_50,2025,0.0
Nepal,town,31_50,2030,0.0
Nepal,town,31_50,2035,0.0
Nepal,town,31_50,2040,0.0
Nepal,town,31_50,2045,0.0
Nepal,town,31_50,2050,0.0
Nepal,town,31_50,2055,0.0
Nepal,town,31_50,2060,0.0
Nepal,town,31_50,2065,0.0
Nepal,town,31_50,2070,0.0
Nepal,town,31_50,2075,0.0
Nepal,town,31_50,2080,0.0
Nepal,town,31_50,2085,0.0
Nepal,town,31_50,2090,0.0
Nepal,town,31_50,2095,0.0
Nepal,town,31_50,2100,0.0
Nepal,town,51+,2011,0.0
Nepal,town,51+,2012,0.0
Nepal,town,51+,2013,0.0
Nepal,town,51+,2014,0.0
Nepal,town,51+,2015,0.0
Nepal,town,51+,2016,0.0
Nepal,town,51+,2017,0.0
Nepal,town,51+,2018,0.0
Nepal,town,51+,2019,0.0
Nepal,town,51+,2020,0.0
Nepal,town,51+,2025,0.0
Nepal,town,51+,2030,0.0
Nepal,town,51+,2035,0.0
Nepal,town,51+,2040,0.0
Nepal,town,51+,2045,0.0
Nepal,town,51+,2050,0.0
Nepal,town,51+,2055,0.0
Nepal,town,51+,2060,0.0
Nepal,town,51+,2065,0.0
Nepal,town,51+,2070,0.0
Nepal,town,51+,2075,0.0
Nepal,town,51+,2080,0.0
Nepal,town,51+,2085,0.0
Nepal,town,51+,2090,0.0
Nepal,town,51+,2095,0.0
Nepal,town,51+,2100,0.0
Nepal,rural,No_travel,2011,0.0
Nepal,rural,No_travel,2012,0.0
Nepal,rural,No_travel,2013,0.0
Nepal,rural,No_travel,2014,0.0
Nepal,rural,No_travel,2015,0.0
Nepal,rural,No_travel,2016,0.0
Nepal,rural,No_travel,2017,0.0
Nepal,rural,No_travel,2018,0.0
Nepal,rural,No_travel,2019,0.0
Nepal,rural,No_travel,2020,0.0
Nepal,rural,No_travel,2025,0.0
Nepal,rural,No_travel,2030,0.0
Nepal,rural,No_travel,2035,0.0
Nepal,rural,No_travel,2040,0.0
Nepal,rural,No_travel,2045,0.0
Nepal,rural,No_travel,2050,0.0
Nepal,rural,No_travel,2055,0.0
Nepal,rural,No_travel,2060,0.0
Nepal,rural,No_travel,2065,0.0
Nepal,rural,No_travel,2070,0.0
Nepal,rural,No_travel,2075,0.0
Nepal,rural,No_travel,2080,0.0
Nepal,rural,No_travel,2085,0.0
Nepal,rural,No_travel,2090,0.0
Nepal,rural,No_travel,2095,0.0
Nepal,rural,No_travel,2100,0.0
Nepal,rural,00_01,2011,0.900728094580366
Nepal,rural,00_01,2012,0.8950523858064173
Nepal,rural,00_01,2013,0.8907699445168556
Nepal,rural,00_01,2014,0.8835422025714912
Nepal,rural,00_01,2015,0.8791767922188998
Nepal,rural,00_01,2016,0.8797871700488328
Nepal,rural,00_01,2017,0.870100645662842
Nepal,rural,00_01,2018,0.8620872189078872
Nepal,rural,00_01,2019,0.8551937477091921
Nepal,rural,00_01,2020,0.860607528105461
Nepal,rural,00_01,2025,0.8400055860732336
Nepal,rural,00_01,2030,0.8145591913346202
Nepal,rural,00_01,2035,0.7871887602590587
Nepal,rural,00_01,2040,0.7585810867196647
Nepal,rural,00_01,2045,0.7302782154484133
Nepal,rural,00_01,2050,0.703124185739208
Nepal,rural,00_01,2055,0.6774362674589571
Nepal,rural,00_01,2060,0.6531923881518548
Nepal,rural,00_01,2065,0.6304510190275509
Nepal,rural,00_01,2070,0.6092667602308783
Nepal,rural,00_01,2075,0.5897249982687199
Nepal,rural,00_01,2080,0.5720921535785018
Nepal,rural,00_01,2085,0.556143692829781
Nepal,rural,00_01,2090,0.5417728184242588
Nepal,rural,00_01,2095,0.5285662277148508
Nepal,rural,00_01,2100,0.5165447040723306
Nepal,rural,02_05,2011,0.722077962195642
Nepal,rural,02_05,2012,0.717527971748838
Nepal,rural,02_05,2013,0.714094908543421
Nepal,rural,02_05,2014,0.7083007147055834
Nepal,rural,02_05,2015,0.7048011384955003
Nepal,rural,02_05,2016,0.7052904541749593
Nepal,rural,02_05,2017,0.6975251520471809
Nepal,rural,02_05,2018,0.6911011058824862
Nepal,rural,02_05,2019,0.6855748836345534
Nepal,rural,02_05,2020,0.6899148964972962
Nepal,rural,02_05,2025,0.6733991372915905
Nepal,rural,02_05,2030,0.6529997726346635
Nepal,rural,02_05,2035,0.6310579844142513
Nepal,rural,02_05,2040,0.6081243480185669
Nepal,rural,02_05,2045,0.5854350595031999
Nepal,rural,02_05,2050,0.5636667516689053
Nepal,rural,02_05,2055,0.5430737671750739
Nepal,rural,02_05,2060,0.5236384114099745
Nepal,rural,02_05,2065,0.5054075584215746
Nepal,rural,02_05,2070,0.48842497897882625
Nepal,rural,02_05,2075,0.4727591240551808
Nepal,rural,02_05,2080,0.45862357234070167
Nepal,rural,02_05,2085,0.4458383243764327
Nepal,rural,02_05,2090,0.43431776476677225
Nepal,rural,02_05,2095,0.42373056518414576
Nepal,rural,02_05,2100,0.4140933868319796
Nepal,rural,06_10,2011,0.560969409411097
Nepal,rural,06_10,2012,0.5574346034934525
Nepal,rural,06_10,2013,0.5547675183037069
Nepal,rural,06_10,2014,0.5502661131017786
Nepal,rural,06_10,2015,0.547547355152443
Nepal,rural,06_10,2016,0.5479274957218727
Nepal,rural,06_10,2017,0.5418947718657495
Nepal,rural,06_10,2018,0.5369040456952947
Nepal,rural,06_10,2019,0.5326108228121715
Nepal,rural,06_10,2020,0.5359825009133095
Nepal,rural,06_10,2025,0.5231517040012574
Nepal,rural,06_10,2030,0.5073038037147543
Nepal,rural,06_10,2035,0.4902576222442651
Nepal,rural,06_10,2040,0.4724408917274982
Nepal,rural,06_10,2045,0.4548139906935419
Nepal,rural,06_10,2050,0.4379025830215064
Nepal,rural,06_10,2055,0.421904262958684
Nepal,rural,06_10,2060,0.40680528387879283
Nepal,rural,06_10,2065,0.392642061388432
Nepal,rural,06_10,2070,0.37944860021242904
Nepal,rural,06_10,2075,0.36727807868354145
Nepal,rural,06_10,2080,0.3562964222528985
Nepal,rural,06_10,2085,0.34636379257135846
Nepal,rural,06_10,2090,0.33741367657465177
Nepal,rural,06_10,2095,0.3291886712315663
Nepal,rural,06_10,2100,0.3217017203320188
Nepal,rural,11_20,2011,0.225558156612901
Nepal,rural,11_20,2012,0.22413685931327593
Nepal,rural,11_20,2013,0.22306446069610328
Nepal,rural,11_20,2014,0.2212545069936714
Nepal,rural,11_20,2015,0.22016133146388167
Nepal,rural,11_20,2016,0.2203141808076353
Nepal,rural,11_20,2017,0.21788850473775775
Nepal,rural,11_20,2018,0.21588180174062055
Nepal,rural,11_20,2019,0.21415555531220623
Nepal,rural,11_20,2020,0.2155112611393442
Nepal,rural,11_20,2025,0.2103521725138251
Nepal,rural,11_20,2030,0.2039799477278758
Nepal,rural,11_20,2035,0.19712591040379268
Nepal,rural,11_20,2040,0.18996204580652423
Nepal,rural,11_20,2045,0.18287450905796765
Nepal,rural,11_20,2050,0.17607466244202108
Nepal,rural,11_20,2055,0.16964195591340367
Nepal,rural,11_20,2060,0.16357086214097802
Nepal,rural,11_20,2065,0.15787602334401424
Nepal,rural,11_20,2070,0.15257111235906912
Nepal,rural,11_20,2075,0.14767751146921781
Nepal,rural,11_20,2080,0.14326193703771292
Nepal,rural,11_20,2085,0.13926816196958808
Nepal,rural,11_20,2090,0.13566944226790578
Nepal,rural,11_20,2095,0.1323622796807957
Nepal,rural,11_20,2100,0.1293518787298311
Nepal,rural,21_30,2011,0.316687599761256
Nepal,rural,21_30,2012,0.31469207347604217
Nepal,rural,21_30,2013,0.31318640704766054
Nepal,rural,21_30,2014,0.3106452003703696
Nepal,rural,21_30,2015,0.30911036279302145
Nepal,rural,21_30,2016,0.30932496594692777
Nepal,rural,21_30,2017,0.30591927428893917
Nepal,rural,21_30,2018,0.303101828158238
Nepal,rural,21_30,2019,0.300678147958771
Nepal,rural,21_30,2020,0.3025815826685851
Nepal,rural,21_30,2025,0.2953381319403759
Nepal,rural,21_30,2030,0.28639141680976443
Nepal,rural,21_30,2035,0.2767682284425928
Nepal,rural,21_30,2040,0.2667100371610551
Nepal,rural,21_30,2045,0.2567590115150524
Nepal,rural,21_30,2050,0.24721190785058822
Nepal,rural,21_30,2055,0.23818027529467695
Nepal,rural,21_30,2060,0.2296563533776585
Nepal,rural,21_30,2065,0.22166070003166646
Nepal,rural,21_30,2070,0.21421251215853812
Nepal,rural,21_30,2075,0.2073418108579587
Nepal,rural,21_30,2080,0.2011422670716513
Nepal,rural,21_30,2085,0.19553493697415725
Nepal,rural,21_30,2090,0.19048227152568403
Nepal,rural,21_30,2095,0.18583895736910697
Nepal,rural,21_30,2100,0.18161230174380796
Nepal,rural,31_50,2011,0.0
Nepal,rural,31_50,2012,0.0
Nepal,rural,31_50,2013,0.0
Nepal,rural,31_50,2014,0.0
Nepal,rural,31_50,2015,0.0
Nepal,rural,31_50,2016,0.0
Nepal,rural,31_50,2017,0.0
Nepal,rural,31_50,2018,0.0
Nepal,rural,31_50,2019,0.0
Nepal,rural,31_50,2020,0.0
Nepal,rural,31_50,2025,0.0
Nepal,rural,31_50,2030,0.0
Nepal,rural,31_50,2035,0.0
Nepal,rural,31_50,2040,0.0
Nepal,rural,31_50,2045,0.0
Nepal,rural,31_50,2050,0.0
Nepal,rural,31_50,2055,0.0
Nepal,rural,31_50,2060,0.0
Nepal,rural,31_50,2065,0.0
Nepal,rural,31_50,2070,0.0
Nepal,rural,31_50,2075,0.0
Nepal,rural,31_50,2080,0.0
Nepal,rural,31_50,2085,0.0
Nepal,rural,31_50,2090,0.0
Nepal,rural,31_50,2095,0.0
Nepal,rural,31_50,2100,0.0
Nepal,rural,51+,2011,0.0
Nepal,rural,51+,2012,0.0
Nepal,rural,51+,2013,0.0
Nepal,rural,51+,2014,0.0
Nepal,rural,51+,2015,0.0
Nepal,rural,51+,2016,0.0
Nepal,rural,51+,2017,0.0
Nepal,rural,51+,2018,0.0
Nepal,rural,51+,2019,0.0
Nepal,rural,51+,2020,0.0
Nepal,rural,51+,2025,0.0
Nepal,rural,51+,2030,0.0
Nepal,rural,51+,2035,0.0
Nepal,rural,51+,2040,0.0
Nepal,rural,51+,2045,0.0
Nepal,rural,51+,2050,0.0
Nepal,rural,51+,2055,0.0
Nepal,rural,51+,2060,0.0
Nepal,rural,51+,2065,0.0
Nepal,rural,51+,2070,0.0
Nepal,rural,51+,2075,0.0
Nepal,rural,51+,2080,0.0
Nepal,rural,51+,2085,0.0
Nepal,rural,51+,2090,0.0
Nepal,rural,51+,2095,0.0
Nepal,rural,51+,2100,0.0
Pakistan,large_city,No_travel,2011,0.0
Pakistan,large_city,No_travel,2012,0.0
Pakistan,large_city,No_travel,2013,0.0
Pakistan,large_city,No_travel,2014,0.0
Pakistan,large_city,No_travel,2015,0.0
Pakistan,large_city,No_travel,2016,0.0
Pakistan,large_city,No_travel,2017,0.0
Pakistan,large_city,No_travel,2018,0.0
Pakistan,large_city,No_travel,2019,0.0
Pakistan,large_city,No_travel,2020,0.0
Pakistan,large_city,No_travel,2025,0.0
Pakistan,large_city,No_travel,2030,0.0
Pakistan,large_city,No_travel,2035,0.0
Pakistan,large_city,No_travel,2040,0.0
Pakistan,large_city,No_travel,2045,0.0
Pakistan,large_city,No_travel,2050,0.0
Pakistan,large_city,No_travel,2055,0.0
Pakistan,large_city,No_travel,2060,0.0
Pakistan,large_city,No_travel,2065,0.0
Pakistan,large_city,No_travel,2070,0.0
Pakistan,large_city,No_travel,2075,0.0
Pakistan,large_city,No_travel,2080,0.0
Pakistan,large_city,No_travel,2085,0.0
Pakistan,large_city,No_travel,2090,0.0
Pakistan,large_city,No_travel,2095,0.0
Pakistan,large_city,No_travel,2100,0.0
Pakistan,large_city,00_01,2011,0.798031141556873
Pakistan,large_city,00_01,2012,0.7958213104252057
Pakistan,large_city,00_01,2013,0.7921121294947604
Pakistan,large_city,00_01,2014,0.7878827006011829
Pakistan,large_city,00_01,2015,0.783445467948864
Pakistan,large_city,00_01,2016,0.7778858616282172
Pakistan,large_city,00_01,2017,0.7738960446003875
Pakistan,large_city,00_01,2018,0.7680298336205242
Pakistan,large_city,00_01,2019,0.7668946248187057
Pakistan,large_city,00_01,2020,0.7708831712285902
Pakistan,large_city,00_01,2025,0.7514493903170041
Pakistan,large_city,00_01,2030,0.7321224401060036
Pakistan,large_city,00_01,2035,0.7129343253014989
Pakistan,large_city,00_01,2040,0.6927945335166119
Pakistan,large_city,00_01,2045,0.6720333170674153
Pakistan,large_city,00_01,2050,0.6513342533744733
Pakistan,large_city,00_01,2055,0.6310845112971657
Pakistan,large_city,00_01,2060,0.6116617264855877
Pakistan,large_city,00_01,2065,0.5929170218085821
Pakistan,large_city,00_01,2070,0.5750133946484656
Pakistan,large_city,00_01,2075,0.5579655305714457
Pakistan,large_city,00_01,2080,0.5420387000239184
Pakistan,large_city,00_01,2085,0.527338431840677
Pakistan,large_city,00_01,2090,0.5139297963433632
Pakistan,large_city,00_01,2095,0.5016895642966018
Pakistan,large_city,00_01,2100,0.49044990418202267
Pakistan,large_city,02_05,2011,0.44170968683356
Pakistan,large_city,02_05,2012,0.4404865468252396
Pakistan,large_city,02_05,2013,0.4384335177366758
Pakistan,large_city,02_05,2014,0.43609253175908314
Pakistan,large_city,02_05,2015,0.4336365265442494
Pakistan,large_city,02_05,2016,0.43055928827755724
Pakistan,large_city,02_05,2017,0.42835092730251095
Pakistan,large_city,02_05,2018,0.4251039835682603
Pakistan,large_city,02_05,2019,0.42447564627886114
Pakistan,large_city,02_05,2020,0.42668330396775045
Pakistan,large_city,02_05,2025,0.41592671962731725
Pakistan,large_city,02_05,2030,0.40522926600602843
Pakistan,large_city,02_05,2035,0.394608657686547
Pakistan,large_city,02_05,2040,0.3834612968143378
Pakistan,large_city,02_05,2045,0.37196997781873087
Pakistan,large_city,02_05,2050,0.36051306033087394
Pakistan,large_city,02_05,2055,0.34930484204758977
Pakistan,large_city,02_05,2060,0.3385543440409323
Pakistan,large_city,02_05,2065,0.328179162921415
Pakistan,large_city,02_05,2070,0.3182695176278093
Pakistan,large_city,02_05,2075,0.3088335366108894
Pakistan,large_city,02_05,2080,0.3000180468799062
Pakistan,large_city,02_05,2085,0.2918814585721851
Pakistan,large_city,02_05,2090,0.2844597880659074
Pakistan,large_city,02_05,2095,0.27768482806422456
Pakistan,large_city,02_05,2100,0.2714636839373915
Pakistan,large_city,06_10,2011,0.287162738207747
Pakistan,large_city,06_10,2012,0.286367554754745
Pakistan,large_city,06_10,2013,0.28503284675022195
Pakistan,large_city,06_10,2014,0.28351093323220405
Pakistan,large_city,06_10,2015,0.2819142438147725
Pakistan,large_city,06_10,2016,0.2799136805644719
Pakistan,large_city,06_10,2017,0.2784779887436938
Pakistan,large_city,06_10,2018,0.2763670971754832
Pakistan,large_city,06_10,2019,0.2759586047608491
Pakistan,large_city,06_10,2020,0.27739383936372014
Pakistan,large_city,06_10,2025,0.2704008068243969
Pakistan,large_city,06_10,2030,0.2634462161389153
Pakistan,large_city,06_10,2035,0.25654158384905684
Pakistan,large_city,06_10,2040,0.24929450105401796
Pakistan,large_city,06_10,2045,0.24182380542120832
Pakistan,large_city,06_10,2050,0.23437547477485574
Pakistan,large_city,06_10,2055,0.2270888275751288
Pakistan,large_city,06_10,2060,0.22009975186157774
Pakistan,large_city,06_10,2065,0.2133546758342898
Pakistan,large_city,06_10,2070,0.2069122523104163
Pakistan,large_city,06_10,2075,0.20077776572960454
Pakistan,large_city,06_10,2080,0.1950466707474261
Pakistan,large_city,06_10,2085,0.18975694075562102
Pakistan,large_city,06_10,2090,0.18493199059449525
Pakistan,large_city,06_10,2095,0.18052747757763607
Pakistan,large_city,06_10,2100,0.17648300937714678
Pakistan,large_city,11_20,2011,0.0531984546790542
Pakistan,large_city,11_20,2012,0.053051142631711005
Pakistan,large_city,11_20,2013,0.05280388073508909
Pakistan,large_city,11_20,2014,0.05252193800178383
Pakistan,large_city,11_20,2015,0.052226142627565364
Pakistan,large_city,11_20,2016,0.05185552743539966
Pakistan,large_city,11_20,2017,0.051589557739131126
Pakistan,large_city,11_20,2018,0.051198503627707344
Pakistan,large_city,11_20,2019,0.05112282819243926
Pakistan,large_city,11_20,2020,0.05138871318661078
Pakistan,large_city,11_20,2025,0.05009321598201453
Pakistan,large_city,11_20,2030,0.048804840339331704
Pakistan,large_city,11_20,2035,0.04752571976038725
Pakistan,large_city,11_20,2040,0.04618315836807905
Pakistan,large_city,11_20,2045,0.0447991714848104
Pakistan,large_city,11_20,2050,0.043419327836579334
Pakistan,large_city,11_20,2055,0.042069436923725265
Pakistan,large_city,11_20,2060,0.04077467274256315
Pakistan,large_city,11_20,2065,0.03952511082661269
Pakistan,large_city,11_20,2070,0.0383316169283545
Pakistan,large_city,11_20,2075,0.03719517001889341
Pakistan,large_city,11_20,2080,0.03613345359087201
Pakistan,large_city,11_20,2085,0.03515350242105869
Pakistan,large_city,11_20,2090,0.03425965423561045
Pakistan,large_city,11_20,2095,0.03344369431137691
Pakistan,large_city,11_20,2100,0.032694434642077656
Pakistan,large_city,21_30,2011,0.126017818840264
Pakistan,large_city,21_30,2012,0.1256688624089714
Pakistan,large_city,21_30,2013,0.12508314229581052
Pakistan,large_city,21_30,2014,0.12441526935658057
Pakistan,large_city,21_30,2015,0.12371458193799043
Pakistan,large_city,21_30,2016,0.12283665947901012
Pakistan,large_city,21_30,2017,0.12220662386606657
Pakistan,large_city,21_30,2018,0.12128028518823379
Pakistan,large_city,21_30,2019,0.12110102334031347
Pakistan,large_city,21_30,2020,0.12173085830882889
Pakistan,large_city,21_30,2025,0.11866205240042801
Pakistan,large_city,21_30,2030,0.1156101162245124
Pakistan,large_city,21_30,2035,0.11258010367311883
Pakistan,large_city,21_30,2040,0.1093998109496078
Pakistan,large_city,21_30,2045,0.10612138849569919
Pakistan,large_city,21_30,2050,0.10285278063970568
Pakistan,large_city,21_30,2055,0.09965512556614317
Pakistan,large_city,21_30,2060,0.09658805606183307
Pakistan,large_city,21_30,2065,0.09362806280443611
Pakistan,large_city,21_30,2070,0.09080088485791434
Pakistan,large_city,21_30,2075,0.08810884123330069
Pakistan,large_city,21_30,2080,0.08559382102654245
Pakistan,large_city,21_30,2085,0.08327248839132098
Pakistan,large_city,21_30,2090,0.08115511864093863
Pakistan,large_city,21_30,2095,0.07922225253546014
Pakistan,large_city,21_30,2100,0.07744738764813014
Pakistan,large_city,31_50,2011,0.0
Pakistan,large_city,31_50,2012,0.0
Pakistan,large_city,31_50,2013,0.0
Pakistan,large_city,31_50,2014,0.0
Pakistan,large_city,31_50,2015,0.0
Pakistan,large_city,31_50,2016,0.0
Pakistan,large_city,31_50,2017,0.0
Pakistan,large_city,31_50,2018,0.0
Pakistan,large_city,31_50,2019,0.0
Pakistan,large_city,31_50,2020,0.0
Pakistan,large_city,31_50,2025,0.0
Pakistan,large_city,31_50,2030,0.0
Pakistan,large_city,31_50,2035,0.0
Pakistan,large_city,31_50,2040,0.0
Pakistan,large_city,31_50,2045,0.0
Pakistan,large_city,31_50,2050,0.0
Pakistan,large_city,31_50,2055,0.0
Pakistan,large_city,31_50,2060,0.0
Pakistan,large_city,31_50,2065,0.0
Pakistan,large_city,31_50,2070,0.0
Pakistan,large_city,31_50,2075,0.0
Pakistan,large_city,31_50,2080,0.0
Pakistan,large_city,31_50,2085,0.0
Pakistan,large_city,31_50,2090,0.0
Pakistan,large_city,31_50,2095,0.0
Pakistan,large_city,31_50,2100,0.0
Pakistan,large_city,51+,2011,0.0
Pakistan,large_city,51+,2012,0.0
Pakistan,large_city,51+,2013,0.0
Pakistan,large_city,51+,2014,0.0
Pakistan,large_city,51+,2015,0.0
Pakistan,large_city,51+,2016,0.0
Pakistan,large_city,51+,2017,0.0
Pakistan,large_city,51+,2018,0.0
Pakistan,large_city,51+,2019,0.0
Pakistan,large_city,51+,2020,0.0
Pakistan,large_city,51+,2025,0.0
Pakistan,large_city,51+,2030,0.0
Pakistan,large_city,51+,2035,0.0
Pakistan,large_city,51+,2040,0.0
Pakistan,large_city,51+,2045,0.0
Pakistan,large_city,51+,2050,0.0
Pakistan,large_city,51+,2055,0.0
Pakistan,large_city,51+,2060,0.0
Pakistan,large_city,51+,2065,0.0
Pakistan,large_city,51+,2070,0.0
Pakistan,large_city,51+,2075,0.0
Pakistan,large_city,51+,2080,0.0
Pakistan,large_city,51+,2085,0.0
Pakistan,large_city,51+,2090,0.0
Pakistan,large_city,51+,2095,0.0
Pakistan,large_city,51+,2100,0.0
Pakistan,city,No_travel,2011,0.0
Pakistan,city,No_travel,2012,0.0
Pakistan,city,No_travel,2013,0.0
Pakistan,city,No_travel,2014,0.0
Pakistan,city,No_travel,2015,0.0
Pakistan,city,No_travel,2016,0.0
Pakistan,city,No_travel,2017,0.0
Pakistan,city,No_travel,2018,0.0
Pakistan,city,No_travel,2019,0.0
Pakistan,city,No_travel,2020,0.0
Pakistan,city,No_travel,2025,0.0
Pakistan,city,No_travel,2030,0.0
Pakistan,city,No_travel,2035,0.0
Pakistan,city,No_travel,2040,0.0
Pakistan,city,No_travel,2045,0.0
Pakistan,city,No_travel,2050,0.0
Pakistan,city,No_travel,2055,0.0
Pakistan,city,No_travel,2060,0.0
Pakistan,city,No_travel,2065,0.0
Pakistan,city,No_travel,2070,0.0
Pakistan,city,No_travel,2075,0.0
Pakistan,city,No_travel,2080,0.0
Pakistan,city,No_travel,2085,0.0
Pakistan,city,No_travel,2090,0.0
Pakistan,city,No_travel,2095,0.0
Pakistan,city,No_travel,2100,0.0
Pakistan,city,00_01,2011,0.784266131199457
Pakistan,city,00_01,2012,0.7820944168113997
Pakistan,city,00_01,2013,0.7784492144793653
Pakistan,city,00_01,2014,0.7742927377921548
Pakistan,city,00_01,2015,0.7699320416936579
Pakistan,city,00_01,2016,0.7644683314284426
Pakistan,city,00_01,2017,0.7605473336106066
Pakistan,city,00_01,2018,0.7547823072220352
Pakistan,city,00_01,2019,0.7536666793113639
Pakistan,city,00_01,2020,0.7575864284277792
Pakistan,city,00_01,2025,0.7384878552312829
Pakistan,city,00_01,2030,0.7194942700432472
Pakistan,city,00_01,2035,0.700637125529586
Pakistan,city,00_01,2040,0.6808447192389222
Pakistan,city,00_01,2045,0.6604416070598148
Pakistan,city,00_01,2050,0.6400995755818892
Pakistan,city,00_01,2055,0.6201991154998749
Pakistan,city,00_01,2060,0.6011113487348103
Pakistan,city,00_01,2065,0.582689966094489
Pakistan,city,00_01,2070,0.5650951534661132
Pakistan,city,00_01,2075,0.5483413431087693
Pakistan,city,00_01,2080,0.5326892298949788
Pakistan,city,00_01,2085,0.51824252242292
Pakistan,city,00_01,2090,0.5050651686349131
Pakistan,city,00_01,2095,0.49303606484133256
Pakistan,city,00_01,2100,0.48199027440154985
Pakistan,city,02_05,2011,0.505179898463546
Pakistan,city,02_05,2012,0.5037810028458395
Pakistan,city,02_05,2013,0.5014329696072246
Pakistan,city,02_05,2014,0.49875560233701016
Pakistan,city,02_05,2015,0.4959466884688315
Pakistan,city,02_05,2016,0.49242727524006646
Pakistan,city,02_05,2017,0.4899015901432732
Pakistan,city,02_05,2018,0.4861880861045817
Pakistan,city,02_05,2019,0.4854694616833357
Pakistan,city,02_05,2020,0.48799434243727674
Pakistan,city,02_05,2025,0.47569212143807504
Pakistan,city,02_05,2030,0.46345752777778815
Pakistan,city,02_05,2035,0.4513108214854301
Pakistan,city,02_05,2040,0.43856167243703914
Pakistan,city,02_05,2045,0.42541914118528423
Pakistan,city,02_05,2050,0.4123159546676617
Pakistan,city,02_05,2055,0.399497203476361
Pakistan,city,02_05,2060,0.3872019433692803
Pakistan,city,02_05,2065,0.37533593023728024
Pakistan,city,02_05,2070,0.36400234677181315
Pakistan,city,02_05,2075,0.3532104894181669
Pakistan,city,02_05,2080,0.34312828307325005
Pakistan,city,02_05,2085,0.3338225309522126
Pakistan,city,02_05,2090,0.32533442470381135
Pakistan,city,02_05,2095,0.3175859561785232
Pakistan,city,02_05,2100,0.3104708825181513
Pakistan,city,06_10,2011,0.391250172065705
Pakistan,city,06_10,2012,0.3901667596955884
Pakistan,city,06_10,2013,0.3883482621436904
Pakistan,city,06_10,2014,0.38627470298517985
Pakistan,city,06_10,2015,0.38409926402257444
Pakistan,city,06_10,2016,0.3813735597031576
Pakistan,city,06_10,2017,0.37941747488721467
Pakistan,city,06_10,2018,0.3765414517150267
Pakistan,city,06_10,2019,0.3759848936862566
Pakistan,city,06_10,2020,0.37794035555722433
Pakistan,city,06_10,2025,0.36841256932232663
Pakistan,city,06_10,2030,0.358937158900614
Pakistan,city,06_10,2035,0.34952981521696663
Pakistan,city,06_10,2040,0.33965589352284314
Pakistan,city,06_10,2045,0.32947730639127487
Pakistan,city,06_10,2050,0.31932919084823574
Pakistan,city,06_10,2055,0.30940136390081063
Pakistan,city,06_10,2060,0.29987896871620684
Pakistan,city,06_10,2065,0.2906890154070018
Pakistan,city,06_10,2070,0.28191141658632146
Pakistan,city,06_10,2075,0.2735533721364841
Pakistan,city,06_10,2080,0.2657449360145245
Pakistan,city,06_10,2085,0.2585378457687921
Pakistan,city,06_10,2090,0.25196400338056685
Pakistan,city,06_10,2095,0.24596299333843147
Pakistan,city,06_10,2100,0.24045253300074335
Pakistan,city,11_20,2011,0.145687548677459
Pakistan,city,11_20,2012,0.14528412472092558
Pakistan,city,11_20,2013,0.1446069813749861
Pakistan,city,11_20,2014,0.14383486222358452
Pakistan,city,11_20,2015,0.14302480668268575
Pakistan,city,11_20,2016,0.14200985203456687
Pakistan,city,11_20,2017,0.1412814761201607
Pakistan,city,11_20,2018,0.14021054811600567
Pakistan,city,11_20,2019,0.1400033058431648
Pakistan,city,11_20,2020,0.1407314497951774
Pakistan,city,11_20,2025,0.13718364350654025
Pakistan,city,11_20,2030,0.13365534009452196
Pakistan,city,11_20,2035,0.13015238229746623
Pakistan,city,11_20,2040,0.12647568756310978
Pakistan,city,11_20,2045,0.12268554633360233
Pakistan,city,11_20,2050,0.11890675163210708
Pakistan,city,11_20,2055,0.11520998451242007
Pakistan,city,11_20,2060,0.11166418565779365
Pakistan,city,11_20,2065,0.10824217624880214
Pakistan,city,11_20,2070,0.10497371287993666
Pakistan,city,11_20,2075,0.10186147652945768
Pakistan,city,11_20,2080,0.09895389463216005
Pakistan,city,11_20,2085,0.09627023239770192
Pakistan,city,11_20,2090,0.0938223689811162
Pakistan,city,11_20,2095,0.09158780781016113
Pakistan,city,11_20,2100,0.08953590977662537
Pakistan,city,21_30,2011,0.43292180947654
Pakistan,city,21_30,2012,0.4317230040135193
Pakistan,city,21_30,2013,0.42971082023213014
Pakistan,city,21_30,2014,0.4274164085051795
Pakistan,city,21_30,2015,0.42500926586515336
Pakistan,city,21_30,2016,0.4219932496936339
Pakistan,city,21_30,2017,0.4198288243758467
Pakistan,city,21_30,2018,0.41664647905130325
Pakistan,city,21_30,2019,0.4160306426220905
Pakistan,city,21_30,2020,0.41819437864569936
Pakistan,city,21_30,2025,0.4076517980882527
Pakistan,city,21_30,2030,0.3971671718358409
Pakistan,city,21_30,2035,0.38675786203697293
Pakistan,city,21_30,2040,0.37583227950270703
Pakistan,city,21_30,2045,0.3645695819410734
Pakistan,city,21_30,2050,0.3533406014642758
Pakistan,city,21_30,2055,0.3423553722858272
Pakistan,city,21_30,2060,0.3318187569736758
Pakistan,city,21_30,2065,0.3216499915655475
Pakistan,city,21_30,2070,0.31193750008153126
Pakistan,city,21_30,2075,0.30268924925571106
Pakistan,city,21_30,2080,0.29404914495300155
Pakistan,city,21_30,2085,0.286074435232697
Pakistan,city,21_30,2090,0.27880041992198656
Pakistan,city,21_30,2095,0.2721602487179421
Pakistan,city,21_30,2100,0.26606287514275545
Pakistan,city,31_50,2011,0.0
Pakistan,city,31_50,2012,0.0
Pakistan,city,31_50,2013,0.0
Pakistan,city,31_50,2014,0.0
Pakistan,city,31_50,2015,0.0
Pakistan,city,31_50,2016,0.0
Pakistan,city,31_50,2017,0.0
Pakistan,city,31_50,2018,0.0
Pakistan,city,31_50,2019,0.0
Pakistan,city,31_50,2020,0.0
Pakistan,city,31_50,2025,0.0
Pakistan,city,31_50,2030,0.0
Pakistan,city,31_50,2035,0.0
Pakistan,city,31_50,2040,0.0
Pakistan,city,31_50,2045,0.0
Pakistan,city,31_50,2050,0.0
Pakistan,city,31_50,2055,0.0
Pakistan,city,31_50,2060,0.0
Pakistan,city,31_50,2065,0.0
Pakistan,city,31_50,2070,0.0
Pakistan,city,31_50,2075,0.0
Pakistan,city,31_50,2080,0.0
Pakistan,city,31_50,2085,0.0
Pakistan,city,31_50,2090,0.0
Pakistan,city,31_50,2095,0.0
Pakistan,city,31_50,2100,0.0
Pakistan,city,51+,2011,0.0
Pakistan,city,51+,2012,0.0
Pakistan,city,51+,2013,0.0
Pakistan,city,51+,2014,0.0
Pakistan,city,51+,2015,0.0
Pakistan,city,51+,2016,0.0
Pakistan,city,51+,2017,0.0
Pakistan,city,51+,2018,0.0
Pakistan,city,51+,2019,0.0
Pakistan,city,51+,2020,0.0
Pakistan,city,51+,2025,0.0
Pakistan,city,51+,2030,0.0
Pakistan,city,51+,2035,0.0
Pakistan,city,51+,2040,0.0
Pakistan,city,51+,2045,0.0
Pakistan,city,51+,2050,0.0
Pakistan,city,51+,2055,0.0
Pakistan,city,51+,2060,0.0
Pakistan,city,51+,2065,0.0
Pakistan,city,51+,2070,0.0
Pakistan,city,51+,2075,0.0
Pakistan,city,51+,2080,0.0
Pakistan,city,51+,2085,0.0
Pakistan,city,51+,2090,0.0
Pakistan,city,51+,2095,0.0
Pakistan,city,51+,2100,0.0
Pakistan,town,No_travel,2011,0.0
Pakistan,town,No_travel,2012,0.0
Pakistan,town,No_travel,2013,0.0
Pakistan,town,No_travel,2014,0.0
Pakistan,town,No_travel,2015,0.0
Pakistan,town,No_travel,2016,0.0
Pakistan,town,No_travel,2017,0.0
Pakistan,town,No_travel,2018,0.0
Pakistan,town,No_travel,2019,0.0
Pakistan,town,No_travel,2020,0.0
Pakistan,town,No_travel,2025,0.0
Pakistan,town,No_travel,2030,0.0
Pakistan,town,No_travel,2035,0.0
Pakistan,town,No_travel,2040,0.0
Pakistan,town,No_travel,2045,0.0
Pakistan,town,No_travel,2050,0.0
Pakistan,town,No_travel,2055,0.0
Pakistan,town,No_travel,2060,0.0
Pakistan,town,No_travel,2065,0.0
Pakistan,town,No_travel,2070,0.0
Pakistan,town,No_travel,2075,0.0
Pakistan,town,No_travel,2080,0.0
Pakistan,town,No_travel,2085,0.0
Pakistan,town,No_travel,2090,0.0
Pakistan,town,No_travel,2095,0.0
Pakistan,town,No_travel,2100,0.0
Pakistan,town,00_01,2011,0.809373601454855
Pakistan,town,00_01,2012,0.807132361873458
Pakistan,town,00_01,2013,0.8033704621532726
Pakistan,town,00_01,2014,0.7990809201574379
Pakistan,town,00_01,2015,0.7945806208767683
Pakistan,town,00_01,2016,0.7889419955699482
Pakistan,town,00_01,2017,0.7848954710563051
Pakistan,town,00_01,2018,0.7789458833016177
Pakistan,town,00_01,2019,0.7777945397155284
Pakistan,town,00_01,2020,0.7818397755518643
Pakistan,town,00_01,2025,0.7621297812581466
Pakistan,town,00_01,2030,0.742528136055556
Pakistan,town,00_01,2035,0.7230672995346239
Pakistan,town,00_01,2040,0.702641259796771
Pakistan,town,00_01,2045,0.68158496305215
Pakistan,town,00_01,2050,0.6605917024442793
Pakistan,town,00_01,2055,0.6400541496845362
Pakistan,town,00_01,2060,0.6203553077789924
Pakistan,town,00_01,2065,0.6013441835977508
Pakistan,town,00_01,2070,0.5831860912137636
Pakistan,town,00_01,2075,0.5658959249199874
Pakistan,town,00_01,2080,0.5497427254660602
Pakistan,town,00_01,2085,0.5348335215738278
Pakistan,town,00_01,2090,0.5212343084129429
Pakistan,town,00_01,2095,0.5088201052842241
Pakistan,town,00_01,2100,0.4974206952708279
Pakistan,town,02_05,2011,0.581333504919286
Pakistan,town,02_05,2012,0.5797237320543503
Pakistan,town,02_05,2013,0.5770217433243505
Pakistan,town,02_05,2014,0.5739407749329246
Pakistan,town,02_05,2015,0.5707084298832283
Pakistan,town,02_05,2016,0.5666584808774191
Pakistan,town,02_05,2017,0.5637520600675119
Pakistan,town,02_05,2018,0.5594787619317187
Pakistan,town,02_05,2019,0.5586518080984524
Pakistan,town,02_05,2020,0.5615573033144258
Pakistan,town,02_05,2025,0.5474005776143164
Pakistan,town,02_05,2030,0.5333216737714884
Pakistan,town,02_05,2035,0.5193439059235637
Pakistan,town,02_05,2040,0.5046728797731154
Pakistan,town,02_05,2045,0.489549170814523
Pakistan,town,02_05,2050,0.4744707376324665
Pakistan,town,02_05,2055,0.4597196171278868
Pakistan,town,02_05,2060,0.44557090164320035
Pakistan,town,02_05,2065,0.43191614019203456
Pakistan,town,02_05,2070,0.4188740697943133
Pakistan,town,02_05,2075,0.4064553882928029
Pakistan,town,02_05,2080,0.3948533345103068
Pakistan,town,02_05,2085,0.3841447819473763
Pakistan,town,02_05,2090,0.3743771317092771
Pakistan,town,02_05,2095,0.36546061626742693
Pakistan,town,02_05,2100,0.3572729771287303
Pakistan,town,06_10,2011,0.467167283694754
Pakistan,town,06_10,2012,0.4658736489561508
Pakistan,town,06_10,2013,0.46370229512072536
Pakistan,town,06_10,2014,0.4612263882232351
Pakistan,town,06_10,2015,0.45862883304354446
Pakistan,town,06_10,2016,0.4553742405245585
Pakistan,town,06_10,2017,0.453038602369268
Pakistan,town,06_10,2018,0.44960452353909025
Pakistan,town,06_10,2019,0.448939972515007
Pakistan,town,06_10,2020,0.4512748668507857
Pakistan,town,06_10,2025,0.4398983350745034
Pakistan,town,06_10,2030,0.4285843419707225
Pakistan,town,06_10,2035,0.4173516230884047
Pakistan,town,06_10,2040,0.40556179267656345
Pakistan,town,06_10,2045,0.3934081803803711
Pakistan,town,06_10,2050,0.38129095229627474
Pakistan,town,06_10,2055,0.3694367570034448
Pakistan,town,06_10,2060,0.3580666623420876
Pakistan,town,06_10,2065,0.34709351566696756
Pakistan,town,06_10,2070,0.33661273561575555
Pakistan,town,06_10,2075,0.3266329191162121
Pakistan,town,06_10,2080,0.3173093554389359
Pakistan,town,06_10,2085,0.3087038211444325
Pakistan,town,06_10,2090,0.3008544083870399
Pakistan,town,06_10,2095,0.29368897879500244
Pakistan,town,06_10,2100,0.2871092838282917
Pakistan,town,11_20,2011,0.112734185376748
Pakistan,town,11_20,2012,0.11242201270644006
Pakistan,town,11_20,2013,0.11189803379279398
Pakistan,town,11_20,2014,0.11130056184452371
Pakistan,town,11_20,2015,0.11067373441594694
Pakistan,town,11_20,2016,0.10988835442645077
Pakistan,town,11_20,2017,0.10932473134332502
Pakistan,town,11_20,2018,0.10849603872517374
Pakistan,town,11_20,2019,0.10833567300403678
Pakistan,town,11_20,2020,0.10889911659281509
Pakistan,town,11_20,2025,0.10615379583304659
Pakistan,town,11_20,2030,0.10342356655452058
Pakistan,town,11_20,2035,0.10071294991469715
Pakistan,town,11_20,2040,0.09786789424920372
Pakistan,town,11_20,2045,0.09493505278231001
Pakistan,town,11_20,2050,0.09201099134915235
Pakistan,town,11_20,2055,0.08915040351203993
Pakistan,town,11_20,2060,0.0864066361206955
Pakistan,town,11_20,2065,0.08375865798820385
Pakistan,town,11_20,2070,0.08122949500435442
Pakistan,town,11_20,2075,0.07882122173147564
Pakistan,town,11_20,2080,0.07657131170427273
Pakistan,town,11_20,2085,0.07449467249540126
Pakistan,town,11_20,2090,0.07260049628962761
Pakistan,town,11_20,2095,0.0708713750601954
Pakistan,town,11_20,2100,0.06928360002117043
Pakistan,town,21_30,2011,0.357090543456726
Pakistan,town,21_30,2012,0.35610172264678214
Pakistan,town,21_30,2013,0.3544419961458237
Pakistan,town,21_30,2014,0.35254947719077045
Pakistan,town,21_30,2015,0.35056397344693246
Pakistan,town,21_30,2016,0.34807624741838156
Pakistan,town,21_30,2017,0.34629094624832807
Pakistan,town,21_30,2018,0.343666025543173
Pakistan,town,21_30,2019,0.3431580599928721
Pakistan,town,21_30,2020,0.3449427926066011
Pakistan,town,21_30,2025,0.3362468670646495
Pakistan,town,21_30,2030,0.3275987444603822
Pakistan,town,21_30,2035,0.31901274576102906
Pakistan,town,21_30,2040,0.31000090547176373
Pakistan,town,21_30,2045,0.3007109997542962
Pakistan,town,21_30,2050,0.29144890518397887
Pakistan,town,21_30,2055,0.2823878660506721
Pakistan,town,21_30,2060,0.27369686087225437
Pakistan,town,21_30,2065,0.26530927242929037
Pakistan,town,21_30,2070,0.2572980362512383
Pakistan,town,21_30,2075,0.24966972360649228
Pakistan,town,21_30,2080,0.24254303358200982
Pakistan,town,21_30,2085,0.23596518657685106
Pakistan,town,21_30,2090,0.22996529924487571
Pakistan,town,21_30,2095,0.22448823088750888
Pakistan,town,21_30,2100,0.21945888287139775
Pakistan,town,31_50,2011,0.0
Pakistan,town,31_50,2012,0.0
Pakistan,town,31_50,2013,0.0
Pakistan,town,31_50,2014,0.0
Pakistan,town,31_50,2015,0.0
Pakistan,town,31_50,2016,0.0
Pakistan,town,31_50,2017,0.0
Pakistan,town,31_50,2018,0.0
Pakistan,town,31_50,2019,0.0
Pakistan,town,31_50,2020,0.0
Pakistan,town,31_50,2025,0.0
Pakistan,town,31_50,2030,0.0
Pakistan,town,31_50,2035,0.0
Pakistan,town,31_50,2040,0.0
Pakistan,town,31_50,2045,0.0
Pakistan,town,31_50,2050,0.0
Pakistan,town,31_50,2055,0.0
Pakistan,town,31_50,2060,0.0
Pakistan,town,31_50,2065,0.0
Pakistan,town,31_50,2070,0.0
Pakistan,town,31_50,2075,0.0
Pakistan,town,31_50,2080,0.0
Pakistan,town,31_50,2085,0.0
Pakistan,town,31_50,2090,0.0
Pakistan,town,31_50,2095,0.0
Pakistan,town,31_50,2100,0.0
Pakistan,town,51+,2011,0.0
Pakistan,town,51+,2012,0.0
Pakistan,town,51+,2013,0.0
Pakistan,town,51+,2014,0.0
Pakistan,town,51+,2015,0.0
Pakistan,town,51+,2016,0.0
Pakistan,town,51+,2017,0.0
Pakistan,town,51+,2018,0.0
Pakistan,town,51+,2019,0.0
Pakistan,town,51+,2020,0.0
Pakistan,town,51+,2025,0.0
Pakistan,town,51+,2030,0.0
Pakistan,town,51+,2035,0.0
Pakistan,town,51+,2040,0.0
Pakistan,town,51+,2045,0.0
Pakistan,town,51+,2050,0.0
Pakistan,town,51+,2055,0.0
Pakistan,town,51+,2060,0.0
Pakistan,town,51+,2065,0.0
Pakistan,town,51+,2070,0.0
Pakistan,town,51+,2075,0.0
Pakistan,town,51+,2080,0.0
Pakistan,town,51+,2085,0.0
Pakistan,town,51+,2090,0.0
Pakistan,town,51+,2095,0.0
Pakistan,town,51+,2100,0.0
Pakistan,rural,No_travel,2011,0.0
Pakistan,rural,No_travel,2012,0.0
Pakistan,rural,No_travel,2013,0.0
Pakistan,rural,No_travel,2014,0.0
Pakistan,rural,No_travel,2015,0.0
Pakistan,rural,No_travel,2016,0.0
Pakistan,rural,No_travel,2017,0.0
Pakistan,rural,No_travel,2018,0.0
Pakistan,rural,No_travel,2019,0.0
Pakistan,rural,No_travel,2020,0.0
Pakistan,rural,No_travel,2025,0.0
Pakistan,rural,No_travel,2030,0.0
Pakistan,rural,No_travel,2035,0.0
Pakistan,rural,No_travel,2040,0.0
Pakistan,rural,No_travel,2045,0.0
Pakistan,rural,No_travel,2050,0.0
Pakistan,rural,No_travel,2055,0.0
Pakistan,rural,No_travel,2060,0.0
Pakistan,rural,No_travel,2065,0.0
Pakistan,rural,No_travel,2070,0.0
Pakistan,rural,No_travel,2075,0.0
Pakistan,rural,No_travel,2080,0.0
Pakistan,rural,No_travel,2085,0.0
Pakistan,rural,No_travel,2090,0.0
Pakistan,rural,No_travel,2095,0.0
Pakistan,rural,No_travel,2100,0.0
Pakistan,rural,00_01,2011,0.900728094580366
Pakistan,rural,00_01,2012,0.8982338849174599
Pakistan,rural,00_01,2013,0.8940473772763973
Pakistan,rural,00_01,2014,0.8892736720535119
Pakistan,rural,00_01,2015,0.8842654212422268
Pakistan,rural,00_01,2016,0.8779903608504184
Pakistan,rural,00_01,2017,0.873487102641484
Pakistan,rural,00_01,2018,0.8668659812802418
Pakistan,rural,00_01,2019,0.8655846848398322
Pakistan,rural,00_01,2020,0.8700865089176643
Pakistan,rural,00_01,2025,0.8481518355202882
Pakistan,rural,00_01,2030,0.8263377406421831
Pakistan,rural,00_01,2035,0.8046803476077046
Pakistan,rural,00_01,2040,0.7819488082792312
Pakistan,rural,00_01,2045,0.7585158744503917
Pakistan,rural,00_01,2050,0.7351530916855883
Pakistan,rural,00_01,2055,0.7122974527922817
Pakistan,rural,00_01,2060,0.6903751905599497
Pakistan,rural,00_01,2065,0.669218269171829
Pakistan,rural,00_01,2070,0.6490106618013343
Pakistan,rural,00_01,2075,0.629768943869372
Pakistan,rural,00_01,2080,0.6117925229194431
Pakistan,rural,00_01,2085,0.5952005080706494
Pakistan,rural,00_01,2090,0.5800663434077816
Pakistan,rural,00_01,2095,0.5662509415837473
Pakistan,rural,00_01,2100,0.5535648731942542
Pakistan,rural,02_05,2011,0.722077962195642
Pakistan,rural,02_05,2012,0.7200784533077584
Pakistan,rural,02_05,2013,0.7167222963005948
Pakistan,rural,02_05,2014,0.712895406298824
Pakistan,rural,02_05,2015,0.7088804904082942
Pakistan,rural,02_05,2016,0.7038500235586034
Pakistan,rural,02_05,2017,0.7002399401934752
Pakistan,rural,02_05,2018,0.6949320500002609
Pakistan,rural,02_05,2019,0.6939048855005341
Pakistan,rural,02_05,2020,0.6975138191796803
Pakistan,rural,02_05,2025,0.6799296621366125
Pakistan,rural,02_05,2030,0.6624421681065048
Pakistan,rural,02_05,2035,0.6450802957247046
Pakistan,rural,02_05,2040,0.6268573228934629
Pakistan,rural,02_05,2045,0.6080720699306621
Pakistan,rural,02_05,2050,0.5893430542914996
Pakistan,rural,02_05,2055,0.5710205957648262
Pakistan,rural,02_05,2060,0.5534463882601568
Pakistan,rural,02_05,2065,0.5364857241327824
Pakistan,rural,02_05,2070,0.5202860873736621
Pakistan,rural,02_05,2075,0.5048607658398337
Pakistan,rural,02_05,2080,0.49044978267499423
Pakistan,rural,02_05,2085,0.4771486229323102
Pakistan,rural,02_05,2090,0.4650161638194544
Pakistan,rural,02_05,2095,0.45394090453084496
Pakistan,rural,02_05,2100,0.4437709870317939
Pakistan,rural,06_10,2011,0.560969409411097
Pakistan,rural,06_10,2012,0.5594160268420768
Pakistan,rural,06_10,2013,0.5568086886974882
Pakistan,rural,06_10,2014,0.5538356465378205
Pakistan,rural,06_10,2015,0.5507165304397509
Pakistan,rural,06_10,2016,0.5468084510280037
Pakistan,rural,06_10,2017,0.5440038420532292
Pakistan,rural,06_10,2018,0.5398802374249251
Pakistan,rural,06_10,2019,0.5390822517600147
Pakistan,rural,06_10,2020,0.5418859675643837
Pakistan,rural,06_10,2025,0.5282251515474435
Pakistan,rural,06_10,2030,0.5146394312904228
Pakistan,rural,06_10,2035,0.5011513042373907
Pakistan,rural,06_10,2040,0.4869942036996978
Pakistan,rural,06_10,2045,0.47240027781926053
Pakistan,rural,06_10,2050,0.45785004170624427
Pakistan,rural,06_10,2055,0.44361565251727963
Pakistan,rural,06_10,2060,0.4299625661181529
Pakistan,rural,06_10,2065,0.41678613055734104
Pakistan,rural,06_10,2070,0.4042009235004667
Pakistan,rural,06_10,2075,0.39221726804518026
Pakistan,rural,06_10,2080,0.3810216338640294
Pakistan,rural,06_10,2085,0.3706882015811114
Pakistan,rural,06_10,2090,0.3612627118423745
Pakistan,rural,06_10,2095,0.3526585416731115
Pakistan,rural,06_10,2100,0.3447577152916293
Pakistan,rural,11_20,2011,0.225558156612901
Pakistan,rural,11_20,2012,0.22493356264591333
Pakistan,rural,11_20,2013,0.22388518750157652
Pakistan,rural,11_20,2014,0.2226897677553
Pakistan,rural,11_20,2015,0.2214356136685722
Pakistan,rural,11_20,2016,0.21986422818262225
Pakistan,rural,11_20,2017,0.21873653312517832
Pakistan,rural,11_20,2018,0.2170784878860678
Pakistan,rural,11_20,2019,0.21675762872233967
Pakistan,rural,11_20,2020,0.2178849646481325
Pakistan,rural,11_20,2025,0.21239213664910891
Pakistan,rural,11_20,2030,0.2069295036320089
Pakistan,rural,11_20,2035,0.20150611151257702
Pakistan,rural,11_20,2040,0.19581373426937265
Pakistan,rural,11_20,2045,0.18994571550736486
Pakistan,rural,11_20,2050,0.1840952638055871
Pakistan,rural,11_20,2055,0.17837180984872333
Pakistan,rural,11_20,2060,0.17288208982371056
Pakistan,rural,11_20,2065,0.16758402460666877
Pakistan,rural,11_20,2070,0.16252368431588485
Pakistan,rural,11_20,2075,0.1577052197282772
Pakistan,rural,11_20,2080,0.15320360775862668
Pakistan,rural,11_20,2085,0.14904867542521105
Pakistan,rural,11_20,2090,0.14525881441857408
Pakistan,rural,11_20,2095,0.14179919482077807
Pakistan,rural,11_20,2100,0.1386223801773619
Pakistan,rural,21_30,2011,0.316687599761256
Pakistan,rural,21_30,2012,0.31581065889952453
Pakistan,rural,21_30,2013,0.31433872184748
Pakistan,rural,21_30,2014,0.3126603316006346
Pakistan,rural,21_30,2015,0.3108994773117861
Pakistan,rural,21_30,2016,0.3086932245860236
Pakistan,rural,21_30,2017,0.3071099209876641
Pakistan,rural,21_30,2018,0.3047819964516845
Pakistan,rural,21_30,2019,0.3043315045699086
Pakistan,rural,21_30,2020,0.30591430394114416
Pakistan,rural,21_30,2025,0.2982022772911946
Pakistan,rural,21_30,2030,0.2905326449243594
Pakistan,rural,21_30,2035,0.2829181074646719
Pakistan,rural,21_30,2040,0.27492591018324186
Pakistan,rural,21_30,2045,0.26668710913521104
Pakistan,rural,21_30,2050,0.25847297254721424
Pakistan,rural,21_30,2055,0.25043714301588005
Pakistan,rural,21_30,2060,0.24272948001583955
Pakistan,rural,21_30,2065,0.2352909037206669
Pakistan,rural,21_30,2070,0.2281860973827884
Pakistan,rural,21_30,2075,0.2214208887656472
Pakistan,rural,21_30,2080,0.21510054676989415
Pakistan,rural,21_30,2085,0.20926694905124454
Pakistan,rural,21_30,2090,0.20394591786512606
Pakistan,rural,21_30,2095,0.1990885513971366
Pakistan,rural,21_30,2100,0.1946282480349467
Pakistan,rural,31_50,2011,0.0
Pakistan,rural,31_50,2012,0.0
Pakistan,rural,31_50,2013,0.0
Pakistan,rural,31_50,2014,0.0
Pakistan,rural,31_50,2015,0.0
Pakistan,rural,31_50,2016,0.0
Pakistan,rural,31_50,2017,0.0
Pakistan,rural,31_50,2018,0.0
Pakistan,rural,31_50,2019,0.0
Pakistan,rural,31_50,2020,0.0
Pakistan,rural,31_50,2025,0.0
Pakistan,rural,31_50,2030,0.0
Pakistan,rural,31_50,2035,0.0
Pakistan,rural,31_50,2040,0.0
Pakistan,rural,31_50,2045,0.0
Pakistan,rural,31_50,2050,0.0
Pakistan,rural,31_50,2055,0.0
Pakistan,rural,31_50,2060,0.0
Pakistan,rural,31_50,2065,0.0
Pakistan,rural,31_50,2070,0.0
Pakistan,rural,31_50,2075,0.0
Pakistan,rural,31_50,2080,0.0
Pakistan,rural,31_50,2085,0.0
Pakistan,rural,31_50,2090,0.0
Pakistan,rural,31_50,2095,0.0
Pakistan,rural,31_50,2100,0.0
Pakistan,rural,51+,2011,0.0
Pakistan,rural,51+,2012,0.0
Pakistan,rural,51+,2013,0.0
Pakistan,rural,51+,2014,0.0
Pakistan,rural,51+,2015,0.0
Pakistan,rural,51+,2016,0.0
Pakistan,rural,51+,2017,0.0
Pakistan,rural,51+,2018,0.0
Pakistan,rural,51+,2019,0.0
Pakistan,rural,51+,2020,0.0
Pakistan,rural,51+,2025,0.0
Pakistan,rural,51+,2030,0.0
Pakistan,rural,51+,2035,0.0
Pakistan,rural,51+,2040,0.0
Pakistan,rural,51+,2045,0.0
Pakistan,rural,51+,2050,0.0
Pakistan,rural,51+,2055,0.0
Pakistan,rural,51+,2060,0.0
Pakistan,rural,51+,2065,0.0
Pakistan,rural,51+,2070,0.0
Pakistan,rural,51+,2075,0.0
Pakistan,rural,51+,2080,0.0
Pakistan,rural,51+,2085,0.0
Pakistan,rural,51+,2090,0.0
Pakistan,rural,51+,2095,0.0
Pakistan,rural,51+,2100,0.0
Sri Lanka,large_city,No_travel,2011,0.0
Sri Lanka,large_city,No_travel,2012,0.0
Sri Lanka,large_city,No_travel,2013,0.0
Sri Lanka,large_city,No_travel,2014,0.0
Sri Lanka,large_city,No_travel,2015,0.0
Sri Lanka,large_city,No_travel,2016,0.0
Sri Lanka,large_city,No_travel,2017,0.0
Sri Lanka,large_city,No_travel,2018,0.0
Sri Lanka,large_city,No_travel,2019,0.0
Sri Lanka,large_city,No_travel,2020,0.0
Sri Lanka,large_city,No_travel,2025,0.0
Sri Lanka,large_city,No_travel,2030,0.0
Sri Lanka,large_city,No_travel,2035,0.0
Sri Lanka,large_city,No_travel,2040,0.0
Sri Lanka,large_city,No_travel,2045,0.0
Sri Lanka,large_city,No_travel,2050,0.0
Sri Lanka,large_city,No_travel,2055,0.0
Sri Lanka,large_city,No_travel,2060,0.0
Sri Lanka,large_city,No_travel,2065,0.0
Sri Lanka,large_city,No_travel,2070,0.0
Sri Lanka,large_city,No_travel,2075,0.0
Sri Lanka,large_city,No_travel,2080,0.0
Sri Lanka,large_city,No_travel,2085,0.0
Sri Lanka,large_city,No_travel,2090,0.0
Sri Lanka,large_city,No_travel,2095,0.0
Sri Lanka,large_city,No_travel,2100,0.0
Sri Lanka,large_city,00_01,2011,0.798031141556873
Sri Lanka,large_city,00_01,2012,0.7889337416834679
Sri Lanka,large_city,00_01,2013,0.7847732532891162
Sri Lanka,large_city,00_01,2014,0.7779644174238759
Sri Lanka,large_city,00_01,2015,0.7735903532275888
Sri Lanka,large_city,00_01,2016,0.7682025286551173
Sri Lanka,large_city,00_01,2017,0.7611936099623949
Sri Lanka,large_city,00_01,2018,0.7588684221697825
Sri Lanka,large_city,00_01,2019,0.7595144902129294
Sri Lanka,large_city,00_01,2020,0.7655270584920831
Sri Lanka,large_city,00_01,2025,0.7714112639902427
Sri Lanka,large_city,00_01,2030,0.7576861657555121
Sri Lanka,large_city,00_01,2035,0.7429409100958524
Sri Lanka,large_city,00_01,2040,0.7277278841405723
Sri Lanka,large_city,00_01,2045,0.7121653686145412
Sri Lanka,large_city,00_01,2050,0.6964252028799341
Sri Lanka,large_city,00_01,2055,0.6807926138475338
Sri Lanka,large_city,00_01,2060,0.665736665169389
Sri Lanka,large_city,00_01,2065,0.6515409816412323
Sri Lanka,large_city,00_01,2070,0.6382861896054811
Sri Lanka,large_city,00_01,2075,0.6255045247081915
Sri Lanka,large_city,00_01,2080,0.6135485106013727
Sri Lanka,large_city,00_01,2085,0.6023741052418917
Sri Lanka,large_city,00_01,2090,0.5921934913647829
Sri Lanka,large_city,00_01,2095,0.582951076970463
Sri Lanka,large_city,00_01,2100,0.5742907660668124
Sri Lanka,large_city,02_05,2011,0.44170968683356
Sri Lanka,large_city,02_05,2012,0.4366742822737304
Sri Lanka,large_city,02_05,2013,0.43437145481494416
Sri Lanka,large_city,02_05,2014,0.4306027688563122
Sri Lanka,large_city,02_05,2015,0.4281817273383552
Sri Lanka,large_city,02_05,2016,0.42519957015088283
Sri Lanka,large_city,02_05,2017,0.4213201384851405
Sri Lanka,large_city,02_05,2018,0.42003314864449287
Sri Lanka,large_city,02_05,2019,0.42039074686109235
Sri Lanka,large_city,02_05,2020,0.4237186992596281
Sri Lanka,large_city,02_05,2025,0.42697560294735365
Sri Lanka,large_city,02_05,2030,0.4193787705340277
Sri Lanka,large_city,02_05,2035,0.4112172816891154
Sri Lanka,large_city,02_05,2040,0.40279688230797334
Sri Lanka,large_city,02_05,2045,0.3941830406902954
Sri Lanka,large_city,02_05,2050,0.38547086980461065
Sri Lanka,large_city,02_05,2055,0.3768182425494533
Sri Lanka,large_city,02_05,2060,0.368484785332945
Sri Lanka,large_city,02_05,2065,0.36062748428404406
Sri Lanka,large_city,02_05,2070,0.3532909660277094
Sri Lanka,large_city,02_05,2075,0.34621632331642493
Sri Lanka,large_city,02_05,2080,0.339598677748612
Sri Lanka,large_city,02_05,2085,0.33341365208375096
Sri Lanka,large_city,02_05,2090,0.32777868931944304
Sri Lanka,large_city,02_05,2095,0.32266301932223396
Sri Lanka,large_city,02_05,2100,0.31786954320591354
Sri Lanka,large_city,06_10,2011,0.287162738207747
Sri Lanka,large_city,06_10,2012,0.28388913881772665
Sri Lanka,large_city,06_10,2013,0.2823920327808961
Sri Lanka,large_city,06_10,2014,0.27994194800443606
Sri Lanka,large_city,06_10,2015,0.2783679890618667
Sri Lanka,large_city,06_10,2016,0.2764292395862566
Sri Lanka,large_city,06_10,2017,0.2739071572026656
Sri Lanka,large_city,06_10,2018,0.2730704639226625
Sri Lanka,large_city,06_10,2019,0.27330294440954755
Sri Lanka,large_city,06_10,2020,0.27546650104385945
Sri Lanka,large_city,06_10,2025,0.27758386774177063
Sri Lanka,large_city,06_10,2030,0.27264504194160644
Sri Lanka,large_city,06_10,2035,0.26733912370069607
Sri Lanka,large_city,06_10,2040,0.26186488345836534
Sri Lanka,large_city,06_10,2045,0.2562648832338914
Sri Lanka,large_city,06_10,2050,0.2506009575337295
Sri Lanka,large_city,06_10,2055,0.2449757421278962
Sri Lanka,large_city,06_10,2060,0.23955802441791227
Sri Lanka,large_city,06_10,2065,0.23444986367029613
Sri Lanka,large_city,06_10,2070,0.2296802723885137
Sri Lanka,large_city,06_10,2075,0.2250809307091916
Sri Lanka,large_city,06_10,2080,0.22077869039527792
Sri Lanka,large_city,06_10,2085,0.21675770340144743
Sri Lanka,large_city,06_10,2090,0.21309432135362041
Sri Lanka,large_city,06_10,2095,0.209768540081544
Sri Lanka,large_city,06_10,2100,0.20665222235493125
Sri Lanka,large_city,11_20,2011,0.0531984546790542
Sri Lanka,large_city,11_20,2012,0.052592002637698504
Sri Lanka,large_city,11_20,2013,0.05231465562482649
Sri Lanka,large_city,11_20,2014,0.05186076413196137
Sri Lanka,large_city,11_20,2015,0.05156917970148978
Sri Lanka,large_city,11_20,2016,0.05121001584633226
Sri Lanka,large_city,11_20,2017,0.05074278640626737
Sri Lanka,large_city,11_20,2018,0.05058778443834383
Sri Lanka,large_city,11_20,2019,0.050630852709396365
Sri Lanka,large_city,11_20,2020,0.05103166330994419
Sri Lanka,large_city,11_20,2025,0.05142391697426285
Sri Lanka,large_city,11_20,2030,0.05050897270907862
Sri Lanka,large_city,11_20,2035,0.049526022578321637
Sri Lanka,large_city,11_20,2040,0.048511889883907776
Sri Lanka,large_city,11_20,2045,0.047474459470743066
Sri Lanka,large_city,11_20,2050,0.046425186516507594
Sri Lanka,large_city,11_20,2055,0.04538308485424162
Sri Lanka,large_city,11_20,2060,0.044379423265494745
Sri Lanka,large_city,11_20,2065,0.04343310878290758
Sri Lanka,large_city,11_20,2070,0.04254951613009637
Sri Lanka,large_city,11_20,2075,0.04169746313948903
Sri Lanka,large_city,11_20,2080,0.04090044978815178
Sri Lanka,large_city,11_20,2085,0.04015554013973631
Sri Lanka,large_city,11_20,2090,0.0394768787470371
Sri Lanka,large_city,11_20,2095,0.03886075972902228
Sri Lanka,large_city,11_20,2100,0.03828344496882938
Sri Lanka,large_city,21_30,2011,0.126017818840264
Sri Lanka,large_city,21_30,2012,0.12458124020383679
Sri Lanka,large_city,21_30,2013,0.12392425372114944
Sri Lanka,large_city,21_30,2014,0.12284906429570294
Sri Lanka,large_city,21_30,2015,0.12215835186509776
Sri Lanka,large_city,21_30,2016,0.12130755561723171
Sri Lanka,large_city,21_30,2017,0.12020077093165854
Sri Lanka,large_city,21_30,2018,0.11983359842577437
Sri Lanka,large_city,21_30,2019,0.11993561961439733
Sri Lanka,large_city,21_30,2020,0.12088506970564182
Sri Lanka,large_city,21_30,2025,0.1218142499141226
Sri Lanka,large_city,21_30,2030,0.11964690724684919
Sri Lanka,large_city,21_30,2035,0.11731847059856589
Sri Lanka,large_city,21_30,2040,0.11491616792012074
Sri Lanka,large_city,21_30,2045,0.11245867702768239
Sri Lanka,large_city,21_30,2050,0.10997313323024392
Sri Lanka,large_city,21_30,2055,0.10750457696708093
Sri Lanka,large_city,21_30,2060,0.1051270785034379
Sri Lanka,large_city,21_30,2065,0.10288542528715489
Sri Lanka,large_city,21_30,2070,0.10079234909683478
Sri Lanka,large_city,21_30,2075,0.0987739848405712
Sri Lanka,large_city,21_30,2080,0.09688599984687112
Sri Lanka,large_city,21_30,2085,0.09512143939689725
Sri Lanka,large_city,21_30,2090,0.09351380945811404
Sri Lanka,large_city,21_30,2095,0.09205433144762207
Sri Lanka,large_city,21_30,2100,0.09068677392545886
Sri Lanka,large_city,31_50,2011,0.0
Sri Lanka,large_city,31_50,2012,0.0
Sri Lanka,large_city,31_50,2013,0.0
Sri Lanka,large_city,31_50,2014,0.0
Sri Lanka,large_city,31_50,2015,0.0
Sri Lanka,large_city,31_50,2016,0.0
Sri Lanka,large_city,31_50,2017,0.0
Sri Lanka,large_city,31_50,2018,0.0
Sri Lanka,large_city,31_50,2019,0.0
Sri Lanka,large_city,31_50,2020,0.0
Sri Lanka,large_city,31_50,2025,0.0
Sri Lanka,large_city,31_50,2030,0.0
Sri Lanka,large_city,31_50,2035,0.0
Sri Lanka,large_city,31_50,2040,0.0
Sri Lanka,large_city,31_50,2045,0.0
Sri Lanka,large_city,31_50,2050,0.0
Sri Lanka,large_city,31_50,2055,0.0
Sri Lanka,large_city,31_50,2060,0.0
Sri Lanka,large_city,31_50,2065,0.0
Sri Lanka,large_city,31_50,2070,0.0
Sri Lanka,large_city,31_50,2075,0.0
Sri Lanka,large_city,31_50,2080,0.0
Sri Lanka,large_city,31_50,2085,0.0
Sri Lanka,large_city,31_50,2090,0.0
Sri Lanka,large_city,31_50,2095,0.0
Sri Lanka,large_city,31_50,2100,0.0
Sri Lanka,large_city,51+,2011,0.0
Sri Lanka,large_city,51+,2012,0.0
Sri Lanka,large_city,51+,2013,0.0
Sri Lanka,large_city,51+,2014,0.0
Sri Lanka,large_city,51+,2015,0.0
Sri Lanka,large_city,51+,2016,0.0
Sri Lanka,large_city,51+,2017,0.0
Sri Lanka,large_city,51+,2018,0.0
Sri Lanka,large_city,51+,2019,0.0
Sri Lanka,large_city,51+,2020,0.0
Sri Lanka,large_city,51+,2025,0.0
Sri Lanka,large_city,51+,2030,0.0
Sri Lanka,large_city,51+,2035,0.0
Sri Lanka,large_city,51+,2040,0.0
Sri Lanka,large_city,51+,2045,0.0
Sri Lanka,large_city,51+,2050,0.0
Sri Lanka,large_city,51+,2055,0.0
Sri Lanka,large_city,51+,2060,0.0
Sri Lanka,large_city,51+,2065,0.0
Sri Lanka,large_city,51+,2070,0.0
Sri Lanka,large_city,51+,2075,0.0
Sri Lanka,large_city,51+,2080,0.0
Sri Lanka,large_city,51+,2085,0.0
Sri Lanka,large_city,51+,2090,0.0
Sri Lanka,large_city,51+,2095,0.0
Sri Lanka,large_city,51+,2100,0.0
Sri Lanka,city,No_travel,2011,0.0
Sri Lanka,city,No_travel,2012,0.0
Sri Lanka,city,No_travel,2013,0.0
Sri Lanka,city,No_travel,2014,0.0
Sri Lanka,city,No_travel,2015,0.0
Sri Lanka,city,No_travel,2016,0.0
Sri Lanka,city,No_travel,2017,0.0
Sri Lanka,city,No_travel,2018,0.0
Sri Lanka,city,No_travel,2019,0.0
Sri Lanka,city,No_travel,2020,0.0
Sri Lanka,city,No_travel,2025,0.0
Sri Lanka,city,No_travel,2030,0.0
Sri Lanka,city,No_travel,2035,0.0
Sri Lanka,city,No_travel,2040,0.0
Sri Lanka,city,No_travel,2045,0.0
Sri Lanka,city,No_travel,2050,0.0
Sri Lanka,city,No_travel,2055,0.0
Sri Lanka,city,No_travel,2060,0.0
Sri Lanka,city,No_travel,2065,0.0
Sri Lanka,city,No_travel,2070,0.0
Sri Lanka,city,No_travel,2075,0.0
Sri Lanka,city,No_travel,2080,0.0
Sri Lanka,city,No_travel,2085,0.0
Sri Lanka,city,No_travel,2090,0.0
Sri Lanka,city,No_travel,2095,0.0
Sri Lanka,city,No_travel,2100,0.0
Sri Lanka,city,00_01,2011,0.784266131199457
Sri Lanka,city,00_01,2012,0.775325649768155
Sri Lanka,city,00_01,2013,0.771236924445265
Sri Lanka,city,00_01,2014,0.7645455322377047
Sri Lanka,city,00_01,2015,0.7602469150206527
Sri Lanka,city,00_01,2016,0.7549520234894899
Sri Lanka,city,00_01,2017,0.7480639996257731
Sri Lanka,city,00_01,2018,0.7457789183307414
Sri Lanka,city,00_01,2019,0.746413842531446
Sri Lanka,city,00_01,2020,0.7523227017442146
Sri Lanka,city,00_01,2025,0.7581054122687954
Sri Lanka,city,00_01,2030,0.7446170543183963
Sri Lanka,city,00_01,2035,0.7301261353460017
Sri Lanka,city,00_01,2040,0.7151755145137015
Sri Lanka,city,00_01,2045,0.6998814323560542
Sri Lanka,city,00_01,2050,0.6844127642273448
Sri Lanka,city,00_01,2055,0.6690498172411488
Sri Lanka,city,00_01,2060,0.6542535643050662
Sri Lanka,city,00_01,2065,0.640302738052046
Sri Lanka,city,00_01,2070,0.6272765741238415
Sri Lanka,city,00_01,2075,0.6147153764997375
Sri Lanka,city,00_01,2080,0.6029655882523415
Sri Lanka,city,00_01,2085,0.5919839270070955
Sri Lanka,city,00_01,2090,0.5819789156198717
Sri Lanka,city,00_01,2095,0.5728959209815493
Sri Lanka,city,00_01,2100,0.5643849892976802
Sri Lanka,city,02_05,2011,0.505179898463546
Sri Lanka,city,02_05,2012,0.49942094582998947
Sri Lanka,city,02_05,2013,0.4967872201579349
Sri Lanka,city,02_05,2014,0.4924770036363759
Sri Lanka,city,02_05,2015,0.48970807747361683
Sri Lanka,city,02_05,2016,0.48629740772813473
Sri Lanka,city,02_05,2017,0.48186053221144615
Sri Lanka,city,02_05,2018,0.48038861204215416
Sri Lanka,city,02_05,2019,0.4807975943129472
Sri Lanka,city,02_05,2020,0.4846037473245231
Sri Lanka,city,02_05,2025,0.48832864248375174
Sri Lanka,city,02_05,2030,0.47964020493844917
Sri Lanka,city,02_05,2035,0.4703059742686614
Sri Lanka,city,02_05,2040,0.4606756296527627
Sri Lanka,city,02_05,2045,0.4508240466707501
Sri Lanka,city,02_05,2050,0.4408600052774589
Sri Lanka,city,02_05,2055,0.43096406346658717
Sri Lanka,city,02_05,2060,0.4214331539213041
Sri Lanka,city,02_05,2065,0.4124468204439109
Sri Lanka,city,02_05,2070,0.4040561021547563
Sri Lanka,city,02_05,2075,0.3959648888690055
Sri Lanka,city,02_05,2080,0.3883963396257665
Sri Lanka,city,02_05,2085,0.381322574366581
Sri Lanka,city,02_05,2090,0.3748779117250945
Sri Lanka,city,02_05,2095,0.36902716014142617
Sri Lanka,city,02_05,2100,0.3635448991679587
Sri Lanka,city,06_10,2011,0.391250172065705
Sri Lanka,city,06_10,2012,0.38678999616470394
Sri Lanka,city,06_10,2013,0.3847502364167425
Sri Lanka,city,06_10,2014,0.38141207319839326
Sri Lanka,city,06_10,2015,0.3792676037907395
Sri Lanka,city,06_10,2016,0.3766261187893812
Sri Lanka,city,06_10,2017,0.3731898611025291
Sri Lanka,city,06_10,2018,0.37204989290257895
Sri Lanka,city,06_10,2019,0.372366640232206
Sri Lanka,city,06_10,2020,0.37531441789560194
Sri Lanka,city,06_10,2025,0.3781992632277447
Sri Lanka,city,06_10,2030,0.37147026887361356
Sri Lanka,city,06_10,2035,0.3642411226491444
Sri Lanka,city,06_10,2040,0.3567826430075712
Sri Lanka,city,06_10,2045,0.3491528193575113
Sri Lanka,city,06_10,2050,0.34143589926339896
Sri Lanka,city,06_10,2055,0.33377172072416683
Sri Lanka,city,06_10,2060,0.32639025124987464
Sri Lanka,city,06_10,2065,0.3194305433716254
Sri Lanka,city,06_10,2070,0.3129321257101723
Sri Lanka,city,06_10,2075,0.3066656677614328
Sri Lanka,city,06_10,2080,0.3008040010507992
Sri Lanka,city,06_10,2085,0.29532553311645315
Sri Lanka,city,06_10,2090,0.29033429064014754
Sri Lanka,city,06_10,2095,0.28580301857095786
Sri Lanka,city,06_10,2100,0.2815571339747935
Sri Lanka,city,11_20,2011,0.145687548677459
Sri Lanka,city,11_20,2012,0.1440267389447594
Sri Lanka,city,11_20,2013,0.1432672054830807
Sri Lanka,city,11_20,2014,0.14202419308055864
Sri Lanka,city,11_20,2015,0.1412256694925296
Sri Lanka,city,11_20,2016,0.14024207510154352
Sri Lanka,city,11_20,2017,0.13896253583290014
Sri Lanka,city,11_20,2018,0.13853805251128487
Sri Lanka,city,11_20,2019,0.1386559978702859
Sri Lanka,city,11_20,2020,0.13975364467657075
Sri Lanka,city,11_20,2025,0.14082785773706472
Sri Lanka,city,11_20,2030,0.13832222128624366
Sri Lanka,city,11_20,2035,0.13563034619539527
Sri Lanka,city,11_20,2040,0.1328530755552202
Sri Lanka,city,11_20,2045,0.13001200254418557
Sri Lanka,city,11_20,2050,0.12713849793736265
Sri Lanka,city,11_20,2055,0.1242846323962643
Sri Lanka,city,11_20,2060,0.12153603758371936
Sri Lanka,city,11_20,2065,0.11894449168115792
Sri Lanka,city,11_20,2070,0.11652471373095062
Sri Lanka,city,11_20,2075,0.11419130926847558
Sri Lanka,city,11_20,2080,0.11200863456260207
Sri Lanka,city,11_20,2085,0.1099686493540361
Sri Lanka,city,11_20,2090,0.10811008945260898
Sri Lanka,city,11_20,2095,0.10642280605368944
Sri Lanka,city,11_20,2100,0.10484179072654809
Sri Lanka,city,21_30,2011,0.43292180947654
Sri Lanka,city,21_30,2012,0.4279865850101831
Sri Lanka,city,21_30,2013,0.4257295726328528
Sri Lanka,city,21_30,2014,0.4220358652200594
Sri Lanka,city,21_30,2015,0.419662990669163
Sri Lanka,city,21_30,2016,0.4167401639252015
Sri Lanka,city,21_30,2017,0.4129379141069705
Sri Lanka,city,21_30,2018,0.41167652911316344
Sri Lanka,city,21_30,2019,0.412027012862129
Sri Lanka,city,21_30,2020,0.41528875517200226
Sri Lanka,city,21_30,2025,0.4184808622953225
Sri Lanka,city,21_30,2030,0.41103516994874206
Sri Lanka,city,21_30,2035,0.4030360550909929
Sri Lanka,city,21_30,2040,0.3947831807591407
Sri Lanka,city,21_30,2045,0.3863407127516989
Sri Lanka,city,21_30,2050,0.37780187175109237
Sri Lanka,city,21_30,2055,0.3693213897519728
Sri Lanka,city,21_30,2060,0.36115372785796157
Sri Lanka,city,21_30,2065,0.35345274893654194
Sri Lanka,city,21_30,2070,0.3462621917595904
Sri Lanka,city,21_30,2075,0.33932830007628817
Sri Lanka,city,21_30,2080,0.33284231351296534
Sri Lanka,city,21_30,2085,0.3267803398177871
Sri Lanka,city,21_30,2090,0.32125748544313004
Sri Lanka,city,21_30,2095,0.31624359243174327
Sri Lanka,city,21_30,2100,0.31154548320793096
Sri Lanka,city,31_50,2011,0.0
Sri Lanka,city,31_50,2012,0.0
Sri Lanka,city,31_50,2013,0.0
Sri Lanka,city,31_50,2014,0.0
Sri Lanka,city,31_50,2015,0.0
Sri Lanka,city,31_50,2016,0.0
Sri Lanka,city,31_50,2017,0.0
Sri Lanka,city,31_50,2018,0.0
Sri Lanka,city,31_50,2019,0.0
Sri Lanka,city,31_50,2020,0.0
Sri Lanka,city,31_50,2025,0.0
Sri Lanka,city,31_50,2030,0.0
Sri Lanka,city,31_50,2035,0.0
Sri Lanka,city,31_50,2040,0.0
Sri Lanka,city,31_50,2045,0.0
Sri Lanka,city,31_50,2050,0.0
Sri Lanka,city,31_50,2055,0.0
Sri Lanka,city,31_50,2060,0.0
Sri Lanka,city,31_50,2065,0.0
Sri Lanka,city,31_50,2070,0.0
Sri Lanka,city,31_50,2075,0.0
Sri Lanka,city,31_50,2080,0.0
Sri Lanka,city,31_50,2085,0.0
Sri Lanka,city,31_50,2090,0.0
Sri Lanka,city,31_50,2095,0.0
Sri Lanka,city,31_50,2100,0.0
Sri Lanka,city,51+,2011,0.0
Sri Lanka,city,51+,2012,0.0
Sri Lanka,city,51+,2013,0.0
Sri Lanka,city,51+,2014,0.0
Sri Lanka,city,51+,2015,0.0
Sri Lanka,city,51+,2016,0.0
Sri Lanka,city,51+,2017,0.0
Sri Lanka,city,51+,2018,0.0
Sri Lanka,city,51+,2019,0.0
Sri Lanka,city,51+,2020,0.0
Sri Lanka,city,51+,2025,0.0
Sri Lanka,city,51+,2030,0.0
Sri Lanka,city,51+,2035,0.0
Sri Lanka,city,51+,2040,0.0
Sri Lanka,city,51+,2045,0.0
Sri Lanka,city,51+,2050,0.0
Sri Lanka,city,51+,2055,0.0
Sri Lanka,city,51+,2060,0.0
Sri Lanka,city,51+,2065,0.0
Sri Lanka,city,51+,2070,0.0
Sri Lanka,city,51+,2075,0.0
Sri Lanka,city,51+,2080,0.0
Sri Lanka,city,51+,2085,0.0
Sri Lanka,city,51+,2090,0.0
Sri Lanka,city,51+,2095,0.0
Sri Lanka,city,51+,2100,0.0
Sri Lanka,town,No_travel,2011,0.0
Sri Lanka,town,No_travel,2012,0.0
Sri Lanka,town,No_travel,2013,0.0
Sri Lanka,town,No_travel,2014,0.0
Sri Lanka,town,No_travel,2015,0.0
Sri Lanka,town,No_travel,2016,0.0
Sri Lanka,town,No_travel,2017,0.0
Sri Lanka,town,No_travel,2018,0.0
Sri Lanka,town,No_travel,2019,0.0
Sri Lanka,town,No_travel,2020,0.0
Sri Lanka,town,No_travel,2025,0.0
Sri Lanka,town,No_travel,2030,0.0
Sri Lanka,town,No_travel,2035,0.0
Sri Lanka,town,No_travel,2040,0.0
Sri Lanka,town,No_travel,2045,0.0
Sri Lanka,town,No_travel,2050,0.0
Sri Lanka,town,No_travel,2055,0.0
Sri Lanka,town,No_travel,2060,0.0
Sri Lanka,town,No_travel,2065,0.0
Sri Lanka,town,No_travel,2070,0.0
Sri Lanka,town,No_travel,2075,0.0
Sri Lanka,town,No_travel,2080,0.0
Sri Lanka,town,No_travel,2085,0.0
Sri Lanka,town,No_travel,2090,0.0
Sri Lanka,town,No_travel,2095,0.0
Sri Lanka,town,No_travel,2100,0.0
Sri Lanka,town,00_01,2011,0.809373601454855
Sri Lanka,town,00_01,2012,0.800146899743631
Sri Lanka,town,00_01,2013,0.7959272781020769
Sri Lanka,town,00_01,2014,0.7890216678833911
Sri Lanka,town,00_01,2015,0.784585434875445
Sri Lanka,town,00_01,2016,0.7791210328601039
Sri Lanka,town,00_01,2017,0.7720124960258573
Sri Lanka,town,00_01,2018,0.7696542602130366
Sri Lanka,town,00_01,2019,0.7703095108563217
Sri Lanka,town,00_01,2020,0.7764075360945324
Sri Lanka,town,00_01,2025,0.7823753741245806
Sri Lanka,town,00_01,2030,0.7684552003242279
Sri Lanka,town,00_01,2035,0.7535003695461349
Sri Lanka,town,00_01,2040,0.7380711200278394
Sri Lanka,town,00_01,2045,0.7222874136245683
Sri Lanka,town,00_01,2050,0.7063235320606717
Sri Lanka,town,00_01,2055,0.6904687561924847
Sri Lanka,town,00_01,2060,0.6751988164991839
Sri Lanka,town,00_01,2065,0.6608013689511062
Sri Lanka,town,00_01,2070,0.6473581858372471
Sri Lanka,town,00_01,2075,0.6343948544435297
Sri Lanka,town,00_01,2080,0.6222689088597491
Sri Lanka,town,00_01,2085,0.6109356810708245
Sri Lanka,town,00_01,2090,0.6006103695765116
Sri Lanka,town,00_01,2095,0.5912365922451218
Sri Lanka,town,00_01,2100,0.582453191872886
Sri Lanka,town,02_05,2011,0.581333504919286
Sri Lanka,town,02_05,2012,0.5747064159766899
Sri Lanka,town,02_05,2013,0.5716756679588294
Sri Lanka,town,02_05,2014,0.5667157056066858
Sri Lanka,town,02_05,2015,0.5635293762298537
Sri Lanka,town,02_05,2016,0.5596045633002545
Sri Lanka,town,02_05,2017,0.5544988486769059
Sri Lanka,town,02_05,2018,0.5528050431363879
Sri Lanka,town,02_05,2019,0.5532756776522367
Sri Lanka,town,02_05,2020,0.5576555911785034
Sri Lanka,town,02_05,2025,0.5619419975952218
Sri Lanka,town,02_05,2030,0.5519438170147101
Sri Lanka,town,02_05,2035,0.5412024928893908
Sri Lanka,town,02_05,2040,0.5301204169671936
Sri Lanka,town,02_05,2045,0.5187837519863524
Sri Lanka,town,02_05,2050,0.5073176759925531
Sri Lanka,town,02_05,2055,0.4959299652881326
Sri Lanka,town,02_05,2060,0.48496231382797084
Sri Lanka,town,02_05,2065,0.47462133083819835
Sri Lanka,town,02_05,2070,0.4649657493578981
Sri Lanka,town,02_05,2075,0.4556548219184635
Sri Lanka,town,02_05,2080,0.44694534778438166
Sri Lanka,town,02_05,2085,0.43880524410328614
Sri Lanka,town,02_05,2090,0.4313890774410885
Sri Lanka,town,02_05,2095,0.42465635126791634
Sri Lanka,town,02_05,2100,0.41834766401357176
Sri Lanka,town,06_10,2011,0.467167283694754
Sri Lanka,town,06_10,2012,0.4618416674797622
Sri Lanka,town,06_10,2013,0.4594061183378566
Sri Lanka,town,06_10,2014,0.45542022707290897
Sri Lanka,town,06_10,2015,0.4528596506957774
Sri Lanka,town,06_10,2016,0.44970561918062246
Sri Lanka,town,06_10,2017,0.44560259946521563
Sri Lanka,town,06_10,2018,0.44424143495848245
Sri Lanka,town,06_10,2019,0.44461964307227875
Sri Lanka,town,06_10,2020,0.44813939943858005
Sri Lanka,town,06_10,2025,0.4515840122564635
Sri Lanka,town,06_10,2030,0.443549342270711
Sri Lanka,town,06_10,2035,0.43491747231577516
Sri Lanka,town,06_10,2040,0.42601176971569754
Sri Lanka,town,06_10,2045,0.4169014759850922
Sri Lanka,town,06_10,2050,0.4076871858550152
Sri Lanka,town,06_10,2055,0.39853587110665156
Sri Lanka,town,06_10,2060,0.38972212151575886
Sri Lanka,town,06_10,2065,0.38141197098566615
Sri Lanka,town,06_10,2070,0.3736526181624162
Sri Lanka,town,06_10,2075,0.36617023387912334
Sri Lanka,town,06_10,2080,0.35917118541692666
Sri Lanka,town,06_10,2085,0.3526296905718651
Sri Lanka,town,06_10,2090,0.34666996107805675
Sri Lanka,town,06_10,2095,0.341259453389156
Sri Lanka,town,06_10,2100,0.33618970897677936
Sri Lanka,town,11_20,2011,0.112734185376748
Sri Lanka,town,11_20,2012,0.1114490375794151
Sri Lanka,town,11_20,2013,0.11086130453808088
Sri Lanka,town,11_20,2014,0.10989945164204681
Sri Lanka,town,11_20,2015,0.10928154773043752
Sri Lanka,town,11_20,2016,0.108520434557654
Sri Lanka,town,11_20,2017,0.10753031688172669
Sri Lanka,town,11_20,2018,0.10720184830700823
Sri Lanka,town,11_20,2019,0.10729311536508321
Sri Lanka,town,11_20,2020,0.10814248320510272
Sri Lanka,town,11_20,2025,0.10897371782601023
Sri Lanka,town,11_20,2030,0.10703483638625888
Sri Lanka,town,11_20,2035,0.10495184200370801
Sri Lanka,town,11_20,2040,0.10280276786502467
Sri Lanka,town,11_20,2045,0.10060432294366807
Sri Lanka,town,11_20,2050,0.0983807821952154
Sri Lanka,town,11_20,2055,0.09617243831221976
Sri Lanka,town,11_20,2060,0.09404555375732196
Sri Lanka,town,11_20,2065,0.09204019489965785
Sri Lanka,town,11_20,2070,0.09016775145143169
Sri Lanka,town,11_20,2075,0.08836214449586424
Sri Lanka,town,11_20,2080,0.08667317342631975
Sri Lanka,town,11_20,2085,0.08509461662612641
Sri Lanka,town,11_20,2090,0.0836564481734116
Sri Lanka,town,11_20,2095,0.08235081484232971
Sri Lanka,town,11_20,2100,0.08112741259147552
Sri Lanka,town,21_30,2011,0.357090543456726
Sri Lanka,town,21_30,2012,0.35301978068110323
Sri Lanka,town,21_30,2013,0.35115811014668524
Sri Lanka,town,21_30,2014,0.348111398342077
Sri Lanka,town,21_30,2015,0.3461541602349029
Sri Lanka,town,21_30,2016,0.3437433004270012
Sri Lanka,town,21_30,2017,0.34060705867565116
Sri Lanka,town,21_30,2018,0.3395666198640991
Sri Lanka,town,21_30,2019,0.3398557123275677
Sri Lanka,town,21_30,2020,0.3425461227170483
Sri Lanka,town,21_30,2025,0.3451790953289312
Sri Lanka,town,21_30,2030,0.33903760218108814
Sri Lanka,town,21_30,2035,0.33243962488079876
Sri Lanka,town,21_30,2040,0.3256323370155732
Sri Lanka,town,21_30,2045,0.3186686650015931
Sri Lanka,town,21_30,2050,0.31162550083972285
Sri Lanka,town,21_30,2055,0.30463047342472105
Sri Lanka,town,21_30,2060,0.29789347205251065
Sri Lanka,town,21_30,2065,0.2915414087283654
Sri Lanka,town,21_30,2070,0.2856103608719893
Sri Lanka,town,21_30,2075,0.2798910205771349
Sri Lanka,town,21_30,2080,0.274541129635973
Sri Lanka,town,21_30,2085,0.2695409808011315
Sri Lanka,town,21_30,2090,0.26498551829749084
Sri Lanka,town,21_30,2095,0.26084986668309235
Sri Lanka,town,21_30,2100,0.2569746856706626
Sri Lanka,town,31_50,2011,0.0
Sri Lanka,town,31_50,2012,0.0
Sri Lanka,town,31_50,2013,0.0
Sri Lanka,town,31_50,2014,0.0
Sri Lanka,town,31_50,2015,0.0
Sri Lanka,town,31_50,2016,0.0
Sri Lanka,town,31_50,2017,0.0
Sri Lanka,town,31_50,2018,0.0
Sri Lanka,town,31_50,2019,0.0
Sri Lanka,town,31_50,2020,0.0
Sri Lanka,town,31_50,2025,0.0
Sri Lanka,town,31_50,2030,0.0
Sri Lanka,town,31_50,2035,0.0
Sri Lanka,town,31_50,2040,0.0
Sri Lanka,town,31_50,2045,0.0
Sri Lanka,town,31_50,2050,0.0
Sri Lanka,town,31_50,2055,0.0
Sri Lanka,town,31_50,2060,0.0
Sri Lanka,town,31_50,2065,0.0
Sri Lanka,town,31_50,2070,0.0
Sri Lanka,town,31_50,2075,0.0
Sri Lanka,town,31_50,2080,0.0
Sri Lanka,town,31_50,2085,0.0
Sri Lanka,town,31_50,2090,0.0
Sri Lanka,town,31_50,2095,0.0
Sri Lanka,town,31_50,2100,0.0
Sri Lanka,town,51+,2011,0.0
Sri Lanka,town,51+,2012,0.0
Sri Lanka,town,51+,2013,0.0
Sri Lanka,town,51+,2014,0.0
Sri Lanka,town,51+,2015,0.0
Sri Lanka,town,51+,2016,0.0
Sri Lanka,town,51+,2017,0.0
Sri Lanka,town,51+,2018,0.0
Sri Lanka,town,51+,2019,0.0
Sri Lanka,town,51+,2020,0.0
Sri Lanka,town,51+,2025,0.0
Sri Lanka,town,51+,2030,0.0
Sri Lanka,town,51+,2035,0.0
Sri Lanka,town,51+,2040,0.0
Sri Lanka,town,51+,2045,0.0
Sri Lanka,town,51+,2050,0.0
Sri Lanka,town,51+,2055,0.0
Sri Lanka,town,51+,2060,0.0
Sri Lanka,town,51+,2065,0.0
Sri Lanka,town,51+,2070,0.0
Sri Lanka,town,51+,2075,0.0
Sri Lanka,town,51+,2080,0.0
Sri Lanka,town,51+,2085,0.0
Sri Lanka,town,51+,2090,0.0
Sri Lanka,town,51+,2095,0.0
Sri Lanka,town,51+,2100,0.0
Sri Lanka,rural,No_travel,2011,0.0
Sri Lanka,rural,No_travel,2012,0.0
Sri Lanka,rural,No_travel,2013,0.0
Sri Lanka,rural,No_travel,2014,0.0
Sri Lanka,rural,No_travel,2015,0.0
Sri Lanka,rural,No_travel,2016,0.0
Sri Lanka,rural,No_travel,2017,0.0
Sri Lanka,rural,No_travel,2018,0.0
Sri Lanka,rural,No_travel,2019,0.0
Sri Lanka,rural,No_travel,2020,0.0
Sri Lanka,rural,No_travel,2025,0.0
Sri Lanka,rural,No_travel,2030,0.0
Sri Lanka,rural,No_travel,2035,0.0
Sri Lanka,rural,No_travel,2040,0.0
Sri Lanka,rural,No_travel,2045,0.0
Sri Lanka,rural,No_travel,2050,0.0
Sri Lanka,rural,No_travel,2055,0.0
Sri Lanka,rural,No_travel,2060,0.0
Sri Lanka,rural,No_travel,2065,0.0
Sri Lanka,rural,No_travel,2070,0.0
Sri Lanka,rural,No_travel,2075,0.0
Sri Lanka,rural,No_travel,2080,0.0
Sri Lanka,rural,No_travel,2085,0.0
Sri Lanka,rural,No_travel,2090,0.0
Sri Lanka,rural,No_travel,2095,0.0
Sri Lanka,rural,No_travel,2100,0.0
Sri Lanka,rural,00_01,2011,0.900728094580366
Sri Lanka,rural,00_01,2012,0.8904599694071781
Sri Lanka,rural,00_01,2013,0.8857640764916997
Sri Lanka,rural,00_01,2014,0.8780790258265794
Sri Lanka,rural,00_01,2015,0.8731420724873806
Sri Lanka,rural,00_01,2016,0.8670609000764544
Sri Lanka,rural,00_01,2017,0.859150018344636
Sri Lanka,rural,00_01,2018,0.8565256070141515
Sri Lanka,rural,00_01,2019,0.8572548161980659
Sri Lanka,rural,00_01,2020,0.8640411292723289
Sri Lanka,rural,00_01,2025,0.8706825608286675
Sri Lanka,rural,00_01,2030,0.855191208502768
Sri Lanka,rural,00_01,2035,0.838548416833617
Sri Lanka,rural,00_01,2040,0.8213776584910687
Sri Lanka,rural,00_01,2045,0.803812435498276
Sri Lanka,rural,00_01,2050,0.7860467008643459
Sri Lanka,rural,00_01,2055,0.7684023867526911
Sri Lanka,rural,00_01,2060,0.7514089196324627
Sri Lanka,rural,00_01,2065,0.7353864233791992
Sri Lanka,rural,00_01,2070,0.7204258999701384
Sri Lanka,rural,00_01,2075,0.7059993894381807
Sri Lanka,rural,00_01,2080,0.6925047809643793
Sri Lanka,rural,00_01,2085,0.6798923648274876
Sri Lanka,rural,00_01,2090,0.6684016291134689
Sri Lanka,rural,00_01,2095,0.6579698278049675
Sri Lanka,rural,00_01,2100,0.6481950396638673
Sri Lanka,rural,02_05,2011,0.722077962195642
Sri Lanka,rural,02_05,2012,0.7138464138013627
Sri Lanka,rural,02_05,2013,0.7100819028379545
Sri Lanka,rural,02_05,2014,0.7039211027507477
Sri Lanka,rural,02_05,2015,0.6999633432136874
Sri Lanka,rural,02_05,2016,0.6950883086625694
Sri Lanka,rural,02_05,2017,0.6887464687727596
Sri Lanka,rural,02_05,2018,0.6866425823758749
Sri Lanka,rural,02_05,2019,0.6872271604352287
Sri Lanka,rural,02_05,2020,0.6926674782680687
Sri Lanka,rural,02_05,2025,0.6979916503385502
Sri Lanka,rural,02_05,2030,0.685572848053548
Sri Lanka,rural,02_05,2035,0.6722309825493908
Sri Lanka,rural,02_05,2040,0.6584658671189485
Sri Lanka,rural,02_05,2045,0.6443845250352902
Sri Lanka,rural,02_05,2050,0.6301424407275356
Sri Lanka,rural,02_05,2055,0.615997694433129
Sri Lanka,rural,02_05,2060,0.6023747063386699
Sri Lanka,rural,02_05,2065,0.5895301070489877
Sri Lanka,rural,02_05,2070,0.5775368492372308
Sri Lanka,rural,02_05,2075,0.5659716883532872
Sri Lanka,rural,02_05,2080,0.5551535963607972
Sri Lanka,rural,02_05,2085,0.54504272294929
Sri Lanka,rural,02_05,2090,0.5358310562116461
Sri Lanka,rural,02_05,2095,0.5274682951562336
Sri Lanka,rural,02_05,2100,0.519632235479303
Sri Lanka,rural,06_10,2011,0.560969409411097
Sri Lanka,rural,06_10,2012,0.5545744671984352
Sri Lanka,rural,06_10,2013,0.5516498861941301
Sri Lanka,rural,06_10,2014,0.5468636711766942
Sri Lanka,rural,06_10,2015,0.5437889588238274
Sri Lanka,rural,06_10,2016,0.5400016319752365
Sri Lanka,rural,06_10,2017,0.5350747703843514
Sri Lanka,rural,06_10,2018,0.5334402988018927
Sri Lanka,rural,06_10,2019,0.5338944470045511
Sri Lanka,rural,06_10,2020,0.5381209322893492
Sri Lanka,rural,06_10,2025,0.5422571860158849
Sri Lanka,rural,06_10,2030,0.5326092414058218
Sri Lanka,rural,06_10,2035,0.5222441855473776
Sri Lanka,rural,06_10,2040,0.5115503144174363
Sri Lanka,rural,06_10,2045,0.5006107724760563
Sri Lanka,rural,06_10,2050,0.4895463527856802
Sri Lanka,rural,06_10,2055,0.4785575532509103
Sri Lanka,rural,06_10,2060,0.4679740982974788
Sri Lanka,rural,06_10,2065,0.45799535963642696
Sri Lanka,rural,06_10,2070,0.4486780128902132
Sri Lanka,rural,06_10,2075,0.4396932469639926
Sri Lanka,rural,06_10,2080,0.43128886545160156
Sri Lanka,rural,06_10,2085,0.4234339093620446
Sri Lanka,rural,06_10,2090,0.4162775307989943
Sri Lanka,rural,06_10,2095,0.40978065182482365
Sri Lanka,rural,06_10,2100,0.4036929576986777
Sri Lanka,rural,11_20,2011,0.225558156612901
Sri Lanka,rural,11_20,2012,0.2229868374768927
Sri Lanka,rural,11_20,2013,0.22181090330092992
Sri Lanka,rural,11_20,2014,0.2198864314520654
Sri Lanka,rural,11_20,2015,0.21865013150630613
Sri Lanka,rural,11_20,2016,0.21712729898081154
Sri Lanka,rural,11_20,2017,0.21514627506099815
Sri Lanka,rural,11_20,2018,0.21448907630650177
Sri Lanka,rural,11_20,2019,0.2146716831112618
Sri Lanka,rural,11_20,2020,0.21637109526065407
Sri Lanka,rural,11_20,2025,0.21803422652982624
Sri Lanka,rural,11_20,2030,0.21415491945025883
Sri Lanka,rural,11_20,2035,0.20998727170797862
Sri Lanka,rural,11_20,2040,0.20568741182496347
Sri Lanka,rural,11_20,2045,0.20128877105580362
Sri Lanka,rural,11_20,2050,0.19683991864516562
Sri Lanka,rural,11_20,2055,0.19242147206881233
Sri Lanka,rural,11_20,2060,0.1881660090260098
Sri Lanka,rural,11_20,2065,0.1841536941654337
Sri Lanka,rural,11_20,2070,0.18040731598269918
Sri Lanka,rural,11_20,2075,0.17679466401644628
Sri Lanka,rural,11_20,2080,0.1734153767155638
Sri Lanka,rural,11_20,2085,0.1702570058915723
Sri Lanka,rural,11_20,2090,0.1673795235732401
Sri Lanka,rural,11_20,2095,0.1647672170542635
Sri Lanka,rural,11_20,2100,0.16231943818775066
Sri Lanka,rural,21_30,2011,0.316687599761256
Sri Lanka,rural,21_30,2012,0.31307742268927297
Sri Lanka,rural,21_30,2013,0.3114263905241981
Sri Lanka,rural,21_30,2014,0.308724398364939
Sri Lanka,rural,21_30,2015,0.3069886116025059
Sri Lanka,rural,21_30,2016,0.3048505280830307
Sri Lanka,rural,21_30,2017,0.30206913582634537
Sri Lanka,rural,21_30,2018,0.30114641727227986
Sri Lanka,rural,21_30,2019,0.3014028004222751
Sri Lanka,rural,21_30,2020,0.3037888048243228
Sri Lanka,rural,21_30,2025,0.3061238702355281
Sri Lanka,rural,21_30,2030,0.3006772551974676
Sri Lanka,rural,21_30,2035,0.2948258048222181
Sri Lanka,rural,21_30,2040,0.28878872628730734
Sri Lanka,rural,21_30,2045,0.2826129576593172
Sri Lanka,rural,21_30,2050,0.27636669100785244
Sri Lanka,rural,21_30,2055,0.2701631146799076
Sri Lanka,rural,21_30,2060,0.26418837008572
Sri Lanka,rural,21_30,2065,0.2585550097951279
Sri Lanka,rural,21_30,2070,0.25329502925483527
Sri Lanka,rural,21_30,2075,0.24822280266305274
Sri Lanka,rural,21_30,2080,0.24347822414596199
Sri Lanka,rural,21_30,2085,0.23904381622906096
Sri Lanka,rural,21_30,2090,0.2350037806904128
Sri Lanka,rural,21_30,2095,0.23133605661535245
Sri Lanka,rural,21_30,2100,0.22789933224402928
Sri Lanka,rural,31_50,2011,0.0
Sri Lanka,rural,31_50,2012,0.0
Sri Lanka,rural,31_50,2013,0.0
Sri Lanka,rural,31_50,2014,0.0
Sri Lanka,rural,31_50,2015,0.0
Sri Lanka,rural,31_50,2016,0.0
Sri Lanka,rural,31_50,2017,0.0
Sri Lanka,rural,31_50,2018,0.0
Sri Lanka,rural,31_50,2019,0.0
Sri Lanka,rural,31_50,2020,0.0
Sri Lanka,rural,31_50,2025,0.0
Sri Lanka,rural,31_50,2030,0.0
Sri Lanka,rural,31_50,2035,0.0
Sri Lanka,rural,31_50,2040,0.0
Sri Lanka,rural,31_50,2045,0.0
Sri Lanka,rural,31_50,2050,0.0
Sri Lanka,rural,31_50,2055,0.0
Sri Lanka,rural,31_50,2060,0.0
Sri Lanka,rural,31_50,2065,0.0
Sri Lanka,rural,31_50,2070,0.0
Sri Lanka,rural,31_50,2075,0.0
Sri Lanka,rural,31_50,2080,0.0
Sri Lanka,rural,31_50,2085,0.0
Sri Lanka,rural,31_50,2090,0.0
Sri Lanka,rural,31_50,2095,0.0
Sri Lanka,rural,31_50,2100,0.0
Sri Lanka,rural,51+,2011,0.0
Sri Lanka,rural,51+,2012,0.0
Sri Lanka,rural,51+,2013,0.0
Sri Lanka,rural,51+,2014,0.0
Sri Lanka,rural,51+,2015,0.0
Sri Lanka,rural,51+,2016,0.0
Sri Lanka,rural,51+,2017,0.0
Sri Lanka,rural,51+,2018,0.0
Sri Lanka,rural,51+,2019,0.0
Sri Lanka,rural,51+,2020,0.0
Sri Lanka,rural,51+,2025,0.0
Sri Lanka,rural,51+,2030,0.0
Sri Lanka,rural,51+,2035,0.0
Sri Lanka,rural,51+,2040,0.0
Sri Lanka,rural,51+,2045,0.0
Sri Lanka,rural,51+,2050,0.0
Sri Lanka,rural,51+,2055,0.0
Sri Lanka,rural,51+,2060,0.0
Sri Lanka,rural,51+,2065,0.0
Sri Lanka,rural,51+,2070,0.0
Sri Lanka,rural,51+,2075,0.0
Sri Lanka,rural,51+,2080,0.0
Sri Lanka,rural,51+,2085,0.0
Sri Lanka,rural,51+,2090,0.0
Sri Lanka,rural,51+,2095,0.0
Sri Lanka,rural,51+,2100,0.0
