n,area_type,trip_dist,y,value
Afghanistan,large_city,No_travel,2011,0.0
Afghanistan,large_city,No_travel,2012,0.0
Afghanistan,large_city,No_travel,2013,0.0
Afghanistan,large_city,No_travel,2014,0.0
Afghanistan,large_city,No_travel,2015,0.0
Afghanistan,large_city,No_travel,2016,0.0
Afghanistan,large_city,No_travel,2017,0.0
Afghanistan,large_city,No_travel,2018,0.0
Afghanistan,large_city,No_travel,2019,0.0
Afghanistan,large_city,No_travel,2020,0.0
Afghanistan,large_city,No_travel,2025,0.0
Afghanistan,large_city,No_travel,2030,0.0
Afghanistan,large_city,No_travel,2035,0.0
Afghanistan,large_city,No_travel,2040,0.0
Afghanistan,large_city,No_travel,2045,0.0
Afghanistan,large_city,No_travel,2050,0.0
Afghanistan,large_city,No_travel,2055,0.0
Afghanistan,large_city,No_travel,2060,0.0
Afghanistan,large_city,No_travel,2065,0.0
Afghanistan,large_city,No_travel,2070,0.0
Afghanistan,large_city,No_travel,2075,0.0
Afghanistan,large_city,No_travel,2080,0.0
Afghanistan,large_city,No_travel,2085,0.0
Afghanistan,large_city,No_travel,2090,0.0
Afghanistan,large_city,No_travel,2095,0.0
Afghanistan,large_city,No_travel,2100,0.0
Afghanistan,large_city,00_01,2011,0.798031141556873
Afghanistan,large_city,00_01,2012,0.7886390682516757
Afghanistan,large_city,00_01,2013,0.786262875356334
Afghanistan,large_city,00_01,2014,0.7874344054304133
Afghanistan,large_city,00_01,2015,0.7894059865352733
Afghanistan,large_city,00_01,2016,0.7898429158252164
Afghanistan,large_city,00_01,2017,0.7901201777101671
Afghanistan,large_city,00_01,2018,0.7921642986930371
Afghanistan,large_city,00_01,2019,0.791053054498134
Afghanistan,large_city,00_01,2020,0.7975842421407842
Afghanistan,large_city,00_01,2025,0.7921805252573926
Afghanistan,large_city,00_01,2030,0.7714366500140181
Afghanistan,large_city,00_01,2035,0.7471093241271237
Afghanistan,large_city,00_01,2040,0.7204453483766631
Afghanistan,large_city,00_01,2045,0.6926603694748944
Afghanistan,large_city,00_01,2050,0.6646804153468656
Afghanistan,large_city,00_01,2055,0.6371347197038926
Afghanistan,large_city,00_01,2060,0.6104743598441543
Afghanistan,large_city,00_01,2065,0.5850065777007267
Afghanistan,large_city,00_01,2070,0.5608304898287692
Afghanistan,large_city,00_01,2075,0.538104660473385
Afghanistan,large_city,00_01,2080,0.5168023976285806
Afghanistan,large_city,00_01,2085,0.496948293819142
Afghanistan,large_city,00_01,2090,0.47877682336074445
Afghanistan,large_city,00_01,2095,0.4622868976063755
Afghanistan,large_city,00_01,2100,0.4473184953128747
Afghanistan,large_city,02_05,2011,0.44170968683356
Afghanistan,large_city,02_05,2012,0.43651118073232803
Afghanistan,large_city,02_05,2013,0.4351959596024735
Afghanistan,large_city,02_05,2014,0.4358444006910357
Afghanistan,large_city,02_05,2015,0.43693566947372464
Afghanistan,large_city,02_05,2016,0.4371775095345682
Afghanistan,large_city,02_05,2017,0.4373309737967943
Afghanistan,large_city,02_05,2018,0.43846239335196596
Afghanistan,large_city,02_05,2019,0.43784732045597763
Afghanistan,large_city,02_05,2020,0.44146232831476634
Afghanistan,large_city,02_05,2025,0.43847137474415304
Afghanistan,large_city,02_05,2030,0.4269896540940168
Afghanistan,large_city,02_05,2035,0.41352449598247426
Afghanistan,large_city,02_05,2040,0.3987660037819111
Afghanistan,large_city,02_05,2045,0.38338703710971556
Afghanistan,large_city,02_05,2050,0.36790015178416563
Afghanistan,large_city,02_05,2055,0.35265362823079494
Afghanistan,large_city,02_05,2060,0.33789713742325456
Afghanistan,large_city,02_05,2065,0.32380073755974487
Afghanistan,large_city,02_05,2070,0.3104192895852338
Afghanistan,large_city,02_05,2075,0.29784055870010046
Afghanistan,large_city,02_05,2080,0.286049770897424
Afghanistan,large_city,02_05,2085,0.2750605381227239
Afghanistan,large_city,02_05,2090,0.2650026417481223
Afghanistan,large_city,02_05,2095,0.25587547920824805
Afghanistan,large_city,02_05,2100,0.24759047885530158
Afghanistan,large_city,06_10,2011,0.287162738207747
Afghanistan,large_city,06_10,2012,0.2837831038209151
Afghanistan,large_city,06_10,2013,0.2829280569150952
Afghanistan,large_city,06_10,2014,0.28334961914048534
Afghanistan,large_city,06_10,2015,0.28405907093902755
Afghanistan,large_city,06_10,2016,0.2842162951434094
Afghanistan,large_city,06_10,2017,0.2843160647863932
Afghanistan,large_city,06_10,2018,0.2850516192630314
Afghanistan,large_city,06_10,2019,0.28465175024889333
Afghanistan,large_city,06_10,2020,0.2870019263630148
Afghanistan,large_city,06_10,2025,0.2850574582139312
Afghanistan,large_city,06_10,2030,0.2775930026235064
Afghanistan,large_city,06_10,2035,0.26883908169089205
Afghanistan,large_city,06_10,2040,0.2592443429779774
Afghanistan,large_city,06_10,2045,0.2492462235976853
Afghanistan,large_city,06_10,2050,0.23917794452444402
Afghanistan,large_city,06_10,2055,0.22926592859579042
Afghanistan,large_city,06_10,2060,0.2196724910214239
Afghanistan,large_city,06_10,2065,0.21050818943525096
Afghanistan,large_city,06_10,2070,0.2018086898406381
Afghanistan,large_city,06_10,2075,0.19363104983901794
Afghanistan,large_city,06_10,2080,0.18596566460530242
Afghanistan,large_city,06_10,2085,0.1788213834893343
Afghanistan,large_city,06_10,2090,0.1722825794974067
Afghanistan,large_city,06_10,2095,0.1663488608918533
Afghanistan,large_city,06_10,2100,0.16096264578649894
Afghanistan,large_city,11_20,2011,0.0531984546790542
Afghanistan,large_city,11_20,2012,0.05257235907945875
Afghanistan,large_city,11_20,2013,0.05241395700281182
Afghanistan,large_city,11_20,2014,0.05249205369140655
Afghanistan,large_city,11_20,2015,0.05262348348479575
Afghanistan,large_city,11_20,2016,0.05265261012136239
Afghanistan,large_city,11_20,2017,0.052671092988825434
Afghanistan,large_city,11_20,2018,0.0528073584448997
Afghanistan,large_city,11_20,2019,0.05273328054134247
Afghanistan,large_city,11_20,2020,0.0531686634126551
Afghanistan,large_city,11_20,2025,0.052808440142221406
Afghanistan,large_city,11_20,2030,0.05142560926064739
Afghanistan,large_city,11_20,2035,0.04980389793102217
Afghanistan,large_city,11_20,2040,0.04802642054742411
Afghanistan,large_city,11_20,2045,0.04617421470746081
Afghanistan,large_city,11_20,2050,0.04430901140386783
Afghanistan,large_city,11_20,2055,0.042472756695302316
Afghanistan,large_city,11_20,2060,0.04069552035467703
Afghanistan,large_city,11_20,2065,0.03899778378328208
Afghanistan,large_city,11_20,2070,0.03738615430167555
Afghanistan,large_city,11_20,2075,0.03587120213997453
Afghanistan,large_city,11_20,2080,0.03445114795223972
Afghanistan,large_city,11_20,2085,0.03312763112852391
Afghanistan,large_city,11_20,2090,0.03191628222583959
Afghanistan,large_city,11_20,2095,0.030817028672659483
Afghanistan,large_city,11_20,2100,0.029819203112274505
Afghanistan,large_city,21_30,2011,0.126017818840264
Afghanistan,large_city,21_30,2012,0.12453470805589058
Afghanistan,large_city,21_30,2013,0.12415948128813498
Afghanistan,large_city,21_30,2014,0.12434447866098591
Afghanistan,large_city,21_30,2015,0.12465581281521004
Afghanistan,large_city,21_30,2016,0.12472480871429066
Afghanistan,large_city,21_30,2017,0.12476859138913825
Afghanistan,large_city,21_30,2018,0.125091380381062
Afghanistan,large_city,21_30,2019,0.1249159028058794
Afghanistan,large_city,21_30,2020,0.1259472485495525
Afghanistan,large_city,21_30,2025,0.12509394273250526
Afghanistan,large_city,21_30,2030,0.12181825864408137
Afghanistan,large_city,21_30,2035,0.1179767086257426
Afghanistan,large_city,21_30,2040,0.1137661761155357
Afghanistan,large_city,21_30,2045,0.10937862498451996
Afghanistan,large_city,21_30,2050,0.10496028513930283
Afghanistan,large_city,21_30,2055,0.10061051944395266
Afghanistan,large_city,21_30,2060,0.09640055792231786
Afghanistan,large_city,21_30,2065,0.092378917425742
Afghanistan,large_city,21_30,2070,0.08856124953903394
Afghanistan,large_city,21_30,2075,0.08497259328545158
Afghanistan,large_city,21_30,2080,0.08160873370620364
Afghanistan,large_city,21_30,2085,0.07847355422910636
Afghanistan,large_city,21_30,2090,0.07560408090527071
Afghanistan,large_city,21_30,2095,0.07300014182546304
Afghanistan,large_city,21_30,2100,0.07063646789054537
Afghanistan,large_city,31_50,2011,0.0
Afghanistan,large_city,31_50,2012,0.0
Afghanistan,large_city,31_50,2013,0.0
Afghanistan,large_city,31_50,2014,0.0
Afghanistan,large_city,31_50,2015,0.0
Afghanistan,large_city,31_50,2016,0.0
Afghanistan,large_city,31_50,2017,0.0
Afghanistan,large_city,31_50,2018,0.0
Afghanistan,large_city,31_50,2019,0.0
Afghanistan,large_city,31_50,2020,0.0
Afghanistan,large_city,31_50,2025,0.0
Afghanistan,large_city,31_50,2030,0.0
Afghanistan,large_city,31_50,2035,0.0
Afghanistan,large_city,31_50,2040,0.0
Afghanistan,large_city,31_50,2045,0.0
Afghanistan,large_city,31_50,2050,0.0
Afghanistan,large_city,31_50,2055,0.0
Afghanistan,large_city,31_50,2060,0.0
Afghanistan,large_city,31_50,2065,0.0
Afghanistan,large_city,31_50,2070,0.0
Afghanistan,large_city,31_50,2075,0.0
Afghanistan,large_city,31_50,2080,0.0
Afghanistan,large_city,31_50,2085,0.0
Afghanistan,large_city,31_50,2090,0.0
Afghanistan,large_city,31_50,2095,0.0
Afghanistan,large_city,31_50,2100,0.0
Afghanistan,large_city,51+,2011,0.0
Afghanistan,large_city,51+,2012,0.0
Afghanistan,large_city,51+,2013,0.0
Afghanistan,large_city,51+,2014,0.0
Afghanistan,large_city,51+,2015,0.0
Afghanistan,large_city,51+,2016,0.0
Afghanistan,large_city,51+,2017,0.0
Afghanistan,large_city,51+,2018,0.0
Afghanistan,large_city,51+,2019,0.0
Afghanistan,large_city,51+,2020,0.0
Afghanistan,large_city,51+,2025,0.0
Afghanistan,large_city,51+,2030,0.0
Afghanistan,large_city,51+,2035,0.0
Afghanistan,large_city,51+,2040,0.0
Afghanistan,large_city,51+,2045,0.0
Afghanistan,large_city,51+,2050,0.0
Afghanistan,large_city,51+,2055,0.0
Afghanistan,large_city,51+,2060,0.0
Afghanistan,large_city,51+,2065,0.0
Afghanistan,large_city,51+,2070,0.0
Afghanistan,large_city,51+,2075,0.0
Afghanistan,large_city,51+,2080,0.0
Afghanistan,large_city,51+,2085,0.0
Afghanistan,large_city,51+,2090,0.0
Afghanistan,large_city,51+,2095,0.0
Afghanistan,large_city,51+,2100,0.0
Afghanistan,city,No_travel,2011,0.0
Afghanistan,city,No_travel,2012,0.0
Afghanistan,city,No_travel,2013,0.0
Afghanistan,city,No_travel,2014,0.0
Afghanistan,city,No_travel,2015,0.0
Afghanistan,city,No_travel,2016,0.0
Afghanistan,city,No_travel,2017,0.0
Afghanistan,city,No_travel,2018,0.0
Afghanistan,city,No_travel,2019,0.0
Afghanistan,city,No_travel,2020,0.0
Afghanistan,city,No_travel,2025,0.0
Afghanistan,city,No_travel,2030,0.0
Afghanistan,city,No_travel,2035,0.0
Afghanistan,city,No_travel,2040,0.0
Afghanistan,city,No_travel,2045,0.0
Afghanistan,city,No_travel,2050,0.0
Afghanistan,city,No_travel,2055,0.0
Afghanistan,city,No_travel,2060,0.0
Afghanistan,city,No_travel,2065,0.0
Afghanistan,city,No_travel,2070,0.0
Afghanistan,city,No_travel,2075,0.0
Afghanistan,city,No_travel,2080,0.0
Afghanistan,city,No_travel,2085,0.0
Afghanistan,city,No_travel,2090,0.0
Afghanistan,city,No_travel,2095,0.0
Afghanistan,city,No_travel,2100,0.0
Afghanistan,city,00_01,2011,0.784266131199457
Afghanistan,city,00_01,2012,0.7750360590739022
Afghanistan,city,00_01,2013,0.7727008524485345
Afghanistan,city,00_01,2014,0.7738521751362551
Afghanistan,city,00_01,2015,0.7757897490039088
Afghanistan,city,00_01,2016,0.7762191418258015
Afghanistan,city,00_01,2017,0.7764916212999925
Afghanistan,city,00_01,2018,0.7785004838260984
Afghanistan,city,00_01,2019,0.7774084071637086
Afghanistan,city,00_01,2020,0.7838269402232658
Afghanistan,city,00_01,2025,0.7785164305030976
Afghanistan,city,00_01,2030,0.7581303604163251
Afghanistan,city,00_01,2035,0.7342226495987726
Afghanistan,city,00_01,2040,0.7080185931212102
Afghanistan,city,00_01,2045,0.6807128693542941
Afghanistan,city,00_01,2050,0.6532155334328943
Afghanistan,city,00_01,2055,0.6261449655964478
Afghanistan,city,00_01,2060,0.5999444626401454
Afghanistan,city,00_01,2065,0.5749159669690487
Afghanistan,city,00_01,2070,0.5511568855052748
Afghanistan,city,00_01,2075,0.5288230474647251
Afghanistan,city,00_01,2080,0.5078882212441646
Afghanistan,city,00_01,2085,0.4883765751789701
Afghanistan,city,00_01,2090,0.47051853920457193
Afghanistan,city,00_01,2095,0.4543130434517178
Afghanistan,city,00_01,2100,0.43960282683779095
Afghanistan,city,02_05,2011,0.505179898463546
Afghanistan,city,02_05,2012,0.4992344078785228
Afghanistan,city,02_05,2013,0.4977301998055688
Afghanistan,city,02_05,2014,0.4984718167839687
Afghanistan,city,02_05,2015,0.49971989231698943
Afghanistan,city,02_05,2016,0.49999648289451826
Afghanistan,city,02_05,2017,0.5001719987655079
Afghanistan,city,02_05,2018,0.5014659944215657
Afghanistan,city,02_05,2019,0.5007625403828497
Afghanistan,city,02_05,2020,0.5048969964690164
Afghanistan,city,02_05,2025,0.5014762663692462
Afghanistan,city,02_05,2030,0.4883447126697951
Afghanistan,city,02_05,2035,0.47294471712895064
Afghanistan,city,02_05,2040,0.4560655455517946
Afghanistan,city,02_05,2045,0.4384767421962968
Afghanistan,city,02_05,2050,0.42076451312483903
Afghanistan,city,02_05,2055,0.4033271839237791
Afghanistan,city,02_05,2060,0.38645030132409885
Afghanistan,city,02_05,2065,0.37032835955098875
Afghanistan,city,02_05,2070,0.355024102636184
Afghanistan,city,02_05,2075,0.340637906949816
Afghanistan,city,02_05,2080,0.32715287557624384
Afghanistan,city,02_05,2085,0.3145845763906135
Afghanistan,city,02_05,2090,0.3030814393285714
Afghanistan,city,02_05,2095,0.29264277524083687
Afghanistan,city,02_05,2100,0.2831672854296998
Afghanistan,city,06_10,2011,0.391250172065705
Afghanistan,city,06_10,2012,0.3866455268264938
Afghanistan,city,06_10,2013,0.3854805523903458
Afghanistan,city,06_10,2014,0.386054917623975
Afghanistan,city,06_10,2015,0.3870215233193531
Afghanistan,city,06_10,2016,0.3872357363380797
Afghanistan,city,06_10,2017,0.38737166932934447
Afghanistan,city,06_10,2018,0.3883738391002017
Afghanistan,city,06_10,2019,0.3878290301825764
Afghanistan,city,06_10,2020,0.39103107100017553
Afghanistan,city,06_10,2025,0.3883817944866089
Afghanistan,city,06_10,2030,0.37821170921594366
Afghanistan,city,06_10,2035,0.3662847680935995
Afghanistan,city,06_10,2040,0.35321223926976036
Afghanistan,city,06_10,2045,0.33959011701153485
Afghanistan,city,06_10,2050,0.3258724043849009
Afghanistan,city,06_10,2055,0.31236759536334135
Afghanistan,city,06_10,2060,0.2992968392997287
Afghanistan,city,06_10,2065,0.2868107674826456
Afghanistan,city,06_10,2070,0.2749579737165706
Afghanistan,city,06_10,2075,0.26381619718353516
Afghanistan,city,06_10,2080,0.25337235161234745
Afghanistan,city,06_10,2085,0.24363849396300957
Afghanistan,city,06_10,2090,0.23472957979499243
Afghanistan,city,06_10,2095,0.22664507537808332
Afghanistan,city,06_10,2100,0.21930652720882807
Afghanistan,city,11_20,2011,0.145687548677459
Afghanistan,city,11_20,2012,0.1439729437384039
Afghanistan,city,11_20,2013,0.14353914899020426
Afghanistan,city,11_20,2014,0.14375302202824333
Afghanistan,city,11_20,2015,0.1441129513633636
Afghanistan,city,11_20,2016,0.14419271661797886
Afghanistan,city,11_20,2017,0.14424333319452168
Afghanistan,city,11_20,2018,0.1446165053173708
Afghanistan,city,11_20,2019,0.14441363799264254
Afghanistan,city,11_20,2020,0.14560596328931444
Afghanistan,city,11_20,2025,0.14461946761829028
Afghanistan,city,11_20,2030,0.14083249217722865
Afghanistan,city,11_20,2035,0.13639132655125444
Afghanistan,city,11_20,2040,0.131523585102592
Afghanistan,city,11_20,2045,0.1264511947465508
Afghanistan,city,11_20,2050,0.12134320996156137
Afghanistan,city,11_20,2055,0.116314502852449
Afghanistan,city,11_20,2060,0.11144742151619093
Afghanistan,city,11_20,2065,0.10679805564872732
Afghanistan,city,11_20,2070,0.10238449984211431
Afghanistan,city,11_20,2075,0.09823570138296021
Afghanistan,city,11_20,2080,0.09434678741265083
Afghanistan,city,11_20,2085,0.09072224751118538
Afghanistan,city,11_20,2090,0.08740488701096218
Afghanistan,city,11_20,2095,0.08439450716996934
Afghanistan,city,11_20,2100,0.08166189471388917
Afghanistan,city,21_30,2011,0.43292180947654
Afghanistan,city,21_30,2012,0.42782672839726044
Afghanistan,city,21_30,2013,0.4265376737797805
Afghanistan,city,21_30,2014,0.42717321404019837
Afghanistan,city,21_30,2015,0.4282427718744711
Afghanistan,city,21_30,2016,0.42847980049273576
Afghanistan,city,21_30,2017,0.42863021156152886
Afghanistan,city,21_30,2018,0.42973912136292663
Afghanistan,city,21_30,2019,0.4291362854301218
Afghanistan,city,21_30,2020,0.4326793721908349
Afghanistan,city,21_30,2025,0.42974792406903234
Afghanistan,city,21_30,2030,0.4184946338924143
Afghanistan,city,21_30,2035,0.4052973670261949
Afghanistan,city,21_30,2040,0.39083249713752355
Afghanistan,city,21_30,2045,0.3757594972055229
Afghanistan,city,21_30,2050,0.36058072567720206
Afghanistan,city,21_30,2055,0.3456375338892459
Afghanistan,city,21_30,2060,0.33117462557559707
Afghanistan,city,21_30,2065,0.31735867560229486
Afghanistan,city,21_30,2070,0.30424345344796516
Afghanistan,city,21_30,2075,0.2919149782117807
Afghanistan,city,21_30,2080,0.2803587698177999
Afghanistan,city,21_30,2085,0.26958816939994057
Afghanistan,city,21_30,2090,0.2597303763113756
Afghanistan,city,21_30,2095,0.2507847999748581
Afghanistan,city,21_30,2100,0.24266463088818174
Afghanistan,city,31_50,2011,0.0
Afghanistan,city,31_50,2012,0.0
Afghanistan,city,31_50,2013,0.0
Afghanistan,city,31_50,2014,0.0
Afghanistan,city,31_50,2015,0.0
Afghanistan,city,31_50,2016,0.0
Afghanistan,city,31_50,2017,0.0
Afghanistan,city,31_50,2018,0.0
Afghanistan,city,31_50,2019,0.0
Afghanistan,city,31_50,2020,0.0
Afghanistan,city,31_50,2025,0.0
Afghanistan,city,31_50,2030,0.0
Afghanistan,city,31_50,2035,0.0
Afghanistan,city,31_50,2040,0.0
Afghanistan,city,31_50,2045,0.0
Afghanistan,city,31_50,2050,0.0
Afghanistan,city,31_50,2055,0.0
Afghanistan,city,31_50,2060,0.0
Afghanistan,city,31_50,2065,0.0
Afghanistan,city,31_50,2070,0.0
Afghanistan,city,31_50,2075,0.0
Afghanistan,city,31_50,2080,0.0
Afghanistan,city,31_50,2085,0.0
Afghanistan,city,31_50,2090,0.0
Afghanistan,city,31_50,2095,0.0
Afghanistan,city,31_50,2100,0.0
Afghanistan,city,51+,2011,0.0
Afghanistan,city,51+,2012,0.0
Afghanistan,city,51+,2013,0.0
Afghanistan,city,51+,2014,0.0
Afghanistan,city,51+,2015,0.0
Afghanistan,city,51+,2016,0.0
Afghanistan,city,51+,2017,0.0
Afghanistan,city,51+,2018,0.0
Afghanistan,city,51+,2019,0.0
Afghanistan,city,51+,2020,0.0
Afghanistan,city,51+,2025,0.0
Afghanistan,city,51+,2030,0.0
Afghanistan,city,51+,2035,0.0
Afghanistan,city,51+,2040,0.0
Afghanistan,city,51+,2045,0.0
Afghanistan,city,51+,2050,0.0
Afghanistan,city,51+,2055,0.0
Afghanistan,city,51+,2060,0.0
Afghanistan,city,51+,2065,0.0
Afghanistan,city,51+,2070,0.0
Afghanistan,city,51+,2075,0.0
Afghanistan,city,51+,2080,0.0
Afghanistan,city,51+,2085,0.0
Afghanistan,city,51+,2090,0.0
Afghanistan,city,51+,2095,0.0
Afghanistan,city,51+,2100,0.0
Afghanistan,town,No_travel,2011,0.0
Afghanistan,town,No_travel,2012,0.0
Afghanistan,town,No_travel,2013,0.0
Afghanistan,town,No_travel,2014,0.0
Afghanistan,town,No_travel,2015,0.0
Afghanistan,town,No_travel,2016,0.0
Afghanistan,town,No_travel,2017,0.0
Afghanistan,town,No_travel,2018,0.0
Afghanistan,town,No_travel,2019,0.0
Afghanistan,town,No_travel,2020,0.0
Afghanistan,town,No_travel,2025,0.0
Afghanistan,town,No_travel,2030,0.0
Afghanistan,town,No_travel,2035,0.0
Afghanistan,town,No_travel,2040,0.0
Afghanistan,town,No_travel,2045,0.0
Afghanistan,town,No_travel,2050,0.0
Afghanistan,town,No_travel,2055,0.0
Afghanistan,town,No_travel,2060,0.0
Afghanistan,town,No_travel,2065,0.0
Afghanistan,town,No_travel,2070,0.0
Afghanistan,town,No_travel,2075,0.0
Afghanistan,town,No_travel,2080,0.0
Afghanistan,town,No_travel,2085,0.0
Afghanistan,town,No_travel,2090,0.0
Afghanistan,town,No_travel,2095,0.0
Afghanistan,town,No_travel,2100,0.0
Afghanistan,town,00_01,2011,0.809373601454855
Afghanistan,town,00_01,2012,0.7998480381023705
Afghanistan,town,00_01,2013,0.797438072248529
Afghanistan,town,00_01,2014,0.7986262533430919
Afghanistan,town,00_01,2015,0.8006258566371284
Afghanistan,town,00_01,2016,0.8010689960267673
Afghanistan,town,00_01,2017,0.8013501986499267
Afghanistan,town,00_01,2018,0.8034233728351938
Afghanistan,town,00_01,2019,0.8022963344662777
Afghanistan,town,00_01,2020,0.8089203502331267
Afghanistan,town,00_01,2025,0.8034398300285885
Afghanistan,town,00_01,2030,0.7824011209612888
Afghanistan,town,00_01,2035,0.7577280294721161
Afghanistan,town,00_01,2040,0.7306850771881328
Afghanistan,town,00_01,2045,0.7025051888742517
Afghanistan,town,00_01,2050,0.6741275541406447
Afghanistan,town,00_01,2055,0.6461903500314947
Afghanistan,town,00_01,2060,0.6191510650310849
Afghanistan,town,00_01,2065,0.5933213079187495
Afghanistan,town,00_01,2070,0.5688016039986227
Afghanistan,town,00_01,2075,0.5457527711980235
Afghanistan,town,00_01,2080,0.5241477381360292
Afghanistan,town,00_01,2085,0.5040114468723146
Afghanistan,town,00_01,2090,0.4855817043187208
Afghanistan,town,00_01,2095,0.4688574063552363
Afghanistan,town,00_01,2100,0.4536762573480927
Afghanistan,town,02_05,2011,0.581333504919286
Afghanistan,town,02_05,2012,0.5744917582647414
Afghanistan,town,02_05,2013,0.5727607975637361
Afghanistan,town,02_05,2014,0.5736142099791391
Afghanistan,town,02_05,2015,0.5750504273073062
Afghanistan,town,02_05,2016,0.5753687126752542
Afghanistan,town,02_05,2017,0.5755706867774735
Afghanistan,town,02_05,2018,0.5770597464815003
Afghanistan,town,02_05,2019,0.576250249897966
Afghanistan,town,02_05,2020,0.5810079567164997
Afghanistan,town,02_05,2025,0.5770715668792747
Afghanistan,town,02_05,2030,0.5619604902898158
Afghanistan,town,02_05,2035,0.5442390144141351
Afghanistan,town,02_05,2040,0.5248153833414705
Afghanistan,town,02_05,2045,0.5045751466790739
Afghanistan,town,02_05,2050,0.4841928784269914
Afghanistan,town,02_05,2055,0.46412694996920045
Afghanistan,town,02_05,2060,0.44470595292711135
Afghanistan,town,02_05,2065,0.4261537006590155
Afghanistan,town,02_05,2070,0.4085423955783351
Afghanistan,town,02_05,2075,0.3919875453433064
Afghanistan,town,02_05,2080,0.3764697059039548
Afghanistan,town,02_05,2085,0.3620067919228595
Afghanistan,town,02_05,2090,0.34876960848349037
Afghanistan,town,02_05,2095,0.33675736255039984
Afghanistan,town,02_05,2100,0.32585348510102274
Afghanistan,town,06_10,2011,0.467167283694754
Afghanistan,town,06_10,2012,0.46166916570691313
Afghanistan,town,06_10,2013,0.46027814282241025
Afghanistan,town,06_10,2014,0.46096395631260395
Afghanistan,town,06_10,2015,0.46211811952927295
Afghanistan,town,06_10,2016,0.46237389785535576
Afghanistan,town,06_10,2017,0.46253620691188185
Afghanistan,town,06_10,2018,0.46373283495981465
Afghanistan,town,06_10,2019,0.46308231281221823
Afghanistan,town,06_10,2020,0.46690566885865664
Afghanistan,town,06_10,2025,0.46374233398760806
Afghanistan,town,06_10,2030,0.451598873230119
Afghanistan,town,06_10,2035,0.4373576611240779
Afghanistan,town,06_10,2040,0.42174857461707255
Afghanistan,town,06_10,2045,0.40548325307118366
Afghanistan,town,06_10,2050,0.3891037930636527
Afghanistan,town,06_10,2055,0.37297854789351415
Afghanistan,town,06_10,2060,0.3573715781282736
Afghanistan,town,06_10,2065,0.34246274313912306
Afghanistan,town,06_10,2070,0.3283100657392484
Afghanistan,town,06_10,2075,0.3150063694086101
Afghanistan,town,06_10,2080,0.30253602865180174
Afghanistan,town,06_10,2085,0.2909134399283163
Afghanistan,town,06_10,2090,0.28027586445948477
Afghanistan,town,06_10,2095,0.27062266495154585
Afghanistan,town,06_10,2100,0.26186016499814435
Afghanistan,town,11_20,2011,0.112734185376748
Afghanistan,town,11_20,2012,0.111407410420329
Afghanistan,town,11_20,2013,0.11107173658956625
Afghanistan,town,11_20,2014,0.11123723324961894
Afghanistan,town,11_20,2015,0.1115157494354998
Afghanistan,town,11_20,2016,0.11157747242474667
Afghanistan,town,11_20,2017,0.1116166399347701
Afghanistan,town,11_20,2018,0.11190540349525697
Afghanistan,town,11_20,2019,0.11174842314381023
Afghanistan,town,11_20,2020,0.11267105395368118
Afghanistan,town,11_20,2025,0.11190769574729931
Afghanistan,town,11_20,2030,0.10897730399271631
Afghanistan,town,11_20,2035,0.1055406946632817
Afghanistan,town,11_20,2040,0.10177399756513428
Afghanistan,town,11_20,2045,0.09784894151269727
Afghanistan,town,11_20,2050,0.09389634220767715
Afghanistan,town,11_20,2055,0.09000508859959337
Afghanistan,town,11_20,2060,0.08623890230168141
Afghanistan,town,11_20,2065,0.0826411859673406
Afghanistan,town,11_20,2070,0.07922594133600364
Afghanistan,town,11_20,2075,0.07601556804857519
Afghanistan,town,11_20,2080,0.0730062954482537
Afghanistan,town,11_20,2085,0.07020159760779612
Afghanistan,town,11_20,2090,0.0676345976343006
Afghanistan,town,11_20,2095,0.06530514173961562
Afghanistan,town,11_20,2100,0.06319062445942876
Afghanistan,town,21_30,2011,0.357090543456726
Afghanistan,town,21_30,2012,0.3528879248042817
Afghanistan,town,21_30,2013,0.3518246630239203
Afghanistan,town,21_30,2014,0.352348881051318
Afghanistan,town,21_30,2015,0.3532310934507364
Afghanistan,town,21_30,2016,0.3534266037628948
Afghanistan,town,21_30,2017,0.3535506685919737
Afghanistan,town,21_30,2018,0.3544653400059743
Afghanistan,town,21_30,2019,0.3539680977646541
Afghanistan,town,21_30,2020,0.3568905718678349
Afghanistan,town,21_30,2025,0.3544726008162139
Afghanistan,town,21_30,2030,0.34519045467138554
Afghanistan,town,21_30,2035,0.3343048418557597
Afghanistan,town,21_30,2040,0.3223736613596282
Afghanistan,town,21_30,2045,0.3099408718363898
Afghanistan,town,21_30,2050,0.2974208378362379
Afghanistan,town,21_30,2055,0.28509511905807944
Afghanistan,town,21_30,2060,0.27316555654439983
Afghanistan,town,21_30,2065,0.2617696301291824
Afghanistan,town,21_30,2070,0.25095169094448755
Afghanistan,town,21_30,2075,0.2407826908485927
Afghanistan,town,21_30,2080,0.2312506861184651
Afghanistan,town,21_30,2085,0.22236668103399257
Afghanistan,town,21_30,2090,0.21423559450930138
Afghanistan,town,21_30,2095,0.20685693941358538
Afghanistan,town,21_30,2100,0.20015911193377373
Afghanistan,town,31_50,2011,0.0
Afghanistan,town,31_50,2012,0.0
Afghanistan,town,31_50,2013,0.0
Afghanistan,town,31_50,2014,0.0
Afghanistan,town,31_50,2015,0.0
Afghanistan,town,31_50,2016,0.0
Afghanistan,town,31_50,2017,0.0
Afghanistan,town,31_50,2018,0.0
Afghanistan,town,31_50,2019,0.0
Afghanistan,town,31_50,2020,0.0
Afghanistan,town,31_50,2025,0.0
Afghanistan,town,31_50,2030,0.0
Afghanistan,town,31_50,2035,0.0
Afghanistan,town,31_50,2040,0.0
Afghanistan,town,31_50,2045,0.0
Afghanistan,town,31_50,2050,0.0
Afghanistan,town,31_50,2055,0.0
Afghanistan,town,31_50,2060,0.0
Afghanistan,town,31_50,2065,0.0
Afghanistan,town,31_50,2070,0.0
Afghanistan,town,31_50,2075,0.0
Afghanistan,town,31_50,2080,0.0
Afghanistan,town,31_50,2085,0.0
Afghanistan,town,31_50,2090,0.0
Afghanistan,town,31_50,2095,0.0
Afghanistan,town,31_50,2100,0.0
Afghanistan,town,51+,2011,0.0
Afghanistan,town,51+,2012,0.0
Afghanistan,town,51+,2013,0.0
Afghanistan,town,51+,2014,0.0
Afghanistan,town,51+,2015,0.0
Afghanistan,town,51+,2016,0.0
Afghanistan,town,51+,2017,0.0
Afghanistan,town,51+,2018,0.0
Afghanistan,town,51+,2019,0.0
Afghanistan,town,51+,2020,0.0
Afghanistan,town,51+,2025,0.0
Afghanistan,town,51+,2030,0.0
Afghanistan,town,51+,2035,0.0
Afghanistan,town,51+,2040,0.0
Afghanistan,town,51+,2045,0.0
Afghanistan,town,51+,2050,0.0
Afghanistan,town,51+,2055,0.0
Afghanistan,town,51+,2060,0.0
Afghanistan,town,51+,2065,0.0
Afghanistan,town,51+,2070,0.0
Afghanistan,town,51+,2075,0.0
Afghanistan,town,51+,2080,0.0
Afghanistan,town,51+,2085,0.0
Afghanistan,town,51+,2090,0.0
Afghanistan,town,51+,2095,0.0
Afghanistan,town,51+,2100,0.0
Afghanistan,rural,No_travel,2011,0.0
Afghanistan,rural,No_travel,2012,0.0
Afghanistan,rural,No_travel,2013,0.0
Afghanistan,rural,No_travel,2014,0.0
Afghanistan,rural,No_travel,2015,0.0
Afghanistan,rural,No_travel,2016,0.0
Afghanistan,rural,No_travel,2017,0.0
Afghanistan,rural,No_travel,2018,0.0
Afghanistan,rural,No_travel,2019,0.0
Afghanistan,rural,No_travel,2020,0.0
Afghanistan,rural,No_travel,2025,0.0
Afghanistan,rural,No_travel,2030,0.0
Afghanistan,rural,No_travel,2035,0.0
Afghanistan,rural,No_travel,2040,0.0
Afghanistan,rural,No_travel,2045,0.0
Afghanistan,rural,No_travel,2050,0.0
Afghanistan,rural,No_travel,2055,0.0
Afghanistan,rural,No_travel,2060,0.0
Afghanistan,rural,No_travel,2065,0.0
Afghanistan,rural,No_travel,2070,0.0
Afghanistan,rural,No_travel,2075,0.0
Afghanistan,rural,No_travel,2080,0.0
Afghanistan,rural,No_travel,2085,0.0
Afghanistan,rural,No_travel,2090,0.0
Afghanistan,rural,No_travel,2095,0.0
Afghanistan,rural,No_travel,2100,0.0
Afghanistan,rural,00_01,2011,0.900728094580366
Afghanistan,rural,00_01,2012,0.8901273750697896
Afghanistan,rural,00_01,2013,0.8874453948969343
Afghanistan,rural,00_01,2014,0.8887676867179157
Afghanistan,rural,00_01,2015,0.8909929864580068
Afghanistan,rural,00_01,2016,0.8914861432614231
Afghanistan,rural,00_01,2017,0.8917990853965435
Afghanistan,rural,00_01,2018,0.8941062600193286
Afghanistan,rural,00_01,2019,0.8928520121408112
Afghanistan,rural,00_01,2020,0.9002236846161915
Afghanistan,rural,00_01,2025,0.8941245747462012
Afghanistan,rural,00_01,2030,0.8707112137265726
Afghanistan,rural,00_01,2035,0.8432532553195994
Afghanistan,rural,00_01,2040,0.8131579484813287
Afghanistan,rural,00_01,2045,0.7817973789485141
Afghanistan,rural,00_01,2050,0.7502167432367066
Afghanistan,rural,00_01,2055,0.7191262498231515
Afghanistan,rural,00_01,2060,0.6890350241969928
Afghanistan,rural,00_01,2065,0.6602898466109592
Afghanistan,rural,00_01,2070,0.6330025887217081
Afghanistan,rural,00_01,2075,0.6073522200743151
Afghanistan,rural,00_01,2080,0.5833086137245455
Afghanistan,rural,00_01,2085,0.560899526957595
Afghanistan,rural,00_01,2090,0.540389608096804
Afghanistan,rural,00_01,2095,0.5217776283994605
Afghanistan,rural,00_01,2100,0.504882973824409
Afghanistan,rural,02_05,2011,0.722077962195642
Afghanistan,rural,02_05,2012,0.7135797861222393
Afghanistan,rural,02_05,2013,0.7114297490694185
Afghanistan,rural,02_05,2014,0.7124897779385824
Afghanistan,rural,02_05,2015,0.7142737124147776
Afghanistan,rural,02_05,2016,0.7146690566499538
Afghanistan,rural,02_05,2017,0.714919929938544
Afghanistan,rural,02_05,2018,0.7167695002584599
Afghanistan,rural,02_05,2019,0.7157640195172046
Afghanistan,rural,02_05,2020,0.7216735967481405
Afghanistan,rural,02_05,2025,0.7167841824480551
Afghanistan,rural,02_05,2030,0.6980146202295248
Afghanistan,rural,02_05,2035,0.6760026648216091
Afghanistan,rural,02_05,2040,0.6518764518565797
Afghanistan,rural,02_05,2045,0.6267359280094809
Afghanistan,rural,02_05,2050,0.6014189858414355
Afghanistan,rural,02_05,2055,0.5764949712994267
Afghanistan,rural,02_05,2060,0.5523720300801582
Afghanistan,rural,02_05,2065,0.5293281621480216
Afghanistan,rural,02_05,2070,0.5074530505698078
Afghanistan,rural,02_05,2075,0.4868901681262382
Afghanistan,rural,02_05,2080,0.4676153632419026
Afghanistan,rural,02_05,2085,0.4496508878306151
Afghanistan,rural,02_05,2090,0.4332088999489142
Afghanistan,rural,02_05,2095,0.41828841456253835
Afghanistan,rural,02_05,2100,0.40474464056353165
Afghanistan,rural,06_10,2011,0.560969409411097
Afghanistan,rural,06_10,2012,0.5543673289397965
Afghanistan,rural,06_10,2013,0.5526970037410252
Afghanistan,rural,06_10,2014,0.5535205211447214
Afghanistan,rural,06_10,2015,0.5549064278222999
Afghanistan,rural,06_10,2016,0.5552135636632091
Afghanistan,rural,06_10,2017,0.5554084626185928
Afghanistan,rural,06_10,2018,0.5568453606051654
Afghanistan,rural,06_10,2019,0.5560642206630447
Afghanistan,rural,06_10,2020,0.5606552651522395
Afghanistan,rural,06_10,2025,0.5568567669347549
Afghanistan,rural,06_10,2030,0.5422750309119334
Afghanistan,rural,06_10,2035,0.5251743378127909
Afghanistan,rural,06_10,2040,0.5064311159629432
Afghanistan,rural,06_10,2045,0.4868998941930542
Afghanistan,rural,06_10,2050,0.4672316161958711
Afghanistan,rural,06_10,2055,0.4478685966193285
Afghanistan,rural,06_10,2060,0.429127916530043
Afghanistan,rural,06_10,2065,0.4112255491109754
Afghanistan,rural,06_10,2070,0.39423116752713805
Afghanistan,rural,06_10,2075,0.3782562332069106
Afghanistan,rural,06_10,2080,0.3632819832248148
Afghanistan,rural,06_10,2085,0.3493257046933289
Afghanistan,rural,06_10,2090,0.3365522193988932
Afghanistan,rural,06_10,2095,0.32496076208606856
Afghanistan,rural,06_10,2100,0.31443884714170744
Afghanistan,rural,11_20,2011,0.225558156612901
Afghanistan,rural,11_20,2012,0.22290355000524323
Afghanistan,rural,11_20,2013,0.22223193500011407
Afghanistan,rural,11_20,2014,0.22256306012815155
Afghanistan,rural,11_20,2015,0.22312031432096094
Afghanistan,rural,11_20,2016,0.22324380945802721
Afghanistan,rural,11_20,2017,0.22332217567259188
Afghanistan,rural,11_20,2018,0.2238999327760182
Afghanistan,rural,11_20,2019,0.2235858470479097
Afghanistan,rural,11_20,2020,0.22543184348646367
Afghanistan,rural,11_20,2025,0.2239045191057409
Afghanistan,rural,11_20,2030,0.2180414017194001
Afghanistan,rural,11_20,2035,0.21116544601212753
Afghanistan,rural,11_20,2040,0.20362905187278132
Afghanistan,rural,11_20,2045,0.19577581370166836
Afghanistan,rural,11_20,2050,0.187867467088879
Afghanistan,rural,11_20,2055,0.18008186072804475
Afghanistan,rural,11_20,2060,0.17254648859599045
Afghanistan,rural,11_20,2065,0.16534819056706435
Afghanistan,rural,11_20,2070,0.15851498127165786
Afghanistan,rural,11_20,2075,0.15209167783151953
Afghanistan,rural,11_20,2080,0.14607073592994946
Afghanistan,rural,11_20,2085,0.14045910647934737
Afghanistan,rural,11_20,2090,0.13532306207443134
Afghanistan,rural,11_20,2095,0.13066229501641546
Afghanistan,rural,11_20,2100,0.12643157637281008
Afghanistan,rural,21_30,2011,0.316687599761256
Afghanistan,rural,21_30,2012,0.3129604856213215
Afghanistan,rural,21_30,2013,0.3120175263990442
Afghanistan,rural,21_30,2014,0.31248243187439256
Afghanistan,rural,21_30,2015,0.3132648265145499
Afghanistan,rural,21_30,2016,0.31343821584848935
Afghanistan,rural,21_30,2017,0.3135482433853584
Afghanistan,rural,21_30,2018,0.3143594244708782
Afghanistan,rural,21_30,2019,0.31391844261126567
Afghanistan,rural,21_30,2020,0.31651025392091725
Afghanistan,rural,21_30,2025,0.31436586375808206
Afghanistan,rural,21_30,2030,0.306133944327275
Afghanistan,rural,21_30,2035,0.29647998216647453
Afghanistan,rural,21_30,2040,0.28589875288758687
Afghanistan,rural,21_30,2045,0.2748726690424727
Afghanistan,rural,21_30,2050,0.26376921198069836
Afghanistan,rural,21_30,2055,0.2528380843809548
Afghanistan,rural,21_30,2060,0.2422582900181929
Afghanistan,rural,21_30,2065,0.2321517535959299
Afghanistan,rural,21_30,2070,0.222557808145567
Afghanistan,rural,21_30,2075,0.2135393776904598
Afghanistan,rural,21_30,2080,0.20508586987791574
Afghanistan,rural,21_30,2085,0.19720704391060373
Afghanistan,rural,21_30,2090,0.18999594767145733
Afghanistan,rural,21_30,2095,0.18345214914599556
Afghanistan,rural,21_30,2100,0.17751214612137448
Afghanistan,rural,31_50,2011,0.0
Afghanistan,rural,31_50,2012,0.0
Afghanistan,rural,31_50,2013,0.0
Afghanistan,rural,31_50,2014,0.0
Afghanistan,rural,31_50,2015,0.0
Afghanistan,rural,31_50,2016,0.0
Afghanistan,rural,31_50,2017,0.0
Afghanistan,rural,31_50,2018,0.0
Afghanistan,rural,31_50,2019,0.0
Afghanistan,rural,31_50,2020,0.0
Afghanistan,rural,31_50,2025,0.0
Afghanistan,rural,31_50,2030,0.0
Afghanistan,rural,31_50,2035,0.0
Afghanistan,rural,31_50,2040,0.0
Afghanistan,rural,31_50,2045,0.0
Afghanistan,rural,31_50,2050,0.0
Afghanistan,rural,31_50,2055,0.0
Afghanistan,rural,31_50,2060,0.0
Afghanistan,rural,31_50,2065,0.0
Afghanistan,rural,31_50,2070,0.0
Afghanistan,rural,31_50,2075,0.0
Afghanistan,rural,31_50,2080,0.0
Afghanistan,rural,31_50,2085,0.0
Afghanistan,rural,31_50,2090,0.0
Afghanistan,rural,31_50,2095,0.0
Afghanistan,rural,31_50,2100,0.0
Afghanistan,rural,51+,2011,0.0
Afghanistan,rural,51+,2012,0.0
Afghanistan,rural,51+,2013,0.0
Afghanistan,rural,51+,2014,0.0
Afghanistan,rural,51+,2015,0.0
Afghanistan,rural,51+,2016,0.0
Afghanistan,rural,51+,2017,0.0
Afghanistan,rural,51+,2018,0.0
Afghanistan,rural,51+,2019,0.0
Afghanistan,rural,51+,2020,0.0
Afghanistan,rural,51+,2025,0.0
Afghanistan,rural,51+,2030,0.0
Afghanistan,rural,51+,2035,0.0
Afghanistan,rural,51+,2040,0.0
Afghanistan,rural,51+,2045,0.0
Afghanistan,rural,51+,2050,0.0
Afghanistan,rural,51+,2055,0.0
Afghanistan,rural,51+,2060,0.0
Afghanistan,rural,51+,2065,0.0
Afghanistan,rural,51+,2070,0.0
Afghanistan,rural,51+,2075,0.0
Afghanistan,rural,51+,2080,0.0
Afghanistan,rural,51+,2085,0.0
Afghanistan,rural,51+,2090,0.0
Afghanistan,rural,51+,2095,0.0
Afghanistan,rural,51+,2100,0.0
Bangladesh,large_city,No_travel,2011,0.0
Bangladesh,large_city,No_travel,2012,0.0
Bangladesh,large_city,No_travel,2013,0.0
Bangladesh,large_city,No_travel,2014,0.0
Bangladesh,large_city,No_travel,2015,0.0
Bangladesh,large_city,No_travel,2016,0.0
Bangladesh,large_city,No_travel,2017,0.0
Bangladesh,large_city,No_travel,2018,0.0
Bangladesh,large_city,No_travel,2019,0.0
Bangladesh,large_city,No_travel,2020,0.0
Bangladesh,large_city,No_travel,2025,0.0
Bangladesh,large_city,No_travel,2030,0.0
Bangladesh,large_city,No_travel,2035,0.0
Bangladesh,large_city,No_travel,2040,0.0
Bangladesh,large_city,No_travel,2045,0.0
Bangladesh,large_city,No_travel,2050,0.0
Bangladesh,large_city,No_travel,2055,0.0
Bangladesh,large_city,No_travel,2060,0.0
Bangladesh,large_city,No_travel,2065,0.0
Bangladesh,large_city,No_travel,2070,0.0
Bangladesh,large_city,No_travel,2075,0.0
Bangladesh,large_city,No_travel,2080,0.0
Bangladesh,large_city,No_travel,2085,0.0
Bangladesh,large_city,No_travel,2090,0.0
Bangladesh,large_city,No_travel,2095,0.0
Bangladesh,large_city,No_travel,2100,0.0
Bangladesh,large_city,00_01,2011,0.798031141556873
Bangladesh,large_city,00_01,2012,0.7927809659798433
Bangladesh,large_city,00_01,2013,0.788043723450175
Bangladesh,large_city,00_01,2014,0.7832313288583288
Bangladesh,large_city,00_01,2015,0.7778774373158259
Bangladesh,large_city,00_01,2016,0.7720082076251642
Bangladesh,large_city,00_01,2017,0.7666647331136824
Bangladesh,large_city,00_01,2018,0.7605117047779566
Bangladesh,large_city,00_01,2019,0.7537598256248954
Bangladesh,large_city,00_01,2020,0.751410901184638
Bangladesh,large_city,00_01,2025,0.7161763325607355
Bangladesh,large_city,00_01,2030,0.6915000725582503
Bangladesh,large_city,00_01,2035,0.6683392331255766
Bangladesh,large_city,00_01,2040,0.6465010342687734
Bangladesh,large_city,00_01,2045,0.6261715971708742
Bangladesh,large_city,00_01,2050,0.6073953854579704
Bangladesh,large_city,00_01,2055,0.5901028611752718
Bangladesh,large_city,00_01,2060,0.5741147417514604
Bangladesh,large_city,00_01,2065,0.5592736036946541
Bangladesh,large_city,00_01,2070,0.5454669107698012
Bangladesh,large_city,00_01,2075,0.5326209370424825
Bangladesh,large_city,00_01,2080,0.5210261751048759
Bangladesh,large_city,00_01,2085,0.5105547452622733
Bangladesh,large_city,00_01,2090,0.5012689731603632
Bangladesh,large_city,00_01,2095,0.49277072255727217
Bangladesh,large_city,00_01,2100,0.48484171896915457
Bangladesh,large_city,02_05,2011,0.44170968683356
Bangladesh,large_city,02_05,2012,0.43880371827019443
Bangladesh,large_city,02_05,2013,0.43618165779502027
Bangladesh,large_city,02_05,2014,0.43351800070522684
Bangladesh,large_city,02_05,2015,0.43055462542645484
Bangladesh,large_city,02_05,2016,0.4273060108378578
Bangladesh,large_city,02_05,2017,0.42434840137857643
Bangladesh,large_city,02_05,2018,0.4209427044355358
Bangladesh,large_city,02_05,2019,0.4172055439778394
Bangladesh,large_city,02_05,2020,0.41590541591908003
Bangladesh,large_city,02_05,2025,0.39640310647008176
Bangladesh,large_city,02_05,2030,0.3827448135660516
Bangladesh,large_city,02_05,2035,0.3699253049029558
Bangladesh,large_city,02_05,2040,0.3578378768870152
Bangladesh,large_city,02_05,2045,0.3465855474647609
Bangladesh,large_city,02_05,2050,0.3361929272225892
Bangladesh,large_city,02_05,2055,0.32662152695045055
Bangladesh,large_city,02_05,2060,0.31777211386868554
Bangladesh,large_city,02_05,2065,0.3095575541830365
Bangladesh,large_city,02_05,2070,0.30191555916496454
Bangladesh,large_city,02_05,2075,0.29480532156058187
Bangladesh,large_city,02_05,2080,0.2883876288194461
Bangladesh,large_city,02_05,2085,0.28259169961867314
Bangladesh,large_city,02_05,2090,0.2774520311601959
Bangladesh,large_city,02_05,2095,0.2727482553085402
Bangladesh,large_city,02_05,2100,0.2683595572873364
Bangladesh,large_city,06_10,2011,0.287162738207747
Bangladesh,large_city,06_10,2012,0.28527352021077756
Bangladesh,large_city,06_10,2013,0.28356887553523297
Bangladesh,large_city,06_10,2014,0.28183718821582
Bangladesh,large_city,06_10,2015,0.27991064916821706
Bangladesh,large_city,06_10,2016,0.2777986713500926
Bangladesh,large_city,06_10,2017,0.2758758807566493
Bangladesh,large_city,06_10,2018,0.27366178111423456
Bangladesh,large_city,06_10,2019,0.2712321915848607
Bangladesh,large_city,06_10,2020,0.2703869569330005
Bangladesh,large_city,06_10,2025,0.25770818454089894
Bangladesh,large_city,06_10,2030,0.24882870350057792
Bangladesh,large_city,06_10,2035,0.2404945299021626
Bangladesh,large_city,06_10,2040,0.2326362939829344
Bangladesh,large_city,06_10,2045,0.22532096940566812
Bangladesh,large_city,06_10,2050,0.21856455591768448
Bangladesh,large_city,06_10,2055,0.21234203104997565
Bangladesh,large_city,06_10,2060,0.20658888193905597
Bangladesh,large_city,06_10,2065,0.20124846147100586
Bangladesh,large_city,06_10,2070,0.19628027471809364
Bangladesh,large_city,06_10,2075,0.1916577922128558
Bangladesh,large_city,06_10,2080,0.18748554452290425
Bangladesh,large_city,06_10,2085,0.1837175155451306
Bangladesh,large_city,06_10,2090,0.18037613247835518
Bangladesh,large_city,06_10,2095,0.1773181303703192
Bangladesh,large_city,06_10,2100,0.17446496554622365
Bangladesh,large_city,11_20,2011,0.0531984546790542
Bangladesh,large_city,11_20,2012,0.05284846679894866
Bangladesh,large_city,11_20,2013,0.05253267212766981
Bangladesh,large_city,11_20,2014,0.05221186765994865
Bangladesh,large_city,11_20,2015,0.05185496585280267
Bangladesh,large_city,11_20,2016,0.051463710507691086
Bangladesh,large_city,11_20,2017,0.0511075031220079
Bangladesh,large_city,11_20,2018,0.05069732915508919
Bangladesh,large_city,11_20,2019,0.05024723451790269
Bangladesh,large_city,11_20,2020,0.050090650214518515
Bangladesh,large_city,11_20,2025,0.04774183886560562
Bangladesh,large_city,11_20,2030,0.04609686684505294
Bangladesh,large_city,11_20,2035,0.04455291598558622
Bangladesh,large_city,11_20,2040,0.04309713516243519
Bangladesh,large_city,11_20,2045,0.0417419316098603
Bangladesh,large_city,11_20,2050,0.040490269367827285
Bangladesh,large_city,11_20,2055,0.03933751288824318
Bangladesh,large_city,11_20,2060,0.03827171081326197
Bangladesh,large_city,11_20,2065,0.03728236895780465
Bangladesh,large_city,11_20,2070,0.03636198541688483
Bangladesh,large_city,11_20,2075,0.03550564546277242
Bangladesh,large_city,11_20,2080,0.034732713950038685
Bangladesh,large_city,11_20,2085,0.034034666146014615
Bangladesh,large_city,11_20,2090,0.03341565681091553
Bangladesh,large_city,11_20,2095,0.032849145335338524
Bangladesh,large_city,11_20,2100,0.03232058107754575
Bangladesh,large_city,21_30,2011,0.126017818840264
Bangladesh,large_city,21_30,2012,0.12518875886967817
Bangladesh,large_city,21_30,2013,0.12444069662020069
Bangladesh,large_city,21_30,2014,0.12368076704066068
Bangladesh,large_city,21_30,2015,0.12283532918822634
Bangladesh,large_city,21_30,2016,0.12190851382304302
Bangladesh,large_city,21_30,2017,0.12106472093339238
Bangladesh,large_city,21_30,2018,0.12009309066766388
Bangladesh,large_city,21_30,2019,0.11902689532811625
Bangladesh,large_city,21_30,2020,0.11865597454674881
Bangladesh,large_city,21_30,2025,0.11309205196961797
Bangladesh,large_city,21_30,2030,0.10919540144971238
Bangladesh,large_city,21_30,2035,0.10553805236165413
Bangladesh,large_city,21_30,2040,0.10208956264236144
Bangladesh,large_city,21_30,2045,0.0988793228560673
Bangladesh,large_city,21_30,2050,0.09591435429415496
Bangladesh,large_city,21_30,2055,0.09318367615533361
Bangladesh,large_city,21_30,2060,0.09065897776672721
Bangladesh,large_city,21_30,2065,0.08831540024244999
Bangladesh,large_city,21_30,2070,0.08613517288391244
Bangladesh,large_city,21_30,2075,0.08410665356217532
Bangladesh,large_city,21_30,2080,0.0822757142250227
Bangladesh,large_city,21_30,2085,0.08062216127428287
Bangladesh,large_city,21_30,2090,0.07915583660899776
Bangladesh,large_city,21_30,2095,0.07781387017536935
Bangladesh,large_city,21_30,2100,0.07656179405237258
Bangladesh,large_city,31_50,2011,0.0
Bangladesh,large_city,31_50,2012,0.0
Bangladesh,large_city,31_50,2013,0.0
Bangladesh,large_city,31_50,2014,0.0
Bangladesh,large_city,31_50,2015,0.0
Bangladesh,large_city,31_50,2016,0.0
Bangladesh,large_city,31_50,2017,0.0
Bangladesh,large_city,31_50,2018,0.0
Bangladesh,large_city,31_50,2019,0.0
Bangladesh,large_city,31_50,2020,0.0
Bangladesh,large_city,31_50,2025,0.0
Bangladesh,large_city,31_50,2030,0.0
Bangladesh,large_city,31_50,2035,0.0
Bangladesh,large_city,31_50,2040,0.0
Bangladesh,large_city,31_50,2045,0.0
Bangladesh,large_city,31_50,2050,0.0
Bangladesh,large_city,31_50,2055,0.0
Bangladesh,large_city,31_50,2060,0.0
Bangladesh,large_city,31_50,2065,0.0
Bangladesh,large_city,31_50,2070,0.0
Bangladesh,large_city,31_50,2075,0.0
Bangladesh,large_city,31_50,2080,0.0
Bangladesh,large_city,31_50,2085,0.0
Bangladesh,large_city,31_50,2090,0.0
Bangladesh,large_city,31_50,2095,0.0
Bangladesh,large_city,31_50,2100,0.0
Bangladesh,large_city,51+,2011,0.0
Bangladesh,large_city,51+,2012,0.0
Bangladesh,large_city,51+,2013,0.0
Bangladesh,large_city,51+,2014,0.0
Bangladesh,large_city,51+,2015,0.0
Bangladesh,large_city,51+,2016,0.0
Bangladesh,large_city,51+,2017,0.0
Bangladesh,large_city,51+,2018,0.0
Bangladesh,large_city,51+,2019,0.0
Bangladesh,large_city,51+,2020,0.0
Bangladesh,large_city,51+,2025,0.0
Bangladesh,large_city,51+,2030,0.0
Bangladesh,large_city,51+,2035,0.0
Bangladesh,large_city,51+,2040,0.0
Bangladesh,large_city,51+,2045,0.0
Bangladesh,large_city,51+,2050,0.0
Bangladesh,large_city,51+,2055,0.0
Bangladesh,large_city,51+,2060,0.0
Bangladesh,large_city,51+,2065,0.0
Bangladesh,large_city,51+,2070,0.0
Bangladesh,large_city,51+,2075,0.0
Bangladesh,large_city,51+,2080,0.0
Bangladesh,large_city,51+,2085,0.0
Bangladesh,large_city,51+,2090,0.0
Bangladesh,large_city,51+,2095,0.0
Bangladesh,large_city,51+,2100,0.0
Bangladesh,city,No_travel,2011,0.0
Bangladesh,city,No_travel,2012,0.0
Bangladesh,city,No_travel,2013,0.0
Bangladesh,city,No_travel,2014,0.0
Bangladesh,city,No_travel,2015,0.0
Bangladesh,city,No_travel,2016,0.0
Bangladesh,city,No_travel,2017,0.0
Bangladesh,city,No_travel,2018,0.0
Bangladesh,city,No_travel,2019,0.0
Bangladesh,city,No_travel,2020,0.0
Bangladesh,city,No_travel,2025,0.0
Bangladesh,city,No_travel,2030,0.0
Bangladesh,city,No_travel,2035,0.0
Bangladesh,city,No_travel,2040,0.0
Bangladesh,city,No_travel,2045,0.0
Bangladesh,city,No_travel,2050,0.0
Bangladesh,city,No_travel,2055,0.0
Bangladesh,city,No_travel,2060,0.0
Bangladesh,city,No_travel,2065,0.0
Bangladesh,city,No_travel,2070,0.0
Bangladesh,city,No_travel,2075,0.0
Bangladesh,city,No_travel,2080,0.0
Bangladesh,city,No_travel,2085,0.0
Bangladesh,city,No_travel,2090,0.0
Bangladesh,city,No_travel,2095,0.0
Bangladesh,city,No_travel,2100,0.0
Bangladesh,city,00_01,2011,0.784266131199457
Bangladesh,city,00_01,2012,0.779106514395679
Bangladesh,city,00_01,2013,0.7744509832041915
Bangladesh,city,00_01,2014,0.7697215962268995
Bangladesh,city,00_01,2015,0.7644600524246004
Bangladesh,city,00_01,2016,0.7586920593941077
Bangladesh,city,00_01,2017,0.7534407529424483
Bangladesh,city,00_01,2018,0.7473938564283522
Bangladesh,city,00_01,2019,0.7407584385029727
Bangladesh,city,00_01,2020,0.7384500299869258
Bangladesh,city,00_01,2025,0.7038232123351231
Bangladesh,city,00_01,2030,0.6795725860664967
Bangladesh,city,00_01,2035,0.6568112413127591
Bangladesh,city,00_01,2040,0.6353497232868126
Bangladesh,city,00_01,2045,0.6153709428207675
Bangladesh,city,00_01,2050,0.5969185966003769
Bangladesh,city,00_01,2055,0.5799243461110954
Bangladesh,city,00_01,2060,0.5642120011752759
Bangladesh,city,00_01,2065,0.5496268536537126
Bangladesh,city,00_01,2070,0.5360583084166073
Bangladesh,city,00_01,2075,0.5234339112070453
Bangladesh,city,00_01,2080,0.5120391439937694
Bangladesh,city,00_01,2085,0.5017483328422608
Bangladesh,city,00_01,2090,0.4926227283610154
Bangladesh,city,00_01,2095,0.4842710616460459
Bangladesh,city,00_01,2100,0.4764788231674972
Bangladesh,city,02_05,2011,0.505179898463546
Bangladesh,city,02_05,2012,0.5018563650488658
Bangladesh,city,02_05,2013,0.4988575350840775
Bangladesh,city,02_05,2014,0.49581113139796
Bangladesh,city,02_05,2015,0.4924219423738952
Bangladesh,city,02_05,2016,0.48870652739221504
Bangladesh,city,02_05,2017,0.48532393269060153
Bangladesh,city,02_05,2018,0.4814288638542887
Bangladesh,city,02_05,2019,0.47715470280046407
Bangladesh,city,02_05,2020,0.4756677565543404
Bangladesh,city,02_05,2025,0.45336311846076377
Bangladesh,city,02_05,2030,0.4377422361751479
Bangladesh,city,02_05,2035,0.42308066483583606
Bangladesh,city,02_05,2040,0.40925636838095847
Bangladesh,city,02_05,2045,0.3963871676265844
Bangladesh,city,02_05,2050,0.38450120950701794
Bangladesh,city,02_05,2055,0.37355447421512267
Bangladesh,city,02_05,2060,0.3634334700004413
Bangladesh,city,02_05,2065,0.3540385426270631
Bangladesh,city,02_05,2070,0.34529845296554024
Bangladesh,city,02_05,2075,0.33716653008021036
Bangladesh,city,02_05,2080,0.3298266653138783
Bangladesh,city,02_05,2085,0.3231979066236672
Bangladesh,city,02_05,2090,0.3173197081883945
Bangladesh,city,02_05,2095,0.31194003670287845
Bangladesh,city,02_05,2100,0.3069207172565873
Bangladesh,city,06_10,2011,0.391250172065705
Bangladesh,city,06_10,2012,0.3886761721414907
Bangladesh,city,06_10,2013,0.3863536475452277
Bangladesh,city,06_10,2014,0.3839942781997725
Bangladesh,city,06_10,2015,0.3813694295213878
Bangladesh,city,06_10,2016,0.3784919263679587
Bangladesh,city,06_10,2017,0.37587218484011886
Bangladesh,city,06_10,2018,0.37285554392259607
Bangladesh,city,06_10,2019,0.3695453048318653
Bangladesh,city,06_10,2020,0.3683936992822033
Bangladesh,city,06_10,2025,0.3511192718583954
Bangladesh,city,06_10,2030,0.3390212590501792
Bangladesh,city,06_10,2035,0.32766621042946836
Bangladesh,city,06_10,2040,0.3169596118828746
Bangladesh,city,06_10,2045,0.30699271291319935
Bangladesh,city,06_10,2050,0.29778731267144426
Bangladesh,city,06_10,2055,0.2893093188329368
Bangladesh,city,06_10,2060,0.2814708346562796
Bangladesh,city,06_10,2065,0.2741946802357286
Bangladesh,city,06_10,2070,0.26742568250968934
Bangladesh,city,06_10,2075,0.2611276959156326
Bangladesh,city,06_10,2080,0.25544314005444235
Bangladesh,city,06_10,2085,0.25030931943724244
Bangladesh,city,06_10,2090,0.24575679041494453
Bangladesh,city,06_10,2095,0.24159035900948553
Bangladesh,city,06_10,2100,0.23770301194166496
Bangladesh,city,11_20,2011,0.145687548677459
Bangladesh,city,11_20,2012,0.1447290833117447
Bangladesh,city,11_20,2013,0.143864258349787
Bangladesh,city,11_20,2014,0.14298571372308613
Bangladesh,city,11_20,2015,0.14200831410282752
Bangladesh,city,11_20,2016,0.14093683500667434
Bangladesh,city,11_20,2017,0.13996133710632983
Bangladesh,city,11_20,2018,0.13883804809103398
Bangladesh,city,11_20,2019,0.13760543363333638
Bangladesh,city,11_20,2020,0.13717661697956263
Bangladesh,city,11_20,2025,0.13074423901307167
Bangladesh,city,11_20,2030,0.12623937241942443
Bangladesh,city,11_20,2035,0.12201115907467243
Bangladesh,city,11_20,2040,0.11802440530868319
Bangladesh,city,11_20,2045,0.11431308916755183
Bangladesh,city,11_20,2050,0.11088532787422013
Bangladesh,city,11_20,2055,0.1077284266682385
Bangladesh,city,11_20,2060,0.10480965595175568
Bangladesh,city,11_20,2065,0.10210027669261836
Bangladesh,city,11_20,2070,0.09957974441910322
Bangladesh,city,11_20,2075,0.0972345998185341
Bangladesh,city,11_20,2080,0.09511787484851209
Bangladesh,city,11_20,2085,0.09320622395486329
Bangladesh,city,11_20,2090,0.09151102522807476
Bangladesh,city,11_20,2095,0.08995959542297255
Bangladesh,city,11_20,2100,0.08851208662782196
Bangladesh,city,21_30,2011,0.43292180947654
Bangladesh,city,21_30,2012,0.4300736555731184
Bangladesh,city,21_30,2013,0.4275037613658921
Bangladesh,city,21_30,2014,0.4248930981146401
Bangladesh,city,21_30,2015,0.4219886796106207
Bangladesh,city,21_30,2016,0.4188046966736169
Bangladesh,city,21_30,2017,0.41590592927728526
Bangladesh,city,21_30,2018,0.4125679891617327
Bangladesh,city,21_30,2019,0.4089051800455275
Bangladesh,city,21_30,2020,0.407630918220336
Bangladesh,city,21_30,2025,0.38851661000546284
Bangladesh,city,21_30,2030,0.3751300507910588
Bangladesh,city,21_30,2035,0.3625655880852208
Bangladesh,city,21_30,2040,0.3507186411774202
Bangladesh,city,21_30,2045,0.3396901784574165
Bangladesh,city,21_30,2050,0.32950432088047177
Bangladesh,city,21_30,2055,0.3201233449848721
Bangladesh,city,21_30,2060,0.3114499922412935
Bangladesh,city,21_30,2065,0.30339886239477004
Bangladesh,city,21_30,2070,0.2959089059599205
Bangladesh,city,21_30,2075,0.28894012754900605
Bangladesh,city,21_30,2080,0.28265011572229265
Bangladesh,city,21_30,2085,0.27696949736143245
Bangladesh,city,21_30,2090,0.2719320833415948
Bangladesh,city,21_30,2095,0.26732188978286
Bangladesh,city,21_30,2100,0.26302050553610345
Bangladesh,city,31_50,2011,0.0
Bangladesh,city,31_50,2012,0.0
Bangladesh,city,31_50,2013,0.0
Bangladesh,city,31_50,2014,0.0
Bangladesh,city,31_50,2015,0.0
Bangladesh,city,31_50,2016,0.0
Bangladesh,city,31_50,2017,0.0
Bangladesh,city,31_50,2018,0.0
Bangladesh,city,31_50,2019,0.0
Bangladesh,city,31_50,2020,0.0
Bangladesh,city,31_50,2025,0.0
Bangladesh,city,31_50,2030,0.0
Bangladesh,city,31_50,2035,0.0
Bangladesh,city,31_50,2040,0.0
Bangladesh,city,31_50,2045,0.0
Bangladesh,city,31_50,2050,0.0
Bangladesh,city,31_50,2055,0.0
Bangladesh,city,31_50,2060,0.0
Bangladesh,city,31_50,2065,0.0
Bangladesh,city,31_50,2070,0.0
Bangladesh,city,31_50,2075,0.0
Bangladesh,city,31_50,2080,0.0
Bangladesh,city,31_50,2085,0.0
Bangladesh,city,31_50,2090,0.0
Bangladesh,city,31_50,2095,0.0
Bangladesh,city,31_50,2100,0.0
Bangladesh,city,51+,2011,0.0
Bangladesh,city,51+,2012,0.0
Bangladesh,city,51+,2013,0.0
Bangladesh,city,51+,2014,0.0
Bangladesh,city,51+,2015,0.0
Bangladesh,city,51+,2016,0.0
Bangladesh,city,51+,2017,0.0
Bangladesh,city,51+,2018,0.0
Bangladesh,city,51+,2019,0.0
Bangladesh,city,51+,2020,0.0
Bangladesh,city,51+,2025,0.0
Bangladesh,city,51+,2030,0.0
Bangladesh,city,51+,2035,0.0
Bangladesh,city,51+,2040,0.0
Bangladesh,city,51+,2045,0.0
Bangladesh,city,51+,2050,0.0
Bangladesh,city,51+,2055,0.0
Bangladesh,city,51+,2060,0.0
Bangladesh,city,51+,2065,0.0
Bangladesh,city,51+,2070,0.0
Bangladesh,city,51+,2075,0.0
Bangladesh,city,51+,2080,0.0
Bangladesh,city,51+,2085,0.0
Bangladesh,city,51+,2090,0.0
Bangladesh,city,51+,2095,0.0
Bangladesh,city,51+,2100,0.0
Bangladesh,town,No_travel,2011,0.0
Bangladesh,town,No_travel,2012,0.0
Bangladesh,town,No_travel,2013,0.0
Bangladesh,town,No_travel,2014,0.0
Bangladesh,town,No_travel,2015,0.0
Bangladesh,town,No_travel,2016,0.0
Bangladesh,town,No_travel,2017,0.0
Bangladesh,town,No_travel,2018,0.0
Bangladesh,town,No_travel,2019,0.0
Bangladesh,town,No_travel,2020,0.0
Bangladesh,town,No_travel,2025,0.0
Bangladesh,town,No_travel,2030,0.0
Bangladesh,town,No_travel,2035,0.0
Bangladesh,town,No_travel,2040,0.0
Bangladesh,town,No_travel,2045,0.0
Bangladesh,town,No_travel,2050,0.0
Bangladesh,town,No_travel,2055,0.0
Bangladesh,town,No_travel,2060,0.0
Bangladesh,town,No_travel,2065,0.0
Bangladesh,town,No_travel,2070,0.0
Bangladesh,town,No_travel,2075,0.0
Bangladesh,town,No_travel,2080,0.0
Bangladesh,town,No_travel,2085,0.0
Bangladesh,town,No_travel,2090,0.0
Bangladesh,town,No_travel,2095,0.0
Bangladesh,town,No_travel,2100,0.0
Bangladesh,town,00_01,2011,0.809373601454855
Bangladesh,town,00_01,2012,0.8040488048475938
Bangladesh,town,00_01,2013,0.7992442316329162
Bangladesh,town,00_01,2014,0.7943634382157249
Bangladesh,town,00_01,2015,0.7889334515223478
Bangladesh,town,00_01,2016,0.7829808021517618
Bangladesh,town,00_01,2017,0.7775613805472329
Bangladesh,town,00_01,2018,0.7713208988860478
Bangladesh,town,00_01,2019,0.7644730549083807
Bangladesh,town,00_01,2020,0.7620907450776546
Bangladesh,town,00_01,2025,0.7263553856188737
Bangladesh,town,00_01,2030,0.7013284005946
Bangladesh,town,00_01,2035,0.677838374894889
Bangladesh,town,00_01,2040,0.6556897885332896
Bangladesh,town,00_01,2045,0.6350714080433048
Bangladesh,town,00_01,2050,0.6160283290149549
Bangladesh,town,00_01,2055,0.5984900251467269
Bangladesh,town,00_01,2060,0.5822746657143928
Bangladesh,town,00_01,2065,0.5672225897574421
Bangladesh,town,00_01,2070,0.553219661557211
Bangladesh,town,00_01,2075,0.5401911073085752
Bangladesh,town,00_01,2080,0.5284315483906812
Bangladesh,town,00_01,2085,0.5178112875477838
Bangladesh,town,00_01,2090,0.5083935362633544
Bangladesh,town,00_01,2095,0.49977449956351966
Bangladesh,town,00_01,2100,0.4917328006173566
Bangladesh,town,02_05,2011,0.581333504919286
Bangladesh,town,02_05,2012,0.577508963731981
Bangladesh,town,02_05,2013,0.5740580735849472
Bangladesh,town,02_05,2014,0.5705524381912271
Bangladesh,town,02_05,2015,0.566652344105564
Bangladesh,town,02_05,2016,0.5623768469606878
Bangladesh,town,02_05,2017,0.5584843412620425
Bangladesh,town,02_05,2018,0.5540021082488082
Bangladesh,town,02_05,2019,0.5490836365646293
Bangladesh,town,02_05,2020,0.547372539833515
Bangladesh,town,02_05,2025,0.5217055774735097
Bangladesh,town,02_05,2030,0.5037299171658699
Bangladesh,town,02_05,2035,0.48685817963191624
Bangladesh,town,02_05,2040,0.4709499324201813
Bangladesh,town,02_05,2045,0.4561407573069121
Bangladesh,town,02_05,2050,0.4424630442506591
Bangladesh,town,02_05,2055,0.42986613765557147
Bangladesh,town,02_05,2060,0.4182194373982608
Bangladesh,town,02_05,2065,0.40740826681320985
Bangladesh,town,02_05,2070,0.3973506477913625
Bangladesh,town,02_05,2075,0.3879928739625938
Bangladesh,town,02_05,2080,0.3795465574657918
Bangladesh,town,02_05,2085,0.37191854310028627
Bangladesh,town,02_05,2090,0.36515423258559393
Bangladesh,town,02_05,2095,0.35896359972490216
Bangladesh,town,02_05,2100,0.3531876403589486
Bangladesh,town,06_10,2011,0.467167283694754
Bangladesh,town,06_10,2012,0.4640938318762491
Bangladesh,town,06_10,2013,0.46132065096946034
Bangladesh,town,06_10,2014,0.45850347605927555
Bangladesh,town,06_10,2015,0.4553693089336319
Bangladesh,town,06_10,2016,0.4519334629507072
Bangladesh,town,06_10,2017,0.4488053939531101
Bangladesh,town,06_10,2018,0.44520341229548943
Bangladesh,town,06_10,2019,0.44125086347939035
Bangladesh,town,06_10,2020,0.4398758035434855
Bangladesh,town,06_10,2025,0.4192494935425094
Bangladesh,town,06_10,2030,0.40480401546928935
Bangladesh,town,06_10,2035,0.39124566431930313
Bangladesh,town,06_10,2040,0.37846158671950486
Bangladesh,town,06_10,2045,0.3665607379762581
Bangladesh,town,06_10,2050,0.35556914708811005
Bangladesh,town,06_10,2055,0.34544610654909846
Bangladesh,town,06_10,2060,0.3360866643749023
Bangladesh,town,06_10,2065,0.3273986648822873
Bangladesh,town,06_10,2070,0.31931622937992366
Bangladesh,town,06_10,2075,0.3117961987193432
Bangladesh,town,06_10,2080,0.305008627210653
Bangladesh,town,06_10,2085,0.29887865410405806
Bangladesh,town,06_10,2090,0.2934427648210975
Bangladesh,town,06_10,2095,0.28846789047890314
Bangladesh,town,06_10,2100,0.2838262532347219
Bangladesh,town,11_20,2011,0.112734185376748
Bangladesh,town,11_20,2012,0.11199251724383946
Bangladesh,town,11_20,2013,0.11132330880108075
Bangladesh,town,11_20,2014,0.11064348397248465
Bangladesh,town,11_20,2015,0.10988716436262326
Bangladesh,town,11_20,2016,0.1090580453050951
Bangladesh,town,11_20,2017,0.10830319726124794
Bangladesh,town,11_20,2018,0.10743398727568916
Bangladesh,town,11_20,2019,0.10648018039216625
Bangladesh,town,11_20,2020,0.10614835865051422
Bangladesh,town,11_20,2025,0.10117093335459464
Bangladesh,town,11_20,2030,0.09768503170908002
Bangladesh,town,11_20,2035,0.09441320655074059
Bangladesh,town,11_20,2040,0.09132822473735644
Bangladesh,town,11_20,2045,0.0884563787515865
Bangladesh,town,11_20,2050,0.08580394976518621
Bangladesh,town,11_20,2055,0.08336111447142251
Bangladesh,town,11_20,2060,0.08110254644682985
Bangladesh,town,11_20,2065,0.07900600719945929
Bangladesh,town,11_20,2070,0.07705559925348156
Bangladesh,town,11_20,2075,0.07524090768556212
Bangladesh,town,11_20,2080,0.0736029690468226
Bangladesh,town,11_20,2085,0.07212371836152658
Bangladesh,town,11_20,2090,0.07081196008670447
Bangladesh,town,11_20,2095,0.06961145134841402
Bangladesh,town,11_20,2100,0.0684913575152186
Bangladesh,town,21_30,2011,0.357090543456726
Bangladesh,town,21_30,2012,0.354741276677002
Bangladesh,town,21_30,2013,0.35262152918681583
Bangladesh,town,21_30,2014,0.35046815382256874
Bangladesh,town,21_30,2015,0.348072477838307
Bangladesh,town,21_30,2016,0.3454462063674695
Bangladesh,town,21_30,2017,0.34305519163397213
Bangladesh,town,21_30,2018,0.3403019303664701
Bangladesh,town,21_30,2019,0.33728070466415344
Bangladesh,town,21_30,2020,0.3362296445472839
Bangladesh,town,21_30,2025,0.3204634286652487
Bangladesh,town,21_30,2030,0.30942168024729055
Bangladesh,town,21_30,2035,0.2990580286186179
Bangladesh,town,21_30,2040,0.2892862115906778
Bangladesh,town,21_30,2045,0.28018951177104956
Bangladesh,town,21_30,2050,0.27178782505047994
Bangladesh,town,21_30,2055,0.2640500356682251
Bangladesh,town,21_30,2060,0.2568959210521441
Bangladesh,town,21_30,2065,0.2502550397904401
Bangladesh,town,21_30,2070,0.24407703592174712
Bangladesh,town,21_30,2075,0.23832891971343728
Bangladesh,town,21_30,2080,0.23314067626535095
Bangladesh,town,21_30,2085,0.22845508396381609
Bangladesh,town,21_30,2090,0.22430003131785362
Bangladesh,town,21_30,2095,0.2204973665241352
Bangladesh,town,21_30,2100,0.21694941951691998
Bangladesh,town,31_50,2011,0.0
Bangladesh,town,31_50,2012,0.0
Bangladesh,town,31_50,2013,0.0
Bangladesh,town,31_50,2014,0.0
Bangladesh,town,31_50,2015,0.0
Bangladesh,town,31_50,2016,0.0
Bangladesh,town,31_50,2017,0.0
Bangladesh,town,31_50,2018,0.0
Bangladesh,town,31_50,2019,0.0
Bangladesh,town,31_50,2020,0.0
Bangladesh,town,31_50,2025,0.0
Bangladesh,town,31_50,2030,0.0
Bangladesh,town,31_50,2035,0.0
Bangladesh,town,31_50,2040,0.0
Bangladesh,town,31_50,2045,0.0
Bangladesh,town,31_50,2050,0.0
Bangladesh,town,31_50,2055,0.0
Bangladesh,town,31_50,2060,0.0
Bangladesh,town,31_50,2065,0.0
Bangladesh,town,31_50,2070,0.0
Bangladesh,town,31_50,2075,0.0
Bangladesh,town,31_50,2080,0.0
Bangladesh,town,31_50,2085,0.0
Bangladesh,town,31_50,2090,0.0
Bangladesh,town,31_50,2095,0.0
Bangladesh,town,31_50,2100,0.0
Bangladesh,town,51+,2011,0.0
Bangladesh,town,51+,2012,0.0
Bangladesh,town,51+,2013,0.0
Bangladesh,town,51+,2014,0.0
Bangladesh,town,51+,2015,0.0
Bangladesh,town,51+,2016,0.0
Bangladesh,town,51+,2017,0.0
Bangladesh,town,51+,2018,0.0
Bangladesh,town,51+,2019,0.0
Bangladesh,town,51+,2020,0.0
Bangladesh,town,51+,2025,0.0
Bangladesh,town,51+,2030,0.0
Bangladesh,town,51+,2035,0.0
Bangladesh,town,51+,2040,0.0
Bangladesh,town,51+,2045,0.0
Bangladesh,town,51+,2050,0.0
Bangladesh,town,51+,2055,0.0
Bangladesh,town,51+,2060,0.0
Bangladesh,town,51+,2065,0.0
Bangladesh,town,51+,2070,0.0
Bangladesh,town,51+,2075,0.0
Bangladesh,town,51+,2080,0.0
Bangladesh,town,51+,2085,0.0
Bangladesh,town,51+,2090,0.0
Bangladesh,town,51+,2095,0.0
Bangladesh,town,51+,2100,0.0
Bangladesh,rural,No_travel,2011,0.0
Bangladesh,rural,No_travel,2012,0.0
Bangladesh,rural,No_travel,2013,0.0
Bangladesh,rural,No_travel,2014,0.0
Bangladesh,rural,No_travel,2015,0.0
Bangladesh,rural,No_travel,2016,0.0
Bangladesh,rural,No_travel,2017,0.0
Bangladesh,rural,No_travel,2018,0.0
Bangladesh,rural,No_travel,2019,0.0
Bangladesh,rural,No_travel,2020,0.0
Bangladesh,rural,No_travel,2025,0.0
Bangladesh,rural,No_travel,2030,0.0
Bangladesh,rural,No_travel,2035,0.0
Bangladesh,rural,No_travel,2040,0.0
Bangladesh,rural,No_travel,2045,0.0
Bangladesh,rural,No_travel,2050,0.0
Bangladesh,rural,No_travel,2055,0.0
Bangladesh,rural,No_travel,2060,0.0
Bangladesh,rural,No_travel,2065,0.0
Bangladesh,rural,No_travel,2070,0.0
Bangladesh,rural,No_travel,2075,0.0
Bangladesh,rural,No_travel,2080,0.0
Bangladesh,rural,No_travel,2085,0.0
Bangladesh,rural,No_travel,2090,0.0
Bangladesh,rural,No_travel,2095,0.0
Bangladesh,rural,No_travel,2100,0.0
Bangladesh,rural,00_01,2011,0.900728094580366
Bangladesh,rural,00_01,2012,0.8948022849252633
Bangladesh,rural,00_01,2013,0.8894554165950516
Bangladesh,rural,00_01,2014,0.8840237250414787
Bangladesh,rural,00_01,2015,0.8779808524309429
Bangladesh,rural,00_01,2016,0.8713563238873442
Bangladesh,rural,00_01,2017,0.8653252088536927
Bangladesh,rural,00_01,2018,0.8583803602129177
Bangladesh,rural,00_01,2019,0.8507595958997493
Bangladesh,rural,00_01,2020,0.8481083933022432
Bangladesh,rural,00_01,2025,0.8083395619781251
Bangladesh,rural,00_01,2030,0.7804877658564267
Bangladesh,rural,00_01,2035,0.7543464065977201
Bangladesh,rural,00_01,2040,0.7296978957551721
Bangladesh,rural,00_01,2045,0.7067523060563056
Bangladesh,rural,00_01,2050,0.6855598230579512
Bangladesh,rural,00_01,2055,0.6660419601118348
Bangladesh,rural,00_01,2060,0.647996363148741
Bangladesh,rural,00_01,2065,0.6312453501779537
Bangladesh,rural,00_01,2070,0.615661902912478
Bangladesh,rural,00_01,2075,0.6011628077821
Bangladesh,rural,00_01,2080,0.5880759402611174
Bangladesh,rural,00_01,2085,0.5762569640852518
Bangladesh,rural,00_01,2090,0.565776225456752
Bangladesh,rural,00_01,2095,0.556184352816224
Bangladesh,rural,00_01,2100,0.5472349823945222
Bangladesh,rural,02_05,2011,0.722077962195642
Bangladesh,rural,02_05,2012,0.7173274757992903
Bangladesh,rural,02_05,2013,0.7130411036840668
Bangladesh,rural,02_05,2014,0.7086867321574338
Bangladesh,rural,02_05,2015,0.7038424010361132
Bangladesh,rural,02_05,2016,0.6985317794400396
Bangladesh,rural,02_05,2017,0.6936968739014315
Bangladesh,rural,02_05,2018,0.6881294643974298
Bangladesh,rural,02_05,2019,0.6820202001269625
Bangladesh,rural,02_05,2020,0.6798948362346918
Bangladesh,rural,02_05,2025,0.6480137426458437
Bangladesh,rural,02_05,2030,0.6256860631740337
Bangladesh,rural,02_05,2035,0.6047295730455172
Bangladesh,rural,02_05,2040,0.5849698402388747
Bangladesh,rural,02_05,2045,0.5665752717216643
Bangladesh,rural,02_05,2050,0.5495860992628584
Bangladesh,rural,02_05,2055,0.5339394032317865
Bangladesh,rural,02_05,2060,0.5194729644028908
Bangladesh,rural,02_05,2065,0.506044342176675
Bangladesh,rural,02_05,2070,0.493551711033999
Bangladesh,rural,02_05,2075,0.48192836195849176
Bangladesh,rural,02_05,2080,0.47143713970403556
Bangladesh,rural,02_05,2085,0.46196233561647815
Bangladesh,rural,02_05,2090,0.4535603434540176
Bangladesh,rural,02_05,2095,0.44587091987370914
Bangladesh,rural,02_05,2100,0.4386965648203708
Bangladesh,rural,06_10,2011,0.560969409411097
Bangladesh,rural,06_10,2012,0.557278841788629
Bangladesh,rural,06_10,2013,0.553948836221527
Bangladesh,rural,06_10,2014,0.5505660031321133
Bangladesh,rural,06_10,2015,0.5468025292270855
Bangladesh,rural,06_10,2016,0.5426768026209216
Bangladesh,rural,06_10,2017,0.5389206512819383
Bangladesh,rural,06_10,2018,0.5345954307587791
Bangladesh,rural,06_10,2019,0.5298492529924346
Bangladesh,rural,06_10,2020,0.5281980959292756
Bangladesh,rural,06_10,2025,0.5034302465026919
Bangladesh,rural,06_10,2030,0.4860842730447346
Bangladesh,rural,06_10,2035,0.46980355197830465
Bangladesh,rural,06_10,2040,0.45445257019656177
Bangladesh,rural,06_10,2045,0.4401621600501355
Bangladesh,rural,06_10,2050,0.42696357687828473
Bangladesh,rural,06_10,2055,0.4148079395491853
Bangladesh,rural,06_10,2060,0.40356922285791397
Bangladesh,rural,06_10,2065,0.39313676725915975
Bangladesh,rural,06_10,2070,0.38343146633460545
Bangladesh,rural,06_10,2075,0.3744014950466856
Bangladesh,rural,06_10,2080,0.3662510527673126
Bangladesh,rural,06_10,2085,0.3588902475197446
Bangladesh,rural,06_10,2090,0.3523628906026044
Bangladesh,rural,06_10,2095,0.3463891154281882
Bangladesh,rural,06_10,2100,0.3408154877482365
Bangladesh,rural,11_20,2011,0.225558156612901
Bangladesh,rural,11_20,2012,0.2240742296539372
Bangladesh,rural,11_20,2013,0.22273527978496888
Bangladesh,rural,11_20,2014,0.22137508868902608
Bangladesh,rural,11_20,2015,0.21986184710715442
Bangladesh,rural,11_20,2016,0.2182029486496573
Bangladesh,rural,11_20,2017,0.21669265137182614
Bangladesh,rural,11_20,2018,0.21495353912830428
Bangladesh,rural,11_20,2019,0.2130451657126172
Bangladesh,rural,11_20,2020,0.21238125795366206
Bangladesh,rural,11_20,2025,0.2024224431480724
Bangladesh,rural,11_20,2030,0.19544786355033553
Bangladesh,rural,11_20,2035,0.18890160742573173
Bangladesh,rural,11_20,2040,0.18272918680029493
Bangladesh,rural,11_20,2045,0.17698320757969171
Bangladesh,rural,11_20,2050,0.17167623711000068
Bangladesh,rural,11_20,2055,0.16678862095409488
Bangladesh,rural,11_20,2060,0.1622696860941013
Bangladesh,rural,11_20,2065,0.15807493783452822
Bangladesh,rural,11_20,2070,0.15417256856235334
Bangladesh,rural,11_20,2075,0.1505417401360603
Bangladesh,rural,11_20,2080,0.14726455834098673
Bangladesh,rural,11_20,2085,0.1443048788380153
Bangladesh,rural,11_20,2090,0.14168031755341653
Bangladesh,rural,11_20,2095,0.1392783439453088
Bangladesh,rural,11_20,2100,0.13703726419292744
Bangladesh,rural,21_30,2011,0.316687599761256
Bangladesh,rural,21_30,2012,0.31460414033814244
Bangladesh,rural,21_30,2013,0.3127242312868731
Bangladesh,rural,21_30,2014,0.3108144991811527
Bangladesh,rural,21_30,2015,0.30868988151439153
Bangladesh,rural,21_30,2016,0.3063607590448636
Bangladesh,rural,21_30,2017,0.3042402752325085
Bangladesh,rural,21_30,2018,0.301798531203444
Bangladesh,rural,21_30,2019,0.299119141526132
Bangladesh,rural,21_30,2020,0.29818700341238064
Bangladesh,rural,21_30,2025,0.2842046531191851
Bangladesh,rural,21_30,2030,0.2744122212899883
Bangladesh,rural,21_30,2035,0.26522116311388766
Bangladesh,rural,21_30,2040,0.256554976521748
Bangladesh,rural,21_30,2045,0.24848752112587075
Bangladesh,rural,21_30,2050,0.24103644170011262
Bangladesh,rural,21_30,2055,0.23417414307074166
Bangladesh,rural,21_30,2060,0.22782947943374962
Bangladesh,rural,21_30,2065,0.22193997945788874
Bangladesh,rural,21_30,2070,0.21646098469775663
Bangladesh,rural,21_30,2075,0.21136323803794058
Bangladesh,rural,21_30,2080,0.20676201743812755
Bangladesh,rural,21_30,2085,0.2026065756135733
Bangladesh,rural,21_30,2090,0.19892164563308787
Bangladesh,rural,21_30,2095,0.1955492326462812
Bangladesh,rural,21_30,2100,0.19240271744899123
Bangladesh,rural,31_50,2011,0.0
Bangladesh,rural,31_50,2012,0.0
Bangladesh,rural,31_50,2013,0.0
Bangladesh,rural,31_50,2014,0.0
Bangladesh,rural,31_50,2015,0.0
Bangladesh,rural,31_50,2016,0.0
Bangladesh,rural,31_50,2017,0.0
Bangladesh,rural,31_50,2018,0.0
Bangladesh,rural,31_50,2019,0.0
Bangladesh,rural,31_50,2020,0.0
Bangladesh,rural,31_50,2025,0.0
Bangladesh,rural,31_50,2030,0.0
Bangladesh,rural,31_50,2035,0.0
Bangladesh,rural,31_50,2040,0.0
Bangladesh,rural,31_50,2045,0.0
Bangladesh,rural,31_50,2050,0.0
Bangladesh,rural,31_50,2055,0.0
Bangladesh,rural,31_50,2060,0.0
Bangladesh,rural,31_50,2065,0.0
Bangladesh,rural,31_50,2070,0.0
Bangladesh,rural,31_50,2075,0.0
Bangladesh,rural,31_50,2080,0.0
Bangladesh,rural,31_50,2085,0.0
Bangladesh,rural,31_50,2090,0.0
Bangladesh,rural,31_50,2095,0.0
Bangladesh,rural,31_50,2100,0.0
Bangladesh,rural,51+,2011,0.0
Bangladesh,rural,51+,2012,0.0
Bangladesh,rural,51+,2013,0.0
Bangladesh,rural,51+,2014,0.0
Bangladesh,rural,51+,2015,0.0
Bangladesh,rural,51+,2016,0.0
Bangladesh,rural,51+,2017,0.0
Bangladesh,rural,51+,2018,0.0
Bangladesh,rural,51+,2019,0.0
Bangladesh,rural,51+,2020,0.0
Bangladesh,rural,51+,2025,0.0
Bangladesh,rural,51+,2030,0.0
Bangladesh,rural,51+,2035,0.0
Bangladesh,rural,51+,2040,0.0
Bangladesh,rural,51+,2045,0.0
Bangladesh,rural,51+,2050,0.0
Bangladesh,rural,51+,2055,0.0
Bangladesh,rural,51+,2060,0.0
Bangladesh,rural,51+,2065,0.0
Bangladesh,rural,51+,2070,0.0
Bangladesh,rural,51+,2075,0.0
Bangladesh,rural,51+,2080,0.0
Bangladesh,rural,51+,2085,0.0
Bangladesh,rural,51+,2090,0.0
Bangladesh,rural,51+,2095,0.0
Bangladesh,rural,51+,2100,0.0
Bhutan,large_city,No_travel,2011,0.0
Bhutan,large_city,No_travel,2012,0.0
Bhutan,large_city,No_travel,2013,0.0
Bhutan,large_city,No_travel,2014,0.0
Bhutan,large_city,No_travel,2015,0.0
Bhutan,large_city,No_travel,2016,0.0
Bhutan,large_city,No_travel,2017,0.0
Bhutan,large_city,No_travel,2018,0.0
Bhutan,large_city,No_travel,2019,0.0
Bhutan,large_city,No_travel,2020,0.0
Bhutan,large_city,No_travel,2025,0.0
Bhutan,large_city,No_travel,2030,0.0
Bhutan,large_city,No_travel,2035,0.0
Bhutan,large_city,No_travel,2040,0.0
Bhutan,large_city,No_travel,2045,0.0
Bhutan,large_city,No_travel,2050,0.0
Bhutan,large_city,No_travel,2055,0.0
Bhutan,large_city,No_travel,2060,0.0
Bhutan,large_city,No_travel,2065,0.0
Bhutan,large_city,No_travel,2070,0.0
Bhutan,large_city,No_travel,2075,0.0
Bhutan,large_city,No_travel,2080,0.0
Bhutan,large_city,No_travel,2085,0.0
Bhutan,large_city,No_travel,2090,0.0
Bhutan,large_city,No_travel,2095,0.0
Bhutan,large_city,No_travel,2100,0.0
Bhutan,large_city,00_01,2011,0.798031141556873
Bhutan,large_city,00_01,2012,0.7944650522737569
Bhutan,large_city,00_01,2013,0.7937513518155835
Bhutan,large_city,00_01,2014,0.7895202670655368
Bhutan,large_city,00_01,2015,0.7831126821843319
Bhutan,large_city,00_01,2016,0.7766494276189131
Bhutan,large_city,00_01,2017,0.7734255555041976
Bhutan,large_city,00_01,2018,0.7704115207826875
Bhutan,large_city,00_01,2019,0.7661112127944095
Bhutan,large_city,00_01,2020,0.7766760636149034
Bhutan,large_city,00_01,2025,0.7615973708178773
Bhutan,large_city,00_01,2030,0.7399850848359575
Bhutan,large_city,00_01,2035,0.7205033007764156
Bhutan,large_city,00_01,2040,0.701972678586062
Bhutan,large_city,00_01,2045,0.6842877555674861
Bhutan,large_city,00_01,2050,0.6674969427123157
Bhutan,large_city,00_01,2055,0.6517132711199868
Bhutan,large_city,00_01,2060,0.6369786711514075
Bhutan,large_city,00_01,2065,0.6232830058008985
Bhutan,large_city,00_01,2070,0.6106087063182731
Bhutan,large_city,00_01,2075,0.5989729033026785
Bhutan,large_city,00_01,2080,0.5885503721123785
Bhutan,large_city,00_01,2085,0.5789500159330103
Bhutan,large_city,00_01,2090,0.5705302584397974
Bhutan,large_city,00_01,2095,0.5631010336065176
Bhutan,large_city,00_01,2100,0.5564623761388443
Bhutan,large_city,02_05,2011,0.44170968683356
Bhutan,large_city,02_05,2012,0.4397358588731714
Bhutan,large_city,02_05,2013,0.43934082616146836
Bhutan,large_city,02_05,2014,0.4369989236684612
Bhutan,large_city,02_05,2015,0.4334523298529431
Bhutan,large_city,02_05,2016,0.42987492290558116
Bhutan,large_city,02_05,2017,0.42809051191203984
Bhutan,large_city,02_05,2018,0.4264222457710138
Bhutan,large_city,02_05,2019,0.4240420282633556
Bhutan,large_city,02_05,2020,0.42988966591100375
Bhutan,large_city,02_05,2025,0.4215436198403703
Bhutan,large_city,02_05,2030,0.40958123444497435
Bhutan,large_city,02_05,2035,0.3987980803952322
Bhutan,large_city,02_05,2040,0.3885413937845271
Bhutan,large_city,02_05,2045,0.37875280108252907
Bhutan,large_city,02_05,2050,0.36945909773973834
Bhutan,large_city,02_05,2055,0.36072284639178953
Bhutan,large_city,02_05,2060,0.35256725546454604
Bhutan,large_city,02_05,2065,0.34498671413235116
Bhutan,large_city,02_05,2070,0.33797149810408517
Bhutan,large_city,02_05,2075,0.3315310891545692
Bhutan,large_city,02_05,2080,0.32576222532414395
Bhutan,large_city,02_05,2085,0.3204484347956109
Bhutan,large_city,02_05,2090,0.31578810482617375
Bhutan,large_city,02_05,2095,0.3116760340013158
Bhutan,large_city,02_05,2100,0.30800154166844707
Bhutan,large_city,06_10,2011,0.287162738207747
Bhutan,large_city,06_10,2012,0.28587952016034707
Bhutan,large_city,06_10,2013,0.2856227028920017
Bhutan,large_city,06_10,2014,0.2841001935322265
Bhutan,large_city,06_10,2015,0.28179449451377003
Bhutan,large_city,06_10,2016,0.27946876337109994
Bhutan,large_city,06_10,2017,0.2783086884117604
Bhutan,large_city,06_10,2018,0.2772241211328525
Bhutan,large_city,06_10,2019,0.27567670255136534
Bhutan,large_city,06_10,2020,0.2794783480416036
Bhutan,large_city,06_10,2025,0.274052446110333
Bhutan,large_city,06_10,2030,0.26627550245699483
Bhutan,large_city,06_10,2035,0.259265196512297
Bhutan,large_city,06_10,2040,0.2525971557156762
Bhutan,large_city,06_10,2045,0.24623343047420254
Bhutan,large_city,06_10,2050,0.24019144095131506
Bhutan,large_city,06_10,2055,0.234511860146257
Bhutan,large_city,06_10,2060,0.22920977623870625
Bhutan,large_city,06_10,2065,0.22428154153854596
Bhutan,large_city,06_10,2070,0.21972083412405174
Bhutan,large_city,06_10,2075,0.2155338182531103
Bhutan,large_city,06_10,2080,0.2117833849181113
Bhutan,large_city,06_10,2085,0.20832880222744254
Bhutan,large_city,06_10,2090,0.20529904500258128
Bhutan,large_city,06_10,2095,0.20262572007227395
Bhutan,large_city,06_10,2100,0.20023687212240418
Bhutan,large_city,11_20,2011,0.0531984546790542
Bhutan,large_city,11_20,2012,0.05296073157624494
Bhutan,large_city,11_20,2013,0.052913154784436436
Bhutan,large_city,11_20,2014,0.05263110166821408
Bhutan,large_city,11_20,2015,0.05220395842009476
Bhutan,large_city,11_20,2016,0.05177310411232071
Bhutan,large_city,11_20,2017,0.05155819393444072
Bhutan,large_city,11_20,2018,0.051357271963876336
Bhutan,large_city,11_20,2019,0.05107060427923677
Bhutan,large_city,11_20,2020,0.05177487972451394
Bhutan,large_city,11_20,2025,0.050769701964386627
Bhutan,large_city,11_20,2030,0.04932898097438003
Bhutan,large_city,11_20,2035,0.048030283777755894
Bhutan,large_city,11_20,2040,0.04679499305608681
Bhutan,large_city,11_20,2045,0.04561607844146305
Bhutan,large_city,11_20,2050,0.04449676711363989
Bhutan,large_city,11_20,2055,0.04344459396631698
Bhutan,large_city,11_20,2060,0.04246235416661037
Bhutan,large_city,11_20,2065,0.041549371960142654
Bhutan,large_city,11_20,2070,0.04070447617662748
Bhutan,large_city,11_20,2075,0.039928808778270194
Bhutan,large_city,11_20,2080,0.039234020662500035
Bhutan,large_city,11_20,2085,0.03859404048313696
Bhutan,large_city,11_20,2090,0.038032761525354085
Bhutan,large_city,11_20,2095,0.03753751358324659
Bhutan,large_city,11_20,2100,0.037094966544625026
Bhutan,large_city,21_30,2011,0.126017818840264
Bhutan,large_city,21_30,2012,0.12545469445846202
Bhutan,large_city,21_30,2013,0.12534199337405466
Bhutan,large_city,21_30,2014,0.12467385895703305
Bhutan,large_city,21_30,2015,0.12366203143713451
Bhutan,large_city,21_30,2016,0.12264141306708634
Bhutan,large_city,21_30,2017,0.12213232850764946
Bhutan,large_city,21_30,2018,0.121656379560629
Bhutan,large_city,21_30,2019,0.12097731403949291
Bhutan,large_city,21_30,2020,0.12264561918128734
Bhutan,large_city,21_30,2025,0.12026452917327514
Bhutan,large_city,21_30,2030,0.11685171356024002
Bhutan,large_city,21_30,2035,0.11377532743135918
Bhutan,large_city,21_30,2040,0.11084914013292163
Bhutan,large_city,21_30,2045,0.10805649795505982
Bhutan,large_city,21_30,2050,0.10540504552121664
Bhutan,large_city,21_30,2055,0.1029126316744638
Bhutan,large_city,21_30,2060,0.10058587767598984
Bhutan,large_city,21_30,2065,0.09842318278206592
Bhutan,large_city,21_30,2070,0.09642177269547107
Bhutan,large_city,21_30,2075,0.09458435252459957
Bhutan,large_city,21_30,2080,0.09293852120424047
Bhutan,large_city,21_30,2085,0.09142252028295637
Bhutan,large_city,21_30,2090,0.0900929487672525
Bhutan,large_city,21_30,2095,0.08891979315914254
Bhutan,large_city,21_30,2100,0.08787147675826659
Bhutan,large_city,31_50,2011,0.0
Bhutan,large_city,31_50,2012,0.0
Bhutan,large_city,31_50,2013,0.0
Bhutan,large_city,31_50,2014,0.0
Bhutan,large_city,31_50,2015,0.0
Bhutan,large_city,31_50,2016,0.0
Bhutan,large_city,31_50,2017,0.0
Bhutan,large_city,31_50,2018,0.0
Bhutan,large_city,31_50,2019,0.0
Bhutan,large_city,31_50,2020,0.0
Bhutan,large_city,31_50,2025,0.0
Bhutan,large_city,31_50,2030,0.0
Bhutan,large_city,31_50,2035,0.0
Bhutan,large_city,31_50,2040,0.0
Bhutan,large_city,31_50,2045,0.0
Bhutan,large_city,31_50,2050,0.0
Bhutan,large_city,31_50,2055,0.0
Bhutan,large_city,31_50,2060,0.0
Bhutan,large_city,31_50,2065,0.0
Bhutan,large_city,31_50,2070,0.0
Bhutan,large_city,31_50,2075,0.0
Bhutan,large_city,31_50,2080,0.0
Bhutan,large_city,31_50,2085,0.0
Bhutan,large_city,31_50,2090,0.0
Bhutan,large_city,31_50,2095,0.0
Bhutan,large_city,31_50,2100,0.0
Bhutan,large_city,51+,2011,0.0
Bhutan,large_city,51+,2012,0.0
Bhutan,large_city,51+,2013,0.0
Bhutan,large_city,51+,2014,0.0
Bhutan,large_city,51+,2015,0.0
Bhutan,large_city,51+,2016,0.0
Bhutan,large_city,51+,2017,0.0
Bhutan,large_city,51+,2018,0.0
Bhutan,large_city,51+,2019,0.0
Bhutan,large_city,51+,2020,0.0
Bhutan,large_city,51+,2025,0.0
Bhutan,large_city,51+,2030,0.0
Bhutan,large_city,51+,2035,0.0
Bhutan,large_city,51+,2040,0.0
Bhutan,large_city,51+,2045,0.0
Bhutan,large_city,51+,2050,0.0
Bhutan,large_city,51+,2055,0.0
Bhutan,large_city,51+,2060,0.0
Bhutan,large_city,51+,2065,0.0
Bhutan,large_city,51+,2070,0.0
Bhutan,large_city,51+,2075,0.0
Bhutan,large_city,51+,2080,0.0
Bhutan,large_city,51+,2085,0.0
Bhutan,large_city,51+,2090,0.0
Bhutan,large_city,51+,2095,0.0
Bhutan,large_city,51+,2100,0.0
Bhutan,city,No_travel,2011,0.0
Bhutan,city,No_travel,2012,0.0
Bhutan,city,No_travel,2013,0.0
Bhutan,city,No_travel,2014,0.0
Bhutan,city,No_travel,2015,0.0
Bhutan,city,No_travel,2016,0.0
Bhutan,city,No_travel,2017,0.0
Bhutan,city,No_travel,2018,0.0
Bhutan,city,No_travel,2019,0.0
Bhutan,city,No_travel,2020,0.0
Bhutan,city,No_travel,2025,0.0
Bhutan,city,No_travel,2030,0.0
Bhutan,city,No_travel,2035,0.0
Bhutan,city,No_travel,2040,0.0
Bhutan,city,No_travel,2045,0.0
Bhutan,city,No_travel,2050,0.0
Bhutan,city,No_travel,2055,0.0
Bhutan,city,No_travel,2060,0.0
Bhutan,city,No_travel,2065,0.0
Bhutan,city,No_travel,2070,0.0
Bhutan,city,No_travel,2075,0.0
Bhutan,city,No_travel,2080,0.0
Bhutan,city,No_travel,2085,0.0
Bhutan,city,No_travel,2090,0.0
Bhutan,city,No_travel,2095,0.0
Bhutan,city,No_travel,2100,0.0
Bhutan,city,00_01,2011,0.784266131199457
Bhutan,city,00_01,2012,0.7807615523679527
Bhutan,city,00_01,2013,0.7800601623243576
Bhutan,city,00_01,2014,0.7759020583420713
Bhutan,city,00_01,2015,0.7696049960553653
Bhutan,city,00_01,2016,0.7632532243148673
Bhutan,city,00_01,2017,0.760084959845943
Bhutan,city,00_01,2018,0.7571229133451912
Bhutan,city,00_01,2019,0.7528967801364629
Bhutan,city,00_01,2020,0.7632794008741997
Bhutan,city,00_01,2025,0.7484607961260213
Bhutan,city,00_01,2030,0.7272212942685509
Bhutan,city,00_01,2035,0.7080755459166348
Bhutan,city,00_01,2040,0.6898645531155329
Bhutan,city,00_01,2045,0.6724846722636647
Bhutan,city,00_01,2050,0.6559834793253436
Bhutan,city,00_01,2055,0.6404720557589785
Bhutan,city,00_01,2060,0.6259916086807039
Bhutan,city,00_01,2065,0.6125321759351452
Bhutan,city,00_01,2070,0.6000764918104506
Bhutan,city,00_01,2075,0.588641391424974
Bhutan,city,00_01,2080,0.5783986354869343
Bhutan,city,00_01,2085,0.5689638730987885
Bhutan,city,00_01,2090,0.5606893455885494
Bhutan,city,00_01,2095,0.5533882653243879
Bhutan,city,00_01,2100,0.5468641161560067
Bhutan,city,02_05,2011,0.505179898463546
Bhutan,city,02_05,2012,0.502922446932968
Bhutan,city,02_05,2013,0.5024706511242354
Bhutan,city,02_05,2014,0.4997922356425422
Bhutan,city,02_05,2015,0.4957360241601574
Bhutan,city,02_05,2016,0.4916445719409715
Bhutan,city,02_05,2017,0.4896037551071896
Bhutan,city,02_05,2018,0.4876957722287175
Bhutan,city,02_05,2019,0.4849735361657964
Bhutan,city,02_05,2020,0.4916614334004424
Bhutan,city,02_05,2025,0.48211612608160287
Bhutan,city,02_05,2030,0.4684348398894233
Bhutan,city,02_05,2035,0.4561022313224345
Bhutan,city,02_05,2040,0.44437173942919056
Bhutan,city,02_05,2045,0.43317660286167464
Bhutan,city,02_05,2050,0.42254746736610094
Bhutan,city,02_05,2055,0.4125558853373106
Bhutan,city,02_05,2060,0.4032284000696227
Bhutan,city,02_05,2065,0.39455859450581593
Bhutan,city,02_05,2070,0.3865353470505374
Bhutan,city,02_05,2075,0.3791695019351547
Bhutan,city,02_05,2080,0.3725716976963665
Bhutan,city,02_05,2085,0.36649435721759094
Bhutan,city,02_05,2090,0.36116437444622834
Bhutan,city,02_05,2095,0.35646143135102876
Bhutan,city,02_05,2100,0.35225894333920665
Bhutan,city,06_10,2011,0.391250172065705
Bhutan,city,06_10,2012,0.3895018279561018
Bhutan,city,06_10,2013,0.38915192252945524
Bhutan,city,06_10,2014,0.3870775515553466
Bhutan,city,06_10,2015,0.3839361093775311
Bhutan,city,06_10,2016,0.38076737406240135
Bhutan,city,06_10,2017,0.3791868085256486
Bhutan,city,06_10,2018,0.3777091198215433
Bhutan,city,06_10,2019,0.37560081081863034
Bhutan,city,06_10,2020,0.3807804328736077
Bhutan,city,06_10,2025,0.37338781265598936
Bhutan,city,06_10,2030,0.36279197225725135
Bhutan,city,06_10,2035,0.35324065155243206
Bhutan,city,06_10,2040,0.3441556563148826
Bhutan,city,06_10,2045,0.3354852814213817
Bhutan,city,06_10,2050,0.32725326129508403
Bhutan,city,06_10,2055,0.3195150116144014
Bhutan,city,06_10,2060,0.3122910895481782
Bhutan,city,06_10,2065,0.3055765252336989
Bhutan,city,06_10,2070,0.2993627052520434
Bhutan,city,06_10,2075,0.2936580282101267
Bhutan,city,06_10,2080,0.28854818110114083
Bhutan,city,06_10,2085,0.28384142116224675
Bhutan,city,06_10,2090,0.27971347251910933
Bhutan,city,06_10,2095,0.27607115163340445
Bhutan,city,06_10,2100,0.27281642165952746
Bhutan,city,11_20,2011,0.145687548677459
Bhutan,city,11_20,2012,0.145036527960387
Bhutan,city,11_20,2013,0.14490623571384834
Bhutan,city,11_20,2014,0.14413381427139896
Bhutan,city,11_20,2015,0.14296405373741236
Bhutan,city,11_20,2016,0.14178413021678726
Bhutan,city,11_20,2017,0.1411955842300652
Bhutan,city,11_20,2018,0.1406453458905577
Bhutan,city,11_20,2019,0.13986028714191276
Bhutan,city,11_20,2020,0.14178899285028657
Bhutan,city,11_20,2025,0.1390362459003699
Bhutan,city,11_20,2030,0.13509073450105352
Bhutan,city,11_20,2035,0.1315341648188715
Bhutan,city,11_20,2040,0.1281512380359468
Bhutan,city,11_20,2045,0.12492270101657751
Bhutan,city,11_20,2050,0.12185739160972976
Bhutan,city,11_20,2055,0.11897594462893851
Bhutan,city,11_20,2060,0.11628601482748062
Bhutan,city,11_20,2065,0.11378575160651173
Bhutan,city,11_20,2070,0.11147194763737668
Bhutan,city,11_20,2075,0.10934773026043493
Bhutan,city,11_20,2080,0.10744500624246381
Bhutan,city,11_20,2085,0.10569237744720901
Bhutan,city,11_20,2090,0.10415527724426231
Bhutan,city,11_20,2095,0.10279900742198107
Bhutan,city,11_20,2100,0.10158706257094707
Bhutan,city,21_30,2011,0.43292180947654
Bhutan,city,21_30,2012,0.43098725110556
Bhutan,city,21_30,2013,0.4306000776261218
Bhutan,city,21_30,2014,0.4283047676179618
Bhutan,city,21_30,2015,0.4248287337933494
Bhutan,city,21_30,2016,0.42132249986855563
Bhutan,city,21_30,2017,0.41957358998679245
Bhutan,city,21_30,2018,0.4179385142391021
Bhutan,city,21_30,2019,0.4156056514989843
Bhutan,city,21_30,2020,0.421336949559778
Bhutan,city,21_30,2025,0.4131569492686939
Bhutan,city,21_30,2030,0.4014325572406287
Bhutan,city,21_30,2035,0.39086393558203764
Bhutan,city,21_30,2040,0.38081130721753137
Bhutan,city,21_30,2045,0.3712174599665095
Bhutan,city,21_30,2050,0.3621086561801547
Bhutan,city,21_30,2055,0.35354621380152285
Bhutan,city,21_30,2060,0.3455528795215276
Bhutan,city,21_30,2065,0.3381231541426904
Bhutan,city,21_30,2070,0.33124750684005355
Bhutan,city,21_30,2075,0.32493523074717273
Bhutan,city,21_30,2080,0.3192811392872484
Bhutan,city,21_30,2085,0.3140730673808275
Bhutan,city,21_30,2090,0.30950545534227447
Bhutan,city,21_30,2095,0.30547519475425167
Bhutan,city,21_30,2100,0.30187380697157296
Bhutan,city,31_50,2011,0.0
Bhutan,city,31_50,2012,0.0
Bhutan,city,31_50,2013,0.0
Bhutan,city,31_50,2014,0.0
Bhutan,city,31_50,2015,0.0
Bhutan,city,31_50,2016,0.0
Bhutan,city,31_50,2017,0.0
Bhutan,city,31_50,2018,0.0
Bhutan,city,31_50,2019,0.0
Bhutan,city,31_50,2020,0.0
Bhutan,city,31_50,2025,0.0
Bhutan,city,31_50,2030,0.0
Bhutan,city,31_50,2035,0.0
Bhutan,city,31_50,2040,0.0
Bhutan,city,31_50,2045,0.0
Bhutan,city,31_50,2050,0.0
Bhutan,city,31_50,2055,0.0
Bhutan,city,31_50,2060,0.0
Bhutan,city,31_50,2065,0.0
Bhutan,city,31_50,2070,0.0
Bhutan,city,31_50,2075,0.0
Bhutan,city,31_50,2080,0.0
Bhutan,city,31_50,2085,0.0
Bhutan,city,31_50,2090,0.0
Bhutan,city,31_50,2095,0.0
Bhutan,city,31_50,2100,0.0
Bhutan,city,51+,2011,0.0
Bhutan,city,51+,2012,0.0
Bhutan,city,51+,2013,0.0
Bhutan,city,51+,2014,0.0
Bhutan,city,51+,2015,0.0
Bhutan,city,51+,2016,0.0
Bhutan,city,51+,2017,0.0
Bhutan,city,51+,2018,0.0
Bhutan,city,51+,2019,0.0
Bhutan,city,51+,2020,0.0
Bhutan,city,51+,2025,0.0
Bhutan,city,51+,2030,0.0
Bhutan,city,51+,2035,0.0
Bhutan,city,51+,2040,0.0
Bhutan,city,51+,2045,0.0
Bhutan,city,51+,2050,0.0
Bhutan,city,51+,2055,0.0
Bhutan,city,51+,2060,0.0
Bhutan,city,51+,2065,0.0
Bhutan,city,51+,2070,0.0
Bhutan,city,51+,2075,0.0
Bhutan,city,51+,2080,0.0
Bhutan,city,51+,2085,0.0
Bhutan,city,51+,2090,0.0
Bhutan,city,51+,2095,0.0
Bhutan,city,51+,2100,0.0
Bhutan,town,No_travel,2011,0.0
Bhutan,town,No_travel,2012,0.0
Bhutan,town,No_travel,2013,0.0
Bhutan,town,No_travel,2014,0.0
Bhutan,town,No_travel,2015,0.0
Bhutan,town,No_travel,2016,0.0
Bhutan,town,No_travel,2017,0.0
Bhutan,town,No_travel,2018,0.0
Bhutan,town,No_travel,2019,0.0
Bhutan,town,No_travel,2020,0.0
Bhutan,town,No_travel,2025,0.0
Bhutan,town,No_travel,2030,0.0
Bhutan,town,No_travel,2035,0.0
Bhutan,town,No_travel,2040,0.0
Bhutan,town,No_travel,2045,0.0
Bhutan,town,No_travel,2050,0.0
Bhutan,town,No_travel,2055,0.0
Bhutan,town,No_travel,2060,0.0
Bhutan,town,No_travel,2065,0.0
Bhutan,town,No_travel,2070,0.0
Bhutan,town,No_travel,2075,0.0
Bhutan,town,No_travel,2080,0.0
Bhutan,town,No_travel,2085,0.0
Bhutan,town,No_travel,2090,0.0
Bhutan,town,No_travel,2095,0.0
Bhutan,town,No_travel,2100,0.0
Bhutan,town,00_01,2011,0.809373601454855
Bhutan,town,00_01,2012,0.8057568271513429
Bhutan,town,00_01,2013,0.8050329828298485
Bhutan,town,00_01,2014,0.8007417614427668
Bhutan,town,00_01,2015,0.7942431052101154
Bhutan,town,00_01,2016,0.787687988057009
Bhutan,town,00_01,2017,0.784418294873073
Bhutan,town,00_01,2018,0.781361421512593
Bhutan,town,00_01,2019,0.7769999930136408
Bhutan,town,00_01,2020,0.787715002631855
Bhutan,town,00_01,2025,0.7724219955562774
Bhutan,town,00_01,2030,0.7505025329815053
Bhutan,town,00_01,2035,0.7307438532684861
Bhutan,town,00_01,2040,0.7119498543398907
Bhutan,town,00_01,2045,0.6940135745512697
Bhutan,town,00_01,2050,0.6769841129623009
Bhutan,town,00_01,2055,0.6609761071895668
Bhutan,town,00_01,2060,0.6460320835524694
Bhutan,town,00_01,2065,0.6321417609675182
Bhutan,town,00_01,2070,0.6192873209789268
Bhutan,town,00_01,2075,0.6074861376639773
Bhutan,town,00_01,2080,0.5969154704725799
Bhutan,town,00_01,2085,0.5871786639101372
Bhutan,town,00_01,2090,0.5786392359470085
Bhutan,town,00_01,2095,0.5711044191382324
Bhutan,town,00_01,2100,0.5643714060719084
Bhutan,town,02_05,2011,0.581333504919286
Bhutan,town,02_05,2012,0.5787357526839977
Bhutan,town,02_05,2013,0.5782158506811724
Bhutan,town,02_05,2014,0.5751336760650834
Bhutan,town,02_05,2015,0.5704660088738109
Bhutan,town,02_05,2016,0.5657577885625454
Bhutan,town,02_05,2017,0.5634093277340584
Bhutan,town,02_05,2018,0.5612137249845396
Bhutan,town,02_05,2019,0.5580811240309215
Bhutan,town,02_05,2020,0.5657771918114911
Bhutan,town,02_05,2025,0.5547929721779122
Bhutan,town,02_05,2030,0.5390492933852821
Bhutan,town,02_05,2035,0.5248575993276798
Bhutan,town,02_05,2040,0.511358788334869
Bhutan,town,02_05,2045,0.4984760350847142
Bhutan,town,02_05,2050,0.48624460503237665
Bhutan,town,02_05,2055,0.47474683677566054
Bhutan,town,02_05,2060,0.4640132748915879
Bhutan,town,02_05,2065,0.4540365349803101
Bhutan,town,02_05,2070,0.4448038189158003
Bhutan,town,02_05,2075,0.4363276056487219
Bhutan,town,02_05,2080,0.42873521197951336
Bhutan,town,02_05,2085,0.421741739650429
Bhutan,town,02_05,2090,0.41560828585494064
Bhutan,town,02_05,2095,0.41019639515761985
Bhutan,town,02_05,2100,0.4053604009054255
Bhutan,town,06_10,2011,0.467167283694754
Bhutan,town,06_10,2012,0.46507969568339363
Bhutan,town,06_10,2013,0.46466189556626275
Bhutan,town,06_10,2014,0.46218501933069955
Bhutan,town,06_10,2015,0.4584340203181093
Bhutan,town,06_10,2016,0.45465043228260504
Bhutan,town,06_10,2017,0.45276317813877215
Bhutan,town,06_10,2018,0.45099876276638134
Bhutan,town,06_10,2019,0.4484813632598716
Bhutan,town,06_10,2020,0.4546660249897656
Bhutan,town,06_10,2025,0.4458389609958571
Bhutan,town,06_10,2030,0.4331871327515227
Bhutan,town,06_10,2035,0.42178249994124367
Bhutan,town,06_10,2040,0.41093467711448967
Bhutan,town,06_10,2045,0.40058192642756657
Bhutan,town,06_10,2050,0.3907525876660818
Bhutan,town,06_10,2055,0.381512829214885
Bhutan,town,06_10,2060,0.3728871970995505
Bhutan,town,06_10,2065,0.36486975711881553
Bhutan,town,06_10,2070,0.3574502245295476
Bhutan,town,06_10,2075,0.350638627581341
Bhutan,town,06_10,2080,0.34453727973682297
Bhutan,town,06_10,2085,0.3389172329926974
Bhutan,town,06_10,2090,0.333988308502609
Bhutan,town,06_10,2095,0.3296392416497166
Bhutan,town,06_10,2100,0.32575297278744836
Bhutan,town,11_20,2011,0.112734185376748
Bhutan,town,11_20,2012,0.11223042036135203
Bhutan,town,11_20,2013,0.11212959918337367
Bhutan,town,11_20,2014,0.11153189331988325
Bhutan,town,11_20,2015,0.11062672330307692
Bhutan,town,11_20,2016,0.10971368908627487
Bhutan,town,11_20,2017,0.10925826751475294
Bhutan,town,11_20,2018,0.10883248870571575
Bhutan,town,11_20,2019,0.10822500399405167
Bhutan,town,11_20,2020,0.10971745183080112
Bhutan,town,11_20,2025,0.10758735431893875
Bhutan,town,11_20,2030,0.10453428617732738
Bhutan,town,11_20,2035,0.10178218423384494
Bhutan,town,11_20,2040,0.0991644485486456
Bhutan,town,11_20,2045,0.0966661808919973
Bhutan,town,11_20,2050,0.09429422006181189
Bhutan,town,11_20,2055,0.09206453344113191
Bhutan,town,11_20,2060,0.0899830443390031
Bhutan,town,11_20,2065,0.08804832074730207
Bhutan,town,11_20,2070,0.0862578808095733
Bhutan,town,11_20,2075,0.08461414448669212
Bhutan,town,11_20,2080,0.08314180148888634
Bhutan,town,11_20,2085,0.0817856033697299
Bhutan,town,11_20,2090,0.08059618299170385
Bhutan,town,11_20,2095,0.07954669060231341
Bhutan,town,11_20,2100,0.0786088780250331
Bhutan,town,21_30,2011,0.357090543456726
Bhutan,town,21_30,2012,0.35549484537702586
Bhutan,town,21_30,2013,0.3551754898140622
Bhutan,town,21_30,2014,0.35328222992215114
Bhutan,town,21_30,2015,0.3504150636571721
Bhutan,town,21_30,2016,0.34752298718912605
Bhutan,town,21_30,2017,0.3460804191168666
Bhutan,town,21_30,2018,0.34473174581246174
Bhutan,town,21_30,2019,0.3428075109842698
Bhutan,town,21_30,2020,0.347534905849675
Bhutan,town,21_30,2025,0.3407877272934565
Bhutan,town,21_30,2030,0.33111699823948776
Bhutan,town,21_30,2035,0.3223995929966842
Bhutan,town,21_30,2040,0.3141077988498601
Bhutan,town,21_30,2045,0.30619442499408106
Bhutan,town,21_30,2050,0.29868113362573206
Bhutan,town,21_30,2055,0.29161850214038476
Bhutan,town,21_30,2060,0.2850252928827452
Bhutan,town,21_30,2065,0.2788969699034268
Bhutan,town,21_30,2070,0.27322567181178276
Bhutan,town,21_30,2075,0.2680190639414582
Bhutan,town,21_30,2080,0.2633553520471102
Bhutan,town,21_30,2085,0.2590595342187725
Bhutan,town,21_30,2090,0.25529199229909294
Bhutan,town,21_30,2095,0.2519676785035153
Bhutan,town,21_30,2100,0.24899711547720318
Bhutan,town,31_50,2011,0.0
Bhutan,town,31_50,2012,0.0
Bhutan,town,31_50,2013,0.0
Bhutan,town,31_50,2014,0.0
Bhutan,town,31_50,2015,0.0
Bhutan,town,31_50,2016,0.0
Bhutan,town,31_50,2017,0.0
Bhutan,town,31_50,2018,0.0
Bhutan,town,31_50,2019,0.0
Bhutan,town,31_50,2020,0.0
Bhutan,town,31_50,2025,0.0
Bhutan,town,31_50,2030,0.0
Bhutan,town,31_50,2035,0.0
Bhutan,town,31_50,2040,0.0
Bhutan,town,31_50,2045,0.0
Bhutan,town,31_50,2050,0.0
Bhutan,town,31_50,2055,0.0
Bhutan,town,31_50,2060,0.0
Bhutan,town,31_50,2065,0.0
Bhutan,town,31_50,2070,0.0
Bhutan,town,31_50,2075,0.0
Bhutan,town,31_50,2080,0.0
Bhutan,town,31_50,2085,0.0
Bhutan,town,31_50,2090,0.0
Bhutan,town,31_50,2095,0.0
Bhutan,town,31_50,2100,0.0
Bhutan,town,51+,2011,0.0
Bhutan,town,51+,2012,0.0
Bhutan,town,51+,2013,0.0
Bhutan,town,51+,2014,0.0
Bhutan,town,51+,2015,0.0
Bhutan,town,51+,2016,0.0
Bhutan,town,51+,2017,0.0
Bhutan,town,51+,2018,0.0
Bhutan,town,51+,2019,0.0
Bhutan,town,51+,2020,0.0
Bhutan,town,51+,2025,0.0
Bhutan,town,51+,2030,0.0
Bhutan,town,51+,2035,0.0
Bhutan,town,51+,2040,0.0
Bhutan,town,51+,2045,0.0
Bhutan,town,51+,2050,0.0
Bhutan,town,51+,2055,0.0
Bhutan,town,51+,2060,0.0
Bhutan,town,51+,2065,0.0
Bhutan,town,51+,2070,0.0
Bhutan,town,51+,2075,0.0
Bhutan,town,51+,2080,0.0
Bhutan,town,51+,2085,0.0
Bhutan,town,51+,2090,0.0
Bhutan,town,51+,2095,0.0
Bhutan,town,51+,2100,0.0
Bhutan,rural,No_travel,2011,0.0
Bhutan,rural,No_travel,2012,0.0
Bhutan,rural,No_travel,2013,0.0
Bhutan,rural,No_travel,2014,0.0
Bhutan,rural,No_travel,2015,0.0
Bhutan,rural,No_travel,2016,0.0
Bhutan,rural,No_travel,2017,0.0
Bhutan,rural,No_travel,2018,0.0
Bhutan,rural,No_travel,2019,0.0
Bhutan,rural,No_travel,2020,0.0
Bhutan,rural,No_travel,2025,0.0
Bhutan,rural,No_travel,2030,0.0
Bhutan,rural,No_travel,2035,0.0
Bhutan,rural,No_travel,2040,0.0
Bhutan,rural,No_travel,2045,0.0
Bhutan,rural,No_travel,2050,0.0
Bhutan,rural,No_travel,2055,0.0
Bhutan,rural,No_travel,2060,0.0
Bhutan,rural,No_travel,2065,0.0
Bhutan,rural,No_travel,2070,0.0
Bhutan,rural,No_travel,2075,0.0
Bhutan,rural,No_travel,2080,0.0
Bhutan,rural,No_travel,2085,0.0
Bhutan,rural,No_travel,2090,0.0
Bhutan,rural,No_travel,2095,0.0
Bhutan,rural,No_travel,2100,0.0
Bhutan,rural,00_01,2011,0.900728094580366
Bhutan,rural,00_01,2012,0.8967030927504646
Bhutan,rural,00_01,2013,0.8958975476779534
Bhutan,rural,00_01,2014,0.8911219735099044
Bhutan,rural,00_01,2015,0.8838898099759726
Bhutan,rural,00_01,2016,0.8765948127429822
Bhutan,rural,00_01,2017,0.8729560672907767
Bhutan,rural,00_01,2018,0.8695541627655867
Bhutan,rural,00_01,2019,0.8647004571660362
Bhutan,rural,00_01,2020,0.8766248764694037
Bhutan,rural,00_01,2025,0.8596057383373611
Bhutan,rural,00_01,2030,0.8352122126235113
Bhutan,rural,00_01,2035,0.8132233586537984
Bhutan,rural,00_01,2040,0.7923080695783078
Bhutan,rural,00_01,2045,0.772347310926401
Bhutan,rural,00_01,2050,0.7533957235986334
Bhutan,rural,00_01,2055,0.7355808844294436
Bhutan,rural,00_01,2060,0.7189501197098984
Bhutan,rural,00_01,2065,0.7034919879243293
Bhutan,rural,00_01,2070,0.6891866594369542
Bhutan,rural,00_01,2075,0.6760534693477774
Bhutan,rural,00_01,2080,0.6642896844891708
Bhutan,rural,00_01,2085,0.653453878618406
Bhutan,rural,00_01,2090,0.643950600201357
Bhutan,rural,00_01,2095,0.6355653240137205
Bhutan,rural,00_01,2100,0.6280723516470488
Bhutan,rural,02_05,2011,0.722077962195642
Bhutan,rural,02_05,2012,0.718851277986882
Bhutan,rural,02_05,2013,0.7182055044755244
Bhutan,rural,02_05,2014,0.7143771162145971
Bhutan,rural,02_05,2015,0.7085793777647044
Bhutan,rural,02_05,2016,0.702731268032239
Bhutan,rural,02_05,2017,0.6998142302303911
Bhutan,rural,02_05,2018,0.6970870583991653
Bhutan,rural,02_05,2019,0.6931960352707551
Bhutan,rural,02_05,2020,0.7027553689284373
Bhutan,rural,02_05,2025,0.6891118014027272
Bhutan,rural,02_05,2030,0.6695564800530253
Bhutan,rural,02_05,2035,0.6519288885956221
Bhutan,rural,02_05,2040,0.6351619315025396
Bhutan,rural,02_05,2045,0.6191601835633208
Bhutan,rural,02_05,2050,0.6039674482191628
Bhutan,rural,02_05,2055,0.589685998754522
Bhutan,rural,02_05,2060,0.5763537747784963
Bhutan,rural,02_05,2065,0.5639616040821047
Bhutan,rural,02_05,2070,0.5524935900334084
Bhutan,rural,02_05,2075,0.5419652328146423
Bhutan,rural,02_05,2080,0.5325346734155063
Bhutan,rural,02_05,2085,0.5238480379380656
Bhutan,rural,02_05,2090,0.5162296368302844
Bhutan,rural,02_05,2095,0.5095074937346624
Bhutan,rural,02_05,2100,0.5035006751954503
Bhutan,rural,06_10,2011,0.560969409411097
Bhutan,rural,06_10,2012,0.5584626563598887
Bhutan,rural,06_10,2013,0.5579609665088675
Bhutan,rural,06_10,2014,0.5549867603785509
Bhutan,rural,06_10,2015,0.5504826014311337
Bhutan,rural,06_10,2016,0.545939309938319
Bhutan,rural,06_10,2017,0.5436731156232942
Bhutan,rural,06_10,2018,0.541554424773246
Bhutan,rural,06_10,2019,0.5385315587385148
Bhutan,rural,06_10,2020,0.5459580334920271
Bhutan,rural,06_10,2025,0.535358590747804
Bhutan,rural,06_10,2030,0.5201664125583051
Bhutan,rural,06_10,2035,0.5064718531244023
Bhutan,rural,06_10,2040,0.49344590508199515
Bhutan,rural,06_10,2045,0.4810144342977134
Bhutan,rural,06_10,2050,0.46921147087886556
Bhutan,rural,06_10,2055,0.4581164691046065
Bhutan,rural,06_10,2060,0.44775890357632736
Bhutan,rural,06_10,2065,0.4381316485694881
Bhutan,rural,06_10,2070,0.42922235427603855
Bhutan,rural,06_10,2075,0.421043062509369
Bhutan,rural,06_10,2080,0.4137166301661587
Bhutan,rural,06_10,2085,0.4069681389662166
Bhutan,rural,06_10,2090,0.4010495398760385
Bhutan,rural,06_10,2095,0.39582722755000976
Bhutan,rural,06_10,2100,0.3911606380336433
Bhutan,rural,11_20,2011,0.225558156612901
Bhutan,rural,11_20,2012,0.2245502253641937
Bhutan,rural,11_20,2013,0.2243485027103568
Bhutan,rural,11_20,2014,0.22315261494734087
Bhutan,rural,11_20,2015,0.22134155400136615
Bhutan,rural,11_20,2016,0.21951475839204734
Bhutan,rural,11_20,2017,0.21860355253367403
Bhutan,rural,11_20,2018,0.21775165580891112
Bhutan,rural,11_20,2019,0.21653620256129552
Bhutan,rural,11_20,2020,0.2195222868778949
Bhutan,rural,11_20,2025,0.21526039536224023
Bhutan,rural,11_20,2030,0.20915182749762984
Bhutan,rural,11_20,2035,0.2036454317303818
Bhutan,rural,11_20,2040,0.19840787549417774
Bhutan,rural,11_20,2045,0.1934093504640279
Bhutan,rural,11_20,2050,0.18866353968243887
Bhutan,rural,11_20,2055,0.1842023906325363
Bhutan,rural,11_20,2060,0.18003775464996363
Bhutan,rural,11_20,2065,0.17616676657796768
Bhutan,rural,11_20,2070,0.17258446072699096
Bhutan,rural,11_20,2075,0.16929567894613445
Bhutan,rural,11_20,2080,0.16634982031969262
Bhutan,rural,11_20,2085,0.16363634395281673
Bhutan,rural,11_20,2090,0.1612565558964362
Bhutan,rural,11_20,2095,0.15915673526138152
Bhutan,rural,11_20,2100,0.15728036319666286
Bhutan,rural,21_30,2011,0.316687599761256
Bhutan,rural,21_30,2012,0.31527244664655274
Bhutan,rural,21_30,2013,0.3149892245098746
Bhutan,rural,21_30,2014,0.3133101771593355
Bhutan,rural,21_30,2015,0.31076741589273066
Bhutan,rural,21_30,2016,0.30820256288339154
Bhutan,rural,21_30,2017,0.30692321390967264
Bhutan,rural,21_30,2018,0.30572713599761275
Bhutan,rural,21_30,2019,0.30402061836424693
Bhutan,rural,21_30,2020,0.3082131330092904
Bhutan,rural,21_30,2025,0.30222936272670264
Bhutan,rural,21_30,2030,0.29365282652835906
Bhutan,rural,21_30,2035,0.2859217504943497
Bhutan,rural,21_30,2040,0.2785681298673438
Bhutan,rural,21_30,2045,0.27155011323732947
Bhutan,rural,21_30,2050,0.2648869118354762
Bhutan,rural,21_30,2055,0.2586233804872596
Bhutan,rural,21_30,2060,0.25277615867535347
Bhutan,rural,21_30,2065,0.2473412236695283
Bhutan,rural,21_30,2070,0.24231160355473244
Bhutan,rural,21_30,2075,0.23769409637184907
Bhutan,rural,21_30,2080,0.23355805929984502
Bhutan,rural,21_30,2085,0.22974829098758856
Bhutan,rural,21_30,2090,0.22640702690371392
Bhutan,rural,21_30,2095,0.22345884197956656
Bhutan,rural,21_30,2100,0.22082438275912428
Bhutan,rural,31_50,2011,0.0
Bhutan,rural,31_50,2012,0.0
Bhutan,rural,31_50,2013,0.0
Bhutan,rural,31_50,2014,0.0
Bhutan,rural,31_50,2015,0.0
Bhutan,rural,31_50,2016,0.0
Bhutan,rural,31_50,2017,0.0
Bhutan,rural,31_50,2018,0.0
Bhutan,rural,31_50,2019,0.0
Bhutan,rural,31_50,2020,0.0
Bhutan,rural,31_50,2025,0.0
Bhutan,rural,31_50,2030,0.0
Bhutan,rural,31_50,2035,0.0
Bhutan,rural,31_50,2040,0.0
Bhutan,rural,31_50,2045,0.0
Bhutan,rural,31_50,2050,0.0
Bhutan,rural,31_50,2055,0.0
Bhutan,rural,31_50,2060,0.0
Bhutan,rural,31_50,2065,0.0
Bhutan,rural,31_50,2070,0.0
Bhutan,rural,31_50,2075,0.0
Bhutan,rural,31_50,2080,0.0
Bhutan,rural,31_50,2085,0.0
Bhutan,rural,31_50,2090,0.0
Bhutan,rural,31_50,2095,0.0
Bhutan,rural,31_50,2100,0.0
Bhutan,rural,51+,2011,0.0
Bhutan,rural,51+,2012,0.0
Bhutan,rural,51+,2013,0.0
Bhutan,rural,51+,2014,0.0
Bhutan,rural,51+,2015,0.0
Bhutan,rural,51+,2016,0.0
Bhutan,rural,51+,2017,0.0
Bhutan,rural,51+,2018,0.0
Bhutan,rural,51+,2019,0.0
Bhutan,rural,51+,2020,0.0
Bhutan,rural,51+,2025,0.0
Bhutan,rural,51+,2030,0.0
Bhutan,rural,51+,2035,0.0
Bhutan,rural,51+,2040,0.0
Bhutan,rural,51+,2045,0.0
Bhutan,rural,51+,2050,0.0
Bhutan,rural,51+,2055,0.0
Bhutan,rural,51+,2060,0.0
Bhutan,rural,51+,2065,0.0
Bhutan,rural,51+,2070,0.0
Bhutan,rural,51+,2075,0.0
Bhutan,rural,51+,2080,0.0
Bhutan,rural,51+,2085,0.0
Bhutan,rural,51+,2090,0.0
Bhutan,rural,51+,2095,0.0
Bhutan,rural,51+,2100,0.0
India,large_city,No_travel,2011,0.0
India,large_city,No_travel,2012,0.0
India,large_city,No_travel,2013,0.0
India,large_city,No_travel,2014,0.0
India,large_city,No_travel,2015,0.0
India,large_city,No_travel,2016,0.0
India,large_city,No_travel,2017,0.0
India,large_city,No_travel,2018,0.0
India,large_city,No_travel,2019,0.0
India,large_city,No_travel,2020,0.0
India,large_city,No_travel,2025,0.0
India,large_city,No_travel,2030,0.0
India,large_city,No_travel,2035,0.0
India,large_city,No_travel,2040,0.0
India,large_city,No_travel,2045,0.0
India,large_city,No_travel,2050,0.0
India,large_city,No_travel,2055,0.0
India,large_city,No_travel,2060,0.0
India,large_city,No_travel,2065,0.0
India,large_city,No_travel,2070,0.0
India,large_city,No_travel,2075,0.0
India,large_city,No_travel,2080,0.0
India,large_city,No_travel,2085,0.0
India,large_city,No_travel,2090,0.0
India,large_city,No_travel,2095,0.0
India,large_city,No_travel,2100,0.0
India,large_city,00_01,2011,0.798031141556873
India,large_city,00_01,2012,0.7940128731641382
India,large_city,00_01,2013,0.7890670626010899
India,large_city,00_01,2014,0.7830877950938746
India,large_city,00_01,2015,0.7764942888683247
India,large_city,00_01,2016,0.7696437825672532
India,large_city,00_01,2017,0.7641354504020704
India,large_city,00_01,2018,0.7588771322462627
India,large_city,00_01,2019,0.7560530276263459
India,large_city,00_01,2020,0.7631420476257685
India,large_city,00_01,2025,0.7360032436101074
India,large_city,00_01,2030,0.7131827795020809
India,large_city,00_01,2035,0.6954654779478578
India,large_city,00_01,2040,0.6780104021267223
India,large_city,00_01,2045,0.6608828064465633
India,large_city,00_01,2050,0.6441140885820259
India,large_city,00_01,2055,0.6276319390414501
India,large_city,00_01,2060,0.6115974914742729
India,large_city,00_01,2065,0.596353927048204
India,large_city,00_01,2070,0.5818306054366678
India,large_city,00_01,2075,0.5679625520694367
India,large_city,00_01,2080,0.5549549700814501
India,large_city,00_01,2085,0.5427464351964958
India,large_city,00_01,2090,0.5313879152512085
India,large_city,00_01,2095,0.5206084560876416
India,large_city,00_01,2100,0.5102534459072336
India,large_city,02_05,2011,0.44170968683356
India,large_city,02_05,2012,0.4394855780476479
India,large_city,02_05,2013,0.43674807530974696
India,large_city,02_05,2014,0.4334385548655276
India,large_city,02_05,2015,0.429789053714055
India,large_city,02_05,2016,0.42599730319791057
India,large_city,02_05,2017,0.4229484451409287
India,large_city,02_05,2018,0.4200379696658216
India,large_city,02_05,2019,0.41847482970512395
India,large_city,02_05,2020,0.4223985973889176
India,large_city,02_05,2025,0.4073772880708266
India,large_city,02_05,2030,0.39474617691532976
India,large_city,02_05,2035,0.3849396627161669
India,large_city,02_05,2040,0.3752782902795371
India,large_city,02_05,2045,0.3657981778752323
India,large_city,02_05,2050,0.3565167040945286
India,large_city,02_05,2055,0.34739384568362935
India,large_city,02_05,2060,0.3385187900064416
India,large_city,02_05,2065,0.33008148760276557
India,large_city,02_05,2070,0.3220428391005285
India,large_city,02_05,2075,0.314366881119891
India,large_city,02_05,2080,0.30716719345461213
India,large_city,02_05,2085,0.3004097778101433
India,large_city,02_05,2090,0.2941228448489337
India,large_city,02_05,2095,0.2881564216313067
India,large_city,02_05,2100,0.28242493063331997
India,large_city,06_10,2011,0.287162738207747
India,large_city,06_10,2012,0.2857168084759069
India,large_city,06_10,2013,0.2839371128851171
India,large_city,06_10,2014,0.281785539167707
India,large_city,06_10,2015,0.27941293839623216
India,large_city,06_10,2016,0.27694785897127727
India,large_city,06_10,2017,0.2749657461624641
India,large_city,06_10,2018,0.2730735981479851
India,large_city,06_10,2019,0.2720573751293465
India,large_city,06_10,2020,0.27460828108806923
India,large_city,06_10,2025,0.26484268064092775
India,large_city,06_10,2030,0.2566309873633346
India,large_city,06_10,2035,0.25025561106155597
India,large_city,06_10,2040,0.24397459380871747
India,large_city,06_10,2045,0.2378114166865386
India,large_city,06_10,2050,0.2317773778032696
India,large_city,06_10,2055,0.22584645738281128
India,large_city,06_10,2060,0.2200766375985153
India,large_city,06_10,2065,0.21459140842300173
India,large_city,06_10,2070,0.2093653507108877
India,large_city,06_10,2075,0.20437508407696153
India,large_city,06_10,2080,0.1996944486147353
India,large_city,06_10,2085,0.1953013414732912
India,large_city,06_10,2090,0.19121410286865143
India,large_city,06_10,2095,0.18733523292409066
India,large_city,06_10,2100,0.1836090962826384
India,large_city,11_20,2011,0.0531984546790542
India,large_city,11_20,2012,0.05293058835423616
India,large_city,11_20,2013,0.05260089009386977
India,large_city,11_20,2014,0.052202299393667294
India,large_city,11_20,2015,0.05176276223295991
India,large_city,11_20,2016,0.05130609290013769
India,large_city,11_20,2017,0.050938895752323424
India,large_city,11_20,2018,0.05058836507058329
India,large_city,11_20,2019,0.05040010424489865
India,large_city,11_20,2020,0.050872673408581245
India,large_city,11_20,2025,0.04906354296204968
India,large_city,11_20,2030,0.04754228224628685
India,large_city,11_20,2035,0.046361209209552105
India,large_city,11_20,2040,0.04519761669838948
India,large_city,11_20,2045,0.04405585471053708
India,large_city,11_20,2050,0.042938016281823504
India,large_city,11_20,2055,0.04183928110760821
India,large_city,11_20,2060,0.04077039069997071
India,large_city,11_20,2065,0.03975422224608628
India,large_city,11_20,2070,0.03878606671141211
India,large_city,11_20,2075,0.0378615927527843
India,large_city,11_20,2080,0.03699447964799744
India,large_city,11_20,2085,0.03618063272404427
India,large_city,11_20,2090,0.03542344960541101
India,large_city,11_20,2095,0.03470486791114405
India,large_city,11_20,2100,0.034014580889626465
India,large_city,21_30,2011,0.126017818840264
India,large_city,21_30,2012,0.12538329044657331
India,large_city,21_30,2013,0.1246022930304367
India,large_city,21_30,2014,0.12365810149418693
India,large_city,21_30,2015,0.12261691496676332
India,large_city,21_30,2016,0.12153514532513211
India,large_city,21_30,2017,0.1206653196143838
India,large_city,21_30,2018,0.11983497384182372
India,large_city,21_30,2019,0.11938901692880859
India,large_city,21_30,2020,0.12050845048412004
India,large_city,21_30,2025,0.11622293741339573
India,large_city,21_30,2030,0.11261933730049076
India,large_city,21_30,2035,0.10982158219880053
India,large_city,21_30,2040,0.1070652353996272
India,large_city,21_30,2045,0.10436060128549879
India,large_city,21_30,2050,0.10171263789159636
India,large_city,21_30,2055,0.09910992676073706
India,large_city,21_30,2060,0.09657791265313942
India,large_city,21_30,2065,0.09417078761717071
India,large_city,21_30,2070,0.09187739677501518
India,large_city,21_30,2075,0.08968747993356281
India,large_city,21_30,2080,0.08763344090531876
India,large_city,21_30,2085,0.08570558012730979
India,large_city,21_30,2090,0.08391194597668471
India,large_city,21_30,2095,0.08220975183746816
India,large_city,21_30,2100,0.080574582820808
India,large_city,31_50,2011,0.0
India,large_city,31_50,2012,0.0
India,large_city,31_50,2013,0.0
India,large_city,31_50,2014,0.0
India,large_city,31_50,2015,0.0
India,large_city,31_50,2016,0.0
India,large_city,31_50,2017,0.0
India,large_city,31_50,2018,0.0
India,large_city,31_50,2019,0.0
India,large_city,31_50,2020,0.0
India,large_city,31_50,2025,0.0
India,large_city,31_50,2030,0.0
India,large_city,31_50,2035,0.0
India,large_city,31_50,2040,0.0
India,large_city,31_50,2045,0.0
India,large_city,31_50,2050,0.0
India,large_city,31_50,2055,0.0
India,large_city,31_50,2060,0.0
India,large_city,31_50,2065,0.0
India,large_city,31_50,2070,0.0
India,large_city,31_50,2075,0.0
India,large_city,31_50,2080,0.0
India,large_city,31_50,2085,0.0
India,large_city,31_50,2090,0.0
India,large_city,31_50,2095,0.0
India,large_city,31_50,2100,0.0
India,large_city,51+,2011,0.0
India,large_city,51+,2012,0.0
India,large_city,51+,2013,0.0
India,large_city,51+,2014,0.0
India,large_city,51+,2015,0.0
India,large_city,51+,2016,0.0
India,large_city,51+,2017,0.0
India,large_city,51+,2018,0.0
India,large_city,51+,2019,0.0
India,large_city,51+,2020,0.0
India,large_city,51+,2025,0.0
India,large_city,51+,2030,0.0
India,large_city,51+,2035,0.0
India,large_city,51+,2040,0.0
India,large_city,51+,2045,0.0
India,large_city,51+,2050,0.0
India,large_city,51+,2055,0.0
India,large_city,51+,2060,0.0
India,large_city,51+,2065,0.0
India,large_city,51+,2070,0.0
India,large_city,51+,2075,0.0
India,large_city,51+,2080,0.0
India,large_city,51+,2085,0.0
India,large_city,51+,2090,0.0
India,large_city,51+,2095,0.0
India,large_city,51+,2100,0.0
India,city,No_travel,2011,0.0
India,city,No_travel,2012,0.0
India,city,No_travel,2013,0.0
India,city,No_travel,2014,0.0
India,city,No_travel,2015,0.0
India,city,No_travel,2016,0.0
India,city,No_travel,2017,0.0
India,city,No_travel,2018,0.0
India,city,No_travel,2019,0.0
India,city,No_travel,2020,0.0
India,city,No_travel,2025,0.0
India,city,No_travel,2030,0.0
India,city,No_travel,2035,0.0
India,city,No_travel,2040,0.0
India,city,No_travel,2045,0.0
India,city,No_travel,2050,0.0
India,city,No_travel,2055,0.0
India,city,No_travel,2060,0.0
India,city,No_travel,2065,0.0
India,city,No_travel,2070,0.0
India,city,No_travel,2075,0.0
India,city,No_travel,2080,0.0
India,city,No_travel,2085,0.0
India,city,No_travel,2090,0.0
India,city,No_travel,2095,0.0
India,city,No_travel,2100,0.0
India,city,00_01,2011,0.784266131199457
India,city,00_01,2012,0.7803171727661516
India,city,00_01,2013,0.7754566710714935
India,city,00_01,2014,0.7695805382351959
India,city,00_01,2015,0.763100761508108
India,city,00_01,2016,0.7563684176261168
India,city,00_01,2017,0.7509550971031589
India,city,00_01,2018,0.7457874781696097
India,city,00_01,2019,0.7430120857205834
India,city,00_01,2020,0.7499788292465271
India,city,00_01,2025,0.7233081346803728
India,city,00_01,2030,0.7008812942148963
India,city,00_01,2035,0.6834695933154592
India,city,00_01,2040,0.6663155950926223
India,city,00_01,2045,0.649483428399702
India,city,00_01,2050,0.6330039493418553
India,city,00_01,2055,0.6168060956731121
India,city,00_01,2060,0.6010482216947889
India,city,00_01,2065,0.5860675891410269
India,city,00_01,2070,0.5717947761399904
India,city,00_01,2075,0.5581659288491847
India,city,00_01,2080,0.5453827109135084
India,city,00_01,2085,0.533384757546479
India,city,00_01,2090,0.5222221574551297
India,city,00_01,2095,0.5116286300920992
India,city,00_01,2100,0.5014522305134109
India,city,02_05,2011,0.505179898463546
India,city,02_05,2012,0.502636202719191
India,city,02_05,2013,0.4995053423455139
India,city,02_05,2014,0.4957202698152759
India,city,02_05,2015,0.4915463640212691
India,city,02_05,2016,0.4872097687464937
India,city,02_05,2017,0.48372281374060033
India,city,02_05,2018,0.4803941258063706
India,city,02_05,2019,0.4786063749143982
India,city,02_05,2020,0.48309395718659853
India,city,02_05,2025,0.4659142037369937
India,city,02_05,2030,0.4514681011469455
India,city,02_05,2035,0.4402524679039256
India,city,02_05,2040,0.42920283215438343
India,city,02_05,2045,0.41836050207971087
India,city,02_05,2050,0.4077453534382125
India,city,02_05,2055,0.39731161194897047
India,city,02_05,2060,0.3871612804993696
India,city,02_05,2065,0.37751160402940037
India,city,02_05,2070,0.36831786489441404
India,city,02_05,2075,0.3595389320594407
India,city,02_05,2080,0.35130470584224366
India,city,02_05,2085,0.3435763026604609
India,city,02_05,2090,0.3363859868270938
India,city,02_05,2095,0.3295622354693223
India,city,02_05,2100,0.32300717424536796
India,city,06_10,2011,0.391250172065705
India,city,06_10,2012,0.3892801384189019
India,city,06_10,2013,0.38685535931814913
India,city,06_10,2014,0.38392390800102266
India,city,06_10,2015,0.38069131429518055
India,city,06_10,2016,0.3773327213412734
India,city,06_10,2017,0.37463215516635145
India,city,06_10,2018,0.3720541631857097
India,city,06_10,2019,0.37066959138025557
India,city,06_10,2020,0.37414512027896546
India,city,06_10,2025,0.36083979773219094
India,city,06_10,2030,0.34965162468487593
India,city,06_10,2035,0.34096537558925
India,city,06_10,2040,0.3324076877211851
India,city,06_10,2045,0.3240105533137975
India,city,06_10,2050,0.3157893656831718
India,city,06_10,2055,0.30770867370518407
India,city,06_10,2060,0.2998474762619393
India,city,06_10,2065,0.2923740245455578
India,city,06_10,2070,0.28525368577231935
India,city,06_10,2075,0.27845460490492335
India,city,06_10,2080,0.27207738674144416
India,city,06_10,2085,0.26609191684475575
India,city,06_10,2090,0.2605231831806339
India,city,06_10,2095,0.25523834524273964
India,city,06_10,2100,0.25016160161225565
India,city,11_20,2011,0.145687548677459
India,city,11_20,2012,0.14495397871811683
India,city,11_20,2013,0.14405107784165747
India,city,11_20,2014,0.14295951038187946
India,city,11_20,2015,0.14175580828409423
India,city,11_20,2016,0.14050518857988628
India,city,11_20,2017,0.13949959447627638
India,city,11_20,2018,0.1385396426117523
India,city,11_20,2019,0.1380240776696603
India,city,11_20,2020,0.13931824013082256
India,city,11_20,2025,0.13436381463889724
India,city,11_20,2030,0.13019773977984564
India,city,11_20,2035,0.12696329177625212
India,city,11_20,2040,0.12377671536847017
India,city,11_20,2045,0.12064992331808355
India,city,11_20,2050,0.11758864754458134
India,city,11_20,2055,0.1145796873192733
India,city,11_20,2060,0.11165245899595001
India,city,11_20,2065,0.10886961329144736
India,city,11_20,2070,0.10621825419772672
India,city,11_20,2075,0.1036865200400114
India,city,11_20,2080,0.10131187244122998
India,city,11_20,2085,0.09908309786375884
India,city,11_20,2090,0.09700950093093162
India,city,11_20,2095,0.09504161659681266
India,city,11_20,2100,0.09315121912839977
India,city,21_30,2011,0.43292180947654
India,city,21_30,2012,0.43074194965283513
India,city,21_30,2013,0.4280589099232002
India,city,21_30,2014,0.4248152328612776
India,city,21_30,2015,0.42123833905686897
India,city,21_30,2016,0.4175220259592316
India,city,21_30,2017,0.4145338253690936
India,city,21_30,2018,0.4116812542195837
India,city,21_30,2019,0.4101492131518375
India,city,21_30,2020,0.41399491691670337
India,city,21_30,2025,0.3992724586946242
India,city,21_30,2030,0.3868926453010422
India,city,21_30,2035,0.3772812331036034
India,city,21_30,2040,0.36781207505258556
India,city,21_30,2045,0.3585205708396406
India,city,21_30,2050,0.34942375330648706
India,city,21_30,2055,0.34048239546768333
India,city,21_30,2060,0.3317839102917833
India,city,21_30,2065,0.3235144692254466
India,city,21_30,2070,0.3156357507841965
India,city,21_30,2075,0.3081125070847762
India,city,21_30,2080,0.30105605823471304
India,city,21_30,2085,0.294433082340388
India,city,21_30,2090,0.28827122880908856
India,city,21_30,2095,0.2824235084342098
India,city,21_30,2100,0.2768060462688806
India,city,31_50,2011,0.0
India,city,31_50,2012,0.0
India,city,31_50,2013,0.0
India,city,31_50,2014,0.0
India,city,31_50,2015,0.0
India,city,31_50,2016,0.0
India,city,31_50,2017,0.0
India,city,31_50,2018,0.0
India,city,31_50,2019,0.0
India,city,31_50,2020,0.0
India,city,31_50,2025,0.0
India,city,31_50,2030,0.0
India,city,31_50,2035,0.0
India,city,31_50,2040,0.0
India,city,31_50,2045,0.0
India,city,31_50,2050,0.0
India,city,31_50,2055,0.0
India,city,31_50,2060,0.0
India,city,31_50,2065,0.0
India,city,31_50,2070,0.0
India,city,31_50,2075,0.0
India,city,31_50,2080,0.0
India,city,31_50,2085,0.0
India,city,31_50,2090,0.0
India,city,31_50,2095,0.0
India,city,31_50,2100,0.0
India,city,51+,2011,0.0
India,city,51+,2012,0.0
India,city,51+,2013,0.0
India,city,51+,2014,0.0
India,city,51+,2015,0.0
India,city,51+,2016,0.0
India,city,51+,2017,0.0
India,city,51+,2018,0.0
India,city,51+,2019,0.0
India,city,51+,2020,0.0
India,city,51+,2025,0.0
India,city,51+,2030,0.0
India,city,51+,2035,0.0
India,city,51+,2040,0.0
India,city,51+,2045,0.0
India,city,51+,2050,0.0
India,city,51+,2055,0.0
India,city,51+,2060,0.0
India,city,51+,2065,0.0
India,city,51+,2070,0.0
India,city,51+,2075,0.0
India,city,51+,2080,0.0
India,city,51+,2085,0.0
India,city,51+,2090,0.0
India,city,51+,2095,0.0
India,city,51+,2100,0.0
India,town,No_travel,2011,0.0
India,town,No_travel,2012,0.0
India,town,No_travel,2013,0.0
India,town,No_travel,2014,0.0
India,town,No_travel,2015,0.0
India,town,No_travel,2016,0.0
India,town,No_travel,2017,0.0
India,town,No_travel,2018,0.0
India,town,No_travel,2019,0.0
India,town,No_travel,2020,0.0
India,town,No_travel,2025,0.0
India,town,No_travel,2030,0.0
India,town,No_travel,2035,0.0
India,town,No_travel,2040,0.0
India,town,No_travel,2045,0.0
India,town,No_travel,2050,0.0
India,town,No_travel,2055,0.0
India,town,No_travel,2060,0.0
India,town,No_travel,2065,0.0
India,town,No_travel,2070,0.0
India,town,No_travel,2075,0.0
India,town,No_travel,2080,0.0
India,town,No_travel,2085,0.0
India,town,No_travel,2090,0.0
India,town,No_travel,2095,0.0
India,town,No_travel,2100,0.0
India,town,00_01,2011,0.809373601454855
India,town,00_01,2012,0.8052982211955143
India,town,00_01,2013,0.8002821155586862
India,town,00_01,2014,0.7942178643980916
India,town,00_01,2015,0.7875306443109442
India,town,00_01,2016,0.7805827713922627
India,town,00_01,2017,0.7749961490032593
India,town,00_01,2018,0.7696630940863063
India,town,00_01,2019,0.7667988503142548
India,town,00_01,2020,0.7739886269394184
India,town,00_01,2025,0.7464640976303479
India,town,00_01,2030,0.7233192850282342
India,town,00_01,2035,0.7053501665060828
India,town,00_01,2040,0.6876470007455857
India,town,00_01,2045,0.6702759696190705
India,town,00_01,2050,0.653268917058035
India,town,00_01,2055,0.636552505832092
India,town,00_01,2060,0.6202901597919779
India,town,00_01,2065,0.6048299377579518
India,town,00_01,2070,0.5901001953886454
India,town,00_01,2075,0.5760350346267404
India,town,00_01,2080,0.5628425751704629
India,town,00_01,2085,0.550460519717031
India,town,00_01,2090,0.5389405605117062
India,town,00_01,2095,0.528007892310399
India,town,00_01,2100,0.5175057058086694
India,town,02_05,2011,0.581333504919286
India,town,02_05,2012,0.5784063584373859
India,town,02_05,2013,0.574803534888828
India,town,02_05,2014,0.570447879632019
India,town,02_05,2015,0.5656447762389255
India,town,02_05,2016,0.5606544586546965
India,town,02_05,2017,0.556641860803442
India,town,02_05,2018,0.552811388075858
India,town,02_05,2019,0.5507541417461569
India,town,02_05,2020,0.5559182069412413
India,town,02_05,2025,0.5361486826254818
India,town,02_05,2030,0.5195248947894298
India,town,02_05,2035,0.5066185550817651
India,town,02_05,2040,0.49390323624604093
India,town,02_05,2045,0.48142647348693046
India,town,02_05,2050,0.46921113874425807
India,town,02_05,2055,0.45720455746932936
India,town,02_05,2060,0.44552410902782286
India,town,02_05,2065,0.43441978706116174
India,town,02_05,2070,0.4238401329401043
India,town,02_05,2075,0.4137378153104287
India,town,02_05,2080,0.4042623163808392
India,town,02_05,2085,0.39536889104313383
India,town,02_05,2090,0.3870946673109527
India,town,02_05,2095,0.3792422660068313
India,town,02_05,2100,0.3716990586704514
India,town,06_10,2011,0.467167283694754
India,town,06_10,2012,0.4648149901156736
India,town,06_10,2013,0.4619197135204514
India,town,06_10,2014,0.4584194514199266
India,town,06_10,2015,0.4545596140865046
India,town,06_10,2016,0.45054932895607486
India,town,06_10,2017,0.4473247523182802
India,town,06_10,2018,0.44424653383565427
India,town,06_10,2019,0.44259330350985204
India,town,06_10,2020,0.44674321451548926
India,town,06_10,2025,0.43085616362924617
India,town,06_10,2030,0.41749706813179227
India,town,06_10,2035,0.40712536305604824
India,town,06_10,2040,0.39690716487629124
India,town,06_10,2045,0.3868806735109143
India,town,06_10,2050,0.377064269152888
India,town,06_10,2055,0.36741562183907533
India,town,06_10,2060,0.35802905917826183
India,town,06_10,2065,0.3491054793629933
India,town,06_10,2070,0.34060352955906686
India,town,06_10,2075,0.33248517366500485
India,town,06_10,2080,0.32487053755831174
India,town,06_10,2085,0.31772366347897446
India,town,06_10,2090,0.3110743879891979
India,town,06_10,2095,0.30476409457468556
India,town,06_10,2100,0.2987022735169569
India,town,11_20,2011,0.112734185376748
India,town,11_20,2012,0.11216654310028701
India,town,11_20,2013,0.1114678712116622
India,town,11_20,2014,0.11062320761838369
India,town,11_20,2015,0.10969177334920999
India,town,11_20,2016,0.10872403386254918
India,town,11_20,2017,0.1079458971369385
India,town,11_20,2018,0.10720307873941298
India,town,11_20,2019,0.10680413048142404
India,town,11_20,2020,0.10780556370017699
India,town,11_20,2025,0.10397178979902813
India,town,11_20,2030,0.10074804789577516
India,town,11_20,2035,0.09824520627246092
India,town,11_20,2040,0.0957794080712201
India,town,11_20,2045,0.09335987148183575
India,town,11_20,2050,0.09099103190925571
India,town,11_20,2055,0.088662674524493
India,town,11_20,2060,0.08639756193637343
India,town,11_20,2065,0.08424417376851534
India,town,11_20,2070,0.08219253098719868
India,town,11_20,2075,0.08023345493401855
India,town,11_20,2080,0.07839593371112977
India,town,11_20,2085,0.07667129019381805
India,town,11_20,2090,0.07506672437371809
India,town,11_20,2095,0.0735439598043607
India,town,11_20,2100,0.07208115518876786
India,town,21_30,2011,0.357090543456726
India,town,21_30,2012,0.35529251131312145
India,town,21_30,2013,0.3530794370484412
India,town,21_30,2014,0.35040392756962657
India,town,21_30,2015,0.3474535681177716
India,town,21_30,2016,0.34438821027568167
India,town,21_30,2017,0.3419234276074666
India,town,21_30,2018,0.3395705173134365
India,town,21_30,2019,0.3383068309721524
India,town,21_30,2020,0.3414789152084028
India,town,21_30,2025,0.3293352659570567
India,town,21_30,2030,0.31912392017627406
India,town,21_30,2035,0.311196058077758
India,town,21_30,2040,0.30338553266531904
India,town,21_30,2045,0.295721542964863
India,town,21_30,2050,0.28821813831872567
India,town,21_30,2055,0.2808429628020196
India,town,21_30,2060,0.27366811799004725
India,town,21_30,2065,0.2668471652456428
India,town,21_30,2070,0.2603484955359086
India,town,21_30,2075,0.2541430350523361
India,town,21_30,2080,0.24832260489708377
India,town,21_30,2085,0.2428597198919025
India,town,21_30,2090,0.23777718633035022
India,town,21_30,2095,0.2329537618667657
India,town,21_30,2100,0.22832026322207868
India,town,31_50,2011,0.0
India,town,31_50,2012,0.0
India,town,31_50,2013,0.0
India,town,31_50,2014,0.0
India,town,31_50,2015,0.0
India,town,31_50,2016,0.0
India,town,31_50,2017,0.0
India,town,31_50,2018,0.0
India,town,31_50,2019,0.0
India,town,31_50,2020,0.0
India,town,31_50,2025,0.0
India,town,31_50,2030,0.0
India,town,31_50,2035,0.0
India,town,31_50,2040,0.0
India,town,31_50,2045,0.0
India,town,31_50,2050,0.0
India,town,31_50,2055,0.0
India,town,31_50,2060,0.0
India,town,31_50,2065,0.0
India,town,31_50,2070,0.0
India,town,31_50,2075,0.0
India,town,31_50,2080,0.0
India,town,31_50,2085,0.0
India,town,31_50,2090,0.0
India,town,31_50,2095,0.0
India,town,31_50,2100,0.0
India,town,51+,2011,0.0
India,town,51+,2012,0.0
India,town,51+,2013,0.0
India,town,51+,2014,0.0
India,town,51+,2015,0.0
India,town,51+,2016,0.0
India,town,51+,2017,0.0
India,town,51+,2018,0.0
India,town,51+,2019,0.0
India,town,51+,2020,0.0
India,town,51+,2025,0.0
India,town,51+,2030,0.0
India,town,51+,2035,0.0
India,town,51+,2040,0.0
India,town,51+,2045,0.0
India,town,51+,2050,0.0
India,town,51+,2055,0.0
India,town,51+,2060,0.0
India,town,51+,2065,0.0
India,town,51+,2070,0.0
India,town,51+,2075,0.0
India,town,51+,2080,0.0
India,town,51+,2085,0.0
India,town,51+,2090,0.0
India,town,51+,2095,0.0
India,town,51+,2100,0.0
India,rural,No_travel,2011,0.0
India,rural,No_travel,2012,0.0
India,rural,No_travel,2013,0.0
India,rural,No_travel,2014,0.0
India,rural,No_travel,2015,0.0
India,rural,No_travel,2016,0.0
India,rural,No_travel,2017,0.0
India,rural,No_travel,2018,0.0
India,rural,No_travel,2019,0.0
India,rural,No_travel,2020,0.0
India,rural,No_travel,2025,0.0
India,rural,No_travel,2030,0.0
India,rural,No_travel,2035,0.0
India,rural,No_travel,2040,0.0
India,rural,No_travel,2045,0.0
India,rural,No_travel,2050,0.0
India,rural,No_travel,2055,0.0
India,rural,No_travel,2060,0.0
India,rural,No_travel,2065,0.0
India,rural,No_travel,2070,0.0
India,rural,No_travel,2075,0.0
India,rural,No_travel,2080,0.0
India,rural,No_travel,2085,0.0
India,rural,No_travel,2090,0.0
India,rural,No_travel,2095,0.0
India,rural,No_travel,2100,0.0
India,rural,00_01,2011,0.900728094580366
India,rural,00_01,2012,0.8961927236600787
India,rural,00_01,2013,0.8906104471139293
India,rural,00_01,2014,0.8838617202180673
India,rural,00_01,2015,0.8764197095121228
India,rural,00_01,2016,0.8686876259302251
India,rural,00_01,2017,0.862470438057354
India,rural,00_01,2018,0.8565354379720967
India,rural,00_01,2019,0.8533479052547259
India,rural,00_01,2020,0.86134919636232
India,rural,00_01,2025,0.8307179566057767
India,rural,00_01,2030,0.8049607748580047
India,rural,00_01,2035,0.7849634709446414
India,rural,00_01,2040,0.7652621380437037
India,rural,00_01,2045,0.7459304280159027
India,rural,00_01,2050,0.7270037790367487
India,rural,00_01,2055,0.7084005762578337
India,rural,00_01,2060,0.6903026892798191
India,rural,00_01,2065,0.6730974625347578
India,rural,00_01,2070,0.6567051651406784
India,rural,00_01,2075,0.6410524610862531
India,rural,00_01,2080,0.6263709606672597
India,rural,00_01,2085,0.6125913350462725
India,rural,00_01,2090,0.599771111003872
India,rural,00_01,2095,0.5876044658600941
India,rural,00_01,2100,0.5759168911484568
India,rural,02_05,2011,0.722077962195642
India,rural,02_05,2012,0.7184421353444234
India,rural,02_05,2013,0.7139670458061825
India,rural,02_05,2014,0.7085568593207158
India,rural,02_05,2015,0.702590894722165
India,rural,02_05,2016,0.6963923902123837
India,rural,02_05,2017,0.6914083174640793
India,rural,02_05,2018,0.6866504634646544
India,rural,02_05,2019,0.6840951450030233
India,rural,02_05,2020,0.6905094625009106
India,rural,02_05,2025,0.6659536133872719
India,rural,02_05,2030,0.6453051031206981
India,rural,02_05,2035,0.629274058295905
India,rural,02_05,2040,0.6134802816842466
India,rural,02_05,2045,0.5979828170591037
India,rural,02_05,2050,0.5828100737991894
India,rural,02_05,2055,0.5678966245199488
India,rural,02_05,2060,0.5533882668615592
India,rural,02_05,2065,0.539595519480924
India,rural,02_05,2070,0.5264544652946036
India,rural,02_05,2075,0.513906313733131
India,rural,02_05,2080,0.5021367375776763
India,rural,02_05,2085,0.4910901586510393
India,rural,02_05,2090,0.4808126938898886
India,rural,02_05,2095,0.47105917739025105
India,rural,02_05,2100,0.46168971264104713
India,rural,06_10,2011,0.560969409411097
India,rural,06_10,2012,0.5581448007840073
India,rural,06_10,2013,0.5546681840379494
India,rural,06_10,2014,0.5504651072561463
India,rural,06_10,2015,0.5458302564330577
India,rural,06_10,2016,0.54101474952642
India,rural,06_10,2017,0.5371427128593866
India,rural,06_10,2018,0.5334464214783204
India,rural,06_10,2019,0.53146124042679
India,rural,06_10,2020,0.5364444085706064
India,rural,06_10,2025,0.5173674101077538
India,rural,06_10,2030,0.5013259530686309
India,rural,06_10,2035,0.48887172205974927
India,rural,06_10,2040,0.4766018204673056
India,rural,06_10,2045,0.4645621183391574
India,rural,06_10,2050,0.45277468641175256
India,rural,06_10,2055,0.44118869532428157
India,rural,06_10,2060,0.4299174126467101
India,rural,06_10,2065,0.4192020747505855
India,rural,06_10,2070,0.40899302560092865
India,rural,06_10,2075,0.3992445918594582
India,rural,06_10,2080,0.3901010193775224
India,rural,06_10,2085,0.3815191304667379
India,rural,06_10,2090,0.3735347525475238
India,rural,06_10,2095,0.3659574206291725
India,rural,06_10,2100,0.35867845162300455
India,rural,11_20,2011,0.225558156612901
India,rural,11_20,2012,0.2244224199677458
India,rural,11_20,2013,0.22302451974121903
India,rural,11_20,2014,0.2213345198319526
India,rural,11_20,2015,0.2194709094633781
India,rural,11_20,2016,0.217534659744952
India,rural,11_20,2017,0.21597776655558812
India,rural,11_20,2018,0.21449153815127517
India,rural,11_20,2019,0.2136933238974959
India,rural,11_20,2020,0.21569698791509592
India,rural,11_20,2025,0.20802638674719015
India,rural,11_20,2030,0.20157633542812078
India,rural,11_20,2035,0.19656865882175537
India,rural,11_20,2040,0.19163509856234892
India,rural,11_20,2045,0.18679409837118982
India,rural,11_20,2050,0.18205453259070165
India,rural,11_20,2055,0.17739596342742606
India,rural,11_20,2060,0.17286393422803553
India,rural,11_20,2065,0.16855544285081142
India,rural,11_20,2070,0.1644505232806258
India,rural,11_20,2075,0.1605308108904307
India,rural,11_20,2080,0.15685430497178
India,rural,11_20,2085,0.15340364436444787
India,rural,11_20,2090,0.15019323478605515
India,rural,11_20,2095,0.14714649285882309
India,rural,11_20,2100,0.14421971859354313
India,rural,21_30,2011,0.316687599761256
India,rural,21_30,2012,0.31509300563300036
India,rural,21_30,2013,0.3131303292479285
India,rural,21_30,2014,0.31075753979575704
India,rural,21_30,2015,0.3081409982200653
India,rural,21_30,2016,0.3054224697257972
India,rural,21_30,2017,0.3032365644380959
India,rural,21_30,2018,0.3011498737454306
India,rural,21_30,2019,0.30002916696221993
India,rural,21_30,2020,0.3028423463124605
India,rural,21_30,2025,0.29207268801648995
India,rural,21_30,2030,0.2830167030712034
India,rural,21_30,2035,0.27598583746800515
India,rural,21_30,2040,0.2690590325131735
India,rural,21_30,2045,0.26226218351421215
India,rural,21_30,2050,0.25560775020320886
India,rural,21_30,2055,0.24906703756043155
India,rural,21_30,2060,0.2427039892417399
India,rural,21_30,2065,0.23665479193788527
India,rural,21_30,2070,0.23089141301416896
India,rural,21_30,2075,0.22538806821278512
India,rural,21_30,2080,0.22022618955421944
India,rural,21_30,2085,0.21538140166564781
India,rural,21_30,2090,0.21087393042674876
India,rural,21_30,2095,0.20659625143470506
India,rural,21_30,2100,0.20248700913980014
India,rural,31_50,2011,0.0
India,rural,31_50,2012,0.0
India,rural,31_50,2013,0.0
India,rural,31_50,2014,0.0
India,rural,31_50,2015,0.0
India,rural,31_50,2016,0.0
India,rural,31_50,2017,0.0
India,rural,31_50,2018,0.0
India,rural,31_50,2019,0.0
India,rural,31_50,2020,0.0
India,rural,31_50,2025,0.0
India,rural,31_50,2030,0.0
India,rural,31_50,2035,0.0
India,rural,31_50,2040,0.0
India,rural,31_50,2045,0.0
India,rural,31_50,2050,0.0
India,rural,31_50,2055,0.0
India,rural,31_50,2060,0.0
India,rural,31_50,2065,0.0
India,rural,31_50,2070,0.0
India,rural,31_50,2075,0.0
India,rural,31_50,2080,0.0
India,rural,31_50,2085,0.0
India,rural,31_50,2090,0.0
India,rural,31_50,2095,0.0
India,rural,31_50,2100,0.0
India,rural,51+,2011,0.0
India,rural,51+,2012,0.0
India,rural,51+,2013,0.0
India,rural,51+,2014,0.0
India,rural,51+,2015,0.0
India,rural,51+,2016,0.0
India,rural,51+,2017,0.0
India,rural,51+,2018,0.0
India,rural,51+,2019,0.0
India,rural,51+,2020,0.0
India,rural,51+,2025,0.0
India,rural,51+,2030,0.0
India,rural,51+,2035,0.0
India,rural,51+,2040,0.0
India,rural,51+,2045,0.0
India,rural,51+,2050,0.0
India,rural,51+,2055,0.0
India,rural,51+,2060,0.0
India,rural,51+,2065,0.0
India,rural,51+,2070,0.0
India,rural,51+,2075,0.0
India,rural,51+,2080,0.0
India,rural,51+,2085,0.0
India,rural,51+,2090,0.0
India,rural,51+,2095,0.0
India,rural,51+,2100,0.0
Maldives,large_city,No_travel,2011,0.0
Maldives,large_city,No_travel,2012,0.0
Maldives,large_city,No_travel,2013,0.0
Maldives,large_city,No_travel,2014,0.0
Maldives,large_city,No_travel,2015,0.0
Maldives,large_city,No_travel,2016,0.0
Maldives,large_city,No_travel,2017,0.0
Maldives,large_city,No_travel,2018,0.0
Maldives,large_city,No_travel,2019,0.0
Maldives,large_city,No_travel,2020,0.0
Maldives,large_city,No_travel,2025,0.0
Maldives,large_city,No_travel,2030,0.0
Maldives,large_city,No_travel,2035,0.0
Maldives,large_city,No_travel,2040,0.0
Maldives,large_city,No_travel,2045,0.0
Maldives,large_city,No_travel,2050,0.0
Maldives,large_city,No_travel,2055,0.0
Maldives,large_city,No_travel,2060,0.0
Maldives,large_city,No_travel,2065,0.0
Maldives,large_city,No_travel,2070,0.0
Maldives,large_city,No_travel,2075,0.0
Maldives,large_city,No_travel,2080,0.0
Maldives,large_city,No_travel,2085,0.0
Maldives,large_city,No_travel,2090,0.0
Maldives,large_city,No_travel,2095,0.0
Maldives,large_city,No_travel,2100,0.0
Maldives,large_city,00_01,2011,0.798031141556873
Maldives,large_city,00_01,2012,0.8005827392567253
Maldives,large_city,00_01,2013,0.7964516461247694
Maldives,large_city,00_01,2014,0.7944329644990502
Maldives,large_city,00_01,2015,0.7960965305164446
Maldives,large_city,00_01,2016,0.7925088521927002
Maldives,large_city,00_01,2017,0.7901008440617497
Maldives,large_city,00_01,2018,0.7867405091839295
Maldives,large_city,00_01,2019,0.7822722368243066
Maldives,large_city,00_01,2020,0.8215012067841068
Maldives,large_city,00_01,2025,0.7697511874478428
Maldives,large_city,00_01,2030,0.7495656957291466
Maldives,large_city,00_01,2035,0.7326068814633624
Maldives,large_city,00_01,2040,0.718839032643372
Maldives,large_city,00_01,2045,0.7080241705900301
Maldives,large_city,00_01,2050,0.6993233765300624
Maldives,large_city,00_01,2055,0.6918189351958425
Maldives,large_city,00_01,2060,0.6850439033625987
Maldives,large_city,00_01,2065,0.678984728982506
Maldives,large_city,00_01,2070,0.6739770391052006
Maldives,large_city,00_01,2075,0.669846097565878
Maldives,large_city,00_01,2080,0.6660956236525708
Maldives,large_city,00_01,2085,0.6615900362872469
Maldives,large_city,00_01,2090,0.6565152758937742
Maldives,large_city,00_01,2095,0.6520065928236813
Maldives,large_city,00_01,2100,0.6486040329321894
Maldives,large_city,02_05,2011,0.44170968683356
Maldives,large_city,02_05,2012,0.44312199440181876
Maldives,large_city,02_05,2013,0.4408354372005088
Maldives,large_city,02_05,2014,0.43971809831198677
Maldives,large_city,02_05,2015,0.44063888095605336
Maldives,large_city,02_05,2016,0.4386531034765566
Maldives,large_city,02_05,2017,0.43732027263572043
Maldives,large_city,02_05,2018,0.43546032959685327
Maldives,large_city,02_05,2019,0.43298714392541987
Maldives,large_city,02_05,2020,0.45470035176082063
Maldives,large_city,02_05,2025,0.42605675172529145
Maldives,large_city,02_05,2030,0.41488409597121606
Maldives,large_city,02_05,2035,0.40549740396344036
Maldives,large_city,02_05,2040,0.3978769091306377
Maldives,large_city,02_05,2045,0.3918908904379206
Maldives,large_city,02_05,2050,0.3870750069224805
Maldives,large_city,02_05,2055,0.38292130381619277
Maldives,large_city,02_05,2060,0.3791713283659725
Maldives,large_city,02_05,2065,0.3758175795226889
Maldives,large_city,02_05,2070,0.373045826626995
Maldives,large_city,02_05,2075,0.370759353332103
Maldives,large_city,02_05,2080,0.3686834686059851
Maldives,large_city,02_05,2085,0.36618962910461444
Maldives,large_city,02_05,2090,0.36338075272444825
Maldives,large_city,02_05,2095,0.3608851997526216
Maldives,large_city,02_05,2100,0.35900188519778947
Maldives,large_city,06_10,2011,0.287162738207747
Maldives,large_city,06_10,2012,0.2880809026052725
Maldives,large_city,06_10,2013,0.28659437413064515
Maldives,large_city,06_10,2014,0.2858679737271718
Maldives,large_city,06_10,2015,0.2864665896806951
Maldives,large_city,06_10,2016,0.28517560305422696
Maldives,large_city,06_10,2017,0.2843091077854318
Maldives,large_city,06_10,2018,0.28309992820012475
Maldives,large_city,06_10,2019,0.28149206948505745
Maldives,large_city,06_10,2020,0.29560818331082706
Maldives,large_city,06_10,2025,0.27698650743748476
Maldives,large_city,06_10,2030,0.2697229800233763
Maldives,large_city,06_10,2035,0.26362053703873484
Maldives,large_city,06_10,2040,0.25866632791017163
Maldives,large_city,06_10,2045,0.2547747186247019
Maldives,large_city,06_10,2050,0.25164383347908265
Maldives,large_city,06_10,2055,0.2489434427173264
Maldives,large_city,06_10,2060,0.2465055219503706
Maldives,large_city,06_10,2065,0.24432519462270372
Maldives,large_city,06_10,2070,0.24252323244055526
Maldives,large_city,06_10,2075,0.24103675851487144
Maldives,large_city,06_10,2080,0.23968719168415736
Maldives,large_city,06_10,2085,0.23806590557427387
Maldives,large_city,06_10,2090,0.23623980880379594
Maldives,large_city,06_10,2095,0.23461740873856426
Maldives,large_city,06_10,2100,0.23339303494601965
Maldives,large_city,11_20,2011,0.0531984546790542
Maldives,large_city,11_20,2012,0.05336854961335708
Maldives,large_city,11_20,2013,0.053093162151250574
Maldives,large_city,11_20,2014,0.05295859253687719
Maldives,large_city,11_20,2015,0.05306948938885882
Maldives,large_city,11_20,2016,0.05283032711464431
Maldives,large_city,11_20,2017,0.052669804166666064
Maldives,large_city,11_20,2018,0.052445797090506834
Maldives,large_city,11_20,2019,0.052147932543324706
Maldives,large_city,11_20,2020,0.05476301918824066
Maldives,large_city,11_20,2025,0.05131325273811245
Maldives,large_city,11_20,2030,0.04996764489093427
Maldives,large_city,11_20,2035,0.04883713423145205
Maldives,large_city,11_20,2040,0.04791934012125048
Maldives,large_city,11_20,2045,0.04719839839498837
Maldives,large_city,11_20,2050,0.04661838494141817
Maldives,large_city,11_20,2055,0.04611812290724332
Maldives,large_city,11_20,2060,0.04566648486311032
Maldives,large_city,11_20,2065,0.04526256740066268
Maldives,large_city,11_20,2070,0.044928744133484314
Maldives,large_city,11_20,2075,0.04465336677686544
Maldives,large_city,11_20,2080,0.044403352202104854
Maldives,large_city,11_20,2085,0.0441030001572096
Maldives,large_city,11_20,2090,0.04376470582664935
Maldives,large_city,11_20,2095,0.043464147415484315
Maldives,large_city,11_20,2100,0.043237325530028604
Maldives,large_city,21_30,2011,0.126017818840264
Maldives,large_city,21_30,2012,0.12642074393923433
Maldives,large_city,21_30,2013,0.12576839928899994
Maldives,large_city,21_30,2014,0.1254496274489565
Maldives,large_city,21_30,2015,0.12571232266232854
Maldives,large_city,21_30,2016,0.12514578913560834
Maldives,large_city,21_30,2017,0.12476553839524251
Maldives,large_city,21_30,2018,0.12423490487754589
Maldives,large_city,21_30,2019,0.12352931595072104
Maldives,large_city,21_30,2020,0.1297239980530259
Maldives,large_city,21_30,2025,0.12155210572690077
Maldives,large_city,21_30,2030,0.11836459648553738
Maldives,large_city,21_30,2035,0.11568661479710102
Maldives,large_city,21_30,2040,0.11351252134627038
Maldives,large_city,21_30,2045,0.1118047367047316
Maldives,large_city,21_30,2050,0.11043078645076485
Maldives,large_city,21_30,2055,0.1092457533370092
Maldives,large_city,21_30,2060,0.10817590193680804
Maldives,large_city,21_30,2065,0.10721909223404073
Maldives,large_city,21_30,2070,0.10642832339946195
Maldives,large_city,21_30,2075,0.1057760026873573
Maldives,large_city,21_30,2080,0.10518376196195121
Maldives,large_city,21_30,2085,0.10447228058885007
Maldives,large_city,21_30,2090,0.1036709205884436
Maldives,large_city,21_30,2095,0.10295895036980442
Maldives,large_city,21_30,2100,0.10242164906203505
Maldives,large_city,31_50,2011,0.0
Maldives,large_city,31_50,2012,0.0
Maldives,large_city,31_50,2013,0.0
Maldives,large_city,31_50,2014,0.0
Maldives,large_city,31_50,2015,0.0
Maldives,large_city,31_50,2016,0.0
Maldives,large_city,31_50,2017,0.0
Maldives,large_city,31_50,2018,0.0
Maldives,large_city,31_50,2019,0.0
Maldives,large_city,31_50,2020,0.0
Maldives,large_city,31_50,2025,0.0
Maldives,large_city,31_50,2030,0.0
Maldives,large_city,31_50,2035,0.0
Maldives,large_city,31_50,2040,0.0
Maldives,large_city,31_50,2045,0.0
Maldives,large_city,31_50,2050,0.0
Maldives,large_city,31_50,2055,0.0
Maldives,large_city,31_50,2060,0.0
Maldives,large_city,31_50,2065,0.0
Maldives,large_city,31_50,2070,0.0
Maldives,large_city,31_50,2075,0.0
Maldives,large_city,31_50,2080,0.0
Maldives,large_city,31_50,2085,0.0
Maldives,large_city,31_50,2090,0.0
Maldives,large_city,31_50,2095,0.0
Maldives,large_city,31_50,2100,0.0
Maldives,large_city,51+,2011,0.0
Maldives,large_city,51+,2012,0.0
Maldives,large_city,51+,2013,0.0
Maldives,large_city,51+,2014,0.0
Maldives,large_city,51+,2015,0.0
Maldives,large_city,51+,2016,0.0
Maldives,large_city,51+,2017,0.0
Maldives,large_city,51+,2018,0.0
Maldives,large_city,51+,2019,0.0
Maldives,large_city,51+,2020,0.0
Maldives,large_city,51+,2025,0.0
Maldives,large_city,51+,2030,0.0
Maldives,large_city,51+,2035,0.0
Maldives,large_city,51+,2040,0.0
Maldives,large_city,51+,2045,0.0
Maldives,large_city,51+,2050,0.0
Maldives,large_city,51+,2055,0.0
Maldives,large_city,51+,2060,0.0
Maldives,large_city,51+,2065,0.0
Maldives,large_city,51+,2070,0.0
Maldives,large_city,51+,2075,0.0
Maldives,large_city,51+,2080,0.0
Maldives,large_city,51+,2085,0.0
Maldives,large_city,51+,2090,0.0
Maldives,large_city,51+,2095,0.0
Maldives,large_city,51+,2100,0.0
Maldives,city,No_travel,2011,0.0
Maldives,city,No_travel,2012,0.0
Maldives,city,No_travel,2013,0.0
Maldives,city,No_travel,2014,0.0
Maldives,city,No_travel,2015,0.0
Maldives,city,No_travel,2016,0.0
Maldives,city,No_travel,2017,0.0
Maldives,city,No_travel,2018,0.0
Maldives,city,No_travel,2019,0.0
Maldives,city,No_travel,2020,0.0
Maldives,city,No_travel,2025,0.0
Maldives,city,No_travel,2030,0.0
Maldives,city,No_travel,2035,0.0
Maldives,city,No_travel,2040,0.0
Maldives,city,No_travel,2045,0.0
Maldives,city,No_travel,2050,0.0
Maldives,city,No_travel,2055,0.0
Maldives,city,No_travel,2060,0.0
Maldives,city,No_travel,2065,0.0
Maldives,city,No_travel,2070,0.0
Maldives,city,No_travel,2075,0.0
Maldives,city,No_travel,2080,0.0
Maldives,city,No_travel,2085,0.0
Maldives,city,No_travel,2090,0.0
Maldives,city,No_travel,2095,0.0
Maldives,city,No_travel,2100,0.0
Maldives,city,00_01,2011,0.784266131199457
Maldives,city,00_01,2012,0.7867737171221524
Maldives,city,00_01,2013,0.782713880031205
Maldives,city,00_01,2014,0.7807300180660721
Maldives,city,00_01,2015,0.782364889710193
Maldives,city,00_01,2016,0.7788390942212325
Maldives,city,00_01,2017,0.7764726211321336
Maldives,city,00_01,2018,0.7731702477071801
Maldives,city,00_01,2019,0.7687790472963911
Maldives,city,00_01,2020,0.8073313680006824
Maldives,city,00_01,2025,0.7564739699107152
Maldives,city,00_01,2030,0.7366366519512977
Maldives,city,00_01,2035,0.7199703554105269
Maldives,city,00_01,2040,0.7064399842674562
Maldives,city,00_01,2045,0.6958116646689462
Maldives,city,00_01,2050,0.6872609481111165
Maldives,city,00_01,2055,0.6798859487338741
Maldives,city,00_01,2060,0.6732277774822544
Maldives,city,00_01,2065,0.6672731160638196
Maldives,city,00_01,2070,0.6623518023934544
Maldives,city,00_01,2075,0.6582921142803624
Maldives,city,00_01,2080,0.6546063312162884
Maldives,city,00_01,2085,0.6501784594356332
Maldives,city,00_01,2090,0.6451912321292044
Maldives,city,00_01,2095,0.6407603180407042
Maldives,city,00_01,2100,0.6374164479292336
Maldives,city,02_05,2011,0.505179898463546
Maldives,city,02_05,2012,0.5067951435333267
Maldives,city,02_05,2013,0.5041800260269177
Maldives,city,02_05,2014,0.5029021343186799
Maldives,city,02_05,2015,0.503955226194412
Maldives,city,02_05,2016,0.5016841080927132
Maldives,city,02_05,2017,0.5001597599316632
Maldives,city,02_05,2018,0.49803255769107274
Maldives,city,02_05,2019,0.49520399466966225
Maldives,city,02_05,2020,0.5200372198774645
Maldives,city,02_05,2025,0.48727775956019165
Maldives,city,02_05,2030,0.4744996809541439
Maldives,city,02_05,2035,0.4637641950530083
Maldives,city,02_05,2040,0.455048694984458
Maldives,city,02_05,2045,0.44820253243578106
Maldives,city,02_05,2050,0.4426946442959879
Maldives,city,02_05,2055,0.43794408668760837
Maldives,city,02_05,2060,0.4336552692275174
Maldives,city,02_05,2065,0.4298196130247576
Maldives,city,02_05,2070,0.426649581014705
Maldives,city,02_05,2075,0.4240345594714071
Maldives,city,02_05,2080,0.42166038641969084
Maldives,city,02_05,2085,0.41880820177525147
Maldives,city,02_05,2090,0.4155957119276749
Maldives,city,02_05,2095,0.4127415676005372
Maldives,city,02_05,2100,0.41058763554075983
Maldives,city,06_10,2011,0.391250172065705
Maldives,city,06_10,2012,0.392501142093218
Maldives,city,06_10,2013,0.3904757939400821
Maldives,city,06_10,2014,0.38948609630514053
Maldives,city,06_10,2015,0.39030169165807177
Maldives,city,06_10,2016,0.3885427631045532
Maldives,city,06_10,2017,0.38736219063499777
Maldives,city,06_10,2018,0.38571472159440284
Maldives,city,06_10,2019,0.3835240648161118
Maldives,city,06_10,2020,0.4027568246013869
Maldives,city,06_10,2025,0.3773853786572891
Maldives,city,06_10,2030,0.36748905168844
Maldives,city,06_10,2035,0.35917466562754774
Maldives,city,06_10,2040,0.3524247119737504
Maldives,city,06_10,2045,0.3471225170857388
Maldives,city,06_10,2050,0.3428567848407172
Maldives,city,06_10,2055,0.339177587613473
Maldives,city,06_10,2060,0.3358559974743514
Maldives,city,06_10,2065,0.3328853702703021
Maldives,city,06_10,2070,0.3304302536412378
Maldives,city,06_10,2075,0.3284049798093166
Maldives,city,06_10,2080,0.32656623757546505
Maldives,city,06_10,2085,0.32435728639531314
Maldives,city,06_10,2090,0.32186928715099183
Maldives,city,06_10,2095,0.31965881824181847
Maldives,city,06_10,2100,0.3179906475731739
Maldives,city,11_20,2011,0.145687548677459
Maldives,city,11_20,2012,0.14615336510334095
Maldives,city,11_20,2013,0.1453991980033218
Maldives,city,11_20,2014,0.14503067005710968
Maldives,city,11_20,2015,0.14533436855020918
Maldives,city,11_20,2016,0.14467940656538
Maldives,city,11_20,2017,0.14423980366829364
Maldives,city,11_20,2018,0.14362634521336426
Maldives,city,11_20,2019,0.14281062310303816
Maldives,city,11_20,2020,0.14997221388937676
Maldives,city,11_20,2025,0.14052479627807532
Maldives,city,11_20,2030,0.13683975862201483
Maldives,city,11_20,2035,0.13374377909164417
Maldives,city,11_20,2040,0.13123033814843343
Maldives,city,11_20,2045,0.12925599070785304
Maldives,city,11_20,2050,0.12766758482726157
Maldives,city,11_20,2055,0.1262975835763788
Maldives,city,11_20,2060,0.12506074239487874
Maldives,city,11_20,2065,0.12395458723817293
Maldives,city,11_20,2070,0.12304038975292408
Maldives,city,11_20,2075,0.12228625032746296
Maldives,city,11_20,2080,0.1216015685871708
Maldives,city,11_20,2085,0.1207790342969355
Maldives,city,11_20,2090,0.119852592503689
Maldives,city,11_20,2095,0.11902949306553434
Maldives,city,11_20,2100,0.11840832606589491
Maldives,city,21_30,2011,0.43292180947654
Maldives,city,21_30,2012,0.4343060189838547
Maldives,city,21_30,2013,0.43206495316490257
Maldives,city,21_30,2014,0.43096984389327886
Maldives,city,21_30,2015,0.43187230743502614
Maldives,city,21_30,2016,0.4299260372823287
Maldives,city,21_30,2017,0.4286197233015842
Maldives,city,21_30,2018,0.42679678409533345
Maldives,city,21_30,2019,0.4243728028063474
Maldives,city,21_30,2020,0.44565402326820236
Maldives,city,21_30,2025,0.4175802917496627
Maldives,city,21_30,2030,0.406629917578821
Maldives,city,21_30,2035,0.3974299751502628
Maldives,city,21_30,2040,0.38996109115142336
Maldives,city,21_30,2045,0.3840941651562324
Maldives,city,21_30,2050,0.3793740943317087
Maldives,city,21_30,2055,0.37530302974244606
Maldives,city,21_30,2060,0.37162766058982505
Maldives,city,21_30,2065,0.3683406350591595
Maldives,city,21_30,2070,0.3656240265835165
Maldives,city,21_30,2075,0.3633830430016523
Maldives,city,21_30,2080,0.361348458298885
Maldives,city,21_30,2085,0.35890423409086064
Maldives,city,21_30,2090,0.3561512407077754
Maldives,city,21_30,2095,0.3537053371190346
Maldives,city,21_30,2100,0.3518594913764696
Maldives,city,31_50,2011,0.0
Maldives,city,31_50,2012,0.0
Maldives,city,31_50,2013,0.0
Maldives,city,31_50,2014,0.0
Maldives,city,31_50,2015,0.0
Maldives,city,31_50,2016,0.0
Maldives,city,31_50,2017,0.0
Maldives,city,31_50,2018,0.0
Maldives,city,31_50,2019,0.0
Maldives,city,31_50,2020,0.0
Maldives,city,31_50,2025,0.0
Maldives,city,31_50,2030,0.0
Maldives,city,31_50,2035,0.0
Maldives,city,31_50,2040,0.0
Maldives,city,31_50,2045,0.0
Maldives,city,31_50,2050,0.0
Maldives,city,31_50,2055,0.0
Maldives,city,31_50,2060,0.0
Maldives,city,31_50,2065,0.0
Maldives,city,31_50,2070,0.0
Maldives,city,31_50,2075,0.0
Maldives,city,31_50,2080,0.0
Maldives,city,31_50,2085,0.0
Maldives,city,31_50,2090,0.0
Maldives,city,31_50,2095,0.0
Maldives,city,31_50,2100,0.0
Maldives,city,51+,2011,0.0
Maldives,city,51+,2012,0.0
Maldives,city,51+,2013,0.0
Maldives,city,51+,2014,0.0
Maldives,city,51+,2015,0.0
Maldives,city,51+,2016,0.0
Maldives,city,51+,2017,0.0
Maldives,city,51+,2018,0.0
Maldives,city,51+,2019,0.0
Maldives,city,51+,2020,0.0
Maldives,city,51+,2025,0.0
Maldives,city,51+,2030,0.0
Maldives,city,51+,2035,0.0
Maldives,city,51+,2040,0.0
Maldives,city,51+,2045,0.0
Maldives,city,51+,2050,0.0
Maldives,city,51+,2055,0.0
Maldives,city,51+,2060,0.0
Maldives,city,51+,2065,0.0
Maldives,city,51+,2070,0.0
Maldives,city,51+,2075,0.0
Maldives,city,51+,2080,0.0
Maldives,city,51+,2085,0.0
Maldives,city,51+,2090,0.0
Maldives,city,51+,2095,0.0
Maldives,city,51+,2100,0.0
Maldives,town,No_travel,2011,0.0
Maldives,town,No_travel,2012,0.0
Maldives,town,No_travel,2013,0.0
Maldives,town,No_travel,2014,0.0
Maldives,town,No_travel,2015,0.0
Maldives,town,No_travel,2016,0.0
Maldives,town,No_travel,2017,0.0
Maldives,town,No_travel,2018,0.0
Maldives,town,No_travel,2019,0.0
Maldives,town,No_travel,2020,0.0
Maldives,town,No_travel,2025,0.0
Maldives,town,No_travel,2030,0.0
Maldives,town,No_travel,2035,0.0
Maldives,town,No_travel,2040,0.0
Maldives,town,No_travel,2045,0.0
Maldives,town,No_travel,2050,0.0
Maldives,town,No_travel,2055,0.0
Maldives,town,No_travel,2060,0.0
Maldives,town,No_travel,2065,0.0
Maldives,town,No_travel,2070,0.0
Maldives,town,No_travel,2075,0.0
Maldives,town,No_travel,2080,0.0
Maldives,town,No_travel,2085,0.0
Maldives,town,No_travel,2090,0.0
Maldives,town,No_travel,2095,0.0
Maldives,town,No_travel,2100,0.0
Maldives,town,00_01,2011,0.809373601454855
Maldives,town,00_01,2012,0.8119614651512069
Maldives,town,00_01,2013,0.8077716565685074
Maldives,town,00_01,2014,0.805724283311354
Maldives,town,00_01,2015,0.8074114936827809
Maldives,town,00_01,2016,0.8037728234924352
Maldives,town,00_01,2017,0.8013305902113158
Maldives,town,00_01,2018,0.7979224947116217
Maldives,town,00_01,2019,0.7933907145546045
Maldives,town,00_01,2020,0.8331772479921159
Maldives,town,00_01,2025,0.7806917028242455
Maldives,town,00_01,2030,0.7602193136169454
Maldives,town,00_01,2035,0.7430194628042017
Maldives,town,00_01,2040,0.7290559308022022
Maldives,town,00_01,2045,0.7180873565279275
Maldives,town,00_01,2050,0.7092628976100782
Maldives,town,00_01,2055,0.7016517952441546
Maldives,town,00_01,2060,0.6947804695160056
Maldives,town,00_01,2065,0.6886351757618155
Maldives,town,00_01,2070,0.6835563113166805
Maldives,town,00_01,2075,0.6793666564812085
Maldives,town,00_01,2080,0.675562876878756
Maldives,town,00_01,2085,0.670993251355838
Maldives,town,00_01,2090,0.6658463631176518
Maldives,town,00_01,2095,0.661273597890545
Maldives,town,00_01,2100,0.6578226772307696
Maldives,town,02_05,2011,0.581333504919286
Maldives,town,02_05,2012,0.5831922409469369
Maldives,town,02_05,2013,0.5801829061923273
Maldives,town,02_05,2014,0.5787123780341077
Maldives,town,02_05,2015,0.5799242187921886
Maldives,town,02_05,2016,0.5773107398114105
Maldives,town,02_05,2017,0.5755566029942575
Maldives,town,02_05,2018,0.5731087345458975
Maldives,town,02_05,2019,0.5698537783211491
Maldives,town,02_05,2020,0.5984305009746207
Maldives,town,02_05,2025,0.5607326987789564
Maldives,town,02_05,2030,0.5460283820696408
Maldives,town,02_05,2035,0.5336745697645594
Maldives,town,02_05,2040,0.5236452471066622
Maldives,town,02_05,2045,0.51576705622501
Maldives,town,02_05,2050,0.5094288786238275
Maldives,town,02_05,2055,0.5039621957387808
Maldives,town,02_05,2060,0.49902685826075244
Maldives,town,02_05,2065,0.494612994069407
Maldives,town,02_05,2070,0.49096509393578125
Maldives,town,02_05,2075,0.4879558696102918
Maldives,town,02_05,2080,0.4852238006074735
Maldives,town,02_05,2085,0.4819416619058511
Maldives,town,02_05,2090,0.47824490360590843
Maldives,town,02_05,2095,0.4749605098082003
Maldives,town,02_05,2100,0.4724818821401623
Maldives,town,06_10,2011,0.467167283694754
Maldives,town,06_10,2012,0.46866098851960114
Maldives,town,06_10,2013,0.46624264735890303
Maldives,town,06_10,2014,0.46506091150597384
Maldives,town,06_10,2015,0.466034762747013
Maldives,town,06_10,2016,0.46393453651523403
Maldives,town,06_10,2017,0.4625248889976493
Maldives,town,06_10,2018,0.4605577495773587
Maldives,town,06_10,2019,0.45794202375871323
Maldives,town,06_10,2020,0.480906655568081
Maldives,town,06_10,2025,0.45061220375344524
Maldives,town,06_10,2030,0.43879562060874566
Maldives,town,06_10,2035,0.42886793385234406
Maldives,town,06_10,2040,0.42080823768183245
Maldives,town,06_10,2045,0.4144772194221482
Maldives,town,06_10,2050,0.40938377617749905
Maldives,town,06_10,2055,0.40499067759877105
Maldives,town,06_10,2060,0.40102457520794543
Maldives,town,06_10,2065,0.3974775356387145
Maldives,town,06_10,2070,0.3945460349042914
Maldives,town,06_10,2075,0.39212778248589303
Maldives,town,06_10,2080,0.3899322557458843
Maldives,town,06_10,2085,0.3872946857297551
Maldives,town,06_10,2090,0.38432392192748643
Maldives,town,06_10,2095,0.3816845396863541
Maldives,town,06_10,2100,0.3796926817508154
Maldives,town,11_20,2011,0.112734185376748
Maldives,town,11_20,2012,0.11309463783671196
Maldives,town,11_20,2013,0.11251105732876591
Maldives,town,11_20,2014,0.11222588746914554
Maldives,town,11_20,2015,0.11246089178166588
Maldives,town,11_20,2016,0.1119540769818924
Maldives,town,11_20,2017,0.1116139087592668
Maldives,town,11_20,2018,0.11113920972145094
Maldives,town,11_20,2019,0.11050799745632453
Maldives,town,11_20,2020,0.11604969343946533
Maldives,town,11_20,2025,0.10873920645555744
Maldives,town,11_20,2030,0.10588769497080902
Maldives,town,11_20,2035,0.10349200135479429
Maldives,town,11_20,2040,0.10154708073667926
Maldives,town,11_20,2045,0.10001931496407185
Maldives,town,11_20,2050,0.09879019384410188
Maldives,town,11_20,2055,0.09773007596590678
Maldives,town,11_20,2060,0.09677299840984521
Maldives,town,11_20,2065,0.09591704674051212
Maldives,town,11_20,2070,0.09520963344604334
Maldives,town,11_20,2075,0.0946260743528907
Maldives,town,11_20,2080,0.09409626216966113
Maldives,town,11_20,2085,0.09345977858547089
Maldives,town,11_20,2090,0.0927428905479637
Maldives,town,11_20,2095,0.0921059696478128
Maldives,town,11_20,2100,0.09162530567671186
Maldives,town,21_30,2011,0.357090543456726
Maldives,town,21_30,2012,0.3582322926465453
Maldives,town,21_30,2013,0.35638377544622335
Maldives,town,21_30,2014,0.355480487239465
Maldives,town,21_30,2015,0.35622487384581797
Maldives,town,21_30,2016,0.3546195154385327
Maldives,town,21_30,2017,0.3535420174721604
Maldives,town,21_30,2018,0.35203838716849023
Maldives,town,21_30,2019,0.3500389942599658
Maldives,town,21_30,2020,0.3675925626268142
Maldives,town,21_30,2025,0.34443627013848954
Maldives,town,21_30,2030,0.335403980754759
Maldives,town,21_30,2035,0.32781551473232257
Maldives,town,21_30,2040,0.3216548922185581
Maldives,town,21_30,2045,0.31681562622136494
Maldives,town,21_30,2050,0.31292233043679507
Maldives,town,21_30,2055,0.30956435993310294
Maldives,town,21_30,2060,0.3065327742301317
Maldives,town,21_30,2065,0.303821509268635
Maldives,town,21_30,2070,0.30158074621236985
Maldives,town,21_30,2075,0.29973229684435787
Maldives,town,21_30,2080,0.2980540932026925
Maldives,town,21_30,2085,0.29603800315671197
Maldives,town,21_30,2090,0.2937672284307
Maldives,town,21_30,2095,0.29174975316697455
Maldives,town,21_30,2100,0.2902272286719698
Maldives,town,31_50,2011,0.0
Maldives,town,31_50,2012,0.0
Maldives,town,31_50,2013,0.0
Maldives,town,31_50,2014,0.0
Maldives,town,31_50,2015,0.0
Maldives,town,31_50,2016,0.0
Maldives,town,31_50,2017,0.0
Maldives,town,31_50,2018,0.0
Maldives,town,31_50,2019,0.0
Maldives,town,31_50,2020,0.0
Maldives,town,31_50,2025,0.0
Maldives,town,31_50,2030,0.0
Maldives,town,31_50,2035,0.0
Maldives,town,31_50,2040,0.0
Maldives,town,31_50,2045,0.0
Maldives,town,31_50,2050,0.0
Maldives,town,31_50,2055,0.0
Maldives,town,31_50,2060,0.0
Maldives,town,31_50,2065,0.0
Maldives,town,31_50,2070,0.0
Maldives,town,31_50,2075,0.0
Maldives,town,31_50,2080,0.0
Maldives,town,31_50,2085,0.0
Maldives,town,31_50,2090,0.0
Maldives,town,31_50,2095,0.0
Maldives,town,31_50,2100,0.0
Maldives,town,51+,2011,0.0
Maldives,town,51+,2012,0.0
Maldives,town,51+,2013,0.0
Maldives,town,51+,2014,0.0
Maldives,town,51+,2015,0.0
Maldives,town,51+,2016,0.0
Maldives,town,51+,2017,0.0
Maldives,town,51+,2018,0.0
Maldives,town,51+,2019,0.0
Maldives,town,51+,2020,0.0
Maldives,town,51+,2025,0.0
Maldives,town,51+,2030,0.0
Maldives,town,51+,2035,0.0
Maldives,town,51+,2040,0.0
Maldives,town,51+,2045,0.0
Maldives,town,51+,2050,0.0
Maldives,town,51+,2055,0.0
Maldives,town,51+,2060,0.0
Maldives,town,51+,2065,0.0
Maldives,town,51+,2070,0.0
Maldives,town,51+,2075,0.0
Maldives,town,51+,2080,0.0
Maldives,town,51+,2085,0.0
Maldives,town,51+,2090,0.0
Maldives,town,51+,2095,0.0
Maldives,town,51+,2100,0.0
Maldives,rural,No_travel,2011,0.0
Maldives,rural,No_travel,2012,0.0
Maldives,rural,No_travel,2013,0.0
Maldives,rural,No_travel,2014,0.0
Maldives,rural,No_travel,2015,0.0
Maldives,rural,No_travel,2016,0.0
Maldives,rural,No_travel,2017,0.0
Maldives,rural,No_travel,2018,0.0
Maldives,rural,No_travel,2019,0.0
Maldives,rural,No_travel,2020,0.0
Maldives,rural,No_travel,2025,0.0
Maldives,rural,No_travel,2030,0.0
Maldives,rural,No_travel,2035,0.0
Maldives,rural,No_travel,2040,0.0
Maldives,rural,No_travel,2045,0.0
Maldives,rural,No_travel,2050,0.0
Maldives,rural,No_travel,2055,0.0
Maldives,rural,No_travel,2060,0.0
Maldives,rural,No_travel,2065,0.0
Maldives,rural,No_travel,2070,0.0
Maldives,rural,No_travel,2075,0.0
Maldives,rural,No_travel,2080,0.0
Maldives,rural,No_travel,2085,0.0
Maldives,rural,No_travel,2090,0.0
Maldives,rural,No_travel,2095,0.0
Maldives,rural,No_travel,2100,0.0
Maldives,rural,00_01,2011,0.900728094580366
Maldives,rural,00_01,2012,0.9036080520339558
Maldives,rural,00_01,2013,0.8989453371955081
Maldives,rural,00_01,2014,0.8966668756673637
Maldives,rural,00_01,2015,0.8985445225047202
Maldives,rural,00_01,2016,0.8944951533858544
Maldives,rural,00_01,2017,0.891777263741481
Maldives,rural,00_01,2018,0.8879844944195393
Maldives,rural,00_01,2019,0.8829412094661507
Maldives,rural,00_01,2020,0.9272184732522571
Maldives,rural,00_01,2025,0.8688088525195201
Maldives,rural,00_01,2030,0.846025732228652
Maldives,rural,00_01,2035,0.8268845237412719
Maldives,rural,00_01,2040,0.811344919347003
Maldives,rural,00_01,2045,0.7991383153898541
Maldives,rural,00_01,2050,0.7893178344
Maldives,rural,00_01,2055,0.7808476622577513
Maldives,rural,00_01,2060,0.7732007657945709
Maldives,rural,00_01,2065,0.766361848978037
Maldives,rural,00_01,2070,0.7607097299985256
Maldives,rural,00_01,2075,0.7560471862608491
Maldives,rural,00_01,2080,0.7518140717296089
Maldives,rural,00_01,2085,0.7467286697807373
Maldives,rural,00_01,2090,0.7410008491210734
Maldives,rural,00_01,2095,0.7359119530876822
Maldives,rural,00_01,2100,0.7320715249036641
Maldives,rural,02_05,2011,0.722077962195642
Maldives,rural,02_05,2012,0.7243867097764168
Maldives,rural,02_05,2013,0.7206487963604772
Maldives,rural,02_05,2014,0.7188222441888696
Maldives,rural,02_05,2015,0.7203274791318001
Maldives,rural,02_05,2016,0.717081260634651
Maldives,rural,02_05,2017,0.7149024363838141
Maldives,rural,02_05,2018,0.7118619237590339
Maldives,rural,02_05,2019,0.7078189223873366
Maldives,rural,02_05,2020,0.7433142473346124
Maldives,rural,02_05,2025,0.696489572757359
Maldives,rural,02_05,2030,0.67822524951589
Maldives,rural,02_05,2035,0.6628805024144148
Maldives,rural,02_05,2040,0.650423018361397
Maldives,rural,02_05,2045,0.6406374684671043
Maldives,rural,02_05,2050,0.6327647786469445
Maldives,rural,02_05,2055,0.6259745778341556
Maldives,rural,02_05,2060,0.6198443644562474
Maldives,rural,02_05,2065,0.6143618762911492
Maldives,rural,02_05,2070,0.6098307968462316
Maldives,rural,02_05,2075,0.6060930205949889
Maldives,rural,02_05,2080,0.6026995006938664
Maldives,rural,02_05,2085,0.5986227357985762
Maldives,rural,02_05,2090,0.5940309693213919
Maldives,rural,02_05,2095,0.5899514033572275
Maldives,rural,02_05,2100,0.5868726845143714
Maldives,rural,06_10,2011,0.560969409411097
Maldives,rural,06_10,2012,0.5627630339705952
Maldives,rural,06_10,2013,0.5598591161235617
Maldives,rural,06_10,2014,0.5584401005232938
Maldives,rural,06_10,2015,0.5596094905354099
Maldives,rural,06_10,2016,0.5570875616461417
Maldives,rural,06_10,2017,0.5553948721898868
Maldives,rural,06_10,2018,0.5530327525009774
Maldives,rural,06_10,2019,0.5498918172966499
Maldives,rural,06_10,2020,0.5774674981995568
Maldives,rural,06_10,2025,0.5410902489014378
Maldives,rural,06_10,2030,0.5269010239721714
Maldives,rural,06_10,2035,0.514979965347279
Maldives,rural,06_10,2040,0.5053019695658814
Maldives,rural,06_10,2045,0.49769975147813855
Maldives,rural,06_10,2050,0.4915836000511334
Maldives,rural,06_10,2055,0.4863084149060966
Maldives,rural,06_10,2060,0.48154596215416307
Maldives,rural,06_10,2065,0.47728671549508117
Maldives,rural,06_10,2070,0.4737666011953991
Maldives,rural,06_10,2075,0.470862789909157
Maldives,rural,06_10,2080,0.4682264252028183
Maldives,rural,06_10,2085,0.46505925972297885
Maldives,rural,06_10,2090,0.46149199875710295
Maldives,rural,06_10,2095,0.4583226571771271
Maldives,rural,06_10,2100,0.45593085576309655
Maldives,rural,11_20,2011,0.225558156612901
Maldives,rural,11_20,2012,0.22627934861108992
Maldives,rural,11_20,2013,0.22511172280914146
Maldives,rural,11_20,2014,0.22454115596961027
Maldives,rural,11_20,2015,0.2250113517611621
Maldives,rural,11_20,2016,0.22399731851473373
Maldives,rural,11_20,2017,0.2233167111463716
Maldives,rural,11_20,2018,0.2223669350020917
Maldives,rural,11_20,2019,0.2211040077500114
Maldives,rural,11_20,2020,0.23219181333701283
Maldives,rural,11_20,2025,0.2175650170150076
Maldives,rural,11_20,2030,0.21185972299162942
Maldives,rural,11_20,2035,0.20706642773667447
Maldives,rural,11_20,2040,0.2031750374905448
Maldives,rural,11_20,2045,0.20011828917366126
Maldives,rural,11_20,2050,0.19765906801418862
Maldives,rural,11_20,2055,0.19553798793897495
Maldives,rural,11_20,2060,0.19362307057332062
Maldives,rural,11_20,2065,0.19191048552168524
Maldives,rural,11_20,2070,0.1904950955214773
Maldives,rural,11_20,2075,0.18932751256617125
Maldives,rural,11_20,2080,0.18826746623682625
Maldives,rural,11_20,2085,0.1869939921483362
Maldives,rural,11_20,2090,0.18555964511600015
Maldives,rural,11_20,2095,0.18428529604729343
Maldives,rural,11_20,2100,0.1833235852857401
Maldives,rural,21_30,2011,0.316687599761256
Maldives,rural,21_30,2012,0.3177001659495204
Maldives,rural,21_30,2013,0.3160607988869807
Maldives,rural,21_30,2014,0.3152597130578187
Maldives,rural,21_30,2015,0.3159198761788533
Maldives,rural,21_30,2016,0.3144961557525482
Maldives,rural,21_30,2017,0.31354057109490124
Maldives,rural,21_30,2018,0.31220706876468535
Maldives,rural,21_30,2019,0.31043389679812783
Maldives,rural,21_30,2020,0.3260013699088124
Maldives,rural,21_30,2025,0.30546509186428944
Maldives,rural,21_30,2030,0.2974547591974168
Maldives,rural,21_30,2035,0.29072488876385133
Maldives,rural,21_30,2040,0.2852613087484493
Maldives,rural,21_30,2045,0.2809695806101961
Maldives,rural,21_30,2050,0.2775167910592864
Maldives,rural,21_30,2055,0.2745387575090582
Maldives,rural,21_30,2060,0.2718501800114554
Maldives,rural,21_30,2065,0.26944568062409696
Maldives,rural,21_30,2070,0.2674584482906585
Maldives,rural,21_30,2075,0.2658191413855546
Maldives,rural,21_30,2080,0.2643308177854814
Maldives,rural,21_30,2085,0.26254283787600646
Maldives,rural,21_30,2090,0.26052898953766085
Maldives,rural,21_30,2095,0.2587397811406473
Maldives,rural,21_30,2100,0.25738952239889146
Maldives,rural,31_50,2011,0.0
Maldives,rural,31_50,2012,0.0
Maldives,rural,31_50,2013,0.0
Maldives,rural,31_50,2014,0.0
Maldives,rural,31_50,2015,0.0
Maldives,rural,31_50,2016,0.0
Maldives,rural,31_50,2017,0.0
Maldives,rural,31_50,2018,0.0
Maldives,rural,31_50,2019,0.0
Maldives,rural,31_50,2020,0.0
Maldives,rural,31_50,2025,0.0
Maldives,rural,31_50,2030,0.0
Maldives,rural,31_50,2035,0.0
Maldives,rural,31_50,2040,0.0
Maldives,rural,31_50,2045,0.0
Maldives,rural,31_50,2050,0.0
Maldives,rural,31_50,2055,0.0
Maldives,rural,31_50,2060,0.0
Maldives,rural,31_50,2065,0.0
Maldives,rural,31_50,2070,0.0
Maldives,rural,31_50,2075,0.0
Maldives,rural,31_50,2080,0.0
Maldives,rural,31_50,2085,0.0
Maldives,rural,31_50,2090,0.0
Maldives,rural,31_50,2095,0.0
Maldives,rural,31_50,2100,0.0
Maldives,rural,51+,2011,0.0
Maldives,rural,51+,2012,0.0
Maldives,rural,51+,2013,0.0
Maldives,rural,51+,2014,0.0
Maldives,rural,51+,2015,0.0
Maldives,rural,51+,2016,0.0
Maldives,rural,51+,2017,0.0
Maldives,rural,51+,2018,0.0
Maldives,rural,51+,2019,0.0
Maldives,rural,51+,2020,0.0
Maldives,rural,51+,2025,0.0
Maldives,rural,51+,2030,0.0
Maldives,rural,51+,2035,0.0
Maldives,rural,51+,2040,0.0
Maldives,rural,51+,2045,0.0
Maldives,rural,51+,2050,0.0
Maldives,rural,51+,2055,0.0
Maldives,rural,51+,2060,0.0
Maldives,rural,51+,2065,0.0
Maldives,rural,51+,2070,0.0
Maldives,rural,51+,2075,0.0
Maldives,rural,51+,2080,0.0
Maldives,rural,51+,2085,0.0
Maldives,rural,51+,2090,0.0
Maldives,rural,51+,2095,0.0
Maldives,rural,51+,2100,0.0
Nepal,large_city,No_travel,2011,0.0
Nepal,large_city,No_travel,2012,0.0
Nepal,large_city,No_travel,2013,0.0
Nepal,large_city,No_travel,2014,0.0
Nepal,large_city,No_travel,2015,0.0
Nepal,large_city,No_travel,2016,0.0
Nepal,large_city,No_travel,2017,0.0
Nepal,large_city,No_travel,2018,0.0
Nepal,large_city,No_travel,2019,0.0
Nepal,large_city,No_travel,2020,0.0
Nepal,large_city,No_travel,2025,0.0
Nepal,large_city,No_travel,2030,0.0
Nepal,large_city,No_travel,2035,0.0
Nepal,large_city,No_travel,2040,0.0
Nepal,large_city,No_travel,2045,0.0
Nepal,large_city,No_travel,2050,0.0
Nepal,large_city,No_travel,2055,0.0
Nepal,large_city,No_travel,2060,0.0
Nepal,large_city,No_travel,2065,0.0
Nepal,large_city,No_travel,2070,0.0
Nepal,large_city,No_travel,2075,0.0
Nepal,large_city,No_travel,2080,0.0
Nepal,large_city,No_travel,2085,0.0
Nepal,large_city,No_travel,2090,0.0
Nepal,large_city,No_travel,2095,0.0
Nepal,large_city,No_travel,2100,0.0
Nepal,large_city,00_01,2011,0.798031141556873
Nepal,large_city,00_01,2012,0.7931039472397374
Nepal,large_city,00_01,2013,0.7893757781321415
Nepal,large_city,00_01,2014,0.7830630028363886
Nepal,large_city,00_01,2015,0.7792377185871482
Nepal,large_city,00_01,2016,0.7797731415788619
Nepal,large_city,00_01,2017,0.771254386898855
Nepal,large_city,00_01,2018,0.7641719206876403
Nepal,large_city,00_01,2019,0.7580538430055949
Nepal,large_city,00_01,2020,0.7628606537655174
Nepal,large_city,00_01,2025,0.7444909788488713
Nepal,large_city,00_01,2030,0.7215117720441655
Nepal,large_city,00_01,2035,0.6964394161738073
Nepal,large_city,00_01,2040,0.6698448703262191
Nepal,large_city,00_01,2045,0.6431511412706353
Nepal,large_city,00_01,2050,0.6171946229347162
Nepal,large_city,00_01,2055,0.5923404032163302
Nepal,large_city,00_01,2060,0.5686304168855654
Nepal,large_city,00_01,2065,0.5461805501428936
Nepal,large_city,00_01,2070,0.5250989899824796
Nepal,large_city,00_01,2075,0.5055198751599883
Nepal,large_city,00_01,2080,0.48775507989900846
Nepal,large_city,00_01,2085,0.4716157251004772
Nepal,large_city,00_01,2090,0.4570216575055391
Nepal,large_city,00_01,2095,0.44357295222941734
Nepal,large_city,00_01,2100,0.4313049242222645
Nepal,large_city,02_05,2011,0.44170968683356
Nepal,large_city,02_05,2012,0.438982488174941
Nepal,large_city,02_05,2013,0.43691894914341145
Nepal,large_city,02_05,2014,0.43342483236809637
Nepal,large_city,02_05,2015,0.43130754017260015
Nepal,large_city,02_05,2016,0.43160389642949004
Nepal,large_city,02_05,2017,0.4268887715853931
Nepal,large_city,02_05,2018,0.4229686314188556
Nepal,large_city,02_05,2019,0.41958227963853845
Nepal,large_city,02_05,2020,0.4222428460812106
Nepal,large_city,02_05,2025,0.41207524367557463
Nepal,large_city,02_05,2030,0.3993562685468743
Nepal,large_city,02_05,2035,0.38547873685297335
Nepal,large_city,02_05,2040,0.37075867405579765
Nepal,large_city,02_05,2045,0.35598371342135543
Nepal,large_city,02_05,2050,0.341616798412148
Nepal,large_city,02_05,2055,0.32786000492802003
Nepal,large_city,02_05,2060,0.3147365438353131
Nepal,large_city,02_05,2065,0.3023105580661174
Nepal,large_city,02_05,2070,0.2906419290471386
Nepal,large_city,02_05,2075,0.27980490248718626
Nepal,large_city,02_05,2080,0.26997210055406706
Nepal,large_city,02_05,2085,0.26103897879662885
Nepal,large_city,02_05,2090,0.25296117244133826
Nepal,large_city,02_05,2095,0.24551732334010715
Nepal,large_city,02_05,2100,0.23872697829350517
Nepal,large_city,06_10,2011,0.287162738207747
Nepal,large_city,06_10,2012,0.2853897414685095
Nepal,large_city,06_10,2013,0.2840482007770646
Nepal,large_city,06_10,2014,0.2817766179462467
Nepal,large_city,06_10,2015,0.28040013143809883
Nepal,large_city,06_10,2016,0.2805927975188986
Nepal,large_city,06_10,2017,0.2775274172440656
Nepal,large_city,06_10,2018,0.2749788695940222
Nepal,large_city,06_10,2019,0.2727773465603266
Nepal,large_city,06_10,2020,0.2745070245991722
Nepal,large_city,06_10,2025,0.26789689891064433
Nepal,large_city,06_10,2030,0.2596280838177798
Nepal,large_city,06_10,2035,0.2506060720313663
Nepal,large_city,06_10,2040,0.241036316906164
Nepal,large_city,06_10,2045,0.23143087179330454
Nepal,large_city,06_10,2050,0.22209070385807753
Nepal,large_city,06_10,2055,0.21314718596925833
Nepal,large_city,06_10,2060,0.20461540789311985
Nepal,large_city,06_10,2065,0.1965370700056438
Nepal,large_city,06_10,2070,0.18895110220801442
Nepal,large_city,06_10,2075,0.18190577285765627
Nepal,large_city,06_10,2080,0.17551330646732125
Nepal,large_city,06_10,2085,0.16970573696845317
Nepal,large_city,06_10,2090,0.1644542220915081
Nepal,large_city,06_10,2095,0.15961485326073063
Nepal,large_city,06_10,2100,0.15520033817292278
Nepal,large_city,11_20,2011,0.0531984546790542
Nepal,large_city,11_20,2012,0.05286999741726907
Nepal,large_city,11_20,2013,0.05262146972833783
Nepal,large_city,11_20,2014,0.05220064668900756
Nepal,large_city,11_20,2015,0.0519456450980036
Nepal,large_city,11_20,2016,0.05198133753439553
Nepal,large_city,11_20,2017,0.05141345921340393
Nepal,large_city,11_20,2018,0.050941326939194446
Nepal,large_city,11_20,2019,0.050533482857250143
Nepal,large_city,11_20,2020,0.050853915094848864
Nepal,large_city,11_20,2025,0.04962935346105639
Nepal,large_city,11_20,2030,0.048097510619214565
Nepal,large_city,11_20,2035,0.04642613400493327
Nepal,large_city,11_20,2040,0.04465328496645733
Nepal,large_city,11_20,2045,0.042873824164203385
Nepal,large_city,11_20,2050,0.04114350739783566
Nepal,large_city,11_20,2055,0.03948667220379507
Nepal,large_city,11_20,2060,0.037906114043122975
Nepal,large_city,11_20,2065,0.036409558136631805
Nepal,large_city,11_20,2070,0.035004216459652134
Nepal,large_city,11_20,2075,0.033699030987180106
Nepal,large_city,11_20,2080,0.03251479191885226
Nepal,large_city,11_20,2085,0.03143890817185484
Nepal,large_city,11_20,2090,0.030466036559328877
Nepal,large_city,11_20,2095,0.02956951723712805
Nepal,large_city,11_20,2100,0.028751704375005082
Nepal,large_city,21_30,2011,0.126017818840264
Nepal,large_city,21_30,2012,0.1252397611323452
Nepal,large_city,21_30,2013,0.12465104257896853
Nepal,large_city,21_30,2014,0.12365418652639956
Nepal,large_city,21_30,2015,0.12305013243323115
Nepal,large_city,21_30,2016,0.12313468156177901
Nepal,large_city,21_30,2017,0.12178947731083278
Nepal,large_city,21_30,2018,0.12067107867014074
Nepal,large_city,21_30,2019,0.11970496749372404
Nepal,large_city,21_30,2020,0.1204640153253182
Nepal,large_city,21_30,2025,0.11756324335633923
Nepal,large_city,21_30,2030,0.11393457604072672
Nepal,large_city,21_30,2035,0.1099753776643257
Nepal,large_city,21_30,2040,0.10577580889283356
Nepal,large_city,21_30,2045,0.10156057801132301
Nepal,large_city,21_30,2050,0.09746176074086096
Nepal,large_city,21_30,2055,0.09353700844137383
Nepal,large_city,21_30,2060,0.0897929430703077
Nepal,large_city,21_30,2065,0.08624786432231946
Nepal,large_city,21_30,2070,0.08291885610343924
Nepal,large_city,21_30,2075,0.07982710038581153
Nepal,large_city,21_30,2080,0.07702184550996155
Nepal,large_city,21_30,2085,0.07447326540664348
Nepal,large_city,21_30,2090,0.07216870300230728
Nepal,large_city,21_30,2095,0.07004500579693747
Nepal,large_city,21_30,2100,0.06810775040623102
Nepal,large_city,31_50,2011,0.0
Nepal,large_city,31_50,2012,0.0
Nepal,large_city,31_50,2013,0.0
Nepal,large_city,31_50,2014,0.0
Nepal,large_city,31_50,2015,0.0
Nepal,large_city,31_50,2016,0.0
Nepal,large_city,31_50,2017,0.0
Nepal,large_city,31_50,2018,0.0
Nepal,large_city,31_50,2019,0.0
Nepal,large_city,31_50,2020,0.0
Nepal,large_city,31_50,2025,0.0
Nepal,large_city,31_50,2030,0.0
Nepal,large_city,31_50,2035,0.0
Nepal,large_city,31_50,2040,0.0
Nepal,large_city,31_50,2045,0.0
Nepal,large_city,31_50,2050,0.0
Nepal,large_city,31_50,2055,0.0
Nepal,large_city,31_50,2060,0.0
Nepal,large_city,31_50,2065,0.0
Nepal,large_city,31_50,2070,0.0
Nepal,large_city,31_50,2075,0.0
Nepal,large_city,31_50,2080,0.0
Nepal,large_city,31_50,2085,0.0
Nepal,large_city,31_50,2090,0.0
Nepal,large_city,31_50,2095,0.0
Nepal,large_city,31_50,2100,0.0
Nepal,large_city,51+,2011,0.0
Nepal,large_city,51+,2012,0.0
Nepal,large_city,51+,2013,0.0
Nepal,large_city,51+,2014,0.0
Nepal,large_city,51+,2015,0.0
Nepal,large_city,51+,2016,0.0
Nepal,large_city,51+,2017,0.0
Nepal,large_city,51+,2018,0.0
Nepal,large_city,51+,2019,0.0
Nepal,large_city,51+,2020,0.0
Nepal,large_city,51+,2025,0.0
Nepal,large_city,51+,2030,0.0
Nepal,large_city,51+,2035,0.0
Nepal,large_city,51+,2040,0.0
Nepal,large_city,51+,2045,0.0
Nepal,large_city,51+,2050,0.0
Nepal,large_city,51+,2055,0.0
Nepal,large_city,51+,2060,0.0
Nepal,large_city,51+,2065,0.0
Nepal,large_city,51+,2070,0.0
Nepal,large_city,51+,2075,0.0
Nepal,large_city,51+,2080,0.0
Nepal,large_city,51+,2085,0.0
Nepal,large_city,51+,2090,0.0
Nepal,large_city,51+,2095,0.0
Nepal,large_city,51+,2100,0.0
Nepal,city,No_travel,2011,0.0
Nepal,city,No_travel,2012,0.0
Nepal,city,No_travel,2013,0.0
Nepal,city,No_travel,2014,0.0
Nepal,city,No_travel,2015,0.0
Nepal,city,No_travel,2016,0.0
Nepal,city,No_travel,2017,0.0
Nepal,city,No_travel,2018,0.0
Nepal,city,No_travel,2019,0.0
Nepal,city,No_travel,2020,0.0
Nepal,city,No_travel,2025,0.0
Nepal,city,No_travel,2030,0.0
Nepal,city,No_travel,2035,0.0
Nepal,city,No_travel,2040,0.0
Nepal,city,No_travel,2045,0.0
Nepal,city,No_travel,2050,0.0
Nepal,city,No_travel,2055,0.0
Nepal,city,No_travel,2060,0.0
Nepal,city,No_travel,2065,0.0
Nepal,city,No_travel,2070,0.0
Nepal,city,No_travel,2075,0.0
Nepal,city,No_travel,2080,0.0
Nepal,city,No_travel,2085,0.0
Nepal,city,No_travel,2090,0.0
Nepal,city,No_travel,2095,0.0
Nepal,city,No_travel,2100,0.0
Nepal,city,00_01,2011,0.784266131199457
Nepal,city,00_01,2012,0.779423924644423
Nepal,city,00_01,2013,0.7757600616568617
Nepal,city,00_01,2014,0.769556173612251
Nepal,city,00_01,2015,0.7657968705942796
Nepal,city,00_01,2016,0.7663230582283201
Nepal,city,00_01,2017,0.7579512411053787
Nepal,city,00_01,2018,0.7509909383232293
Nepal,city,00_01,2019,0.7449783896090091
Nepal,city,00_01,2020,0.7497022890682932
Nepal,city,00_01,2025,0.7316494674075196
Nepal,city,00_01,2030,0.7090666223526259
Nepal,city,00_01,2035,0.684426732360187
Nepal,city,00_01,2040,0.6582909082090085
Nepal,city,00_01,2045,0.6320576116325525
Nepal,city,00_01,2050,0.606548809839423
Nepal,city,00_01,2055,0.5821232934310127
Nepal,city,00_01,2060,0.5588222738565833
Nepal,city,00_01,2065,0.5367596384287605
Nepal,city,00_01,2070,0.516041708055265
Nepal,city,00_01,2075,0.49680030777082396
Nepal,city,00_01,2080,0.4793419323699609
Nepal,city,00_01,2085,0.4634809606750394
Nepal,city,00_01,2090,0.4491386219677851
Nepal,city,00_01,2095,0.43592188955309646
Nepal,city,00_01,2100,0.42386546924367596
Nepal,city,02_05,2011,0.505179898463546
Nepal,city,02_05,2012,0.502060822784388
Nepal,city,02_05,2013,0.4997007694065764
Nepal,city,02_05,2014,0.49570457550277697
Nepal,city,02_05,2015,0.49328304505365755
Nepal,city,02_05,2016,0.4936219853762887
Nepal,city,02_05,2017,0.48822933413728303
Nepal,city,02_05,2018,0.4837459006280684
Nepal,city,02_05,2019,0.47987295670237384
Nepal,city,02_05,2020,0.4829158256396609
Nepal,city,02_05,2025,0.4712872186518491
Nepal,city,02_05,2030,0.4567406267259665
Nepal,city,02_05,2035,0.44086900275886254
Nepal,city,02_05,2040,0.4240337825884335
Nepal,city,02_05,2045,0.40713577619283703
Nepal,city,02_05,2050,0.39070444837294105
Nepal,city,02_05,2055,0.374970911747754
Nepal,city,02_05,2060,0.35996171240275043
Nepal,city,02_05,2065,0.34575021010541207
Nepal,city,02_05,2070,0.3324048907729934
Nepal,city,02_05,2075,0.3200106686393358
Nepal,city,02_05,2080,0.30876497032152406
Nepal,city,02_05,2085,0.2985482291521469
Nepal,city,02_05,2090,0.2893097054882736
Nepal,city,02_05,2095,0.2807962337550742
Nepal,city,02_05,2100,0.2730301694747873
Nepal,city,06_10,2011,0.391250172065705
Nepal,city,06_10,2012,0.3888345199388724
Nepal,city,06_10,2013,0.38700671306658513
Nepal,city,06_10,2014,0.3839117531182089
Nepal,city,06_10,2015,0.38203633367305323
Nepal,city,06_10,2016,0.38229883513036134
Nepal,city,06_10,2017,0.37812235120539067
Nepal,city,06_10,2018,0.37465003542786185
Nepal,city,06_10,2019,0.37165052974298124
Nepal,city,06_10,2020,0.3740071615070475
Nepal,city,06_10,2025,0.36500107377730356
Nepal,city,06_10,2030,0.3537350740586274
Nepal,city,06_10,2035,0.3414428676050888
Nepal,city,06_10,2040,0.3284043781313836
Nepal,city,06_10,2045,0.31531726217536027
Nepal,city,06_10,2050,0.3025915780055136
Nepal,city,06_10,2055,0.2904063170113042
Nepal,city,06_10,2060,0.2787820385232621
Nepal,city,06_10,2065,0.2677755579881958
Nepal,city,06_10,2070,0.25743991616839884
Nepal,city,06_10,2075,0.2478408771782043
Nepal,city,06_10,2080,0.23913134337603867
Nepal,city,06_10,2085,0.23121871313752965
Nepal,city,06_10,2090,0.2240636897802724
Nepal,city,06_10,2095,0.21747020240949344
Nepal,city,06_10,2100,0.21145556486121256
Nepal,city,11_20,2011,0.145687548677459
Nepal,city,11_20,2012,0.14478804635914022
Nepal,city,11_20,2013,0.14410743655576708
Nepal,city,11_20,2014,0.14295498433893297
Nepal,city,11_20,2015,0.14225664531900561
Nepal,city,11_20,2016,0.14235439145835568
Nepal,city,11_20,2017,0.14079921845508964
Nepal,city,11_20,2018,0.13950625244515447
Nepal,city,11_20,2019,0.13838934397667468
Nepal,city,11_20,2020,0.13926686922613218
Nepal,city,11_20,2025,0.13591332477248222
Nepal,city,11_20,2030,0.13171827004892997
Nepal,city,11_20,2035,0.12714109269818738
Nepal,city,11_20,2040,0.12228602628415407
Nepal,city,11_20,2045,0.11741285311000782
Nepal,city,11_20,2050,0.1126742641857909
Nepal,city,11_20,2055,0.1081369094930924
Nepal,city,11_20,2060,0.10380844459012344
Nepal,city,11_20,2065,0.09971002551402731
Nepal,city,11_20,2070,0.09586140274465106
Nepal,city,11_20,2075,0.09228706448236414
Nepal,city,11_20,2080,0.08904394608816214
Nepal,city,11_20,2085,0.08609756603431279
Nepal,city,11_20,2090,0.08343329164397793
Nepal,city,11_20,2095,0.08097811313961358
Nepal,city,11_20,2100,0.07873847757353569
Nepal,city,21_30,2011,0.43292180947654
Nepal,city,21_30,2012,0.43024886882505686
Nepal,city,21_30,2013,0.4282263841975194
Nepal,city,21_30,2014,0.4248017833748942
Nepal,city,21_30,2015,0.42272661501027065
Nepal,city,21_30,2016,0.4230170752170689
Nepal,city,21_30,2017,0.41839575845571975
Nepal,city,21_30,2018,0.41455361003813573
Nepal,city,21_30,2019,0.41123463021052914
Nepal,city,21_30,2020,0.41384226430352605
Nepal,city,21_30,2025,0.40387694780109545
Nepal,city,21_30,2030,0.39141101850061605
Nepal,city,21_30,2035,0.37780958228340344
Nepal,city,21_30,2040,0.3633823772396461
Nepal,city,21_30,2045,0.34890136655894166
Nepal,city,21_30,2050,0.33482028337743247
Nepal,city,21_30,2055,0.3213371832660512
Nepal,city,21_30,2060,0.3084748153076359
Nepal,city,21_30,2065,0.2962960463014742
Nepal,city,21_30,2070,0.2848595663247282
Nepal,city,21_30,2075,0.274238143957218
Nepal,city,21_30,2080,0.2646009670240474
Nepal,city,21_30,2085,0.2558455710008634
Nepal,city,21_30,2090,0.24792847375764354
Nepal,city,21_30,2095,0.2406327210982965
Nepal,city,21_30,2100,0.2339774709370007
Nepal,city,31_50,2011,0.0
Nepal,city,31_50,2012,0.0
Nepal,city,31_50,2013,0.0
Nepal,city,31_50,2014,0.0
Nepal,city,31_50,2015,0.0
Nepal,city,31_50,2016,0.0
Nepal,city,31_50,2017,0.0
Nepal,city,31_50,2018,0.0
Nepal,city,31_50,2019,0.0
Nepal,city,31_50,2020,0.0
Nepal,city,31_50,2025,0.0
Nepal,city,31_50,2030,0.0
Nepal,city,31_50,2035,0.0
Nepal,city,31_50,2040,0.0
Nepal,city,31_50,2045,0.0
Nepal,city,31_50,2050,0.0
Nepal,city,31_50,2055,0.0
Nepal,city,31_50,2060,0.0
Nepal,city,31_50,2065,0.0
Nepal,city,31_50,2070,0.0
Nepal,city,31_50,2075,0.0
Nepal,city,31_50,2080,0.0
Nepal,city,31_50,2085,0.0
Nepal,city,31_50,2090,0.0
Nepal,city,31_50,2095,0.0
Nepal,city,31_50,2100,0.0
Nepal,city,51+,2011,0.0
Nepal,city,51+,2012,0.0
Nepal,city,51+,2013,0.0
Nepal,city,51+,2014,0.0
Nepal,city,51+,2015,0.0
Nepal,city,51+,2016,0.0
Nepal,city,51+,2017,0.0
Nepal,city,51+,2018,0.0
Nepal,city,51+,2019,0.0
Nepal,city,51+,2020,0.0
Nepal,city,51+,2025,0.0
Nepal,city,51+,2030,0.0
Nepal,city,51+,2035,0.0
Nepal,city,51+,2040,0.0
Nepal,city,51+,2045,0.0
Nepal,city,51+,2050,0.0
Nepal,city,51+,2055,0.0
Nepal,city,51+,2060,0.0
Nepal,city,51+,2065,0.0
Nepal,city,51+,2070,0.0
Nepal,city,51+,2075,0.0
Nepal,city,51+,2080,0.0
Nepal,city,51+,2085,0.0
Nepal,city,51+,2090,0.0
Nepal,city,51+,2095,0.0
Nepal,city,51+,2100,0.0
Nepal,town,No_travel,2011,0.0
Nepal,town,No_travel,2012,0.0
Nepal,town,No_travel,2013,0.0
Nepal,town,No_travel,2014,0.0
Nepal,town,No_travel,2015,0.0
Nepal,town,No_travel,2016,0.0
Nepal,town,No_travel,2017,0.0
Nepal,town,No_travel,2018,0.0
Nepal,town,No_travel,2019,0.0
Nepal,town,No_travel,2020,0.0
Nepal,town,No_travel,2025,0.0
Nepal,town,No_travel,2030,0.0
Nepal,town,No_travel,2035,0.0
Nepal,town,No_travel,2040,0.0
Nepal,town,No_travel,2045,0.0
Nepal,town,No_travel,2050,0.0
Nepal,town,No_travel,2055,0.0
Nepal,town,No_travel,2060,0.0
Nepal,town,No_travel,2065,0.0
Nepal,town,No_travel,2070,0.0
Nepal,town,No_travel,2075,0.0
Nepal,town,No_travel,2080,0.0
Nepal,town,No_travel,2085,0.0
Nepal,town,No_travel,2090,0.0
Nepal,town,No_travel,2095,0.0
Nepal,town,No_travel,2100,0.0
Nepal,town,00_01,2011,0.809373601454855
Nepal,town,00_01,2012,0.8043763766576524
Nepal,town,00_01,2013,0.8005952188803246
Nepal,town,00_01,2014,0.7941927197669053
Nepal,town,00_01,2015,0.7903130665451574
Nepal,town,00_01,2016,0.7908560995328923
Nepal,town,00_01,2017,0.7822162673305842
Nepal,town,00_01,2018,0.775033137642976
Nepal,town,00_01,2019,0.7688281033910078
Nepal,town,00_01,2020,0.7737032336129694
Nepal,town,00_01,2025,0.7550724695104118
Nepal,town,00_01,2030,0.7317666579930613
Nepal,town,00_01,2035,0.7063379473688616
Nepal,town,00_01,2040,0.6793654117987258
Nepal,town,00_01,2045,0.6522922833242799
Nepal,town,00_01,2050,0.6259668435854415
Nepal,town,00_01,2055,0.600759369494173
Nepal,town,00_01,2060,0.576712391841724
Nepal,town,00_01,2065,0.553943443925419
Nepal,town,00_01,2070,0.5325622504070386
Nepal,town,00_01,2075,0.5127048565636575
Nepal,town,00_01,2080,0.4946875693041192
Nepal,town,00_01,2085,0.4783188249804819
Nepal,town,00_01,2090,0.46351733111127447
Nepal,town,00_01,2095,0.4498774786576421
Nepal,town,00_01,2100,0.4374350845030392
Nepal,town,02_05,2011,0.581333504919286
Nepal,town,02_05,2012,0.5777442425551497
Nepal,town,02_05,2013,0.5750284217038201
Nepal,town,02_05,2014,0.5704298194722224
Nepal,town,02_05,2015,0.5676432541565065
Nepal,town,02_05,2016,0.5680332882143004
Nepal,town,02_05,2017,0.5618277189604305
Nepal,town,02_05,2018,0.5566684279357652
Nepal,town,02_05,2019,0.5522116550643039
Nepal,town,02_05,2020,0.5557132228616433
Nepal,town,02_05,2025,0.5423316554673078
Nepal,town,02_05,2030,0.5255922299782428
Nepal,town,02_05,2035,0.5073280298039691
Nepal,town,02_05,2040,0.4879549756156904
Nepal,town,02_05,2045,0.46850967046008657
Nepal,town,02_05,2050,0.4496013935847208
Nepal,town,02_05,2055,0.431496096800518
Nepal,town,02_05,2060,0.4142243278964099
Nepal,town,02_05,2065,0.3978705052961697
Nepal,town,02_05,2070,0.38251343886225675
Nepal,town,02_05,2075,0.36825084326884305
Nepal,town,02_05,2080,0.3553099063110552
Nepal,town,02_05,2085,0.34355303718203584
Nepal,town,02_05,2090,0.3329218474649993
Nepal,town,02_05,2095,0.32312500800890753
Nepal,town,02_05,2100,0.3141882443308226
Nepal,town,06_10,2011,0.467167283694754
Nepal,town,06_10,2012,0.46428290504646985
Nepal,town,06_10,2013,0.46210043553562796
Nepal,town,06_10,2014,0.4584049380369478
Nepal,town,06_10,2015,0.4561656173400241
Nepal,town,06_10,2016,0.4564790538610333
Nepal,town,06_10,2017,0.45149217643597833
Nepal,town,06_10,2018,0.4473461020167544
Nepal,town,06_10,2019,0.44376458046537903
Nepal,town,06_10,2020,0.4465784866013812
Nepal,town,06_10,2025,0.43582488227909466
Nepal,town,06_10,2030,0.4223728588361607
Nepal,town,06_10,2035,0.407695506314638
Nepal,town,06_10,2040,0.39212706406002207
Nepal,town,06_10,2045,0.37650055997366233
Nepal,town,06_10,2050,0.3613056189071924
Nepal,town,06_10,2055,0.34675596324896957
Nepal,town,06_10,2060,0.33287614160570134
Nepal,town,06_10,2065,0.3197339937378594
Nepal,town,06_10,2070,0.3073928522919572
Nepal,town,06_10,2075,0.29593124207092414
Nepal,town,06_10,2080,0.2855317341879677
Nepal,town,06_10,2085,0.2760837588531876
Nepal,town,06_10,2090,0.2675403943635714
Nepal,town,06_10,2095,0.25966752476502414
Nepal,town,06_10,2100,0.2524858234228788
Nepal,town,11_20,2011,0.112734185376748
Nepal,town,11_20,2012,0.11203814331947742
Nepal,town,11_20,2013,0.11151148203346341
Nepal,town,11_20,2014,0.11061970533030771
Nepal,town,11_20,2015,0.1100793250353341
Nepal,town,11_20,2016,0.11015496177638291
Nepal,town,11_20,2017,0.10895155652154362
Nepal,town,11_20,2018,0.10795104912627837
Nepal,town,11_20,2019,0.10708677645865854
Nepal,town,11_20,2020,0.10776581248502573
Nepal,town,11_20,2025,0.1051708130802109
Nepal,town,11_20,2030,0.10192464632702072
Nepal,town,11_20,2035,0.09838279004180543
Nepal,town,11_20,2040,0.09462590098639406
Nepal,town,11_20,2045,0.09085500077581074
Nepal,town,11_20,2050,0.08718824292960967
Nepal,town,11_20,2055,0.0836772017343241
Nepal,town,11_20,2060,0.08032780112186427
Nepal,town,11_20,2065,0.07715641180225177
Nepal,town,11_20,2070,0.07417831685407886
Nepal,town,11_20,2075,0.07141246544180781
Nepal,town,11_20,2080,0.06890291460119245
Nepal,town,11_20,2085,0.06662298225147341
Nepal,town,11_20,2090,0.06456134551078327
Nepal,town,11_20,2095,0.06266150883183143
Nepal,town,11_20,2100,0.060928460995042295
Nepal,town,21_30,2011,0.357090543456726
Nepal,town,21_30,2012,0.35488579929976194
Nepal,town,21_30,2013,0.3532175762650909
Nepal,town,21_30,2014,0.3503928339164617
Nepal,town,21_30,2015,0.3486811553110719
Nepal,town,21_30,2016,0.34892073805055906
Nepal,town,21_30,2017,0.3451088984119158
Nepal,town,21_30,2018,0.34193974676271754
Nepal,town,21_30,2019,0.3392021246692615
Nepal,town,21_30,2020,0.34135300146738456
Nepal,town,21_30,2025,0.33313322549935476
Nepal,town,21_30,2030,0.32285084800956343
Nepal,town,21_30,2035,0.3116318607830499
Nepal,town,21_30,2040,0.2997317476982733
Nepal,town,21_30,2045,0.2877872536566637
Nepal,town,21_30,2050,0.27617263518358587
Nepal,town,21_30,2055,0.26505125612422137
Nepal,town,21_30,2060,0.2544418807962274
Nepal,town,21_30,2065,0.24439636415131036
Nepal,town,21_30,2070,0.23496311602027684
Nepal,town,21_30,2075,0.226202158723892
Nepal,town,21_30,2080,0.21825304488133562
Nepal,town,21_30,2085,0.21103125781572685
Nepal,town,21_30,2090,0.20450093179542422
Nepal,town,21_30,2095,0.1984831146630368
Nepal,town,21_30,2100,0.19299360860232084
Nepal,town,31_50,2011,0.0
Nepal,town,31_50,2012,0.0
Nepal,town,31_50,2013,0.0
Nepal,town,31_50,2014,0.0
Nepal,town,31_50,2015,0.0
Nepal,town,31_50,2016,0.0
Nepal,town,31_50,2017,0.0
Nepal,town,31_50,2018,0.0
Nepal,town,31_50,2019,0.0
Nepal,town,31_50,2020,0.0
Nepal,town,31_50,2025,0.0
Nepal,town,31_50,2030,0.0
Nepal,town,31_50,2035,0.0
Nepal,town,31_50,2040,0.0
Nepal,town,31_50,2045,0.0
Nepal,town,31_50,2050,0.0
Nepal,town,31_50,2055,0.0
Nepal,town,31_50,2060,0.0
Nepal,town,31_50,2065,0.0
Nepal,town,31_50,2070,0.0
Nepal,town,31_50,2075,0.0
Nepal,town,31_50,2080,0.0
Nepal,town,31_50,2085,0.0
Nepal,town,31_50,2090,0.0
Nepal,town,31_50,2095,0.0
Nepal,town,31_50,2100,0.0
Nepal,town,51+,2011,0.0
Nepal,town,51+,2012,0.0
Nepal,town,51+,2013,0.0
Nepal,town,51+,2014,0.0
Nepal,town,51+,2015,0.0
Nepal,town,51+,2016,0.0
Nepal,town,51+,2017,0.0
Nepal,town,51+,2018,0.0
Nepal,town,51+,2019,0.0
Nepal,town,51+,2020,0.0
Nepal,town,51+,2025,0.0
Nepal,town,51+,2030,0.0
Nepal,town,51+,2035,0.0
Nepal,town,51+,2040,0.0
Nepal,town,51+,2045,0.0
Nepal,town,51+,2050,0.0
Nepal,town,51+,2055,0.0
Nepal,town,51+,2060,0.0
Nepal,town,51+,2065,0.0
Nepal,town,51+,2070,0.0
Nepal,town,51+,2075,0.0
Nepal,town,51+,2080,0.0
Nepal,town,51+,2085,0.0
Nepal,town,51+,2090,0.0
Nepal,town,51+,2095,0.0
Nepal,town,51+,2100,0.0
Nepal,rural,No_travel,2011,0.0
Nepal,rural,No_travel,2012,0.0
Nepal,rural,No_travel,2013,0.0
Nepal,rural,No_travel,2014,0.0
Nepal,rural,No_travel,2015,0.0
Nepal,rural,No_travel,2016,0.0
Nepal,rural,No_travel,2017,0.0
Nepal,rural,No_travel,2018,0.0
Nepal,rural,No_travel,2019,0.0
Nepal,rural,No_travel,2020,0.0
Nepal,rural,No_travel,2025,0.0
Nepal,rural,No_travel,2030,0.0
Nepal,rural,No_travel,2035,0.0
Nepal,rural,No_travel,2040,0.0
Nepal,rural,No_travel,2045,0.0
Nepal,rural,No_travel,2050,0.0
Nepal,rural,No_travel,2055,0.0
Nepal,rural,No_travel,2060,0.0
Nepal,rural,No_travel,2065,0.0
Nepal,rural,No_travel,2070,0.0
Nepal,rural,No_travel,2075,0.0
Nepal,rural,No_travel,2080,0.0
Nepal,rural,No_travel,2085,0.0
Nepal,rural,No_travel,2090,0.0
Nepal,rural,No_travel,2095,0.0
Nepal,rural,No_travel,2100,0.0
Nepal,rural,00_01,2011,0.900728094580366
Nepal,rural,00_01,2012,0.8951668299657513
Nepal,rural,00_01,2013,0.8909588905988652
Nepal,rural,00_01,2014,0.8838337374969892
Nepal,rural,00_01,2015,0.8795161854446661
Nepal,rural,00_01,2016,0.8801205108976553
Nepal,rural,00_01,2017,0.8705054955535788
Nepal,rural,00_01,2018,0.8625116016274449
Nepal,rural,00_01,2019,0.8556062013666322
Nepal,rural,00_01,2020,0.8610315905166681
Nepal,rural,00_01,2025,0.8402979606818075
Nepal,rural,00_01,2030,0.8143616079728253
Nepal,rural,00_01,2035,0.7860627432371826
Nepal,rural,00_01,2040,0.7560458010902936
Nepal,rural,00_01,2045,0.7259169120564977
Nepal,rural,00_01,2050,0.6966201038429218
Nepal,rural,00_01,2055,0.6685674467429129
Nepal,rural,00_01,2060,0.6418062720241262
Nepal,rural,00_01,2065,0.6164673790389973
Nepal,rural,00_01,2070,0.5926728771389511
Nepal,rural,00_01,2075,0.5705741671146431
Nepal,rural,00_01,2080,0.550523257629061
Nepal,rural,00_01,2085,0.532306963128226
Nepal,rural,00_01,2090,0.5158348155985937
Nepal,rural,00_01,2095,0.5006554246611653
Nepal,rural,00_01,2100,0.48680864987292377
Nepal,rural,02_05,2011,0.722077962195642
Nepal,rural,02_05,2012,0.717619717088918
Nepal,rural,02_05,2013,0.7142463791178187
Nepal,rural,02_05,2014,0.7085344266839031
Nepal,rural,02_05,2015,0.7050732165735784
Nepal,rural,02_05,2016,0.7055576803026693
Nepal,rural,02_05,2017,0.6978497041354941
Nepal,rural,02_05,2018,0.6914413166643781
Nepal,rural,02_05,2019,0.6859055313608279
Nepal,rural,02_05,2020,0.690254850500697
Nepal,rural,02_05,2025,0.6736335224105038
Nepal,rural,02_05,2030,0.6528413778958881
Nepal,rural,02_05,2035,0.6301553012610932
Nepal,rural,02_05,2040,0.6060919101587341
Nepal,rural,02_05,2045,0.5819387756804791
Nepal,rural,02_05,2050,0.5584526873692768
Nepal,rural,02_05,2055,0.5359639856236246
Nepal,rural,02_05,2060,0.5145106140421534
Nepal,rural,02_05,2065,0.4941974292740915
Nepal,rural,02_05,2070,0.47512232153977546
Nepal,rural,02_05,2075,0.4574066628437527
Nepal,rural,02_05,2080,0.4413326445593961
Nepal,rural,02_05,2085,0.4267293642897309
Nepal,rural,02_05,2090,0.41352429741910757
Nepal,rural,02_05,2095,0.40135558219703416
Nepal,rural,02_05,2100,0.39025517244825914
Nepal,rural,06_10,2011,0.560969409411097
Nepal,rural,06_10,2012,0.5575058788015709
Nepal,rural,06_10,2013,0.5548851930744542
Nepal,rural,06_10,2014,0.550447679743214
Nepal,rural,06_10,2015,0.5477587277282091
Nepal,rural,06_10,2016,0.5481350989044776
Nepal,rural,06_10,2017,0.5421469105582952
Nepal,rural,06_10,2018,0.5371683493458492
Nepal,rural,06_10,2019,0.5328676970964487
Nepal,rural,06_10,2020,0.5362466050772627
Nepal,rural,06_10,2025,0.5233337935935388
Nepal,rural,06_10,2030,0.5071807496849728
Nepal,rural,06_10,2035,0.48955634390338804
Nepal,rural,06_10,2040,0.47086192723116005
Nepal,rural,06_10,2045,0.45209779054085836
Nepal,rural,06_10,2050,0.4338518700459986
Nepal,rural,06_10,2055,0.41638080127342364
Nepal,rural,06_10,2060,0.39971406192392117
Nepal,rural,06_10,2065,0.38393311324637275
Nepal,rural,06_10,2070,0.3691140043960834
Nepal,rural,06_10,2075,0.3553510271050747
Nepal,rural,06_10,2080,0.3428634107867199
Nepal,rural,06_10,2085,0.33151838443606213
Nepal,rural,06_10,2090,0.3212596049808313
Nepal,rural,06_10,2095,0.31180594852154603
Nepal,rural,06_10,2100,0.3031822394111656
Nepal,rural,11_20,2011,0.225558156612901
Nepal,rural,11_20,2012,0.22416551814358196
Nepal,rural,11_20,2013,0.22311177611816435
Nepal,rural,11_20,2014,0.22132751246644314
Nepal,rural,11_20,2015,0.22024632149675774
Nepal,rural,11_20,2016,0.22039765521887728
Nepal,rural,11_20,2017,0.21798988627077417
Nepal,rural,11_20,2018,0.21598807463751116
Nepal,rural,11_20,2019,0.2142588409621379
Nepal,rural,11_20,2020,0.21561745382539033
Nepal,rural,11_20,2025,0.21042538825800713
Nepal,rural,11_20,2030,0.2039304693790467
Nepal,rural,11_20,2035,0.19684393593747226
Nepal,rural,11_20,2040,0.18932716569510222
Nepal,rural,11_20,2045,0.1817823619833631
Nepal,rural,11_20,2050,0.17444592594338978
Nepal,rural,11_20,2055,0.16742104722400256
Nepal,rural,11_20,2060,0.1607195784070701
Nepal,rural,11_20,2065,0.1543742739509013
Nepal,rural,11_20,2070,0.14841571218471478
Nepal,rural,11_20,2075,0.1428818065292815
Nepal,rural,11_20,2080,0.1378607061448341
Nepal,rural,11_20,2085,0.1332990256192141
Nepal,rural,11_20,2090,0.12917411017070624
Nepal,rural,11_20,2095,0.1253729237094934
Nepal,rural,11_20,2100,0.1219054477696818
Nepal,rural,21_30,2011,0.316687599761256
Nepal,rural,21_30,2012,0.3147323109753988
Nepal,rural,21_30,2013,0.3132528387283819
Nepal,rural,21_30,2014,0.31074770133193397
Nepal,rural,21_30,2015,0.30922969028673447
Nepal,rural,21_30,2016,0.30944216548133907
Nepal,rural,21_30,2017,0.3060616157357448
Nepal,rural,21_30,2018,0.3032510371655351
Nepal,rural,21_30,2019,0.3008231628190528
Nepal,rural,21_30,2020,0.3027306790584526
Nepal,rural,21_30,2025,0.29544092812668066
Nepal,rural,21_30,2030,0.2863219483420037
Nepal,rural,21_30,2035,0.2763723313565644
Nepal,rural,21_30,2040,0.2658186543725025
Nepal,rural,21_30,2045,0.25522561790678505
Nepal,rural,21_30,2050,0.24492513329922358
Nepal,rural,21_30,2055,0.23506208062285933
Nepal,rural,21_30,2060,0.22565310111008804
Nepal,rural,21_30,2065,0.21674418259366685
Nepal,rural,21_30,2070,0.2083782575830221
Nepal,rural,21_30,2075,0.20060855718450338
Nepal,rural,21_30,2080,0.1935588443619256
Nepal,rural,21_30,2085,0.1871541650622295
Nepal,rural,21_30,2090,0.18136271157536693
Nepal,rural,21_30,2095,0.1760257792527979
Nepal,rural,21_30,2100,0.17115738234311137
Nepal,rural,31_50,2011,0.0
Nepal,rural,31_50,2012,0.0
Nepal,rural,31_50,2013,0.0
Nepal,rural,31_50,2014,0.0
Nepal,rural,31_50,2015,0.0
Nepal,rural,31_50,2016,0.0
Nepal,rural,31_50,2017,0.0
Nepal,rural,31_50,2018,0.0
Nepal,rural,31_50,2019,0.0
Nepal,rural,31_50,2020,0.0
Nepal,rural,31_50,2025,0.0
Nepal,rural,31_50,2030,0.0
Nepal,rural,31_50,2035,0.0
Nepal,rural,31_50,2040,0.0
Nepal,rural,31_50,2045,0.0
Nepal,rural,31_50,2050,0.0
Nepal,rural,31_50,2055,0.0
Nepal,rural,31_50,2060,0.0
Nepal,rural,31_50,2065,0.0
Nepal,rural,31_50,2070,0.0
Nepal,rural,31_50,2075,0.0
Nepal,rural,31_50,2080,0.0
Nepal,rural,31_50,2085,0.0
Nepal,rural,31_50,2090,0.0
Nepal,rural,31_50,2095,0.0
Nepal,rural,31_50,2100,0.0
Nepal,rural,51+,2011,0.0
Nepal,rural,51+,2012,0.0
Nepal,rural,51+,2013,0.0
Nepal,rural,51+,2014,0.0
Nepal,rural,51+,2015,0.0
Nepal,rural,51+,2016,0.0
Nepal,rural,51+,2017,0.0
Nepal,rural,51+,2018,0.0
Nepal,rural,51+,2019,0.0
Nepal,rural,51+,2020,0.0
Nepal,rural,51+,2025,0.0
Nepal,rural,51+,2030,0.0
Nepal,rural,51+,2035,0.0
Nepal,rural,51+,2040,0.0
Nepal,rural,51+,2045,0.0
Nepal,rural,51+,2050,0.0
Nepal,rural,51+,2055,0.0
Nepal,rural,51+,2060,0.0
Nepal,rural,51+,2065,0.0
Nepal,rural,51+,2070,0.0
Nepal,rural,51+,2075,0.0
Nepal,rural,51+,2080,0.0
Nepal,rural,51+,2085,0.0
Nepal,rural,51+,2090,0.0
Nepal,rural,51+,2095,0.0
Nepal,rural,51+,2100,0.0
Pakistan,large_city,No_travel,2011,0.0
Pakistan,large_city,No_travel,2012,0.0
Pakistan,large_city,No_travel,2013,0.0
Pakistan,large_city,No_travel,2014,0.0
Pakistan,large_city,No_travel,2015,0.0
Pakistan,large_city,No_travel,2016,0.0
Pakistan,large_city,No_travel,2017,0.0
Pakistan,large_city,No_travel,2018,0.0
Pakistan,large_city,No_travel,2019,0.0
Pakistan,large_city,No_travel,2020,0.0
Pakistan,large_city,No_travel,2025,0.0
Pakistan,large_city,No_travel,2030,0.0
Pakistan,large_city,No_travel,2035,0.0
Pakistan,large_city,No_travel,2040,0.0
Pakistan,large_city,No_travel,2045,0.0
Pakistan,large_city,No_travel,2050,0.0
Pakistan,large_city,No_travel,2055,0.0
Pakistan,large_city,No_travel,2060,0.0
Pakistan,large_city,No_travel,2065,0.0
Pakistan,large_city,No_travel,2070,0.0
Pakistan,large_city,No_travel,2075,0.0
Pakistan,large_city,No_travel,2080,0.0
Pakistan,large_city,No_travel,2085,0.0
Pakistan,large_city,No_travel,2090,0.0
Pakistan,large_city,No_travel,2095,0.0
Pakistan,large_city,No_travel,2100,0.0
Pakistan,large_city,00_01,2011,0.798031141556873
Pakistan,large_city,00_01,2012,0.7963566017723488
Pakistan,large_city,00_01,2013,0.7935396635150896
Pakistan,large_city,00_01,2014,0.7903180133750435
Pakistan,large_city,00_01,2015,0.7869269726592957
Pakistan,large_city,00_01,2016,0.7826619822879425
Pakistan,large_city,00_01,2017,0.7795900217471399
Pakistan,large_city,00_01,2018,0.7750561284501155
Pakistan,large_city,00_01,2019,0.7741763624457124
Pakistan,large_city,00_01,2020,0.7772639940168733
Pakistan,large_city,00_01,2025,0.7621286354774784
Pakistan,large_city,00_01,2030,0.7468434815010877
Pakistan,large_city,00_01,2035,0.731429292370573
Pakistan,large_city,00_01,2040,0.7149847521066457
Pakistan,large_city,00_01,2045,0.6977368152356173
Pakistan,large_city,00_01,2050,0.6802299050065678
Pakistan,large_city,00_01,2055,0.6627917559374397
Pakistan,large_city,00_01,2060,0.6457663647619372
Pakistan,large_city,00_01,2065,0.6290483512263707
Pakistan,large_city,00_01,2070,0.612809412117576
Pakistan,large_city,00_01,2075,0.5970938275069138
Pakistan,large_city,00_01,2080,0.5821833989816303
Pakistan,large_city,00_01,2085,0.5682213818619242
Pakistan,large_city,00_01,2090,0.5553157232426307
Pakistan,large_city,00_01,2095,0.5433904718148234
Pakistan,large_city,00_01,2100,0.5323172586835576
Pakistan,large_city,02_05,2011,0.44170968683356
Pakistan,large_city,02_05,2012,0.44078283021695036
Pakistan,large_city,02_05,2013,0.4392236568330446
Pakistan,large_city,02_05,2014,0.4374404757009513
Pakistan,large_city,02_05,2015,0.4355635370019543
Pakistan,large_city,02_05,2016,0.43320286777092243
Pakistan,large_city,02_05,2017,0.43150253972884156
Pakistan,large_city,02_05,2018,0.4289930329137836
Pakistan,large_city,02_05,2019,0.4285060830366979
Pakistan,large_city,02_05,2020,0.4302150849832813
Pakistan,large_city,02_05,2025,0.4218376744633019
Pakistan,large_city,02_05,2030,0.4133773522721871
Pakistan,large_city,02_05,2035,0.40484560921219814
Pakistan,large_city,02_05,2040,0.39574356751000284
Pakistan,large_city,02_05,2045,0.38619684633949314
Pakistan,large_city,02_05,2050,0.3765067835938082
Pakistan,large_city,02_05,2055,0.3668547801027482
Pakistan,large_city,02_05,2060,0.35743123782132946
Pakistan,large_city,02_05,2065,0.34817782885176485
Pakistan,large_city,02_05,2070,0.3391895872472312
Pakistan,large_city,02_05,2075,0.33049102199670805
Pakistan,large_city,02_05,2080,0.32223811008451325
Pakistan,large_city,02_05,2085,0.3145101432316424
Pakistan,large_city,02_05,2090,0.30736687008068764
Pakistan,large_city,02_05,2095,0.3007662516345054
Pakistan,large_city,02_05,2100,0.2946372357982179
Pakistan,large_city,06_10,2011,0.287162738207747
Pakistan,large_city,06_10,2012,0.2865601734646924
Pakistan,large_city,06_10,2013,0.2855465291829184
Pakistan,large_city,06_10,2014,0.28438725377675045
Pakistan,large_city,06_10,2015,0.28316702503303454
Pakistan,large_city,06_10,2016,0.28163231510795805
Pakistan,large_city,06_10,2017,0.28052690385941703
Pakistan,large_city,06_10,2018,0.27889543217101237
Pakistan,large_city,06_10,2019,0.27857885804044197
Pakistan,large_city,06_10,2020,0.2796899083370776
Pakistan,large_city,06_10,2025,0.27424361586101026
Pakistan,large_city,06_10,2030,0.26874342114276367
Pakistan,large_city,06_10,2035,0.2631967945420332
Pakistan,large_city,06_10,2040,0.25727940740655836
Pakistan,large_city,06_10,2045,0.25107292682905086
Pakistan,large_city,06_10,2050,0.24477325753403653
Pakistan,large_city,06_10,2055,0.23849833118693126
Pakistan,large_city,06_10,2060,0.23237193123281757
Pakistan,large_city,06_10,2065,0.22635613774523314
Pakistan,large_city,06_10,2070,0.2205127339264637
Pakistan,large_city,06_10,2075,0.21485765347367702
Pakistan,large_city,06_10,2080,0.20949229959184967
Pakistan,large_city,06_10,2085,0.20446822113398846
Pakistan,large_city,06_10,2090,0.1998242616761399
Pakistan,large_city,06_10,2095,0.1955330909742746
Pakistan,large_city,06_10,2100,0.19154851689195396
Pakistan,large_city,11_20,2011,0.0531984546790542
Pakistan,large_city,11_20,2012,0.05308682629239564
Pakistan,large_city,11_20,2013,0.05289904319170092
Pakistan,large_city,11_20,2014,0.052684281135382344
Pakistan,large_city,11_20,2015,0.05245822714270281
Pakistan,large_city,11_20,2016,0.05217391380558868
Pakistan,large_city,11_20,2017,0.05196913037660255
Pakistan,large_city,11_20,2018,0.051666891398044805
Pakistan,large_city,11_20,2019,0.05160824432341799
Pakistan,large_city,11_20,2020,0.05181407241664699
Pakistan,large_city,11_20,2025,0.05080511719750803
Pakistan,large_city,11_20,2030,0.04978617629566675
Pakistan,large_city,11_20,2035,0.048758633635772174
Pakistan,large_city,11_20,2040,0.0476624055759978
Pakistan,large_city,11_20,2045,0.04651262138818963
Pakistan,large_city,11_20,2050,0.045345573485054656
Pakistan,large_city,11_20,2055,0.044183109347213124
Pakistan,large_city,11_20,2060,0.04304816052920563
Pakistan,large_city,11_20,2065,0.04193370215899646
Pakistan,large_city,11_20,2070,0.04085117990989
Pakistan,large_city,11_20,2075,0.03980354558570295
Pakistan,large_city,11_20,2080,0.03880958468011712
Pakistan,large_city,11_20,2085,0.03787884689772703
Pakistan,large_city,11_20,2090,0.03701852822166331
Pakistan,large_city,11_20,2095,0.03622356557599402
Pakistan,large_city,11_20,2100,0.03548540161692105
Pakistan,large_city,21_30,2011,0.126017818840264
Pakistan,large_city,21_30,2012,0.12575339074940617
Pakistan,large_city,21_30,2013,0.1253085654831954
Pakistan,large_city,21_30,2014,0.12479983179778684
Pakistan,large_city,21_30,2015,0.12426434949347051
Pakistan,large_city,21_30,2016,0.1235908610091438
Pakistan,large_city,21_30,2017,0.12310576494364431
Pakistan,large_city,21_30,2018,0.12238981375528483
Pakistan,large_city,21_30,2019,0.12225088911037887
Pakistan,large_city,21_30,2020,0.12273845980244602
Pakistan,large_city,21_30,2025,0.12034842165584073
Pakistan,large_city,21_30,2030,0.1179347291763912
Pakistan,large_city,21_30,2035,0.11550066063912932
Pakistan,large_city,21_30,2040,0.11290388842313763
Pakistan,large_city,21_30,2045,0.11018025112279216
Pakistan,large_city,21_30,2050,0.10741571910541613
Pakistan,large_city,21_30,2055,0.10466204522495103
Pakistan,large_city,21_30,2060,0.10197355031652745
Pakistan,large_city,21_30,2065,0.09933359368904045
Pakistan,large_city,21_30,2070,0.0967692881372823
Pakistan,large_city,21_30,2075,0.09428762596734287
Pakistan,large_city,21_30,2080,0.0919331067225623
Pakistan,large_city,21_30,2085,0.08972835198003022
Pakistan,large_city,21_30,2090,0.08769040776305694
Pakistan,large_city,21_30,2095,0.0858072805318035
Pakistan,large_city,21_30,2100,0.08405869943804672
Pakistan,large_city,31_50,2011,0.0
Pakistan,large_city,31_50,2012,0.0
Pakistan,large_city,31_50,2013,0.0
Pakistan,large_city,31_50,2014,0.0
Pakistan,large_city,31_50,2015,0.0
Pakistan,large_city,31_50,2016,0.0
Pakistan,large_city,31_50,2017,0.0
Pakistan,large_city,31_50,2018,0.0
Pakistan,large_city,31_50,2019,0.0
Pakistan,large_city,31_50,2020,0.0
Pakistan,large_city,31_50,2025,0.0
Pakistan,large_city,31_50,2030,0.0
Pakistan,large_city,31_50,2035,0.0
Pakistan,large_city,31_50,2040,0.0
Pakistan,large_city,31_50,2045,0.0
Pakistan,large_city,31_50,2050,0.0
Pakistan,large_city,31_50,2055,0.0
Pakistan,large_city,31_50,2060,0.0
Pakistan,large_city,31_50,2065,0.0
Pakistan,large_city,31_50,2070,0.0
Pakistan,large_city,31_50,2075,0.0
Pakistan,large_city,31_50,2080,0.0
Pakistan,large_city,31_50,2085,0.0
Pakistan,large_city,31_50,2090,0.0
Pakistan,large_city,31_50,2095,0.0
Pakistan,large_city,31_50,2100,0.0
Pakistan,large_city,51+,2011,0.0
Pakistan,large_city,51+,2012,0.0
Pakistan,large_city,51+,2013,0.0
Pakistan,large_city,51+,2014,0.0
Pakistan,large_city,51+,2015,0.0
Pakistan,large_city,51+,2016,0.0
Pakistan,large_city,51+,2017,0.0
Pakistan,large_city,51+,2018,0.0
Pakistan,large_city,51+,2019,0.0
Pakistan,large_city,51+,2020,0.0
Pakistan,large_city,51+,2025,0.0
Pakistan,large_city,51+,2030,0.0
Pakistan,large_city,51+,2035,0.0
Pakistan,large_city,51+,2040,0.0
Pakistan,large_city,51+,2045,0.0
Pakistan,large_city,51+,2050,0.0
Pakistan,large_city,51+,2055,0.0
Pakistan,large_city,51+,2060,0.0
Pakistan,large_city,51+,2065,0.0
Pakistan,large_city,51+,2070,0.0
Pakistan,large_city,51+,2075,0.0
Pakistan,large_city,51+,2080,0.0
Pakistan,large_city,51+,2085,0.0
Pakistan,large_city,51+,2090,0.0
Pakistan,large_city,51+,2095,0.0
Pakistan,large_city,51+,2100,0.0
Pakistan,city,No_travel,2011,0.0
Pakistan,city,No_travel,2012,0.0
Pakistan,city,No_travel,2013,0.0
Pakistan,city,No_travel,2014,0.0
Pakistan,city,No_travel,2015,0.0
Pakistan,city,No_travel,2016,0.0
Pakistan,city,No_travel,2017,0.0
Pakistan,city,No_travel,2018,0.0
Pakistan,city,No_travel,2019,0.0
Pakistan,city,No_travel,2020,0.0
Pakistan,city,No_travel,2025,0.0
Pakistan,city,No_travel,2030,0.0
Pakistan,city,No_travel,2035,0.0
Pakistan,city,No_travel,2040,0.0
Pakistan,city,No_travel,2045,0.0
Pakistan,city,No_travel,2050,0.0
Pakistan,city,No_travel,2055,0.0
Pakistan,city,No_travel,2060,0.0
Pakistan,city,No_travel,2065,0.0
Pakistan,city,No_travel,2070,0.0
Pakistan,city,No_travel,2075,0.0
Pakistan,city,No_travel,2080,0.0
Pakistan,city,No_travel,2085,0.0
Pakistan,city,No_travel,2090,0.0
Pakistan,city,No_travel,2095,0.0
Pakistan,city,No_travel,2100,0.0
Pakistan,city,00_01,2011,0.784266131199457
Pakistan,city,00_01,2012,0.7826204750715692
Pakistan,city,00_01,2013,0.7798521253746659
Pakistan,city,00_01,2014,0.7766860445542069
Pakistan,city,00_01,2015,0.7733534949275206
Pakistan,city,00_01,2016,0.7691620701522687
Pakistan,city,00_01,2017,0.7661430969780733
Pakistan,city,00_01,2018,0.7616874075066179
Pakistan,city,00_01,2019,0.7608228163337873
Pakistan,city,00_01,2020,0.7638571902332313
Pakistan,city,00_01,2025,0.7489828971538278
Pakistan,city,00_01,2030,0.7339613924159734
Pakistan,city,00_01,2035,0.7188130782143728
Pakistan,city,00_01,2040,0.7026521851106482
Pakistan,city,00_01,2045,0.6857017529575566
Pakistan,city,00_01,2050,0.6684968144036464
Pakistan,city,00_01,2055,0.6513594509681245
Pakistan,city,00_01,2060,0.6346277258836629
Pakistan,city,00_01,2065,0.6181980765703542
Pakistan,city,00_01,2070,0.6022392382663851
Pakistan,city,00_01,2075,0.5867947272688611
Pakistan,city,00_01,2080,0.5721414844502453
Pakistan,city,00_01,2085,0.5584202941607905
Pakistan,city,00_01,2090,0.5457372415468433
Pakistan,city,00_01,2095,0.5340176853618286
Pakistan,city,00_01,2100,0.523135470909066
Pakistan,city,02_05,2011,0.505179898463546
Pakistan,city,02_05,2012,0.5041198598331378
Pakistan,city,02_05,2013,0.5023366454838781
Pakistan,city,02_05,2014,0.5002972352329718
Pakistan,city,02_05,2015,0.4981505951894201
Pakistan,city,02_05,2016,0.4954507163368921
Pakistan,city,02_05,2017,0.49350606451408335
Pakistan,city,02_05,2018,0.4906359612860728
Pakistan,city,02_05,2019,0.4900790405374552
Pakistan,city,02_05,2020,0.49203361263669537
Pakistan,city,02_05,2025,0.4824524340435591
Pakistan,city,02_05,2030,0.472776430023555
Pakistan,city,02_05,2035,0.4630187425169499
Pakistan,city,02_05,2040,0.4526088089339026
Pakistan,city,02_05,2045,0.44169029893664474
Pakistan,city,02_05,2050,0.4306078503060466
Pakistan,city,02_05,2055,0.419568929745944
Pakistan,city,02_05,2060,0.4087912984763633
Pakistan,city,02_05,2065,0.39820824733886867
Pakistan,city,02_05,2070,0.387928466033427
Pakistan,city,02_05,2075,0.3779799852981751
Pakistan,city,02_05,2080,0.3685411947846174
Pakistan,city,02_05,2085,0.35970277981108745
Pakistan,city,02_05,2090,0.35153307443069254
Pakistan,city,02_05,2095,0.343983998972686
Pakistan,city,02_05,2100,0.33697429171438925
Pakistan,city,06_10,2011,0.391250172065705
Pakistan,city,06_10,2012,0.3904291966116045
Pakistan,city,06_10,2013,0.3890481382537803
Pakistan,city,06_10,2014,0.38746866208300146
Pakistan,city,06_10,2015,0.38580613891262766
Pakistan,city,06_10,2016,0.3837151450531711
Pakistan,city,06_10,2017,0.38220905709797764
Pakistan,city,06_10,2018,0.3799862283884016
Pakistan,city,06_10,2019,0.37955490612204407
Pakistan,city,06_10,2020,0.38106867710237874
Pakistan,city,06_10,2025,0.3736482754107083
Pakistan,city,06_10,2030,0.3661544336144511
Pakistan,city,06_10,2035,0.3585973298430347
Pakistan,city,06_10,2040,0.35053507653892046
Pakistan,city,06_10,2045,0.3420789425396843
Pakistan,city,06_10,2050,0.33349584185254616
Pakistan,city,06_10,2055,0.3249464526514011
Pakistan,city,06_10,2060,0.3165994259753418
Pakistan,city,06_10,2065,0.3084030971207729
Pakistan,city,06_10,2070,0.30044164375181603
Pakistan,city,06_10,2075,0.2927367750282231
Pakistan,city,06_10,2080,0.28542664961794195
Pakistan,city,06_10,2085,0.2785815012070512
Pakistan,city,06_10,2090,0.27225425294256733
Pakistan,city,06_10,2095,0.26640766822915124
Pakistan,city,06_10,2100,0.2609788117380676
Pakistan,city,11_20,2011,0.145687548677459
Pakistan,city,11_20,2012,0.14538184682741057
Pakistan,city,11_20,2013,0.1448675901673569
Pakistan,city,11_20,2014,0.14427944982150015
Pakistan,city,11_20,2015,0.14366038574791154
Pakistan,city,11_20,2016,0.14288177453842515
Pakistan,city,11_20,2017,0.14232096133513297
Pakistan,city,11_20,2018,0.14149325955006226
Pakistan,city,11_20,2019,0.14133265058893676
Pakistan,city,11_20,2020,0.1418963246755695
Pakistan,city,11_20,2025,0.13913323289990634
Pakistan,city,11_20,2030,0.13634279466007335
Pakistan,city,11_20,2035,0.13352879992686734
Pakistan,city,11_20,2040,0.1305267056031979
Pakistan,city,11_20,2045,0.12737794421829568
Pakistan,city,11_20,2050,0.1241819049870312
Pakistan,city,11_20,2055,0.12099841870553459
Pakistan,city,11_20,2060,0.11789028497933082
Pakistan,city,11_20,2065,0.11483826572353883
Pakistan,city,11_20,2070,0.1118737056848574
Pakistan,city,11_20,2075,0.10900468857671061
Pakistan,city,11_20,2080,0.10628265973790972
Pakistan,city,11_20,2085,0.10373377167723277
Pakistan,city,11_20,2090,0.10137773107881085
Pakistan,city,11_20,2095,0.09920067236843244
Pakistan,city,11_20,2100,0.09717916068415165
Pakistan,city,21_30,2011,0.43292180947654
Pakistan,city,21_30,2012,0.4320133928048016
Pakistan,city,21_30,2013,0.4304852393982351
Pakistan,city,21_30,2014,0.4287375349096506
Pakistan,city,21_30,2015,0.4268979381743576
Pakistan,city,21_30,2016,0.42458423479510843
Pakistan,city,21_30,2017,0.4229177350224676
Pakistan,city,21_30,2018,0.42045815520420127
Pakistan,city,21_30,2019,0.4199808932645242
Pakistan,city,21_30,2020,0.4216558943730976
Pakistan,city,21_30,2025,0.41344515363287043
Pakistan,city,21_30,2030,0.4051531507610564
Pakistan,city,21_30,2035,0.3967911479487633
Pakistan,city,21_30,2040,0.3878701926672684
Pakistan,city,21_30,2045,0.37851340487904317
Pakistan,city,21_30,2050,0.36901612731676986
Pakistan,city,21_30,2055,0.3595561518148106
Pakistan,city,21_30,2060,0.3503200922540708
Pakistan,city,21_30,2065,0.3412507811786271
Pakistan,city,21_30,2070,0.33244136192558443
Pakistan,city,21_30,2075,0.32391585587408317
Pakistan,city,21_30,2080,0.3158271368240431
Pakistan,city,21_30,2085,0.3082529189763366
Pakistan,city,21_30,2090,0.3012517622657713
Pakistan,city,21_30,2095,0.29478246406706043
Pakistan,city,21_30,2100,0.28877538587691026
Pakistan,city,31_50,2011,0.0
Pakistan,city,31_50,2012,0.0
Pakistan,city,31_50,2013,0.0
Pakistan,city,31_50,2014,0.0
Pakistan,city,31_50,2015,0.0
Pakistan,city,31_50,2016,0.0
Pakistan,city,31_50,2017,0.0
Pakistan,city,31_50,2018,0.0
Pakistan,city,31_50,2019,0.0
Pakistan,city,31_50,2020,0.0
Pakistan,city,31_50,2025,0.0
Pakistan,city,31_50,2030,0.0
Pakistan,city,31_50,2035,0.0
Pakistan,city,31_50,2040,0.0
Pakistan,city,31_50,2045,0.0
Pakistan,city,31_50,2050,0.0
Pakistan,city,31_50,2055,0.0
Pakistan,city,31_50,2060,0.0
Pakistan,city,31_50,2065,0.0
Pakistan,city,31_50,2070,0.0
Pakistan,city,31_50,2075,0.0
Pakistan,city,31_50,2080,0.0
Pakistan,city,31_50,2085,0.0
Pakistan,city,31_50,2090,0.0
Pakistan,city,31_50,2095,0.0
Pakistan,city,31_50,2100,0.0
Pakistan,city,51+,2011,0.0
Pakistan,city,51+,2012,0.0
Pakistan,city,51+,2013,0.0
Pakistan,city,51+,2014,0.0
Pakistan,city,51+,2015,0.0
Pakistan,city,51+,2016,0.0
Pakistan,city,51+,2017,0.0
Pakistan,city,51+,2018,0.0
Pakistan,city,51+,2019,0.0
Pakistan,city,51+,2020,0.0
Pakistan,city,51+,2025,0.0
Pakistan,city,51+,2030,0.0
Pakistan,city,51+,2035,0.0
Pakistan,city,51+,2040,0.0
Pakistan,city,51+,2045,0.0
Pakistan,city,51+,2050,0.0
Pakistan,city,51+,2055,0.0
Pakistan,city,51+,2060,0.0
Pakistan,city,51+,2065,0.0
Pakistan,city,51+,2070,0.0
Pakistan,city,51+,2075,0.0
Pakistan,city,51+,2080,0.0
Pakistan,city,51+,2085,0.0
Pakistan,city,51+,2090,0.0
Pakistan,city,51+,2095,0.0
Pakistan,city,51+,2100,0.0
Pakistan,town,No_travel,2011,0.0
Pakistan,town,No_travel,2012,0.0
Pakistan,town,No_travel,2013,0.0
Pakistan,town,No_travel,2014,0.0
Pakistan,town,No_travel,2015,0.0
Pakistan,town,No_travel,2016,0.0
Pakistan,town,No_travel,2017,0.0
Pakistan,town,No_travel,2018,0.0
Pakistan,town,No_travel,2019,0.0
Pakistan,town,No_travel,2020,0.0
Pakistan,town,No_travel,2025,0.0
Pakistan,town,No_travel,2030,0.0
Pakistan,town,No_travel,2035,0.0
Pakistan,town,No_travel,2040,0.0
Pakistan,town,No_travel,2045,0.0
Pakistan,town,No_travel,2050,0.0
Pakistan,town,No_travel,2055,0.0
Pakistan,town,No_travel,2060,0.0
Pakistan,town,No_travel,2065,0.0
Pakistan,town,No_travel,2070,0.0
Pakistan,town,No_travel,2075,0.0
Pakistan,town,No_travel,2080,0.0
Pakistan,town,No_travel,2085,0.0
Pakistan,town,No_travel,2090,0.0
Pakistan,town,No_travel,2095,0.0
Pakistan,town,No_travel,2100,0.0
Pakistan,town,00_01,2011,0.809373601454855
Pakistan,town,00_01,2012,0.8076752613455509
Pakistan,town,00_01,2013,0.8048182857920583
Pakistan,town,00_01,2014,0.8015508461638381
Pakistan,town,00_01,2015,0.7981116084024765
Pakistan,town,00_01,2016,0.7937859994916538
Pakistan,town,00_01,2017,0.7906703770090701
Pakistan,town,00_01,2018,0.786072043240709
Pakistan,town,00_01,2019,0.7851797730743693
Pakistan,town,00_01,2020,0.7883112893205158
Pakistan,town,00_01,2025,0.7729608111092999
Pakistan,town,00_01,2030,0.7574584084104176
Pakistan,town,00_01,2035,0.7418251365737674
Pakistan,town,00_01,2040,0.7251468691671619
Pakistan,town,00_01,2045,0.7076537864339043
Pakistan,town,00_01,2050,0.6898980495402423
Pakistan,town,00_01,2055,0.672212051112597
Pakistan,town,00_01,2060,0.6549446771289062
Pakistan,town,00_01,2065,0.6379890495602193
Pakistan,town,00_01,2070,0.6215193055291155
Pakistan,town,00_01,2075,0.6055803544620114
Pakistan,town,00_01,2080,0.5904580032073972
Pakistan,town,00_01,2085,0.5762975431811067
Pakistan,town,00_01,2090,0.5632084557358895
Pakistan,town,00_01,2095,0.5511137100627457
Pakistan,town,00_01,2100,0.5398831127526643
Pakistan,town,02_05,2011,0.581333504919286
Pakistan,town,02_05,2012,0.5801136702143833
Pakistan,town,02_05,2013,0.5780616442908849
Pakistan,town,02_05,2014,0.5757148020813403
Pakistan,town,02_05,2015,0.5732445656683053
Pakistan,town,02_05,2016,0.5701376921743853
Pakistan,town,02_05,2017,0.5678998928014504
Pakistan,town,02_05,2018,0.5645971343700598
Pakistan,town,02_05,2019,0.5639562603136279
Pakistan,town,02_05,2020,0.5662054754002229
Pakistan,town,02_05,2025,0.5551799770584526
Pakistan,town,02_05,2030,0.5440453587815379
Pakistan,town,02_05,2035,0.5328167435983643
Pakistan,town,02_05,2040,0.5208375591648282
Pakistan,town,02_05,2045,0.5082731327010935
Pakistan,town,02_05,2050,0.4955200545894979
Pakistan,town,02_05,2055,0.48281706621001647
Pakistan,town,02_05,2060,0.4704147553110108
Pakistan,town,02_05,2065,0.45823635662727186
Pakistan,town,02_05,2070,0.44640694434410005
Pakistan,town,02_05,2075,0.4349587747078268
Pakistan,town,02_05,2080,0.424097128810724
Pakistan,town,02_05,2085,0.4139263623765879
Pakistan,town,02_05,2090,0.4045251105108912
Pakistan,town,02_05,2095,0.3958380457479218
Pakistan,town,02_05,2100,0.3877716565243651
Pakistan,town,06_10,2011,0.467167283694754
Pakistan,town,06_10,2012,0.46618700841245264
Pakistan,town,06_10,2013,0.464537973274034
Pakistan,town,06_10,2014,0.4626520198737645
Pakistan,town,06_10,2015,0.4606669052615907
Pakistan,town,06_10,2016,0.458170180681542
Pakistan,town,06_10,2017,0.4563718555451765
Pakistan,town,06_10,2018,0.4537177152418287
Pakistan,town,06_10,2019,0.45320270038443583
Pakistan,town,06_10,2020,0.45501019933909487
Pakistan,town,06_10,2025,0.4461499632300114
Pakistan,town,06_10,2030,0.43720203689962317
Pakistan,town,06_10,2035,0.4281785734137104
Pakistan,town,06_10,2040,0.4185519425635402
Pakistan,town,06_10,2045,0.40845500348713104
Pakistan,town,06_10,2050,0.39820646145450156
Pakistan,town,06_10,2055,0.38799817219226074
Pakistan,town,06_10,2060,0.37803151132513807
Pakistan,town,06_10,2065,0.36824478927197857
Pakistan,town,06_10,2070,0.3587385173002607
Pakistan,town,06_10,2075,0.3495386169556261
Pakistan,town,06_10,2080,0.3408100548354911
Pakistan,town,06_10,2085,0.33263669257798834
Pakistan,town,06_10,2090,0.32508172239260813
Pakistan,town,06_10,2095,0.31810068239705463
Pakistan,town,06_10,2100,0.3116184254638046
Pakistan,town,11_20,2011,0.112734185376748
Pakistan,town,11_20,2012,0.11249763085066646
Pakistan,town,11_20,2013,0.11209969495173754
Pakistan,town,11_20,2014,0.11164458726834758
Pakistan,town,11_20,2015,0.11116555055817182
Pakistan,town,11_20,2016,0.11056305500365478
Pakistan,town,11_20,2017,0.11012909328080613
Pakistan,town,11_20,2018,0.10948861104795993
Pakistan,town,11_20,2019,0.10936433055480142
Pakistan,town,11_20,2020,0.10980050605196219
Pakistan,town,11_20,2025,0.10766240363155423
Pakistan,town,11_20,2030,0.10550314029939294
Pakistan,town,11_20,2035,0.10332564876506306
Pakistan,town,11_20,2040,0.10100260426966619
Pakistan,town,11_20,2045,0.09856606763427675
Pakistan,town,11_20,2050,0.09609294702486619
Pakistan,town,11_20,2055,0.09362953998795376
Pakistan,town,11_20,2060,0.09122444135841117
Pakistan,town,11_20,2065,0.0888627645529513
Pakistan,town,11_20,2070,0.08656876438618949
Pakistan,town,11_20,2075,0.08434869609994942
Pakistan,town,11_20,2080,0.08224236850709789
Pakistan,town,11_20,2085,0.08027001862719772
Pakistan,town,11_20,2090,0.07844689564936747
Pakistan,town,11_20,2095,0.07676227028186111
Pakistan,town,11_20,2100,0.07519800844187703
Pakistan,town,21_30,2011,0.357090543456726
Pakistan,town,21_30,2012,0.35634124648000765
Pakistan,town,21_30,2013,0.35508076683104767
Pakistan,town,21_30,2014,0.3536391930133992
Pakistan,town,21_30,2015,0.35212182293971017
Pakistan,town,21_30,2016,0.35021339148856023
Pakistan,town,21_30,2017,0.34883879844090954
Pakistan,town,21_30,2018,0.34681004249756286
Pakistan,town,21_30,2019,0.3464163785109493
Pakistan,town,21_30,2020,0.34779798378714066
Pakistan,town,21_30,2025,0.3410254493272687
Pakistan,town,21_30,2030,0.3341858867387702
Pakistan,town,21_30,2035,0.32728858550962014
Pakistan,town,21_30,2040,0.3199302388061497
Pakistan,town,21_30,2045,0.31221240070428413
Pakistan,town,21_30,2050,0.3043786812384707
Pakistan,town,21_30,2055,0.29657572994533427
Pakistan,town,21_30,2060,0.2889574731244753
Pakistan,town,21_30,2065,0.2814767568615914
Pakistan,town,21_30,2070,0.274210409360155
Pakistan,town,21_30,2075,0.2671782443767017
Pakistan,town,21_30,2080,0.26050635809557376
Pakistan,town,21_30,2085,0.2542588521758155
Pakistan,town,21_30,2090,0.24848402910181894
Pakistan,town,21_30,2095,0.2431479033650386
Pakistan,town,21_30,2100,0.23819303445210152
Pakistan,town,31_50,2011,0.0
Pakistan,town,31_50,2012,0.0
Pakistan,town,31_50,2013,0.0
Pakistan,town,31_50,2014,0.0
Pakistan,town,31_50,2015,0.0
Pakistan,town,31_50,2016,0.0
Pakistan,town,31_50,2017,0.0
Pakistan,town,31_50,2018,0.0
Pakistan,town,31_50,2019,0.0
Pakistan,town,31_50,2020,0.0
Pakistan,town,31_50,2025,0.0
Pakistan,town,31_50,2030,0.0
Pakistan,town,31_50,2035,0.0
Pakistan,town,31_50,2040,0.0
Pakistan,town,31_50,2045,0.0
Pakistan,town,31_50,2050,0.0
Pakistan,town,31_50,2055,0.0
Pakistan,town,31_50,2060,0.0
Pakistan,town,31_50,2065,0.0
Pakistan,town,31_50,2070,0.0
Pakistan,town,31_50,2075,0.0
Pakistan,town,31_50,2080,0.0
Pakistan,town,31_50,2085,0.0
Pakistan,town,31_50,2090,0.0
Pakistan,town,31_50,2095,0.0
Pakistan,town,31_50,2100,0.0
Pakistan,town,51+,2011,0.0
Pakistan,town,51+,2012,0.0
Pakistan,town,51+,2013,0.0
Pakistan,town,51+,2014,0.0
Pakistan,town,51+,2015,0.0
Pakistan,town,51+,2016,0.0
Pakistan,town,51+,2017,0.0
Pakistan,town,51+,2018,0.0
Pakistan,town,51+,2019,0.0
Pakistan,town,51+,2020,0.0
Pakistan,town,51+,2025,0.0
Pakistan,town,51+,2030,0.0
Pakistan,town,51+,2035,0.0
Pakistan,town,51+,2040,0.0
Pakistan,town,51+,2045,0.0
Pakistan,town,51+,2050,0.0
Pakistan,town,51+,2055,0.0
Pakistan,town,51+,2060,0.0
Pakistan,town,51+,2065,0.0
Pakistan,town,51+,2070,0.0
Pakistan,town,51+,2075,0.0
Pakistan,town,51+,2080,0.0
Pakistan,town,51+,2085,0.0
Pakistan,town,51+,2090,0.0
Pakistan,town,51+,2095,0.0
Pakistan,town,51+,2100,0.0
Pakistan,rural,No_travel,2011,0.0
Pakistan,rural,No_travel,2012,0.0
Pakistan,rural,No_travel,2013,0.0
Pakistan,rural,No_travel,2014,0.0
Pakistan,rural,No_travel,2015,0.0
Pakistan,rural,No_travel,2016,0.0
Pakistan,rural,No_travel,2017,0.0
Pakistan,rural,No_travel,2018,0.0
Pakistan,rural,No_travel,2019,0.0
Pakistan,rural,No_travel,2020,0.0
Pakistan,rural,No_travel,2025,0.0
Pakistan,rural,No_travel,2030,0.0
Pakistan,rural,No_travel,2035,0.0
Pakistan,rural,No_travel,2040,0.0
Pakistan,rural,No_travel,2045,0.0
Pakistan,rural,No_travel,2050,0.0
Pakistan,rural,No_travel,2055,0.0
Pakistan,rural,No_travel,2060,0.0
Pakistan,rural,No_travel,2065,0.0
Pakistan,rural,No_travel,2070,0.0
Pakistan,rural,No_travel,2075,0.0
Pakistan,rural,No_travel,2080,0.0
Pakistan,rural,No_travel,2085,0.0
Pakistan,rural,No_travel,2090,0.0
Pakistan,rural,No_travel,2095,0.0
Pakistan,rural,No_travel,2100,0.0
Pakistan,rural,00_01,2011,0.900728094580366
Pakistan,rural,00_01,2012,0.898838061784815
Pakistan,rural,00_01,2013,0.8956586176542743
Pakistan,rural,00_01,2014,0.8920223801179958
Pakistan,rural,00_01,2015,0.8881949534882766
Pakistan,rural,00_01,2016,0.8833811104556626
Pakistan,rural,00_01,2017,0.8799138257590465
Pakistan,rural,00_01,2018,0.8747964752475208
Pakistan,rural,00_01,2019,0.8738034940021066
Pakistan,rural,00_01,2020,0.8772884664010936
Pakistan,rural,00_01,2025,0.8602053703312039
Pakistan,rural,00_01,2030,0.8429532019638611
Pakistan,rural,00_01,2035,0.8255553931791768
Pakistan,rural,00_01,2040,0.8069946395358032
Pakistan,rural,00_01,2045,0.7875271018618029
Pakistan,rural,00_01,2050,0.7677672640917659
Pakistan,rural,00_01,2055,0.7480850362110325
Pakistan,rural,00_01,2060,0.7288686831711269
Pakistan,rural,00_01,2065,0.7099992635546415
Pakistan,rural,00_01,2070,0.6916705694476223
Pakistan,rural,00_01,2075,0.6739325792308964
Pakistan,rural,00_01,2080,0.6571033589466425
Pakistan,rural,00_01,2085,0.641344599141609
Pakistan,rural,00_01,2090,0.6267781383957506
Pakistan,rural,00_01,2095,0.6133182513855703
Pakistan,rural,00_01,2100,0.6008200496924019
Pakistan,rural,02_05,2011,0.722077962195642
Pakistan,rural,02_05,2012,0.720562797921644
Pakistan,rural,02_05,2013,0.7180139637590267
Pakistan,rural,02_05,2014,0.7150989364538348
Pakistan,rural,02_05,2015,0.7120306404410092
Pakistan,rural,02_05,2016,0.7081715735503078
Pakistan,rural,02_05,2017,0.7053919890306852
Pakistan,rural,02_05,2018,0.7012896122408009
Pakistan,rural,02_05,2019,0.7004935785892455
Pakistan,rural,02_05,2020,0.7032873426378079
Pakistan,rural,02_05,2025,0.6895925025719108
Pakistan,rural,02_05,2030,0.675762123955875
Pakistan,rural,02_05,2035,0.6618149911979399
Pakistan,rural,02_05,2040,0.646935571705794
Pakistan,rural,02_05,2045,0.631329219447893
Pakistan,rural,02_05,2050,0.6154885418048224
Pakistan,rural,02_05,2055,0.5997100809295554
Pakistan,rural,02_05,2060,0.5843050934229188
Pakistan,rural,02_05,2065,0.5691782286715379
Pakistan,rural,02_05,2070,0.5544848420989013
Pakistan,rural,02_05,2075,0.5402649993892024
Pakistan,rural,02_05,2080,0.5267736814639442
Pakistan,rural,02_05,2085,0.5141405092167185
Pakistan,rural,02_05,2090,0.5024631558011214
Pakistan,rural,02_05,2095,0.4916728986278704
Pakistan,rural,02_05,2100,0.48165358640255596
Pakistan,rural,06_10,2011,0.560969409411097
Pakistan,rural,06_10,2012,0.5597923054798802
Pakistan,rural,06_10,2013,0.5578121619638774
Pakistan,rural,06_10,2014,0.5555475295676214
Pakistan,rural,06_10,2015,0.5531638254631789
Pakistan,rural,06_10,2016,0.5501657856559924
Pakistan,rural,06_10,2017,0.5480063763290001
Pakistan,rural,06_10,2018,0.5448193134279172
Pakistan,rural,06_10,2019,0.5442008891707546
Pakistan,rural,06_10,2020,0.5463713143192946
Pakistan,rural,06_10,2025,0.5357320388588088
Pakistan,rural,06_10,2030,0.5249874659312841
Pakistan,rural,06_10,2035,0.5141521888063506
Pakistan,rural,06_10,2040,0.5025926348497274
Pakistan,rural,06_10,2045,0.4904683398739389
Pakistan,rural,06_10,2050,0.47816200171194245
Pakistan,rural,06_10,2055,0.4659039986402236
Pakistan,rural,06_10,2060,0.45393614032571955
Pakistan,rural,06_10,2065,0.4421843505881946
Pakistan,rural,06_10,2070,0.4307693222679318
Pakistan,rural,06_10,2075,0.41972218167590636
Pakistan,rural,06_10,2080,0.4092410189137906
Pakistan,rural,06_10,2085,0.39942653412745843
Pakistan,rural,06_10,2090,0.39035460783696
Pakistan,rural,06_10,2095,0.38197185069607326
Pakistan,rural,06_10,2100,0.3741880268487846
Pakistan,rural,11_20,2011,0.225558156612901
Pakistan,rural,11_20,2012,0.22508485915957682
Pakistan,rural,11_20,2013,0.22428867043019945
Pakistan,rural,11_20,2014,0.22337809259808272
Pakistan,rural,11_20,2015,0.2224196376543932
Pakistan,rural,11_20,2016,0.22121416669462912
Pakistan,rural,11_20,2017,0.2203458976250547
Pakistan,rural,11_20,2018,0.2190644230545745
Pakistan,rural,11_20,2019,0.2188157630864726
Pakistan,rural,11_20,2020,0.21968846146780663
Pakistan,rural,11_20,2025,0.2154105537596424
Pakistan,rural,11_20,2030,0.21109030737460413
Pakistan,rural,11_20,2035,0.20673359006758446
Pakistan,rural,11_20,2040,0.20208565091443084
Pakistan,rural,11_20,2045,0.19721063709176836
Pakistan,rural,11_20,2050,0.1922624261841737
Pakistan,rural,11_20,2055,0.18733365015783965
Pakistan,rural,11_20,2060,0.18252153738531293
Pakistan,rural,11_20,2065,0.1777963028437695
Pakistan,rural,11_20,2070,0.1732064754799111
Pakistan,rural,11_20,2075,0.16876457075930135
Pakistan,rural,11_20,2080,0.16455023801294993
Pakistan,rural,11_20,2085,0.1606039673975265
Pakistan,rural,11_20,2090,0.15695626943631133
Pakistan,rural,11_20,2095,0.1535856770005901
Pakistan,rural,11_20,2100,0.15045590748207555
Pakistan,rural,21_30,2011,0.316687599761256
Pakistan,rural,21_30,2012,0.31602308185280553
Pakistan,rural,21_30,2013,0.31490521894130724
Pakistan,rural,21_30,2014,0.31362675172744475
Pakistan,rural,21_30,2015,0.31228106421095536
Pakistan,rural,21_30,2016,0.31058856188445
Pakistan,rural,21_30,2017,0.30936949691371446
Pakistan,rural,21_30,2018,0.3075702841874954
Pakistan,rural,21_30,2019,0.3072211612400595
Pakistan,rural,21_30,2020,0.3084464450420304
Pakistan,rural,21_30,2025,0.3024401877448327
Pakistan,rural,21_30,2030,0.29637448620426265
Pakistan,rural,21_30,2035,0.2902575788508911
Pakistan,rural,21_30,2040,0.2837317909283789
Pakistan,rural,21_30,2045,0.27688718619545644
Pakistan,rural,21_30,2050,0.2699398114741426
Pakistan,rural,21_30,2055,0.2630197236662815
Pakistan,rural,21_30,2060,0.25626343310868793
Pakistan,rural,21_30,2065,0.2496291211079984
Pakistan,rural,21_30,2070,0.24318492315476992
Pakistan,rural,21_30,2075,0.23694841118170817
Pakistan,rural,21_30,2080,0.2310314142436291
Pakistan,rural,21_30,2085,0.225490781229184
Pakistan,rural,21_30,2090,0.22036934944707487
Pakistan,rural,21_30,2095,0.2156369786728541
Pakistan,rural,21_30,2100,0.21124272748944278
Pakistan,rural,31_50,2011,0.0
Pakistan,rural,31_50,2012,0.0
Pakistan,rural,31_50,2013,0.0
Pakistan,rural,31_50,2014,0.0
Pakistan,rural,31_50,2015,0.0
Pakistan,rural,31_50,2016,0.0
Pakistan,rural,31_50,2017,0.0
Pakistan,rural,31_50,2018,0.0
Pakistan,rural,31_50,2019,0.0
Pakistan,rural,31_50,2020,0.0
Pakistan,rural,31_50,2025,0.0
Pakistan,rural,31_50,2030,0.0
Pakistan,rural,31_50,2035,0.0
Pakistan,rural,31_50,2040,0.0
Pakistan,rural,31_50,2045,0.0
Pakistan,rural,31_50,2050,0.0
Pakistan,rural,31_50,2055,0.0
Pakistan,rural,31_50,2060,0.0
Pakistan,rural,31_50,2065,0.0
Pakistan,rural,31_50,2070,0.0
Pakistan,rural,31_50,2075,0.0
Pakistan,rural,31_50,2080,0.0
Pakistan,rural,31_50,2085,0.0
Pakistan,rural,31_50,2090,0.0
Pakistan,rural,31_50,2095,0.0
Pakistan,rural,31_50,2100,0.0
Pakistan,rural,51+,2011,0.0
Pakistan,rural,51+,2012,0.0
Pakistan,rural,51+,2013,0.0
Pakistan,rural,51+,2014,0.0
Pakistan,rural,51+,2015,0.0
Pakistan,rural,51+,2016,0.0
Pakistan,rural,51+,2017,0.0
Pakistan,rural,51+,2018,0.0
Pakistan,rural,51+,2019,0.0
Pakistan,rural,51+,2020,0.0
Pakistan,rural,51+,2025,0.0
Pakistan,rural,51+,2030,0.0
Pakistan,rural,51+,2035,0.0
Pakistan,rural,51+,2040,0.0
Pakistan,rural,51+,2045,0.0
Pakistan,rural,51+,2050,0.0
Pakistan,rural,51+,2055,0.0
Pakistan,rural,51+,2060,0.0
Pakistan,rural,51+,2065,0.0
Pakistan,rural,51+,2070,0.0
Pakistan,rural,51+,2075,0.0
Pakistan,rural,51+,2080,0.0
Pakistan,rural,51+,2085,0.0
Pakistan,rural,51+,2090,0.0
Pakistan,rural,51+,2095,0.0
Pakistan,rural,51+,2100,0.0
Sri Lanka,large_city,No_travel,2011,0.0
Sri Lanka,large_city,No_travel,2012,0.0
Sri Lanka,large_city,No_travel,2013,0.0
Sri Lanka,large_city,No_travel,2014,0.0
Sri Lanka,large_city,No_travel,2015,0.0
Sri Lanka,large_city,No_travel,2016,0.0
Sri Lanka,large_city,No_travel,2017,0.0
Sri Lanka,large_city,No_travel,2018,0.0
Sri Lanka,large_city,No_travel,2019,0.0
Sri Lanka,large_city,No_travel,2020,0.0
Sri Lanka,large_city,No_travel,2025,0.0
Sri Lanka,large_city,No_travel,2030,0.0
Sri Lanka,large_city,No_travel,2035,0.0
Sri Lanka,large_city,No_travel,2040,0.0
Sri Lanka,large_city,No_travel,2045,0.0
Sri Lanka,large_city,No_travel,2050,0.0
Sri Lanka,large_city,No_travel,2055,0.0
Sri Lanka,large_city,No_travel,2060,0.0
Sri Lanka,large_city,No_travel,2065,0.0
Sri Lanka,large_city,No_travel,2070,0.0
Sri Lanka,large_city,No_travel,2075,0.0
Sri Lanka,large_city,No_travel,2080,0.0
Sri Lanka,large_city,No_travel,2085,0.0
Sri Lanka,large_city,No_travel,2090,0.0
Sri Lanka,large_city,No_travel,2095,0.0
Sri Lanka,large_city,No_travel,2100,0.0
Sri Lanka,large_city,00_01,2011,0.798031141556873
Sri Lanka,large_city,00_01,2012,0.7911195754734457
Sri Lanka,large_city,00_01,2013,0.7879428964015214
Sri Lanka,large_city,00_01,2014,0.782722371897639
Sri Lanka,large_city,00_01,2015,0.7793542654002257
Sri Lanka,large_city,00_01,2016,0.7751898959600028
Sri Lanka,large_city,00_01,2017,0.7697463952950475
Sri Lanka,large_city,00_01,2018,0.7679339322048336
Sri Lanka,large_city,00_01,2019,0.7684378682056942
Sri Lanka,large_city,00_01,2020,0.7731154916758235
Sri Lanka,large_city,00_01,2025,0.7776720887085588
Sri Lanka,large_city,00_01,2030,0.7670111042777136
Sri Lanka,large_city,00_01,2035,0.7554286777836953
Sri Lanka,large_city,00_01,2040,0.7433345844064799
Sri Lanka,large_city,00_01,2045,0.7308064871169586
Sri Lanka,large_city,00_01,2050,0.7179698429804441
Sri Lanka,large_city,00_01,2055,0.705051211763742
Sri Lanka,large_city,00_01,2060,0.69244457285763
Sri Lanka,large_city,00_01,2065,0.6804063235479173
Sri Lanka,large_city,00_01,2070,0.6690294761650322
Sri Lanka,large_city,00_01,2075,0.6579309624911519
Sri Lanka,large_city,00_01,2080,0.6474333854963495
Sri Lanka,large_city,00_01,2085,0.6375187047583459
Sri Lanka,large_city,00_01,2090,0.6283972813727892
Sri Lanka,large_city,00_01,2095,0.6200422040128659
Sri Lanka,large_city,00_01,2100,0.612148307652625
Sri Lanka,large_city,02_05,2011,0.44170968683356
Sri Lanka,large_city,02_05,2012,0.43788413976996515
Sri Lanka,large_city,02_05,2013,0.43612585009308236
Sri Lanka,large_city,02_05,2014,0.4332362933782678
Sri Lanka,large_city,02_05,2015,0.43137204875331225
Sri Lanka,large_city,02_05,2016,0.4290670731383111
Sri Lanka,large_city,02_05,2017,0.4260540992720221
Sri Lanka,large_city,02_05,2018,0.42505090220077263
Sri Lanka,large_city,02_05,2019,0.4253298304299266
Sri Lanka,large_city,02_05,2020,0.4279188917967366
Sri Lanka,large_city,02_05,2025,0.43044096511386265
Sri Lanka,large_city,02_05,2030,0.42454011757914206
Sri Lanka,large_city,02_05,2035,0.4181292524975305
Sri Lanka,large_city,02_05,2040,0.41143518014871994
Sri Lanka,large_city,02_05,2045,0.4045008869335717
Sri Lanka,large_city,02_05,2050,0.39739581325126905
Sri Lanka,large_city,02_05,2055,0.39024535977658964
Sri Lanka,large_city,02_05,2060,0.3832675938307908
Sri Lanka,large_city,02_05,2065,0.37660443113485415
Sri Lanka,large_city,02_05,2070,0.3703073539495658
Sri Lanka,large_city,02_05,2075,0.3641643342803788
Sri Lanka,large_city,02_05,2080,0.3583539326488845
Sri Lanka,large_city,02_05,2085,0.35286616369378515
Sri Lanka,large_city,02_05,2090,0.3478174621365371
Sri Lanka,large_city,02_05,2095,0.34319293257629707
Sri Lanka,large_city,02_05,2100,0.3388236663815265
Sri Lanka,large_city,06_10,2011,0.287162738207747
Sri Lanka,large_city,06_10,2012,0.2846756870909839
Sri Lanka,large_city,06_10,2013,0.28353259402957603
Sri Lanka,large_city,06_10,2014,0.2816540456454982
Sri Lanka,large_city,06_10,2015,0.2804420695282684
Sri Lanka,large_city,06_10,2016,0.27894356693972266
Sri Lanka,large_city,06_10,2017,0.27698478303395346
Sri Lanka,large_city,06_10,2018,0.2763325881047294
Sri Lanka,large_city,06_10,2019,0.2765139239378226
Sri Lanka,large_city,06_10,2020,0.2781971153498352
Sri Lanka,large_city,06_10,2025,0.2798367567280863
Sri Lanka,large_city,06_10,2030,0.27600051861439673
Sri Lanka,large_city,06_10,2035,0.2718327096982891
Sri Lanka,large_city,06_10,2040,0.2674807830760198
Sri Lanka,large_city,06_10,2045,0.2629726849143698
Sri Lanka,large_city,06_10,2050,0.2583535595598773
Sri Lanka,large_city,06_10,2055,0.253704932055383
Sri Lanka,large_city,06_10,2060,0.24916857155595074
Sri Lanka,large_city,06_10,2065,0.24483673980780557
Sri Lanka,large_city,06_10,2070,0.2407429062761124
Sri Lanka,large_city,06_10,2075,0.23674922807151258
Sri Lanka,large_city,06_10,2080,0.23297179032830234
Sri Lanka,large_city,06_10,2085,0.22940410139873715
Sri Lanka,large_city,06_10,2090,0.22612185741181873
Sri Lanka,large_city,06_10,2095,0.22311537462227196
Sri Lanka,large_city,06_10,2100,0.22027484274839973
Sri Lanka,large_city,11_20,2011,0.0531984546790542
Sri Lanka,large_city,11_20,2012,0.05273771497116112
Sri Lanka,large_city,11_20,2013,0.052525950781974244
Sri Lanka,large_city,11_20,2014,0.05217793950552347
Sri Lanka,large_city,11_20,2015,0.05195341435665858
Sri Lanka,large_city,11_20,2016,0.05167580862500713
Sri Lanka,large_city,11_20,2017,0.05131293328300597
Sri Lanka,large_city,11_20,2018,0.051192110635190385
Sri Lanka,large_city,11_20,2019,0.051225704081745135
Sri Lanka,large_city,11_20,2020,0.05153752441960299
Sri Lanka,large_city,11_20,2025,0.05184127687751307
Sri Lanka,large_city,11_20,2030,0.05113059296112858
Sri Lanka,large_city,11_20,2035,0.05035848375532311
Sri Lanka,large_city,11_20,2040,0.049552265745889466
Sri Lanka,large_city,11_20,2045,0.04871711611178978
Sri Lanka,large_city,11_20,2050,0.04786139808806044
Sri Lanka,large_city,11_20,2055,0.04700021463103846
Sri Lanka,large_city,11_20,2060,0.04615982924558392
Sri Lanka,large_city,11_20,2065,0.045357333920566255
Sri Lanka,large_city,11_20,2070,0.04459892905592878
Sri Lanka,large_city,11_20,2075,0.04385907850882741
Sri Lanka,large_city,11_20,2080,0.043159287679977815
Sri Lanka,large_city,11_20,2085,0.04249835395642789
Sri Lanka,large_city,11_20,2090,0.0418903004566129
Sri Lanka,large_city,11_20,2095,0.04133333321420086
Sri Lanka,large_city,11_20,2100,0.04080710927895171
Sri Lanka,large_city,21_30,2011,0.126017818840264
Sri Lanka,large_city,21_30,2012,0.1249264071932139
Sri Lanka,large_city,21_30,2013,0.12442477492981821
Sri Lanka,large_city,21_30,2014,0.12360039718699235
Sri Lanka,large_city,21_30,2015,0.12306853644582162
Sri Lanka,large_city,21_30,2016,0.12241093710367296
Sri Lanka,large_city,21_30,2017,0.12155134899372162
Sri Lanka,large_city,21_30,2018,0.12126514130900441
Sri Lanka,large_city,21_30,2019,0.12134471829836804
Sri Lanka,large_city,21_30,2020,0.1220833660482688
Sri Lanka,large_city,21_30,2025,0.12280290240405449
Sri Lanka,large_city,21_30,2030,0.12111941671696193
Sri Lanka,large_city,21_30,2035,0.11929042528085536
Sri Lanka,large_city,21_30,2040,0.11738063606476805
Sri Lanka,large_city,21_30,2045,0.11540231289862682
Sri Lanka,large_city,21_30,2050,0.11337526682100588
Sri Lanka,large_city,21_30,2055,0.11133527408945089
Sri Lanka,large_city,21_30,2060,0.10934454834564628
Sri Lanka,large_city,21_30,2065,0.10744357751673135
Sri Lanka,large_city,21_30,2070,0.10564704926387046
Sri Lanka,large_city,21_30,2075,0.10389447293856227
Sri Lanka,large_city,21_30,2080,0.10223679106738627
Sri Lanka,large_city,21_30,2085,0.10067115487095502
Sri Lanka,large_city,21_30,2090,0.09923078266001101
Sri Lanka,large_city,21_30,2095,0.09791142484261416
Sri Lanka,large_city,21_30,2100,0.09666489253370203
Sri Lanka,large_city,31_50,2011,0.0
Sri Lanka,large_city,31_50,2012,0.0
Sri Lanka,large_city,31_50,2013,0.0
Sri Lanka,large_city,31_50,2014,0.0
Sri Lanka,large_city,31_50,2015,0.0
Sri Lanka,large_city,31_50,2016,0.0
Sri Lanka,large_city,31_50,2017,0.0
Sri Lanka,large_city,31_50,2018,0.0
Sri Lanka,large_city,31_50,2019,0.0
Sri Lanka,large_city,31_50,2020,0.0
Sri Lanka,large_city,31_50,2025,0.0
Sri Lanka,large_city,31_50,2030,0.0
Sri Lanka,large_city,31_50,2035,0.0
Sri Lanka,large_city,31_50,2040,0.0
Sri Lanka,large_city,31_50,2045,0.0
Sri Lanka,large_city,31_50,2050,0.0
Sri Lanka,large_city,31_50,2055,0.0
Sri Lanka,large_city,31_50,2060,0.0
Sri Lanka,large_city,31_50,2065,0.0
Sri Lanka,large_city,31_50,2070,0.0
Sri Lanka,large_city,31_50,2075,0.0
Sri Lanka,large_city,31_50,2080,0.0
Sri Lanka,large_city,31_50,2085,0.0
Sri Lanka,large_city,31_50,2090,0.0
Sri Lanka,large_city,31_50,2095,0.0
Sri Lanka,large_city,31_50,2100,0.0
Sri Lanka,large_city,51+,2011,0.0
Sri Lanka,large_city,51+,2012,0.0
Sri Lanka,large_city,51+,2013,0.0
Sri Lanka,large_city,51+,2014,0.0
Sri Lanka,large_city,51+,2015,0.0
Sri Lanka,large_city,51+,2016,0.0
Sri Lanka,large_city,51+,2017,0.0
Sri Lanka,large_city,51+,2018,0.0
Sri Lanka,large_city,51+,2019,0.0
Sri Lanka,large_city,51+,2020,0.0
Sri Lanka,large_city,51+,2025,0.0
Sri Lanka,large_city,51+,2030,0.0
Sri Lanka,large_city,51+,2035,0.0
Sri Lanka,large_city,51+,2040,0.0
Sri Lanka,large_city,51+,2045,0.0
Sri Lanka,large_city,51+,2050,0.0
Sri Lanka,large_city,51+,2055,0.0
Sri Lanka,large_city,51+,2060,0.0
Sri Lanka,large_city,51+,2065,0.0
Sri Lanka,large_city,51+,2070,0.0
Sri Lanka,large_city,51+,2075,0.0
Sri Lanka,large_city,51+,2080,0.0
Sri Lanka,large_city,51+,2085,0.0
Sri Lanka,large_city,51+,2090,0.0
Sri Lanka,large_city,51+,2095,0.0
Sri Lanka,large_city,51+,2100,0.0
Sri Lanka,city,No_travel,2011,0.0
Sri Lanka,city,No_travel,2012,0.0
Sri Lanka,city,No_travel,2013,0.0
Sri Lanka,city,No_travel,2014,0.0
Sri Lanka,city,No_travel,2015,0.0
Sri Lanka,city,No_travel,2016,0.0
Sri Lanka,city,No_travel,2017,0.0
Sri Lanka,city,No_travel,2018,0.0
Sri Lanka,city,No_travel,2019,0.0
Sri Lanka,city,No_travel,2020,0.0
Sri Lanka,city,No_travel,2025,0.0
Sri Lanka,city,No_travel,2030,0.0
Sri Lanka,city,No_travel,2035,0.0
Sri Lanka,city,No_travel,2040,0.0
Sri Lanka,city,No_travel,2045,0.0
Sri Lanka,city,No_travel,2050,0.0
Sri Lanka,city,No_travel,2055,0.0
Sri Lanka,city,No_travel,2060,0.0
Sri Lanka,city,No_travel,2065,0.0
Sri Lanka,city,No_travel,2070,0.0
Sri Lanka,city,No_travel,2075,0.0
Sri Lanka,city,No_travel,2080,0.0
Sri Lanka,city,No_travel,2085,0.0
Sri Lanka,city,No_travel,2090,0.0
Sri Lanka,city,No_travel,2095,0.0
Sri Lanka,city,No_travel,2100,0.0
Sri Lanka,city,00_01,2011,0.784266131199457
Sri Lanka,city,00_01,2012,0.7774737807377894
Sri Lanka,city,00_01,2013,0.7743518952923918
Sri Lanka,city,00_01,2014,0.7692214181189018
Sri Lanka,city,00_01,2015,0.7659114071247933
Sri Lanka,city,00_01,2016,0.7618188676990796
Sri Lanka,city,00_01,2017,0.7564692604163895
Sri Lanka,city,00_01,2018,0.754688059982368
Sri Lanka,city,00_01,2019,0.7551833037356329
Sri Lanka,city,00_01,2020,0.7597802442196462
Sri Lanka,city,00_01,2025,0.7642582458165846
Sri Lanka,city,00_01,2030,0.753781149649579
Sri Lanka,city,00_01,2035,0.7423985051093616
Sri Lanka,city,00_01,2040,0.7305130192813154
Sri Lanka,city,00_01,2045,0.7182010155500137
Sri Lanka,city,00_01,2050,0.705585787007819
Sri Lanka,city,00_01,2055,0.6928899855570764
Sri Lanka,city,00_01,2060,0.6805007949510098
Sri Lanka,city,00_01,2065,0.6686701899521571
Sri Lanka,city,00_01,2070,0.6574895785479266
Sri Lanka,city,00_01,2075,0.646582499954355
Sri Lanka,city,00_01,2080,0.6362659926553785
Sri Lanka,city,00_01,2085,0.6265223274027892
Sri Lanka,city,00_01,2090,0.6175582368340089
Sri Lanka,city,00_01,2095,0.609347273807985
Sri Lanka,city,00_01,2100,0.6015895370028049
Sri Lanka,city,02_05,2011,0.505179898463546
Sri Lanka,city,02_05,2012,0.5008046503429799
Sri Lanka,city,02_05,2013,0.4987937082538339
Sri Lanka,city,02_05,2014,0.49548894494139895
Sri Lanka,city,02_05,2015,0.49335682301059525
Sri Lanka,city,02_05,2016,0.49072064050915515
Sri Lanka,city,02_05,2017,0.4872747259702269
Sri Lanka,city,02_05,2018,0.4861273773616289
Sri Lanka,city,02_05,2019,0.4864463853858649
Sri Lanka,city,02_05,2020,0.4894074745296802
Sri Lanka,city,02_05,2025,0.49229194996737524
Sri Lanka,city,02_05,2030,0.4855431970029372
Sri Lanka,city,02_05,2035,0.47821114097716033
Sri Lanka,city,02_05,2040,0.4705551830249544
Sri Lanka,city,02_05,2045,0.46262448635525466
Sri Lanka,city,02_05,2050,0.4544984694070365
Sri Lanka,city,02_05,2055,0.44632055194681103
Sri Lanka,city,02_05,2060,0.43834013585661713
Sri Lanka,city,02_05,2065,0.4307195290315562
Sri Lanka,city,02_05,2070,0.4235176113288101
Sri Lanka,city,02_05,2075,0.41649188799684966
Sri Lanka,city,02_05,2080,0.4098465773013277
Sri Lanka,city,02_05,2085,0.4035702590629796
Sri Lanka,city,02_05,2090,0.3977960987579457
Sri Lanka,city,02_05,2095,0.39250706063330965
Sri Lanka,city,02_05,2100,0.3875099652142407
Sri Lanka,city,06_10,2011,0.391250172065705
Sri Lanka,city,06_10,2012,0.38786164337482093
Sri Lanka,city,06_10,2013,0.3863042151382947
Sri Lanka,city,06_10,2014,0.383744752225065
Sri Lanka,city,06_10,2015,0.3820934729979439
Sri Lanka,city,06_10,2016,0.38005181049232567
Sri Lanka,city,06_10,2017,0.37738302921187517
Sri Lanka,city,06_10,2018,0.37649443419473655
Sri Lanka,city,06_10,2019,0.3767414985469648
Sri Lanka,city,06_10,2020,0.37903479374842314
Sri Lanka,city,06_10,2025,0.3812687534026965
Sri Lanka,city,06_10,2030,0.3760419999895144
Sri Lanka,city,06_10,2035,0.3703634918176624
Sri Lanka,city,06_10,2040,0.3644341290792824
Sri Lanka,city,06_10,2045,0.35829198754503283
Sri Lanka,city,06_10,2050,0.35199857496296305
Sri Lanka,city,06_10,2055,0.34566496663218105
Sri Lanka,city,06_10,2060,0.3394843185542576
Sri Lanka,city,06_10,2065,0.33358233444796537
Sri Lanka,city,06_10,2070,0.32800461540377457
Sri Lanka,city,06_10,2075,0.3225633548332812
Sri Lanka,city,06_10,2080,0.3174167150699798
Sri Lanka,city,06_10,2085,0.31255585144860193
Sri Lanka,city,06_10,2090,0.308083897557027
Sri Lanka,city,06_10,2095,0.30398765959779783
Sri Lanka,city,06_10,2100,0.30011752452614165
Sri Lanka,city,11_20,2011,0.145687548677459
Sri Lanka,city,11_20,2012,0.1444257819771616
Sri Lanka,city,11_20,2013,0.1438458514922174
Sri Lanka,city,11_20,2014,0.14289279918864758
Sri Lanka,city,11_20,2015,0.1422779219567447
Sri Lanka,city,11_20,2016,0.14151767997627537
Sri Lanka,city,11_20,2017,0.1405239214287652
Sri Lanka,city,11_20,2018,0.14019304047571557
Sri Lanka,city,11_20,2019,0.14028503839012335
Sri Lanka,city,11_20,2020,0.14113897937251385
Sri Lanka,city,11_20,2025,0.14197082592265614
Sri Lanka,city,11_20,2030,0.14002457018483075
Sri Lanka,city,11_20,2035,0.13791009715767744
Sri Lanka,city,11_20,2040,0.1357022148760845
Sri Lanka,city,11_20,2045,0.13341510139309143
Sri Lanka,city,11_20,2050,0.13107165999073558
Sri Lanka,city,11_20,2055,0.12871325113145513
Sri Lanka,city,11_20,2060,0.1264117991909829
Sri Lanka,city,11_20,2065,0.12421411173121956
Sri Lanka,city,11_20,2070,0.12213716896472983
Sri Lanka,city,11_20,2075,0.12011103844561694
Sri Lanka,city,11_20,2080,0.11819461416116858
Sri Lanka,city,11_20,2085,0.11638460267487317
Sri Lanka,city,11_20,2090,0.11471940724039612
Sri Lanka,city,11_20,2095,0.11319411496019378
Sri Lanka,city,11_20,2100,0.1117530152958451
Sri Lanka,city,21_30,2011,0.43292180947654
Sri Lanka,city,21_30,2012,0.4291723722185946
Sri Lanka,city,21_30,2013,0.4274490639661613
Sri Lanka,city,21_30,2014,0.42461699539521786
Sri Lanka,city,21_30,2015,0.4227898401835487
Sri Lanka,city,21_30,2016,0.42053072238787853
Sri Lanka,city,21_30,2017,0.4175776920673303
Sri Lanka,city,21_30,2018,0.41659445374520915
Sri Lanka,city,21_30,2019,0.4168678326573745
Sri Lanka,city,21_30,2020,0.41940538427821433
Sri Lanka,city,21_30,2025,0.421877280586194
Sri Lanka,city,21_30,2030,0.4160938312566369
Sri Lanka,city,21_30,2035,0.4098105112521856
Sri Lanka,city,21_30,2040,0.40324961842959745
Sri Lanka,city,21_30,2045,0.39645328396914437
Sri Lanka,city,21_30,2050,0.38948956674334206
Sri Lanka,city,21_30,2055,0.3824813725626188
Sri Lanka,city,21_30,2060,0.3756424302677054
Sri Lanka,city,21_30,2065,0.3691118321460291
Sri Lanka,city,21_30,2070,0.36294003621143894
Sri Lanka,city,21_30,2075,0.3569192327966464
Sri Lanka,city,21_30,2080,0.3512244299361427
Sri Lanka,city,21_30,2085,0.3458458409288203
Sri Lanka,city,21_30,2090,0.34089758401070924
Sri Lanka,city,21_30,2095,0.33636506012709505
Sri Lanka,city,21_30,2100,0.33208272110780723
Sri Lanka,city,31_50,2011,0.0
Sri Lanka,city,31_50,2012,0.0
Sri Lanka,city,31_50,2013,0.0
Sri Lanka,city,31_50,2014,0.0
Sri Lanka,city,31_50,2015,0.0
Sri Lanka,city,31_50,2016,0.0
Sri Lanka,city,31_50,2017,0.0
Sri Lanka,city,31_50,2018,0.0
Sri Lanka,city,31_50,2019,0.0
Sri Lanka,city,31_50,2020,0.0
Sri Lanka,city,31_50,2025,0.0
Sri Lanka,city,31_50,2030,0.0
Sri Lanka,city,31_50,2035,0.0
Sri Lanka,city,31_50,2040,0.0
Sri Lanka,city,31_50,2045,0.0
Sri Lanka,city,31_50,2050,0.0
Sri Lanka,city,31_50,2055,0.0
Sri Lanka,city,31_50,2060,0.0
Sri Lanka,city,31_50,2065,0.0
Sri Lanka,city,31_50,2070,0.0
Sri Lanka,city,31_50,2075,0.0
Sri Lanka,city,31_50,2080,0.0
Sri Lanka,city,31_50,2085,0.0
Sri Lanka,city,31_50,2090,0.0
Sri Lanka,city,31_50,2095,0.0
Sri Lanka,city,31_50,2100,0.0
Sri Lanka,city,51+,2011,0.0
Sri Lanka,city,51+,2012,0.0
Sri Lanka,city,51+,2013,0.0
Sri Lanka,city,51+,2014,0.0
Sri Lanka,city,51+,2015,0.0
Sri Lanka,city,51+,2016,0.0
Sri Lanka,city,51+,2017,0.0
Sri Lanka,city,51+,2018,0.0
Sri Lanka,city,51+,2019,0.0
Sri Lanka,city,51+,2020,0.0
Sri Lanka,city,51+,2025,0.0
Sri Lanka,city,51+,2030,0.0
Sri Lanka,city,51+,2035,0.0
Sri Lanka,city,51+,2040,0.0
Sri Lanka,city,51+,2045,0.0
Sri Lanka,city,51+,2050,0.0
Sri Lanka,city,51+,2055,0.0
Sri Lanka,city,51+,2060,0.0
Sri Lanka,city,51+,2065,0.0
Sri Lanka,city,51+,2070,0.0
Sri Lanka,city,51+,2075,0.0
Sri Lanka,city,51+,2080,0.0
Sri Lanka,city,51+,2085,0.0
Sri Lanka,city,51+,2090,0.0
Sri Lanka,city,51+,2095,0.0
Sri Lanka,city,51+,2100,0.0
Sri Lanka,town,No_travel,2011,0.0
Sri Lanka,town,No_travel,2012,0.0
Sri Lanka,town,No_travel,2013,0.0
Sri Lanka,town,No_travel,2014,0.0
Sri Lanka,town,No_travel,2015,0.0
Sri Lanka,town,No_travel,2016,0.0
Sri Lanka,town,No_travel,2017,0.0
Sri Lanka,town,No_travel,2018,0.0
Sri Lanka,town,No_travel,2019,0.0
Sri Lanka,town,No_travel,2020,0.0
Sri Lanka,town,No_travel,2025,0.0
Sri Lanka,town,No_travel,2030,0.0
Sri Lanka,town,No_travel,2035,0.0
Sri Lanka,town,No_travel,2040,0.0
Sri Lanka,town,No_travel,2045,0.0
Sri Lanka,town,No_travel,2050,0.0
Sri Lanka,town,No_travel,2055,0.0
Sri Lanka,town,No_travel,2060,0.0
Sri Lanka,town,No_travel,2065,0.0
Sri Lanka,town,No_travel,2070,0.0
Sri Lanka,town,No_travel,2075,0.0
Sri Lanka,town,No_travel,2080,0.0
Sri Lanka,town,No_travel,2085,0.0
Sri Lanka,town,No_travel,2090,0.0
Sri Lanka,town,No_travel,2095,0.0
Sri Lanka,town,No_travel,2100,0.0
Sri Lanka,town,00_01,2011,0.809373601454855
Sri Lanka,town,00_01,2012,0.8023638009078194
Sri Lanka,town,00_01,2013,0.7991419715239514
Sri Lanka,town,00_01,2014,0.7938472474221484
Sri Lanka,town,00_01,2015,0.7904312698444104
Sri Lanka,town,00_01,2016,0.7862077119954695
Sri Lanka,town,00_01,2017,0.7806868425603226
Sri Lanka,town,00_01,2018,0.7788486188339045
Sri Lanka,town,00_01,2019,0.7793597173044773
Sri Lanka,town,00_01,2020,0.7841038240906891
Sri Lanka,town,00_01,2025,0.7887251842841881
Sri Lanka,town,00_01,2030,0.7779126747034045
Sri Lanka,town,00_01,2035,0.7661656265534275
Sri Lanka,town,00_01,2040,0.7538996391710912
Sri Lanka,town,00_01,2045,0.7411934793553041
Sri Lanka,town,00_01,2050,0.7281743872994526
Sri Lanka,town,00_01,2055,0.7150721428765962
Sri Lanka,town,00_01,2060,0.7022863251279619
Sri Lanka,town,00_01,2065,0.6900769755278885
Sri Lanka,town,00_01,2070,0.6785384283961012
Sri Lanka,town,00_01,2075,0.6672821709454209
Sri Lanka,town,00_01,2080,0.6566353913194315
Sri Lanka,town,00_01,2085,0.6465797926863533
Sri Lanka,town,00_01,2090,0.6373287260154965
Sri Lanka,town,00_01,2095,0.6288548974879
Sri Lanka,town,00_01,2100,0.6208488047505476
Sri Lanka,town,02_05,2011,0.581333504919286
Sri Lanka,town,02_05,2012,0.5762987077459307
Sri Lanka,town,02_05,2013,0.5739846251459926
Sri Lanka,town,02_05,2014,0.5701816835697551
Sri Lanka,town,02_05,2015,0.5677281538099227
Sri Lanka,town,02_05,2016,0.5646945786066535
Sri Lanka,town,02_05,2017,0.5607292078888951
Sri Lanka,town,02_05,2018,0.5594089016177448
Sri Lanka,town,02_05,2019,0.5597759986724583
Sri Lanka,town,02_05,2020,0.5631834587388387
Sri Lanka,town,02_05,2025,0.5665027559261353
Sri Lanka,town,02_05,2030,0.558736658687145
Sri Lanka,town,02_05,2035,0.5502993280635532
Sri Lanka,town,02_05,2040,0.5414892687492242
Sri Lanka,town,02_05,2045,0.5323630550865859
Sri Lanka,town,02_05,2050,0.5230120774884894
Sri Lanka,town,02_05,2055,0.5136013756087184
Sri Lanka,town,02_05,2060,0.5044179475456926
Sri Lanka,town,02_05,2065,0.49564856838255034
Sri Lanka,town,02_05,2070,0.4873609938511584
Sri Lanka,town,02_05,2075,0.4792761742025862
Sri Lanka,town,02_05,2080,0.4716291126911232
Sri Lanka,town,02_05,2085,0.4644066675966436
Sri Lanka,town,02_05,2090,0.45776207849422623
Sri Lanka,town,02_05,2095,0.451675741567524
Sri Lanka,town,02_05,2100,0.4459253564013313
Sri Lanka,town,06_10,2011,0.467167283694754
Sri Lanka,town,06_10,2012,0.46312125417894795
Sri Lanka,town,06_10,2013,0.46126162683369715
Sri Lanka,town,06_10,2014,0.45820553274796677
Sri Lanka,town,06_10,2015,0.45623384382299376
Sri Lanka,town,06_10,2016,0.4537960227175479
Sri Lanka,town,06_10,2017,0.450609398428079
Sri Lanka,town,06_10,2018,0.449548382867959
Sri Lanka,town,06_10,2019,0.44984338691030584
Sri Lanka,town,06_10,2020,0.45258166683059065
Sri Lanka,town,06_10,2025,0.4552490978966537
Sri Lanka,town,06_10,2030,0.44900815956891665
Sri Lanka,town,06_10,2035,0.44222780922663735
Sri Lanka,town,06_10,2040,0.43514792918491124
Sri Lanka,town,06_10,2045,0.42781398333263376
Sri Lanka,town,06_10,2050,0.4202994142127966
Sri Lanka,town,06_10,2055,0.412736849871276
Sri Lanka,town,06_10,2060,0.4053569257710719
Sri Lanka,town,06_10,2065,0.39830973683620513
Sri Lanka,town,06_10,2070,0.391649732467825
Sri Lanka,town,06_10,2075,0.3851526646015752
Sri Lanka,town,06_10,2080,0.379007384956885
Sri Lanka,town,06_10,2085,0.37320333267386546
Sri Lanka,town,06_10,2090,0.3678636530992725
Sri Lanka,town,06_10,2095,0.36297259234733226
Sri Lanka,town,06_10,2100,0.35835150686790196
Sri Lanka,town,11_20,2011,0.112734185376748
Sri Lanka,town,11_20,2012,0.11175782025574199
Sri Lanka,town,11_20,2013,0.11130906542810694
Sri Lanka,town,11_20,2014,0.11057158596579376
Sri Lanka,town,11_20,2015,0.11009578906705711
Sri Lanka,town,11_20,2016,0.10950750776824028
Sri Lanka,town,11_20,2017,0.10873852949019425
Sri Lanka,town,11_20,2018,0.1084824911736919
Sri Lanka,town,11_20,2019,0.10855367989250328
Sri Lanka,town,11_20,2020,0.10921446622519629
Sri Lanka,town,11_20,2025,0.10985815571026247
Sri Lanka,town,11_20,2030,0.10835212752096045
Sri Lanka,town,11_20,2035,0.10671593145354649
Sri Lanka,town,11_20,2040,0.10500745456116506
Sri Lanka,town,11_20,2045,0.10323766793416767
Sri Lanka,town,11_20,2050,0.10142429431458938
Sri Lanka,town,11_20,2055,0.09959933875764668
Sri Lanka,town,11_20,2060,0.0978184569180649
Sri Lanka,town,11_20,2065,0.09611786886000359
Sri Lanka,town,11_20,2070,0.0945107140071704
Sri Lanka,town,11_20,2075,0.09294287807601027
Sri Lanka,town,11_20,2080,0.09145993370289976
Sri Lanka,town,11_20,2085,0.09005933240043829
Sri Lanka,town,11_20,2090,0.08877079091214364
Sri Lanka,town,11_20,2095,0.08759050759877181
Sri Lanka,town,11_20,2100,0.0864753732020312
Sri Lanka,town,21_30,2011,0.357090543456726
Sri Lanka,town,21_30,2012,0.35399786353441964
Sri Lanka,town,21_30,2013,0.35257641266977285
Sri Lanka,town,21_30,2014,0.350240413690355
Sri Lanka,town,21_30,2015,0.348733305863416
Sri Lanka,town,21_30,2016,0.34686989869905055
Sri Lanka,town,21_30,2017,0.3444341258206091
Sri Lanka,town,21_30,2018,0.3436231130716366
Sri Lanka,town,21_30,2019,0.3438486065029626
Sri Lanka,town,21_30,2020,0.3459416765851348
Sri Lanka,town,21_30,2025,0.34798059164245754
Sri Lanka,town,21_30,2030,0.3432101804066663
Sri Lanka,town,21_30,2035,0.3380274566307147
Sri Lanka,town,21_30,2040,0.33261578012864124
Sri Lanka,town,21_30,2045,0.3270099023168227
Sri Lanka,town,21_30,2050,0.3212659607684691
Sri Lanka,town,21_30,2055,0.3154853329186718
Sri Lanka,town,21_30,2060,0.30984431052778627
Sri Lanka,town,21_30,2065,0.3044576222590974
Sri Lanka,town,21_30,2070,0.2993668878212745
Sri Lanka,town,21_30,2075,0.2944006978156613
Sri Lanka,town,21_30,2080,0.2897034055937817
Sri Lanka,town,21_30,2085,0.2852669387085088
Sri Lanka,town,21_30,2090,0.28118542626590787
Sri Lanka,town,21_30,2095,0.2774468264046826
Sri Lanka,town,21_30,2100,0.2739145886328956
Sri Lanka,town,31_50,2011,0.0
Sri Lanka,town,31_50,2012,0.0
Sri Lanka,town,31_50,2013,0.0
Sri Lanka,town,31_50,2014,0.0
Sri Lanka,town,31_50,2015,0.0
Sri Lanka,town,31_50,2016,0.0
Sri Lanka,town,31_50,2017,0.0
Sri Lanka,town,31_50,2018,0.0
Sri Lanka,town,31_50,2019,0.0
Sri Lanka,town,31_50,2020,0.0
Sri Lanka,town,31_50,2025,0.0
Sri Lanka,town,31_50,2030,0.0
Sri Lanka,town,31_50,2035,0.0
Sri Lanka,town,31_50,2040,0.0
Sri Lanka,town,31_50,2045,0.0
Sri Lanka,town,31_50,2050,0.0
Sri Lanka,town,31_50,2055,0.0
Sri Lanka,town,31_50,2060,0.0
Sri Lanka,town,31_50,2065,0.0
Sri Lanka,town,31_50,2070,0.0
Sri Lanka,town,31_50,2075,0.0
Sri Lanka,town,31_50,2080,0.0
Sri Lanka,town,31_50,2085,0.0
Sri Lanka,town,31_50,2090,0.0
Sri Lanka,town,31_50,2095,0.0
Sri Lanka,town,31_50,2100,0.0
Sri Lanka,town,51+,2011,0.0
Sri Lanka,town,51+,2012,0.0
Sri Lanka,town,51+,2013,0.0
Sri Lanka,town,51+,2014,0.0
Sri Lanka,town,51+,2015,0.0
Sri Lanka,town,51+,2016,0.0
Sri Lanka,town,51+,2017,0.0
Sri Lanka,town,51+,2018,0.0
Sri Lanka,town,51+,2019,0.0
Sri Lanka,town,51+,2020,0.0
Sri Lanka,town,51+,2025,0.0
Sri Lanka,town,51+,2030,0.0
Sri Lanka,town,51+,2035,0.0
Sri Lanka,town,51+,2040,0.0
Sri Lanka,town,51+,2045,0.0
Sri Lanka,town,51+,2050,0.0
Sri Lanka,town,51+,2055,0.0
Sri Lanka,town,51+,2060,0.0
Sri Lanka,town,51+,2065,0.0
Sri Lanka,town,51+,2070,0.0
Sri Lanka,town,51+,2075,0.0
Sri Lanka,town,51+,2080,0.0
Sri Lanka,town,51+,2085,0.0
Sri Lanka,town,51+,2090,0.0
Sri Lanka,town,51+,2095,0.0
Sri Lanka,town,51+,2100,0.0
Sri Lanka,rural,No_travel,2011,0.0
Sri Lanka,rural,No_travel,2012,0.0
Sri Lanka,rural,No_travel,2013,0.0
Sri Lanka,rural,No_travel,2014,0.0
Sri Lanka,rural,No_travel,2015,0.0
Sri Lanka,rural,No_travel,2016,0.0
Sri Lanka,rural,No_travel,2017,0.0
Sri Lanka,rural,No_travel,2018,0.0
Sri Lanka,rural,No_travel,2019,0.0
Sri Lanka,rural,No_travel,2020,0.0
Sri Lanka,rural,No_travel,2025,0.0
Sri Lanka,rural,No_travel,2030,0.0
Sri Lanka,rural,No_travel,2035,0.0
Sri Lanka,rural,No_travel,2040,0.0
Sri Lanka,rural,No_travel,2045,0.0
Sri Lanka,rural,No_travel,2050,0.0
Sri Lanka,rural,No_travel,2055,0.0
Sri Lanka,rural,No_travel,2060,0.0
Sri Lanka,rural,No_travel,2065,0.0
Sri Lanka,rural,No_travel,2070,0.0
Sri Lanka,rural,No_travel,2075,0.0
Sri Lanka,rural,No_travel,2080,0.0
Sri Lanka,rural,No_travel,2085,0.0
Sri Lanka,rural,No_travel,2090,0.0
Sri Lanka,rural,No_travel,2095,0.0
Sri Lanka,rural,No_travel,2100,0.0
Sri Lanka,rural,00_01,2011,0.900728094580366
Sri Lanka,rural,00_01,2012,0.8929270935608485
Sri Lanka,rural,00_01,2013,0.8893416143250814
Sri Lanka,rural,00_01,2014,0.8834492714775098
Sri Lanka,rural,00_01,2015,0.8796477304225575
Sri Lanka,rural,00_01,2016,0.8749474570175586
Sri Lanka,rural,00_01,2017,0.8688034436746374
Sri Lanka,rural,00_01,2018,0.866757738512605
Sri Lanka,rural,00_01,2019,0.86732652497996
Sri Lanka,rural,00_01,2020,0.8726061019989649
Sri Lanka,rural,00_01,2025,0.8777490779423088
Sri Lanka,rural,00_01,2030,0.8657161537959999
Sri Lanka,rural,00_01,2035,0.8526432091409564
Sri Lanka,rural,00_01,2040,0.8389927522651957
Sri Lanka,rural,00_01,2045,0.8248524404243653
Sri Lanka,rural,00_01,2050,0.810363875490255
Sri Lanka,rural,00_01,2055,0.7957827727306489
Sri Lanka,rural,00_01,2060,0.7815538119174
Sri Lanka,rural,00_01,2065,0.7679663855650061
Sri Lanka,rural,00_01,2070,0.7551254755655216
Sri Lanka,rural,00_01,2075,0.7425987174559999
Sri Lanka,rural,00_01,2080,0.7307502293057851
Sri Lanka,rural,00_01,2085,0.7195596491085108
Sri Lanka,rural,00_01,2090,0.7092644088878033
Sri Lanka,rural,00_01,2095,0.6998341341546727
Sri Lanka,rural,00_01,2100,0.6909243888363341
Sri Lanka,rural,02_05,2011,0.722077962195642
Sri Lanka,rural,02_05,2012,0.715824209311556
Sri Lanka,rural,02_05,2013,0.712949872921212
Sri Lanka,rural,02_05,2014,0.708226215536111
Sri Lanka,rural,02_05,2015,0.7051786709611392
Sri Lanka,rural,02_05,2016,0.7014106483331505
Sri Lanka,rural,02_05,2017,0.6964852367011015
Sri Lanka,rural,02_05,2018,0.6948452760697618
Sri Lanka,rural,02_05,2019,0.6953012496046648
Sri Lanka,rural,02_05,2020,0.6995336769465854
Sri Lanka,rural,02_05,2025,0.7036565966280472
Sri Lanka,rural,02_05,2030,0.6940102789444965
Sri Lanka,rural,02_05,2035,0.6835302180990446
Sri Lanka,rural,02_05,2040,0.6725871886285573
Sri Lanka,rural,02_05,2045,0.6612514618756413
Sri Lanka,rural,02_05,2050,0.6496365544405228
Sri Lanka,rural,02_05,2055,0.6379474631036675
Sri Lanka,rural,02_05,2060,0.6265406699881723
Sri Lanka,rural,02_05,2065,0.6156481695864935
Sri Lanka,rural,02_05,2070,0.6053541217146048
Sri Lanka,rural,02_05,2075,0.5953119169437464
Sri Lanka,rural,02_05,2080,0.5858134542777271
Sri Lanka,rural,02_05,2085,0.576842410304241
Sri Lanka,rural,02_05,2090,0.5685891248526016
Sri Lanka,rural,02_05,2095,0.5610292479005937
Sri Lanka,rural,02_05,2100,0.5538866587198429
Sri Lanka,rural,06_10,2011,0.560969409411097
Sri Lanka,rural,06_10,2012,0.5561109810340263
Sri Lanka,rural,06_10,2013,0.5538779606792198
Sri Lanka,rural,06_10,2014,0.5502082360340815
Sri Lanka,rural,06_10,2015,0.5478406533492735
Sri Lanka,rural,06_10,2016,0.5449133441957811
Sri Lanka,rural,06_10,2017,0.5410868802971524
Sri Lanka,rural,06_10,2018,0.5398128243156863
Sri Lanka,rural,06_10,2019,0.5401670619714152
Sri Lanka,rural,06_10,2020,0.5434551588123063
Sri Lanka,rural,06_10,2025,0.5466581811171642
Sri Lanka,rural,06_10,2030,0.5391641300350913
Sri Lanka,rural,06_10,2035,0.5310223588540555
Sri Lanka,rural,06_10,2040,0.5225209156573107
Sri Lanka,rural,06_10,2045,0.5137143929897405
Sri Lanka,rural,06_10,2050,0.5046909798607332
Sri Lanka,rural,06_10,2055,0.49560993458987435
Sri Lanka,rural,06_10,2060,0.4867482017406724
Sri Lanka,rural,06_10,2065,0.47828601367061985
Sri Lanka,rural,06_10,2070,0.4702887526302969
Sri Lanka,rural,06_10,2075,0.4624871439752367
Sri Lanka,rural,06_10,2080,0.4551079588026715
Sri Lanka,rural,06_10,2085,0.44813851574654345
Sri Lanka,rural,06_10,2090,0.44172668640414214
Sri Lanka,rural,06_10,2095,0.4358535536802281
Sri Lanka,rural,06_10,2100,0.430304604336575
Sri Lanka,rural,11_20,2011,0.225558156612901
Sri Lanka,rural,11_20,2012,0.22360464875599612
Sri Lanka,rural,11_20,2013,0.22270678169504887
Sri Lanka,rural,11_20,2014,0.22123123541329484
Sri Lanka,rural,11_20,2015,0.22027926267279452
Sri Lanka,rural,11_20,2016,0.21910223154521308
Sri Lanka,rural,11_20,2017,0.21756366254511986
Sri Lanka,rural,11_20,2018,0.21705138199331084
Sri Lanka,rural,11_20,2019,0.21719381612837882
Sri Lanka,rural,11_20,2020,0.21851591506952198
Sri Lanka,rural,11_20,2025,0.21980380669882169
Sri Lanka,rural,11_20,2030,0.21679055086119983
Sri Lanka,rural,11_20,2035,0.21351685559662847
Sri Lanka,rural,11_20,2040,0.21009854111488144
Sri Lanka,rural,11_20,2045,0.20655755833446182
Sri Lanka,rural,11_20,2050,0.20292936685451607
Sri Lanka,rural,11_20,2055,0.19927800227553924
Sri Lanka,rural,11_20,2060,0.195714820233295
Sri Lanka,rural,11_20,2065,0.19231228970316058
Sri Lanka,rural,11_20,2070,0.1890966999972957
Sri Lanka,rural,11_20,2075,0.18595977944988482
Sri Lanka,rural,11_20,2080,0.18299270962948877
Sri Lanka,rural,11_20,2085,0.18019039153159264
Sri Lanka,rural,11_20,2090,0.1776122823107943
Sri Lanka,rural,11_20,2095,0.17525077566083336
Sri Lanka,rural,11_20,2100,0.17301961873124838
Sri Lanka,rural,21_30,2011,0.316687599761256
Sri Lanka,rural,21_30,2012,0.31394484053849964
Sri Lanka,rural,21_30,2013,0.3126842194698319
Sri Lanka,rural,21_30,2014,0.31061252666420536
Sri Lanka,rural,21_30,2015,0.30927594027444966
Sri Lanka,rural,21_30,2016,0.30762336797010265
Sri Lanka,rural,21_30,2017,0.3054631901648601
Sri Lanka,rural,21_30,2018,0.3047439393038275
Sri Lanka,rural,21_30,2019,0.3049439193224448
Sri Lanka,rural,21_30,2020,0.30680016937611093
Sri Lanka,rural,21_30,2025,0.30860839176522853
Sri Lanka,rural,21_30,2030,0.30437772782909456
Sri Lanka,rural,21_30,2035,0.29978140237913037
Sri Lanka,rural,21_30,2040,0.2949820290170247
Sri Lanka,rural,21_30,2045,0.2900104272165563
Sri Lanka,rural,21_30,2050,0.28491638287556553
Sri Lanka,rural,21_30,2055,0.2797898030979433
Sri Lanka,rural,21_30,2060,0.27478703314532615
Sri Lanka,rural,21_30,2065,0.27000982072754637
Sri Lanka,rural,21_30,2070,0.2654950764990102
Sri Lanka,rural,21_30,2075,0.26109078514586614
Sri Lanka,rural,21_30,2080,0.2569249671862972
Sri Lanka,rural,21_30,2085,0.2529904635287181
Sri Lanka,rural,21_30,2090,0.24937075305884504
Sri Lanka,rural,21_30,2095,0.24605515638955752
Sri Lanka,rural,21_30,2100,0.24292257300914985
Sri Lanka,rural,31_50,2011,0.0
Sri Lanka,rural,31_50,2012,0.0
Sri Lanka,rural,31_50,2013,0.0
Sri Lanka,rural,31_50,2014,0.0
Sri Lanka,rural,31_50,2015,0.0
Sri Lanka,rural,31_50,2016,0.0
Sri Lanka,rural,31_50,2017,0.0
Sri Lanka,rural,31_50,2018,0.0
Sri Lanka,rural,31_50,2019,0.0
Sri Lanka,rural,31_50,2020,0.0
Sri Lanka,rural,31_50,2025,0.0
Sri Lanka,rural,31_50,2030,0.0
Sri Lanka,rural,31_50,2035,0.0
Sri Lanka,rural,31_50,2040,0.0
Sri Lanka,rural,31_50,2045,0.0
Sri Lanka,rural,31_50,2050,0.0
Sri Lanka,rural,31_50,2055,0.0
Sri Lanka,rural,31_50,2060,0.0
Sri Lanka,rural,31_50,2065,0.0
Sri Lanka,rural,31_50,2070,0.0
Sri Lanka,rural,31_50,2075,0.0
Sri Lanka,rural,31_50,2080,0.0
Sri Lanka,rural,31_50,2085,0.0
Sri Lanka,rural,31_50,2090,0.0
Sri Lanka,rural,31_50,2095,0.0
Sri Lanka,rural,31_50,2100,0.0
Sri Lanka,rural,51+,2011,0.0
Sri Lanka,rural,51+,2012,0.0
Sri Lanka,rural,51+,2013,0.0
Sri Lanka,rural,51+,2014,0.0
Sri Lanka,rural,51+,2015,0.0
Sri Lanka,rural,51+,2016,0.0
Sri Lanka,rural,51+,2017,0.0
Sri Lanka,rural,51+,2018,0.0
Sri Lanka,rural,51+,2019,0.0
Sri Lanka,rural,51+,2020,0.0
Sri Lanka,rural,51+,2025,0.0
Sri Lanka,rural,51+,2030,0.0
Sri Lanka,rural,51+,2035,0.0
Sri Lanka,rural,51+,2040,0.0
Sri Lanka,rural,51+,2045,0.0
Sri Lanka,rural,51+,2050,0.0
Sri Lanka,rural,51+,2055,0.0
Sri Lanka,rural,51+,2060,0.0
Sri Lanka,rural,51+,2065,0.0
Sri Lanka,rural,51+,2070,0.0
Sri Lanka,rural,51+,2075,0.0
Sri Lanka,rural,51+,2080,0.0
Sri Lanka,rural,51+,2085,0.0
Sri Lanka,rural,51+,2090,0.0
Sri Lanka,rural,51+,2095,0.0
Sri Lanka,rural,51+,2100,0.0
