n,area_type,trip_dist,y,value
Afghanistan,large_city,No_travel,2011,0.0
Afghanistan,large_city,No_travel,2012,0.0
Afghanistan,large_city,No_travel,2013,0.0
Afghanistan,large_city,No_travel,2014,0.0
Afghanistan,large_city,No_travel,2015,0.0
Afghanistan,large_city,No_travel,2016,0.0
Afghanistan,large_city,No_travel,2017,0.0
Afghanistan,large_city,No_travel,2018,0.0
Afghanistan,large_city,No_travel,2019,0.0
Afghanistan,large_city,No_travel,2020,0.0
Afghanistan,large_city,No_travel,2025,0.0
Afghanistan,large_city,No_travel,2030,0.0
Afghanistan,large_city,No_travel,2035,0.0
Afghanistan,large_city,No_travel,2040,0.0
Afghanistan,large_city,No_travel,2045,0.0
Afghanistan,large_city,No_travel,2050,0.0
Afghanistan,large_city,No_travel,2055,0.0
Afghanistan,large_city,No_travel,2060,0.0
Afghanistan,large_city,No_travel,2065,0.0
Afghanistan,large_city,No_travel,2070,0.0
Afghanistan,large_city,No_travel,2075,0.0
Afghanistan,large_city,No_travel,2080,0.0
Afghanistan,large_city,No_travel,2085,0.0
Afghanistan,large_city,No_travel,2090,0.0
Afghanistan,large_city,No_travel,2095,0.0
Afghanistan,large_city,No_travel,2100,0.0
Afghanistan,large_city,00_01,2011,0.0
Afghanistan,large_city,00_01,2012,0.0
Afghanistan,large_city,00_01,2013,0.0
Afghanistan,large_city,00_01,2014,0.0
Afghanistan,large_city,00_01,2015,0.0
Afghanistan,large_city,00_01,2016,0.0
Afghanistan,large_city,00_01,2017,0.0
Afghanistan,large_city,00_01,2018,0.0
Afghanistan,large_city,00_01,2019,0.0
Afghanistan,large_city,00_01,2020,0.0
Afghanistan,large_city,00_01,2025,0.0
Afghanistan,large_city,00_01,2030,0.0
Afghanistan,large_city,00_01,2035,0.0
Afghanistan,large_city,00_01,2040,0.0
Afghanistan,large_city,00_01,2045,0.0
Afghanistan,large_city,00_01,2050,0.0
Afghanistan,large_city,00_01,2055,0.0
Afghanistan,large_city,00_01,2060,0.0
Afghanistan,large_city,00_01,2065,0.0
Afghanistan,large_city,00_01,2070,0.0
Afghanistan,large_city,00_01,2075,0.0
Afghanistan,large_city,00_01,2080,0.0
Afghanistan,large_city,00_01,2085,0.0
Afghanistan,large_city,00_01,2090,0.0
Afghanistan,large_city,00_01,2095,0.0
Afghanistan,large_city,00_01,2100,0.0
Afghanistan,large_city,02_05,2011,0.0
Afghanistan,large_city,02_05,2012,0.0
Afghanistan,large_city,02_05,2013,0.0
Afghanistan,large_city,02_05,2014,0.0
Afghanistan,large_city,02_05,2015,0.0
Afghanistan,large_city,02_05,2016,0.0
Afghanistan,large_city,02_05,2017,0.0
Afghanistan,large_city,02_05,2018,0.0
Afghanistan,large_city,02_05,2019,0.0
Afghanistan,large_city,02_05,2020,0.0
Afghanistan,large_city,02_05,2025,0.0
Afghanistan,large_city,02_05,2030,0.0
Afghanistan,large_city,02_05,2035,0.0
Afghanistan,large_city,02_05,2040,0.0
Afghanistan,large_city,02_05,2045,0.0
Afghanistan,large_city,02_05,2050,0.0
Afghanistan,large_city,02_05,2055,0.0
Afghanistan,large_city,02_05,2060,0.0
Afghanistan,large_city,02_05,2065,0.0
Afghanistan,large_city,02_05,2070,0.0
Afghanistan,large_city,02_05,2075,0.0
Afghanistan,large_city,02_05,2080,0.0
Afghanistan,large_city,02_05,2085,0.0
Afghanistan,large_city,02_05,2090,0.0
Afghanistan,large_city,02_05,2095,0.0
Afghanistan,large_city,02_05,2100,0.0
Afghanistan,large_city,06_10,2011,0.0
Afghanistan,large_city,06_10,2012,0.0
Afghanistan,large_city,06_10,2013,0.0
Afghanistan,large_city,06_10,2014,0.0
Afghanistan,large_city,06_10,2015,0.0
Afghanistan,large_city,06_10,2016,0.0
Afghanistan,large_city,06_10,2017,0.0
Afghanistan,large_city,06_10,2018,0.0
Afghanistan,large_city,06_10,2019,0.0
Afghanistan,large_city,06_10,2020,0.0
Afghanistan,large_city,06_10,2025,0.0
Afghanistan,large_city,06_10,2030,0.0
Afghanistan,large_city,06_10,2035,0.0
Afghanistan,large_city,06_10,2040,0.0
Afghanistan,large_city,06_10,2045,0.0
Afghanistan,large_city,06_10,2050,0.0
Afghanistan,large_city,06_10,2055,0.0
Afghanistan,large_city,06_10,2060,0.0
Afghanistan,large_city,06_10,2065,0.0
Afghanistan,large_city,06_10,2070,0.0
Afghanistan,large_city,06_10,2075,0.0
Afghanistan,large_city,06_10,2080,0.0
Afghanistan,large_city,06_10,2085,0.0
Afghanistan,large_city,06_10,2090,0.0
Afghanistan,large_city,06_10,2095,0.0
Afghanistan,large_city,06_10,2100,0.0
Afghanistan,large_city,11_20,2011,0.0
Afghanistan,large_city,11_20,2012,0.0
Afghanistan,large_city,11_20,2013,0.0
Afghanistan,large_city,11_20,2014,0.0
Afghanistan,large_city,11_20,2015,0.0
Afghanistan,large_city,11_20,2016,0.0
Afghanistan,large_city,11_20,2017,0.0
Afghanistan,large_city,11_20,2018,0.0
Afghanistan,large_city,11_20,2019,0.0
Afghanistan,large_city,11_20,2020,0.0
Afghanistan,large_city,11_20,2025,0.0
Afghanistan,large_city,11_20,2030,0.0
Afghanistan,large_city,11_20,2035,0.0
Afghanistan,large_city,11_20,2040,0.0
Afghanistan,large_city,11_20,2045,0.0
Afghanistan,large_city,11_20,2050,0.0
Afghanistan,large_city,11_20,2055,0.0
Afghanistan,large_city,11_20,2060,0.0
Afghanistan,large_city,11_20,2065,0.0
Afghanistan,large_city,11_20,2070,0.0
Afghanistan,large_city,11_20,2075,0.0
Afghanistan,large_city,11_20,2080,0.0
Afghanistan,large_city,11_20,2085,0.0
Afghanistan,large_city,11_20,2090,0.0
Afghanistan,large_city,11_20,2095,0.0
Afghanistan,large_city,11_20,2100,0.0
Afghanistan,large_city,21_30,2011,0.0
Afghanistan,large_city,21_30,2012,0.0
Afghanistan,large_city,21_30,2013,0.0
Afghanistan,large_city,21_30,2014,0.0
Afghanistan,large_city,21_30,2015,0.0
Afghanistan,large_city,21_30,2016,0.0
Afghanistan,large_city,21_30,2017,0.0
Afghanistan,large_city,21_30,2018,0.0
Afghanistan,large_city,21_30,2019,0.0
Afghanistan,large_city,21_30,2020,0.0
Afghanistan,large_city,21_30,2025,0.0
Afghanistan,large_city,21_30,2030,0.0
Afghanistan,large_city,21_30,2035,0.0
Afghanistan,large_city,21_30,2040,0.0
Afghanistan,large_city,21_30,2045,0.0
Afghanistan,large_city,21_30,2050,0.0
Afghanistan,large_city,21_30,2055,0.0
Afghanistan,large_city,21_30,2060,0.0
Afghanistan,large_city,21_30,2065,0.0
Afghanistan,large_city,21_30,2070,0.0
Afghanistan,large_city,21_30,2075,0.0
Afghanistan,large_city,21_30,2080,0.0
Afghanistan,large_city,21_30,2085,0.0
Afghanistan,large_city,21_30,2090,0.0
Afghanistan,large_city,21_30,2095,0.0
Afghanistan,large_city,21_30,2100,0.0
Afghanistan,large_city,31_50,2011,0.0
Afghanistan,large_city,31_50,2012,0.0
Afghanistan,large_city,31_50,2013,0.0
Afghanistan,large_city,31_50,2014,0.0
Afghanistan,large_city,31_50,2015,0.0
Afghanistan,large_city,31_50,2016,0.0
Afghanistan,large_city,31_50,2017,0.0
Afghanistan,large_city,31_50,2018,0.0
Afghanistan,large_city,31_50,2019,0.0
Afghanistan,large_city,31_50,2020,0.0
Afghanistan,large_city,31_50,2025,0.0
Afghanistan,large_city,31_50,2030,0.0
Afghanistan,large_city,31_50,2035,0.0
Afghanistan,large_city,31_50,2040,0.0
Afghanistan,large_city,31_50,2045,0.0
Afghanistan,large_city,31_50,2050,0.0
Afghanistan,large_city,31_50,2055,0.0
Afghanistan,large_city,31_50,2060,0.0
Afghanistan,large_city,31_50,2065,0.0
Afghanistan,large_city,31_50,2070,0.0
Afghanistan,large_city,31_50,2075,0.0
Afghanistan,large_city,31_50,2080,0.0
Afghanistan,large_city,31_50,2085,0.0
Afghanistan,large_city,31_50,2090,0.0
Afghanistan,large_city,31_50,2095,0.0
Afghanistan,large_city,31_50,2100,0.0
Afghanistan,large_city,51+,2011,0.0
Afghanistan,large_city,51+,2012,0.0
Afghanistan,large_city,51+,2013,0.0
Afghanistan,large_city,51+,2014,0.0
Afghanistan,large_city,51+,2015,0.0
Afghanistan,large_city,51+,2016,0.0
Afghanistan,large_city,51+,2017,0.0
Afghanistan,large_city,51+,2018,0.0
Afghanistan,large_city,51+,2019,0.0
Afghanistan,large_city,51+,2020,0.0
Afghanistan,large_city,51+,2025,0.0
Afghanistan,large_city,51+,2030,0.0
Afghanistan,large_city,51+,2035,0.0
Afghanistan,large_city,51+,2040,0.0
Afghanistan,large_city,51+,2045,0.0
Afghanistan,large_city,51+,2050,0.0
Afghanistan,large_city,51+,2055,0.0
Afghanistan,large_city,51+,2060,0.0
Afghanistan,large_city,51+,2065,0.0
Afghanistan,large_city,51+,2070,0.0
Afghanistan,large_city,51+,2075,0.0
Afghanistan,large_city,51+,2080,0.0
Afghanistan,large_city,51+,2085,0.0
Afghanistan,large_city,51+,2090,0.0
Afghanistan,large_city,51+,2095,0.0
Afghanistan,large_city,51+,2100,0.0
Afghanistan,city,No_travel,2011,0.0
Afghanistan,city,No_travel,2012,0.0
Afghanistan,city,No_travel,2013,0.0
Afghanistan,city,No_travel,2014,0.0
Afghanistan,city,No_travel,2015,0.0
Afghanistan,city,No_travel,2016,0.0
Afghanistan,city,No_travel,2017,0.0
Afghanistan,city,No_travel,2018,0.0
Afghanistan,city,No_travel,2019,0.0
Afghanistan,city,No_travel,2020,0.0
Afghanistan,city,No_travel,2025,0.0
Afghanistan,city,No_travel,2030,0.0
Afghanistan,city,No_travel,2035,0.0
Afghanistan,city,No_travel,2040,0.0
Afghanistan,city,No_travel,2045,0.0
Afghanistan,city,No_travel,2050,0.0
Afghanistan,city,No_travel,2055,0.0
Afghanistan,city,No_travel,2060,0.0
Afghanistan,city,No_travel,2065,0.0
Afghanistan,city,No_travel,2070,0.0
Afghanistan,city,No_travel,2075,0.0
Afghanistan,city,No_travel,2080,0.0
Afghanistan,city,No_travel,2085,0.0
Afghanistan,city,No_travel,2090,0.0
Afghanistan,city,No_travel,2095,0.0
Afghanistan,city,No_travel,2100,0.0
Afghanistan,city,00_01,2011,0.0
Afghanistan,city,00_01,2012,0.0
Afghanistan,city,00_01,2013,0.0
Afghanistan,city,00_01,2014,0.0
Afghanistan,city,00_01,2015,0.0
Afghanistan,city,00_01,2016,0.0
Afghanistan,city,00_01,2017,0.0
Afghanistan,city,00_01,2018,0.0
Afghanistan,city,00_01,2019,0.0
Afghanistan,city,00_01,2020,0.0
Afghanistan,city,00_01,2025,0.0
Afghanistan,city,00_01,2030,0.0
Afghanistan,city,00_01,2035,0.0
Afghanistan,city,00_01,2040,0.0
Afghanistan,city,00_01,2045,0.0
Afghanistan,city,00_01,2050,0.0
Afghanistan,city,00_01,2055,0.0
Afghanistan,city,00_01,2060,0.0
Afghanistan,city,00_01,2065,0.0
Afghanistan,city,00_01,2070,0.0
Afghanistan,city,00_01,2075,0.0
Afghanistan,city,00_01,2080,0.0
Afghanistan,city,00_01,2085,0.0
Afghanistan,city,00_01,2090,0.0
Afghanistan,city,00_01,2095,0.0
Afghanistan,city,00_01,2100,0.0
Afghanistan,city,02_05,2011,0.0
Afghanistan,city,02_05,2012,0.0
Afghanistan,city,02_05,2013,0.0
Afghanistan,city,02_05,2014,0.0
Afghanistan,city,02_05,2015,0.0
Afghanistan,city,02_05,2016,0.0
Afghanistan,city,02_05,2017,0.0
Afghanistan,city,02_05,2018,0.0
Afghanistan,city,02_05,2019,0.0
Afghanistan,city,02_05,2020,0.0
Afghanistan,city,02_05,2025,0.0
Afghanistan,city,02_05,2030,0.0
Afghanistan,city,02_05,2035,0.0
Afghanistan,city,02_05,2040,0.0
Afghanistan,city,02_05,2045,0.0
Afghanistan,city,02_05,2050,0.0
Afghanistan,city,02_05,2055,0.0
Afghanistan,city,02_05,2060,0.0
Afghanistan,city,02_05,2065,0.0
Afghanistan,city,02_05,2070,0.0
Afghanistan,city,02_05,2075,0.0
Afghanistan,city,02_05,2080,0.0
Afghanistan,city,02_05,2085,0.0
Afghanistan,city,02_05,2090,0.0
Afghanistan,city,02_05,2095,0.0
Afghanistan,city,02_05,2100,0.0
Afghanistan,city,06_10,2011,0.0
Afghanistan,city,06_10,2012,0.0
Afghanistan,city,06_10,2013,0.0
Afghanistan,city,06_10,2014,0.0
Afghanistan,city,06_10,2015,0.0
Afghanistan,city,06_10,2016,0.0
Afghanistan,city,06_10,2017,0.0
Afghanistan,city,06_10,2018,0.0
Afghanistan,city,06_10,2019,0.0
Afghanistan,city,06_10,2020,0.0
Afghanistan,city,06_10,2025,0.0
Afghanistan,city,06_10,2030,0.0
Afghanistan,city,06_10,2035,0.0
Afghanistan,city,06_10,2040,0.0
Afghanistan,city,06_10,2045,0.0
Afghanistan,city,06_10,2050,0.0
Afghanistan,city,06_10,2055,0.0
Afghanistan,city,06_10,2060,0.0
Afghanistan,city,06_10,2065,0.0
Afghanistan,city,06_10,2070,0.0
Afghanistan,city,06_10,2075,0.0
Afghanistan,city,06_10,2080,0.0
Afghanistan,city,06_10,2085,0.0
Afghanistan,city,06_10,2090,0.0
Afghanistan,city,06_10,2095,0.0
Afghanistan,city,06_10,2100,0.0
Afghanistan,city,11_20,2011,0.0
Afghanistan,city,11_20,2012,0.0
Afghanistan,city,11_20,2013,0.0
Afghanistan,city,11_20,2014,0.0
Afghanistan,city,11_20,2015,0.0
Afghanistan,city,11_20,2016,0.0
Afghanistan,city,11_20,2017,0.0
Afghanistan,city,11_20,2018,0.0
Afghanistan,city,11_20,2019,0.0
Afghanistan,city,11_20,2020,0.0
Afghanistan,city,11_20,2025,0.0
Afghanistan,city,11_20,2030,0.0
Afghanistan,city,11_20,2035,0.0
Afghanistan,city,11_20,2040,0.0
Afghanistan,city,11_20,2045,0.0
Afghanistan,city,11_20,2050,0.0
Afghanistan,city,11_20,2055,0.0
Afghanistan,city,11_20,2060,0.0
Afghanistan,city,11_20,2065,0.0
Afghanistan,city,11_20,2070,0.0
Afghanistan,city,11_20,2075,0.0
Afghanistan,city,11_20,2080,0.0
Afghanistan,city,11_20,2085,0.0
Afghanistan,city,11_20,2090,0.0
Afghanistan,city,11_20,2095,0.0
Afghanistan,city,11_20,2100,0.0
Afghanistan,city,21_30,2011,0.0
Afghanistan,city,21_30,2012,0.0
Afghanistan,city,21_30,2013,0.0
Afghanistan,city,21_30,2014,0.0
Afghanistan,city,21_30,2015,0.0
Afghanistan,city,21_30,2016,0.0
Afghanistan,city,21_30,2017,0.0
Afghanistan,city,21_30,2018,0.0
Afghanistan,city,21_30,2019,0.0
Afghanistan,city,21_30,2020,0.0
Afghanistan,city,21_30,2025,0.0
Afghanistan,city,21_30,2030,0.0
Afghanistan,city,21_30,2035,0.0
Afghanistan,city,21_30,2040,0.0
Afghanistan,city,21_30,2045,0.0
Afghanistan,city,21_30,2050,0.0
Afghanistan,city,21_30,2055,0.0
Afghanistan,city,21_30,2060,0.0
Afghanistan,city,21_30,2065,0.0
Afghanistan,city,21_30,2070,0.0
Afghanistan,city,21_30,2075,0.0
Afghanistan,city,21_30,2080,0.0
Afghanistan,city,21_30,2085,0.0
Afghanistan,city,21_30,2090,0.0
Afghanistan,city,21_30,2095,0.0
Afghanistan,city,21_30,2100,0.0
Afghanistan,city,31_50,2011,0.0
Afghanistan,city,31_50,2012,0.0
Afghanistan,city,31_50,2013,0.0
Afghanistan,city,31_50,2014,0.0
Afghanistan,city,31_50,2015,0.0
Afghanistan,city,31_50,2016,0.0
Afghanistan,city,31_50,2017,0.0
Afghanistan,city,31_50,2018,0.0
Afghanistan,city,31_50,2019,0.0
Afghanistan,city,31_50,2020,0.0
Afghanistan,city,31_50,2025,0.0
Afghanistan,city,31_50,2030,0.0
Afghanistan,city,31_50,2035,0.0
Afghanistan,city,31_50,2040,0.0
Afghanistan,city,31_50,2045,0.0
Afghanistan,city,31_50,2050,0.0
Afghanistan,city,31_50,2055,0.0
Afghanistan,city,31_50,2060,0.0
Afghanistan,city,31_50,2065,0.0
Afghanistan,city,31_50,2070,0.0
Afghanistan,city,31_50,2075,0.0
Afghanistan,city,31_50,2080,0.0
Afghanistan,city,31_50,2085,0.0
Afghanistan,city,31_50,2090,0.0
Afghanistan,city,31_50,2095,0.0
Afghanistan,city,31_50,2100,0.0
Afghanistan,city,51+,2011,0.0
Afghanistan,city,51+,2012,0.0
Afghanistan,city,51+,2013,0.0
Afghanistan,city,51+,2014,0.0
Afghanistan,city,51+,2015,0.0
Afghanistan,city,51+,2016,0.0
Afghanistan,city,51+,2017,0.0
Afghanistan,city,51+,2018,0.0
Afghanistan,city,51+,2019,0.0
Afghanistan,city,51+,2020,0.0
Afghanistan,city,51+,2025,0.0
Afghanistan,city,51+,2030,0.0
Afghanistan,city,51+,2035,0.0
Afghanistan,city,51+,2040,0.0
Afghanistan,city,51+,2045,0.0
Afghanistan,city,51+,2050,0.0
Afghanistan,city,51+,2055,0.0
Afghanistan,city,51+,2060,0.0
Afghanistan,city,51+,2065,0.0
Afghanistan,city,51+,2070,0.0
Afghanistan,city,51+,2075,0.0
Afghanistan,city,51+,2080,0.0
Afghanistan,city,51+,2085,0.0
Afghanistan,city,51+,2090,0.0
Afghanistan,city,51+,2095,0.0
Afghanistan,city,51+,2100,0.0
Afghanistan,town,No_travel,2011,0.0
Afghanistan,town,No_travel,2012,0.0
Afghanistan,town,No_travel,2013,0.0
Afghanistan,town,No_travel,2014,0.0
Afghanistan,town,No_travel,2015,0.0
Afghanistan,town,No_travel,2016,0.0
Afghanistan,town,No_travel,2017,0.0
Afghanistan,town,No_travel,2018,0.0
Afghanistan,town,No_travel,2019,0.0
Afghanistan,town,No_travel,2020,0.0
Afghanistan,town,No_travel,2025,0.0
Afghanistan,town,No_travel,2030,0.0
Afghanistan,town,No_travel,2035,0.0
Afghanistan,town,No_travel,2040,0.0
Afghanistan,town,No_travel,2045,0.0
Afghanistan,town,No_travel,2050,0.0
Afghanistan,town,No_travel,2055,0.0
Afghanistan,town,No_travel,2060,0.0
Afghanistan,town,No_travel,2065,0.0
Afghanistan,town,No_travel,2070,0.0
Afghanistan,town,No_travel,2075,0.0
Afghanistan,town,No_travel,2080,0.0
Afghanistan,town,No_travel,2085,0.0
Afghanistan,town,No_travel,2090,0.0
Afghanistan,town,No_travel,2095,0.0
Afghanistan,town,No_travel,2100,0.0
Afghanistan,town,00_01,2011,0.0
Afghanistan,town,00_01,2012,0.0
Afghanistan,town,00_01,2013,0.0
Afghanistan,town,00_01,2014,0.0
Afghanistan,town,00_01,2015,0.0
Afghanistan,town,00_01,2016,0.0
Afghanistan,town,00_01,2017,0.0
Afghanistan,town,00_01,2018,0.0
Afghanistan,town,00_01,2019,0.0
Afghanistan,town,00_01,2020,0.0
Afghanistan,town,00_01,2025,0.0
Afghanistan,town,00_01,2030,0.0
Afghanistan,town,00_01,2035,0.0
Afghanistan,town,00_01,2040,0.0
Afghanistan,town,00_01,2045,0.0
Afghanistan,town,00_01,2050,0.0
Afghanistan,town,00_01,2055,0.0
Afghanistan,town,00_01,2060,0.0
Afghanistan,town,00_01,2065,0.0
Afghanistan,town,00_01,2070,0.0
Afghanistan,town,00_01,2075,0.0
Afghanistan,town,00_01,2080,0.0
Afghanistan,town,00_01,2085,0.0
Afghanistan,town,00_01,2090,0.0
Afghanistan,town,00_01,2095,0.0
Afghanistan,town,00_01,2100,0.0
Afghanistan,town,02_05,2011,0.0
Afghanistan,town,02_05,2012,0.0
Afghanistan,town,02_05,2013,0.0
Afghanistan,town,02_05,2014,0.0
Afghanistan,town,02_05,2015,0.0
Afghanistan,town,02_05,2016,0.0
Afghanistan,town,02_05,2017,0.0
Afghanistan,town,02_05,2018,0.0
Afghanistan,town,02_05,2019,0.0
Afghanistan,town,02_05,2020,0.0
Afghanistan,town,02_05,2025,0.0
Afghanistan,town,02_05,2030,0.0
Afghanistan,town,02_05,2035,0.0
Afghanistan,town,02_05,2040,0.0
Afghanistan,town,02_05,2045,0.0
Afghanistan,town,02_05,2050,0.0
Afghanistan,town,02_05,2055,0.0
Afghanistan,town,02_05,2060,0.0
Afghanistan,town,02_05,2065,0.0
Afghanistan,town,02_05,2070,0.0
Afghanistan,town,02_05,2075,0.0
Afghanistan,town,02_05,2080,0.0
Afghanistan,town,02_05,2085,0.0
Afghanistan,town,02_05,2090,0.0
Afghanistan,town,02_05,2095,0.0
Afghanistan,town,02_05,2100,0.0
Afghanistan,town,06_10,2011,0.0
Afghanistan,town,06_10,2012,0.0
Afghanistan,town,06_10,2013,0.0
Afghanistan,town,06_10,2014,0.0
Afghanistan,town,06_10,2015,0.0
Afghanistan,town,06_10,2016,0.0
Afghanistan,town,06_10,2017,0.0
Afghanistan,town,06_10,2018,0.0
Afghanistan,town,06_10,2019,0.0
Afghanistan,town,06_10,2020,0.0
Afghanistan,town,06_10,2025,0.0
Afghanistan,town,06_10,2030,0.0
Afghanistan,town,06_10,2035,0.0
Afghanistan,town,06_10,2040,0.0
Afghanistan,town,06_10,2045,0.0
Afghanistan,town,06_10,2050,0.0
Afghanistan,town,06_10,2055,0.0
Afghanistan,town,06_10,2060,0.0
Afghanistan,town,06_10,2065,0.0
Afghanistan,town,06_10,2070,0.0
Afghanistan,town,06_10,2075,0.0
Afghanistan,town,06_10,2080,0.0
Afghanistan,town,06_10,2085,0.0
Afghanistan,town,06_10,2090,0.0
Afghanistan,town,06_10,2095,0.0
Afghanistan,town,06_10,2100,0.0
Afghanistan,town,11_20,2011,0.0
Afghanistan,town,11_20,2012,0.0
Afghanistan,town,11_20,2013,0.0
Afghanistan,town,11_20,2014,0.0
Afghanistan,town,11_20,2015,0.0
Afghanistan,town,11_20,2016,0.0
Afghanistan,town,11_20,2017,0.0
Afghanistan,town,11_20,2018,0.0
Afghanistan,town,11_20,2019,0.0
Afghanistan,town,11_20,2020,0.0
Afghanistan,town,11_20,2025,0.0
Afghanistan,town,11_20,2030,0.0
Afghanistan,town,11_20,2035,0.0
Afghanistan,town,11_20,2040,0.0
Afghanistan,town,11_20,2045,0.0
Afghanistan,town,11_20,2050,0.0
Afghanistan,town,11_20,2055,0.0
Afghanistan,town,11_20,2060,0.0
Afghanistan,town,11_20,2065,0.0
Afghanistan,town,11_20,2070,0.0
Afghanistan,town,11_20,2075,0.0
Afghanistan,town,11_20,2080,0.0
Afghanistan,town,11_20,2085,0.0
Afghanistan,town,11_20,2090,0.0
Afghanistan,town,11_20,2095,0.0
Afghanistan,town,11_20,2100,0.0
Afghanistan,town,21_30,2011,0.0
Afghanistan,town,21_30,2012,0.0
Afghanistan,town,21_30,2013,0.0
Afghanistan,town,21_30,2014,0.0
Afghanistan,town,21_30,2015,0.0
Afghanistan,town,21_30,2016,0.0
Afghanistan,town,21_30,2017,0.0
Afghanistan,town,21_30,2018,0.0
Afghanistan,town,21_30,2019,0.0
Afghanistan,town,21_30,2020,0.0
Afghanistan,town,21_30,2025,0.0
Afghanistan,town,21_30,2030,0.0
Afghanistan,town,21_30,2035,0.0
Afghanistan,town,21_30,2040,0.0
Afghanistan,town,21_30,2045,0.0
Afghanistan,town,21_30,2050,0.0
Afghanistan,town,21_30,2055,0.0
Afghanistan,town,21_30,2060,0.0
Afghanistan,town,21_30,2065,0.0
Afghanistan,town,21_30,2070,0.0
Afghanistan,town,21_30,2075,0.0
Afghanistan,town,21_30,2080,0.0
Afghanistan,town,21_30,2085,0.0
Afghanistan,town,21_30,2090,0.0
Afghanistan,town,21_30,2095,0.0
Afghanistan,town,21_30,2100,0.0
Afghanistan,town,31_50,2011,0.0
Afghanistan,town,31_50,2012,0.0
Afghanistan,town,31_50,2013,0.0
Afghanistan,town,31_50,2014,0.0
Afghanistan,town,31_50,2015,0.0
Afghanistan,town,31_50,2016,0.0
Afghanistan,town,31_50,2017,0.0
Afghanistan,town,31_50,2018,0.0
Afghanistan,town,31_50,2019,0.0
Afghanistan,town,31_50,2020,0.0
Afghanistan,town,31_50,2025,0.0
Afghanistan,town,31_50,2030,0.0
Afghanistan,town,31_50,2035,0.0
Afghanistan,town,31_50,2040,0.0
Afghanistan,town,31_50,2045,0.0
Afghanistan,town,31_50,2050,0.0
Afghanistan,town,31_50,2055,0.0
Afghanistan,town,31_50,2060,0.0
Afghanistan,town,31_50,2065,0.0
Afghanistan,town,31_50,2070,0.0
Afghanistan,town,31_50,2075,0.0
Afghanistan,town,31_50,2080,0.0
Afghanistan,town,31_50,2085,0.0
Afghanistan,town,31_50,2090,0.0
Afghanistan,town,31_50,2095,0.0
Afghanistan,town,31_50,2100,0.0
Afghanistan,town,51+,2011,0.0
Afghanistan,town,51+,2012,0.0
Afghanistan,town,51+,2013,0.0
Afghanistan,town,51+,2014,0.0
Afghanistan,town,51+,2015,0.0
Afghanistan,town,51+,2016,0.0
Afghanistan,town,51+,2017,0.0
Afghanistan,town,51+,2018,0.0
Afghanistan,town,51+,2019,0.0
Afghanistan,town,51+,2020,0.0
Afghanistan,town,51+,2025,0.0
Afghanistan,town,51+,2030,0.0
Afghanistan,town,51+,2035,0.0
Afghanistan,town,51+,2040,0.0
Afghanistan,town,51+,2045,0.0
Afghanistan,town,51+,2050,0.0
Afghanistan,town,51+,2055,0.0
Afghanistan,town,51+,2060,0.0
Afghanistan,town,51+,2065,0.0
Afghanistan,town,51+,2070,0.0
Afghanistan,town,51+,2075,0.0
Afghanistan,town,51+,2080,0.0
Afghanistan,town,51+,2085,0.0
Afghanistan,town,51+,2090,0.0
Afghanistan,town,51+,2095,0.0
Afghanistan,town,51+,2100,0.0
Afghanistan,rural,No_travel,2011,0.0
Afghanistan,rural,No_travel,2012,0.0
Afghanistan,rural,No_travel,2013,0.0
Afghanistan,rural,No_travel,2014,0.0
Afghanistan,rural,No_travel,2015,0.0
Afghanistan,rural,No_travel,2016,0.0
Afghanistan,rural,No_travel,2017,0.0
Afghanistan,rural,No_travel,2018,0.0
Afghanistan,rural,No_travel,2019,0.0
Afghanistan,rural,No_travel,2020,0.0
Afghanistan,rural,No_travel,2025,0.0
Afghanistan,rural,No_travel,2030,0.0
Afghanistan,rural,No_travel,2035,0.0
Afghanistan,rural,No_travel,2040,0.0
Afghanistan,rural,No_travel,2045,0.0
Afghanistan,rural,No_travel,2050,0.0
Afghanistan,rural,No_travel,2055,0.0
Afghanistan,rural,No_travel,2060,0.0
Afghanistan,rural,No_travel,2065,0.0
Afghanistan,rural,No_travel,2070,0.0
Afghanistan,rural,No_travel,2075,0.0
Afghanistan,rural,No_travel,2080,0.0
Afghanistan,rural,No_travel,2085,0.0
Afghanistan,rural,No_travel,2090,0.0
Afghanistan,rural,No_travel,2095,0.0
Afghanistan,rural,No_travel,2100,0.0
Afghanistan,rural,00_01,2011,0.0
Afghanistan,rural,00_01,2012,0.0
Afghanistan,rural,00_01,2013,0.0
Afghanistan,rural,00_01,2014,0.0
Afghanistan,rural,00_01,2015,0.0
Afghanistan,rural,00_01,2016,0.0
Afghanistan,rural,00_01,2017,0.0
Afghanistan,rural,00_01,2018,0.0
Afghanistan,rural,00_01,2019,0.0
Afghanistan,rural,00_01,2020,0.0
Afghanistan,rural,00_01,2025,0.0
Afghanistan,rural,00_01,2030,0.0
Afghanistan,rural,00_01,2035,0.0
Afghanistan,rural,00_01,2040,0.0
Afghanistan,rural,00_01,2045,0.0
Afghanistan,rural,00_01,2050,0.0
Afghanistan,rural,00_01,2055,0.0
Afghanistan,rural,00_01,2060,0.0
Afghanistan,rural,00_01,2065,0.0
Afghanistan,rural,00_01,2070,0.0
Afghanistan,rural,00_01,2075,0.0
Afghanistan,rural,00_01,2080,0.0
Afghanistan,rural,00_01,2085,0.0
Afghanistan,rural,00_01,2090,0.0
Afghanistan,rural,00_01,2095,0.0
Afghanistan,rural,00_01,2100,0.0
Afghanistan,rural,02_05,2011,0.0
Afghanistan,rural,02_05,2012,0.0
Afghanistan,rural,02_05,2013,0.0
Afghanistan,rural,02_05,2014,0.0
Afghanistan,rural,02_05,2015,0.0
Afghanistan,rural,02_05,2016,0.0
Afghanistan,rural,02_05,2017,0.0
Afghanistan,rural,02_05,2018,0.0
Afghanistan,rural,02_05,2019,0.0
Afghanistan,rural,02_05,2020,0.0
Afghanistan,rural,02_05,2025,0.0
Afghanistan,rural,02_05,2030,0.0
Afghanistan,rural,02_05,2035,0.0
Afghanistan,rural,02_05,2040,0.0
Afghanistan,rural,02_05,2045,0.0
Afghanistan,rural,02_05,2050,0.0
Afghanistan,rural,02_05,2055,0.0
Afghanistan,rural,02_05,2060,0.0
Afghanistan,rural,02_05,2065,0.0
Afghanistan,rural,02_05,2070,0.0
Afghanistan,rural,02_05,2075,0.0
Afghanistan,rural,02_05,2080,0.0
Afghanistan,rural,02_05,2085,0.0
Afghanistan,rural,02_05,2090,0.0
Afghanistan,rural,02_05,2095,0.0
Afghanistan,rural,02_05,2100,0.0
Afghanistan,rural,06_10,2011,0.0
Afghanistan,rural,06_10,2012,0.0
Afghanistan,rural,06_10,2013,0.0
Afghanistan,rural,06_10,2014,0.0
Afghanistan,rural,06_10,2015,0.0
Afghanistan,rural,06_10,2016,0.0
Afghanistan,rural,06_10,2017,0.0
Afghanistan,rural,06_10,2018,0.0
Afghanistan,rural,06_10,2019,0.0
Afghanistan,rural,06_10,2020,0.0
Afghanistan,rural,06_10,2025,0.0
Afghanistan,rural,06_10,2030,0.0
Afghanistan,rural,06_10,2035,0.0
Afghanistan,rural,06_10,2040,0.0
Afghanistan,rural,06_10,2045,0.0
Afghanistan,rural,06_10,2050,0.0
Afghanistan,rural,06_10,2055,0.0
Afghanistan,rural,06_10,2060,0.0
Afghanistan,rural,06_10,2065,0.0
Afghanistan,rural,06_10,2070,0.0
Afghanistan,rural,06_10,2075,0.0
Afghanistan,rural,06_10,2080,0.0
Afghanistan,rural,06_10,2085,0.0
Afghanistan,rural,06_10,2090,0.0
Afghanistan,rural,06_10,2095,0.0
Afghanistan,rural,06_10,2100,0.0
Afghanistan,rural,11_20,2011,0.0
Afghanistan,rural,11_20,2012,0.0
Afghanistan,rural,11_20,2013,0.0
Afghanistan,rural,11_20,2014,0.0
Afghanistan,rural,11_20,2015,0.0
Afghanistan,rural,11_20,2016,0.0
Afghanistan,rural,11_20,2017,0.0
Afghanistan,rural,11_20,2018,0.0
Afghanistan,rural,11_20,2019,0.0
Afghanistan,rural,11_20,2020,0.0
Afghanistan,rural,11_20,2025,0.0
Afghanistan,rural,11_20,2030,0.0
Afghanistan,rural,11_20,2035,0.0
Afghanistan,rural,11_20,2040,0.0
Afghanistan,rural,11_20,2045,0.0
Afghanistan,rural,11_20,2050,0.0
Afghanistan,rural,11_20,2055,0.0
Afghanistan,rural,11_20,2060,0.0
Afghanistan,rural,11_20,2065,0.0
Afghanistan,rural,11_20,2070,0.0
Afghanistan,rural,11_20,2075,0.0
Afghanistan,rural,11_20,2080,0.0
Afghanistan,rural,11_20,2085,0.0
Afghanistan,rural,11_20,2090,0.0
Afghanistan,rural,11_20,2095,0.0
Afghanistan,rural,11_20,2100,0.0
Afghanistan,rural,21_30,2011,0.0
Afghanistan,rural,21_30,2012,0.0
Afghanistan,rural,21_30,2013,0.0
Afghanistan,rural,21_30,2014,0.0
Afghanistan,rural,21_30,2015,0.0
Afghanistan,rural,21_30,2016,0.0
Afghanistan,rural,21_30,2017,0.0
Afghanistan,rural,21_30,2018,0.0
Afghanistan,rural,21_30,2019,0.0
Afghanistan,rural,21_30,2020,0.0
Afghanistan,rural,21_30,2025,0.0
Afghanistan,rural,21_30,2030,0.0
Afghanistan,rural,21_30,2035,0.0
Afghanistan,rural,21_30,2040,0.0
Afghanistan,rural,21_30,2045,0.0
Afghanistan,rural,21_30,2050,0.0
Afghanistan,rural,21_30,2055,0.0
Afghanistan,rural,21_30,2060,0.0
Afghanistan,rural,21_30,2065,0.0
Afghanistan,rural,21_30,2070,0.0
Afghanistan,rural,21_30,2075,0.0
Afghanistan,rural,21_30,2080,0.0
Afghanistan,rural,21_30,2085,0.0
Afghanistan,rural,21_30,2090,0.0
Afghanistan,rural,21_30,2095,0.0
Afghanistan,rural,21_30,2100,0.0
Afghanistan,rural,31_50,2011,0.0
Afghanistan,rural,31_50,2012,0.0
Afghanistan,rural,31_50,2013,0.0
Afghanistan,rural,31_50,2014,0.0
Afghanistan,rural,31_50,2015,0.0
Afghanistan,rural,31_50,2016,0.0
Afghanistan,rural,31_50,2017,0.0
Afghanistan,rural,31_50,2018,0.0
Afghanistan,rural,31_50,2019,0.0
Afghanistan,rural,31_50,2020,0.0
Afghanistan,rural,31_50,2025,0.0
Afghanistan,rural,31_50,2030,0.0
Afghanistan,rural,31_50,2035,0.0
Afghanistan,rural,31_50,2040,0.0
Afghanistan,rural,31_50,2045,0.0
Afghanistan,rural,31_50,2050,0.0
Afghanistan,rural,31_50,2055,0.0
Afghanistan,rural,31_50,2060,0.0
Afghanistan,rural,31_50,2065,0.0
Afghanistan,rural,31_50,2070,0.0
Afghanistan,rural,31_50,2075,0.0
Afghanistan,rural,31_50,2080,0.0
Afghanistan,rural,31_50,2085,0.0
Afghanistan,rural,31_50,2090,0.0
Afghanistan,rural,31_50,2095,0.0
Afghanistan,rural,31_50,2100,0.0
Afghanistan,rural,51+,2011,0.0
Afghanistan,rural,51+,2012,0.0
Afghanistan,rural,51+,2013,0.0
Afghanistan,rural,51+,2014,0.0
Afghanistan,rural,51+,2015,0.0
Afghanistan,rural,51+,2016,0.0
Afghanistan,rural,51+,2017,0.0
Afghanistan,rural,51+,2018,0.0
Afghanistan,rural,51+,2019,0.0
Afghanistan,rural,51+,2020,0.0
Afghanistan,rural,51+,2025,0.0
Afghanistan,rural,51+,2030,0.0
Afghanistan,rural,51+,2035,0.0
Afghanistan,rural,51+,2040,0.0
Afghanistan,rural,51+,2045,0.0
Afghanistan,rural,51+,2050,0.0
Afghanistan,rural,51+,2055,0.0
Afghanistan,rural,51+,2060,0.0
Afghanistan,rural,51+,2065,0.0
Afghanistan,rural,51+,2070,0.0
Afghanistan,rural,51+,2075,0.0
Afghanistan,rural,51+,2080,0.0
Afghanistan,rural,51+,2085,0.0
Afghanistan,rural,51+,2090,0.0
Afghanistan,rural,51+,2095,0.0
Afghanistan,rural,51+,2100,0.0
Bangladesh,large_city,No_travel,2011,0.0
Bangladesh,large_city,No_travel,2012,0.0
Bangladesh,large_city,No_travel,2013,0.0
Bangladesh,large_city,No_travel,2014,0.0
Bangladesh,large_city,No_travel,2015,0.0
Bangladesh,large_city,No_travel,2016,0.0
Bangladesh,large_city,No_travel,2017,0.0
Bangladesh,large_city,No_travel,2018,0.0
Bangladesh,large_city,No_travel,2019,0.0
Bangladesh,large_city,No_travel,2020,0.0
Bangladesh,large_city,No_travel,2025,0.0
Bangladesh,large_city,No_travel,2030,0.0
Bangladesh,large_city,No_travel,2035,0.0
Bangladesh,large_city,No_travel,2040,0.0
Bangladesh,large_city,No_travel,2045,0.0
Bangladesh,large_city,No_travel,2050,0.0
Bangladesh,large_city,No_travel,2055,0.0
Bangladesh,large_city,No_travel,2060,0.0
Bangladesh,large_city,No_travel,2065,0.0
Bangladesh,large_city,No_travel,2070,0.0
Bangladesh,large_city,No_travel,2075,0.0
Bangladesh,large_city,No_travel,2080,0.0
Bangladesh,large_city,No_travel,2085,0.0
Bangladesh,large_city,No_travel,2090,0.0
Bangladesh,large_city,No_travel,2095,0.0
Bangladesh,large_city,No_travel,2100,0.0
Bangladesh,large_city,00_01,2011,0.005
Bangladesh,large_city,00_01,2012,0.005001799927302352
Bangladesh,large_city,00_01,2013,0.005003317600781212
Bangladesh,large_city,00_01,2014,0.005004756084727433
Bangladesh,large_city,00_01,2015,0.005006234220390858
Bangladesh,large_city,00_01,2016,0.005007706847122937
Bangladesh,large_city,00_01,2017,0.005008913227158366
Bangladesh,large_city,00_01,2018,0.0050101438750781
Bangladesh,large_city,00_01,2019,0.005011299157815179
Bangladesh,large_city,00_01,2020,0.005011653210857311
Bangladesh,large_city,00_01,2025,0.005013999685689234
Bangladesh,large_city,00_01,2030,0.0050123284874452854
Bangladesh,large_city,00_01,2035,0.005008262895346426
Bangladesh,large_city,00_01,2040,0.005002196726458943
Bangladesh,large_city,00_01,2045,0.00499458040715266
Bangladesh,large_city,00_01,2050,0.004985836273015001
Bangladesh,large_city,00_01,2055,0.0049763079112471525
Bangladesh,large_city,00_01,2060,0.0049662179360351125
Bangladesh,large_city,00_01,2065,0.004955730296511974
Bangladesh,large_city,00_01,2070,0.00494498505966546
Bangladesh,large_city,00_01,2075,0.004934114282438499
Bangladesh,large_city,00_01,2080,0.0049235645829588245
Bangladesh,large_city,00_01,2085,0.004913423056508625
Bangladesh,large_city,00_01,2090,0.004903932726664509
Bangladesh,large_city,00_01,2095,0.004894829958487087
Bangladesh,large_city,00_01,2100,0.004885970695530685
Bangladesh,large_city,02_05,2011,0.005
Bangladesh,large_city,02_05,2012,0.005001799927302352
Bangladesh,large_city,02_05,2013,0.005003317600781212
Bangladesh,large_city,02_05,2014,0.005004756084727433
Bangladesh,large_city,02_05,2015,0.005006234220390858
Bangladesh,large_city,02_05,2016,0.005007706847122937
Bangladesh,large_city,02_05,2017,0.005008913227158366
Bangladesh,large_city,02_05,2018,0.0050101438750781
Bangladesh,large_city,02_05,2019,0.005011299157815179
Bangladesh,large_city,02_05,2020,0.005011653210857311
Bangladesh,large_city,02_05,2025,0.005013999685689234
Bangladesh,large_city,02_05,2030,0.0050123284874452854
Bangladesh,large_city,02_05,2035,0.005008262895346426
Bangladesh,large_city,02_05,2040,0.005002196726458943
Bangladesh,large_city,02_05,2045,0.00499458040715266
Bangladesh,large_city,02_05,2050,0.004985836273015001
Bangladesh,large_city,02_05,2055,0.0049763079112471525
Bangladesh,large_city,02_05,2060,0.0049662179360351125
Bangladesh,large_city,02_05,2065,0.004955730296511974
Bangladesh,large_city,02_05,2070,0.00494498505966546
Bangladesh,large_city,02_05,2075,0.004934114282438499
Bangladesh,large_city,02_05,2080,0.0049235645829588245
Bangladesh,large_city,02_05,2085,0.004913423056508625
Bangladesh,large_city,02_05,2090,0.004903932726664509
Bangladesh,large_city,02_05,2095,0.004894829958487087
Bangladesh,large_city,02_05,2100,0.004885970695530685
Bangladesh,large_city,06_10,2011,0.0075
Bangladesh,large_city,06_10,2012,0.007502699890953527
Bangladesh,large_city,06_10,2013,0.007504976401171818
Bangladesh,large_city,06_10,2014,0.00750713412709115
Bangladesh,large_city,06_10,2015,0.0075093513305862876
Bangladesh,large_city,06_10,2016,0.007511560270684405
Bangladesh,large_city,06_10,2017,0.007513369840737549
Bangladesh,large_city,06_10,2018,0.00751521581261715
Bangladesh,large_city,06_10,2019,0.007516948736722768
Bangladesh,large_city,06_10,2020,0.007517479816285966
Bangladesh,large_city,06_10,2025,0.00752099952853385
Bangladesh,large_city,06_10,2030,0.007518492731167928
Bangladesh,large_city,06_10,2035,0.007512394343019638
Bangladesh,large_city,06_10,2040,0.007503295089688414
Bangladesh,large_city,06_10,2045,0.007491870610728989
Bangladesh,large_city,06_10,2050,0.007478754409522501
Bangladesh,large_city,06_10,2055,0.007464461866870728
Bangladesh,large_city,06_10,2060,0.007449326904052668
Bangladesh,large_city,06_10,2065,0.0074335954447679615
Bangladesh,large_city,06_10,2070,0.007417477589498189
Bangladesh,large_city,06_10,2075,0.007401171423657747
Bangladesh,large_city,06_10,2080,0.007385346874438236
Bangladesh,large_city,06_10,2085,0.007370134584762937
Bangladesh,large_city,06_10,2090,0.007355899089996763
Bangladesh,large_city,06_10,2095,0.0073422449377306305
Bangladesh,large_city,06_10,2100,0.0073289560432960275
Bangladesh,large_city,11_20,2011,0.011
Bangladesh,large_city,11_20,2012,0.011003959840065173
Bangladesh,large_city,11_20,2013,0.011007298721718666
Bangladesh,large_city,11_20,2014,0.011010463386400353
Bangladesh,large_city,11_20,2015,0.011013715284859888
Bangladesh,large_city,11_20,2016,0.01101695506367046
Bangladesh,large_city,11_20,2017,0.011019609099748404
Bangladesh,large_city,11_20,2018,0.01102231652517182
Bangladesh,large_city,11_20,2019,0.011024858147193393
Bangladesh,large_city,11_20,2020,0.011025637063886084
Bangladesh,large_city,11_20,2025,0.011030799308516312
Bangladesh,large_city,11_20,2030,0.011027122672379628
Bangladesh,large_city,11_20,2035,0.011018178369762136
Bangladesh,large_city,11_20,2040,0.011004832798209673
Bangladesh,large_city,11_20,2045,0.01098807689573585
Bangladesh,large_city,11_20,2050,0.010968839800633
Bangladesh,large_city,11_20,2055,0.010947877404743735
Bangladesh,large_city,11_20,2060,0.010925679459277245
Bangladesh,large_city,11_20,2065,0.010902606652326343
Bangladesh,large_city,11_20,2070,0.010878967131264012
Bangladesh,large_city,11_20,2075,0.010855051421364696
Bangladesh,large_city,11_20,2080,0.010831842082509412
Bangladesh,large_city,11_20,2085,0.010809530724318974
Bangladesh,large_city,11_20,2090,0.010788651998661919
Bangladesh,large_city,11_20,2095,0.01076862590867159
Bangladesh,large_city,11_20,2100,0.010749135530167507
Bangladesh,large_city,21_30,2011,0.015
Bangladesh,large_city,21_30,2012,0.015005399781907054
Bangladesh,large_city,21_30,2013,0.015009952802343636
Bangladesh,large_city,21_30,2014,0.0150142682541823
Bangladesh,large_city,21_30,2015,0.015018702661172575
Bangladesh,large_city,21_30,2016,0.01502312054136881
Bangladesh,large_city,21_30,2017,0.015026739681475098
Bangladesh,large_city,21_30,2018,0.0150304316252343
Bangladesh,large_city,21_30,2019,0.015033897473445535
Bangladesh,large_city,21_30,2020,0.015034959632571933
Bangladesh,large_city,21_30,2025,0.0150419990570677
Bangladesh,large_city,21_30,2030,0.015036985462335856
Bangladesh,large_city,21_30,2035,0.015024788686039276
Bangladesh,large_city,21_30,2040,0.015006590179376828
Bangladesh,large_city,21_30,2045,0.014983741221457979
Bangladesh,large_city,21_30,2050,0.014957508819045002
Bangladesh,large_city,21_30,2055,0.014928923733741457
Bangladesh,large_city,21_30,2060,0.014898653808105336
Bangladesh,large_city,21_30,2065,0.014867190889535923
Bangladesh,large_city,21_30,2070,0.014834955178996379
Bangladesh,large_city,21_30,2075,0.014802342847315493
Bangladesh,large_city,21_30,2080,0.014770693748876473
Bangladesh,large_city,21_30,2085,0.014740269169525875
Bangladesh,large_city,21_30,2090,0.014711798179993525
Bangladesh,large_city,21_30,2095,0.014684489875461261
Bangladesh,large_city,21_30,2100,0.014657912086592055
Bangladesh,large_city,31_50,2011,0.045
Bangladesh,large_city,31_50,2012,0.04501619934572117
Bangladesh,large_city,31_50,2013,0.04502985840703091
Bangladesh,large_city,31_50,2014,0.04504280476254689
Bangladesh,large_city,31_50,2015,0.045056107983517724
Bangladesh,large_city,31_50,2016,0.04506936162410643
Bangladesh,large_city,31_50,2017,0.04508021904442529
Bangladesh,large_city,31_50,2018,0.0450912948757029
Bangladesh,large_city,31_50,2019,0.04510169242033661
Bangladesh,large_city,31_50,2020,0.0451048788977158
Bangladesh,large_city,31_50,2025,0.045125997171203094
Bangladesh,large_city,31_50,2030,0.045110956387007566
Bangladesh,large_city,31_50,2035,0.045074366058117835
Bangladesh,large_city,31_50,2040,0.045019770538130485
Bangladesh,large_city,31_50,2045,0.044951223664373936
Bangladesh,large_city,31_50,2050,0.044872526457135006
Bangladesh,large_city,31_50,2055,0.044786771201224373
Bangladesh,large_city,31_50,2060,0.044695961424316005
Bangladesh,large_city,31_50,2065,0.044601572668607765
Bangladesh,large_city,31_50,2070,0.04450486553698914
Bangladesh,large_city,31_50,2075,0.04440702854194648
Bangladesh,large_city,31_50,2080,0.044312081246629414
Bangladesh,large_city,31_50,2085,0.044220807508577625
Bangladesh,large_city,31_50,2090,0.044135394539980576
Bangladesh,large_city,31_50,2095,0.04405346962638378
Bangladesh,large_city,31_50,2100,0.043973736259776165
Bangladesh,large_city,51+,2011,0.095
Bangladesh,large_city,51+,2012,0.09503419861874468
Bangladesh,large_city,51+,2013,0.09506303441484303
Bangladesh,large_city,51+,2014,0.09509036560982123
Bangladesh,large_city,51+,2015,0.0951184501874263
Bangladesh,large_city,51+,2016,0.0951464300953358
Bangladesh,large_city,51+,2017,0.09516935131600895
Bangladesh,large_city,51+,2018,0.09519273362648391
Bangladesh,large_city,51+,2019,0.0952146839984884
Bangladesh,large_city,51+,2020,0.0952214110062889
Bangladesh,large_city,51+,2025,0.09526599402809544
Bangladesh,large_city,51+,2030,0.09523424126146043
Bangladesh,large_city,51+,2035,0.09515699501158209
Bangladesh,large_city,51+,2040,0.09504173780271992
Bangladesh,large_city,51+,2045,0.09489702773590053
Bangladesh,large_city,51+,2050,0.09473088918728502
Bangladesh,large_city,51+,2055,0.0945498503136959
Bangladesh,large_city,51+,2060,0.09435814078466713
Bangladesh,large_city,51+,2065,0.09415887563372752
Bangladesh,large_city,51+,2070,0.09395471613364374
Bangladesh,large_city,51+,2075,0.09374817136633147
Bangladesh,large_city,51+,2080,0.09354772707621767
Bangladesh,large_city,51+,2085,0.09335503807366388
Bangladesh,large_city,51+,2090,0.09317472180662567
Bangladesh,large_city,51+,2095,0.09300176921125465
Bangladesh,large_city,51+,2100,0.09283344321508302
Bangladesh,city,No_travel,2011,0.0
Bangladesh,city,No_travel,2012,0.0
Bangladesh,city,No_travel,2013,0.0
Bangladesh,city,No_travel,2014,0.0
Bangladesh,city,No_travel,2015,0.0
Bangladesh,city,No_travel,2016,0.0
Bangladesh,city,No_travel,2017,0.0
Bangladesh,city,No_travel,2018,0.0
Bangladesh,city,No_travel,2019,0.0
Bangladesh,city,No_travel,2020,0.0
Bangladesh,city,No_travel,2025,0.0
Bangladesh,city,No_travel,2030,0.0
Bangladesh,city,No_travel,2035,0.0
Bangladesh,city,No_travel,2040,0.0
Bangladesh,city,No_travel,2045,0.0
Bangladesh,city,No_travel,2050,0.0
Bangladesh,city,No_travel,2055,0.0
Bangladesh,city,No_travel,2060,0.0
Bangladesh,city,No_travel,2065,0.0
Bangladesh,city,No_travel,2070,0.0
Bangladesh,city,No_travel,2075,0.0
Bangladesh,city,No_travel,2080,0.0
Bangladesh,city,No_travel,2085,0.0
Bangladesh,city,No_travel,2090,0.0
Bangladesh,city,No_travel,2095,0.0
Bangladesh,city,No_travel,2100,0.0
Bangladesh,city,00_01,2011,0.0
Bangladesh,city,00_01,2012,0.0
Bangladesh,city,00_01,2013,0.0
Bangladesh,city,00_01,2014,0.0
Bangladesh,city,00_01,2015,0.0
Bangladesh,city,00_01,2016,0.0
Bangladesh,city,00_01,2017,0.0
Bangladesh,city,00_01,2018,0.0
Bangladesh,city,00_01,2019,0.0
Bangladesh,city,00_01,2020,0.0
Bangladesh,city,00_01,2025,0.0
Bangladesh,city,00_01,2030,0.0
Bangladesh,city,00_01,2035,0.0
Bangladesh,city,00_01,2040,0.0
Bangladesh,city,00_01,2045,0.0
Bangladesh,city,00_01,2050,0.0
Bangladesh,city,00_01,2055,0.0
Bangladesh,city,00_01,2060,0.0
Bangladesh,city,00_01,2065,0.0
Bangladesh,city,00_01,2070,0.0
Bangladesh,city,00_01,2075,0.0
Bangladesh,city,00_01,2080,0.0
Bangladesh,city,00_01,2085,0.0
Bangladesh,city,00_01,2090,0.0
Bangladesh,city,00_01,2095,0.0
Bangladesh,city,00_01,2100,0.0
Bangladesh,city,02_05,2011,0.0
Bangladesh,city,02_05,2012,0.0
Bangladesh,city,02_05,2013,0.0
Bangladesh,city,02_05,2014,0.0
Bangladesh,city,02_05,2015,0.0
Bangladesh,city,02_05,2016,0.0
Bangladesh,city,02_05,2017,0.0
Bangladesh,city,02_05,2018,0.0
Bangladesh,city,02_05,2019,0.0
Bangladesh,city,02_05,2020,0.0
Bangladesh,city,02_05,2025,0.0
Bangladesh,city,02_05,2030,0.0
Bangladesh,city,02_05,2035,0.0
Bangladesh,city,02_05,2040,0.0
Bangladesh,city,02_05,2045,0.0
Bangladesh,city,02_05,2050,0.0
Bangladesh,city,02_05,2055,0.0
Bangladesh,city,02_05,2060,0.0
Bangladesh,city,02_05,2065,0.0
Bangladesh,city,02_05,2070,0.0
Bangladesh,city,02_05,2075,0.0
Bangladesh,city,02_05,2080,0.0
Bangladesh,city,02_05,2085,0.0
Bangladesh,city,02_05,2090,0.0
Bangladesh,city,02_05,2095,0.0
Bangladesh,city,02_05,2100,0.0
Bangladesh,city,06_10,2011,0.0
Bangladesh,city,06_10,2012,0.0
Bangladesh,city,06_10,2013,0.0
Bangladesh,city,06_10,2014,0.0
Bangladesh,city,06_10,2015,0.0
Bangladesh,city,06_10,2016,0.0
Bangladesh,city,06_10,2017,0.0
Bangladesh,city,06_10,2018,0.0
Bangladesh,city,06_10,2019,0.0
Bangladesh,city,06_10,2020,0.0
Bangladesh,city,06_10,2025,0.0
Bangladesh,city,06_10,2030,0.0
Bangladesh,city,06_10,2035,0.0
Bangladesh,city,06_10,2040,0.0
Bangladesh,city,06_10,2045,0.0
Bangladesh,city,06_10,2050,0.0
Bangladesh,city,06_10,2055,0.0
Bangladesh,city,06_10,2060,0.0
Bangladesh,city,06_10,2065,0.0
Bangladesh,city,06_10,2070,0.0
Bangladesh,city,06_10,2075,0.0
Bangladesh,city,06_10,2080,0.0
Bangladesh,city,06_10,2085,0.0
Bangladesh,city,06_10,2090,0.0
Bangladesh,city,06_10,2095,0.0
Bangladesh,city,06_10,2100,0.0
Bangladesh,city,11_20,2011,0.0
Bangladesh,city,11_20,2012,0.0
Bangladesh,city,11_20,2013,0.0
Bangladesh,city,11_20,2014,0.0
Bangladesh,city,11_20,2015,0.0
Bangladesh,city,11_20,2016,0.0
Bangladesh,city,11_20,2017,0.0
Bangladesh,city,11_20,2018,0.0
Bangladesh,city,11_20,2019,0.0
Bangladesh,city,11_20,2020,0.0
Bangladesh,city,11_20,2025,0.0
Bangladesh,city,11_20,2030,0.0
Bangladesh,city,11_20,2035,0.0
Bangladesh,city,11_20,2040,0.0
Bangladesh,city,11_20,2045,0.0
Bangladesh,city,11_20,2050,0.0
Bangladesh,city,11_20,2055,0.0
Bangladesh,city,11_20,2060,0.0
Bangladesh,city,11_20,2065,0.0
Bangladesh,city,11_20,2070,0.0
Bangladesh,city,11_20,2075,0.0
Bangladesh,city,11_20,2080,0.0
Bangladesh,city,11_20,2085,0.0
Bangladesh,city,11_20,2090,0.0
Bangladesh,city,11_20,2095,0.0
Bangladesh,city,11_20,2100,0.0
Bangladesh,city,21_30,2011,0.0
Bangladesh,city,21_30,2012,0.0
Bangladesh,city,21_30,2013,0.0
Bangladesh,city,21_30,2014,0.0
Bangladesh,city,21_30,2015,0.0
Bangladesh,city,21_30,2016,0.0
Bangladesh,city,21_30,2017,0.0
Bangladesh,city,21_30,2018,0.0
Bangladesh,city,21_30,2019,0.0
Bangladesh,city,21_30,2020,0.0
Bangladesh,city,21_30,2025,0.0
Bangladesh,city,21_30,2030,0.0
Bangladesh,city,21_30,2035,0.0
Bangladesh,city,21_30,2040,0.0
Bangladesh,city,21_30,2045,0.0
Bangladesh,city,21_30,2050,0.0
Bangladesh,city,21_30,2055,0.0
Bangladesh,city,21_30,2060,0.0
Bangladesh,city,21_30,2065,0.0
Bangladesh,city,21_30,2070,0.0
Bangladesh,city,21_30,2075,0.0
Bangladesh,city,21_30,2080,0.0
Bangladesh,city,21_30,2085,0.0
Bangladesh,city,21_30,2090,0.0
Bangladesh,city,21_30,2095,0.0
Bangladesh,city,21_30,2100,0.0
Bangladesh,city,31_50,2011,0.025
Bangladesh,city,31_50,2012,0.02500899963651176
Bangladesh,city,31_50,2013,0.025016588003906062
Bangladesh,city,31_50,2014,0.025023780423637166
Bangladesh,city,31_50,2015,0.025031171101954294
Bangladesh,city,31_50,2016,0.025038534235614685
Bangladesh,city,31_50,2017,0.02504456613579183
Bangladesh,city,31_50,2018,0.025050719375390502
Bangladesh,city,31_50,2019,0.025056495789075896
Bangladesh,city,31_50,2020,0.025058266054286557
Bangladesh,city,31_50,2025,0.025069998428446167
Bangladesh,city,31_50,2030,0.02506164243722643
Bangladesh,city,31_50,2035,0.02504131447673213
Bangladesh,city,31_50,2040,0.025010983632294717
Bangladesh,city,31_50,2045,0.0249729020357633
Bangladesh,city,31_50,2050,0.024929181365075007
Bangladesh,city,31_50,2055,0.024881539556235763
Bangladesh,city,31_50,2060,0.024831089680175562
Bangladesh,city,31_50,2065,0.024778651482559873
Bangladesh,city,31_50,2070,0.024724925298327302
Bangladesh,city,31_50,2075,0.02467057141219249
Bangladesh,city,31_50,2080,0.024617822914794123
Bangladesh,city,31_50,2085,0.024567115282543128
Bangladesh,city,31_50,2090,0.024519663633322544
Bangladesh,city,31_50,2095,0.024474149792435437
Bangladesh,city,31_50,2100,0.02442985347765343
Bangladesh,city,51+,2011,0.055
Bangladesh,city,51+,2012,0.05501979920032587
Bangladesh,city,51+,2013,0.055036493608593334
Bangladesh,city,51+,2014,0.055052316932001764
Bangladesh,city,51+,2015,0.055068576424299444
Bangladesh,city,51+,2016,0.055084775318352305
Bangladesh,city,51+,2017,0.055098045498742025
Bangladesh,city,51+,2018,0.0551115826258591
Bangladesh,city,51+,2019,0.05512429073596697
Bangladesh,city,51+,2020,0.05512818531943042
Bangladesh,city,51+,2025,0.05515399654258157
Bangladesh,city,51+,2030,0.05513561336189814
Bangladesh,city,51+,2035,0.055090891848810684
Bangladesh,city,51+,2040,0.05502416399104837
Bangladesh,city,51+,2045,0.05494038447867926
Bangladesh,city,51+,2050,0.054844199003165006
Bangladesh,city,51+,2055,0.05473938702371868
Bangladesh,city,51+,2060,0.05462839729638624
Bangladesh,city,51+,2065,0.05451303326163172
Bangladesh,city,51+,2070,0.054394835656320056
Bangladesh,city,51+,2075,0.05427525710682348
Bangladesh,city,51+,2080,0.054159210412547065
Bangladesh,city,51+,2085,0.054047653621594874
Bangladesh,city,51+,2090,0.053943259993309595
Bangladesh,city,51+,2095,0.05384312954335796
Bangladesh,city,51+,2100,0.053745677650837535
Bangladesh,town,No_travel,2011,0.0
Bangladesh,town,No_travel,2012,0.0
Bangladesh,town,No_travel,2013,0.0
Bangladesh,town,No_travel,2014,0.0
Bangladesh,town,No_travel,2015,0.0
Bangladesh,town,No_travel,2016,0.0
Bangladesh,town,No_travel,2017,0.0
Bangladesh,town,No_travel,2018,0.0
Bangladesh,town,No_travel,2019,0.0
Bangladesh,town,No_travel,2020,0.0
Bangladesh,town,No_travel,2025,0.0
Bangladesh,town,No_travel,2030,0.0
Bangladesh,town,No_travel,2035,0.0
Bangladesh,town,No_travel,2040,0.0
Bangladesh,town,No_travel,2045,0.0
Bangladesh,town,No_travel,2050,0.0
Bangladesh,town,No_travel,2055,0.0
Bangladesh,town,No_travel,2060,0.0
Bangladesh,town,No_travel,2065,0.0
Bangladesh,town,No_travel,2070,0.0
Bangladesh,town,No_travel,2075,0.0
Bangladesh,town,No_travel,2080,0.0
Bangladesh,town,No_travel,2085,0.0
Bangladesh,town,No_travel,2090,0.0
Bangladesh,town,No_travel,2095,0.0
Bangladesh,town,No_travel,2100,0.0
Bangladesh,town,00_01,2011,0.0
Bangladesh,town,00_01,2012,0.0
Bangladesh,town,00_01,2013,0.0
Bangladesh,town,00_01,2014,0.0
Bangladesh,town,00_01,2015,0.0
Bangladesh,town,00_01,2016,0.0
Bangladesh,town,00_01,2017,0.0
Bangladesh,town,00_01,2018,0.0
Bangladesh,town,00_01,2019,0.0
Bangladesh,town,00_01,2020,0.0
Bangladesh,town,00_01,2025,0.0
Bangladesh,town,00_01,2030,0.0
Bangladesh,town,00_01,2035,0.0
Bangladesh,town,00_01,2040,0.0
Bangladesh,town,00_01,2045,0.0
Bangladesh,town,00_01,2050,0.0
Bangladesh,town,00_01,2055,0.0
Bangladesh,town,00_01,2060,0.0
Bangladesh,town,00_01,2065,0.0
Bangladesh,town,00_01,2070,0.0
Bangladesh,town,00_01,2075,0.0
Bangladesh,town,00_01,2080,0.0
Bangladesh,town,00_01,2085,0.0
Bangladesh,town,00_01,2090,0.0
Bangladesh,town,00_01,2095,0.0
Bangladesh,town,00_01,2100,0.0
Bangladesh,town,02_05,2011,0.0
Bangladesh,town,02_05,2012,0.0
Bangladesh,town,02_05,2013,0.0
Bangladesh,town,02_05,2014,0.0
Bangladesh,town,02_05,2015,0.0
Bangladesh,town,02_05,2016,0.0
Bangladesh,town,02_05,2017,0.0
Bangladesh,town,02_05,2018,0.0
Bangladesh,town,02_05,2019,0.0
Bangladesh,town,02_05,2020,0.0
Bangladesh,town,02_05,2025,0.0
Bangladesh,town,02_05,2030,0.0
Bangladesh,town,02_05,2035,0.0
Bangladesh,town,02_05,2040,0.0
Bangladesh,town,02_05,2045,0.0
Bangladesh,town,02_05,2050,0.0
Bangladesh,town,02_05,2055,0.0
Bangladesh,town,02_05,2060,0.0
Bangladesh,town,02_05,2065,0.0
Bangladesh,town,02_05,2070,0.0
Bangladesh,town,02_05,2075,0.0
Bangladesh,town,02_05,2080,0.0
Bangladesh,town,02_05,2085,0.0
Bangladesh,town,02_05,2090,0.0
Bangladesh,town,02_05,2095,0.0
Bangladesh,town,02_05,2100,0.0
Bangladesh,town,06_10,2011,0.0
Bangladesh,town,06_10,2012,0.0
Bangladesh,town,06_10,2013,0.0
Bangladesh,town,06_10,2014,0.0
Bangladesh,town,06_10,2015,0.0
Bangladesh,town,06_10,2016,0.0
Bangladesh,town,06_10,2017,0.0
Bangladesh,town,06_10,2018,0.0
Bangladesh,town,06_10,2019,0.0
Bangladesh,town,06_10,2020,0.0
Bangladesh,town,06_10,2025,0.0
Bangladesh,town,06_10,2030,0.0
Bangladesh,town,06_10,2035,0.0
Bangladesh,town,06_10,2040,0.0
Bangladesh,town,06_10,2045,0.0
Bangladesh,town,06_10,2050,0.0
Bangladesh,town,06_10,2055,0.0
Bangladesh,town,06_10,2060,0.0
Bangladesh,town,06_10,2065,0.0
Bangladesh,town,06_10,2070,0.0
Bangladesh,town,06_10,2075,0.0
Bangladesh,town,06_10,2080,0.0
Bangladesh,town,06_10,2085,0.0
Bangladesh,town,06_10,2090,0.0
Bangladesh,town,06_10,2095,0.0
Bangladesh,town,06_10,2100,0.0
Bangladesh,town,11_20,2011,0.0
Bangladesh,town,11_20,2012,0.0
Bangladesh,town,11_20,2013,0.0
Bangladesh,town,11_20,2014,0.0
Bangladesh,town,11_20,2015,0.0
Bangladesh,town,11_20,2016,0.0
Bangladesh,town,11_20,2017,0.0
Bangladesh,town,11_20,2018,0.0
Bangladesh,town,11_20,2019,0.0
Bangladesh,town,11_20,2020,0.0
Bangladesh,town,11_20,2025,0.0
Bangladesh,town,11_20,2030,0.0
Bangladesh,town,11_20,2035,0.0
Bangladesh,town,11_20,2040,0.0
Bangladesh,town,11_20,2045,0.0
Bangladesh,town,11_20,2050,0.0
Bangladesh,town,11_20,2055,0.0
Bangladesh,town,11_20,2060,0.0
Bangladesh,town,11_20,2065,0.0
Bangladesh,town,11_20,2070,0.0
Bangladesh,town,11_20,2075,0.0
Bangladesh,town,11_20,2080,0.0
Bangladesh,town,11_20,2085,0.0
Bangladesh,town,11_20,2090,0.0
Bangladesh,town,11_20,2095,0.0
Bangladesh,town,11_20,2100,0.0
Bangladesh,town,21_30,2011,0.0
Bangladesh,town,21_30,2012,0.0
Bangladesh,town,21_30,2013,0.0
Bangladesh,town,21_30,2014,0.0
Bangladesh,town,21_30,2015,0.0
Bangladesh,town,21_30,2016,0.0
Bangladesh,town,21_30,2017,0.0
Bangladesh,town,21_30,2018,0.0
Bangladesh,town,21_30,2019,0.0
Bangladesh,town,21_30,2020,0.0
Bangladesh,town,21_30,2025,0.0
Bangladesh,town,21_30,2030,0.0
Bangladesh,town,21_30,2035,0.0
Bangladesh,town,21_30,2040,0.0
Bangladesh,town,21_30,2045,0.0
Bangladesh,town,21_30,2050,0.0
Bangladesh,town,21_30,2055,0.0
Bangladesh,town,21_30,2060,0.0
Bangladesh,town,21_30,2065,0.0
Bangladesh,town,21_30,2070,0.0
Bangladesh,town,21_30,2075,0.0
Bangladesh,town,21_30,2080,0.0
Bangladesh,town,21_30,2085,0.0
Bangladesh,town,21_30,2090,0.0
Bangladesh,town,21_30,2095,0.0
Bangladesh,town,21_30,2100,0.0
Bangladesh,town,31_50,2011,0.015
Bangladesh,town,31_50,2012,0.015005399781907054
Bangladesh,town,31_50,2013,0.015009952802343636
Bangladesh,town,31_50,2014,0.0150142682541823
Bangladesh,town,31_50,2015,0.015018702661172575
Bangladesh,town,31_50,2016,0.01502312054136881
Bangladesh,town,31_50,2017,0.015026739681475098
Bangladesh,town,31_50,2018,0.0150304316252343
Bangladesh,town,31_50,2019,0.015033897473445535
Bangladesh,town,31_50,2020,0.015034959632571933
Bangladesh,town,31_50,2025,0.0150419990570677
Bangladesh,town,31_50,2030,0.015036985462335856
Bangladesh,town,31_50,2035,0.015024788686039276
Bangladesh,town,31_50,2040,0.015006590179376828
Bangladesh,town,31_50,2045,0.014983741221457979
Bangladesh,town,31_50,2050,0.014957508819045002
Bangladesh,town,31_50,2055,0.014928923733741457
Bangladesh,town,31_50,2060,0.014898653808105336
Bangladesh,town,31_50,2065,0.014867190889535923
Bangladesh,town,31_50,2070,0.014834955178996379
Bangladesh,town,31_50,2075,0.014802342847315493
Bangladesh,town,31_50,2080,0.014770693748876473
Bangladesh,town,31_50,2085,0.014740269169525875
Bangladesh,town,31_50,2090,0.014711798179993525
Bangladesh,town,31_50,2095,0.014684489875461261
Bangladesh,town,31_50,2100,0.014657912086592055
Bangladesh,town,51+,2011,0.025
Bangladesh,town,51+,2012,0.02500899963651176
Bangladesh,town,51+,2013,0.025016588003906062
Bangladesh,town,51+,2014,0.025023780423637166
Bangladesh,town,51+,2015,0.025031171101954294
Bangladesh,town,51+,2016,0.025038534235614685
Bangladesh,town,51+,2017,0.02504456613579183
Bangladesh,town,51+,2018,0.025050719375390502
Bangladesh,town,51+,2019,0.025056495789075896
Bangladesh,town,51+,2020,0.025058266054286557
Bangladesh,town,51+,2025,0.025069998428446167
Bangladesh,town,51+,2030,0.02506164243722643
Bangladesh,town,51+,2035,0.02504131447673213
Bangladesh,town,51+,2040,0.025010983632294717
Bangladesh,town,51+,2045,0.0249729020357633
Bangladesh,town,51+,2050,0.024929181365075007
Bangladesh,town,51+,2055,0.024881539556235763
Bangladesh,town,51+,2060,0.024831089680175562
Bangladesh,town,51+,2065,0.024778651482559873
Bangladesh,town,51+,2070,0.024724925298327302
Bangladesh,town,51+,2075,0.02467057141219249
Bangladesh,town,51+,2080,0.024617822914794123
Bangladesh,town,51+,2085,0.024567115282543128
Bangladesh,town,51+,2090,0.024519663633322544
Bangladesh,town,51+,2095,0.024474149792435437
Bangladesh,town,51+,2100,0.02442985347765343
Bangladesh,rural,No_travel,2011,0.0
Bangladesh,rural,No_travel,2012,0.0
Bangladesh,rural,No_travel,2013,0.0
Bangladesh,rural,No_travel,2014,0.0
Bangladesh,rural,No_travel,2015,0.0
Bangladesh,rural,No_travel,2016,0.0
Bangladesh,rural,No_travel,2017,0.0
Bangladesh,rural,No_travel,2018,0.0
Bangladesh,rural,No_travel,2019,0.0
Bangladesh,rural,No_travel,2020,0.0
Bangladesh,rural,No_travel,2025,0.0
Bangladesh,rural,No_travel,2030,0.0
Bangladesh,rural,No_travel,2035,0.0
Bangladesh,rural,No_travel,2040,0.0
Bangladesh,rural,No_travel,2045,0.0
Bangladesh,rural,No_travel,2050,0.0
Bangladesh,rural,No_travel,2055,0.0
Bangladesh,rural,No_travel,2060,0.0
Bangladesh,rural,No_travel,2065,0.0
Bangladesh,rural,No_travel,2070,0.0
Bangladesh,rural,No_travel,2075,0.0
Bangladesh,rural,No_travel,2080,0.0
Bangladesh,rural,No_travel,2085,0.0
Bangladesh,rural,No_travel,2090,0.0
Bangladesh,rural,No_travel,2095,0.0
Bangladesh,rural,No_travel,2100,0.0
Bangladesh,rural,00_01,2011,0.0
Bangladesh,rural,00_01,2012,0.0
Bangladesh,rural,00_01,2013,0.0
Bangladesh,rural,00_01,2014,0.0
Bangladesh,rural,00_01,2015,0.0
Bangladesh,rural,00_01,2016,0.0
Bangladesh,rural,00_01,2017,0.0
Bangladesh,rural,00_01,2018,0.0
Bangladesh,rural,00_01,2019,0.0
Bangladesh,rural,00_01,2020,0.0
Bangladesh,rural,00_01,2025,0.0
Bangladesh,rural,00_01,2030,0.0
Bangladesh,rural,00_01,2035,0.0
Bangladesh,rural,00_01,2040,0.0
Bangladesh,rural,00_01,2045,0.0
Bangladesh,rural,00_01,2050,0.0
Bangladesh,rural,00_01,2055,0.0
Bangladesh,rural,00_01,2060,0.0
Bangladesh,rural,00_01,2065,0.0
Bangladesh,rural,00_01,2070,0.0
Bangladesh,rural,00_01,2075,0.0
Bangladesh,rural,00_01,2080,0.0
Bangladesh,rural,00_01,2085,0.0
Bangladesh,rural,00_01,2090,0.0
Bangladesh,rural,00_01,2095,0.0
Bangladesh,rural,00_01,2100,0.0
Bangladesh,rural,02_05,2011,0.0
Bangladesh,rural,02_05,2012,0.0
Bangladesh,rural,02_05,2013,0.0
Bangladesh,rural,02_05,2014,0.0
Bangladesh,rural,02_05,2015,0.0
Bangladesh,rural,02_05,2016,0.0
Bangladesh,rural,02_05,2017,0.0
Bangladesh,rural,02_05,2018,0.0
Bangladesh,rural,02_05,2019,0.0
Bangladesh,rural,02_05,2020,0.0
Bangladesh,rural,02_05,2025,0.0
Bangladesh,rural,02_05,2030,0.0
Bangladesh,rural,02_05,2035,0.0
Bangladesh,rural,02_05,2040,0.0
Bangladesh,rural,02_05,2045,0.0
Bangladesh,rural,02_05,2050,0.0
Bangladesh,rural,02_05,2055,0.0
Bangladesh,rural,02_05,2060,0.0
Bangladesh,rural,02_05,2065,0.0
Bangladesh,rural,02_05,2070,0.0
Bangladesh,rural,02_05,2075,0.0
Bangladesh,rural,02_05,2080,0.0
Bangladesh,rural,02_05,2085,0.0
Bangladesh,rural,02_05,2090,0.0
Bangladesh,rural,02_05,2095,0.0
Bangladesh,rural,02_05,2100,0.0
Bangladesh,rural,06_10,2011,0.0
Bangladesh,rural,06_10,2012,0.0
Bangladesh,rural,06_10,2013,0.0
Bangladesh,rural,06_10,2014,0.0
Bangladesh,rural,06_10,2015,0.0
Bangladesh,rural,06_10,2016,0.0
Bangladesh,rural,06_10,2017,0.0
Bangladesh,rural,06_10,2018,0.0
Bangladesh,rural,06_10,2019,0.0
Bangladesh,rural,06_10,2020,0.0
Bangladesh,rural,06_10,2025,0.0
Bangladesh,rural,06_10,2030,0.0
Bangladesh,rural,06_10,2035,0.0
Bangladesh,rural,06_10,2040,0.0
Bangladesh,rural,06_10,2045,0.0
Bangladesh,rural,06_10,2050,0.0
Bangladesh,rural,06_10,2055,0.0
Bangladesh,rural,06_10,2060,0.0
Bangladesh,rural,06_10,2065,0.0
Bangladesh,rural,06_10,2070,0.0
Bangladesh,rural,06_10,2075,0.0
Bangladesh,rural,06_10,2080,0.0
Bangladesh,rural,06_10,2085,0.0
Bangladesh,rural,06_10,2090,0.0
Bangladesh,rural,06_10,2095,0.0
Bangladesh,rural,06_10,2100,0.0
Bangladesh,rural,11_20,2011,0.0
Bangladesh,rural,11_20,2012,0.0
Bangladesh,rural,11_20,2013,0.0
Bangladesh,rural,11_20,2014,0.0
Bangladesh,rural,11_20,2015,0.0
Bangladesh,rural,11_20,2016,0.0
Bangladesh,rural,11_20,2017,0.0
Bangladesh,rural,11_20,2018,0.0
Bangladesh,rural,11_20,2019,0.0
Bangladesh,rural,11_20,2020,0.0
Bangladesh,rural,11_20,2025,0.0
Bangladesh,rural,11_20,2030,0.0
Bangladesh,rural,11_20,2035,0.0
Bangladesh,rural,11_20,2040,0.0
Bangladesh,rural,11_20,2045,0.0
Bangladesh,rural,11_20,2050,0.0
Bangladesh,rural,11_20,2055,0.0
Bangladesh,rural,11_20,2060,0.0
Bangladesh,rural,11_20,2065,0.0
Bangladesh,rural,11_20,2070,0.0
Bangladesh,rural,11_20,2075,0.0
Bangladesh,rural,11_20,2080,0.0
Bangladesh,rural,11_20,2085,0.0
Bangladesh,rural,11_20,2090,0.0
Bangladesh,rural,11_20,2095,0.0
Bangladesh,rural,11_20,2100,0.0
Bangladesh,rural,21_30,2011,0.0
Bangladesh,rural,21_30,2012,0.0
Bangladesh,rural,21_30,2013,0.0
Bangladesh,rural,21_30,2014,0.0
Bangladesh,rural,21_30,2015,0.0
Bangladesh,rural,21_30,2016,0.0
Bangladesh,rural,21_30,2017,0.0
Bangladesh,rural,21_30,2018,0.0
Bangladesh,rural,21_30,2019,0.0
Bangladesh,rural,21_30,2020,0.0
Bangladesh,rural,21_30,2025,0.0
Bangladesh,rural,21_30,2030,0.0
Bangladesh,rural,21_30,2035,0.0
Bangladesh,rural,21_30,2040,0.0
Bangladesh,rural,21_30,2045,0.0
Bangladesh,rural,21_30,2050,0.0
Bangladesh,rural,21_30,2055,0.0
Bangladesh,rural,21_30,2060,0.0
Bangladesh,rural,21_30,2065,0.0
Bangladesh,rural,21_30,2070,0.0
Bangladesh,rural,21_30,2075,0.0
Bangladesh,rural,21_30,2080,0.0
Bangladesh,rural,21_30,2085,0.0
Bangladesh,rural,21_30,2090,0.0
Bangladesh,rural,21_30,2095,0.0
Bangladesh,rural,21_30,2100,0.0
Bangladesh,rural,31_50,2011,0.005
Bangladesh,rural,31_50,2012,0.005001799927302352
Bangladesh,rural,31_50,2013,0.005003317600781212
Bangladesh,rural,31_50,2014,0.005004756084727433
Bangladesh,rural,31_50,2015,0.005006234220390858
Bangladesh,rural,31_50,2016,0.005007706847122937
Bangladesh,rural,31_50,2017,0.005008913227158366
Bangladesh,rural,31_50,2018,0.0050101438750781
Bangladesh,rural,31_50,2019,0.005011299157815179
Bangladesh,rural,31_50,2020,0.005011653210857311
Bangladesh,rural,31_50,2025,0.005013999685689234
Bangladesh,rural,31_50,2030,0.0050123284874452854
Bangladesh,rural,31_50,2035,0.005008262895346426
Bangladesh,rural,31_50,2040,0.005002196726458943
Bangladesh,rural,31_50,2045,0.00499458040715266
Bangladesh,rural,31_50,2050,0.004985836273015001
Bangladesh,rural,31_50,2055,0.0049763079112471525
Bangladesh,rural,31_50,2060,0.0049662179360351125
Bangladesh,rural,31_50,2065,0.004955730296511974
Bangladesh,rural,31_50,2070,0.00494498505966546
Bangladesh,rural,31_50,2075,0.004934114282438499
Bangladesh,rural,31_50,2080,0.0049235645829588245
Bangladesh,rural,31_50,2085,0.004913423056508625
Bangladesh,rural,31_50,2090,0.004903932726664509
Bangladesh,rural,31_50,2095,0.004894829958487087
Bangladesh,rural,31_50,2100,0.004885970695530685
Bangladesh,rural,51+,2011,0.017
Bangladesh,rural,51+,2012,0.017006119752827998
Bangladesh,rural,51+,2013,0.017011279842656123
Bangladesh,rural,51+,2014,0.017016170688073273
Bangladesh,rural,51+,2015,0.01702119634932892
Bangladesh,rural,51+,2016,0.017026203280217988
Bangladesh,rural,51+,2017,0.017030304972338445
Bangladesh,rural,51+,2018,0.01703448917526554
Bangladesh,rural,51+,2019,0.01703841713657161
Bangladesh,rural,51+,2020,0.01703962091691486
Bangladesh,rural,51+,2025,0.017047598931343395
Bangladesh,rural,51+,2030,0.01704191685731397
Bangladesh,rural,51+,2035,0.01702809384417785
Bangladesh,rural,51+,2040,0.017007468869960407
Bangladesh,rural,51+,2045,0.016981573384319045
Bangladesh,rural,51+,2050,0.016951843328251004
Bangladesh,rural,51+,2055,0.01691944689824032
Bangladesh,rural,51+,2060,0.01688514098251938
Bangladesh,rural,51+,2065,0.016849483008140712
Bangladesh,rural,51+,2070,0.016812949202862564
Bangladesh,rural,51+,2075,0.016775988560290896
Bangladesh,rural,51+,2080,0.016740119582060002
Bangladesh,rural,51+,2085,0.016705638392129327
Bangladesh,rural,51+,2090,0.01667337127065933
Bangladesh,rural,51+,2095,0.0166424218588561
Bangladesh,rural,51+,2100,0.016612300364804333
Bhutan,large_city,No_travel,2011,0.0
Bhutan,large_city,No_travel,2012,0.0
Bhutan,large_city,No_travel,2013,0.0
Bhutan,large_city,No_travel,2014,0.0
Bhutan,large_city,No_travel,2015,0.0
Bhutan,large_city,No_travel,2016,0.0
Bhutan,large_city,No_travel,2017,0.0
Bhutan,large_city,No_travel,2018,0.0
Bhutan,large_city,No_travel,2019,0.0
Bhutan,large_city,No_travel,2020,0.0
Bhutan,large_city,No_travel,2025,0.0
Bhutan,large_city,No_travel,2030,0.0
Bhutan,large_city,No_travel,2035,0.0
Bhutan,large_city,No_travel,2040,0.0
Bhutan,large_city,No_travel,2045,0.0
Bhutan,large_city,No_travel,2050,0.0
Bhutan,large_city,No_travel,2055,0.0
Bhutan,large_city,No_travel,2060,0.0
Bhutan,large_city,No_travel,2065,0.0
Bhutan,large_city,No_travel,2070,0.0
Bhutan,large_city,No_travel,2075,0.0
Bhutan,large_city,No_travel,2080,0.0
Bhutan,large_city,No_travel,2085,0.0
Bhutan,large_city,No_travel,2090,0.0
Bhutan,large_city,No_travel,2095,0.0
Bhutan,large_city,No_travel,2100,0.0
Bhutan,large_city,00_01,2011,0.0
Bhutan,large_city,00_01,2012,0.0
Bhutan,large_city,00_01,2013,0.0
Bhutan,large_city,00_01,2014,0.0
Bhutan,large_city,00_01,2015,0.0
Bhutan,large_city,00_01,2016,0.0
Bhutan,large_city,00_01,2017,0.0
Bhutan,large_city,00_01,2018,0.0
Bhutan,large_city,00_01,2019,0.0
Bhutan,large_city,00_01,2020,0.0
Bhutan,large_city,00_01,2025,0.0
Bhutan,large_city,00_01,2030,0.0
Bhutan,large_city,00_01,2035,0.0
Bhutan,large_city,00_01,2040,0.0
Bhutan,large_city,00_01,2045,0.0
Bhutan,large_city,00_01,2050,0.0
Bhutan,large_city,00_01,2055,0.0
Bhutan,large_city,00_01,2060,0.0
Bhutan,large_city,00_01,2065,0.0
Bhutan,large_city,00_01,2070,0.0
Bhutan,large_city,00_01,2075,0.0
Bhutan,large_city,00_01,2080,0.0
Bhutan,large_city,00_01,2085,0.0
Bhutan,large_city,00_01,2090,0.0
Bhutan,large_city,00_01,2095,0.0
Bhutan,large_city,00_01,2100,0.0
Bhutan,large_city,02_05,2011,0.0
Bhutan,large_city,02_05,2012,0.0
Bhutan,large_city,02_05,2013,0.0
Bhutan,large_city,02_05,2014,0.0
Bhutan,large_city,02_05,2015,0.0
Bhutan,large_city,02_05,2016,0.0
Bhutan,large_city,02_05,2017,0.0
Bhutan,large_city,02_05,2018,0.0
Bhutan,large_city,02_05,2019,0.0
Bhutan,large_city,02_05,2020,0.0
Bhutan,large_city,02_05,2025,0.0
Bhutan,large_city,02_05,2030,0.0
Bhutan,large_city,02_05,2035,0.0
Bhutan,large_city,02_05,2040,0.0
Bhutan,large_city,02_05,2045,0.0
Bhutan,large_city,02_05,2050,0.0
Bhutan,large_city,02_05,2055,0.0
Bhutan,large_city,02_05,2060,0.0
Bhutan,large_city,02_05,2065,0.0
Bhutan,large_city,02_05,2070,0.0
Bhutan,large_city,02_05,2075,0.0
Bhutan,large_city,02_05,2080,0.0
Bhutan,large_city,02_05,2085,0.0
Bhutan,large_city,02_05,2090,0.0
Bhutan,large_city,02_05,2095,0.0
Bhutan,large_city,02_05,2100,0.0
Bhutan,large_city,06_10,2011,0.0
Bhutan,large_city,06_10,2012,0.0
Bhutan,large_city,06_10,2013,0.0
Bhutan,large_city,06_10,2014,0.0
Bhutan,large_city,06_10,2015,0.0
Bhutan,large_city,06_10,2016,0.0
Bhutan,large_city,06_10,2017,0.0
Bhutan,large_city,06_10,2018,0.0
Bhutan,large_city,06_10,2019,0.0
Bhutan,large_city,06_10,2020,0.0
Bhutan,large_city,06_10,2025,0.0
Bhutan,large_city,06_10,2030,0.0
Bhutan,large_city,06_10,2035,0.0
Bhutan,large_city,06_10,2040,0.0
Bhutan,large_city,06_10,2045,0.0
Bhutan,large_city,06_10,2050,0.0
Bhutan,large_city,06_10,2055,0.0
Bhutan,large_city,06_10,2060,0.0
Bhutan,large_city,06_10,2065,0.0
Bhutan,large_city,06_10,2070,0.0
Bhutan,large_city,06_10,2075,0.0
Bhutan,large_city,06_10,2080,0.0
Bhutan,large_city,06_10,2085,0.0
Bhutan,large_city,06_10,2090,0.0
Bhutan,large_city,06_10,2095,0.0
Bhutan,large_city,06_10,2100,0.0
Bhutan,large_city,11_20,2011,0.0
Bhutan,large_city,11_20,2012,0.0
Bhutan,large_city,11_20,2013,0.0
Bhutan,large_city,11_20,2014,0.0
Bhutan,large_city,11_20,2015,0.0
Bhutan,large_city,11_20,2016,0.0
Bhutan,large_city,11_20,2017,0.0
Bhutan,large_city,11_20,2018,0.0
Bhutan,large_city,11_20,2019,0.0
Bhutan,large_city,11_20,2020,0.0
Bhutan,large_city,11_20,2025,0.0
Bhutan,large_city,11_20,2030,0.0
Bhutan,large_city,11_20,2035,0.0
Bhutan,large_city,11_20,2040,0.0
Bhutan,large_city,11_20,2045,0.0
Bhutan,large_city,11_20,2050,0.0
Bhutan,large_city,11_20,2055,0.0
Bhutan,large_city,11_20,2060,0.0
Bhutan,large_city,11_20,2065,0.0
Bhutan,large_city,11_20,2070,0.0
Bhutan,large_city,11_20,2075,0.0
Bhutan,large_city,11_20,2080,0.0
Bhutan,large_city,11_20,2085,0.0
Bhutan,large_city,11_20,2090,0.0
Bhutan,large_city,11_20,2095,0.0
Bhutan,large_city,11_20,2100,0.0
Bhutan,large_city,21_30,2011,0.0
Bhutan,large_city,21_30,2012,0.0
Bhutan,large_city,21_30,2013,0.0
Bhutan,large_city,21_30,2014,0.0
Bhutan,large_city,21_30,2015,0.0
Bhutan,large_city,21_30,2016,0.0
Bhutan,large_city,21_30,2017,0.0
Bhutan,large_city,21_30,2018,0.0
Bhutan,large_city,21_30,2019,0.0
Bhutan,large_city,21_30,2020,0.0
Bhutan,large_city,21_30,2025,0.0
Bhutan,large_city,21_30,2030,0.0
Bhutan,large_city,21_30,2035,0.0
Bhutan,large_city,21_30,2040,0.0
Bhutan,large_city,21_30,2045,0.0
Bhutan,large_city,21_30,2050,0.0
Bhutan,large_city,21_30,2055,0.0
Bhutan,large_city,21_30,2060,0.0
Bhutan,large_city,21_30,2065,0.0
Bhutan,large_city,21_30,2070,0.0
Bhutan,large_city,21_30,2075,0.0
Bhutan,large_city,21_30,2080,0.0
Bhutan,large_city,21_30,2085,0.0
Bhutan,large_city,21_30,2090,0.0
Bhutan,large_city,21_30,2095,0.0
Bhutan,large_city,21_30,2100,0.0
Bhutan,large_city,31_50,2011,0.0
Bhutan,large_city,31_50,2012,0.0
Bhutan,large_city,31_50,2013,0.0
Bhutan,large_city,31_50,2014,0.0
Bhutan,large_city,31_50,2015,0.0
Bhutan,large_city,31_50,2016,0.0
Bhutan,large_city,31_50,2017,0.0
Bhutan,large_city,31_50,2018,0.0
Bhutan,large_city,31_50,2019,0.0
Bhutan,large_city,31_50,2020,0.0
Bhutan,large_city,31_50,2025,0.0
Bhutan,large_city,31_50,2030,0.0
Bhutan,large_city,31_50,2035,0.0
Bhutan,large_city,31_50,2040,0.0
Bhutan,large_city,31_50,2045,0.0
Bhutan,large_city,31_50,2050,0.0
Bhutan,large_city,31_50,2055,0.0
Bhutan,large_city,31_50,2060,0.0
Bhutan,large_city,31_50,2065,0.0
Bhutan,large_city,31_50,2070,0.0
Bhutan,large_city,31_50,2075,0.0
Bhutan,large_city,31_50,2080,0.0
Bhutan,large_city,31_50,2085,0.0
Bhutan,large_city,31_50,2090,0.0
Bhutan,large_city,31_50,2095,0.0
Bhutan,large_city,31_50,2100,0.0
Bhutan,large_city,51+,2011,0.0
Bhutan,large_city,51+,2012,0.0
Bhutan,large_city,51+,2013,0.0
Bhutan,large_city,51+,2014,0.0
Bhutan,large_city,51+,2015,0.0
Bhutan,large_city,51+,2016,0.0
Bhutan,large_city,51+,2017,0.0
Bhutan,large_city,51+,2018,0.0
Bhutan,large_city,51+,2019,0.0
Bhutan,large_city,51+,2020,0.0
Bhutan,large_city,51+,2025,0.0
Bhutan,large_city,51+,2030,0.0
Bhutan,large_city,51+,2035,0.0
Bhutan,large_city,51+,2040,0.0
Bhutan,large_city,51+,2045,0.0
Bhutan,large_city,51+,2050,0.0
Bhutan,large_city,51+,2055,0.0
Bhutan,large_city,51+,2060,0.0
Bhutan,large_city,51+,2065,0.0
Bhutan,large_city,51+,2070,0.0
Bhutan,large_city,51+,2075,0.0
Bhutan,large_city,51+,2080,0.0
Bhutan,large_city,51+,2085,0.0
Bhutan,large_city,51+,2090,0.0
Bhutan,large_city,51+,2095,0.0
Bhutan,large_city,51+,2100,0.0
Bhutan,city,No_travel,2011,0.0
Bhutan,city,No_travel,2012,0.0
Bhutan,city,No_travel,2013,0.0
Bhutan,city,No_travel,2014,0.0
Bhutan,city,No_travel,2015,0.0
Bhutan,city,No_travel,2016,0.0
Bhutan,city,No_travel,2017,0.0
Bhutan,city,No_travel,2018,0.0
Bhutan,city,No_travel,2019,0.0
Bhutan,city,No_travel,2020,0.0
Bhutan,city,No_travel,2025,0.0
Bhutan,city,No_travel,2030,0.0
Bhutan,city,No_travel,2035,0.0
Bhutan,city,No_travel,2040,0.0
Bhutan,city,No_travel,2045,0.0
Bhutan,city,No_travel,2050,0.0
Bhutan,city,No_travel,2055,0.0
Bhutan,city,No_travel,2060,0.0
Bhutan,city,No_travel,2065,0.0
Bhutan,city,No_travel,2070,0.0
Bhutan,city,No_travel,2075,0.0
Bhutan,city,No_travel,2080,0.0
Bhutan,city,No_travel,2085,0.0
Bhutan,city,No_travel,2090,0.0
Bhutan,city,No_travel,2095,0.0
Bhutan,city,No_travel,2100,0.0
Bhutan,city,00_01,2011,0.0
Bhutan,city,00_01,2012,0.0
Bhutan,city,00_01,2013,0.0
Bhutan,city,00_01,2014,0.0
Bhutan,city,00_01,2015,0.0
Bhutan,city,00_01,2016,0.0
Bhutan,city,00_01,2017,0.0
Bhutan,city,00_01,2018,0.0
Bhutan,city,00_01,2019,0.0
Bhutan,city,00_01,2020,0.0
Bhutan,city,00_01,2025,0.0
Bhutan,city,00_01,2030,0.0
Bhutan,city,00_01,2035,0.0
Bhutan,city,00_01,2040,0.0
Bhutan,city,00_01,2045,0.0
Bhutan,city,00_01,2050,0.0
Bhutan,city,00_01,2055,0.0
Bhutan,city,00_01,2060,0.0
Bhutan,city,00_01,2065,0.0
Bhutan,city,00_01,2070,0.0
Bhutan,city,00_01,2075,0.0
Bhutan,city,00_01,2080,0.0
Bhutan,city,00_01,2085,0.0
Bhutan,city,00_01,2090,0.0
Bhutan,city,00_01,2095,0.0
Bhutan,city,00_01,2100,0.0
Bhutan,city,02_05,2011,0.0
Bhutan,city,02_05,2012,0.0
Bhutan,city,02_05,2013,0.0
Bhutan,city,02_05,2014,0.0
Bhutan,city,02_05,2015,0.0
Bhutan,city,02_05,2016,0.0
Bhutan,city,02_05,2017,0.0
Bhutan,city,02_05,2018,0.0
Bhutan,city,02_05,2019,0.0
Bhutan,city,02_05,2020,0.0
Bhutan,city,02_05,2025,0.0
Bhutan,city,02_05,2030,0.0
Bhutan,city,02_05,2035,0.0
Bhutan,city,02_05,2040,0.0
Bhutan,city,02_05,2045,0.0
Bhutan,city,02_05,2050,0.0
Bhutan,city,02_05,2055,0.0
Bhutan,city,02_05,2060,0.0
Bhutan,city,02_05,2065,0.0
Bhutan,city,02_05,2070,0.0
Bhutan,city,02_05,2075,0.0
Bhutan,city,02_05,2080,0.0
Bhutan,city,02_05,2085,0.0
Bhutan,city,02_05,2090,0.0
Bhutan,city,02_05,2095,0.0
Bhutan,city,02_05,2100,0.0
Bhutan,city,06_10,2011,0.0
Bhutan,city,06_10,2012,0.0
Bhutan,city,06_10,2013,0.0
Bhutan,city,06_10,2014,0.0
Bhutan,city,06_10,2015,0.0
Bhutan,city,06_10,2016,0.0
Bhutan,city,06_10,2017,0.0
Bhutan,city,06_10,2018,0.0
Bhutan,city,06_10,2019,0.0
Bhutan,city,06_10,2020,0.0
Bhutan,city,06_10,2025,0.0
Bhutan,city,06_10,2030,0.0
Bhutan,city,06_10,2035,0.0
Bhutan,city,06_10,2040,0.0
Bhutan,city,06_10,2045,0.0
Bhutan,city,06_10,2050,0.0
Bhutan,city,06_10,2055,0.0
Bhutan,city,06_10,2060,0.0
Bhutan,city,06_10,2065,0.0
Bhutan,city,06_10,2070,0.0
Bhutan,city,06_10,2075,0.0
Bhutan,city,06_10,2080,0.0
Bhutan,city,06_10,2085,0.0
Bhutan,city,06_10,2090,0.0
Bhutan,city,06_10,2095,0.0
Bhutan,city,06_10,2100,0.0
Bhutan,city,11_20,2011,0.0
Bhutan,city,11_20,2012,0.0
Bhutan,city,11_20,2013,0.0
Bhutan,city,11_20,2014,0.0
Bhutan,city,11_20,2015,0.0
Bhutan,city,11_20,2016,0.0
Bhutan,city,11_20,2017,0.0
Bhutan,city,11_20,2018,0.0
Bhutan,city,11_20,2019,0.0
Bhutan,city,11_20,2020,0.0
Bhutan,city,11_20,2025,0.0
Bhutan,city,11_20,2030,0.0
Bhutan,city,11_20,2035,0.0
Bhutan,city,11_20,2040,0.0
Bhutan,city,11_20,2045,0.0
Bhutan,city,11_20,2050,0.0
Bhutan,city,11_20,2055,0.0
Bhutan,city,11_20,2060,0.0
Bhutan,city,11_20,2065,0.0
Bhutan,city,11_20,2070,0.0
Bhutan,city,11_20,2075,0.0
Bhutan,city,11_20,2080,0.0
Bhutan,city,11_20,2085,0.0
Bhutan,city,11_20,2090,0.0
Bhutan,city,11_20,2095,0.0
Bhutan,city,11_20,2100,0.0
Bhutan,city,21_30,2011,0.0
Bhutan,city,21_30,2012,0.0
Bhutan,city,21_30,2013,0.0
Bhutan,city,21_30,2014,0.0
Bhutan,city,21_30,2015,0.0
Bhutan,city,21_30,2016,0.0
Bhutan,city,21_30,2017,0.0
Bhutan,city,21_30,2018,0.0
Bhutan,city,21_30,2019,0.0
Bhutan,city,21_30,2020,0.0
Bhutan,city,21_30,2025,0.0
Bhutan,city,21_30,2030,0.0
Bhutan,city,21_30,2035,0.0
Bhutan,city,21_30,2040,0.0
Bhutan,city,21_30,2045,0.0
Bhutan,city,21_30,2050,0.0
Bhutan,city,21_30,2055,0.0
Bhutan,city,21_30,2060,0.0
Bhutan,city,21_30,2065,0.0
Bhutan,city,21_30,2070,0.0
Bhutan,city,21_30,2075,0.0
Bhutan,city,21_30,2080,0.0
Bhutan,city,21_30,2085,0.0
Bhutan,city,21_30,2090,0.0
Bhutan,city,21_30,2095,0.0
Bhutan,city,21_30,2100,0.0
Bhutan,city,31_50,2011,0.0
Bhutan,city,31_50,2012,0.0
Bhutan,city,31_50,2013,0.0
Bhutan,city,31_50,2014,0.0
Bhutan,city,31_50,2015,0.0
Bhutan,city,31_50,2016,0.0
Bhutan,city,31_50,2017,0.0
Bhutan,city,31_50,2018,0.0
Bhutan,city,31_50,2019,0.0
Bhutan,city,31_50,2020,0.0
Bhutan,city,31_50,2025,0.0
Bhutan,city,31_50,2030,0.0
Bhutan,city,31_50,2035,0.0
Bhutan,city,31_50,2040,0.0
Bhutan,city,31_50,2045,0.0
Bhutan,city,31_50,2050,0.0
Bhutan,city,31_50,2055,0.0
Bhutan,city,31_50,2060,0.0
Bhutan,city,31_50,2065,0.0
Bhutan,city,31_50,2070,0.0
Bhutan,city,31_50,2075,0.0
Bhutan,city,31_50,2080,0.0
Bhutan,city,31_50,2085,0.0
Bhutan,city,31_50,2090,0.0
Bhutan,city,31_50,2095,0.0
Bhutan,city,31_50,2100,0.0
Bhutan,city,51+,2011,0.0
Bhutan,city,51+,2012,0.0
Bhutan,city,51+,2013,0.0
Bhutan,city,51+,2014,0.0
Bhutan,city,51+,2015,0.0
Bhutan,city,51+,2016,0.0
Bhutan,city,51+,2017,0.0
Bhutan,city,51+,2018,0.0
Bhutan,city,51+,2019,0.0
Bhutan,city,51+,2020,0.0
Bhutan,city,51+,2025,0.0
Bhutan,city,51+,2030,0.0
Bhutan,city,51+,2035,0.0
Bhutan,city,51+,2040,0.0
Bhutan,city,51+,2045,0.0
Bhutan,city,51+,2050,0.0
Bhutan,city,51+,2055,0.0
Bhutan,city,51+,2060,0.0
Bhutan,city,51+,2065,0.0
Bhutan,city,51+,2070,0.0
Bhutan,city,51+,2075,0.0
Bhutan,city,51+,2080,0.0
Bhutan,city,51+,2085,0.0
Bhutan,city,51+,2090,0.0
Bhutan,city,51+,2095,0.0
Bhutan,city,51+,2100,0.0
Bhutan,town,No_travel,2011,0.0
Bhutan,town,No_travel,2012,0.0
Bhutan,town,No_travel,2013,0.0
Bhutan,town,No_travel,2014,0.0
Bhutan,town,No_travel,2015,0.0
Bhutan,town,No_travel,2016,0.0
Bhutan,town,No_travel,2017,0.0
Bhutan,town,No_travel,2018,0.0
Bhutan,town,No_travel,2019,0.0
Bhutan,town,No_travel,2020,0.0
Bhutan,town,No_travel,2025,0.0
Bhutan,town,No_travel,2030,0.0
Bhutan,town,No_travel,2035,0.0
Bhutan,town,No_travel,2040,0.0
Bhutan,town,No_travel,2045,0.0
Bhutan,town,No_travel,2050,0.0
Bhutan,town,No_travel,2055,0.0
Bhutan,town,No_travel,2060,0.0
Bhutan,town,No_travel,2065,0.0
Bhutan,town,No_travel,2070,0.0
Bhutan,town,No_travel,2075,0.0
Bhutan,town,No_travel,2080,0.0
Bhutan,town,No_travel,2085,0.0
Bhutan,town,No_travel,2090,0.0
Bhutan,town,No_travel,2095,0.0
Bhutan,town,No_travel,2100,0.0
Bhutan,town,00_01,2011,0.0
Bhutan,town,00_01,2012,0.0
Bhutan,town,00_01,2013,0.0
Bhutan,town,00_01,2014,0.0
Bhutan,town,00_01,2015,0.0
Bhutan,town,00_01,2016,0.0
Bhutan,town,00_01,2017,0.0
Bhutan,town,00_01,2018,0.0
Bhutan,town,00_01,2019,0.0
Bhutan,town,00_01,2020,0.0
Bhutan,town,00_01,2025,0.0
Bhutan,town,00_01,2030,0.0
Bhutan,town,00_01,2035,0.0
Bhutan,town,00_01,2040,0.0
Bhutan,town,00_01,2045,0.0
Bhutan,town,00_01,2050,0.0
Bhutan,town,00_01,2055,0.0
Bhutan,town,00_01,2060,0.0
Bhutan,town,00_01,2065,0.0
Bhutan,town,00_01,2070,0.0
Bhutan,town,00_01,2075,0.0
Bhutan,town,00_01,2080,0.0
Bhutan,town,00_01,2085,0.0
Bhutan,town,00_01,2090,0.0
Bhutan,town,00_01,2095,0.0
Bhutan,town,00_01,2100,0.0
Bhutan,town,02_05,2011,0.0
Bhutan,town,02_05,2012,0.0
Bhutan,town,02_05,2013,0.0
Bhutan,town,02_05,2014,0.0
Bhutan,town,02_05,2015,0.0
Bhutan,town,02_05,2016,0.0
Bhutan,town,02_05,2017,0.0
Bhutan,town,02_05,2018,0.0
Bhutan,town,02_05,2019,0.0
Bhutan,town,02_05,2020,0.0
Bhutan,town,02_05,2025,0.0
Bhutan,town,02_05,2030,0.0
Bhutan,town,02_05,2035,0.0
Bhutan,town,02_05,2040,0.0
Bhutan,town,02_05,2045,0.0
Bhutan,town,02_05,2050,0.0
Bhutan,town,02_05,2055,0.0
Bhutan,town,02_05,2060,0.0
Bhutan,town,02_05,2065,0.0
Bhutan,town,02_05,2070,0.0
Bhutan,town,02_05,2075,0.0
Bhutan,town,02_05,2080,0.0
Bhutan,town,02_05,2085,0.0
Bhutan,town,02_05,2090,0.0
Bhutan,town,02_05,2095,0.0
Bhutan,town,02_05,2100,0.0
Bhutan,town,06_10,2011,0.0
Bhutan,town,06_10,2012,0.0
Bhutan,town,06_10,2013,0.0
Bhutan,town,06_10,2014,0.0
Bhutan,town,06_10,2015,0.0
Bhutan,town,06_10,2016,0.0
Bhutan,town,06_10,2017,0.0
Bhutan,town,06_10,2018,0.0
Bhutan,town,06_10,2019,0.0
Bhutan,town,06_10,2020,0.0
Bhutan,town,06_10,2025,0.0
Bhutan,town,06_10,2030,0.0
Bhutan,town,06_10,2035,0.0
Bhutan,town,06_10,2040,0.0
Bhutan,town,06_10,2045,0.0
Bhutan,town,06_10,2050,0.0
Bhutan,town,06_10,2055,0.0
Bhutan,town,06_10,2060,0.0
Bhutan,town,06_10,2065,0.0
Bhutan,town,06_10,2070,0.0
Bhutan,town,06_10,2075,0.0
Bhutan,town,06_10,2080,0.0
Bhutan,town,06_10,2085,0.0
Bhutan,town,06_10,2090,0.0
Bhutan,town,06_10,2095,0.0
Bhutan,town,06_10,2100,0.0
Bhutan,town,11_20,2011,0.0
Bhutan,town,11_20,2012,0.0
Bhutan,town,11_20,2013,0.0
Bhutan,town,11_20,2014,0.0
Bhutan,town,11_20,2015,0.0
Bhutan,town,11_20,2016,0.0
Bhutan,town,11_20,2017,0.0
Bhutan,town,11_20,2018,0.0
Bhutan,town,11_20,2019,0.0
Bhutan,town,11_20,2020,0.0
Bhutan,town,11_20,2025,0.0
Bhutan,town,11_20,2030,0.0
Bhutan,town,11_20,2035,0.0
Bhutan,town,11_20,2040,0.0
Bhutan,town,11_20,2045,0.0
Bhutan,town,11_20,2050,0.0
Bhutan,town,11_20,2055,0.0
Bhutan,town,11_20,2060,0.0
Bhutan,town,11_20,2065,0.0
Bhutan,town,11_20,2070,0.0
Bhutan,town,11_20,2075,0.0
Bhutan,town,11_20,2080,0.0
Bhutan,town,11_20,2085,0.0
Bhutan,town,11_20,2090,0.0
Bhutan,town,11_20,2095,0.0
Bhutan,town,11_20,2100,0.0
Bhutan,town,21_30,2011,0.0
Bhutan,town,21_30,2012,0.0
Bhutan,town,21_30,2013,0.0
Bhutan,town,21_30,2014,0.0
Bhutan,town,21_30,2015,0.0
Bhutan,town,21_30,2016,0.0
Bhutan,town,21_30,2017,0.0
Bhutan,town,21_30,2018,0.0
Bhutan,town,21_30,2019,0.0
Bhutan,town,21_30,2020,0.0
Bhutan,town,21_30,2025,0.0
Bhutan,town,21_30,2030,0.0
Bhutan,town,21_30,2035,0.0
Bhutan,town,21_30,2040,0.0
Bhutan,town,21_30,2045,0.0
Bhutan,town,21_30,2050,0.0
Bhutan,town,21_30,2055,0.0
Bhutan,town,21_30,2060,0.0
Bhutan,town,21_30,2065,0.0
Bhutan,town,21_30,2070,0.0
Bhutan,town,21_30,2075,0.0
Bhutan,town,21_30,2080,0.0
Bhutan,town,21_30,2085,0.0
Bhutan,town,21_30,2090,0.0
Bhutan,town,21_30,2095,0.0
Bhutan,town,21_30,2100,0.0
Bhutan,town,31_50,2011,0.0
Bhutan,town,31_50,2012,0.0
Bhutan,town,31_50,2013,0.0
Bhutan,town,31_50,2014,0.0
Bhutan,town,31_50,2015,0.0
Bhutan,town,31_50,2016,0.0
Bhutan,town,31_50,2017,0.0
Bhutan,town,31_50,2018,0.0
Bhutan,town,31_50,2019,0.0
Bhutan,town,31_50,2020,0.0
Bhutan,town,31_50,2025,0.0
Bhutan,town,31_50,2030,0.0
Bhutan,town,31_50,2035,0.0
Bhutan,town,31_50,2040,0.0
Bhutan,town,31_50,2045,0.0
Bhutan,town,31_50,2050,0.0
Bhutan,town,31_50,2055,0.0
Bhutan,town,31_50,2060,0.0
Bhutan,town,31_50,2065,0.0
Bhutan,town,31_50,2070,0.0
Bhutan,town,31_50,2075,0.0
Bhutan,town,31_50,2080,0.0
Bhutan,town,31_50,2085,0.0
Bhutan,town,31_50,2090,0.0
Bhutan,town,31_50,2095,0.0
Bhutan,town,31_50,2100,0.0
Bhutan,town,51+,2011,0.0
Bhutan,town,51+,2012,0.0
Bhutan,town,51+,2013,0.0
Bhutan,town,51+,2014,0.0
Bhutan,town,51+,2015,0.0
Bhutan,town,51+,2016,0.0
Bhutan,town,51+,2017,0.0
Bhutan,town,51+,2018,0.0
Bhutan,town,51+,2019,0.0
Bhutan,town,51+,2020,0.0
Bhutan,town,51+,2025,0.0
Bhutan,town,51+,2030,0.0
Bhutan,town,51+,2035,0.0
Bhutan,town,51+,2040,0.0
Bhutan,town,51+,2045,0.0
Bhutan,town,51+,2050,0.0
Bhutan,town,51+,2055,0.0
Bhutan,town,51+,2060,0.0
Bhutan,town,51+,2065,0.0
Bhutan,town,51+,2070,0.0
Bhutan,town,51+,2075,0.0
Bhutan,town,51+,2080,0.0
Bhutan,town,51+,2085,0.0
Bhutan,town,51+,2090,0.0
Bhutan,town,51+,2095,0.0
Bhutan,town,51+,2100,0.0
Bhutan,rural,No_travel,2011,0.0
Bhutan,rural,No_travel,2012,0.0
Bhutan,rural,No_travel,2013,0.0
Bhutan,rural,No_travel,2014,0.0
Bhutan,rural,No_travel,2015,0.0
Bhutan,rural,No_travel,2016,0.0
Bhutan,rural,No_travel,2017,0.0
Bhutan,rural,No_travel,2018,0.0
Bhutan,rural,No_travel,2019,0.0
Bhutan,rural,No_travel,2020,0.0
Bhutan,rural,No_travel,2025,0.0
Bhutan,rural,No_travel,2030,0.0
Bhutan,rural,No_travel,2035,0.0
Bhutan,rural,No_travel,2040,0.0
Bhutan,rural,No_travel,2045,0.0
Bhutan,rural,No_travel,2050,0.0
Bhutan,rural,No_travel,2055,0.0
Bhutan,rural,No_travel,2060,0.0
Bhutan,rural,No_travel,2065,0.0
Bhutan,rural,No_travel,2070,0.0
Bhutan,rural,No_travel,2075,0.0
Bhutan,rural,No_travel,2080,0.0
Bhutan,rural,No_travel,2085,0.0
Bhutan,rural,No_travel,2090,0.0
Bhutan,rural,No_travel,2095,0.0
Bhutan,rural,No_travel,2100,0.0
Bhutan,rural,00_01,2011,0.0
Bhutan,rural,00_01,2012,0.0
Bhutan,rural,00_01,2013,0.0
Bhutan,rural,00_01,2014,0.0
Bhutan,rural,00_01,2015,0.0
Bhutan,rural,00_01,2016,0.0
Bhutan,rural,00_01,2017,0.0
Bhutan,rural,00_01,2018,0.0
Bhutan,rural,00_01,2019,0.0
Bhutan,rural,00_01,2020,0.0
Bhutan,rural,00_01,2025,0.0
Bhutan,rural,00_01,2030,0.0
Bhutan,rural,00_01,2035,0.0
Bhutan,rural,00_01,2040,0.0
Bhutan,rural,00_01,2045,0.0
Bhutan,rural,00_01,2050,0.0
Bhutan,rural,00_01,2055,0.0
Bhutan,rural,00_01,2060,0.0
Bhutan,rural,00_01,2065,0.0
Bhutan,rural,00_01,2070,0.0
Bhutan,rural,00_01,2075,0.0
Bhutan,rural,00_01,2080,0.0
Bhutan,rural,00_01,2085,0.0
Bhutan,rural,00_01,2090,0.0
Bhutan,rural,00_01,2095,0.0
Bhutan,rural,00_01,2100,0.0
Bhutan,rural,02_05,2011,0.0
Bhutan,rural,02_05,2012,0.0
Bhutan,rural,02_05,2013,0.0
Bhutan,rural,02_05,2014,0.0
Bhutan,rural,02_05,2015,0.0
Bhutan,rural,02_05,2016,0.0
Bhutan,rural,02_05,2017,0.0
Bhutan,rural,02_05,2018,0.0
Bhutan,rural,02_05,2019,0.0
Bhutan,rural,02_05,2020,0.0
Bhutan,rural,02_05,2025,0.0
Bhutan,rural,02_05,2030,0.0
Bhutan,rural,02_05,2035,0.0
Bhutan,rural,02_05,2040,0.0
Bhutan,rural,02_05,2045,0.0
Bhutan,rural,02_05,2050,0.0
Bhutan,rural,02_05,2055,0.0
Bhutan,rural,02_05,2060,0.0
Bhutan,rural,02_05,2065,0.0
Bhutan,rural,02_05,2070,0.0
Bhutan,rural,02_05,2075,0.0
Bhutan,rural,02_05,2080,0.0
Bhutan,rural,02_05,2085,0.0
Bhutan,rural,02_05,2090,0.0
Bhutan,rural,02_05,2095,0.0
Bhutan,rural,02_05,2100,0.0
Bhutan,rural,06_10,2011,0.0
Bhutan,rural,06_10,2012,0.0
Bhutan,rural,06_10,2013,0.0
Bhutan,rural,06_10,2014,0.0
Bhutan,rural,06_10,2015,0.0
Bhutan,rural,06_10,2016,0.0
Bhutan,rural,06_10,2017,0.0
Bhutan,rural,06_10,2018,0.0
Bhutan,rural,06_10,2019,0.0
Bhutan,rural,06_10,2020,0.0
Bhutan,rural,06_10,2025,0.0
Bhutan,rural,06_10,2030,0.0
Bhutan,rural,06_10,2035,0.0
Bhutan,rural,06_10,2040,0.0
Bhutan,rural,06_10,2045,0.0
Bhutan,rural,06_10,2050,0.0
Bhutan,rural,06_10,2055,0.0
Bhutan,rural,06_10,2060,0.0
Bhutan,rural,06_10,2065,0.0
Bhutan,rural,06_10,2070,0.0
Bhutan,rural,06_10,2075,0.0
Bhutan,rural,06_10,2080,0.0
Bhutan,rural,06_10,2085,0.0
Bhutan,rural,06_10,2090,0.0
Bhutan,rural,06_10,2095,0.0
Bhutan,rural,06_10,2100,0.0
Bhutan,rural,11_20,2011,0.0
Bhutan,rural,11_20,2012,0.0
Bhutan,rural,11_20,2013,0.0
Bhutan,rural,11_20,2014,0.0
Bhutan,rural,11_20,2015,0.0
Bhutan,rural,11_20,2016,0.0
Bhutan,rural,11_20,2017,0.0
Bhutan,rural,11_20,2018,0.0
Bhutan,rural,11_20,2019,0.0
Bhutan,rural,11_20,2020,0.0
Bhutan,rural,11_20,2025,0.0
Bhutan,rural,11_20,2030,0.0
Bhutan,rural,11_20,2035,0.0
Bhutan,rural,11_20,2040,0.0
Bhutan,rural,11_20,2045,0.0
Bhutan,rural,11_20,2050,0.0
Bhutan,rural,11_20,2055,0.0
Bhutan,rural,11_20,2060,0.0
Bhutan,rural,11_20,2065,0.0
Bhutan,rural,11_20,2070,0.0
Bhutan,rural,11_20,2075,0.0
Bhutan,rural,11_20,2080,0.0
Bhutan,rural,11_20,2085,0.0
Bhutan,rural,11_20,2090,0.0
Bhutan,rural,11_20,2095,0.0
Bhutan,rural,11_20,2100,0.0
Bhutan,rural,21_30,2011,0.0
Bhutan,rural,21_30,2012,0.0
Bhutan,rural,21_30,2013,0.0
Bhutan,rural,21_30,2014,0.0
Bhutan,rural,21_30,2015,0.0
Bhutan,rural,21_30,2016,0.0
Bhutan,rural,21_30,2017,0.0
Bhutan,rural,21_30,2018,0.0
Bhutan,rural,21_30,2019,0.0
Bhutan,rural,21_30,2020,0.0
Bhutan,rural,21_30,2025,0.0
Bhutan,rural,21_30,2030,0.0
Bhutan,rural,21_30,2035,0.0
Bhutan,rural,21_30,2040,0.0
Bhutan,rural,21_30,2045,0.0
Bhutan,rural,21_30,2050,0.0
Bhutan,rural,21_30,2055,0.0
Bhutan,rural,21_30,2060,0.0
Bhutan,rural,21_30,2065,0.0
Bhutan,rural,21_30,2070,0.0
Bhutan,rural,21_30,2075,0.0
Bhutan,rural,21_30,2080,0.0
Bhutan,rural,21_30,2085,0.0
Bhutan,rural,21_30,2090,0.0
Bhutan,rural,21_30,2095,0.0
Bhutan,rural,21_30,2100,0.0
Bhutan,rural,31_50,2011,0.0
Bhutan,rural,31_50,2012,0.0
Bhutan,rural,31_50,2013,0.0
Bhutan,rural,31_50,2014,0.0
Bhutan,rural,31_50,2015,0.0
Bhutan,rural,31_50,2016,0.0
Bhutan,rural,31_50,2017,0.0
Bhutan,rural,31_50,2018,0.0
Bhutan,rural,31_50,2019,0.0
Bhutan,rural,31_50,2020,0.0
Bhutan,rural,31_50,2025,0.0
Bhutan,rural,31_50,2030,0.0
Bhutan,rural,31_50,2035,0.0
Bhutan,rural,31_50,2040,0.0
Bhutan,rural,31_50,2045,0.0
Bhutan,rural,31_50,2050,0.0
Bhutan,rural,31_50,2055,0.0
Bhutan,rural,31_50,2060,0.0
Bhutan,rural,31_50,2065,0.0
Bhutan,rural,31_50,2070,0.0
Bhutan,rural,31_50,2075,0.0
Bhutan,rural,31_50,2080,0.0
Bhutan,rural,31_50,2085,0.0
Bhutan,rural,31_50,2090,0.0
Bhutan,rural,31_50,2095,0.0
Bhutan,rural,31_50,2100,0.0
Bhutan,rural,51+,2011,0.0
Bhutan,rural,51+,2012,0.0
Bhutan,rural,51+,2013,0.0
Bhutan,rural,51+,2014,0.0
Bhutan,rural,51+,2015,0.0
Bhutan,rural,51+,2016,0.0
Bhutan,rural,51+,2017,0.0
Bhutan,rural,51+,2018,0.0
Bhutan,rural,51+,2019,0.0
Bhutan,rural,51+,2020,0.0
Bhutan,rural,51+,2025,0.0
Bhutan,rural,51+,2030,0.0
Bhutan,rural,51+,2035,0.0
Bhutan,rural,51+,2040,0.0
Bhutan,rural,51+,2045,0.0
Bhutan,rural,51+,2050,0.0
Bhutan,rural,51+,2055,0.0
Bhutan,rural,51+,2060,0.0
Bhutan,rural,51+,2065,0.0
Bhutan,rural,51+,2070,0.0
Bhutan,rural,51+,2075,0.0
Bhutan,rural,51+,2080,0.0
Bhutan,rural,51+,2085,0.0
Bhutan,rural,51+,2090,0.0
Bhutan,rural,51+,2095,0.0
Bhutan,rural,51+,2100,0.0
India,large_city,No_travel,2011,0.0
India,large_city,No_travel,2012,0.0
India,large_city,No_travel,2013,0.0
India,large_city,No_travel,2014,0.0
India,large_city,No_travel,2015,0.0
India,large_city,No_travel,2016,0.0
India,large_city,No_travel,2017,0.0
India,large_city,No_travel,2018,0.0
India,large_city,No_travel,2019,0.0
India,large_city,No_travel,2020,0.0
India,large_city,No_travel,2025,0.0
India,large_city,No_travel,2030,0.0
India,large_city,No_travel,2035,0.0
India,large_city,No_travel,2040,0.0
India,large_city,No_travel,2045,0.0
India,large_city,No_travel,2050,0.0
India,large_city,No_travel,2055,0.0
India,large_city,No_travel,2060,0.0
India,large_city,No_travel,2065,0.0
India,large_city,No_travel,2070,0.0
India,large_city,No_travel,2075,0.0
India,large_city,No_travel,2080,0.0
India,large_city,No_travel,2085,0.0
India,large_city,No_travel,2090,0.0
India,large_city,No_travel,2095,0.0
India,large_city,No_travel,2100,0.0
India,large_city,00_01,2011,0.0148185504998143
India,large_city,00_01,2012,0.014822666283728832
India,large_city,00_01,2013,0.014827436579198435
India,large_city,00_01,2014,0.014832768576446163
India,large_city,00_01,2015,0.01483809669581482
India,large_city,00_01,2016,0.014843020205342925
India,large_city,00_01,2017,0.014846526835842304
India,large_city,00_01,2018,0.014849498417187513
India,large_city,00_01,2019,0.01485094287947057
India,large_city,00_01,2020,0.01484711635245638
India,large_city,00_01,2025,0.014858155242966733
India,large_city,00_01,2030,0.014859872634218549
India,large_city,00_01,2035,0.014856431713955247
India,large_city,00_01,2040,0.014848945367450236
India,large_city,00_01,2045,0.01483762615752479
India,large_city,00_01,2050,0.014822703618687396
India,large_city,00_01,2055,0.014804299071349045
India,large_city,00_01,2060,0.014782799594876161
India,large_city,00_01,2065,0.014759030574619438
India,large_city,00_01,2070,0.014733321255392992
India,large_city,00_01,2075,0.014705937435879437
India,large_city,00_01,2080,0.014677693056257865
India,large_city,00_01,2085,0.014648889181421038
India,large_city,00_01,2090,0.014620058743874056
India,large_city,00_01,2095,0.014590852397692939
India,large_city,00_01,2100,0.014561070793611996
India,large_city,02_05,2011,0.0281239000525509
India,large_city,02_05,2012,0.028131711335810463
India,large_city,02_05,2013,0.028140764806526775
India,large_city,02_05,2014,0.02815088432244552
India,large_city,02_05,2015,0.028160996478596958
India,large_city,02_05,2016,0.02817034073192848
India,large_city,02_05,2017,0.028176995912250404
India,large_city,02_05,2018,0.02818263563097672
India,large_city,02_05,2019,0.028185377053822288
India,large_city,02_05,2020,0.028178114746804015
India,large_city,02_05,2025,0.02819906528804677
India,large_city,02_05,2030,0.02820232469860233
India,large_city,02_05,2035,0.02819579422873113
India,large_city,02_05,2040,0.02818158600635011
India,large_city,02_05,2045,0.028160103451182448
India,large_city,02_05,2050,0.02813178219325655
India,large_city,02_05,2055,0.028096852484722455
India,large_city,02_05,2060,0.028056048957581722
India,large_city,02_05,2065,0.028010938098050924
India,large_city,02_05,2070,0.027962144774820508
India,large_city,02_05,2075,0.027910173443139587
India,large_city,02_05,2080,0.027856568867608848
India,large_city,02_05,2085,0.02780190243467755
India,large_city,02_05,2090,0.02774718558878545
India,large_city,02_05,2095,0.02769175531165354
India,large_city,02_05,2100,0.02763523326136343
India,large_city,06_10,2011,0.0679782847909738
India,large_city,06_10,2012,0.06799716544539973
India,large_city,06_10,2013,0.06801904859139121
India,large_city,06_10,2014,0.06804350847546796
India,large_city,06_10,2015,0.06806795057024959
India,large_city,06_10,2016,0.06809053656696207
India,large_city,06_10,2017,0.06810662280473186
India,large_city,06_10,2018,0.0681202545700632
India,large_city,06_10,2019,0.06812688086380554
India,large_city,06_10,2020,0.06810932713996905
India,large_city,06_10,2025,0.06815996669765713
India,large_city,06_10,2030,0.06816784501960331
India,large_city,06_10,2035,0.06815206021949047
India,large_city,06_10,2040,0.06811771752215526
India,large_city,06_10,2045,0.06806579203349628
India,large_city,06_10,2050,0.06799733671494772
India,large_city,06_10,2055,0.06791290810903035
India,large_city,06_10,2060,0.06781428189491118
India,large_city,06_10,2065,0.06770524442675703
India,large_city,06_10,2070,0.06758730607481234
India,large_city,06_10,2075,0.06746168615796687
India,large_city,06_10,2080,0.06733211852706507
India,large_city,06_10,2085,0.06719998428041483
India,large_city,06_10,2090,0.06706772818058633
India,large_city,06_10,2095,0.06693374764595654
India,large_city,06_10,2100,0.06679712818619414
India,large_city,11_20,2011,0.166051674880541
India,large_city,11_20,2012,0.1660977949657992
India,large_city,11_20,2013,0.16615124928661232
India,large_city,11_20,2014,0.166210997847948
India,large_city,11_20,2015,0.16627070295507976
India,large_city,11_20,2016,0.16632587414091485
India,large_city,11_20,2017,0.16636516825862335
India,large_city,11_20,2018,0.16639846679611675
India,large_city,11_20,2019,0.16641465295288063
India,large_city,11_20,2020,0.16637177418280863
India,large_city,11_20,2025,0.16649547226367625
India,large_city,11_20,2030,0.16651471677033652
India,large_city,11_20,2035,0.16647615897935295
India,large_city,11_20,2040,0.16639226950744346
India,large_city,11_20,2045,0.1662654302618325
India,large_city,11_20,2050,0.16609821332874242
India,large_city,11_20,2055,0.16589197818374696
India,large_city,11_20,2060,0.1656510623075672
India,large_city,11_20,2065,0.16538471468983307
India,large_city,11_20,2070,0.1650966247367946
India,large_city,11_20,2075,0.16478977089876845
India,large_city,11_20,2080,0.164473273914655
India,large_city,11_20,2085,0.16415050741601772
India,large_city,11_20,2090,0.16382744326461676
India,large_city,11_20,2095,0.16350016680795007
India,large_city,11_20,2100,0.163166444205437
India,large_city,21_30,2011,0.25478835548861
India,large_city,21_30,2012,0.2548591217767934
India,large_city,21_30,2013,0.2549411416570718
India,large_city,21_30,2014,0.2550328193694254
India,large_city,21_30,2015,0.2551244304059977
India,large_city,21_30,2016,0.25520908463016856
India,large_city,21_30,2017,0.2552693772085995
India,large_city,21_30,2018,0.2553204702169309
India,large_city,21_30,2019,0.2553453061257919
India,large_city,21_30,2020,0.2552795132855819
India,large_city,21_30,2025,0.25546931462678507
India,large_city,21_30,2030,0.25549884324314914
India,large_city,21_30,2035,0.25543968047852755
India,large_city,21_30,2040,0.25531096114699414
India,large_city,21_30,2045,0.2551163400278522
India,large_city,21_30,2050,0.25485976370953134
India,large_city,21_30,2055,0.2545433181604265
India,large_city,21_30,2060,0.25417365877609877
India,large_city,21_30,2065,0.2537649771319081
India,large_city,21_30,2070,0.2533229342231553
India,large_city,21_30,2075,0.2528521001600705
India,large_city,21_30,2080,0.2523664697311249
India,large_city,21_30,2085,0.25187121940947793
India,large_city,21_30,2090,0.2513755123718224
India,large_city,21_30,2095,0.25087334200681866
India,large_city,21_30,2100,0.2503612807274316
India,large_city,31_50,2011,0.434092366033136
India,large_city,31_50,2012,0.43421293318156
India,large_city,31_50,2013,0.43435267349199747
India,large_city,31_50,2014,0.4345088682089489
India,large_city,31_50,2015,0.4346649493279001
India,large_city,31_50,2016,0.43480917786768
India,large_city,31_50,2017,0.4349119005685473
India,large_city,31_50,2018,0.43499894962081576
India,large_city,31_50,2019,0.43504126347938826
India,large_city,31_50,2020,0.43492916977863794
India,large_city,31_50,2025,0.43525254135941976
India,large_city,31_50,2030,0.4353028503577198
India,large_city,31_50,2035,0.43520205256252076
India,large_city,31_50,2040,0.4349827486658714
India,large_city,31_50,2045,0.43465116545075033
India,large_city,31_50,2050,0.43421402686616156
India,large_city,31_50,2055,0.4336748868537849
India,large_city,31_50,2060,0.4330450844577473
India,large_city,31_50,2065,0.4323487983910595
India,large_city,31_50,2070,0.4315956735012635
India,large_city,31_50,2075,0.4307934960545684
India,large_city,31_50,2080,0.42996610949086767
India,large_city,31_50,2085,0.4291223331593704
India,large_city,31_50,2090,0.4282777787038792
India,large_city,31_50,2095,0.4274222124379949
India,large_city,31_50,2100,0.426549794654628
India,large_city,51+,2011,0.533431455447569
India,large_city,51+,2012,0.5335796135689631
India,large_city,51+,2013,0.5337513325002645
India,large_city,51+,2014,0.533943271317245
India,large_city,51+,2015,0.5341350705400945
India,large_city,51+,2016,0.5343123048015372
India,large_city,51+,2017,0.5344385348947588
India,large_city,51+,2018,0.5345455045313623
India,large_city,51+,2019,0.5345975016290542
India,large_city,51+,2020,0.5344597560462785
India,large_city,51+,2025,0.5348571290168357
India,large_city,51+,2030,0.5349189508876752
India,large_city,51+,2035,0.5347950862017092
India,large_city,51+,2040,0.5345255960979232
India,large_city,51+,2045,0.5341181323162852
India,large_city,51+,2050,0.5335809575358569
India,large_city,51+,2055,0.5329184389937314
India,large_city,51+,2060,0.5321445105972641
India,large_city,51+,2065,0.5312888841937056
India,large_city,51+,2070,0.5303634117884456
India,large_city,51+,2075,0.5293776614818274
India,large_city,51+,2080,0.5283609331230086
India,large_city,51+,2085,0.5273240643093597
India,large_city,51+,2090,0.5262862393033263
India,large_city,51+,2095,0.5252348825088886
India,large_city,51+,2100,0.5241628178416554
India,city,No_travel,2011,0.0
India,city,No_travel,2012,0.0
India,city,No_travel,2013,0.0
India,city,No_travel,2014,0.0
India,city,No_travel,2015,0.0
India,city,No_travel,2016,0.0
India,city,No_travel,2017,0.0
India,city,No_travel,2018,0.0
India,city,No_travel,2019,0.0
India,city,No_travel,2020,0.0
India,city,No_travel,2025,0.0
India,city,No_travel,2030,0.0
India,city,No_travel,2035,0.0
India,city,No_travel,2040,0.0
India,city,No_travel,2045,0.0
India,city,No_travel,2050,0.0
India,city,No_travel,2055,0.0
India,city,No_travel,2060,0.0
India,city,No_travel,2065,0.0
India,city,No_travel,2070,0.0
India,city,No_travel,2075,0.0
India,city,No_travel,2080,0.0
India,city,No_travel,2085,0.0
India,city,No_travel,2090,0.0
India,city,No_travel,2095,0.0
India,city,No_travel,2100,0.0
India,city,00_01,2011,0.00532481288913535
India,city,00_01,2012,0.005326291831305657
India,city,00_01,2013,0.005328005961901753
India,city,00_01,2014,0.00532992193119105
India,city,00_01,2015,0.0053318365070255365
India,city,00_01,2016,0.00533360569268208
India,city,00_01,2017,0.005334865745160274
India,city,00_01,2018,0.005335933536146193
India,city,00_01,2019,0.005336452580932846
India,city,00_01,2020,0.005335077578676989
India,city,00_01,2025,0.0053390442302379505
India,city,00_01,2030,0.005339661347753828
India,city,00_01,2035,0.0053384249072147396
India,city,00_01,2040,0.005335734806427694
India,city,00_01,2045,0.005331667426496938
India,city,00_01,2050,0.005326305247035392
India,city,00_01,2055,0.005319691862623254
India,city,00_01,2060,0.005311966364138507
India,city,00_01,2065,0.005303425340815969
India,city,00_01,2070,0.005294187101597525
India,city,00_01,2075,0.0052843471570562985
India,city,00_01,2080,0.005274197983784833
India,city,00_01,2085,0.005263847764713804
India,city,00_01,2090,0.005253488000750959
India,city,00_01,2095,0.00524299315993696
India,city,00_01,2100,0.00523229160925079
India,city,02_05,2011,0.00504484294805141
India,city,02_05,2012,0.005046244129864515
India,city,02_05,2013,0.005047868134281159
India,city,02_05,2014,0.005049683365043072
India,city,02_05,2015,0.0050514972756157475
India,city,02_05,2016,0.005053173440387925
India,city,02_05,2017,0.005054367241370446
India,city,02_05,2018,0.005055378889655083
India,city,02_05,2019,0.005055870643916912
India,city,02_05,2020,0.005054567937027779
India,city,02_05,2025,0.005058326028545986
India,city,02_05,2030,0.005058910699033553
India,city,02_05,2035,0.005057739268513049
India,city,02_05,2040,0.005055190608819716
India,city,02_05,2045,0.005051337085064433
India,city,02_05,2050,0.005046256840217153
India,city,02_05,2055,0.0050399911767264405
India,city,02_05,2060,0.005032671872299711
India,city,02_05,2065,0.005024579921995547
India,city,02_05,2070,0.0050158274142654315
India,city,02_05,2075,0.005006504837892972
India,city,02_05,2080,0.004996889291530474
India,city,02_05,2085,0.004987083270027295
India,city,02_05,2090,0.00497726820548708
India,city,02_05,2095,0.004967325166215323
India,city,02_05,2100,0.004957186285537939
India,city,06_10,2011,0.00673321785812609
India,city,06_10,2012,0.006735087978267318
India,city,06_10,2013,0.006737255493817835
India,city,06_10,2014,0.006739678234091139
India,city,06_10,2015,0.006742099212342939
India,city,06_10,2016,0.006744336344934262
India,city,06_10,2017,0.006745929679390325
India,city,06_10,2018,0.006747279899479711
India,city,06_10,2019,0.0067479362308287055
India,city,06_10,2020,0.006746197542552354
India,city,06_10,2025,0.006751213367461756
India,city,06_10,2030,0.0067519937116287685
India,city,06_10,2035,0.00675043023443405
India,city,06_10,2040,0.006747028606050741
India,city,06_10,2045,0.006741885410269829
India,city,06_10,2050,0.006735104942437311
India,city,06_10,2055,0.006726742327834023
India,city,06_10,2060,0.006716973446665154
India,city,06_10,2065,0.006706173335570297
India,city,06_10,2070,0.006694491596027827
India,city,06_10,2075,0.006682049001013242
India,city,06_10,2080,0.006669215386736187
India,city,06_10,2085,0.006656127550349155
India,city,06_10,2090,0.006643027644460832
India,city,06_10,2095,0.006629756934098184
India,city,06_10,2100,0.006616224839414297
India,city,11_20,2011,0.0209283348890302
India,city,11_20,2012,0.02093414763732129
India,city,11_20,2013,0.02094088475652257
India,city,11_20,2014,0.020948415170784697
India,city,11_20,2015,0.020955940108293082
India,city,11_20,2016,0.02096289361270195
India,city,11_20,2017,0.020967846049677757
India,city,11_20,2018,0.020972042833266223
India,city,11_20,2019,0.020974082856708112
India,city,11_20,2020,0.020968678627811644
India,city,11_20,2025,0.020984268924406906
India,city,11_20,2030,0.020986694407199837
India,city,11_20,2035,0.020981834773216225
India,city,11_20,2040,0.02097126175753873
India,city,11_20,2045,0.02095527556401718
India,city,11_20,2050,0.020934200365725183
India,city,11_20,2055,0.020908207504265294
India,city,11_20,2060,0.020877843654334833
India,city,11_20,2065,0.02084427451301274
India,city,11_20,2070,0.020807965074883365
India,city,11_20,2075,0.02076929072914843
India,city,11_20,2080,0.02072940100879686
India,city,11_20,2085,0.020688721109727488
India,city,11_20,2090,0.02064800369597045
India,city,11_20,2095,0.02060675538401369
India,city,11_20,2100,0.020564694631597567
India,city,21_30,2011,0.0439604366472198
India,city,21_30,2012,0.04397264645532692
India,city,21_30,2013,0.043986797925255276
India,city,21_30,2014,0.0440026157292446
India,city,21_30,2015,0.044018422029189895
India,city,21_30,2016,0.044033028021098146
India,city,21_30,2017,0.044043430725999345
India,city,21_30,2018,0.044052246164018725
India,city,21_30,2019,0.04405653127899569
India,city,21_30,2020,0.04404517957503596
India,city,21_30,2025,0.04407792734256842
India,city,21_30,2030,0.04408302212355424
India,city,21_30,2035,0.044072814353418775
India,city,21_30,2040,0.044050605496941425
India,city,21_30,2045,0.044017026139039295
India,city,21_30,2050,0.04397275721252147
India,city,21_30,2055,0.04391815862426558
India,city,21_30,2060,0.043854378676729804
India,city,21_30,2065,0.043783865942763324
India,city,21_30,2070,0.04370759715391576
India,city,21_30,2075,0.043626360823621535
India,city,21_30,2080,0.04354257157169641
India,city,21_30,2085,0.043457122531658746
India,city,21_30,2090,0.04337159469117856
India,city,21_30,2095,0.04328495168712713
India,city,21_30,2100,0.04319660213367591
India,city,31_50,2011,0.13164595732414
India,city,31_50,2012,0.13168252138035957
India,city,31_50,2013,0.13172490002689607
India,city,31_50,2014,0.1317722687545011
India,city,31_50,2015,0.13181960303156365
India,city,31_50,2016,0.13186334281064868
India,city,31_50,2017,0.13189449523200583
India,city,31_50,2018,0.131920894350527
India,city,31_50,2019,0.1319337267540792
India,city,31_50,2020,0.13189973241623784
India,city,31_50,2025,0.13199780039589956
India,city,31_50,2030,0.1320130574627394
India,city,31_50,2035,0.13198248880204996
India,city,31_50,2040,0.1319159811329952
India,city,31_50,2045,0.13181542283434064
India,city,31_50,2050,0.13168285305897834
India,city,31_50,2055,0.1315193496006944
India,city,31_50,2060,0.13132835121915393
India,city,31_50,2065,0.1311171905238894
India,city,31_50,2070,0.13088879248038576
India,city,31_50,2075,0.13064551840745275
India,city,31_50,2080,0.13039459923729807
India,city,31_50,2085,0.13013870958887488
India,city,31_50,2090,0.12988258396100097
India,city,31_50,2095,0.12962311881270583
India,city,31_50,2100,0.12935854315262804
India,city,51+,2011,0.383512943006332
India,city,51+,2012,0.3836194619537729
India,city,51+,2013,0.38374292005141747
India,city,51+,2014,0.3838809153267721
India,city,51+,2015,0.3840188102402987
India,city,51+,2016,0.3841462336093433
India,city,51+,2017,0.3842369873023492
India,city,51+,2018,0.38431389360348156
India,city,51+,2019,0.384351277150627
India,city,51+,2020,0.38425224434463673
India,city,51+,2025,0.3845379374282621
India,city,51+,2030,0.38458238454023064
India,city,51+,2035,0.38449333146740516
India,city,51+,2040,0.38429958034575945
India,city,51+,2045,0.38400663242814304
India,city,51+,2050,0.3836204282048132
India,city,51+,2055,0.3831441075205115
India,city,51+,2060,0.38258768822057293
India,city,51+,2065,0.3819725317711518
India,city,51+,2070,0.38130715922480546
India,city,51+,2075,0.38059844961029027
India,city,51+,2080,0.37986746818587946
India,city,51+,2085,0.37912200669092444
India,city,51+,2090,0.37837585773715593
India,city,51+,2095,0.3776199800432801
India,city,51+,2100,0.37684921433116303
India,town,No_travel,2011,0.0
India,town,No_travel,2012,0.0
India,town,No_travel,2013,0.0
India,town,No_travel,2014,0.0
India,town,No_travel,2015,0.0
India,town,No_travel,2016,0.0
India,town,No_travel,2017,0.0
India,town,No_travel,2018,0.0
India,town,No_travel,2019,0.0
India,town,No_travel,2020,0.0
India,town,No_travel,2025,0.0
India,town,No_travel,2030,0.0
India,town,No_travel,2035,0.0
India,town,No_travel,2040,0.0
India,town,No_travel,2045,0.0
India,town,No_travel,2050,0.0
India,town,No_travel,2055,0.0
India,town,No_travel,2060,0.0
India,town,No_travel,2065,0.0
India,town,No_travel,2070,0.0
India,town,No_travel,2075,0.0
India,town,No_travel,2080,0.0
India,town,No_travel,2085,0.0
India,town,No_travel,2090,0.0
India,town,No_travel,2095,0.0
India,town,No_travel,2100,0.0
India,town,00_01,2011,0.00544088445239265
India,town,00_01,2012,0.005442395632903205
India,town,00_01,2013,0.005444147128533914
India,town,00_01,2014,0.00544610486258663
India,town,00_01,2015,0.005448061172809669
India,town,00_01,2016,0.005449868923604392
India,town,00_01,2017,0.005451156443012218
India,town,00_01,2018,0.005452247509965113
India,town,00_01,2019,0.005452777869015956
India,town,00_01,2020,0.005451372894127325
India,town,00_01,2025,0.005455426011721397
India,town,00_01,2030,0.005456056581314609
India,town,00_01,2035,0.0054547931885446654
India,town,00_01,2040,0.005452044448287995
India,town,00_01,2045,0.005447888406622686
India,town,00_01,2050,0.005442409341072272
India,town,00_01,2055,0.005435651796502185
India,town,00_01,2060,0.005427757895727117
India,town,00_01,2065,0.005419030693105981
India,town,00_01,2070,0.005409591076507682
India,town,00_01,2075,0.00539953663846799
India,town,00_01,2080,0.005389166231055172
India,town,00_01,2085,0.0053785903953976755
India,town,00_01,2090,0.005368004806786494
India,town,00_01,2095,0.0053572811968861855
India,town,00_01,2100,0.00534634637120176
India,town,02_05,2011,0.00736013523904353
India,town,02_05,2012,0.007362179482589888
India,town,02_05,2013,0.007364548811478494
India,town,02_05,2014,0.007367197128588726
India,town,02_05,2015,0.007369843519618912
India,town,02_05,2016,0.007372288947461401
India,town,02_05,2017,0.007374030634322684
India,town,02_05,2018,0.007375506570891165
India,town,02_05,2019,0.007376224012030306
India,town,02_05,2020,0.007374323437725104
India,town,02_05,2025,0.007379806276754886
India,town,02_05,2030,0.007380659277314683
India,town,02_05,2035,0.00737895022766877
India,town,02_05,2040,0.007375231879998805
India,town,02_05,2045,0.007369609810832766
India,town,02_05,2050,0.007362198026262171
India,town,02_05,2055,0.007353056784180137
India,town,02_05,2060,0.00734237834067036
India,town,02_05,2065,0.0073305726513358165
India,town,02_05,2070,0.007317803246770049
India,town,02_05,2075,0.007304202144895486
India,town,02_05,2080,0.007290173616682807
India,town,02_05,2085,0.007275867196212722
India,town,02_05,2090,0.0072615475824725495
India,town,02_05,2095,0.007247041260971399
India,town,02_05,2100,0.007232249218141425
India,town,06_10,2011,0.0185665230136464
India,town,06_10,2012,0.01857167977960467
India,town,06_10,2013,0.01857765659903916
India,town,06_10,2014,0.018584337188318787
India,town,06_10,2015,0.018591012918909227
India,town,06_10,2016,0.018597181703971073
India,town,06_10,2017,0.018601575246771897
India,town,06_10,2018,0.018605298413449597
India,town,06_10,2019,0.018607108215442113
India,town,06_10,2020,0.018602313866502775
India,town,06_10,2025,0.018616144761414405
India,town,06_10,2030,0.018618296522762496
India,town,06_10,2035,0.018613985309917657
India,town,06_10,2040,0.018604605483957273
India,town,06_10,2045,0.018590423370019763
India,town,06_10,2050,0.018571726557484017
India,town,06_10,2055,0.018548667051649252
India,town,06_10,2060,0.018521729833685854
India,town,06_10,2065,0.018491949049012357
India,town,06_10,2070,0.01845973721647928
India,town,06_10,2075,0.01842542736173294
India,town,06_10,2080,0.01839003929025748
India,town,06_10,2085,0.01835395021359328
India,town,06_10,2090,0.018317827855862258
India,town,06_10,2095,0.018281234513043535
India,town,06_10,2100,0.018243920415584473
India,town,11_20,2011,0.0806419740818758
India,town,11_20,2012,0.08066437201747459
India,town,11_20,2013,0.08069033177943831
India,town,11_20,2014,0.08071934830057925
India,town,11_20,2015,0.08074834371845346
India,town,11_20,2016,0.08077513726535013
India,town,11_20,2017,0.08079422021181303
India,town,11_20,2018,0.08081039144163915
India,town,11_20,2019,0.08081825214906758
India,town,11_20,2020,0.08079742833824306
India,town,11_20,2025,0.08085750155002175
India,town,11_20,2030,0.08086684752625735
India,town,11_20,2035,0.08084812217233732
India,town,11_20,2040,0.0808073817665309
India,town,11_20,2045,0.08074578306742423
India,town,11_20,2050,0.08066457519286349
India,town,11_20,2055,0.08056441836379533
India,town,11_20,2060,0.08044741905104055
India,town,11_20,2065,0.08031806896949795
India,town,11_20,2070,0.08017815985660949
India,town,11_20,2075,0.08002913817844316
India,town,11_20,2080,0.07987543336572007
India,town,11_20,2085,0.07971868380184889
India,town,11_20,2090,0.07956178968474467
India,town,11_20,2095,0.0794028498875092
India,town,11_20,2100,0.07924077955921076
India,town,21_30,2011,0.106979023094407
India,town,21_30,2012,0.10700873602364727
India,town,21_30,2013,0.1070431740443711
India,town,21_30,2014,0.10708166713832865
India,town,21_30,2015,0.10712013223685474
India,town,21_30,2016,0.10715567635026309
India,town,21_30,2017,0.10718099164039091
India,town,21_30,2018,0.10720244426960454
India,town,21_30,2019,0.10721287222367064
India,town,21_30,2020,0.10718524751625898
India,town,21_30,2025,0.10726494017735012
India,town,21_30,2030,0.10727733847760171
India,town,21_30,2035,0.10725249756699319
India,town,21_30,2040,0.1071984516577349
India,town,21_30,2045,0.10711673529687761
India,town,21_30,2050,0.10700900555455681
India,town,21_30,2055,0.10687613827480659
India,town,21_30,2060,0.10672092788562994
India,town,21_30,2065,0.1065493330614933
India,town,21_30,2070,0.10636373070751799
India,town,21_30,2075,0.10616603969447388
India,town,21_30,2080,0.10596213607111603
India,town,21_30,2085,0.10575419330428361
India,town,21_30,2090,0.1055460587742431
India,town,21_30,2095,0.10533521046066127
India,town,21_30,2100,0.105120209208629
India,town,31_50,2011,0.220080593734312
India,town,31_50,2012,0.22014172010207675
India,town,31_50,2013,0.22021256707589185
India,town,31_50,2014,0.22029175627324854
India,town,31_50,2015,0.22037088787752762
India,town,31_50,2016,0.2204440103398235
India,town,31_50,2017,0.2204960897468019
India,town,31_50,2018,0.22054022276688318
India,town,31_50,2019,0.2205616754802836
India,town,31_50,2020,0.22050484506780607
India,town,31_50,2025,0.22066879130382402
India,town,31_50,2030,0.22069429747505032
India,town,31_50,2035,0.2206431939764626
India,town,31_50,2040,0.22053200904081421
India,town,31_50,2045,0.22036389958631483
India,town,31_50,2050,0.22014227458949762
India,town,31_50,2055,0.2198689358641151
India,town,31_50,2060,0.219549632194894
India,town,31_50,2065,0.21919662195339648
India,town,31_50,2070,0.2188147949832126
India,town,31_50,2075,0.21840809884533244
India,town,31_50,2080,0.21798862193111934
India,town,31_50,2085,0.21756083556456365
India,town,31_50,2090,0.2171326546967359
India,town,31_50,2095,0.2166988909484914
India,town,31_50,2100,0.2162565836453192
India,town,51+,2011,0.348270375274965
India,town,51+,2012,0.34836710576209884
India,town,51+,2013,0.3484792187918713
India,town,51+,2014,0.348604533118833
India,town,51+,2015,0.3487297563066242
India,town,51+,2016,0.34884547022284323
India,town,51+,2017,0.3489278841890395
India,town,51+,2018,0.3489977232566507
India,town,51+,2019,0.3490316714772541
India,town,51+,2020,0.3489417391995156
India,town,51+,2025,0.34920117878105283
India,town,51+,2030,0.349241541466713
India,town,51+,2035,0.34916067184377614
India,town,51+,2040,0.34898472530252894
India,town,51+,2045,0.3487186975632706
India,town,51+,2050,0.3483679832203921
India,town,51+,2055,0.3479354335855021
India,town,51+,2060,0.3474301459232898
India,town,51+,2065,0.3468715187077041
India,town,51+,2070,0.3462672899570466
India,town,51+,2075,0.3456237065580787
India,town,51+,2080,0.3449598979966181
India,town,51+,2085,0.3442829399973238
India,town,51+,2090,0.34360535771260886
India,town,51+,2095,0.34291894070137446
India,town,51+,2100,0.34221900379258635
India,rural,No_travel,2011,0.0
India,rural,No_travel,2012,0.0
India,rural,No_travel,2013,0.0
India,rural,No_travel,2014,0.0
India,rural,No_travel,2015,0.0
India,rural,No_travel,2016,0.0
India,rural,No_travel,2017,0.0
India,rural,No_travel,2018,0.0
India,rural,No_travel,2019,0.0
India,rural,No_travel,2020,0.0
India,rural,No_travel,2025,0.0
India,rural,No_travel,2030,0.0
India,rural,No_travel,2035,0.0
India,rural,No_travel,2040,0.0
India,rural,No_travel,2045,0.0
India,rural,No_travel,2050,0.0
India,rural,No_travel,2055,0.0
India,rural,No_travel,2060,0.0
India,rural,No_travel,2065,0.0
India,rural,No_travel,2070,0.0
India,rural,No_travel,2075,0.0
India,rural,No_travel,2080,0.0
India,rural,No_travel,2085,0.0
India,rural,No_travel,2090,0.0
India,rural,No_travel,2095,0.0
India,rural,No_travel,2100,0.0
India,rural,00_01,2011,0.00655493527007502
India,rural,00_01,2012,0.006556755873051385
India,rural,00_01,2013,0.006558865996981709
India,rural,00_01,2014,0.00656122458777772
India,rural,00_01,2015,0.006563581463207149
India,rural,00_01,2016,0.006565759360853665
India,rural,00_01,2017,0.006567310506894554
India,rural,00_01,2018,0.006568624975767056
India,rural,00_01,2019,0.006569263928731155
India,rural,00_01,2020,0.0065675712775580515
India,rural,00_01,2025,0.006572454293123556
India,rural,00_01,2030,0.006573213975286071
India,rural,00_01,2035,0.006571691895943986
India,rural,00_01,2040,0.006568380336102129
India,rural,00_01,2045,0.00656337332219948
India,rural,00_01,2050,0.006556772388042962
India,rural,00_01,2055,0.006548631199302576
India,rural,00_01,2060,0.0065391209792158
India,rural,00_01,2065,0.006528606834177264
India,rural,00_01,2070,0.006517234404507495
India,rural,00_01,2075,0.006505121265347156
India,rural,00_01,2080,0.006492627460358257
India,rural,00_01,2085,0.0064798861645692304
India,rural,00_01,2090,0.006467133118855969
India,rural,00_01,2095,0.006454213791240558
India,rural,00_01,2100,0.006441040000255263
India,rural,02_05,2011,0.00730673155418235
India,rural,02_05,2012,0.007308760965102053
India,rural,02_05,2013,0.007311113102609089
India,rural,02_05,2014,0.007313742204054422
India,rural,02_05,2015,0.007316369393394964
India,rural,02_05,2016,0.007318797077696932
India,rural,02_05,2017,0.007320526127222998
India,rural,02_05,2018,0.007321991354687797
India,rural,02_05,2019,0.007322703590216001
India,rural,02_05,2020,0.007320816806101869
India,rural,02_05,2025,0.007326259862736603
India,rural,02_05,2030,0.00732710667409313
India,rural,02_05,2035,0.007325410024973259
India,rural,02_05,2040,0.007321718656898196
India,rural,02_05,2045,0.007316137380353523
India,rural,02_05,2050,0.007308779374225119
India,rural,02_05,2055,0.007299704459186752
India,rural,02_05,2060,0.0072891034963500165
India,rural,02_05,2065,0.007277383466761159
India,rural,02_05,2070,0.007264706714468094
India,rural,02_05,2075,0.0072512042994973295
India,rural,02_05,2080,0.0072372775595093775
India,rural,02_05,2085,0.00722307494359525
India,rural,02_05,2090,0.007208859230138792
India,rural,02_05,2095,0.007194458163635923
India,rural,02_05,2100,0.007179773448941654
India,rural,06_10,2011,0.0108391350200286
India,rural,06_10,2012,0.010842145539685258
India,rural,06_10,2013,0.01084563480651207
India,rural,06_10,2014,0.010849534934132196
India,rural,06_10,2015,0.010853432225249867
India,rural,06_10,2016,0.010857033561598398
India,rural,06_10,2017,0.010859598511621587
India,rural,06_10,2018,0.01086177209610437
India,rural,06_10,2019,0.01086282865839888
India,rural,06_10,2020,0.010860029717776104
India,rural,06_10,2025,0.010868104193394656
India,rural,06_10,2030,0.01086936039154041
India,rural,06_10,2035,0.010866843505740579
India,rural,06_10,2040,0.010861367563908375
India,rural,06_10,2045,0.010853088046643615
India,rural,06_10,2050,0.010842172848608412
India,rural,06_10,2055,0.010828710710487317
India,rural,06_10,2060,0.010812984764258472
India,rural,06_10,2065,0.010795598743955094
India,rural,06_10,2070,0.010776793478057328
India,rural,06_10,2075,0.010756763386917494
India,rural,06_10,2080,0.010736103832915974
India,rural,06_10,2085,0.010715035032127375
India,rural,06_10,2090,0.010693946801853966
India,rural,06_10,2095,0.010672583610514652
India,rural,06_10,2100,0.010650799642659603
India,rural,11_20,2011,0.028747777175391
India,rural,11_20,2012,0.028755761737638063
India,rural,11_20,2013,0.028765016042991517
India,rural,11_20,2014,0.02877536004180432
India,rural,11_20,2015,0.02878569651758688
India,rural,11_20,2016,0.02879524805603436
India,rural,11_20,2017,0.02880205086932125
India,rural,11_20,2018,0.028807815694860135
India,rural,11_20,2019,0.028810617931141758
India,rural,11_20,2020,0.02880319452316667
India,rural,11_20,2025,0.028824609813728263
India,rural,11_20,2030,0.02882794152832685
India,rural,11_20,2035,0.028821266191963225
India,rural,11_20,2040,0.028806742786236964
India,rural,11_20,2045,0.028784783679997643
India,rural,11_20,2050,0.028755834166926585
India,rural,11_20,2055,0.028720129606895323
India,rural,11_20,2060,0.02867842092836852
India,rural,11_20,2065,0.02863230936718538
India,rural,11_20,2070,0.028582433653601778
India,rural,11_20,2075,0.028529309433280994
India,rural,11_20,2080,0.028474515738592145
India,rural,11_20,2085,0.028418636631144533
India,rural,11_20,2090,0.02836270599241708
India,rural,11_20,2095,0.028306046096286713
India,rural,11_20,2100,0.02824827020801374
India,rural,21_30,2011,0.0506671000095679
India,rural,21_30,2012,0.050681172562427775
India,rural,21_30,2013,0.05069748299964878
India,rural,21_30,2014,0.0507157139890971
India,rural,21_30,2015,0.05073393171942895
India,rural,21_30,2016,0.05075076602111465
India,rural,21_30,2017,0.0507627557766721
India,rural,21_30,2018,0.05077291610977662
India,rural,21_30,2019,0.05077785496765997
India,rural,21_30,2020,0.05076477143247077
India,rural,21_30,2025,0.05080251524347912
India,rural,21_30,2030,0.05080838729110701
India,rural,21_30,2035,0.05079662220982543
India,rural,21_30,2040,0.05077102514032254
India,rural,21_30,2045,0.05073232287039884
India,rural,21_30,2050,0.05068130021688894
India,rural,21_30,2055,0.05061837199454798
India,rural,21_30,2060,0.05054486169240213
India,rural,21_30,2065,0.05046359144086897
India,rural,21_30,2070,0.05037568698297745
India,rural,21_30,2075,0.0502820571288325
India,rural,21_30,2080,0.050185484875897746
India,rural,21_30,2085,0.05008699961534282
India,rural,21_30,2090,0.04998842353244383
India,rural,21_30,2095,0.04988856215511875
India,rural,21_30,2100,0.04978673387492134
India,rural,31_50,2011,0.146019170162595
India,rural,31_50,2012,0.14605972631225186
India,rural,31_50,2013,0.1461067318939321
India,rural,31_50,2014,0.14615927237779605
India,rural,31_50,2015,0.14621177464977927
India,rural,31_50,2016,0.14626028997356824
India,rural,31_50,2017,0.14629484364166098
India,rural,31_50,2018,0.1463241250374428
India,rural,31_50,2019,0.14633835849326604
India,rural,31_50,2020,0.1463006526259328
India,rural,31_50,2025,0.14640942774748453
India,rural,31_50,2030,0.1464263505933079
India,rural,31_50,2035,0.14639244442134802
India,rural,31_50,2040,0.14631867539081936
India,rural,31_50,2045,0.14620713805521893
India,rural,31_50,2050,0.14606009420381236
India,rural,31_50,2055,0.14587873930478915
India,rural,31_50,2060,0.14566688756439525
India,rural,31_50,2065,0.1454326721724439
India,rural,31_50,2070,0.14517933744453393
India,rural,31_50,2075,0.1449095025101858
India,rural,31_50,2080,0.1446311877806749
India,rural,31_50,2085,0.14434735989202996
India,rural,31_50,2090,0.1440632702595057
India,rural,31_50,2095,0.14377547649500075
India,rural,31_50,2100,0.14348201424887452
India,rural,51+,2011,0.341872099941918
India,rural,51+,2012,0.34196705333764893
India,rural,51+,2013,0.34207710667448216
India,rural,51+,2014,0.34220011877988266
India,rural,51+,2015,0.34232304142048275
India,rural,51+,2016,0.342436629489807
India,rural,51+,2017,0.3425175293816391
India,rural,51+,2018,0.342586085395579
India,rural,51+,2019,0.3426194099339002
India,rural,51+,2020,0.34253112985375056
India,rural,51+,2025,0.3427858031215476
India,rural,51+,2030,0.3428254242810994
India,rural,51+,2035,0.34274604036050865
India,rural,51+,2040,0.3425733262343468
India,rural,51+,2045,0.3423121858436625
India,rural,51+,2050,0.3419679146756513
India,rural,51+,2055,0.34154331165883656
India,rural,51+,2060,0.3410473069268266
India,rural,51+,2065,0.3404989425730506
India,rural,51+,2070,0.3399058144562262
India,rural,51+,2075,0.33927405469796595
India,rural,51+,2080,0.3386224413453034
India,rural,51+,2085,0.3379579201306911
India,rural,51+,2090,0.3372927860997645
India,rural,51+,2095,0.3366189796501597
India,rural,51+,2100,0.3359319016848136
Maldives,large_city,No_travel,2011,0.0
Maldives,large_city,No_travel,2012,0.0
Maldives,large_city,No_travel,2013,0.0
Maldives,large_city,No_travel,2014,0.0
Maldives,large_city,No_travel,2015,0.0
Maldives,large_city,No_travel,2016,0.0
Maldives,large_city,No_travel,2017,0.0
Maldives,large_city,No_travel,2018,0.0
Maldives,large_city,No_travel,2019,0.0
Maldives,large_city,No_travel,2020,0.0
Maldives,large_city,No_travel,2025,0.0
Maldives,large_city,No_travel,2030,0.0
Maldives,large_city,No_travel,2035,0.0
Maldives,large_city,No_travel,2040,0.0
Maldives,large_city,No_travel,2045,0.0
Maldives,large_city,No_travel,2050,0.0
Maldives,large_city,No_travel,2055,0.0
Maldives,large_city,No_travel,2060,0.0
Maldives,large_city,No_travel,2065,0.0
Maldives,large_city,No_travel,2070,0.0
Maldives,large_city,No_travel,2075,0.0
Maldives,large_city,No_travel,2080,0.0
Maldives,large_city,No_travel,2085,0.0
Maldives,large_city,No_travel,2090,0.0
Maldives,large_city,No_travel,2095,0.0
Maldives,large_city,No_travel,2100,0.0
Maldives,large_city,00_01,2011,0.0
Maldives,large_city,00_01,2012,0.0
Maldives,large_city,00_01,2013,0.0
Maldives,large_city,00_01,2014,0.0
Maldives,large_city,00_01,2015,0.0
Maldives,large_city,00_01,2016,0.0
Maldives,large_city,00_01,2017,0.0
Maldives,large_city,00_01,2018,0.0
Maldives,large_city,00_01,2019,0.0
Maldives,large_city,00_01,2020,0.0
Maldives,large_city,00_01,2025,0.0
Maldives,large_city,00_01,2030,0.0
Maldives,large_city,00_01,2035,0.0
Maldives,large_city,00_01,2040,0.0
Maldives,large_city,00_01,2045,0.0
Maldives,large_city,00_01,2050,0.0
Maldives,large_city,00_01,2055,0.0
Maldives,large_city,00_01,2060,0.0
Maldives,large_city,00_01,2065,0.0
Maldives,large_city,00_01,2070,0.0
Maldives,large_city,00_01,2075,0.0
Maldives,large_city,00_01,2080,0.0
Maldives,large_city,00_01,2085,0.0
Maldives,large_city,00_01,2090,0.0
Maldives,large_city,00_01,2095,0.0
Maldives,large_city,00_01,2100,0.0
Maldives,large_city,02_05,2011,0.0
Maldives,large_city,02_05,2012,0.0
Maldives,large_city,02_05,2013,0.0
Maldives,large_city,02_05,2014,0.0
Maldives,large_city,02_05,2015,0.0
Maldives,large_city,02_05,2016,0.0
Maldives,large_city,02_05,2017,0.0
Maldives,large_city,02_05,2018,0.0
Maldives,large_city,02_05,2019,0.0
Maldives,large_city,02_05,2020,0.0
Maldives,large_city,02_05,2025,0.0
Maldives,large_city,02_05,2030,0.0
Maldives,large_city,02_05,2035,0.0
Maldives,large_city,02_05,2040,0.0
Maldives,large_city,02_05,2045,0.0
Maldives,large_city,02_05,2050,0.0
Maldives,large_city,02_05,2055,0.0
Maldives,large_city,02_05,2060,0.0
Maldives,large_city,02_05,2065,0.0
Maldives,large_city,02_05,2070,0.0
Maldives,large_city,02_05,2075,0.0
Maldives,large_city,02_05,2080,0.0
Maldives,large_city,02_05,2085,0.0
Maldives,large_city,02_05,2090,0.0
Maldives,large_city,02_05,2095,0.0
Maldives,large_city,02_05,2100,0.0
Maldives,large_city,06_10,2011,0.0
Maldives,large_city,06_10,2012,0.0
Maldives,large_city,06_10,2013,0.0
Maldives,large_city,06_10,2014,0.0
Maldives,large_city,06_10,2015,0.0
Maldives,large_city,06_10,2016,0.0
Maldives,large_city,06_10,2017,0.0
Maldives,large_city,06_10,2018,0.0
Maldives,large_city,06_10,2019,0.0
Maldives,large_city,06_10,2020,0.0
Maldives,large_city,06_10,2025,0.0
Maldives,large_city,06_10,2030,0.0
Maldives,large_city,06_10,2035,0.0
Maldives,large_city,06_10,2040,0.0
Maldives,large_city,06_10,2045,0.0
Maldives,large_city,06_10,2050,0.0
Maldives,large_city,06_10,2055,0.0
Maldives,large_city,06_10,2060,0.0
Maldives,large_city,06_10,2065,0.0
Maldives,large_city,06_10,2070,0.0
Maldives,large_city,06_10,2075,0.0
Maldives,large_city,06_10,2080,0.0
Maldives,large_city,06_10,2085,0.0
Maldives,large_city,06_10,2090,0.0
Maldives,large_city,06_10,2095,0.0
Maldives,large_city,06_10,2100,0.0
Maldives,large_city,11_20,2011,0.0
Maldives,large_city,11_20,2012,0.0
Maldives,large_city,11_20,2013,0.0
Maldives,large_city,11_20,2014,0.0
Maldives,large_city,11_20,2015,0.0
Maldives,large_city,11_20,2016,0.0
Maldives,large_city,11_20,2017,0.0
Maldives,large_city,11_20,2018,0.0
Maldives,large_city,11_20,2019,0.0
Maldives,large_city,11_20,2020,0.0
Maldives,large_city,11_20,2025,0.0
Maldives,large_city,11_20,2030,0.0
Maldives,large_city,11_20,2035,0.0
Maldives,large_city,11_20,2040,0.0
Maldives,large_city,11_20,2045,0.0
Maldives,large_city,11_20,2050,0.0
Maldives,large_city,11_20,2055,0.0
Maldives,large_city,11_20,2060,0.0
Maldives,large_city,11_20,2065,0.0
Maldives,large_city,11_20,2070,0.0
Maldives,large_city,11_20,2075,0.0
Maldives,large_city,11_20,2080,0.0
Maldives,large_city,11_20,2085,0.0
Maldives,large_city,11_20,2090,0.0
Maldives,large_city,11_20,2095,0.0
Maldives,large_city,11_20,2100,0.0
Maldives,large_city,21_30,2011,0.0
Maldives,large_city,21_30,2012,0.0
Maldives,large_city,21_30,2013,0.0
Maldives,large_city,21_30,2014,0.0
Maldives,large_city,21_30,2015,0.0
Maldives,large_city,21_30,2016,0.0
Maldives,large_city,21_30,2017,0.0
Maldives,large_city,21_30,2018,0.0
Maldives,large_city,21_30,2019,0.0
Maldives,large_city,21_30,2020,0.0
Maldives,large_city,21_30,2025,0.0
Maldives,large_city,21_30,2030,0.0
Maldives,large_city,21_30,2035,0.0
Maldives,large_city,21_30,2040,0.0
Maldives,large_city,21_30,2045,0.0
Maldives,large_city,21_30,2050,0.0
Maldives,large_city,21_30,2055,0.0
Maldives,large_city,21_30,2060,0.0
Maldives,large_city,21_30,2065,0.0
Maldives,large_city,21_30,2070,0.0
Maldives,large_city,21_30,2075,0.0
Maldives,large_city,21_30,2080,0.0
Maldives,large_city,21_30,2085,0.0
Maldives,large_city,21_30,2090,0.0
Maldives,large_city,21_30,2095,0.0
Maldives,large_city,21_30,2100,0.0
Maldives,large_city,31_50,2011,0.0
Maldives,large_city,31_50,2012,0.0
Maldives,large_city,31_50,2013,0.0
Maldives,large_city,31_50,2014,0.0
Maldives,large_city,31_50,2015,0.0
Maldives,large_city,31_50,2016,0.0
Maldives,large_city,31_50,2017,0.0
Maldives,large_city,31_50,2018,0.0
Maldives,large_city,31_50,2019,0.0
Maldives,large_city,31_50,2020,0.0
Maldives,large_city,31_50,2025,0.0
Maldives,large_city,31_50,2030,0.0
Maldives,large_city,31_50,2035,0.0
Maldives,large_city,31_50,2040,0.0
Maldives,large_city,31_50,2045,0.0
Maldives,large_city,31_50,2050,0.0
Maldives,large_city,31_50,2055,0.0
Maldives,large_city,31_50,2060,0.0
Maldives,large_city,31_50,2065,0.0
Maldives,large_city,31_50,2070,0.0
Maldives,large_city,31_50,2075,0.0
Maldives,large_city,31_50,2080,0.0
Maldives,large_city,31_50,2085,0.0
Maldives,large_city,31_50,2090,0.0
Maldives,large_city,31_50,2095,0.0
Maldives,large_city,31_50,2100,0.0
Maldives,large_city,51+,2011,0.0
Maldives,large_city,51+,2012,0.0
Maldives,large_city,51+,2013,0.0
Maldives,large_city,51+,2014,0.0
Maldives,large_city,51+,2015,0.0
Maldives,large_city,51+,2016,0.0
Maldives,large_city,51+,2017,0.0
Maldives,large_city,51+,2018,0.0
Maldives,large_city,51+,2019,0.0
Maldives,large_city,51+,2020,0.0
Maldives,large_city,51+,2025,0.0
Maldives,large_city,51+,2030,0.0
Maldives,large_city,51+,2035,0.0
Maldives,large_city,51+,2040,0.0
Maldives,large_city,51+,2045,0.0
Maldives,large_city,51+,2050,0.0
Maldives,large_city,51+,2055,0.0
Maldives,large_city,51+,2060,0.0
Maldives,large_city,51+,2065,0.0
Maldives,large_city,51+,2070,0.0
Maldives,large_city,51+,2075,0.0
Maldives,large_city,51+,2080,0.0
Maldives,large_city,51+,2085,0.0
Maldives,large_city,51+,2090,0.0
Maldives,large_city,51+,2095,0.0
Maldives,large_city,51+,2100,0.0
Maldives,city,No_travel,2011,0.0
Maldives,city,No_travel,2012,0.0
Maldives,city,No_travel,2013,0.0
Maldives,city,No_travel,2014,0.0
Maldives,city,No_travel,2015,0.0
Maldives,city,No_travel,2016,0.0
Maldives,city,No_travel,2017,0.0
Maldives,city,No_travel,2018,0.0
Maldives,city,No_travel,2019,0.0
Maldives,city,No_travel,2020,0.0
Maldives,city,No_travel,2025,0.0
Maldives,city,No_travel,2030,0.0
Maldives,city,No_travel,2035,0.0
Maldives,city,No_travel,2040,0.0
Maldives,city,No_travel,2045,0.0
Maldives,city,No_travel,2050,0.0
Maldives,city,No_travel,2055,0.0
Maldives,city,No_travel,2060,0.0
Maldives,city,No_travel,2065,0.0
Maldives,city,No_travel,2070,0.0
Maldives,city,No_travel,2075,0.0
Maldives,city,No_travel,2080,0.0
Maldives,city,No_travel,2085,0.0
Maldives,city,No_travel,2090,0.0
Maldives,city,No_travel,2095,0.0
Maldives,city,No_travel,2100,0.0
Maldives,city,00_01,2011,0.0
Maldives,city,00_01,2012,0.0
Maldives,city,00_01,2013,0.0
Maldives,city,00_01,2014,0.0
Maldives,city,00_01,2015,0.0
Maldives,city,00_01,2016,0.0
Maldives,city,00_01,2017,0.0
Maldives,city,00_01,2018,0.0
Maldives,city,00_01,2019,0.0
Maldives,city,00_01,2020,0.0
Maldives,city,00_01,2025,0.0
Maldives,city,00_01,2030,0.0
Maldives,city,00_01,2035,0.0
Maldives,city,00_01,2040,0.0
Maldives,city,00_01,2045,0.0
Maldives,city,00_01,2050,0.0
Maldives,city,00_01,2055,0.0
Maldives,city,00_01,2060,0.0
Maldives,city,00_01,2065,0.0
Maldives,city,00_01,2070,0.0
Maldives,city,00_01,2075,0.0
Maldives,city,00_01,2080,0.0
Maldives,city,00_01,2085,0.0
Maldives,city,00_01,2090,0.0
Maldives,city,00_01,2095,0.0
Maldives,city,00_01,2100,0.0
Maldives,city,02_05,2011,0.0
Maldives,city,02_05,2012,0.0
Maldives,city,02_05,2013,0.0
Maldives,city,02_05,2014,0.0
Maldives,city,02_05,2015,0.0
Maldives,city,02_05,2016,0.0
Maldives,city,02_05,2017,0.0
Maldives,city,02_05,2018,0.0
Maldives,city,02_05,2019,0.0
Maldives,city,02_05,2020,0.0
Maldives,city,02_05,2025,0.0
Maldives,city,02_05,2030,0.0
Maldives,city,02_05,2035,0.0
Maldives,city,02_05,2040,0.0
Maldives,city,02_05,2045,0.0
Maldives,city,02_05,2050,0.0
Maldives,city,02_05,2055,0.0
Maldives,city,02_05,2060,0.0
Maldives,city,02_05,2065,0.0
Maldives,city,02_05,2070,0.0
Maldives,city,02_05,2075,0.0
Maldives,city,02_05,2080,0.0
Maldives,city,02_05,2085,0.0
Maldives,city,02_05,2090,0.0
Maldives,city,02_05,2095,0.0
Maldives,city,02_05,2100,0.0
Maldives,city,06_10,2011,0.0
Maldives,city,06_10,2012,0.0
Maldives,city,06_10,2013,0.0
Maldives,city,06_10,2014,0.0
Maldives,city,06_10,2015,0.0
Maldives,city,06_10,2016,0.0
Maldives,city,06_10,2017,0.0
Maldives,city,06_10,2018,0.0
Maldives,city,06_10,2019,0.0
Maldives,city,06_10,2020,0.0
Maldives,city,06_10,2025,0.0
Maldives,city,06_10,2030,0.0
Maldives,city,06_10,2035,0.0
Maldives,city,06_10,2040,0.0
Maldives,city,06_10,2045,0.0
Maldives,city,06_10,2050,0.0
Maldives,city,06_10,2055,0.0
Maldives,city,06_10,2060,0.0
Maldives,city,06_10,2065,0.0
Maldives,city,06_10,2070,0.0
Maldives,city,06_10,2075,0.0
Maldives,city,06_10,2080,0.0
Maldives,city,06_10,2085,0.0
Maldives,city,06_10,2090,0.0
Maldives,city,06_10,2095,0.0
Maldives,city,06_10,2100,0.0
Maldives,city,11_20,2011,0.0
Maldives,city,11_20,2012,0.0
Maldives,city,11_20,2013,0.0
Maldives,city,11_20,2014,0.0
Maldives,city,11_20,2015,0.0
Maldives,city,11_20,2016,0.0
Maldives,city,11_20,2017,0.0
Maldives,city,11_20,2018,0.0
Maldives,city,11_20,2019,0.0
Maldives,city,11_20,2020,0.0
Maldives,city,11_20,2025,0.0
Maldives,city,11_20,2030,0.0
Maldives,city,11_20,2035,0.0
Maldives,city,11_20,2040,0.0
Maldives,city,11_20,2045,0.0
Maldives,city,11_20,2050,0.0
Maldives,city,11_20,2055,0.0
Maldives,city,11_20,2060,0.0
Maldives,city,11_20,2065,0.0
Maldives,city,11_20,2070,0.0
Maldives,city,11_20,2075,0.0
Maldives,city,11_20,2080,0.0
Maldives,city,11_20,2085,0.0
Maldives,city,11_20,2090,0.0
Maldives,city,11_20,2095,0.0
Maldives,city,11_20,2100,0.0
Maldives,city,21_30,2011,0.0
Maldives,city,21_30,2012,0.0
Maldives,city,21_30,2013,0.0
Maldives,city,21_30,2014,0.0
Maldives,city,21_30,2015,0.0
Maldives,city,21_30,2016,0.0
Maldives,city,21_30,2017,0.0
Maldives,city,21_30,2018,0.0
Maldives,city,21_30,2019,0.0
Maldives,city,21_30,2020,0.0
Maldives,city,21_30,2025,0.0
Maldives,city,21_30,2030,0.0
Maldives,city,21_30,2035,0.0
Maldives,city,21_30,2040,0.0
Maldives,city,21_30,2045,0.0
Maldives,city,21_30,2050,0.0
Maldives,city,21_30,2055,0.0
Maldives,city,21_30,2060,0.0
Maldives,city,21_30,2065,0.0
Maldives,city,21_30,2070,0.0
Maldives,city,21_30,2075,0.0
Maldives,city,21_30,2080,0.0
Maldives,city,21_30,2085,0.0
Maldives,city,21_30,2090,0.0
Maldives,city,21_30,2095,0.0
Maldives,city,21_30,2100,0.0
Maldives,city,31_50,2011,0.0
Maldives,city,31_50,2012,0.0
Maldives,city,31_50,2013,0.0
Maldives,city,31_50,2014,0.0
Maldives,city,31_50,2015,0.0
Maldives,city,31_50,2016,0.0
Maldives,city,31_50,2017,0.0
Maldives,city,31_50,2018,0.0
Maldives,city,31_50,2019,0.0
Maldives,city,31_50,2020,0.0
Maldives,city,31_50,2025,0.0
Maldives,city,31_50,2030,0.0
Maldives,city,31_50,2035,0.0
Maldives,city,31_50,2040,0.0
Maldives,city,31_50,2045,0.0
Maldives,city,31_50,2050,0.0
Maldives,city,31_50,2055,0.0
Maldives,city,31_50,2060,0.0
Maldives,city,31_50,2065,0.0
Maldives,city,31_50,2070,0.0
Maldives,city,31_50,2075,0.0
Maldives,city,31_50,2080,0.0
Maldives,city,31_50,2085,0.0
Maldives,city,31_50,2090,0.0
Maldives,city,31_50,2095,0.0
Maldives,city,31_50,2100,0.0
Maldives,city,51+,2011,0.0
Maldives,city,51+,2012,0.0
Maldives,city,51+,2013,0.0
Maldives,city,51+,2014,0.0
Maldives,city,51+,2015,0.0
Maldives,city,51+,2016,0.0
Maldives,city,51+,2017,0.0
Maldives,city,51+,2018,0.0
Maldives,city,51+,2019,0.0
Maldives,city,51+,2020,0.0
Maldives,city,51+,2025,0.0
Maldives,city,51+,2030,0.0
Maldives,city,51+,2035,0.0
Maldives,city,51+,2040,0.0
Maldives,city,51+,2045,0.0
Maldives,city,51+,2050,0.0
Maldives,city,51+,2055,0.0
Maldives,city,51+,2060,0.0
Maldives,city,51+,2065,0.0
Maldives,city,51+,2070,0.0
Maldives,city,51+,2075,0.0
Maldives,city,51+,2080,0.0
Maldives,city,51+,2085,0.0
Maldives,city,51+,2090,0.0
Maldives,city,51+,2095,0.0
Maldives,city,51+,2100,0.0
Maldives,town,No_travel,2011,0.0
Maldives,town,No_travel,2012,0.0
Maldives,town,No_travel,2013,0.0
Maldives,town,No_travel,2014,0.0
Maldives,town,No_travel,2015,0.0
Maldives,town,No_travel,2016,0.0
Maldives,town,No_travel,2017,0.0
Maldives,town,No_travel,2018,0.0
Maldives,town,No_travel,2019,0.0
Maldives,town,No_travel,2020,0.0
Maldives,town,No_travel,2025,0.0
Maldives,town,No_travel,2030,0.0
Maldives,town,No_travel,2035,0.0
Maldives,town,No_travel,2040,0.0
Maldives,town,No_travel,2045,0.0
Maldives,town,No_travel,2050,0.0
Maldives,town,No_travel,2055,0.0
Maldives,town,No_travel,2060,0.0
Maldives,town,No_travel,2065,0.0
Maldives,town,No_travel,2070,0.0
Maldives,town,No_travel,2075,0.0
Maldives,town,No_travel,2080,0.0
Maldives,town,No_travel,2085,0.0
Maldives,town,No_travel,2090,0.0
Maldives,town,No_travel,2095,0.0
Maldives,town,No_travel,2100,0.0
Maldives,town,00_01,2011,0.0
Maldives,town,00_01,2012,0.0
Maldives,town,00_01,2013,0.0
Maldives,town,00_01,2014,0.0
Maldives,town,00_01,2015,0.0
Maldives,town,00_01,2016,0.0
Maldives,town,00_01,2017,0.0
Maldives,town,00_01,2018,0.0
Maldives,town,00_01,2019,0.0
Maldives,town,00_01,2020,0.0
Maldives,town,00_01,2025,0.0
Maldives,town,00_01,2030,0.0
Maldives,town,00_01,2035,0.0
Maldives,town,00_01,2040,0.0
Maldives,town,00_01,2045,0.0
Maldives,town,00_01,2050,0.0
Maldives,town,00_01,2055,0.0
Maldives,town,00_01,2060,0.0
Maldives,town,00_01,2065,0.0
Maldives,town,00_01,2070,0.0
Maldives,town,00_01,2075,0.0
Maldives,town,00_01,2080,0.0
Maldives,town,00_01,2085,0.0
Maldives,town,00_01,2090,0.0
Maldives,town,00_01,2095,0.0
Maldives,town,00_01,2100,0.0
Maldives,town,02_05,2011,0.0
Maldives,town,02_05,2012,0.0
Maldives,town,02_05,2013,0.0
Maldives,town,02_05,2014,0.0
Maldives,town,02_05,2015,0.0
Maldives,town,02_05,2016,0.0
Maldives,town,02_05,2017,0.0
Maldives,town,02_05,2018,0.0
Maldives,town,02_05,2019,0.0
Maldives,town,02_05,2020,0.0
Maldives,town,02_05,2025,0.0
Maldives,town,02_05,2030,0.0
Maldives,town,02_05,2035,0.0
Maldives,town,02_05,2040,0.0
Maldives,town,02_05,2045,0.0
Maldives,town,02_05,2050,0.0
Maldives,town,02_05,2055,0.0
Maldives,town,02_05,2060,0.0
Maldives,town,02_05,2065,0.0
Maldives,town,02_05,2070,0.0
Maldives,town,02_05,2075,0.0
Maldives,town,02_05,2080,0.0
Maldives,town,02_05,2085,0.0
Maldives,town,02_05,2090,0.0
Maldives,town,02_05,2095,0.0
Maldives,town,02_05,2100,0.0
Maldives,town,06_10,2011,0.0
Maldives,town,06_10,2012,0.0
Maldives,town,06_10,2013,0.0
Maldives,town,06_10,2014,0.0
Maldives,town,06_10,2015,0.0
Maldives,town,06_10,2016,0.0
Maldives,town,06_10,2017,0.0
Maldives,town,06_10,2018,0.0
Maldives,town,06_10,2019,0.0
Maldives,town,06_10,2020,0.0
Maldives,town,06_10,2025,0.0
Maldives,town,06_10,2030,0.0
Maldives,town,06_10,2035,0.0
Maldives,town,06_10,2040,0.0
Maldives,town,06_10,2045,0.0
Maldives,town,06_10,2050,0.0
Maldives,town,06_10,2055,0.0
Maldives,town,06_10,2060,0.0
Maldives,town,06_10,2065,0.0
Maldives,town,06_10,2070,0.0
Maldives,town,06_10,2075,0.0
Maldives,town,06_10,2080,0.0
Maldives,town,06_10,2085,0.0
Maldives,town,06_10,2090,0.0
Maldives,town,06_10,2095,0.0
Maldives,town,06_10,2100,0.0
Maldives,town,11_20,2011,0.0
Maldives,town,11_20,2012,0.0
Maldives,town,11_20,2013,0.0
Maldives,town,11_20,2014,0.0
Maldives,town,11_20,2015,0.0
Maldives,town,11_20,2016,0.0
Maldives,town,11_20,2017,0.0
Maldives,town,11_20,2018,0.0
Maldives,town,11_20,2019,0.0
Maldives,town,11_20,2020,0.0
Maldives,town,11_20,2025,0.0
Maldives,town,11_20,2030,0.0
Maldives,town,11_20,2035,0.0
Maldives,town,11_20,2040,0.0
Maldives,town,11_20,2045,0.0
Maldives,town,11_20,2050,0.0
Maldives,town,11_20,2055,0.0
Maldives,town,11_20,2060,0.0
Maldives,town,11_20,2065,0.0
Maldives,town,11_20,2070,0.0
Maldives,town,11_20,2075,0.0
Maldives,town,11_20,2080,0.0
Maldives,town,11_20,2085,0.0
Maldives,town,11_20,2090,0.0
Maldives,town,11_20,2095,0.0
Maldives,town,11_20,2100,0.0
Maldives,town,21_30,2011,0.0
Maldives,town,21_30,2012,0.0
Maldives,town,21_30,2013,0.0
Maldives,town,21_30,2014,0.0
Maldives,town,21_30,2015,0.0
Maldives,town,21_30,2016,0.0
Maldives,town,21_30,2017,0.0
Maldives,town,21_30,2018,0.0
Maldives,town,21_30,2019,0.0
Maldives,town,21_30,2020,0.0
Maldives,town,21_30,2025,0.0
Maldives,town,21_30,2030,0.0
Maldives,town,21_30,2035,0.0
Maldives,town,21_30,2040,0.0
Maldives,town,21_30,2045,0.0
Maldives,town,21_30,2050,0.0
Maldives,town,21_30,2055,0.0
Maldives,town,21_30,2060,0.0
Maldives,town,21_30,2065,0.0
Maldives,town,21_30,2070,0.0
Maldives,town,21_30,2075,0.0
Maldives,town,21_30,2080,0.0
Maldives,town,21_30,2085,0.0
Maldives,town,21_30,2090,0.0
Maldives,town,21_30,2095,0.0
Maldives,town,21_30,2100,0.0
Maldives,town,31_50,2011,0.0
Maldives,town,31_50,2012,0.0
Maldives,town,31_50,2013,0.0
Maldives,town,31_50,2014,0.0
Maldives,town,31_50,2015,0.0
Maldives,town,31_50,2016,0.0
Maldives,town,31_50,2017,0.0
Maldives,town,31_50,2018,0.0
Maldives,town,31_50,2019,0.0
Maldives,town,31_50,2020,0.0
Maldives,town,31_50,2025,0.0
Maldives,town,31_50,2030,0.0
Maldives,town,31_50,2035,0.0
Maldives,town,31_50,2040,0.0
Maldives,town,31_50,2045,0.0
Maldives,town,31_50,2050,0.0
Maldives,town,31_50,2055,0.0
Maldives,town,31_50,2060,0.0
Maldives,town,31_50,2065,0.0
Maldives,town,31_50,2070,0.0
Maldives,town,31_50,2075,0.0
Maldives,town,31_50,2080,0.0
Maldives,town,31_50,2085,0.0
Maldives,town,31_50,2090,0.0
Maldives,town,31_50,2095,0.0
Maldives,town,31_50,2100,0.0
Maldives,town,51+,2011,0.0
Maldives,town,51+,2012,0.0
Maldives,town,51+,2013,0.0
Maldives,town,51+,2014,0.0
Maldives,town,51+,2015,0.0
Maldives,town,51+,2016,0.0
Maldives,town,51+,2017,0.0
Maldives,town,51+,2018,0.0
Maldives,town,51+,2019,0.0
Maldives,town,51+,2020,0.0
Maldives,town,51+,2025,0.0
Maldives,town,51+,2030,0.0
Maldives,town,51+,2035,0.0
Maldives,town,51+,2040,0.0
Maldives,town,51+,2045,0.0
Maldives,town,51+,2050,0.0
Maldives,town,51+,2055,0.0
Maldives,town,51+,2060,0.0
Maldives,town,51+,2065,0.0
Maldives,town,51+,2070,0.0
Maldives,town,51+,2075,0.0
Maldives,town,51+,2080,0.0
Maldives,town,51+,2085,0.0
Maldives,town,51+,2090,0.0
Maldives,town,51+,2095,0.0
Maldives,town,51+,2100,0.0
Maldives,rural,No_travel,2011,0.0
Maldives,rural,No_travel,2012,0.0
Maldives,rural,No_travel,2013,0.0
Maldives,rural,No_travel,2014,0.0
Maldives,rural,No_travel,2015,0.0
Maldives,rural,No_travel,2016,0.0
Maldives,rural,No_travel,2017,0.0
Maldives,rural,No_travel,2018,0.0
Maldives,rural,No_travel,2019,0.0
Maldives,rural,No_travel,2020,0.0
Maldives,rural,No_travel,2025,0.0
Maldives,rural,No_travel,2030,0.0
Maldives,rural,No_travel,2035,0.0
Maldives,rural,No_travel,2040,0.0
Maldives,rural,No_travel,2045,0.0
Maldives,rural,No_travel,2050,0.0
Maldives,rural,No_travel,2055,0.0
Maldives,rural,No_travel,2060,0.0
Maldives,rural,No_travel,2065,0.0
Maldives,rural,No_travel,2070,0.0
Maldives,rural,No_travel,2075,0.0
Maldives,rural,No_travel,2080,0.0
Maldives,rural,No_travel,2085,0.0
Maldives,rural,No_travel,2090,0.0
Maldives,rural,No_travel,2095,0.0
Maldives,rural,No_travel,2100,0.0
Maldives,rural,00_01,2011,0.0
Maldives,rural,00_01,2012,0.0
Maldives,rural,00_01,2013,0.0
Maldives,rural,00_01,2014,0.0
Maldives,rural,00_01,2015,0.0
Maldives,rural,00_01,2016,0.0
Maldives,rural,00_01,2017,0.0
Maldives,rural,00_01,2018,0.0
Maldives,rural,00_01,2019,0.0
Maldives,rural,00_01,2020,0.0
Maldives,rural,00_01,2025,0.0
Maldives,rural,00_01,2030,0.0
Maldives,rural,00_01,2035,0.0
Maldives,rural,00_01,2040,0.0
Maldives,rural,00_01,2045,0.0
Maldives,rural,00_01,2050,0.0
Maldives,rural,00_01,2055,0.0
Maldives,rural,00_01,2060,0.0
Maldives,rural,00_01,2065,0.0
Maldives,rural,00_01,2070,0.0
Maldives,rural,00_01,2075,0.0
Maldives,rural,00_01,2080,0.0
Maldives,rural,00_01,2085,0.0
Maldives,rural,00_01,2090,0.0
Maldives,rural,00_01,2095,0.0
Maldives,rural,00_01,2100,0.0
Maldives,rural,02_05,2011,0.0
Maldives,rural,02_05,2012,0.0
Maldives,rural,02_05,2013,0.0
Maldives,rural,02_05,2014,0.0
Maldives,rural,02_05,2015,0.0
Maldives,rural,02_05,2016,0.0
Maldives,rural,02_05,2017,0.0
Maldives,rural,02_05,2018,0.0
Maldives,rural,02_05,2019,0.0
Maldives,rural,02_05,2020,0.0
Maldives,rural,02_05,2025,0.0
Maldives,rural,02_05,2030,0.0
Maldives,rural,02_05,2035,0.0
Maldives,rural,02_05,2040,0.0
Maldives,rural,02_05,2045,0.0
Maldives,rural,02_05,2050,0.0
Maldives,rural,02_05,2055,0.0
Maldives,rural,02_05,2060,0.0
Maldives,rural,02_05,2065,0.0
Maldives,rural,02_05,2070,0.0
Maldives,rural,02_05,2075,0.0
Maldives,rural,02_05,2080,0.0
Maldives,rural,02_05,2085,0.0
Maldives,rural,02_05,2090,0.0
Maldives,rural,02_05,2095,0.0
Maldives,rural,02_05,2100,0.0
Maldives,rural,06_10,2011,0.0
Maldives,rural,06_10,2012,0.0
Maldives,rural,06_10,2013,0.0
Maldives,rural,06_10,2014,0.0
Maldives,rural,06_10,2015,0.0
Maldives,rural,06_10,2016,0.0
Maldives,rural,06_10,2017,0.0
Maldives,rural,06_10,2018,0.0
Maldives,rural,06_10,2019,0.0
Maldives,rural,06_10,2020,0.0
Maldives,rural,06_10,2025,0.0
Maldives,rural,06_10,2030,0.0
Maldives,rural,06_10,2035,0.0
Maldives,rural,06_10,2040,0.0
Maldives,rural,06_10,2045,0.0
Maldives,rural,06_10,2050,0.0
Maldives,rural,06_10,2055,0.0
Maldives,rural,06_10,2060,0.0
Maldives,rural,06_10,2065,0.0
Maldives,rural,06_10,2070,0.0
Maldives,rural,06_10,2075,0.0
Maldives,rural,06_10,2080,0.0
Maldives,rural,06_10,2085,0.0
Maldives,rural,06_10,2090,0.0
Maldives,rural,06_10,2095,0.0
Maldives,rural,06_10,2100,0.0
Maldives,rural,11_20,2011,0.0
Maldives,rural,11_20,2012,0.0
Maldives,rural,11_20,2013,0.0
Maldives,rural,11_20,2014,0.0
Maldives,rural,11_20,2015,0.0
Maldives,rural,11_20,2016,0.0
Maldives,rural,11_20,2017,0.0
Maldives,rural,11_20,2018,0.0
Maldives,rural,11_20,2019,0.0
Maldives,rural,11_20,2020,0.0
Maldives,rural,11_20,2025,0.0
Maldives,rural,11_20,2030,0.0
Maldives,rural,11_20,2035,0.0
Maldives,rural,11_20,2040,0.0
Maldives,rural,11_20,2045,0.0
Maldives,rural,11_20,2050,0.0
Maldives,rural,11_20,2055,0.0
Maldives,rural,11_20,2060,0.0
Maldives,rural,11_20,2065,0.0
Maldives,rural,11_20,2070,0.0
Maldives,rural,11_20,2075,0.0
Maldives,rural,11_20,2080,0.0
Maldives,rural,11_20,2085,0.0
Maldives,rural,11_20,2090,0.0
Maldives,rural,11_20,2095,0.0
Maldives,rural,11_20,2100,0.0
Maldives,rural,21_30,2011,0.0
Maldives,rural,21_30,2012,0.0
Maldives,rural,21_30,2013,0.0
Maldives,rural,21_30,2014,0.0
Maldives,rural,21_30,2015,0.0
Maldives,rural,21_30,2016,0.0
Maldives,rural,21_30,2017,0.0
Maldives,rural,21_30,2018,0.0
Maldives,rural,21_30,2019,0.0
Maldives,rural,21_30,2020,0.0
Maldives,rural,21_30,2025,0.0
Maldives,rural,21_30,2030,0.0
Maldives,rural,21_30,2035,0.0
Maldives,rural,21_30,2040,0.0
Maldives,rural,21_30,2045,0.0
Maldives,rural,21_30,2050,0.0
Maldives,rural,21_30,2055,0.0
Maldives,rural,21_30,2060,0.0
Maldives,rural,21_30,2065,0.0
Maldives,rural,21_30,2070,0.0
Maldives,rural,21_30,2075,0.0
Maldives,rural,21_30,2080,0.0
Maldives,rural,21_30,2085,0.0
Maldives,rural,21_30,2090,0.0
Maldives,rural,21_30,2095,0.0
Maldives,rural,21_30,2100,0.0
Maldives,rural,31_50,2011,0.0
Maldives,rural,31_50,2012,0.0
Maldives,rural,31_50,2013,0.0
Maldives,rural,31_50,2014,0.0
Maldives,rural,31_50,2015,0.0
Maldives,rural,31_50,2016,0.0
Maldives,rural,31_50,2017,0.0
Maldives,rural,31_50,2018,0.0
Maldives,rural,31_50,2019,0.0
Maldives,rural,31_50,2020,0.0
Maldives,rural,31_50,2025,0.0
Maldives,rural,31_50,2030,0.0
Maldives,rural,31_50,2035,0.0
Maldives,rural,31_50,2040,0.0
Maldives,rural,31_50,2045,0.0
Maldives,rural,31_50,2050,0.0
Maldives,rural,31_50,2055,0.0
Maldives,rural,31_50,2060,0.0
Maldives,rural,31_50,2065,0.0
Maldives,rural,31_50,2070,0.0
Maldives,rural,31_50,2075,0.0
Maldives,rural,31_50,2080,0.0
Maldives,rural,31_50,2085,0.0
Maldives,rural,31_50,2090,0.0
Maldives,rural,31_50,2095,0.0
Maldives,rural,31_50,2100,0.0
Maldives,rural,51+,2011,0.0
Maldives,rural,51+,2012,0.0
Maldives,rural,51+,2013,0.0
Maldives,rural,51+,2014,0.0
Maldives,rural,51+,2015,0.0
Maldives,rural,51+,2016,0.0
Maldives,rural,51+,2017,0.0
Maldives,rural,51+,2018,0.0
Maldives,rural,51+,2019,0.0
Maldives,rural,51+,2020,0.0
Maldives,rural,51+,2025,0.0
Maldives,rural,51+,2030,0.0
Maldives,rural,51+,2035,0.0
Maldives,rural,51+,2040,0.0
Maldives,rural,51+,2045,0.0
Maldives,rural,51+,2050,0.0
Maldives,rural,51+,2055,0.0
Maldives,rural,51+,2060,0.0
Maldives,rural,51+,2065,0.0
Maldives,rural,51+,2070,0.0
Maldives,rural,51+,2075,0.0
Maldives,rural,51+,2080,0.0
Maldives,rural,51+,2085,0.0
Maldives,rural,51+,2090,0.0
Maldives,rural,51+,2095,0.0
Maldives,rural,51+,2100,0.0
Nepal,large_city,No_travel,2011,0.0
Nepal,large_city,No_travel,2012,0.0
Nepal,large_city,No_travel,2013,0.0
Nepal,large_city,No_travel,2014,0.0
Nepal,large_city,No_travel,2015,0.0
Nepal,large_city,No_travel,2016,0.0
Nepal,large_city,No_travel,2017,0.0
Nepal,large_city,No_travel,2018,0.0
Nepal,large_city,No_travel,2019,0.0
Nepal,large_city,No_travel,2020,0.0
Nepal,large_city,No_travel,2025,0.0
Nepal,large_city,No_travel,2030,0.0
Nepal,large_city,No_travel,2035,0.0
Nepal,large_city,No_travel,2040,0.0
Nepal,large_city,No_travel,2045,0.0
Nepal,large_city,No_travel,2050,0.0
Nepal,large_city,No_travel,2055,0.0
Nepal,large_city,No_travel,2060,0.0
Nepal,large_city,No_travel,2065,0.0
Nepal,large_city,No_travel,2070,0.0
Nepal,large_city,No_travel,2075,0.0
Nepal,large_city,No_travel,2080,0.0
Nepal,large_city,No_travel,2085,0.0
Nepal,large_city,No_travel,2090,0.0
Nepal,large_city,No_travel,2095,0.0
Nepal,large_city,No_travel,2100,0.0
Nepal,large_city,00_01,2011,0.0
Nepal,large_city,00_01,2012,0.0
Nepal,large_city,00_01,2013,0.0
Nepal,large_city,00_01,2014,0.0
Nepal,large_city,00_01,2015,0.0
Nepal,large_city,00_01,2016,0.0
Nepal,large_city,00_01,2017,0.0
Nepal,large_city,00_01,2018,0.0
Nepal,large_city,00_01,2019,0.0
Nepal,large_city,00_01,2020,0.0
Nepal,large_city,00_01,2025,0.0
Nepal,large_city,00_01,2030,0.0
Nepal,large_city,00_01,2035,0.0
Nepal,large_city,00_01,2040,0.0
Nepal,large_city,00_01,2045,0.0
Nepal,large_city,00_01,2050,0.0
Nepal,large_city,00_01,2055,0.0
Nepal,large_city,00_01,2060,0.0
Nepal,large_city,00_01,2065,0.0
Nepal,large_city,00_01,2070,0.0
Nepal,large_city,00_01,2075,0.0
Nepal,large_city,00_01,2080,0.0
Nepal,large_city,00_01,2085,0.0
Nepal,large_city,00_01,2090,0.0
Nepal,large_city,00_01,2095,0.0
Nepal,large_city,00_01,2100,0.0
Nepal,large_city,02_05,2011,0.0
Nepal,large_city,02_05,2012,0.0
Nepal,large_city,02_05,2013,0.0
Nepal,large_city,02_05,2014,0.0
Nepal,large_city,02_05,2015,0.0
Nepal,large_city,02_05,2016,0.0
Nepal,large_city,02_05,2017,0.0
Nepal,large_city,02_05,2018,0.0
Nepal,large_city,02_05,2019,0.0
Nepal,large_city,02_05,2020,0.0
Nepal,large_city,02_05,2025,0.0
Nepal,large_city,02_05,2030,0.0
Nepal,large_city,02_05,2035,0.0
Nepal,large_city,02_05,2040,0.0
Nepal,large_city,02_05,2045,0.0
Nepal,large_city,02_05,2050,0.0
Nepal,large_city,02_05,2055,0.0
Nepal,large_city,02_05,2060,0.0
Nepal,large_city,02_05,2065,0.0
Nepal,large_city,02_05,2070,0.0
Nepal,large_city,02_05,2075,0.0
Nepal,large_city,02_05,2080,0.0
Nepal,large_city,02_05,2085,0.0
Nepal,large_city,02_05,2090,0.0
Nepal,large_city,02_05,2095,0.0
Nepal,large_city,02_05,2100,0.0
Nepal,large_city,06_10,2011,0.0
Nepal,large_city,06_10,2012,0.0
Nepal,large_city,06_10,2013,0.0
Nepal,large_city,06_10,2014,0.0
Nepal,large_city,06_10,2015,0.0
Nepal,large_city,06_10,2016,0.0
Nepal,large_city,06_10,2017,0.0
Nepal,large_city,06_10,2018,0.0
Nepal,large_city,06_10,2019,0.0
Nepal,large_city,06_10,2020,0.0
Nepal,large_city,06_10,2025,0.0
Nepal,large_city,06_10,2030,0.0
Nepal,large_city,06_10,2035,0.0
Nepal,large_city,06_10,2040,0.0
Nepal,large_city,06_10,2045,0.0
Nepal,large_city,06_10,2050,0.0
Nepal,large_city,06_10,2055,0.0
Nepal,large_city,06_10,2060,0.0
Nepal,large_city,06_10,2065,0.0
Nepal,large_city,06_10,2070,0.0
Nepal,large_city,06_10,2075,0.0
Nepal,large_city,06_10,2080,0.0
Nepal,large_city,06_10,2085,0.0
Nepal,large_city,06_10,2090,0.0
Nepal,large_city,06_10,2095,0.0
Nepal,large_city,06_10,2100,0.0
Nepal,large_city,11_20,2011,0.0
Nepal,large_city,11_20,2012,0.0
Nepal,large_city,11_20,2013,0.0
Nepal,large_city,11_20,2014,0.0
Nepal,large_city,11_20,2015,0.0
Nepal,large_city,11_20,2016,0.0
Nepal,large_city,11_20,2017,0.0
Nepal,large_city,11_20,2018,0.0
Nepal,large_city,11_20,2019,0.0
Nepal,large_city,11_20,2020,0.0
Nepal,large_city,11_20,2025,0.0
Nepal,large_city,11_20,2030,0.0
Nepal,large_city,11_20,2035,0.0
Nepal,large_city,11_20,2040,0.0
Nepal,large_city,11_20,2045,0.0
Nepal,large_city,11_20,2050,0.0
Nepal,large_city,11_20,2055,0.0
Nepal,large_city,11_20,2060,0.0
Nepal,large_city,11_20,2065,0.0
Nepal,large_city,11_20,2070,0.0
Nepal,large_city,11_20,2075,0.0
Nepal,large_city,11_20,2080,0.0
Nepal,large_city,11_20,2085,0.0
Nepal,large_city,11_20,2090,0.0
Nepal,large_city,11_20,2095,0.0
Nepal,large_city,11_20,2100,0.0
Nepal,large_city,21_30,2011,0.0
Nepal,large_city,21_30,2012,0.0
Nepal,large_city,21_30,2013,0.0
Nepal,large_city,21_30,2014,0.0
Nepal,large_city,21_30,2015,0.0
Nepal,large_city,21_30,2016,0.0
Nepal,large_city,21_30,2017,0.0
Nepal,large_city,21_30,2018,0.0
Nepal,large_city,21_30,2019,0.0
Nepal,large_city,21_30,2020,0.0
Nepal,large_city,21_30,2025,0.0
Nepal,large_city,21_30,2030,0.0
Nepal,large_city,21_30,2035,0.0
Nepal,large_city,21_30,2040,0.0
Nepal,large_city,21_30,2045,0.0
Nepal,large_city,21_30,2050,0.0
Nepal,large_city,21_30,2055,0.0
Nepal,large_city,21_30,2060,0.0
Nepal,large_city,21_30,2065,0.0
Nepal,large_city,21_30,2070,0.0
Nepal,large_city,21_30,2075,0.0
Nepal,large_city,21_30,2080,0.0
Nepal,large_city,21_30,2085,0.0
Nepal,large_city,21_30,2090,0.0
Nepal,large_city,21_30,2095,0.0
Nepal,large_city,21_30,2100,0.0
Nepal,large_city,31_50,2011,0.0
Nepal,large_city,31_50,2012,0.0
Nepal,large_city,31_50,2013,0.0
Nepal,large_city,31_50,2014,0.0
Nepal,large_city,31_50,2015,0.0
Nepal,large_city,31_50,2016,0.0
Nepal,large_city,31_50,2017,0.0
Nepal,large_city,31_50,2018,0.0
Nepal,large_city,31_50,2019,0.0
Nepal,large_city,31_50,2020,0.0
Nepal,large_city,31_50,2025,0.0
Nepal,large_city,31_50,2030,0.0
Nepal,large_city,31_50,2035,0.0
Nepal,large_city,31_50,2040,0.0
Nepal,large_city,31_50,2045,0.0
Nepal,large_city,31_50,2050,0.0
Nepal,large_city,31_50,2055,0.0
Nepal,large_city,31_50,2060,0.0
Nepal,large_city,31_50,2065,0.0
Nepal,large_city,31_50,2070,0.0
Nepal,large_city,31_50,2075,0.0
Nepal,large_city,31_50,2080,0.0
Nepal,large_city,31_50,2085,0.0
Nepal,large_city,31_50,2090,0.0
Nepal,large_city,31_50,2095,0.0
Nepal,large_city,31_50,2100,0.0
Nepal,large_city,51+,2011,0.0
Nepal,large_city,51+,2012,0.0
Nepal,large_city,51+,2013,0.0
Nepal,large_city,51+,2014,0.0
Nepal,large_city,51+,2015,0.0
Nepal,large_city,51+,2016,0.0
Nepal,large_city,51+,2017,0.0
Nepal,large_city,51+,2018,0.0
Nepal,large_city,51+,2019,0.0
Nepal,large_city,51+,2020,0.0
Nepal,large_city,51+,2025,0.0
Nepal,large_city,51+,2030,0.0
Nepal,large_city,51+,2035,0.0
Nepal,large_city,51+,2040,0.0
Nepal,large_city,51+,2045,0.0
Nepal,large_city,51+,2050,0.0
Nepal,large_city,51+,2055,0.0
Nepal,large_city,51+,2060,0.0
Nepal,large_city,51+,2065,0.0
Nepal,large_city,51+,2070,0.0
Nepal,large_city,51+,2075,0.0
Nepal,large_city,51+,2080,0.0
Nepal,large_city,51+,2085,0.0
Nepal,large_city,51+,2090,0.0
Nepal,large_city,51+,2095,0.0
Nepal,large_city,51+,2100,0.0
Nepal,city,No_travel,2011,0.0
Nepal,city,No_travel,2012,0.0
Nepal,city,No_travel,2013,0.0
Nepal,city,No_travel,2014,0.0
Nepal,city,No_travel,2015,0.0
Nepal,city,No_travel,2016,0.0
Nepal,city,No_travel,2017,0.0
Nepal,city,No_travel,2018,0.0
Nepal,city,No_travel,2019,0.0
Nepal,city,No_travel,2020,0.0
Nepal,city,No_travel,2025,0.0
Nepal,city,No_travel,2030,0.0
Nepal,city,No_travel,2035,0.0
Nepal,city,No_travel,2040,0.0
Nepal,city,No_travel,2045,0.0
Nepal,city,No_travel,2050,0.0
Nepal,city,No_travel,2055,0.0
Nepal,city,No_travel,2060,0.0
Nepal,city,No_travel,2065,0.0
Nepal,city,No_travel,2070,0.0
Nepal,city,No_travel,2075,0.0
Nepal,city,No_travel,2080,0.0
Nepal,city,No_travel,2085,0.0
Nepal,city,No_travel,2090,0.0
Nepal,city,No_travel,2095,0.0
Nepal,city,No_travel,2100,0.0
Nepal,city,00_01,2011,0.0
Nepal,city,00_01,2012,0.0
Nepal,city,00_01,2013,0.0
Nepal,city,00_01,2014,0.0
Nepal,city,00_01,2015,0.0
Nepal,city,00_01,2016,0.0
Nepal,city,00_01,2017,0.0
Nepal,city,00_01,2018,0.0
Nepal,city,00_01,2019,0.0
Nepal,city,00_01,2020,0.0
Nepal,city,00_01,2025,0.0
Nepal,city,00_01,2030,0.0
Nepal,city,00_01,2035,0.0
Nepal,city,00_01,2040,0.0
Nepal,city,00_01,2045,0.0
Nepal,city,00_01,2050,0.0
Nepal,city,00_01,2055,0.0
Nepal,city,00_01,2060,0.0
Nepal,city,00_01,2065,0.0
Nepal,city,00_01,2070,0.0
Nepal,city,00_01,2075,0.0
Nepal,city,00_01,2080,0.0
Nepal,city,00_01,2085,0.0
Nepal,city,00_01,2090,0.0
Nepal,city,00_01,2095,0.0
Nepal,city,00_01,2100,0.0
Nepal,city,02_05,2011,0.0
Nepal,city,02_05,2012,0.0
Nepal,city,02_05,2013,0.0
Nepal,city,02_05,2014,0.0
Nepal,city,02_05,2015,0.0
Nepal,city,02_05,2016,0.0
Nepal,city,02_05,2017,0.0
Nepal,city,02_05,2018,0.0
Nepal,city,02_05,2019,0.0
Nepal,city,02_05,2020,0.0
Nepal,city,02_05,2025,0.0
Nepal,city,02_05,2030,0.0
Nepal,city,02_05,2035,0.0
Nepal,city,02_05,2040,0.0
Nepal,city,02_05,2045,0.0
Nepal,city,02_05,2050,0.0
Nepal,city,02_05,2055,0.0
Nepal,city,02_05,2060,0.0
Nepal,city,02_05,2065,0.0
Nepal,city,02_05,2070,0.0
Nepal,city,02_05,2075,0.0
Nepal,city,02_05,2080,0.0
Nepal,city,02_05,2085,0.0
Nepal,city,02_05,2090,0.0
Nepal,city,02_05,2095,0.0
Nepal,city,02_05,2100,0.0
Nepal,city,06_10,2011,0.0
Nepal,city,06_10,2012,0.0
Nepal,city,06_10,2013,0.0
Nepal,city,06_10,2014,0.0
Nepal,city,06_10,2015,0.0
Nepal,city,06_10,2016,0.0
Nepal,city,06_10,2017,0.0
Nepal,city,06_10,2018,0.0
Nepal,city,06_10,2019,0.0
Nepal,city,06_10,2020,0.0
Nepal,city,06_10,2025,0.0
Nepal,city,06_10,2030,0.0
Nepal,city,06_10,2035,0.0
Nepal,city,06_10,2040,0.0
Nepal,city,06_10,2045,0.0
Nepal,city,06_10,2050,0.0
Nepal,city,06_10,2055,0.0
Nepal,city,06_10,2060,0.0
Nepal,city,06_10,2065,0.0
Nepal,city,06_10,2070,0.0
Nepal,city,06_10,2075,0.0
Nepal,city,06_10,2080,0.0
Nepal,city,06_10,2085,0.0
Nepal,city,06_10,2090,0.0
Nepal,city,06_10,2095,0.0
Nepal,city,06_10,2100,0.0
Nepal,city,11_20,2011,0.0
Nepal,city,11_20,2012,0.0
Nepal,city,11_20,2013,0.0
Nepal,city,11_20,2014,0.0
Nepal,city,11_20,2015,0.0
Nepal,city,11_20,2016,0.0
Nepal,city,11_20,2017,0.0
Nepal,city,11_20,2018,0.0
Nepal,city,11_20,2019,0.0
Nepal,city,11_20,2020,0.0
Nepal,city,11_20,2025,0.0
Nepal,city,11_20,2030,0.0
Nepal,city,11_20,2035,0.0
Nepal,city,11_20,2040,0.0
Nepal,city,11_20,2045,0.0
Nepal,city,11_20,2050,0.0
Nepal,city,11_20,2055,0.0
Nepal,city,11_20,2060,0.0
Nepal,city,11_20,2065,0.0
Nepal,city,11_20,2070,0.0
Nepal,city,11_20,2075,0.0
Nepal,city,11_20,2080,0.0
Nepal,city,11_20,2085,0.0
Nepal,city,11_20,2090,0.0
Nepal,city,11_20,2095,0.0
Nepal,city,11_20,2100,0.0
Nepal,city,21_30,2011,0.0
Nepal,city,21_30,2012,0.0
Nepal,city,21_30,2013,0.0
Nepal,city,21_30,2014,0.0
Nepal,city,21_30,2015,0.0
Nepal,city,21_30,2016,0.0
Nepal,city,21_30,2017,0.0
Nepal,city,21_30,2018,0.0
Nepal,city,21_30,2019,0.0
Nepal,city,21_30,2020,0.0
Nepal,city,21_30,2025,0.0
Nepal,city,21_30,2030,0.0
Nepal,city,21_30,2035,0.0
Nepal,city,21_30,2040,0.0
Nepal,city,21_30,2045,0.0
Nepal,city,21_30,2050,0.0
Nepal,city,21_30,2055,0.0
Nepal,city,21_30,2060,0.0
Nepal,city,21_30,2065,0.0
Nepal,city,21_30,2070,0.0
Nepal,city,21_30,2075,0.0
Nepal,city,21_30,2080,0.0
Nepal,city,21_30,2085,0.0
Nepal,city,21_30,2090,0.0
Nepal,city,21_30,2095,0.0
Nepal,city,21_30,2100,0.0
Nepal,city,31_50,2011,0.0
Nepal,city,31_50,2012,0.0
Nepal,city,31_50,2013,0.0
Nepal,city,31_50,2014,0.0
Nepal,city,31_50,2015,0.0
Nepal,city,31_50,2016,0.0
Nepal,city,31_50,2017,0.0
Nepal,city,31_50,2018,0.0
Nepal,city,31_50,2019,0.0
Nepal,city,31_50,2020,0.0
Nepal,city,31_50,2025,0.0
Nepal,city,31_50,2030,0.0
Nepal,city,31_50,2035,0.0
Nepal,city,31_50,2040,0.0
Nepal,city,31_50,2045,0.0
Nepal,city,31_50,2050,0.0
Nepal,city,31_50,2055,0.0
Nepal,city,31_50,2060,0.0
Nepal,city,31_50,2065,0.0
Nepal,city,31_50,2070,0.0
Nepal,city,31_50,2075,0.0
Nepal,city,31_50,2080,0.0
Nepal,city,31_50,2085,0.0
Nepal,city,31_50,2090,0.0
Nepal,city,31_50,2095,0.0
Nepal,city,31_50,2100,0.0
Nepal,city,51+,2011,0.0
Nepal,city,51+,2012,0.0
Nepal,city,51+,2013,0.0
Nepal,city,51+,2014,0.0
Nepal,city,51+,2015,0.0
Nepal,city,51+,2016,0.0
Nepal,city,51+,2017,0.0
Nepal,city,51+,2018,0.0
Nepal,city,51+,2019,0.0
Nepal,city,51+,2020,0.0
Nepal,city,51+,2025,0.0
Nepal,city,51+,2030,0.0
Nepal,city,51+,2035,0.0
Nepal,city,51+,2040,0.0
Nepal,city,51+,2045,0.0
Nepal,city,51+,2050,0.0
Nepal,city,51+,2055,0.0
Nepal,city,51+,2060,0.0
Nepal,city,51+,2065,0.0
Nepal,city,51+,2070,0.0
Nepal,city,51+,2075,0.0
Nepal,city,51+,2080,0.0
Nepal,city,51+,2085,0.0
Nepal,city,51+,2090,0.0
Nepal,city,51+,2095,0.0
Nepal,city,51+,2100,0.0
Nepal,town,No_travel,2011,0.0
Nepal,town,No_travel,2012,0.0
Nepal,town,No_travel,2013,0.0
Nepal,town,No_travel,2014,0.0
Nepal,town,No_travel,2015,0.0
Nepal,town,No_travel,2016,0.0
Nepal,town,No_travel,2017,0.0
Nepal,town,No_travel,2018,0.0
Nepal,town,No_travel,2019,0.0
Nepal,town,No_travel,2020,0.0
Nepal,town,No_travel,2025,0.0
Nepal,town,No_travel,2030,0.0
Nepal,town,No_travel,2035,0.0
Nepal,town,No_travel,2040,0.0
Nepal,town,No_travel,2045,0.0
Nepal,town,No_travel,2050,0.0
Nepal,town,No_travel,2055,0.0
Nepal,town,No_travel,2060,0.0
Nepal,town,No_travel,2065,0.0
Nepal,town,No_travel,2070,0.0
Nepal,town,No_travel,2075,0.0
Nepal,town,No_travel,2080,0.0
Nepal,town,No_travel,2085,0.0
Nepal,town,No_travel,2090,0.0
Nepal,town,No_travel,2095,0.0
Nepal,town,No_travel,2100,0.0
Nepal,town,00_01,2011,0.0
Nepal,town,00_01,2012,0.0
Nepal,town,00_01,2013,0.0
Nepal,town,00_01,2014,0.0
Nepal,town,00_01,2015,0.0
Nepal,town,00_01,2016,0.0
Nepal,town,00_01,2017,0.0
Nepal,town,00_01,2018,0.0
Nepal,town,00_01,2019,0.0
Nepal,town,00_01,2020,0.0
Nepal,town,00_01,2025,0.0
Nepal,town,00_01,2030,0.0
Nepal,town,00_01,2035,0.0
Nepal,town,00_01,2040,0.0
Nepal,town,00_01,2045,0.0
Nepal,town,00_01,2050,0.0
Nepal,town,00_01,2055,0.0
Nepal,town,00_01,2060,0.0
Nepal,town,00_01,2065,0.0
Nepal,town,00_01,2070,0.0
Nepal,town,00_01,2075,0.0
Nepal,town,00_01,2080,0.0
Nepal,town,00_01,2085,0.0
Nepal,town,00_01,2090,0.0
Nepal,town,00_01,2095,0.0
Nepal,town,00_01,2100,0.0
Nepal,town,02_05,2011,0.0
Nepal,town,02_05,2012,0.0
Nepal,town,02_05,2013,0.0
Nepal,town,02_05,2014,0.0
Nepal,town,02_05,2015,0.0
Nepal,town,02_05,2016,0.0
Nepal,town,02_05,2017,0.0
Nepal,town,02_05,2018,0.0
Nepal,town,02_05,2019,0.0
Nepal,town,02_05,2020,0.0
Nepal,town,02_05,2025,0.0
Nepal,town,02_05,2030,0.0
Nepal,town,02_05,2035,0.0
Nepal,town,02_05,2040,0.0
Nepal,town,02_05,2045,0.0
Nepal,town,02_05,2050,0.0
Nepal,town,02_05,2055,0.0
Nepal,town,02_05,2060,0.0
Nepal,town,02_05,2065,0.0
Nepal,town,02_05,2070,0.0
Nepal,town,02_05,2075,0.0
Nepal,town,02_05,2080,0.0
Nepal,town,02_05,2085,0.0
Nepal,town,02_05,2090,0.0
Nepal,town,02_05,2095,0.0
Nepal,town,02_05,2100,0.0
Nepal,town,06_10,2011,0.0
Nepal,town,06_10,2012,0.0
Nepal,town,06_10,2013,0.0
Nepal,town,06_10,2014,0.0
Nepal,town,06_10,2015,0.0
Nepal,town,06_10,2016,0.0
Nepal,town,06_10,2017,0.0
Nepal,town,06_10,2018,0.0
Nepal,town,06_10,2019,0.0
Nepal,town,06_10,2020,0.0
Nepal,town,06_10,2025,0.0
Nepal,town,06_10,2030,0.0
Nepal,town,06_10,2035,0.0
Nepal,town,06_10,2040,0.0
Nepal,town,06_10,2045,0.0
Nepal,town,06_10,2050,0.0
Nepal,town,06_10,2055,0.0
Nepal,town,06_10,2060,0.0
Nepal,town,06_10,2065,0.0
Nepal,town,06_10,2070,0.0
Nepal,town,06_10,2075,0.0
Nepal,town,06_10,2080,0.0
Nepal,town,06_10,2085,0.0
Nepal,town,06_10,2090,0.0
Nepal,town,06_10,2095,0.0
Nepal,town,06_10,2100,0.0
Nepal,town,11_20,2011,0.0
Nepal,town,11_20,2012,0.0
Nepal,town,11_20,2013,0.0
Nepal,town,11_20,2014,0.0
Nepal,town,11_20,2015,0.0
Nepal,town,11_20,2016,0.0
Nepal,town,11_20,2017,0.0
Nepal,town,11_20,2018,0.0
Nepal,town,11_20,2019,0.0
Nepal,town,11_20,2020,0.0
Nepal,town,11_20,2025,0.0
Nepal,town,11_20,2030,0.0
Nepal,town,11_20,2035,0.0
Nepal,town,11_20,2040,0.0
Nepal,town,11_20,2045,0.0
Nepal,town,11_20,2050,0.0
Nepal,town,11_20,2055,0.0
Nepal,town,11_20,2060,0.0
Nepal,town,11_20,2065,0.0
Nepal,town,11_20,2070,0.0
Nepal,town,11_20,2075,0.0
Nepal,town,11_20,2080,0.0
Nepal,town,11_20,2085,0.0
Nepal,town,11_20,2090,0.0
Nepal,town,11_20,2095,0.0
Nepal,town,11_20,2100,0.0
Nepal,town,21_30,2011,0.0
Nepal,town,21_30,2012,0.0
Nepal,town,21_30,2013,0.0
Nepal,town,21_30,2014,0.0
Nepal,town,21_30,2015,0.0
Nepal,town,21_30,2016,0.0
Nepal,town,21_30,2017,0.0
Nepal,town,21_30,2018,0.0
Nepal,town,21_30,2019,0.0
Nepal,town,21_30,2020,0.0
Nepal,town,21_30,2025,0.0
Nepal,town,21_30,2030,0.0
Nepal,town,21_30,2035,0.0
Nepal,town,21_30,2040,0.0
Nepal,town,21_30,2045,0.0
Nepal,town,21_30,2050,0.0
Nepal,town,21_30,2055,0.0
Nepal,town,21_30,2060,0.0
Nepal,town,21_30,2065,0.0
Nepal,town,21_30,2070,0.0
Nepal,town,21_30,2075,0.0
Nepal,town,21_30,2080,0.0
Nepal,town,21_30,2085,0.0
Nepal,town,21_30,2090,0.0
Nepal,town,21_30,2095,0.0
Nepal,town,21_30,2100,0.0
Nepal,town,31_50,2011,0.0
Nepal,town,31_50,2012,0.0
Nepal,town,31_50,2013,0.0
Nepal,town,31_50,2014,0.0
Nepal,town,31_50,2015,0.0
Nepal,town,31_50,2016,0.0
Nepal,town,31_50,2017,0.0
Nepal,town,31_50,2018,0.0
Nepal,town,31_50,2019,0.0
Nepal,town,31_50,2020,0.0
Nepal,town,31_50,2025,0.0
Nepal,town,31_50,2030,0.0
Nepal,town,31_50,2035,0.0
Nepal,town,31_50,2040,0.0
Nepal,town,31_50,2045,0.0
Nepal,town,31_50,2050,0.0
Nepal,town,31_50,2055,0.0
Nepal,town,31_50,2060,0.0
Nepal,town,31_50,2065,0.0
Nepal,town,31_50,2070,0.0
Nepal,town,31_50,2075,0.0
Nepal,town,31_50,2080,0.0
Nepal,town,31_50,2085,0.0
Nepal,town,31_50,2090,0.0
Nepal,town,31_50,2095,0.0
Nepal,town,31_50,2100,0.0
Nepal,town,51+,2011,0.0
Nepal,town,51+,2012,0.0
Nepal,town,51+,2013,0.0
Nepal,town,51+,2014,0.0
Nepal,town,51+,2015,0.0
Nepal,town,51+,2016,0.0
Nepal,town,51+,2017,0.0
Nepal,town,51+,2018,0.0
Nepal,town,51+,2019,0.0
Nepal,town,51+,2020,0.0
Nepal,town,51+,2025,0.0
Nepal,town,51+,2030,0.0
Nepal,town,51+,2035,0.0
Nepal,town,51+,2040,0.0
Nepal,town,51+,2045,0.0
Nepal,town,51+,2050,0.0
Nepal,town,51+,2055,0.0
Nepal,town,51+,2060,0.0
Nepal,town,51+,2065,0.0
Nepal,town,51+,2070,0.0
Nepal,town,51+,2075,0.0
Nepal,town,51+,2080,0.0
Nepal,town,51+,2085,0.0
Nepal,town,51+,2090,0.0
Nepal,town,51+,2095,0.0
Nepal,town,51+,2100,0.0
Nepal,rural,No_travel,2011,0.0
Nepal,rural,No_travel,2012,0.0
Nepal,rural,No_travel,2013,0.0
Nepal,rural,No_travel,2014,0.0
Nepal,rural,No_travel,2015,0.0
Nepal,rural,No_travel,2016,0.0
Nepal,rural,No_travel,2017,0.0
Nepal,rural,No_travel,2018,0.0
Nepal,rural,No_travel,2019,0.0
Nepal,rural,No_travel,2020,0.0
Nepal,rural,No_travel,2025,0.0
Nepal,rural,No_travel,2030,0.0
Nepal,rural,No_travel,2035,0.0
Nepal,rural,No_travel,2040,0.0
Nepal,rural,No_travel,2045,0.0
Nepal,rural,No_travel,2050,0.0
Nepal,rural,No_travel,2055,0.0
Nepal,rural,No_travel,2060,0.0
Nepal,rural,No_travel,2065,0.0
Nepal,rural,No_travel,2070,0.0
Nepal,rural,No_travel,2075,0.0
Nepal,rural,No_travel,2080,0.0
Nepal,rural,No_travel,2085,0.0
Nepal,rural,No_travel,2090,0.0
Nepal,rural,No_travel,2095,0.0
Nepal,rural,No_travel,2100,0.0
Nepal,rural,00_01,2011,0.0
Nepal,rural,00_01,2012,0.0
Nepal,rural,00_01,2013,0.0
Nepal,rural,00_01,2014,0.0
Nepal,rural,00_01,2015,0.0
Nepal,rural,00_01,2016,0.0
Nepal,rural,00_01,2017,0.0
Nepal,rural,00_01,2018,0.0
Nepal,rural,00_01,2019,0.0
Nepal,rural,00_01,2020,0.0
Nepal,rural,00_01,2025,0.0
Nepal,rural,00_01,2030,0.0
Nepal,rural,00_01,2035,0.0
Nepal,rural,00_01,2040,0.0
Nepal,rural,00_01,2045,0.0
Nepal,rural,00_01,2050,0.0
Nepal,rural,00_01,2055,0.0
Nepal,rural,00_01,2060,0.0
Nepal,rural,00_01,2065,0.0
Nepal,rural,00_01,2070,0.0
Nepal,rural,00_01,2075,0.0
Nepal,rural,00_01,2080,0.0
Nepal,rural,00_01,2085,0.0
Nepal,rural,00_01,2090,0.0
Nepal,rural,00_01,2095,0.0
Nepal,rural,00_01,2100,0.0
Nepal,rural,02_05,2011,0.0
Nepal,rural,02_05,2012,0.0
Nepal,rural,02_05,2013,0.0
Nepal,rural,02_05,2014,0.0
Nepal,rural,02_05,2015,0.0
Nepal,rural,02_05,2016,0.0
Nepal,rural,02_05,2017,0.0
Nepal,rural,02_05,2018,0.0
Nepal,rural,02_05,2019,0.0
Nepal,rural,02_05,2020,0.0
Nepal,rural,02_05,2025,0.0
Nepal,rural,02_05,2030,0.0
Nepal,rural,02_05,2035,0.0
Nepal,rural,02_05,2040,0.0
Nepal,rural,02_05,2045,0.0
Nepal,rural,02_05,2050,0.0
Nepal,rural,02_05,2055,0.0
Nepal,rural,02_05,2060,0.0
Nepal,rural,02_05,2065,0.0
Nepal,rural,02_05,2070,0.0
Nepal,rural,02_05,2075,0.0
Nepal,rural,02_05,2080,0.0
Nepal,rural,02_05,2085,0.0
Nepal,rural,02_05,2090,0.0
Nepal,rural,02_05,2095,0.0
Nepal,rural,02_05,2100,0.0
Nepal,rural,06_10,2011,0.0
Nepal,rural,06_10,2012,0.0
Nepal,rural,06_10,2013,0.0
Nepal,rural,06_10,2014,0.0
Nepal,rural,06_10,2015,0.0
Nepal,rural,06_10,2016,0.0
Nepal,rural,06_10,2017,0.0
Nepal,rural,06_10,2018,0.0
Nepal,rural,06_10,2019,0.0
Nepal,rural,06_10,2020,0.0
Nepal,rural,06_10,2025,0.0
Nepal,rural,06_10,2030,0.0
Nepal,rural,06_10,2035,0.0
Nepal,rural,06_10,2040,0.0
Nepal,rural,06_10,2045,0.0
Nepal,rural,06_10,2050,0.0
Nepal,rural,06_10,2055,0.0
Nepal,rural,06_10,2060,0.0
Nepal,rural,06_10,2065,0.0
Nepal,rural,06_10,2070,0.0
Nepal,rural,06_10,2075,0.0
Nepal,rural,06_10,2080,0.0
Nepal,rural,06_10,2085,0.0
Nepal,rural,06_10,2090,0.0
Nepal,rural,06_10,2095,0.0
Nepal,rural,06_10,2100,0.0
Nepal,rural,11_20,2011,0.0
Nepal,rural,11_20,2012,0.0
Nepal,rural,11_20,2013,0.0
Nepal,rural,11_20,2014,0.0
Nepal,rural,11_20,2015,0.0
Nepal,rural,11_20,2016,0.0
Nepal,rural,11_20,2017,0.0
Nepal,rural,11_20,2018,0.0
Nepal,rural,11_20,2019,0.0
Nepal,rural,11_20,2020,0.0
Nepal,rural,11_20,2025,0.0
Nepal,rural,11_20,2030,0.0
Nepal,rural,11_20,2035,0.0
Nepal,rural,11_20,2040,0.0
Nepal,rural,11_20,2045,0.0
Nepal,rural,11_20,2050,0.0
Nepal,rural,11_20,2055,0.0
Nepal,rural,11_20,2060,0.0
Nepal,rural,11_20,2065,0.0
Nepal,rural,11_20,2070,0.0
Nepal,rural,11_20,2075,0.0
Nepal,rural,11_20,2080,0.0
Nepal,rural,11_20,2085,0.0
Nepal,rural,11_20,2090,0.0
Nepal,rural,11_20,2095,0.0
Nepal,rural,11_20,2100,0.0
Nepal,rural,21_30,2011,0.0
Nepal,rural,21_30,2012,0.0
Nepal,rural,21_30,2013,0.0
Nepal,rural,21_30,2014,0.0
Nepal,rural,21_30,2015,0.0
Nepal,rural,21_30,2016,0.0
Nepal,rural,21_30,2017,0.0
Nepal,rural,21_30,2018,0.0
Nepal,rural,21_30,2019,0.0
Nepal,rural,21_30,2020,0.0
Nepal,rural,21_30,2025,0.0
Nepal,rural,21_30,2030,0.0
Nepal,rural,21_30,2035,0.0
Nepal,rural,21_30,2040,0.0
Nepal,rural,21_30,2045,0.0
Nepal,rural,21_30,2050,0.0
Nepal,rural,21_30,2055,0.0
Nepal,rural,21_30,2060,0.0
Nepal,rural,21_30,2065,0.0
Nepal,rural,21_30,2070,0.0
Nepal,rural,21_30,2075,0.0
Nepal,rural,21_30,2080,0.0
Nepal,rural,21_30,2085,0.0
Nepal,rural,21_30,2090,0.0
Nepal,rural,21_30,2095,0.0
Nepal,rural,21_30,2100,0.0
Nepal,rural,31_50,2011,0.0
Nepal,rural,31_50,2012,0.0
Nepal,rural,31_50,2013,0.0
Nepal,rural,31_50,2014,0.0
Nepal,rural,31_50,2015,0.0
Nepal,rural,31_50,2016,0.0
Nepal,rural,31_50,2017,0.0
Nepal,rural,31_50,2018,0.0
Nepal,rural,31_50,2019,0.0
Nepal,rural,31_50,2020,0.0
Nepal,rural,31_50,2025,0.0
Nepal,rural,31_50,2030,0.0
Nepal,rural,31_50,2035,0.0
Nepal,rural,31_50,2040,0.0
Nepal,rural,31_50,2045,0.0
Nepal,rural,31_50,2050,0.0
Nepal,rural,31_50,2055,0.0
Nepal,rural,31_50,2060,0.0
Nepal,rural,31_50,2065,0.0
Nepal,rural,31_50,2070,0.0
Nepal,rural,31_50,2075,0.0
Nepal,rural,31_50,2080,0.0
Nepal,rural,31_50,2085,0.0
Nepal,rural,31_50,2090,0.0
Nepal,rural,31_50,2095,0.0
Nepal,rural,31_50,2100,0.0
Nepal,rural,51+,2011,0.0
Nepal,rural,51+,2012,0.0
Nepal,rural,51+,2013,0.0
Nepal,rural,51+,2014,0.0
Nepal,rural,51+,2015,0.0
Nepal,rural,51+,2016,0.0
Nepal,rural,51+,2017,0.0
Nepal,rural,51+,2018,0.0
Nepal,rural,51+,2019,0.0
Nepal,rural,51+,2020,0.0
Nepal,rural,51+,2025,0.0
Nepal,rural,51+,2030,0.0
Nepal,rural,51+,2035,0.0
Nepal,rural,51+,2040,0.0
Nepal,rural,51+,2045,0.0
Nepal,rural,51+,2050,0.0
Nepal,rural,51+,2055,0.0
Nepal,rural,51+,2060,0.0
Nepal,rural,51+,2065,0.0
Nepal,rural,51+,2070,0.0
Nepal,rural,51+,2075,0.0
Nepal,rural,51+,2080,0.0
Nepal,rural,51+,2085,0.0
Nepal,rural,51+,2090,0.0
Nepal,rural,51+,2095,0.0
Nepal,rural,51+,2100,0.0
Pakistan,large_city,No_travel,2011,0.0
Pakistan,large_city,No_travel,2012,0.0
Pakistan,large_city,No_travel,2013,0.0
Pakistan,large_city,No_travel,2014,0.0
Pakistan,large_city,No_travel,2015,0.0
Pakistan,large_city,No_travel,2016,0.0
Pakistan,large_city,No_travel,2017,0.0
Pakistan,large_city,No_travel,2018,0.0
Pakistan,large_city,No_travel,2019,0.0
Pakistan,large_city,No_travel,2020,0.0
Pakistan,large_city,No_travel,2025,0.0
Pakistan,large_city,No_travel,2030,0.0
Pakistan,large_city,No_travel,2035,0.0
Pakistan,large_city,No_travel,2040,0.0
Pakistan,large_city,No_travel,2045,0.0
Pakistan,large_city,No_travel,2050,0.0
Pakistan,large_city,No_travel,2055,0.0
Pakistan,large_city,No_travel,2060,0.0
Pakistan,large_city,No_travel,2065,0.0
Pakistan,large_city,No_travel,2070,0.0
Pakistan,large_city,No_travel,2075,0.0
Pakistan,large_city,No_travel,2080,0.0
Pakistan,large_city,No_travel,2085,0.0
Pakistan,large_city,No_travel,2090,0.0
Pakistan,large_city,No_travel,2095,0.0
Pakistan,large_city,No_travel,2100,0.0
Pakistan,large_city,00_01,2011,0.005
Pakistan,large_city,00_01,2012,0.005000587557999711
Pakistan,large_city,00_01,2013,0.005001547487842355
Pakistan,large_city,00_01,2014,0.00500260157668755
Pakistan,large_city,00_01,2015,0.005003660682112102
Pakistan,large_city,00_01,2016,0.005004919388089417
Pakistan,large_city,00_01,2017,0.005005775395233662
Pakistan,large_city,00_01,2018,0.005006961390469153
Pakistan,large_city,00_01,2019,0.0050071808399057725
Pakistan,large_city,00_01,2020,0.005006395368841132
Pakistan,large_city,00_01,2025,0.005009836907441483
Pakistan,large_city,00_01,2030,0.005012270945362911
Pakistan,large_city,00_01,2035,0.005013666299592181
Pakistan,large_city,00_01,2040,0.005013981819582399
Pakistan,large_city,00_01,2045,0.00501300938186855
Pakistan,large_city,00_01,2050,0.005010653236752572
Pakistan,large_city,00_01,2055,0.005006928121607193
Pakistan,large_city,00_01,2060,0.005001954702675641
Pakistan,large_city,00_01,2065,0.0049957744466555785
Pakistan,large_city,00_01,2070,0.004988527533117414
Pakistan,large_city,00_01,2075,0.004980331894204609
Pakistan,large_city,00_01,2080,0.004971465180008729
Pakistan,large_city,00_01,2085,0.004962183772207399
Pakistan,large_city,00_01,2090,0.004952748309779043
Pakistan,large_city,00_01,2095,0.004943285395819691
Pakistan,large_city,00_01,2100,0.00493384696778744
Pakistan,large_city,02_05,2011,0.005
Pakistan,large_city,02_05,2012,0.005000587557999711
Pakistan,large_city,02_05,2013,0.005001547487842355
Pakistan,large_city,02_05,2014,0.00500260157668755
Pakistan,large_city,02_05,2015,0.005003660682112102
Pakistan,large_city,02_05,2016,0.005004919388089417
Pakistan,large_city,02_05,2017,0.005005775395233662
Pakistan,large_city,02_05,2018,0.005006961390469153
Pakistan,large_city,02_05,2019,0.0050071808399057725
Pakistan,large_city,02_05,2020,0.005006395368841132
Pakistan,large_city,02_05,2025,0.005009836907441483
Pakistan,large_city,02_05,2030,0.005012270945362911
Pakistan,large_city,02_05,2035,0.005013666299592181
Pakistan,large_city,02_05,2040,0.005013981819582399
Pakistan,large_city,02_05,2045,0.00501300938186855
Pakistan,large_city,02_05,2050,0.005010653236752572
Pakistan,large_city,02_05,2055,0.005006928121607193
Pakistan,large_city,02_05,2060,0.005001954702675641
Pakistan,large_city,02_05,2065,0.0049957744466555785
Pakistan,large_city,02_05,2070,0.004988527533117414
Pakistan,large_city,02_05,2075,0.004980331894204609
Pakistan,large_city,02_05,2080,0.004971465180008729
Pakistan,large_city,02_05,2085,0.004962183772207399
Pakistan,large_city,02_05,2090,0.004952748309779043
Pakistan,large_city,02_05,2095,0.004943285395819691
Pakistan,large_city,02_05,2100,0.00493384696778744
Pakistan,large_city,06_10,2011,0.0075
Pakistan,large_city,06_10,2012,0.0075008813369995654
Pakistan,large_city,06_10,2013,0.007502321231763532
Pakistan,large_city,06_10,2014,0.007503902365031324
Pakistan,large_city,06_10,2015,0.007505491023168153
Pakistan,large_city,06_10,2016,0.007507379082134126
Pakistan,large_city,06_10,2017,0.007508663092850493
Pakistan,large_city,06_10,2018,0.00751044208570373
Pakistan,large_city,06_10,2019,0.007510771259858658
Pakistan,large_city,06_10,2020,0.007509593053261698
Pakistan,large_city,06_10,2025,0.007514755361162224
Pakistan,large_city,06_10,2030,0.0075184064180443665
Pakistan,large_city,06_10,2035,0.007520499449388271
Pakistan,large_city,06_10,2040,0.007520972729373599
Pakistan,large_city,06_10,2045,0.007519514072802826
Pakistan,large_city,06_10,2050,0.0075159798551288565
Pakistan,large_city,06_10,2055,0.007510392182410789
Pakistan,large_city,06_10,2060,0.007502932054013461
Pakistan,large_city,06_10,2065,0.007493661669983368
Pakistan,large_city,06_10,2070,0.0074827912996761215
Pakistan,large_city,06_10,2075,0.007470497841306913
Pakistan,large_city,06_10,2080,0.007457197770013092
Pakistan,large_city,06_10,2085,0.007443275658311098
Pakistan,large_city,06_10,2090,0.007429122464668564
Pakistan,large_city,06_10,2095,0.007414928093729536
Pakistan,large_city,06_10,2100,0.0074007704516811604
Pakistan,large_city,11_20,2011,0.011
Pakistan,large_city,11_20,2012,0.011001292627599362
Pakistan,large_city,11_20,2013,0.011003404473253181
Pakistan,large_city,11_20,2014,0.011005723468712609
Pakistan,large_city,11_20,2015,0.011008053500646623
Pakistan,large_city,11_20,2016,0.011010822653796716
Pakistan,large_city,11_20,2017,0.011012705869514057
Pakistan,large_city,11_20,2018,0.011015315059032136
Pakistan,large_city,11_20,2019,0.0110157978477927
Pakistan,large_city,11_20,2020,0.01101406981145049
Pakistan,large_city,11_20,2025,0.011021641196371262
Pakistan,large_city,11_20,2030,0.011026996079798403
Pakistan,large_city,11_20,2035,0.011030065859102798
Pakistan,large_city,11_20,2040,0.011030760003081277
Pakistan,large_city,11_20,2045,0.011028620640110811
Pakistan,large_city,11_20,2050,0.011023437120855656
Pakistan,large_city,11_20,2055,0.011015241867535823
Pakistan,large_city,11_20,2060,0.011004300345886408
Pakistan,large_city,11_20,2065,0.010990703782642273
Pakistan,large_city,11_20,2070,0.010974760572858311
Pakistan,large_city,11_20,2075,0.010956730167250139
Pakistan,large_city,11_20,2080,0.010937223396019201
Pakistan,large_city,11_20,2085,0.010916804298856277
Pakistan,large_city,11_20,2090,0.010896046281513893
Pakistan,large_city,11_20,2095,0.01087522787080332
Pakistan,large_city,11_20,2100,0.010854463329132367
Pakistan,large_city,21_30,2011,0.015
Pakistan,large_city,21_30,2012,0.015001762673999131
Pakistan,large_city,21_30,2013,0.015004642463527064
Pakistan,large_city,21_30,2014,0.015007804730062649
Pakistan,large_city,21_30,2015,0.015010982046336305
Pakistan,large_city,21_30,2016,0.015014758164268251
Pakistan,large_city,21_30,2017,0.015017326185700987
Pakistan,large_city,21_30,2018,0.01502088417140746
Pakistan,large_city,21_30,2019,0.015021542519717317
Pakistan,large_city,21_30,2020,0.015019186106523396
Pakistan,large_city,21_30,2025,0.015029510722324448
Pakistan,large_city,21_30,2030,0.015036812836088733
Pakistan,large_city,21_30,2035,0.015040998898776543
Pakistan,large_city,21_30,2040,0.015041945458747197
Pakistan,large_city,21_30,2045,0.015039028145605652
Pakistan,large_city,21_30,2050,0.015031959710257713
Pakistan,large_city,21_30,2055,0.015020784364821578
Pakistan,large_city,21_30,2060,0.015005864108026921
Pakistan,large_city,21_30,2065,0.014987323339966736
Pakistan,large_city,21_30,2070,0.014965582599352243
Pakistan,large_city,21_30,2075,0.014940995682613825
Pakistan,large_city,21_30,2080,0.014914395540026184
Pakistan,large_city,21_30,2085,0.014886551316622197
Pakistan,large_city,21_30,2090,0.014858244929337128
Pakistan,large_city,21_30,2095,0.014829856187459071
Pakistan,large_city,21_30,2100,0.014801540903362321
Pakistan,large_city,31_50,2011,0.05
Pakistan,large_city,31_50,2012,0.05000587557999711
Pakistan,large_city,31_50,2013,0.05001547487842355
Pakistan,large_city,31_50,2014,0.0500260157668755
Pakistan,large_city,31_50,2015,0.05003660682112102
Pakistan,large_city,31_50,2016,0.050049193880894176
Pakistan,large_city,31_50,2017,0.05005775395233663
Pakistan,large_city,31_50,2018,0.050069613904691536
Pakistan,large_city,31_50,2019,0.05007180839905773
Pakistan,large_city,31_50,2020,0.05006395368841132
Pakistan,large_city,31_50,2025,0.05009836907441483
Pakistan,large_city,31_50,2030,0.050122709453629115
Pakistan,large_city,31_50,2035,0.050136662995921816
Pakistan,large_city,31_50,2040,0.050139818195824
Pakistan,large_city,31_50,2045,0.05013009381868551
Pakistan,large_city,31_50,2050,0.050106532367525713
Pakistan,large_city,31_50,2055,0.05006928121607193
Pakistan,large_city,31_50,2060,0.05001954702675641
Pakistan,large_city,31_50,2065,0.04995774446655579
Pakistan,large_city,31_50,2070,0.04988527533117415
Pakistan,large_city,31_50,2075,0.04980331894204609
Pakistan,large_city,31_50,2080,0.04971465180008729
Pakistan,large_city,31_50,2085,0.04962183772207399
Pakistan,large_city,31_50,2090,0.049527483097790426
Pakistan,large_city,31_50,2095,0.04943285395819691
Pakistan,large_city,31_50,2100,0.049338469677874405
Pakistan,large_city,51+,2011,0.1
Pakistan,large_city,51+,2012,0.10001175115999422
Pakistan,large_city,51+,2013,0.1000309497568471
Pakistan,large_city,51+,2014,0.100052031533751
Pakistan,large_city,51+,2015,0.10007321364224205
Pakistan,large_city,51+,2016,0.10009838776178835
Pakistan,large_city,51+,2017,0.10011550790467326
Pakistan,large_city,51+,2018,0.10013922780938307
Pakistan,large_city,51+,2019,0.10014361679811545
Pakistan,large_city,51+,2020,0.10012790737682264
Pakistan,large_city,51+,2025,0.10019673814882966
Pakistan,large_city,51+,2030,0.10024541890725823
Pakistan,large_city,51+,2035,0.10027332599184363
Pakistan,large_city,51+,2040,0.100279636391648
Pakistan,large_city,51+,2045,0.10026018763737102
Pakistan,large_city,51+,2050,0.10021306473505143
Pakistan,large_city,51+,2055,0.10013856243214386
Pakistan,large_city,51+,2060,0.10003909405351281
Pakistan,large_city,51+,2065,0.09991548893311158
Pakistan,large_city,51+,2070,0.0997705506623483
Pakistan,large_city,51+,2075,0.09960663788409219
Pakistan,large_city,51+,2080,0.09942930360017457
Pakistan,large_city,51+,2085,0.09924367544414799
Pakistan,large_city,51+,2090,0.09905496619558085
Pakistan,large_city,51+,2095,0.09886570791639382
Pakistan,large_city,51+,2100,0.09867693935574881
Pakistan,city,No_travel,2011,0.0
Pakistan,city,No_travel,2012,0.0
Pakistan,city,No_travel,2013,0.0
Pakistan,city,No_travel,2014,0.0
Pakistan,city,No_travel,2015,0.0
Pakistan,city,No_travel,2016,0.0
Pakistan,city,No_travel,2017,0.0
Pakistan,city,No_travel,2018,0.0
Pakistan,city,No_travel,2019,0.0
Pakistan,city,No_travel,2020,0.0
Pakistan,city,No_travel,2025,0.0
Pakistan,city,No_travel,2030,0.0
Pakistan,city,No_travel,2035,0.0
Pakistan,city,No_travel,2040,0.0
Pakistan,city,No_travel,2045,0.0
Pakistan,city,No_travel,2050,0.0
Pakistan,city,No_travel,2055,0.0
Pakistan,city,No_travel,2060,0.0
Pakistan,city,No_travel,2065,0.0
Pakistan,city,No_travel,2070,0.0
Pakistan,city,No_travel,2075,0.0
Pakistan,city,No_travel,2080,0.0
Pakistan,city,No_travel,2085,0.0
Pakistan,city,No_travel,2090,0.0
Pakistan,city,No_travel,2095,0.0
Pakistan,city,No_travel,2100,0.0
Pakistan,city,00_01,2011,0.0
Pakistan,city,00_01,2012,0.0
Pakistan,city,00_01,2013,0.0
Pakistan,city,00_01,2014,0.0
Pakistan,city,00_01,2015,0.0
Pakistan,city,00_01,2016,0.0
Pakistan,city,00_01,2017,0.0
Pakistan,city,00_01,2018,0.0
Pakistan,city,00_01,2019,0.0
Pakistan,city,00_01,2020,0.0
Pakistan,city,00_01,2025,0.0
Pakistan,city,00_01,2030,0.0
Pakistan,city,00_01,2035,0.0
Pakistan,city,00_01,2040,0.0
Pakistan,city,00_01,2045,0.0
Pakistan,city,00_01,2050,0.0
Pakistan,city,00_01,2055,0.0
Pakistan,city,00_01,2060,0.0
Pakistan,city,00_01,2065,0.0
Pakistan,city,00_01,2070,0.0
Pakistan,city,00_01,2075,0.0
Pakistan,city,00_01,2080,0.0
Pakistan,city,00_01,2085,0.0
Pakistan,city,00_01,2090,0.0
Pakistan,city,00_01,2095,0.0
Pakistan,city,00_01,2100,0.0
Pakistan,city,02_05,2011,0.0
Pakistan,city,02_05,2012,0.0
Pakistan,city,02_05,2013,0.0
Pakistan,city,02_05,2014,0.0
Pakistan,city,02_05,2015,0.0
Pakistan,city,02_05,2016,0.0
Pakistan,city,02_05,2017,0.0
Pakistan,city,02_05,2018,0.0
Pakistan,city,02_05,2019,0.0
Pakistan,city,02_05,2020,0.0
Pakistan,city,02_05,2025,0.0
Pakistan,city,02_05,2030,0.0
Pakistan,city,02_05,2035,0.0
Pakistan,city,02_05,2040,0.0
Pakistan,city,02_05,2045,0.0
Pakistan,city,02_05,2050,0.0
Pakistan,city,02_05,2055,0.0
Pakistan,city,02_05,2060,0.0
Pakistan,city,02_05,2065,0.0
Pakistan,city,02_05,2070,0.0
Pakistan,city,02_05,2075,0.0
Pakistan,city,02_05,2080,0.0
Pakistan,city,02_05,2085,0.0
Pakistan,city,02_05,2090,0.0
Pakistan,city,02_05,2095,0.0
Pakistan,city,02_05,2100,0.0
Pakistan,city,06_10,2011,0.0
Pakistan,city,06_10,2012,0.0
Pakistan,city,06_10,2013,0.0
Pakistan,city,06_10,2014,0.0
Pakistan,city,06_10,2015,0.0
Pakistan,city,06_10,2016,0.0
Pakistan,city,06_10,2017,0.0
Pakistan,city,06_10,2018,0.0
Pakistan,city,06_10,2019,0.0
Pakistan,city,06_10,2020,0.0
Pakistan,city,06_10,2025,0.0
Pakistan,city,06_10,2030,0.0
Pakistan,city,06_10,2035,0.0
Pakistan,city,06_10,2040,0.0
Pakistan,city,06_10,2045,0.0
Pakistan,city,06_10,2050,0.0
Pakistan,city,06_10,2055,0.0
Pakistan,city,06_10,2060,0.0
Pakistan,city,06_10,2065,0.0
Pakistan,city,06_10,2070,0.0
Pakistan,city,06_10,2075,0.0
Pakistan,city,06_10,2080,0.0
Pakistan,city,06_10,2085,0.0
Pakistan,city,06_10,2090,0.0
Pakistan,city,06_10,2095,0.0
Pakistan,city,06_10,2100,0.0
Pakistan,city,11_20,2011,0.0
Pakistan,city,11_20,2012,0.0
Pakistan,city,11_20,2013,0.0
Pakistan,city,11_20,2014,0.0
Pakistan,city,11_20,2015,0.0
Pakistan,city,11_20,2016,0.0
Pakistan,city,11_20,2017,0.0
Pakistan,city,11_20,2018,0.0
Pakistan,city,11_20,2019,0.0
Pakistan,city,11_20,2020,0.0
Pakistan,city,11_20,2025,0.0
Pakistan,city,11_20,2030,0.0
Pakistan,city,11_20,2035,0.0
Pakistan,city,11_20,2040,0.0
Pakistan,city,11_20,2045,0.0
Pakistan,city,11_20,2050,0.0
Pakistan,city,11_20,2055,0.0
Pakistan,city,11_20,2060,0.0
Pakistan,city,11_20,2065,0.0
Pakistan,city,11_20,2070,0.0
Pakistan,city,11_20,2075,0.0
Pakistan,city,11_20,2080,0.0
Pakistan,city,11_20,2085,0.0
Pakistan,city,11_20,2090,0.0
Pakistan,city,11_20,2095,0.0
Pakistan,city,11_20,2100,0.0
Pakistan,city,21_30,2011,0.0
Pakistan,city,21_30,2012,0.0
Pakistan,city,21_30,2013,0.0
Pakistan,city,21_30,2014,0.0
Pakistan,city,21_30,2015,0.0
Pakistan,city,21_30,2016,0.0
Pakistan,city,21_30,2017,0.0
Pakistan,city,21_30,2018,0.0
Pakistan,city,21_30,2019,0.0
Pakistan,city,21_30,2020,0.0
Pakistan,city,21_30,2025,0.0
Pakistan,city,21_30,2030,0.0
Pakistan,city,21_30,2035,0.0
Pakistan,city,21_30,2040,0.0
Pakistan,city,21_30,2045,0.0
Pakistan,city,21_30,2050,0.0
Pakistan,city,21_30,2055,0.0
Pakistan,city,21_30,2060,0.0
Pakistan,city,21_30,2065,0.0
Pakistan,city,21_30,2070,0.0
Pakistan,city,21_30,2075,0.0
Pakistan,city,21_30,2080,0.0
Pakistan,city,21_30,2085,0.0
Pakistan,city,21_30,2090,0.0
Pakistan,city,21_30,2095,0.0
Pakistan,city,21_30,2100,0.0
Pakistan,city,31_50,2011,0.03
Pakistan,city,31_50,2012,0.030003525347998262
Pakistan,city,31_50,2013,0.03000928492705413
Pakistan,city,31_50,2014,0.030015609460125298
Pakistan,city,31_50,2015,0.03002196409267261
Pakistan,city,31_50,2016,0.030029516328536503
Pakistan,city,31_50,2017,0.030034652371401974
Pakistan,city,31_50,2018,0.03004176834281492
Pakistan,city,31_50,2019,0.030043085039434633
Pakistan,city,31_50,2020,0.030038372213046793
Pakistan,city,31_50,2025,0.030059021444648896
Pakistan,city,31_50,2030,0.030073625672177466
Pakistan,city,31_50,2035,0.030081997797553085
Pakistan,city,31_50,2040,0.030083890917494395
Pakistan,city,31_50,2045,0.030078056291211304
Pakistan,city,31_50,2050,0.030063919420515426
Pakistan,city,31_50,2055,0.030041568729643156
Pakistan,city,31_50,2060,0.030011728216053843
Pakistan,city,31_50,2065,0.02997464667993347
Pakistan,city,31_50,2070,0.029931165198704486
Pakistan,city,31_50,2075,0.02988199136522765
Pakistan,city,31_50,2080,0.029828791080052368
Pakistan,city,31_50,2085,0.029773102633244394
Pakistan,city,31_50,2090,0.029716489858674255
Pakistan,city,31_50,2095,0.029659712374918143
Pakistan,city,31_50,2100,0.029603081806724642
Pakistan,city,51+,2011,0.06
Pakistan,city,51+,2012,0.060007050695996524
Pakistan,city,51+,2013,0.06001856985410826
Pakistan,city,51+,2014,0.060031218920250595
Pakistan,city,51+,2015,0.06004392818534522
Pakistan,city,51+,2016,0.060059032657073005
Pakistan,city,51+,2017,0.06006930474280395
Pakistan,city,51+,2018,0.06008353668562984
Pakistan,city,51+,2019,0.06008617007886927
Pakistan,city,51+,2020,0.060076744426093585
Pakistan,city,51+,2025,0.06011804288929779
Pakistan,city,51+,2030,0.06014725134435493
Pakistan,city,51+,2035,0.06016399559510617
Pakistan,city,51+,2040,0.06016778183498879
Pakistan,city,51+,2045,0.06015611258242261
Pakistan,city,51+,2050,0.06012783884103085
Pakistan,city,51+,2055,0.06008313745928631
Pakistan,city,51+,2060,0.060023456432107686
Pakistan,city,51+,2065,0.05994929335986694
Pakistan,city,51+,2070,0.05986233039740897
Pakistan,city,51+,2075,0.0597639827304553
Pakistan,city,51+,2080,0.059657582160104736
Pakistan,city,51+,2085,0.05954620526648879
Pakistan,city,51+,2090,0.05943297971734851
Pakistan,city,51+,2095,0.059319424749836286
Pakistan,city,51+,2100,0.059206163613449284
Pakistan,town,No_travel,2011,0.0
Pakistan,town,No_travel,2012,0.0
Pakistan,town,No_travel,2013,0.0
Pakistan,town,No_travel,2014,0.0
Pakistan,town,No_travel,2015,0.0
Pakistan,town,No_travel,2016,0.0
Pakistan,town,No_travel,2017,0.0
Pakistan,town,No_travel,2018,0.0
Pakistan,town,No_travel,2019,0.0
Pakistan,town,No_travel,2020,0.0
Pakistan,town,No_travel,2025,0.0
Pakistan,town,No_travel,2030,0.0
Pakistan,town,No_travel,2035,0.0
Pakistan,town,No_travel,2040,0.0
Pakistan,town,No_travel,2045,0.0
Pakistan,town,No_travel,2050,0.0
Pakistan,town,No_travel,2055,0.0
Pakistan,town,No_travel,2060,0.0
Pakistan,town,No_travel,2065,0.0
Pakistan,town,No_travel,2070,0.0
Pakistan,town,No_travel,2075,0.0
Pakistan,town,No_travel,2080,0.0
Pakistan,town,No_travel,2085,0.0
Pakistan,town,No_travel,2090,0.0
Pakistan,town,No_travel,2095,0.0
Pakistan,town,No_travel,2100,0.0
Pakistan,town,00_01,2011,0.0
Pakistan,town,00_01,2012,0.0
Pakistan,town,00_01,2013,0.0
Pakistan,town,00_01,2014,0.0
Pakistan,town,00_01,2015,0.0
Pakistan,town,00_01,2016,0.0
Pakistan,town,00_01,2017,0.0
Pakistan,town,00_01,2018,0.0
Pakistan,town,00_01,2019,0.0
Pakistan,town,00_01,2020,0.0
Pakistan,town,00_01,2025,0.0
Pakistan,town,00_01,2030,0.0
Pakistan,town,00_01,2035,0.0
Pakistan,town,00_01,2040,0.0
Pakistan,town,00_01,2045,0.0
Pakistan,town,00_01,2050,0.0
Pakistan,town,00_01,2055,0.0
Pakistan,town,00_01,2060,0.0
Pakistan,town,00_01,2065,0.0
Pakistan,town,00_01,2070,0.0
Pakistan,town,00_01,2075,0.0
Pakistan,town,00_01,2080,0.0
Pakistan,town,00_01,2085,0.0
Pakistan,town,00_01,2090,0.0
Pakistan,town,00_01,2095,0.0
Pakistan,town,00_01,2100,0.0
Pakistan,town,02_05,2011,0.0
Pakistan,town,02_05,2012,0.0
Pakistan,town,02_05,2013,0.0
Pakistan,town,02_05,2014,0.0
Pakistan,town,02_05,2015,0.0
Pakistan,town,02_05,2016,0.0
Pakistan,town,02_05,2017,0.0
Pakistan,town,02_05,2018,0.0
Pakistan,town,02_05,2019,0.0
Pakistan,town,02_05,2020,0.0
Pakistan,town,02_05,2025,0.0
Pakistan,town,02_05,2030,0.0
Pakistan,town,02_05,2035,0.0
Pakistan,town,02_05,2040,0.0
Pakistan,town,02_05,2045,0.0
Pakistan,town,02_05,2050,0.0
Pakistan,town,02_05,2055,0.0
Pakistan,town,02_05,2060,0.0
Pakistan,town,02_05,2065,0.0
Pakistan,town,02_05,2070,0.0
Pakistan,town,02_05,2075,0.0
Pakistan,town,02_05,2080,0.0
Pakistan,town,02_05,2085,0.0
Pakistan,town,02_05,2090,0.0
Pakistan,town,02_05,2095,0.0
Pakistan,town,02_05,2100,0.0
Pakistan,town,06_10,2011,0.0
Pakistan,town,06_10,2012,0.0
Pakistan,town,06_10,2013,0.0
Pakistan,town,06_10,2014,0.0
Pakistan,town,06_10,2015,0.0
Pakistan,town,06_10,2016,0.0
Pakistan,town,06_10,2017,0.0
Pakistan,town,06_10,2018,0.0
Pakistan,town,06_10,2019,0.0
Pakistan,town,06_10,2020,0.0
Pakistan,town,06_10,2025,0.0
Pakistan,town,06_10,2030,0.0
Pakistan,town,06_10,2035,0.0
Pakistan,town,06_10,2040,0.0
Pakistan,town,06_10,2045,0.0
Pakistan,town,06_10,2050,0.0
Pakistan,town,06_10,2055,0.0
Pakistan,town,06_10,2060,0.0
Pakistan,town,06_10,2065,0.0
Pakistan,town,06_10,2070,0.0
Pakistan,town,06_10,2075,0.0
Pakistan,town,06_10,2080,0.0
Pakistan,town,06_10,2085,0.0
Pakistan,town,06_10,2090,0.0
Pakistan,town,06_10,2095,0.0
Pakistan,town,06_10,2100,0.0
Pakistan,town,11_20,2011,0.0
Pakistan,town,11_20,2012,0.0
Pakistan,town,11_20,2013,0.0
Pakistan,town,11_20,2014,0.0
Pakistan,town,11_20,2015,0.0
Pakistan,town,11_20,2016,0.0
Pakistan,town,11_20,2017,0.0
Pakistan,town,11_20,2018,0.0
Pakistan,town,11_20,2019,0.0
Pakistan,town,11_20,2020,0.0
Pakistan,town,11_20,2025,0.0
Pakistan,town,11_20,2030,0.0
Pakistan,town,11_20,2035,0.0
Pakistan,town,11_20,2040,0.0
Pakistan,town,11_20,2045,0.0
Pakistan,town,11_20,2050,0.0
Pakistan,town,11_20,2055,0.0
Pakistan,town,11_20,2060,0.0
Pakistan,town,11_20,2065,0.0
Pakistan,town,11_20,2070,0.0
Pakistan,town,11_20,2075,0.0
Pakistan,town,11_20,2080,0.0
Pakistan,town,11_20,2085,0.0
Pakistan,town,11_20,2090,0.0
Pakistan,town,11_20,2095,0.0
Pakistan,town,11_20,2100,0.0
Pakistan,town,21_30,2011,0.0
Pakistan,town,21_30,2012,0.0
Pakistan,town,21_30,2013,0.0
Pakistan,town,21_30,2014,0.0
Pakistan,town,21_30,2015,0.0
Pakistan,town,21_30,2016,0.0
Pakistan,town,21_30,2017,0.0
Pakistan,town,21_30,2018,0.0
Pakistan,town,21_30,2019,0.0
Pakistan,town,21_30,2020,0.0
Pakistan,town,21_30,2025,0.0
Pakistan,town,21_30,2030,0.0
Pakistan,town,21_30,2035,0.0
Pakistan,town,21_30,2040,0.0
Pakistan,town,21_30,2045,0.0
Pakistan,town,21_30,2050,0.0
Pakistan,town,21_30,2055,0.0
Pakistan,town,21_30,2060,0.0
Pakistan,town,21_30,2065,0.0
Pakistan,town,21_30,2070,0.0
Pakistan,town,21_30,2075,0.0
Pakistan,town,21_30,2080,0.0
Pakistan,town,21_30,2085,0.0
Pakistan,town,21_30,2090,0.0
Pakistan,town,21_30,2095,0.0
Pakistan,town,21_30,2100,0.0
Pakistan,town,31_50,2011,0.015
Pakistan,town,31_50,2012,0.015001762673999131
Pakistan,town,31_50,2013,0.015004642463527064
Pakistan,town,31_50,2014,0.015007804730062649
Pakistan,town,31_50,2015,0.015010982046336305
Pakistan,town,31_50,2016,0.015014758164268251
Pakistan,town,31_50,2017,0.015017326185700987
Pakistan,town,31_50,2018,0.01502088417140746
Pakistan,town,31_50,2019,0.015021542519717317
Pakistan,town,31_50,2020,0.015019186106523396
Pakistan,town,31_50,2025,0.015029510722324448
Pakistan,town,31_50,2030,0.015036812836088733
Pakistan,town,31_50,2035,0.015040998898776543
Pakistan,town,31_50,2040,0.015041945458747197
Pakistan,town,31_50,2045,0.015039028145605652
Pakistan,town,31_50,2050,0.015031959710257713
Pakistan,town,31_50,2055,0.015020784364821578
Pakistan,town,31_50,2060,0.015005864108026921
Pakistan,town,31_50,2065,0.014987323339966736
Pakistan,town,31_50,2070,0.014965582599352243
Pakistan,town,31_50,2075,0.014940995682613825
Pakistan,town,31_50,2080,0.014914395540026184
Pakistan,town,31_50,2085,0.014886551316622197
Pakistan,town,31_50,2090,0.014858244929337128
Pakistan,town,31_50,2095,0.014829856187459071
Pakistan,town,31_50,2100,0.014801540903362321
Pakistan,town,51+,2011,0.03
Pakistan,town,51+,2012,0.030003525347998262
Pakistan,town,51+,2013,0.03000928492705413
Pakistan,town,51+,2014,0.030015609460125298
Pakistan,town,51+,2015,0.03002196409267261
Pakistan,town,51+,2016,0.030029516328536503
Pakistan,town,51+,2017,0.030034652371401974
Pakistan,town,51+,2018,0.03004176834281492
Pakistan,town,51+,2019,0.030043085039434633
Pakistan,town,51+,2020,0.030038372213046793
Pakistan,town,51+,2025,0.030059021444648896
Pakistan,town,51+,2030,0.030073625672177466
Pakistan,town,51+,2035,0.030081997797553085
Pakistan,town,51+,2040,0.030083890917494395
Pakistan,town,51+,2045,0.030078056291211304
Pakistan,town,51+,2050,0.030063919420515426
Pakistan,town,51+,2055,0.030041568729643156
Pakistan,town,51+,2060,0.030011728216053843
Pakistan,town,51+,2065,0.02997464667993347
Pakistan,town,51+,2070,0.029931165198704486
Pakistan,town,51+,2075,0.02988199136522765
Pakistan,town,51+,2080,0.029828791080052368
Pakistan,town,51+,2085,0.029773102633244394
Pakistan,town,51+,2090,0.029716489858674255
Pakistan,town,51+,2095,0.029659712374918143
Pakistan,town,51+,2100,0.029603081806724642
Pakistan,rural,No_travel,2011,0.0
Pakistan,rural,No_travel,2012,0.0
Pakistan,rural,No_travel,2013,0.0
Pakistan,rural,No_travel,2014,0.0
Pakistan,rural,No_travel,2015,0.0
Pakistan,rural,No_travel,2016,0.0
Pakistan,rural,No_travel,2017,0.0
Pakistan,rural,No_travel,2018,0.0
Pakistan,rural,No_travel,2019,0.0
Pakistan,rural,No_travel,2020,0.0
Pakistan,rural,No_travel,2025,0.0
Pakistan,rural,No_travel,2030,0.0
Pakistan,rural,No_travel,2035,0.0
Pakistan,rural,No_travel,2040,0.0
Pakistan,rural,No_travel,2045,0.0
Pakistan,rural,No_travel,2050,0.0
Pakistan,rural,No_travel,2055,0.0
Pakistan,rural,No_travel,2060,0.0
Pakistan,rural,No_travel,2065,0.0
Pakistan,rural,No_travel,2070,0.0
Pakistan,rural,No_travel,2075,0.0
Pakistan,rural,No_travel,2080,0.0
Pakistan,rural,No_travel,2085,0.0
Pakistan,rural,No_travel,2090,0.0
Pakistan,rural,No_travel,2095,0.0
Pakistan,rural,No_travel,2100,0.0
Pakistan,rural,00_01,2011,0.0
Pakistan,rural,00_01,2012,0.0
Pakistan,rural,00_01,2013,0.0
Pakistan,rural,00_01,2014,0.0
Pakistan,rural,00_01,2015,0.0
Pakistan,rural,00_01,2016,0.0
Pakistan,rural,00_01,2017,0.0
Pakistan,rural,00_01,2018,0.0
Pakistan,rural,00_01,2019,0.0
Pakistan,rural,00_01,2020,0.0
Pakistan,rural,00_01,2025,0.0
Pakistan,rural,00_01,2030,0.0
Pakistan,rural,00_01,2035,0.0
Pakistan,rural,00_01,2040,0.0
Pakistan,rural,00_01,2045,0.0
Pakistan,rural,00_01,2050,0.0
Pakistan,rural,00_01,2055,0.0
Pakistan,rural,00_01,2060,0.0
Pakistan,rural,00_01,2065,0.0
Pakistan,rural,00_01,2070,0.0
Pakistan,rural,00_01,2075,0.0
Pakistan,rural,00_01,2080,0.0
Pakistan,rural,00_01,2085,0.0
Pakistan,rural,00_01,2090,0.0
Pakistan,rural,00_01,2095,0.0
Pakistan,rural,00_01,2100,0.0
Pakistan,rural,02_05,2011,0.0
Pakistan,rural,02_05,2012,0.0
Pakistan,rural,02_05,2013,0.0
Pakistan,rural,02_05,2014,0.0
Pakistan,rural,02_05,2015,0.0
Pakistan,rural,02_05,2016,0.0
Pakistan,rural,02_05,2017,0.0
Pakistan,rural,02_05,2018,0.0
Pakistan,rural,02_05,2019,0.0
Pakistan,rural,02_05,2020,0.0
Pakistan,rural,02_05,2025,0.0
Pakistan,rural,02_05,2030,0.0
Pakistan,rural,02_05,2035,0.0
Pakistan,rural,02_05,2040,0.0
Pakistan,rural,02_05,2045,0.0
Pakistan,rural,02_05,2050,0.0
Pakistan,rural,02_05,2055,0.0
Pakistan,rural,02_05,2060,0.0
Pakistan,rural,02_05,2065,0.0
Pakistan,rural,02_05,2070,0.0
Pakistan,rural,02_05,2075,0.0
Pakistan,rural,02_05,2080,0.0
Pakistan,rural,02_05,2085,0.0
Pakistan,rural,02_05,2090,0.0
Pakistan,rural,02_05,2095,0.0
Pakistan,rural,02_05,2100,0.0
Pakistan,rural,06_10,2011,0.0
Pakistan,rural,06_10,2012,0.0
Pakistan,rural,06_10,2013,0.0
Pakistan,rural,06_10,2014,0.0
Pakistan,rural,06_10,2015,0.0
Pakistan,rural,06_10,2016,0.0
Pakistan,rural,06_10,2017,0.0
Pakistan,rural,06_10,2018,0.0
Pakistan,rural,06_10,2019,0.0
Pakistan,rural,06_10,2020,0.0
Pakistan,rural,06_10,2025,0.0
Pakistan,rural,06_10,2030,0.0
Pakistan,rural,06_10,2035,0.0
Pakistan,rural,06_10,2040,0.0
Pakistan,rural,06_10,2045,0.0
Pakistan,rural,06_10,2050,0.0
Pakistan,rural,06_10,2055,0.0
Pakistan,rural,06_10,2060,0.0
Pakistan,rural,06_10,2065,0.0
Pakistan,rural,06_10,2070,0.0
Pakistan,rural,06_10,2075,0.0
Pakistan,rural,06_10,2080,0.0
Pakistan,rural,06_10,2085,0.0
Pakistan,rural,06_10,2090,0.0
Pakistan,rural,06_10,2095,0.0
Pakistan,rural,06_10,2100,0.0
Pakistan,rural,11_20,2011,0.0
Pakistan,rural,11_20,2012,0.0
Pakistan,rural,11_20,2013,0.0
Pakistan,rural,11_20,2014,0.0
Pakistan,rural,11_20,2015,0.0
Pakistan,rural,11_20,2016,0.0
Pakistan,rural,11_20,2017,0.0
Pakistan,rural,11_20,2018,0.0
Pakistan,rural,11_20,2019,0.0
Pakistan,rural,11_20,2020,0.0
Pakistan,rural,11_20,2025,0.0
Pakistan,rural,11_20,2030,0.0
Pakistan,rural,11_20,2035,0.0
Pakistan,rural,11_20,2040,0.0
Pakistan,rural,11_20,2045,0.0
Pakistan,rural,11_20,2050,0.0
Pakistan,rural,11_20,2055,0.0
Pakistan,rural,11_20,2060,0.0
Pakistan,rural,11_20,2065,0.0
Pakistan,rural,11_20,2070,0.0
Pakistan,rural,11_20,2075,0.0
Pakistan,rural,11_20,2080,0.0
Pakistan,rural,11_20,2085,0.0
Pakistan,rural,11_20,2090,0.0
Pakistan,rural,11_20,2095,0.0
Pakistan,rural,11_20,2100,0.0
Pakistan,rural,21_30,2011,0.0
Pakistan,rural,21_30,2012,0.0
Pakistan,rural,21_30,2013,0.0
Pakistan,rural,21_30,2014,0.0
Pakistan,rural,21_30,2015,0.0
Pakistan,rural,21_30,2016,0.0
Pakistan,rural,21_30,2017,0.0
Pakistan,rural,21_30,2018,0.0
Pakistan,rural,21_30,2019,0.0
Pakistan,rural,21_30,2020,0.0
Pakistan,rural,21_30,2025,0.0
Pakistan,rural,21_30,2030,0.0
Pakistan,rural,21_30,2035,0.0
Pakistan,rural,21_30,2040,0.0
Pakistan,rural,21_30,2045,0.0
Pakistan,rural,21_30,2050,0.0
Pakistan,rural,21_30,2055,0.0
Pakistan,rural,21_30,2060,0.0
Pakistan,rural,21_30,2065,0.0
Pakistan,rural,21_30,2070,0.0
Pakistan,rural,21_30,2075,0.0
Pakistan,rural,21_30,2080,0.0
Pakistan,rural,21_30,2085,0.0
Pakistan,rural,21_30,2090,0.0
Pakistan,rural,21_30,2095,0.0
Pakistan,rural,21_30,2100,0.0
Pakistan,rural,31_50,2011,0.01
Pakistan,rural,31_50,2012,0.010001175115999421
Pakistan,rural,31_50,2013,0.01000309497568471
Pakistan,rural,31_50,2014,0.0100052031533751
Pakistan,rural,31_50,2015,0.010007321364224204
Pakistan,rural,31_50,2016,0.010009838776178835
Pakistan,rural,31_50,2017,0.010011550790467325
Pakistan,rural,31_50,2018,0.010013922780938307
Pakistan,rural,31_50,2019,0.010014361679811545
Pakistan,rural,31_50,2020,0.010012790737682265
Pakistan,rural,31_50,2025,0.010019673814882966
Pakistan,rural,31_50,2030,0.010024541890725823
Pakistan,rural,31_50,2035,0.010027332599184362
Pakistan,rural,31_50,2040,0.010027963639164798
Pakistan,rural,31_50,2045,0.0100260187637371
Pakistan,rural,31_50,2050,0.010021306473505144
Pakistan,rural,31_50,2055,0.010013856243214386
Pakistan,rural,31_50,2060,0.010003909405351282
Pakistan,rural,31_50,2065,0.009991548893311157
Pakistan,rural,31_50,2070,0.009977055066234829
Pakistan,rural,31_50,2075,0.009960663788409218
Pakistan,rural,31_50,2080,0.009942930360017458
Pakistan,rural,31_50,2085,0.009924367544414798
Pakistan,rural,31_50,2090,0.009905496619558085
Pakistan,rural,31_50,2095,0.009886570791639382
Pakistan,rural,31_50,2100,0.00986769393557488
Pakistan,rural,51+,2011,0.02
Pakistan,rural,51+,2012,0.020002350231998842
Pakistan,rural,51+,2013,0.02000618995136942
Pakistan,rural,51+,2014,0.0200104063067502
Pakistan,rural,51+,2015,0.02001464272844841
Pakistan,rural,51+,2016,0.02001967755235767
Pakistan,rural,51+,2017,0.02002310158093465
Pakistan,rural,51+,2018,0.020027845561876614
Pakistan,rural,51+,2019,0.02002872335962309
Pakistan,rural,51+,2020,0.02002558147536453
Pakistan,rural,51+,2025,0.020039347629765933
Pakistan,rural,51+,2030,0.020049083781451645
Pakistan,rural,51+,2035,0.020054665198368724
Pakistan,rural,51+,2040,0.020055927278329597
Pakistan,rural,51+,2045,0.0200520375274742
Pakistan,rural,51+,2050,0.020042612947010287
Pakistan,rural,51+,2055,0.020027712486428772
Pakistan,rural,51+,2060,0.020007818810702564
Pakistan,rural,51+,2065,0.019983097786622314
Pakistan,rural,51+,2070,0.019954110132469657
Pakistan,rural,51+,2075,0.019921327576818436
Pakistan,rural,51+,2080,0.019885860720034915
Pakistan,rural,51+,2085,0.019848735088829596
Pakistan,rural,51+,2090,0.01981099323911617
Pakistan,rural,51+,2095,0.019773141583278763
Pakistan,rural,51+,2100,0.01973538787114976
Sri Lanka,large_city,No_travel,2011,0.0
Sri Lanka,large_city,No_travel,2012,0.0
Sri Lanka,large_city,No_travel,2013,0.0
Sri Lanka,large_city,No_travel,2014,0.0
Sri Lanka,large_city,No_travel,2015,0.0
Sri Lanka,large_city,No_travel,2016,0.0
Sri Lanka,large_city,No_travel,2017,0.0
Sri Lanka,large_city,No_travel,2018,0.0
Sri Lanka,large_city,No_travel,2019,0.0
Sri Lanka,large_city,No_travel,2020,0.0
Sri Lanka,large_city,No_travel,2025,0.0
Sri Lanka,large_city,No_travel,2030,0.0
Sri Lanka,large_city,No_travel,2035,0.0
Sri Lanka,large_city,No_travel,2040,0.0
Sri Lanka,large_city,No_travel,2045,0.0
Sri Lanka,large_city,No_travel,2050,0.0
Sri Lanka,large_city,No_travel,2055,0.0
Sri Lanka,large_city,No_travel,2060,0.0
Sri Lanka,large_city,No_travel,2065,0.0
Sri Lanka,large_city,No_travel,2070,0.0
Sri Lanka,large_city,No_travel,2075,0.0
Sri Lanka,large_city,No_travel,2080,0.0
Sri Lanka,large_city,No_travel,2085,0.0
Sri Lanka,large_city,No_travel,2090,0.0
Sri Lanka,large_city,No_travel,2095,0.0
Sri Lanka,large_city,No_travel,2100,0.0
Sri Lanka,large_city,00_01,2011,0.0148185504998143
Sri Lanka,large_city,00_01,2012,0.014825496475733911
Sri Lanka,large_city,00_01,2013,0.01482847539117248
Sri Lanka,large_city,00_01,2014,0.014833079009169275
Sri Lanka,large_city,00_01,2015,0.014835856607508918
Sri Lanka,large_city,00_01,2016,0.014839082251610685
Sri Lanka,large_city,00_01,2017,0.014842951057640604
Sri Lanka,large_city,00_01,2018,0.014844151837979347
Sri Lanka,large_city,00_01,2019,0.014843822353788925
Sri Lanka,large_city,00_01,2020,0.014840603014390745
Sri Lanka,large_city,00_01,2025,0.014837187353458733
Sri Lanka,large_city,00_01,2030,0.01484474645802262
Sri Lanka,large_city,00_01,2035,0.014851247932239377
Sri Lanka,large_city,00_01,2040,0.014856136529036232
Sri Lanka,large_city,00_01,2045,0.014859154278331814
Sri Lanka,large_city,00_01,2050,0.014860085632751633
Sri Lanka,large_city,00_01,2055,0.014858812352049113
Sri Lanka,large_city,00_01,2060,0.01485542752774733
Sri Lanka,large_city,00_01,2065,0.014850214424642984
Sri Lanka,large_city,00_01,2070,0.014843502525873992
Sri Lanka,large_city,00_01,2075,0.014835275776434719
Sri Lanka,large_city,00_01,2080,0.014825960672208014
Sri Lanka,large_city,00_01,2085,0.014815785772536014
Sri Lanka,large_city,00_01,2090,0.014805236271358598
Sri Lanka,large_city,00_01,2095,0.014794567124064396
Sri Lanka,large_city,00_01,2100,0.014783597436205753
Sri Lanka,large_city,02_05,2011,0.0281239000525509
Sri Lanka,large_city,02_05,2012,0.02813708271387348
Sri Lanka,large_city,02_05,2013,0.028142736351863266
Sri Lanka,large_city,02_05,2014,0.02815147348795654
Sri Lanka,large_city,02_05,2015,0.028156745049307378
Sri Lanka,large_city,02_05,2016,0.028162866949848483
Sri Lanka,large_city,02_05,2017,0.02817020949756322
Sri Lanka,large_city,02_05,2018,0.02817248844017858
Sri Lanka,large_city,02_05,2019,0.028171863117179514
Sri Lanka,large_city,02_05,2020,0.028165753182238795
Sri Lanka,large_city,02_05,2025,0.02815927065166561
Sri Lanka,large_city,02_05,2030,0.028173616960452307
Sri Lanka,large_city,02_05,2035,0.028185956008800427
Sri Lanka,large_city,02_05,2040,0.028195234001793988
Sri Lanka,large_city,02_05,2045,0.028200961341966268
Sri Lanka,large_city,02_05,2050,0.028202728945256272
Sri Lanka,large_city,02_05,2055,0.028200312405310818
Sri Lanka,large_city,02_05,2060,0.02819388839910589
Sri Lanka,large_city,02_05,2065,0.028183994530561054
Sri Lanka,large_city,02_05,2070,0.02817125612067782
Sri Lanka,large_city,02_05,2075,0.028155642698906885
Sri Lanka,large_city,02_05,2080,0.028137963705252667
Sri Lanka,large_city,02_05,2085,0.028118652918990298
Sri Lanka,large_city,02_05,2090,0.028098631182267693
Sri Lanka,large_city,02_05,2095,0.028078382371012376
Sri Lanka,large_city,02_05,2100,0.02805756316842249
Sri Lanka,large_city,06_10,2011,0.05
Sri Lanka,large_city,06_10,2012,0.05002343675894514
Sri Lanka,large_city,06_10,2013,0.05003348806402591
Sri Lanka,large_city,06_10,2014,0.05004902135790932
Sri Lanka,large_city,06_10,2015,0.05005839338906607
Sri Lanka,large_city,06_10,2016,0.05006927719346316
Sri Lanka,large_city,06_10,2017,0.05008233112215196
Sri Lanka,large_city,06_10,2018,0.050086382734145854
Sri Lanka,large_city,06_10,2019,0.05008527100533531
Sri Lanka,large_city,06_10,2020,0.05007440847394865
Sri Lanka,large_city,06_10,2025,0.050062883524419836
Sri Lanka,large_city,06_10,2030,0.050088389070876566
Sri Lanka,large_city,06_10,2035,0.05011032601476604
Sri Lanka,large_city,06_10,2040,0.05012682086963365
Sri Lanka,large_city,06_10,2045,0.050137003205941166
Sri Lanka,large_city,06_10,2050,0.05014014573469198
Sri Lanka,large_city,06_10,2055,0.05013584949565519
Sri Lanka,large_city,06_10,2060,0.05012442859351693
Sri Lanka,large_city,06_10,2065,0.05010683880595839
Sri Lanka,large_city,06_10,2070,0.050084191858238786
Sri Lanka,large_city,06_10,2075,0.05005643357837404
Sri Lanka,large_city,06_10,2080,0.05002500302709704
Sri Lanka,large_city,06_10,2085,0.04999067139772436
Sri Lanka,large_city,06_10,2090,0.049955075806989796
Sri Lanka,large_city,06_10,2095,0.04991907651240854
Sri Lanka,large_city,06_10,2100,0.049882063149128575
Sri Lanka,large_city,11_20,2011,0.08
Sri Lanka,large_city,11_20,2012,0.08003749881431223
Sri Lanka,large_city,11_20,2013,0.08005358090244145
Sri Lanka,large_city,11_20,2014,0.08007843417265491
Sri Lanka,large_city,11_20,2015,0.08009342942250572
Sri Lanka,large_city,11_20,2016,0.08011084350954105
Sri Lanka,large_city,11_20,2017,0.08013172979544313
Sri Lanka,large_city,11_20,2018,0.08013821237463337
Sri Lanka,large_city,11_20,2019,0.08013643360853649
Sri Lanka,large_city,11_20,2020,0.08011905355831785
Sri Lanka,large_city,11_20,2025,0.08010061363907173
Sri Lanka,large_city,11_20,2030,0.08014142251340249
Sri Lanka,large_city,11_20,2035,0.08017652162362567
Sri Lanka,large_city,11_20,2040,0.08020291339141383
Sri Lanka,large_city,11_20,2045,0.08021920512950587
Sri Lanka,large_city,11_20,2050,0.08022423317550717
Sri Lanka,large_city,11_20,2055,0.08021735919304829
Sri Lanka,large_city,11_20,2060,0.08019908574962707
Sri Lanka,large_city,11_20,2065,0.08017094208953342
Sri Lanka,large_city,11_20,2070,0.08013470697318205
Sri Lanka,large_city,11_20,2075,0.08009029372539846
Sri Lanka,large_city,11_20,2080,0.08004000484335526
Sri Lanka,large_city,11_20,2085,0.07998507423635898
Sri Lanka,large_city,11_20,2090,0.07992812129118368
Sri Lanka,large_city,11_20,2095,0.07987052241985365
Sri Lanka,large_city,11_20,2100,0.07981130103860572
Sri Lanka,large_city,21_30,2011,0.12
Sri Lanka,large_city,21_30,2012,0.12005624822146833
Sri Lanka,large_city,21_30,2013,0.12008037135366217
Sri Lanka,large_city,21_30,2014,0.12011765125898236
Sri Lanka,large_city,21_30,2015,0.12014014413375856
Sri Lanka,large_city,21_30,2016,0.12016626526431157
Sri Lanka,large_city,21_30,2017,0.1201975946931647
Sri Lanka,large_city,21_30,2018,0.12020731856195004
Sri Lanka,large_city,21_30,2019,0.12020465041280473
Sri Lanka,large_city,21_30,2020,0.12017858033747676
Sri Lanka,large_city,21_30,2025,0.12015092045860759
Sri Lanka,large_city,21_30,2030,0.12021213377010374
Sri Lanka,large_city,21_30,2035,0.12026478243543849
Sri Lanka,large_city,21_30,2040,0.12030437008712075
Sri Lanka,large_city,21_30,2045,0.1203288076942588
Sri Lanka,large_city,21_30,2050,0.12033634976326074
Sri Lanka,large_city,21_30,2055,0.12032603878957243
Sri Lanka,large_city,21_30,2060,0.12029862862444061
Sri Lanka,large_city,21_30,2065,0.12025641313430012
Sri Lanka,large_city,21_30,2070,0.12020206045977307
Sri Lanka,large_city,21_30,2075,0.12013544058809769
Sri Lanka,large_city,21_30,2080,0.12006000726503288
Sri Lanka,large_city,21_30,2085,0.11997761135453845
Sri Lanka,large_city,21_30,2090,0.1198921819367755
Sri Lanka,large_city,21_30,2095,0.11980578362978048
Sri Lanka,large_city,21_30,2100,0.11971695155790857
Sri Lanka,large_city,31_50,2011,0.2
Sri Lanka,large_city,31_50,2012,0.20009374703578056
Sri Lanka,large_city,31_50,2013,0.20013395225610364
Sri Lanka,large_city,31_50,2014,0.20019608543163728
Sri Lanka,large_city,31_50,2015,0.20023357355626428
Sri Lanka,large_city,31_50,2016,0.20027710877385263
Sri Lanka,large_city,31_50,2017,0.20032932448860785
Sri Lanka,large_city,31_50,2018,0.20034553093658342
Sri Lanka,large_city,31_50,2019,0.20034108402134124
Sri Lanka,large_city,31_50,2020,0.2002976338957946
Sri Lanka,large_city,31_50,2025,0.20025153409767935
Sri Lanka,large_city,31_50,2030,0.20035355628350626
Sri Lanka,large_city,31_50,2035,0.20044130405906416
Sri Lanka,large_city,31_50,2040,0.2005072834785346
Sri Lanka,large_city,31_50,2045,0.20054801282376467
Sri Lanka,large_city,31_50,2050,0.2005605829387679
Sri Lanka,large_city,31_50,2055,0.20054339798262075
Sri Lanka,large_city,31_50,2060,0.20049771437406771
Sri Lanka,large_city,31_50,2065,0.20042735522383356
Sri Lanka,large_city,31_50,2070,0.20033676743295514
Sri Lanka,large_city,31_50,2075,0.20022573431349616
Sri Lanka,large_city,31_50,2080,0.20010001210838815
Sri Lanka,large_city,31_50,2085,0.19996268559089744
Sri Lanka,large_city,31_50,2090,0.19982030322795918
Sri Lanka,large_city,31_50,2095,0.19967630604963416
Sri Lanka,large_city,31_50,2100,0.1995282525965143
Sri Lanka,large_city,51+,2011,0.35
Sri Lanka,large_city,51+,2012,0.35016405731261596
Sri Lanka,large_city,51+,2013,0.3502344164481814
Sri Lanka,large_city,51+,2014,0.3503431495053652
Sri Lanka,large_city,51+,2015,0.3504087537234625
Sri Lanka,large_city,51+,2016,0.3504849403542421
Sri Lanka,large_city,51+,2017,0.35057631785506366
Sri Lanka,large_city,51+,2018,0.35060467913902094
Sri Lanka,large_city,51+,2019,0.35059689703734714
Sri Lanka,large_city,51+,2020,0.35052085931764054
Sri Lanka,large_city,51+,2025,0.3504401846709388
Sri Lanka,large_city,51+,2030,0.3506187234961359
Sri Lanka,large_city,51+,2035,0.35077228210336225
Sri Lanka,large_city,51+,2040,0.3508877460874355
Sri Lanka,large_city,51+,2045,0.35095902244158816
Sri Lanka,large_city,51+,2050,0.3509810201428438
Sri Lanka,large_city,51+,2055,0.35095094646958624
Sri Lanka,large_city,51+,2060,0.3508710001546184
Sri Lanka,large_city,51+,2065,0.3507478716417087
Sri Lanka,large_city,51+,2070,0.3505893430076714
Sri Lanka,large_city,51+,2075,0.35039503504861824
Sri Lanka,large_city,51+,2080,0.35017502118967925
Sri Lanka,large_city,51+,2085,0.3499346997840705
Sri Lanka,large_city,51+,2090,0.34968553064892854
Sri Lanka,large_city,51+,2095,0.3494335355868597
Sri Lanka,large_city,51+,2100,0.34917444204389997
Sri Lanka,city,No_travel,2011,0.0
Sri Lanka,city,No_travel,2012,0.0
Sri Lanka,city,No_travel,2013,0.0
Sri Lanka,city,No_travel,2014,0.0
Sri Lanka,city,No_travel,2015,0.0
Sri Lanka,city,No_travel,2016,0.0
Sri Lanka,city,No_travel,2017,0.0
Sri Lanka,city,No_travel,2018,0.0
Sri Lanka,city,No_travel,2019,0.0
Sri Lanka,city,No_travel,2020,0.0
Sri Lanka,city,No_travel,2025,0.0
Sri Lanka,city,No_travel,2030,0.0
Sri Lanka,city,No_travel,2035,0.0
Sri Lanka,city,No_travel,2040,0.0
Sri Lanka,city,No_travel,2045,0.0
Sri Lanka,city,No_travel,2050,0.0
Sri Lanka,city,No_travel,2055,0.0
Sri Lanka,city,No_travel,2060,0.0
Sri Lanka,city,No_travel,2065,0.0
Sri Lanka,city,No_travel,2070,0.0
Sri Lanka,city,No_travel,2075,0.0
Sri Lanka,city,No_travel,2080,0.0
Sri Lanka,city,No_travel,2085,0.0
Sri Lanka,city,No_travel,2090,0.0
Sri Lanka,city,No_travel,2095,0.0
Sri Lanka,city,No_travel,2100,0.0
Sri Lanka,city,00_01,2011,0.0
Sri Lanka,city,00_01,2012,0.0
Sri Lanka,city,00_01,2013,0.0
Sri Lanka,city,00_01,2014,0.0
Sri Lanka,city,00_01,2015,0.0
Sri Lanka,city,00_01,2016,0.0
Sri Lanka,city,00_01,2017,0.0
Sri Lanka,city,00_01,2018,0.0
Sri Lanka,city,00_01,2019,0.0
Sri Lanka,city,00_01,2020,0.0
Sri Lanka,city,00_01,2025,0.0
Sri Lanka,city,00_01,2030,0.0
Sri Lanka,city,00_01,2035,0.0
Sri Lanka,city,00_01,2040,0.0
Sri Lanka,city,00_01,2045,0.0
Sri Lanka,city,00_01,2050,0.0
Sri Lanka,city,00_01,2055,0.0
Sri Lanka,city,00_01,2060,0.0
Sri Lanka,city,00_01,2065,0.0
Sri Lanka,city,00_01,2070,0.0
Sri Lanka,city,00_01,2075,0.0
Sri Lanka,city,00_01,2080,0.0
Sri Lanka,city,00_01,2085,0.0
Sri Lanka,city,00_01,2090,0.0
Sri Lanka,city,00_01,2095,0.0
Sri Lanka,city,00_01,2100,0.0
Sri Lanka,city,02_05,2011,0.0
Sri Lanka,city,02_05,2012,0.0
Sri Lanka,city,02_05,2013,0.0
Sri Lanka,city,02_05,2014,0.0
Sri Lanka,city,02_05,2015,0.0
Sri Lanka,city,02_05,2016,0.0
Sri Lanka,city,02_05,2017,0.0
Sri Lanka,city,02_05,2018,0.0
Sri Lanka,city,02_05,2019,0.0
Sri Lanka,city,02_05,2020,0.0
Sri Lanka,city,02_05,2025,0.0
Sri Lanka,city,02_05,2030,0.0
Sri Lanka,city,02_05,2035,0.0
Sri Lanka,city,02_05,2040,0.0
Sri Lanka,city,02_05,2045,0.0
Sri Lanka,city,02_05,2050,0.0
Sri Lanka,city,02_05,2055,0.0
Sri Lanka,city,02_05,2060,0.0
Sri Lanka,city,02_05,2065,0.0
Sri Lanka,city,02_05,2070,0.0
Sri Lanka,city,02_05,2075,0.0
Sri Lanka,city,02_05,2080,0.0
Sri Lanka,city,02_05,2085,0.0
Sri Lanka,city,02_05,2090,0.0
Sri Lanka,city,02_05,2095,0.0
Sri Lanka,city,02_05,2100,0.0
Sri Lanka,city,06_10,2011,0.0
Sri Lanka,city,06_10,2012,0.0
Sri Lanka,city,06_10,2013,0.0
Sri Lanka,city,06_10,2014,0.0
Sri Lanka,city,06_10,2015,0.0
Sri Lanka,city,06_10,2016,0.0
Sri Lanka,city,06_10,2017,0.0
Sri Lanka,city,06_10,2018,0.0
Sri Lanka,city,06_10,2019,0.0
Sri Lanka,city,06_10,2020,0.0
Sri Lanka,city,06_10,2025,0.0
Sri Lanka,city,06_10,2030,0.0
Sri Lanka,city,06_10,2035,0.0
Sri Lanka,city,06_10,2040,0.0
Sri Lanka,city,06_10,2045,0.0
Sri Lanka,city,06_10,2050,0.0
Sri Lanka,city,06_10,2055,0.0
Sri Lanka,city,06_10,2060,0.0
Sri Lanka,city,06_10,2065,0.0
Sri Lanka,city,06_10,2070,0.0
Sri Lanka,city,06_10,2075,0.0
Sri Lanka,city,06_10,2080,0.0
Sri Lanka,city,06_10,2085,0.0
Sri Lanka,city,06_10,2090,0.0
Sri Lanka,city,06_10,2095,0.0
Sri Lanka,city,06_10,2100,0.0
Sri Lanka,city,11_20,2011,0.0
Sri Lanka,city,11_20,2012,0.0
Sri Lanka,city,11_20,2013,0.0
Sri Lanka,city,11_20,2014,0.0
Sri Lanka,city,11_20,2015,0.0
Sri Lanka,city,11_20,2016,0.0
Sri Lanka,city,11_20,2017,0.0
Sri Lanka,city,11_20,2018,0.0
Sri Lanka,city,11_20,2019,0.0
Sri Lanka,city,11_20,2020,0.0
Sri Lanka,city,11_20,2025,0.0
Sri Lanka,city,11_20,2030,0.0
Sri Lanka,city,11_20,2035,0.0
Sri Lanka,city,11_20,2040,0.0
Sri Lanka,city,11_20,2045,0.0
Sri Lanka,city,11_20,2050,0.0
Sri Lanka,city,11_20,2055,0.0
Sri Lanka,city,11_20,2060,0.0
Sri Lanka,city,11_20,2065,0.0
Sri Lanka,city,11_20,2070,0.0
Sri Lanka,city,11_20,2075,0.0
Sri Lanka,city,11_20,2080,0.0
Sri Lanka,city,11_20,2085,0.0
Sri Lanka,city,11_20,2090,0.0
Sri Lanka,city,11_20,2095,0.0
Sri Lanka,city,11_20,2100,0.0
Sri Lanka,city,21_30,2011,0.0
Sri Lanka,city,21_30,2012,0.0
Sri Lanka,city,21_30,2013,0.0
Sri Lanka,city,21_30,2014,0.0
Sri Lanka,city,21_30,2015,0.0
Sri Lanka,city,21_30,2016,0.0
Sri Lanka,city,21_30,2017,0.0
Sri Lanka,city,21_30,2018,0.0
Sri Lanka,city,21_30,2019,0.0
Sri Lanka,city,21_30,2020,0.0
Sri Lanka,city,21_30,2025,0.0
Sri Lanka,city,21_30,2030,0.0
Sri Lanka,city,21_30,2035,0.0
Sri Lanka,city,21_30,2040,0.0
Sri Lanka,city,21_30,2045,0.0
Sri Lanka,city,21_30,2050,0.0
Sri Lanka,city,21_30,2055,0.0
Sri Lanka,city,21_30,2060,0.0
Sri Lanka,city,21_30,2065,0.0
Sri Lanka,city,21_30,2070,0.0
Sri Lanka,city,21_30,2075,0.0
Sri Lanka,city,21_30,2080,0.0
Sri Lanka,city,21_30,2085,0.0
Sri Lanka,city,21_30,2090,0.0
Sri Lanka,city,21_30,2095,0.0
Sri Lanka,city,21_30,2100,0.0
Sri Lanka,city,31_50,2011,0.12
Sri Lanka,city,31_50,2012,0.12005624822146833
Sri Lanka,city,31_50,2013,0.12008037135366217
Sri Lanka,city,31_50,2014,0.12011765125898236
Sri Lanka,city,31_50,2015,0.12014014413375856
Sri Lanka,city,31_50,2016,0.12016626526431157
Sri Lanka,city,31_50,2017,0.1201975946931647
Sri Lanka,city,31_50,2018,0.12020731856195004
Sri Lanka,city,31_50,2019,0.12020465041280473
Sri Lanka,city,31_50,2020,0.12017858033747676
Sri Lanka,city,31_50,2025,0.12015092045860759
Sri Lanka,city,31_50,2030,0.12021213377010374
Sri Lanka,city,31_50,2035,0.12026478243543849
Sri Lanka,city,31_50,2040,0.12030437008712075
Sri Lanka,city,31_50,2045,0.1203288076942588
Sri Lanka,city,31_50,2050,0.12033634976326074
Sri Lanka,city,31_50,2055,0.12032603878957243
Sri Lanka,city,31_50,2060,0.12029862862444061
Sri Lanka,city,31_50,2065,0.12025641313430012
Sri Lanka,city,31_50,2070,0.12020206045977307
Sri Lanka,city,31_50,2075,0.12013544058809769
Sri Lanka,city,31_50,2080,0.12006000726503288
Sri Lanka,city,31_50,2085,0.11997761135453845
Sri Lanka,city,31_50,2090,0.1198921819367755
Sri Lanka,city,31_50,2095,0.11980578362978048
Sri Lanka,city,31_50,2100,0.11971695155790857
Sri Lanka,city,51+,2011,0.2
Sri Lanka,city,51+,2012,0.20009374703578056
Sri Lanka,city,51+,2013,0.20013395225610364
Sri Lanka,city,51+,2014,0.20019608543163728
Sri Lanka,city,51+,2015,0.20023357355626428
Sri Lanka,city,51+,2016,0.20027710877385263
Sri Lanka,city,51+,2017,0.20032932448860785
Sri Lanka,city,51+,2018,0.20034553093658342
Sri Lanka,city,51+,2019,0.20034108402134124
Sri Lanka,city,51+,2020,0.2002976338957946
Sri Lanka,city,51+,2025,0.20025153409767935
Sri Lanka,city,51+,2030,0.20035355628350626
Sri Lanka,city,51+,2035,0.20044130405906416
Sri Lanka,city,51+,2040,0.2005072834785346
Sri Lanka,city,51+,2045,0.20054801282376467
Sri Lanka,city,51+,2050,0.2005605829387679
Sri Lanka,city,51+,2055,0.20054339798262075
Sri Lanka,city,51+,2060,0.20049771437406771
Sri Lanka,city,51+,2065,0.20042735522383356
Sri Lanka,city,51+,2070,0.20033676743295514
Sri Lanka,city,51+,2075,0.20022573431349616
Sri Lanka,city,51+,2080,0.20010001210838815
Sri Lanka,city,51+,2085,0.19996268559089744
Sri Lanka,city,51+,2090,0.19982030322795918
Sri Lanka,city,51+,2095,0.19967630604963416
Sri Lanka,city,51+,2100,0.1995282525965143
Sri Lanka,town,No_travel,2011,0.0
Sri Lanka,town,No_travel,2012,0.0
Sri Lanka,town,No_travel,2013,0.0
Sri Lanka,town,No_travel,2014,0.0
Sri Lanka,town,No_travel,2015,0.0
Sri Lanka,town,No_travel,2016,0.0
Sri Lanka,town,No_travel,2017,0.0
Sri Lanka,town,No_travel,2018,0.0
Sri Lanka,town,No_travel,2019,0.0
Sri Lanka,town,No_travel,2020,0.0
Sri Lanka,town,No_travel,2025,0.0
Sri Lanka,town,No_travel,2030,0.0
Sri Lanka,town,No_travel,2035,0.0
Sri Lanka,town,No_travel,2040,0.0
Sri Lanka,town,No_travel,2045,0.0
Sri Lanka,town,No_travel,2050,0.0
Sri Lanka,town,No_travel,2055,0.0
Sri Lanka,town,No_travel,2060,0.0
Sri Lanka,town,No_travel,2065,0.0
Sri Lanka,town,No_travel,2070,0.0
Sri Lanka,town,No_travel,2075,0.0
Sri Lanka,town,No_travel,2080,0.0
Sri Lanka,town,No_travel,2085,0.0
Sri Lanka,town,No_travel,2090,0.0
Sri Lanka,town,No_travel,2095,0.0
Sri Lanka,town,No_travel,2100,0.0
Sri Lanka,town,00_01,2011,0.0
Sri Lanka,town,00_01,2012,0.0
Sri Lanka,town,00_01,2013,0.0
Sri Lanka,town,00_01,2014,0.0
Sri Lanka,town,00_01,2015,0.0
Sri Lanka,town,00_01,2016,0.0
Sri Lanka,town,00_01,2017,0.0
Sri Lanka,town,00_01,2018,0.0
Sri Lanka,town,00_01,2019,0.0
Sri Lanka,town,00_01,2020,0.0
Sri Lanka,town,00_01,2025,0.0
Sri Lanka,town,00_01,2030,0.0
Sri Lanka,town,00_01,2035,0.0
Sri Lanka,town,00_01,2040,0.0
Sri Lanka,town,00_01,2045,0.0
Sri Lanka,town,00_01,2050,0.0
Sri Lanka,town,00_01,2055,0.0
Sri Lanka,town,00_01,2060,0.0
Sri Lanka,town,00_01,2065,0.0
Sri Lanka,town,00_01,2070,0.0
Sri Lanka,town,00_01,2075,0.0
Sri Lanka,town,00_01,2080,0.0
Sri Lanka,town,00_01,2085,0.0
Sri Lanka,town,00_01,2090,0.0
Sri Lanka,town,00_01,2095,0.0
Sri Lanka,town,00_01,2100,0.0
Sri Lanka,town,02_05,2011,0.0
Sri Lanka,town,02_05,2012,0.0
Sri Lanka,town,02_05,2013,0.0
Sri Lanka,town,02_05,2014,0.0
Sri Lanka,town,02_05,2015,0.0
Sri Lanka,town,02_05,2016,0.0
Sri Lanka,town,02_05,2017,0.0
Sri Lanka,town,02_05,2018,0.0
Sri Lanka,town,02_05,2019,0.0
Sri Lanka,town,02_05,2020,0.0
Sri Lanka,town,02_05,2025,0.0
Sri Lanka,town,02_05,2030,0.0
Sri Lanka,town,02_05,2035,0.0
Sri Lanka,town,02_05,2040,0.0
Sri Lanka,town,02_05,2045,0.0
Sri Lanka,town,02_05,2050,0.0
Sri Lanka,town,02_05,2055,0.0
Sri Lanka,town,02_05,2060,0.0
Sri Lanka,town,02_05,2065,0.0
Sri Lanka,town,02_05,2070,0.0
Sri Lanka,town,02_05,2075,0.0
Sri Lanka,town,02_05,2080,0.0
Sri Lanka,town,02_05,2085,0.0
Sri Lanka,town,02_05,2090,0.0
Sri Lanka,town,02_05,2095,0.0
Sri Lanka,town,02_05,2100,0.0
Sri Lanka,town,06_10,2011,0.0
Sri Lanka,town,06_10,2012,0.0
Sri Lanka,town,06_10,2013,0.0
Sri Lanka,town,06_10,2014,0.0
Sri Lanka,town,06_10,2015,0.0
Sri Lanka,town,06_10,2016,0.0
Sri Lanka,town,06_10,2017,0.0
Sri Lanka,town,06_10,2018,0.0
Sri Lanka,town,06_10,2019,0.0
Sri Lanka,town,06_10,2020,0.0
Sri Lanka,town,06_10,2025,0.0
Sri Lanka,town,06_10,2030,0.0
Sri Lanka,town,06_10,2035,0.0
Sri Lanka,town,06_10,2040,0.0
Sri Lanka,town,06_10,2045,0.0
Sri Lanka,town,06_10,2050,0.0
Sri Lanka,town,06_10,2055,0.0
Sri Lanka,town,06_10,2060,0.0
Sri Lanka,town,06_10,2065,0.0
Sri Lanka,town,06_10,2070,0.0
Sri Lanka,town,06_10,2075,0.0
Sri Lanka,town,06_10,2080,0.0
Sri Lanka,town,06_10,2085,0.0
Sri Lanka,town,06_10,2090,0.0
Sri Lanka,town,06_10,2095,0.0
Sri Lanka,town,06_10,2100,0.0
Sri Lanka,town,11_20,2011,0.0
Sri Lanka,town,11_20,2012,0.0
Sri Lanka,town,11_20,2013,0.0
Sri Lanka,town,11_20,2014,0.0
Sri Lanka,town,11_20,2015,0.0
Sri Lanka,town,11_20,2016,0.0
Sri Lanka,town,11_20,2017,0.0
Sri Lanka,town,11_20,2018,0.0
Sri Lanka,town,11_20,2019,0.0
Sri Lanka,town,11_20,2020,0.0
Sri Lanka,town,11_20,2025,0.0
Sri Lanka,town,11_20,2030,0.0
Sri Lanka,town,11_20,2035,0.0
Sri Lanka,town,11_20,2040,0.0
Sri Lanka,town,11_20,2045,0.0
Sri Lanka,town,11_20,2050,0.0
Sri Lanka,town,11_20,2055,0.0
Sri Lanka,town,11_20,2060,0.0
Sri Lanka,town,11_20,2065,0.0
Sri Lanka,town,11_20,2070,0.0
Sri Lanka,town,11_20,2075,0.0
Sri Lanka,town,11_20,2080,0.0
Sri Lanka,town,11_20,2085,0.0
Sri Lanka,town,11_20,2090,0.0
Sri Lanka,town,11_20,2095,0.0
Sri Lanka,town,11_20,2100,0.0
Sri Lanka,town,21_30,2011,0.0
Sri Lanka,town,21_30,2012,0.0
Sri Lanka,town,21_30,2013,0.0
Sri Lanka,town,21_30,2014,0.0
Sri Lanka,town,21_30,2015,0.0
Sri Lanka,town,21_30,2016,0.0
Sri Lanka,town,21_30,2017,0.0
Sri Lanka,town,21_30,2018,0.0
Sri Lanka,town,21_30,2019,0.0
Sri Lanka,town,21_30,2020,0.0
Sri Lanka,town,21_30,2025,0.0
Sri Lanka,town,21_30,2030,0.0
Sri Lanka,town,21_30,2035,0.0
Sri Lanka,town,21_30,2040,0.0
Sri Lanka,town,21_30,2045,0.0
Sri Lanka,town,21_30,2050,0.0
Sri Lanka,town,21_30,2055,0.0
Sri Lanka,town,21_30,2060,0.0
Sri Lanka,town,21_30,2065,0.0
Sri Lanka,town,21_30,2070,0.0
Sri Lanka,town,21_30,2075,0.0
Sri Lanka,town,21_30,2080,0.0
Sri Lanka,town,21_30,2085,0.0
Sri Lanka,town,21_30,2090,0.0
Sri Lanka,town,21_30,2095,0.0
Sri Lanka,town,21_30,2100,0.0
Sri Lanka,town,31_50,2011,0.1
Sri Lanka,town,31_50,2012,0.10004687351789028
Sri Lanka,town,31_50,2013,0.10006697612805182
Sri Lanka,town,31_50,2014,0.10009804271581864
Sri Lanka,town,31_50,2015,0.10011678677813214
Sri Lanka,town,31_50,2016,0.10013855438692632
Sri Lanka,town,31_50,2017,0.10016466224430393
Sri Lanka,town,31_50,2018,0.10017276546829171
Sri Lanka,town,31_50,2019,0.10017054201067062
Sri Lanka,town,31_50,2020,0.1001488169478973
Sri Lanka,town,31_50,2025,0.10012576704883967
Sri Lanka,town,31_50,2030,0.10017677814175313
Sri Lanka,town,31_50,2035,0.10022065202953208
Sri Lanka,town,31_50,2040,0.1002536417392673
Sri Lanka,town,31_50,2045,0.10027400641188233
Sri Lanka,town,31_50,2050,0.10028029146938396
Sri Lanka,town,31_50,2055,0.10027169899131037
Sri Lanka,town,31_50,2060,0.10024885718703386
Sri Lanka,town,31_50,2065,0.10021367761191678
Sri Lanka,town,31_50,2070,0.10016838371647757
Sri Lanka,town,31_50,2075,0.10011286715674808
Sri Lanka,town,31_50,2080,0.10005000605419408
Sri Lanka,town,31_50,2085,0.09998134279544872
Sri Lanka,town,31_50,2090,0.09991015161397959
Sri Lanka,town,31_50,2095,0.09983815302481708
Sri Lanka,town,31_50,2100,0.09976412629825715
Sri Lanka,town,51+,2011,0.15
Sri Lanka,town,51+,2012,0.1500703102768354
Sri Lanka,town,51+,2013,0.15010046419207773
Sri Lanka,town,51+,2014,0.15014706407372794
Sri Lanka,town,51+,2015,0.1501751801671982
Sri Lanka,town,51+,2016,0.15020783158038947
Sri Lanka,town,51+,2017,0.15024699336645586
Sri Lanka,town,51+,2018,0.15025914820243755
Sri Lanka,town,51+,2019,0.1502558130160059
Sri Lanka,town,51+,2020,0.15022322542184594
Sri Lanka,town,51+,2025,0.1501886505732595
Sri Lanka,town,51+,2030,0.15026516721262967
Sri Lanka,town,51+,2035,0.1503309780442981
Sri Lanka,town,51+,2040,0.15038046260890095
Sri Lanka,town,51+,2045,0.1504110096178235
Sri Lanka,town,51+,2050,0.1504204372040759
Sri Lanka,town,51+,2055,0.15040754848696555
Sri Lanka,town,51+,2060,0.15037328578055076
Sri Lanka,town,51+,2065,0.15032051641787517
Sri Lanka,town,51+,2070,0.15025257557471633
Sri Lanka,town,51+,2075,0.1501693007351221
Sri Lanka,town,51+,2080,0.1500750090812911
Sri Lanka,town,51+,2085,0.14997201419317308
Sri Lanka,town,51+,2090,0.1498652274209694
Sri Lanka,town,51+,2095,0.1497572295372256
Sri Lanka,town,51+,2100,0.1496461894473857
Sri Lanka,rural,No_travel,2011,0.0
Sri Lanka,rural,No_travel,2012,0.0
Sri Lanka,rural,No_travel,2013,0.0
Sri Lanka,rural,No_travel,2014,0.0
Sri Lanka,rural,No_travel,2015,0.0
Sri Lanka,rural,No_travel,2016,0.0
Sri Lanka,rural,No_travel,2017,0.0
Sri Lanka,rural,No_travel,2018,0.0
Sri Lanka,rural,No_travel,2019,0.0
Sri Lanka,rural,No_travel,2020,0.0
Sri Lanka,rural,No_travel,2025,0.0
Sri Lanka,rural,No_travel,2030,0.0
Sri Lanka,rural,No_travel,2035,0.0
Sri Lanka,rural,No_travel,2040,0.0
Sri Lanka,rural,No_travel,2045,0.0
Sri Lanka,rural,No_travel,2050,0.0
Sri Lanka,rural,No_travel,2055,0.0
Sri Lanka,rural,No_travel,2060,0.0
Sri Lanka,rural,No_travel,2065,0.0
Sri Lanka,rural,No_travel,2070,0.0
Sri Lanka,rural,No_travel,2075,0.0
Sri Lanka,rural,No_travel,2080,0.0
Sri Lanka,rural,No_travel,2085,0.0
Sri Lanka,rural,No_travel,2090,0.0
Sri Lanka,rural,No_travel,2095,0.0
Sri Lanka,rural,No_travel,2100,0.0
Sri Lanka,rural,00_01,2011,0.0
Sri Lanka,rural,00_01,2012,0.0
Sri Lanka,rural,00_01,2013,0.0
Sri Lanka,rural,00_01,2014,0.0
Sri Lanka,rural,00_01,2015,0.0
Sri Lanka,rural,00_01,2016,0.0
Sri Lanka,rural,00_01,2017,0.0
Sri Lanka,rural,00_01,2018,0.0
Sri Lanka,rural,00_01,2019,0.0
Sri Lanka,rural,00_01,2020,0.0
Sri Lanka,rural,00_01,2025,0.0
Sri Lanka,rural,00_01,2030,0.0
Sri Lanka,rural,00_01,2035,0.0
Sri Lanka,rural,00_01,2040,0.0
Sri Lanka,rural,00_01,2045,0.0
Sri Lanka,rural,00_01,2050,0.0
Sri Lanka,rural,00_01,2055,0.0
Sri Lanka,rural,00_01,2060,0.0
Sri Lanka,rural,00_01,2065,0.0
Sri Lanka,rural,00_01,2070,0.0
Sri Lanka,rural,00_01,2075,0.0
Sri Lanka,rural,00_01,2080,0.0
Sri Lanka,rural,00_01,2085,0.0
Sri Lanka,rural,00_01,2090,0.0
Sri Lanka,rural,00_01,2095,0.0
Sri Lanka,rural,00_01,2100,0.0
Sri Lanka,rural,02_05,2011,0.0
Sri Lanka,rural,02_05,2012,0.0
Sri Lanka,rural,02_05,2013,0.0
Sri Lanka,rural,02_05,2014,0.0
Sri Lanka,rural,02_05,2015,0.0
Sri Lanka,rural,02_05,2016,0.0
Sri Lanka,rural,02_05,2017,0.0
Sri Lanka,rural,02_05,2018,0.0
Sri Lanka,rural,02_05,2019,0.0
Sri Lanka,rural,02_05,2020,0.0
Sri Lanka,rural,02_05,2025,0.0
Sri Lanka,rural,02_05,2030,0.0
Sri Lanka,rural,02_05,2035,0.0
Sri Lanka,rural,02_05,2040,0.0
Sri Lanka,rural,02_05,2045,0.0
Sri Lanka,rural,02_05,2050,0.0
Sri Lanka,rural,02_05,2055,0.0
Sri Lanka,rural,02_05,2060,0.0
Sri Lanka,rural,02_05,2065,0.0
Sri Lanka,rural,02_05,2070,0.0
Sri Lanka,rural,02_05,2075,0.0
Sri Lanka,rural,02_05,2080,0.0
Sri Lanka,rural,02_05,2085,0.0
Sri Lanka,rural,02_05,2090,0.0
Sri Lanka,rural,02_05,2095,0.0
Sri Lanka,rural,02_05,2100,0.0
Sri Lanka,rural,06_10,2011,0.0
Sri Lanka,rural,06_10,2012,0.0
Sri Lanka,rural,06_10,2013,0.0
Sri Lanka,rural,06_10,2014,0.0
Sri Lanka,rural,06_10,2015,0.0
Sri Lanka,rural,06_10,2016,0.0
Sri Lanka,rural,06_10,2017,0.0
Sri Lanka,rural,06_10,2018,0.0
Sri Lanka,rural,06_10,2019,0.0
Sri Lanka,rural,06_10,2020,0.0
Sri Lanka,rural,06_10,2025,0.0
Sri Lanka,rural,06_10,2030,0.0
Sri Lanka,rural,06_10,2035,0.0
Sri Lanka,rural,06_10,2040,0.0
Sri Lanka,rural,06_10,2045,0.0
Sri Lanka,rural,06_10,2050,0.0
Sri Lanka,rural,06_10,2055,0.0
Sri Lanka,rural,06_10,2060,0.0
Sri Lanka,rural,06_10,2065,0.0
Sri Lanka,rural,06_10,2070,0.0
Sri Lanka,rural,06_10,2075,0.0
Sri Lanka,rural,06_10,2080,0.0
Sri Lanka,rural,06_10,2085,0.0
Sri Lanka,rural,06_10,2090,0.0
Sri Lanka,rural,06_10,2095,0.0
Sri Lanka,rural,06_10,2100,0.0
Sri Lanka,rural,11_20,2011,0.0
Sri Lanka,rural,11_20,2012,0.0
Sri Lanka,rural,11_20,2013,0.0
Sri Lanka,rural,11_20,2014,0.0
Sri Lanka,rural,11_20,2015,0.0
Sri Lanka,rural,11_20,2016,0.0
Sri Lanka,rural,11_20,2017,0.0
Sri Lanka,rural,11_20,2018,0.0
Sri Lanka,rural,11_20,2019,0.0
Sri Lanka,rural,11_20,2020,0.0
Sri Lanka,rural,11_20,2025,0.0
Sri Lanka,rural,11_20,2030,0.0
Sri Lanka,rural,11_20,2035,0.0
Sri Lanka,rural,11_20,2040,0.0
Sri Lanka,rural,11_20,2045,0.0
Sri Lanka,rural,11_20,2050,0.0
Sri Lanka,rural,11_20,2055,0.0
Sri Lanka,rural,11_20,2060,0.0
Sri Lanka,rural,11_20,2065,0.0
Sri Lanka,rural,11_20,2070,0.0
Sri Lanka,rural,11_20,2075,0.0
Sri Lanka,rural,11_20,2080,0.0
Sri Lanka,rural,11_20,2085,0.0
Sri Lanka,rural,11_20,2090,0.0
Sri Lanka,rural,11_20,2095,0.0
Sri Lanka,rural,11_20,2100,0.0
Sri Lanka,rural,21_30,2011,0.0
Sri Lanka,rural,21_30,2012,0.0
Sri Lanka,rural,21_30,2013,0.0
Sri Lanka,rural,21_30,2014,0.0
Sri Lanka,rural,21_30,2015,0.0
Sri Lanka,rural,21_30,2016,0.0
Sri Lanka,rural,21_30,2017,0.0
Sri Lanka,rural,21_30,2018,0.0
Sri Lanka,rural,21_30,2019,0.0
Sri Lanka,rural,21_30,2020,0.0
Sri Lanka,rural,21_30,2025,0.0
Sri Lanka,rural,21_30,2030,0.0
Sri Lanka,rural,21_30,2035,0.0
Sri Lanka,rural,21_30,2040,0.0
Sri Lanka,rural,21_30,2045,0.0
Sri Lanka,rural,21_30,2050,0.0
Sri Lanka,rural,21_30,2055,0.0
Sri Lanka,rural,21_30,2060,0.0
Sri Lanka,rural,21_30,2065,0.0
Sri Lanka,rural,21_30,2070,0.0
Sri Lanka,rural,21_30,2075,0.0
Sri Lanka,rural,21_30,2080,0.0
Sri Lanka,rural,21_30,2085,0.0
Sri Lanka,rural,21_30,2090,0.0
Sri Lanka,rural,21_30,2095,0.0
Sri Lanka,rural,21_30,2100,0.0
Sri Lanka,rural,31_50,2011,0.05
Sri Lanka,rural,31_50,2012,0.05002343675894514
Sri Lanka,rural,31_50,2013,0.05003348806402591
Sri Lanka,rural,31_50,2014,0.05004902135790932
Sri Lanka,rural,31_50,2015,0.05005839338906607
Sri Lanka,rural,31_50,2016,0.05006927719346316
Sri Lanka,rural,31_50,2017,0.05008233112215196
Sri Lanka,rural,31_50,2018,0.050086382734145854
Sri Lanka,rural,31_50,2019,0.05008527100533531
Sri Lanka,rural,31_50,2020,0.05007440847394865
Sri Lanka,rural,31_50,2025,0.050062883524419836
Sri Lanka,rural,31_50,2030,0.050088389070876566
Sri Lanka,rural,31_50,2035,0.05011032601476604
Sri Lanka,rural,31_50,2040,0.05012682086963365
Sri Lanka,rural,31_50,2045,0.050137003205941166
Sri Lanka,rural,31_50,2050,0.05014014573469198
Sri Lanka,rural,31_50,2055,0.05013584949565519
Sri Lanka,rural,31_50,2060,0.05012442859351693
Sri Lanka,rural,31_50,2065,0.05010683880595839
Sri Lanka,rural,31_50,2070,0.050084191858238786
Sri Lanka,rural,31_50,2075,0.05005643357837404
Sri Lanka,rural,31_50,2080,0.05002500302709704
Sri Lanka,rural,31_50,2085,0.04999067139772436
Sri Lanka,rural,31_50,2090,0.049955075806989796
Sri Lanka,rural,31_50,2095,0.04991907651240854
Sri Lanka,rural,31_50,2100,0.049882063149128575
Sri Lanka,rural,51+,2011,0.1
Sri Lanka,rural,51+,2012,0.10004687351789028
Sri Lanka,rural,51+,2013,0.10006697612805182
Sri Lanka,rural,51+,2014,0.10009804271581864
Sri Lanka,rural,51+,2015,0.10011678677813214
Sri Lanka,rural,51+,2016,0.10013855438692632
Sri Lanka,rural,51+,2017,0.10016466224430393
Sri Lanka,rural,51+,2018,0.10017276546829171
Sri Lanka,rural,51+,2019,0.10017054201067062
Sri Lanka,rural,51+,2020,0.1001488169478973
Sri Lanka,rural,51+,2025,0.10012576704883967
Sri Lanka,rural,51+,2030,0.10017677814175313
Sri Lanka,rural,51+,2035,0.10022065202953208
Sri Lanka,rural,51+,2040,0.1002536417392673
Sri Lanka,rural,51+,2045,0.10027400641188233
Sri Lanka,rural,51+,2050,0.10028029146938396
Sri Lanka,rural,51+,2055,0.10027169899131037
Sri Lanka,rural,51+,2060,0.10024885718703386
Sri Lanka,rural,51+,2065,0.10021367761191678
Sri Lanka,rural,51+,2070,0.10016838371647757
Sri Lanka,rural,51+,2075,0.10011286715674808
Sri Lanka,rural,51+,2080,0.10005000605419408
Sri Lanka,rural,51+,2085,0.09998134279544872
Sri Lanka,rural,51+,2090,0.09991015161397959
Sri Lanka,rural,51+,2095,0.09983815302481708
Sri Lanka,rural,51+,2100,0.09976412629825715
