n,area_type,trip_dist,y,value
Afghanistan,large_city,No_travel,2011,0.0
Afghanistan,large_city,No_travel,2012,0.0
Afghanistan,large_city,No_travel,2013,0.0
Afghanistan,large_city,No_travel,2014,0.0
Afghanistan,large_city,No_travel,2015,0.0
Afghanistan,large_city,No_travel,2016,0.0
Afghanistan,large_city,No_travel,2017,0.0
Afghanistan,large_city,No_travel,2018,0.0
Afghanistan,large_city,No_travel,2019,0.0
Afghanistan,large_city,No_travel,2020,0.0
Afghanistan,large_city,No_travel,2025,0.0
Afghanistan,large_city,No_travel,2030,0.0
Afghanistan,large_city,No_travel,2035,0.0
Afghanistan,large_city,No_travel,2040,0.0
Afghanistan,large_city,No_travel,2045,0.0
Afghanistan,large_city,No_travel,2050,0.0
Afghanistan,large_city,No_travel,2055,0.0
Afghanistan,large_city,No_travel,2060,0.0
Afghanistan,large_city,No_travel,2065,0.0
Afghanistan,large_city,No_travel,2070,0.0
Afghanistan,large_city,No_travel,2075,0.0
Afghanistan,large_city,No_travel,2080,0.0
Afghanistan,large_city,No_travel,2085,0.0
Afghanistan,large_city,No_travel,2090,0.0
Afghanistan,large_city,No_travel,2095,0.0
Afghanistan,large_city,No_travel,2100,0.0
Afghanistan,large_city,00_01,2011,0.0918299625000023
Afghanistan,large_city,00_01,2012,0.09811329815656424
Afghanistan,large_city,00_01,2013,0.09972316931009484
Afghanistan,large_city,00_01,2014,0.09892851301203387
Afghanistan,large_city,00_01,2015,0.09759534810526094
Afghanistan,large_city,00_01,2016,0.09730062796045637
Afghanistan,large_city,00_01,2017,0.09711374716596163
Afghanistan,large_city,00_01,2018,0.09573937218617731
Afghanistan,large_city,00_01,2019,0.09648577185949082
Afghanistan,large_city,00_01,2020,0.09212583395935475
Afghanistan,large_city,00_01,2025,0.0957284865773818
Afghanistan,large_city,00_01,2030,0.1099171071396284
Afghanistan,large_city,00_01,2035,0.12697588024623788
Afghanistan,large_city,00_01,2040,0.14558472723572494
Afghanistan,large_city,00_01,2045,0.16405516285457053
Afghanistan,large_city,00_01,2050,0.18077561384438628
Afghanistan,large_city,00_01,2055,0.1944895328957874
Afghanistan,large_city,00_01,2060,0.20439987216059738
Afghanistan,large_city,00_01,2065,0.21021146214492464
Afghanistan,large_city,00_01,2070,0.21206870692260787
Afghanistan,large_city,00_01,2075,0.21039803570915652
Afghanistan,large_city,00_01,2080,0.20580445895900432
Afghanistan,large_city,00_01,2085,0.1989627598802511
Afghanistan,large_city,00_01,2090,0.1906662086475916
Afghanistan,large_city,00_01,2095,0.18160084315332983
Afghanistan,large_city,00_01,2100,0.17224620896600398
Afghanistan,large_city,02_05,2011,0.218099182353909
Afghanistan,large_city,02_05,2012,0.23302231127439924
Afghanistan,large_city,02_05,2013,0.23684580823248808
Afghanistan,large_city,02_05,2014,0.23495847337857825
Afghanistan,large_city,02_05,2015,0.23179216286080914
Afghanistan,large_city,02_05,2016,0.23109219281992952
Afghanistan,large_city,02_05,2017,0.2306483447841977
Afghanistan,large_city,02_05,2018,0.2273841589871206
Afghanistan,large_city,02_05,2019,0.22915688276950152
Afghanistan,large_city,02_05,2020,0.21880188680472074
Afghanistan,large_city,02_05,2025,0.22735830530806977
Afghanistan,large_city,02_05,2030,0.2610567459815675
Afghanistan,large_city,02_05,2035,0.30157189338252915
Afghanistan,large_city,02_05,2040,0.3457685172563114
Afghanistan,large_city,02_05,2045,0.38963640957076856
Afghanistan,large_city,02_05,2050,0.42934803081277145
Afghanistan,large_city,02_05,2055,0.4619190397792426
Afghanistan,large_city,02_05,2060,0.4854564216060602
Afghanistan,large_city,02_05,2065,0.4992591390334784
Afghanistan,large_city,02_05,2070,0.5036701564880893
Afghanistan,large_city,02_05,2075,0.4997022573872273
Afghanistan,large_city,02_05,2080,0.4887923614664041
Afghanistan,large_city,02_05,2085,0.4725431010467722
Afghanistan,large_city,02_05,2090,0.4528385188936399
Afghanistan,large_city,02_05,2095,0.4313079775734496
Afghanistan,large_city,02_05,2100,0.4090904135896285
Afghanistan,large_city,06_10,2011,0.227649910037638
Afghanistan,large_city,06_10,2012,0.24322653402844677
Afghanistan,large_city,06_10,2013,0.24721746480197748
Afghanistan,large_city,06_10,2014,0.24524748213140393
Afghanistan,large_city,06_10,2015,0.24194251648805865
Afghanistan,large_city,06_10,2016,0.24121189423117778
Afghanistan,large_city,06_10,2017,0.24074860975521503
Afghanistan,large_city,06_10,2018,0.23734148280026424
Afghanistan,large_city,06_10,2019,0.23919183549404802
Afghanistan,large_city,06_10,2020,0.2283833864463242
Afghanistan,large_city,06_10,2025,0.23731449696910914
Afghanistan,large_city,06_10,2030,0.27248861777476163
Afghanistan,large_city,06_10,2035,0.31477795403657305
Afghanistan,large_city,06_10,2040,0.3609099814024863
Afghanistan,large_city,06_10,2045,0.4066988818061653
Afghanistan,large_city,06_10,2050,0.4481495048925048
Afghanistan,large_city,06_10,2055,0.4821468229063812
Afghanistan,large_city,06_10,2060,0.5067149244350778
Afghanistan,large_city,06_10,2065,0.5211220732685287
Afghanistan,large_city,06_10,2070,0.5257262525042269
Afghanistan,large_city,06_10,2075,0.5215845961091841
Afghanistan,large_city,06_10,2080,0.5101969476178422
Afghanistan,large_city,06_10,2085,0.4932361198293879
Afghanistan,large_city,06_10,2090,0.4726686591627504
Afghanistan,large_city,06_10,2095,0.45019527920000735
Afghanistan,large_city,06_10,2100,0.42700479133304686
Afghanistan,large_city,11_20,2011,0.24573634096712
Afghanistan,large_city,11_20,2012,0.2625505034831041
Afghanistan,large_city,11_20,2013,0.2668585074932018
Afghanistan,large_city,11_20,2014,0.26473201276647274
Afghanistan,large_city,11_20,2015,0.2611644727481901
Afghanistan,large_city,11_20,2016,0.26037580369048935
Afghanistan,large_city,11_20,2017,0.2598757119841885
Afghanistan,large_city,11_20,2018,0.25619789409714594
Afghanistan,large_city,11_20,2019,0.25819525443167846
Afghanistan,large_city,11_20,2020,0.24652809093454345
Afghanistan,large_city,11_20,2025,0.2561687642837192
Afghanistan,large_city,11_20,2030,0.29413741422558576
Afghanistan,large_city,11_20,2035,0.33978657241408466
Afghanistan,large_city,11_20,2040,0.38958371753230725
Afghanistan,large_city,11_20,2045,0.43901047478535266
Afghanistan,large_city,11_20,2050,0.4837542853423621
Afghanistan,large_city,11_20,2055,0.5204526373427836
Afghanistan,large_city,11_20,2060,0.5469726362884122
Afghanistan,large_city,11_20,2065,0.5625244106665158
Afghanistan,large_city,11_20,2070,0.5674943847743475
Afghanistan,large_city,11_20,2075,0.56302368022677
Afghanistan,large_city,11_20,2080,0.550731300791964
Afghanistan,large_city,11_20,2085,0.532422961641647
Afghanistan,large_city,11_20,2090,0.5102214482460606
Afghanistan,large_city,11_20,2095,0.48596259323357577
Afghanistan,large_city,11_20,2100,0.4609296572103326
Afghanistan,large_city,21_30,2011,0.151410352965953
Afghanistan,large_city,21_30,2012,0.16177039280113836
Afghanistan,large_city,21_30,2013,0.1644247678324444
Afghanistan,large_city,21_30,2014,0.16311452891585954
Afghanistan,large_city,21_30,2015,0.16091639049130876
Afghanistan,large_city,21_30,2016,0.16043045235155362
Afghanistan,large_city,21_30,2017,0.16012232103703844
Afghanistan,large_city,21_30,2018,0.15785623494562015
Afghanistan,large_city,21_30,2019,0.15908690775559836
Afghanistan,large_city,21_30,2020,0.1518981894070613
Afghanistan,large_city,21_30,2025,0.15783828662216332
Afghanistan,large_city,21_30,2030,0.1812326558339517
Afghanistan,large_city,21_30,2035,0.2093593672788985
Afghanistan,large_city,21_30,2040,0.24004185929197733
Afghanistan,large_city,21_30,2045,0.27049613696288727
Afghanistan,large_city,21_30,2050,0.2980650188092439
Afghanistan,large_city,21_30,2055,0.3206766944278537
Afghanistan,large_city,21_30,2060,0.33701698168537253
Afghanistan,large_city,21_30,2065,0.34659920154983526
Afghanistan,large_city,21_30,2070,0.3496614492049313
Afghanistan,large_city,21_30,2075,0.3469068262993767
Afghanistan,large_city,21_30,2080,0.33933288138878476
Afghanistan,large_city,21_30,2085,0.32805220518900047
Afghanistan,large_city,21_30,2090,0.31437275115963553
Afghanistan,large_city,21_30,2095,0.29942566687599
Afghanistan,large_city,21_30,2100,0.28400163287216096
Afghanistan,large_city,31_50,2011,0.123613380885738
Afghanistan,large_city,31_50,2012,0.13207145211436896
Afghanistan,large_city,31_50,2013,0.13423851840363524
Afghanistan,large_city,31_50,2014,0.13316882231565677
Afghanistan,large_city,31_50,2015,0.13137423352439578
Afghanistan,large_city,31_50,2016,0.130977507308653
Afghanistan,large_city,31_50,2017,0.13072594489698255
Afghanistan,large_city,31_50,2018,0.12887588274699635
Afghanistan,large_city,31_50,2019,0.12988062003097695
Afghanistan,large_city,31_50,2020,0.12401165689938827
Afghanistan,large_city,31_50,2025,0.12886122950235177
Afghanistan,large_city,31_50,2030,0.14796069671387502
Afghanistan,large_city,31_50,2035,0.17092370965717935
Afghanistan,large_city,31_50,2040,0.19597329508803285
Afghanistan,large_city,31_50,2045,0.22083656336256585
Afghanistan,large_city,31_50,2050,0.24334415696836043
Afghanistan,large_city,31_50,2055,0.26180462295338125
Afghanistan,large_city,31_50,2060,0.27514504593621547
Afghanistan,large_city,31_50,2065,0.2829680948270867
Afghanistan,large_city,31_50,2070,0.28546815362980915
Afghanistan,large_city,31_50,2075,0.28321924367252593
Afghanistan,large_city,31_50,2080,0.2770357765667387
Afghanistan,large_city,31_50,2085,0.26782608583940665
Afghanistan,large_city,31_50,2090,0.2566580017017185
Afghanistan,large_city,31_50,2095,0.24445500774197926
Afghanistan,large_city,31_50,2100,0.2318626258291082
Afghanistan,large_city,51+,2011,0.0823319043773287
Afghanistan,large_city,51+,2012,0.08796534880399612
Afghanistan,large_city,51+,2013,0.08940870949220613
Afghanistan,large_city,51+,2014,0.08869624523148296
Afghanistan,large_city,51+,2015,0.08750097080649738
Afghanistan,large_city,51+,2016,0.08723673383939504
Afghanistan,large_city,51+,2017,0.08706918229866235
Afghanistan,large_city,51+,2018,0.08583696019670742
Afghanistan,large_city,51+,2019,0.08650615906010145
Afghanistan,large_city,51+,2020,0.08259717357744828
Afghanistan,large_city,51+,2025,0.08582720049651761
Afghanistan,large_city,51+,2030,0.09854827888503441
Afghanistan,large_city,51+,2035,0.11384264728040301
Afghanistan,large_city,51+,2040,0.13052676398044796
Afghanistan,large_city,51+,2045,0.1470867853261864
Afghanistan,large_city,51+,2050,0.16207782457483344
Afghanistan,large_city,51+,2055,0.1743733002696902
Afghanistan,large_city,51+,2060,0.18325860396016266
Afghanistan,large_city,51+,2065,0.1884690958066541
Afghanistan,large_city,51+,2070,0.19013424403582282
Afghanistan,large_city,51+,2075,0.1886363718942347
Afghanistan,large_city,51+,2080,0.18451791304434198
Afghanistan,large_city,51+,2085,0.17838385724169095
Afghanistan,large_city,51+,2090,0.1709454259916628
Afghanistan,large_city,51+,2095,0.16281769965159076
Afghanistan,large_city,51+,2100,0.15443062394745136
Afghanistan,city,No_travel,2011,0.0
Afghanistan,city,No_travel,2012,0.0
Afghanistan,city,No_travel,2013,0.0
Afghanistan,city,No_travel,2014,0.0
Afghanistan,city,No_travel,2015,0.0
Afghanistan,city,No_travel,2016,0.0
Afghanistan,city,No_travel,2017,0.0
Afghanistan,city,No_travel,2018,0.0
Afghanistan,city,No_travel,2019,0.0
Afghanistan,city,No_travel,2020,0.0
Afghanistan,city,No_travel,2025,0.0
Afghanistan,city,No_travel,2030,0.0
Afghanistan,city,No_travel,2035,0.0
Afghanistan,city,No_travel,2040,0.0
Afghanistan,city,No_travel,2045,0.0
Afghanistan,city,No_travel,2050,0.0
Afghanistan,city,No_travel,2055,0.0
Afghanistan,city,No_travel,2060,0.0
Afghanistan,city,No_travel,2065,0.0
Afghanistan,city,No_travel,2070,0.0
Afghanistan,city,No_travel,2075,0.0
Afghanistan,city,No_travel,2080,0.0
Afghanistan,city,No_travel,2085,0.0
Afghanistan,city,No_travel,2090,0.0
Afghanistan,city,No_travel,2095,0.0
Afghanistan,city,No_travel,2100,0.0
Afghanistan,city,00_01,2011,0.14143918779263
Afghanistan,city,00_01,2012,0.15111696471530456
Afghanistan,city,00_01,2013,0.15359653524116804
Afghanistan,city,00_01,2014,0.15237258242324064
Afghanistan,city,00_01,2015,0.15031920293277648
Afghanistan,city,00_01,2016,0.14986526636596928
Afghanistan,city,00_01,2017,0.14957742711320493
Afghanistan,city,00_01,2018,0.14746057466580031
Afghanistan,city,00_01,2019,0.14861020122218863
Afghanistan,city,00_01,2020,0.1418948976476986
Afghanistan,city,00_01,2025,0.1474438083334971
Afghanistan,city,00_01,2030,0.16929753573997317
Afghanistan,city,00_01,2035,0.19557195584482231
Afghanistan,city,00_01,2040,0.22423384497442217
Afghanistan,city,00_01,2045,0.25268254887218883
Afghanistan,city,00_01,2050,0.2784358753806904
Afghanistan,city,00_01,2055,0.29955845366862127
Afghanistan,city,00_01,2060,0.31482264738278176
Afghanistan,city,00_01,2065,0.3237738278557893
Afghanistan,city,00_01,2070,0.3266344104558052
Afghanistan,city,00_01,2075,0.32406119390353794
Afghanistan,city,00_01,2080,0.316986032954794
Afghanistan,city,00_01,2085,0.30644824839650875
Afghanistan,city,00_01,2090,0.29366965809895446
Afghanistan,city,00_01,2095,0.27970691764208355
Afghanistan,city,00_01,2100,0.2652986371034467
Afghanistan,city,02_05,2011,0.288371801420151
Afghanistan,city,02_05,2012,0.3081032351796953
Afghanistan,city,02_05,2013,0.3131586814845759
Afghanistan,city,02_05,2014,0.3106632381462242
Afghanistan,city,02_05,2015,0.3064767269543436
Afghanistan,city,02_05,2016,0.3055512231562548
Afghanistan,city,02_05,2017,0.3049643651211198
Afghanistan,city,02_05,2018,0.30064844275812
Afghanistan,city,02_05,2019,0.3029923467793465
Afghanistan,city,02_05,2020,0.2893009206683732
Afghanistan,city,02_05,2025,0.30061425889772786
Afghanistan,city,02_05,2030,0.3451705013246149
Afghanistan,city,02_05,2035,0.3987398265954434
Afghanistan,city,02_05,2040,0.45717681799365073
Afghanistan,city,02_05,2045,0.5151791589226399
Afghanistan,city,02_05,2050,0.5676860579915619
Afghanistan,city,02_05,2055,0.6107516047229196
Afghanistan,city,02_05,2060,0.6418728456411877
Afghanistan,city,02_05,2065,0.6601228658662938
Afghanistan,city,02_05,2070,0.6659551346338941
Afghanistan,city,02_05,2075,0.6607087591123562
Afghanistan,city,02_05,2080,0.6462836415762025
Afghanistan,city,02_05,2085,0.6247987902879903
Afghanistan,city,02_05,2090,0.5987452957704843
Afghanistan,city,02_05,2095,0.5702775091467853
Afghanistan,city,02_05,2100,0.5409013378102718
Afghanistan,city,06_10,2011,0.300942920069744
Afghanistan,city,06_10,2012,0.32153451489114054
Afghanistan,city,06_10,2013,0.3268103454881479
Afghanistan,city,06_10,2014,0.32420611719185216
Afghanistan,city,06_10,2015,0.319837101578035
Afghanistan,city,06_10,2016,0.31887125188621074
Afghanistan,city,06_10,2017,0.3182588106908852
Afghanistan,city,06_10,2018,0.3137547424279032
Afghanistan,city,06_10,2019,0.3162008252870361
Afghanistan,city,06_10,2020,0.301912542821608
Afghanistan,city,06_10,2025,0.3137190683754646
Afghanistan,city,06_10,2030,0.3602176706564358
Afghanistan,city,06_10,2035,0.416122267062104
Afghanistan,city,06_10,2040,0.4771067279034896
Afghanistan,city,06_10,2045,0.5376375903667674
Afghanistan,city,06_10,2050,0.5924334457582805
Afghanistan,city,06_10,2055,0.6373763677912568
Afghanistan,city,06_10,2060,0.6698542906395176
Afghanistan,city,06_10,2065,0.6888998920153374
Afghanistan,city,06_10,2070,0.694986409438017
Afghanistan,city,06_10,2075,0.6895113263631164
Afghanistan,city,06_10,2080,0.6744573683398268
Afghanistan,city,06_10,2085,0.6520359184889852
Afghanistan,city,06_10,2090,0.6248466625370979
Afghanistan,city,06_10,2095,0.5951378671823947
Afghanistan,city,06_10,2100,0.5644810875009478
Afghanistan,city,11_20,2011,0.352477571210292
Afghanistan,city,11_20,2012,0.3765953518456039
Afghanistan,city,11_20,2013,0.3827746364571812
Afghanistan,city,11_20,2014,0.37972444984856213
Afghanistan,city,11_20,2015,0.37460726679012296
Afghanistan,city,11_20,2016,0.3734760211922882
Afghanistan,city,11_20,2017,0.37275870315407866
Afghanistan,city,11_20,2018,0.3674833404988172
Afghanistan,city,11_20,2019,0.37034830022262955
Afghanistan,city,11_20,2020,0.353613235981831
Afghanistan,city,11_20,2025,0.36744155748110785
Afghanistan,city,11_20,2030,0.42190276358913564
Afghanistan,city,11_20,2035,0.4873806833089113
Afghanistan,city,11_20,2040,0.5588083634615433
Afghanistan,city,11_20,2045,0.6297047692629351
Afghanistan,city,11_20,2050,0.6938840827896158
Afghanistan,city,11_20,2055,0.7465232078356736
Afghanistan,city,11_20,2060,0.7845627781331146
Afghanistan,city,11_20,2065,0.80686982331508
Afghanistan,city,11_20,2070,0.8139986199579052
Afghanistan,city,11_20,2075,0.8075859620892027
Afghanistan,city,11_20,2080,0.7899541049917802
Afghanistan,city,11_20,2085,0.7636931177434128
Afghanistan,city,11_20,2090,0.7318478664953846
Afghanistan,city,11_20,2095,0.6970516199919529
Afghanistan,city,11_20,2100,0.6611450525912606
Afghanistan,city,21_30,2011,0.15857884585093
Afghanistan,city,21_30,2012,0.16942937970050617
Afghanistan,city,21_30,2013,0.17220942558689736
Afghanistan,city,21_30,2014,0.17083715367080377
Afghanistan,city,21_30,2015,0.16853494482208503
Afghanistan,city,21_30,2016,0.16802600003827195
Afghanistan,city,21_30,2017,0.16770328030828535
Afghanistan,city,21_30,2018,0.16532990682399817
Afghanistan,city,21_30,2019,0.16661884559207796
Afghanistan,city,21_30,2020,0.15908977881079417
Afghanistan,city,21_30,2025,0.16531110874075625
Afghanistan,city,21_30,2030,0.1898130796849106
Afghanistan,city,21_30,2035,0.21927144465896736
Afghanistan,city,21_30,2040,0.2514065931210974
Afghanistan,city,21_30,2045,0.2833027224786627
Afghanistan,city,21_30,2050,0.3121768475233283
Afghanistan,city,21_30,2055,0.33585906840264335
Afghanistan,city,21_30,2060,0.35297298329294596
Afghanistan,city,21_30,2065,0.3630088714408195
Afghanistan,city,21_30,2070,0.3662161005988154
Afghanistan,city,21_30,2075,0.36333106062261494
Afghanistan,city,21_30,2080,0.35539852880472617
Afghanistan,city,21_30,2085,0.3435837712459607
Afghanistan,city,21_30,2090,0.3292566662009355
Afghanistan,city,21_30,2095,0.3136019152007177
Afghanistan,city,21_30,2100,0.29744763339118574
Afghanistan,city,31_50,2011,0.235491949480815
Afghanistan,city,31_50,2012,0.25160515395921224
Afghanistan,city,31_50,2013,0.2557335635331336
Afghanistan,city,31_50,2014,0.2536957192859732
Afghanistan,city,31_50,2015,0.25027690483447695
Afghanistan,city,31_50,2016,0.2495211142454163
Afghanistan,city,31_50,2017,0.24904187063670755
Afghanistan,city,31_50,2018,0.24551737564078444
Afghanistan,city,31_50,2019,0.24743146892118228
Afghanistan,city,31_50,2020,0.23625069254094247
Afghanistan,city,31_50,2025,0.24548946020701148
Afghanistan,city,31_50,2030,0.2818752522261136
Afghanistan,city,31_50,2035,0.3256213632476254
Afghanistan,city,31_50,2040,0.3733425376425773
Afghanistan,city,31_50,2045,0.4207087651050106
Afghanistan,city,31_50,2050,0.46358727112411124
Afghanistan,city,31_50,2055,0.498755722079718
Afghanistan,city,31_50,2060,0.5241701407503813
Afghanistan,city,31_50,2065,0.5390735842206144
Afghanistan,city,31_50,2070,0.5438363673194279
Afghanistan,city,31_50,2075,0.5395520399573522
Afghanistan,city,31_50,2080,0.5277721119846814
Afghanistan,city,31_50,2085,0.5102270209277548
Afghanistan,city,31_50,2090,0.48895105641076625
Afghanistan,city,31_50,2095,0.46570351786364156
Afghanistan,city,31_50,2100,0.44171416861988916
Afghanistan,city,51+,2011,0.100050611660432
Afghanistan,city,51+,2012,0.10689643364045086
Afghanistan,city,51+,2013,0.108650421001659
Afghanistan,city,51+,2014,0.1077846268042497
Afghanistan,city,51+,2015,0.1063321165261708
Afghanistan,city,51+,2016,0.10601101293477658
Afghanistan,city,51+,2017,0.1058074025086394
Afghanistan,city,51+,2018,0.10430999301793846
Afghanistan,city,51+,2019,0.1051232106413058
Afghanistan,city,51+,2020,0.10037296963244006
Afghanistan,city,51+,2025,0.10429813292577858
Afghanistan,city,51+,2030,0.11975692357780046
Afghanistan,city,51+,2035,0.13834280379628322
Afghanistan,city,51+,2040,0.15861752103351964
Afghanistan,city,51+,2045,0.1787414362676142
Afghanistan,city,51+,2050,0.19695870765950113
Afghanistan,city,51+,2055,0.21190030136160354
Afghanistan,city,51+,2060,0.222697817534025
Afghanistan,city,51+,2065,0.22902966301040284
Afghanistan,city,51+,2070,0.23105316896588382
Afghanistan,city,51+,2075,0.22923293870292058
Afghanistan,city,51+,2080,0.22422814341552344
Afghanistan,city,51+,2085,0.21677397313176822
Afghanistan,city,51+,2090,0.20773471183946754
Afghanistan,city,51+,2095,0.19785781177402056
Afghanistan,city,51+,2100,0.1876657475847151
Afghanistan,town,No_travel,2011,0.0
Afghanistan,town,No_travel,2012,0.0
Afghanistan,town,No_travel,2013,0.0
Afghanistan,town,No_travel,2014,0.0
Afghanistan,town,No_travel,2015,0.0
Afghanistan,town,No_travel,2016,0.0
Afghanistan,town,No_travel,2017,0.0
Afghanistan,town,No_travel,2018,0.0
Afghanistan,town,No_travel,2019,0.0
Afghanistan,town,No_travel,2020,0.0
Afghanistan,town,No_travel,2025,0.0
Afghanistan,town,No_travel,2030,0.0
Afghanistan,town,No_travel,2035,0.0
Afghanistan,town,No_travel,2040,0.0
Afghanistan,town,No_travel,2045,0.0
Afghanistan,town,No_travel,2050,0.0
Afghanistan,town,No_travel,2055,0.0
Afghanistan,town,No_travel,2060,0.0
Afghanistan,town,No_travel,2065,0.0
Afghanistan,town,No_travel,2070,0.0
Afghanistan,town,No_travel,2075,0.0
Afghanistan,town,No_travel,2080,0.0
Afghanistan,town,No_travel,2085,0.0
Afghanistan,town,No_travel,2090,0.0
Afghanistan,town,No_travel,2095,0.0
Afghanistan,town,No_travel,2100,0.0
Afghanistan,town,00_01,2011,0.136283799718559
Afghanistan,town,00_01,2012,0.14560882648401527
Afghanistan,town,00_01,2013,0.147998017897008
Afghanistan,town,00_01,2014,0.1468186775507672
Afghanistan,town,00_01,2015,0.1448401427218278
Afghanistan,town,00_01,2016,0.1444027519171918
Afghanistan,town,00_01,2017,0.1441254042620823
Afghanistan,town,00_01,2018,0.14208571003392537
Afghanistan,town,00_01,2019,0.14319343327390657
Afghanistan,town,00_01,2020,0.13672289917598093
Afghanistan,town,00_01,2025,0.1420695548260987
Afghanistan,town,00_01,2030,0.1631267247338812
Afghanistan,town,00_01,2035,0.18844345528906845
Afghanistan,town,00_01,2040,0.21606063281006005
Afghanistan,town,00_01,2045,0.24347239559492698
Afghanistan,town,00_01,2050,0.2682870261562753
Afghanistan,town,00_01,2055,0.28863969696736963
Afghanistan,town,00_01,2060,0.30334751840972624
Afghanistan,town,00_01,2065,0.31197243280485537
Afghanistan,town,00_01,2070,0.31472874859132993
Afghanistan,town,00_01,2075,0.3122493245030367
Afghanistan,town,00_01,2080,0.3054320496532342
Afghanistan,town,00_01,2085,0.2952783621029052
Afghanistan,town,00_01,2090,0.28296554506841604
Afghanistan,town,00_01,2095,0.26951173955917956
Afghanistan,town,00_01,2100,0.25562863368264316
Afghanistan,town,02_05,2011,0.261285967590787
Afghanistan,town,02_05,2012,0.2791640913755205
Afghanistan,town,02_05,2013,0.2837446959036638
Afghanistan,town,02_05,2014,0.2814836415147875
Afghanistan,town,02_05,2015,0.27769035582522583
Afghanistan,town,02_05,2016,0.276851781615814
Afghanistan,town,02_05,2017,0.2763200452643623
Afghanistan,town,02_05,2018,0.27240950357786753
Afghanistan,town,02_05,2019,0.2745332522492357
Afghanistan,town,02_05,2020,0.2621278176627545
Afghanistan,town,02_05,2025,0.2723785304973008
Afghanistan,town,02_05,2030,0.31274974868640815
Afghanistan,town,02_05,2035,0.3612874798988329
Afghanistan,town,02_05,2040,0.4142356730487202
Afghanistan,town,02_05,2045,0.46679004104700056
Afghanistan,town,02_05,2050,0.514365136326259
Afghanistan,town,02_05,2055,0.5533856750617179
Afghanistan,town,02_05,2060,0.5815837981303054
Afghanistan,town,02_05,2065,0.5981196527790082
Afghanistan,town,02_05,2070,0.603404115339797
Afghanistan,town,02_05,2075,0.5986505149609151
Afghanistan,town,02_05,2080,0.5855803022199917
Afghanistan,town,02_05,2085,0.5661134537634546
Afghanistan,town,02_05,2090,0.5425070800105314
Afghanistan,town,02_05,2095,0.5167131808272201
Afghanistan,town,02_05,2100,0.4900962185792694
Afghanistan,town,06_10,2011,0.234847781523163
Afghanistan,town,06_10,2012,0.25091690971766617
Afghanistan,town,06_10,2013,0.2550340263825542
Afghanistan,town,06_10,2014,0.2530017564829228
Afghanistan,town,06_10,2015,0.24959229390408152
Afghanistan,town,06_10,2016,0.24883857071512197
Afghanistan,town,06_10,2017,0.24836063803605357
Afghanistan,town,06_10,2018,0.24484578399281817
Afghanistan,town,06_10,2019,0.24675464143580458
Afghanistan,town,06_10,2020,0.23560444910695888
Afghanistan,town,06_10,2025,0.24481794491931147
Afghanistan,town,06_10,2030,0.28110420673628067
Afghanistan,town,06_10,2035,0.3247306540365737
Afghanistan,town,06_10,2040,0.3723212912666054
Afghanistan,town,06_10,2045,0.4195579524909001
Afghanistan,town,06_10,2050,0.4623191680475862
Afghanistan,town,06_10,2055,0.4973914187327557
Afghanistan,town,06_10,2060,0.5227363184487113
Afghanistan,town,06_10,2065,0.537598994832157
Afghanistan,town,06_10,2070,0.5423487497477639
Afghanistan,town,06_10,2075,0.5380761417944104
Afghanistan,town,06_10,2080,0.5263284368007424
Afghanistan,town,06_10,2085,0.5088313388301947
Afghanistan,town,06_10,2090,0.48761357288279716
Afghanistan,town,06_10,2095,0.46442962597631815
Afghanistan,town,06_10,2100,0.4405058975325201
Afghanistan,town,11_20,2011,0.286274279539271
Afghanistan,town,11_20,2012,0.30586219332270126
Afghanistan,town,11_20,2013,0.31088086796963926
Afghanistan,town,11_20,2014,0.30840357566748083
Afghanistan,town,11_20,2015,0.30424751578459186
Afghanistan,town,11_20,2016,0.30332874379751157
Afghanistan,town,11_20,2017,0.30274615437520064
Afghanistan,town,11_20,2018,0.29846162461559694
Afghanistan,town,11_20,2019,0.30078847984790924
Afghanistan,town,11_20,2020,0.28719664067888656
Afghanistan,town,11_20,2025,0.29842768939739095
Afghanistan,town,11_20,2030,0.3426598443338925
Afghanistan,town,11_20,2035,0.3958395239065418
Afghanistan,town,11_20,2040,0.4538514638000358
Afghanistan,town,11_20,2045,0.5114319147292342
Afghanistan,town,11_20,2050,0.5635568958396323
Afghanistan,town,11_20,2055,0.6063091979120593
Afghanistan,town,11_20,2060,0.6372040731334573
Afghanistan,town,11_20,2065,0.6553213486985093
Afghanistan,town,11_20,2070,0.6611111954564161
Afghanistan,town,11_20,2075,0.6559029803493068
Afghanistan,town,11_20,2080,0.6415827863858372
Afghanistan,town,11_20,2085,0.6202542088576202
Afghanistan,town,11_20,2090,0.5943902189121795
Afghanistan,town,11_20,2095,0.5661294976292988
Afghanistan,town,11_20,2100,0.5369669989260016
Afghanistan,town,21_30,2011,0.142215623076087
Afghanistan,town,21_30,2012,0.1519465264878588
Afghanistan,town,21_30,2013,0.15443970870136095
Afghanistan,town,21_30,2014,0.15320903695236535
Afghanistan,town,21_30,2015,0.15114438536460192
Afghanistan,town,21_30,2016,0.15068795689740688
Afghanistan,town,21_30,2017,0.1503985375411698
Afghanistan,town,21_30,2018,0.14827006455948688
Afghanistan,town,21_30,2019,0.1494260020303757
Afghanistan,town,21_30,2020,0.14267383456607036
Afghanistan,town,21_30,2025,0.14825320618782614
Afghanistan,town,21_30,2030,0.17022690038213698
Afghanistan,town,21_30,2035,0.19664555481935297
Afghanistan,town,21_30,2040,0.2254647843746019
Afghanistan,town,21_30,2045,0.2540696584103591
Afghanistan,town,21_30,2050,0.27996435869001746
Afghanistan,town,21_30,2055,0.301202890097563
Afghanistan,town,21_30,2060,0.3165508771278346
Afghanistan,town,21_30,2065,0.32555119541375166
Afghanistan,town,21_30,2070,0.32842748128028487
Afghanistan,town,21_30,2075,0.3258401389672978
Afghanistan,town,21_30,2080,0.3187261386793122
Afghanistan,town,21_30,2085,0.30813050659045066
Afghanistan,town,21_30,2090,0.2952817677821851
Afghanistan,town,21_30,2095,0.28124237838159744
Afghanistan,town,21_30,2100,0.2667550030916492
Afghanistan,town,31_50,2011,0.175007801582025
Afghanistan,town,31_50,2012,0.18698246355421982
Afghanistan,town,31_50,2013,0.19005052547801407
Afghanistan,town,31_50,2014,0.18853608457059282
Afghanistan,town,31_50,2015,0.1859953641659577
Afghanistan,town,31_50,2016,0.18543369210141578
Afghanistan,town,31_50,2017,0.18507753822623121
Afghanistan,town,31_50,2018,0.18245828044572862
Afghanistan,town,31_50,2019,0.18388075479257524
Afghanistan,town,31_50,2020,0.1755716678000052
Afghanistan,town,31_50,2025,0.18243753485886
Afghanistan,town,31_50,2030,0.20947793893264183
Afghanistan,town,31_50,2035,0.2419882253119292
Afghanistan,town,31_50,2040,0.27745261311026176
Afghanistan,town,31_50,2045,0.31265321914248584
Afghanistan,town,31_50,2050,0.3445187376456386
Afghanistan,town,31_50,2055,0.3706544645796391
Afghanistan,town,31_50,2060,0.3895414012661957
Afghanistan,town,31_50,2065,0.40061701927979565
Afghanistan,town,31_50,2070,0.40415652116668827
Afghanistan,town,31_50,2075,0.4009725876413698
Afghanistan,town,31_50,2080,0.3922182361578611
Afghanistan,town,31_50,2085,0.3791794557613393
Afghanistan,town,31_50,2090,0.3633680457115928
Afghanistan,town,31_50,2095,0.34609144401758407
Afghanistan,town,31_50,2100,0.32826355953240954
Afghanistan,town,51+,2011,0.0762610743674654
Afghanistan,town,51+,2012,0.08147913081370216
Afghanistan,town,51+,2013,0.08281606377565814
Afghanistan,town,51+,2014,0.08215613382041068
Afghanistan,town,51+,2015,0.08104899421878552
Afghanistan,town,51+,2016,0.08080424104380159
Afghanistan,town,51+,2017,0.08064904409305891
Afghanistan,town,51+,2018,0.07950768119048654
Afghanistan,town,51+,2019,0.08012753596821676
Afghanistan,town,51+,2020,0.07650678366267379
Afghanistan,town,51+,2025,0.0794986411321081
Afghanistan,town,51+,2030,0.09128171735702989
Afghanistan,town,51+,2035,0.10544833932968758
Afghanistan,town,51+,2040,0.12090223504654603
Afghanistan,town,51+,2045,0.13624118571124036
Afghanistan,town,51+,2050,0.15012684483248703
Afghanistan,town,51+,2055,0.16151570062830942
Afghanistan,town,51+,2060,0.16974583705769614
Afghanistan,town,51+,2065,0.1745721277793981
Afghanistan,town,51+,2070,0.17611449454350828
Afghanistan,town,51+,2075,0.17472706958781806
Afghanistan,town,51+,2080,0.17091228965522245
Afghanistan,town,51+,2085,0.1652305349420524
Afghanistan,town,51+,2090,0.1583405842840924
Afghanistan,town,51+,2095,0.15081216443826992
Afghanistan,town,51+,2100,0.14304351862792153
Afghanistan,rural,No_travel,2011,0.0
Afghanistan,rural,No_travel,2012,0.0
Afghanistan,rural,No_travel,2013,0.0
Afghanistan,rural,No_travel,2014,0.0
Afghanistan,rural,No_travel,2015,0.0
Afghanistan,rural,No_travel,2016,0.0
Afghanistan,rural,No_travel,2017,0.0
Afghanistan,rural,No_travel,2018,0.0
Afghanistan,rural,No_travel,2019,0.0
Afghanistan,rural,No_travel,2020,0.0
Afghanistan,rural,No_travel,2025,0.0
Afghanistan,rural,No_travel,2030,0.0
Afghanistan,rural,No_travel,2035,0.0
Afghanistan,rural,No_travel,2040,0.0
Afghanistan,rural,No_travel,2045,0.0
Afghanistan,rural,No_travel,2050,0.0
Afghanistan,rural,No_travel,2055,0.0
Afghanistan,rural,No_travel,2060,0.0
Afghanistan,rural,No_travel,2065,0.0
Afghanistan,rural,No_travel,2070,0.0
Afghanistan,rural,No_travel,2075,0.0
Afghanistan,rural,No_travel,2080,0.0
Afghanistan,rural,No_travel,2085,0.0
Afghanistan,rural,No_travel,2090,0.0
Afghanistan,rural,No_travel,2095,0.0
Afghanistan,rural,No_travel,2100,0.0
Afghanistan,rural,00_01,2011,0.0478840154180537
Afghanistan,rural,00_01,2012,0.05116041163193226
Afghanistan,rural,00_01,2013,0.05199986634843329
Afghanistan,rural,00_01,2014,0.05158549903963248
Afghanistan,rural,00_01,2015,0.05089033063040307
Afghanistan,rural,00_01,2016,0.05073665111694544
Afghanistan,rural,00_01,2017,0.050639203588913134
Afghanistan,rural,00_01,2018,0.04992254650956196
Afghanistan,rural,00_01,2019,0.05031175077897428
Afghanistan,rural,00_01,2020,0.04803829527547381
Afghanistan,rural,00_01,2025,0.04991687029403046
Afghanistan,rural,00_01,2030,0.05731541546672955
Afghanistan,rural,00_01,2035,0.06621057922605209
Afghanistan,rural,00_01,2040,0.07591401688298001
Afghanistan,rural,00_01,2045,0.08554528101369277
Afghanistan,rural,00_01,2050,0.09426402935242946
Afghanistan,rural,00_01,2055,0.10141504513662099
Afghanistan,rural,00_01,2060,0.10658271400237154
Afghanistan,rural,00_01,2065,0.10961312212665807
Afghanistan,rural,00_01,2070,0.1105815678838877
Afghanistan,rural,00_01,2075,0.10971040945187373
Afghanistan,rural,00_01,2080,0.10731512479814978
Afghanistan,rural,00_01,2085,0.10374757434670868
Afghanistan,rural,00_01,2090,0.09942140262316769
Afghanistan,rural,00_01,2095,0.09469433871853512
Afghanistan,rural,00_01,2100,0.08981643791729989
Afghanistan,rural,02_05,2011,0.123784799035439
Afghanistan,rural,02_05,2012,0.13225459930917544
Afghanistan,rural,02_05,2013,0.13442467073017522
Afghanistan,rural,02_05,2014,0.1333534912645654
Afghanistan,rural,02_05,2015,0.13155641386658667
Afghanistan,rural,02_05,2016,0.13115913749944966
Afghanistan,rural,02_05,2017,0.13090722623911225
Afghanistan,rural,02_05,2018,0.12905459855594256
Afghanistan,rural,02_05,2019,0.13006072913735522
Afghanistan,rural,02_05,2020,0.12418362734963181
Afghanistan,rural,02_05,2025,0.1290399249912318
Afghanistan,rural,02_05,2030,0.1481658779707699
Afghanistan,rural,02_05,2035,0.17116073436954884
Afghanistan,rural,02_05,2040,0.1962450567645932
Afghanistan,rural,02_05,2045,0.22114280363207947
Afghanistan,rural,02_05,2050,0.24368160915055276
Afghanistan,rural,02_05,2055,0.2621676747826271
Afghanistan,rural,02_05,2060,0.2755265973049737
Afghanistan,rural,02_05,2065,0.2833604946376259
Afghanistan,rural,02_05,2070,0.2858640203421598
Afghanistan,rural,02_05,2075,0.2836119917582282
Afghanistan,rural,02_05,2080,0.27741994986480545
Afghanistan,rural,02_05,2085,0.2681974878004831
Afghanistan,rural,02_05,2090,0.25701391656661754
Afghanistan,rural,02_05,2095,0.24479400037216228
Afghanistan,rural,02_05,2100,0.23218415624935598
Afghanistan,rural,06_10,2011,0.148707724813786
Afghanistan,rural,06_10,2012,0.1588828411297557
Afghanistan,rural,06_10,2013,0.1614898363845439
Afghanistan,rural,06_10,2014,0.16020298482894632
Afghanistan,rural,06_10,2015,0.15804408249804555
Afghanistan,rural,06_10,2016,0.15756681820437152
Afghanistan,rural,06_10,2017,0.15726418693888772
Afghanistan,rural,06_10,2018,0.1550385497860389
Afghanistan,rural,06_10,2019,0.1562472554655191
Afghanistan,rural,06_10,2020,0.14918685352471883
Afghanistan,rural,06_10,2025,0.15502092183462604
Afghanistan,rural,06_10,2030,0.17799770876359536
Afghanistan,rural,06_10,2035,0.2056223670748566
Afghanistan,rural,06_10,2040,0.23575718605852353
Afghanistan,rural,06_10,2045,0.26566786425571837
Afghanistan,rural,06_10,2050,0.29274465005486155
Afghanistan,rural,06_10,2055,0.3149527142301491
Afghanistan,rural,06_10,2060,0.33100133239442836
Afghanistan,rural,06_10,2065,0.34041251258651295
Afghanistan,rural,06_10,2070,0.3434201000644187
Afghanistan,rural,06_10,2075,0.3407146463290517
Afghanistan,rural,06_10,2080,0.3332758940016442
Afghanistan,rural,06_10,2085,0.3221965743965432
Afghanistan,rural,06_10,2090,0.30876129440707595
Afghanistan,rural,06_10,2095,0.29408101097282063
Afghanistan,rural,06_10,2100,0.2789322912239429
Afghanistan,rural,11_20,2011,0.227309082564942
Afghanistan,rural,11_20,2012,0.24286238591667367
Afghanistan,rural,11_20,2013,0.24684734164348016
Afghanistan,rural,11_20,2014,0.24488030834466235
Afghanistan,rural,11_20,2015,0.24158029075109835
Afghanistan,rural,11_20,2016,0.24085076234985425
Afghanistan,rural,11_20,2017,0.24038817148311392
Afghanistan,rural,11_20,2018,0.23698614552938477
Afghanistan,rural,11_20,2019,0.23883372795617341
Afghanistan,rural,11_20,2020,0.2280414608448804
Afghanistan,rural,11_20,2025,0.2369592001002339
Afghanistan,rural,11_20,2030,0.2720806597530816
Afghanistan,rural,11_20,2035,0.31430668227320196
Afghanistan,rural,11_20,2040,0.3603696427886392
Afghanistan,rural,11_20,2045,0.40608999005649865
Afghanistan,rural,11_20,2050,0.44747855508577217
Afghanistan,rural,11_20,2055,0.4814249738044316
Afghanistan,rural,11_20,2060,0.5059562930477691
Afghanistan,rural,11_20,2065,0.5203418721291175
Afghanistan,rural,11_20,2070,0.5249391581893584
Afghanistan,rural,11_20,2075,0.5208037025008376
Afghanistan,rural,11_20,2080,0.5094331030979606
Afghanistan,rural,11_20,2085,0.4924976683178717
Afghanistan,rural,11_20,2090,0.47196100035234984
Afghanistan,rural,11_20,2095,0.4495212665496003
Afghanistan,rural,11_20,2100,0.4263654984651733
Afghanistan,rural,21_30,2011,0.153212938930544
Afghanistan,rural,21_30,2012,0.16369631816778268
Afghanistan,rural,21_30,2013,0.16638229433522286
Afghanistan,rural,21_30,2014,0.1650564566287598
Afghanistan,rural,21_30,2015,0.16283214870262144
Afghanistan,rural,21_30,2016,0.1623404253226022
Afghanistan,rural,21_30,2017,0.1620286256117593
Afghanistan,rural,21_30,2018,0.15973556108126516
Afghanistan,rural,21_30,2019,0.16098088542260047
Afghanistan,rural,21_30,2020,0.1537065832117671
Afghanistan,rural,21_30,2025,0.15971739907759877
Afghanistan,rural,21_30,2030,0.18339028531788332
Afghanistan,rural,21_30,2035,0.2118518537543607
Afghanistan,rural,21_30,2040,0.2428996300982533
Afghanistan,rural,21_30,2045,0.273716475139333
Afghanistan,rural,21_30,2050,0.3016135728474338
Afghanistan,rural,21_30,2055,0.3244944472910087
Afghanistan,rural,21_30,2060,0.34102927060164945
Afghanistan,rural,21_30,2065,0.35072556968658125
Afghanistan,rural,21_30,2070,0.3538242743245391
Afghanistan,rural,21_30,2075,0.35103685680164143
Afghanistan,rural,21_30,2080,0.34337274179022764
Afghanistan,rural,21_30,2085,0.3319577657345187
Afghanistan,rural,21_30,2090,0.31811545367494926
Afghanistan,rural,21_30,2095,0.3029904198402098
Afghanistan,rural,21_30,2100,0.2873827580548715
Afghanistan,rural,31_50,2011,0.152668305095647
Afghanistan,rural,31_50,2012,0.16311441853094683
Afghanistan,rural,31_50,2013,0.16579084672214733
Afghanistan,rural,31_50,2014,0.1644697220384849
Afghanistan,rural,31_50,2015,0.16225332097298284
Afghanistan,rural,31_50,2016,0.16176334554709876
Afghanistan,rural,31_50,2017,0.16145265420656338
Afghanistan,rural,31_50,2018,0.15916774094930783
Afghanistan,rural,31_50,2019,0.16040863847280093
Afghanistan,rural,31_50,2020,0.1531601945944096
Afghanistan,rural,31_50,2025,0.15914964350704058
Afghanistan,rural,31_50,2030,0.18273837853329503
Afghanistan,rural,31_50,2035,0.21109877318332235
Afghanistan,rural,31_50,2040,0.2420361824158389
Afghanistan,rural,31_50,2045,0.27274348124880265
Afghanistan,rural,31_50,2050,0.3005414117232917
Afghanistan,rural,31_50,2055,0.32334095035749577
Afghanistan,rural,31_50,2060,0.33981699648983893
Afghanistan,rural,31_50,2065,0.3494788276467237
Afghanistan,rural,31_50,2070,0.3525665171615336
Afghanistan,rural,31_50,2075,0.3497890082136267
Afghanistan,rural,31_50,2080,0.34215213722206456
Afghanistan,rural,31_50,2085,0.33077773856293763
Afghanistan,rural,31_50,2090,0.31698463247483166
Afghanistan,rural,31_50,2095,0.30191336436795996
Afghanistan,rural,31_50,2100,0.2863611839326386
Afghanistan,rural,51+,2011,0.0512532102732799
Afghanistan,rural,51+,2012,0.05476013889282886
Afghanistan,rural,51+,2013,0.055658658967306616
Afghanistan,rural,51+,2014,0.05521513612105146
Afghanistan,rural,51+,2015,0.05447105456601665
Afghanistan,rural,51+,2016,0.05430656191958396
Afghanistan,rural,51+,2017,0.054202257829769306
Afghanistan,rural,51+,2018,0.053435175627887556
Afghanistan,rural,51+,2019,0.053851764923611635
Afghanistan,rural,51+,2020,0.051418345504823236
Afghanistan,rural,51+,2025,0.053429100024877815
Afghanistan,rural,51+,2030,0.061348218506109796
Afghanistan,rural,51+,2035,0.0708692600184289
Afghanistan,rural,51+,2040,0.08125544685472917
Afghanistan,rural,51+,2045,0.09156438192166604
Afghanistan,rural,51+,2050,0.10089659514613594
Afghanistan,rural,51+,2055,0.1085507676806416
Afghanistan,rural,51+,2060,0.11408204187906931
Afghanistan,rural,51+,2065,0.11732567429903035
Afghanistan,rural,51+,2070,0.1183622614273279
Afghanistan,rural,51+,2075,0.11742980691390548
Afghanistan,rural,51+,2080,0.11486598625371525
Afghanistan,rural,51+,2085,0.11104741732519331
Afghanistan,rural,51+,2090,0.10641684933524638
Afghanistan,rural,51+,2095,0.10135718175799432
Afghanistan,rural,51+,2100,0.09613606416217027
Bangladesh,large_city,No_travel,2011,0.0
Bangladesh,large_city,No_travel,2012,0.0
Bangladesh,large_city,No_travel,2013,0.0
Bangladesh,large_city,No_travel,2014,0.0
Bangladesh,large_city,No_travel,2015,0.0
Bangladesh,large_city,No_travel,2016,0.0
Bangladesh,large_city,No_travel,2017,0.0
Bangladesh,large_city,No_travel,2018,0.0
Bangladesh,large_city,No_travel,2019,0.0
Bangladesh,large_city,No_travel,2020,0.0
Bangladesh,large_city,No_travel,2025,0.0
Bangladesh,large_city,No_travel,2030,0.0
Bangladesh,large_city,No_travel,2035,0.0
Bangladesh,large_city,No_travel,2040,0.0
Bangladesh,large_city,No_travel,2045,0.0
Bangladesh,large_city,No_travel,2050,0.0
Bangladesh,large_city,No_travel,2055,0.0
Bangladesh,large_city,No_travel,2060,0.0
Bangladesh,large_city,No_travel,2065,0.0
Bangladesh,large_city,No_travel,2070,0.0
Bangladesh,large_city,No_travel,2075,0.0
Bangladesh,large_city,No_travel,2080,0.0
Bangladesh,large_city,No_travel,2085,0.0
Bangladesh,large_city,No_travel,2090,0.0
Bangladesh,large_city,No_travel,2095,0.0
Bangladesh,large_city,No_travel,2100,0.0
Bangladesh,large_city,00_01,2011,0.0918299625000023
Bangladesh,large_city,00_01,2012,0.09433834262988978
Bangladesh,large_city,00_01,2013,0.09657779954115432
Bangladesh,large_city,00_01,2014,0.09882551421500052
Bangladesh,large_city,00_01,2015,0.10128895002726905
Bangladesh,large_city,00_01,2016,0.10393811248947664
Bangladesh,large_city,00_01,2017,0.10629725155791811
Bangladesh,large_city,00_01,2018,0.1089442336647343
Bangladesh,large_city,00_01,2019,0.1117537625796321
Bangladesh,large_city,00_01,2020,0.11270595430672269
Bangladesh,large_city,00_01,2025,0.12510362247724255
Bangladesh,large_city,00_01,2030,0.1312298333021071
Bangladesh,large_city,00_01,2035,0.13470306570577154
Bangladesh,large_city,00_01,2040,0.135792013405335
Bangladesh,large_city,00_01,2045,0.13484486549562225
Bangladesh,large_city,00_01,2050,0.13231163327933884
Bangladesh,large_city,00_01,2055,0.12863264919059195
Bangladesh,large_city,00_01,2060,0.12416411511753107
Bangladesh,large_city,00_01,2065,0.11918402528159762
Bangladesh,large_city,00_01,2070,0.11391361771179889
Bangladesh,large_city,00_01,2075,0.1085323671704909
Bangladesh,large_city,00_01,2080,0.10334115860319018
Bangladesh,large_city,00_01,2085,0.0984282991454877
Bangladesh,large_city,00_01,2090,0.09392845538892214
Bangladesh,large_city,00_01,2095,0.08971858575194008
Bangladesh,large_city,00_01,2100,0.0857324190629516
Bangladesh,large_city,02_05,2011,0.218099182353909
Bangladesh,large_city,02_05,2012,0.22405666769385169
Bangladesh,large_city,02_05,2013,0.22937545154137418
Bangladesh,large_city,02_05,2014,0.23471384784672739
Bangladesh,large_city,02_05,2015,0.24056458895355395
Bangladesh,large_city,02_05,2016,0.24685643696481854
Bangladesh,large_city,02_05,2017,0.25245946987345375
Bangladesh,large_city,02_05,2018,0.25874613946892505
Bangladesh,large_city,02_05,2019,0.26541886308175305
Bangladesh,large_city,02_05,2020,0.2676803497628852
Bangladesh,large_city,02_05,2025,0.2971252195795901
Bangladesh,large_city,02_05,2030,0.3116751718550317
Bangladesh,large_city,02_05,2035,0.3199242130910476
Bangladesh,large_city,02_05,2040,0.322510499706388
Bangladesh,large_city,02_05,2045,0.3202609922574814
Bangladesh,large_city,02_05,2050,0.31424448239465774
Bangladesh,large_city,02_05,2055,0.3055067741368686
Bangladesh,large_city,02_05,2060,0.2948938586883282
Bangladesh,large_city,02_05,2065,0.28306598147160744
Bangladesh,large_city,02_05,2070,0.2705485900848373
Bangladesh,large_city,02_05,2075,0.2577679429937446
Bangladesh,large_city,02_05,2080,0.24543865184373606
Bangladesh,large_city,02_05,2085,0.23377044898734756
Bangladesh,large_city,02_05,2090,0.22308317201032313
Bangladesh,large_city,02_05,2095,0.21308459310812317
Bangladesh,large_city,02_05,2100,0.2036173160677481
Bangladesh,large_city,06_10,2011,0.227649910037638
Bangladesh,large_city,06_10,2012,0.2338682781536989
Bangladesh,large_city,06_10,2013,0.23941997555728356
Bangladesh,large_city,06_10,2014,0.24499214426301893
Bangladesh,large_city,06_10,2015,0.25109909373549
Bangladesh,large_city,06_10,2016,0.25766646651642333
Bangladesh,large_city,06_10,2017,0.2635148604618849
Bangladesh,large_city,06_10,2018,0.2700768280602919
Bangladesh,large_city,06_10,2019,0.2770417552726341
Bangladesh,large_city,06_10,2020,0.27940227416112595
Bangladesh,large_city,06_10,2025,0.3101365570341617
Bangladesh,large_city,06_10,2030,0.32532366269318863
Bangladesh,large_city,06_10,2035,0.33393393566628277
Bangladesh,large_city,06_10,2040,0.3366334777230631
Bangladesh,large_city,06_10,2045,0.3342854626464105
Bangladesh,large_city,06_10,2050,0.3280054852790959
Bangladesh,large_city,06_10,2055,0.3188851461867968
Bangladesh,large_city,06_10,2060,0.307807483166599
Bangladesh,large_city,06_10,2065,0.2954616542860789
Bangladesh,large_city,06_10,2070,0.2823961168899775
Bangladesh,large_city,06_10,2075,0.2690557956237163
Bangladesh,large_city,06_10,2080,0.2561865955156078
Bangladesh,large_city,06_10,2085,0.24400743325608387
Bangladesh,large_city,06_10,2090,0.23285215235998688
Bangladesh,large_city,06_10,2095,0.22241572814682087
Bangladesh,large_city,06_10,2100,0.21253387190471218
Bangladesh,large_city,11_20,2011,0.24573634096712
Bangladesh,large_city,11_20,2012,0.25244874874876494
Bangladesh,large_city,11_20,2013,0.258441519867752
Bangladesh,large_city,11_20,2014,0.2644563887019743
Bangladesh,large_city,11_20,2015,0.27104852580226135
Bangladesh,large_city,11_20,2016,0.2781376661260453
Bangladesh,large_city,11_20,2017,0.28445070586524124
Bangladesh,large_city,11_20,2018,0.2915340115731624
Bangladesh,large_city,11_20,2019,0.2990522914089871
Bangladesh,large_city,11_20,2020,0.3016003498481311
Bangladesh,large_city,11_20,2025,0.334776423645918
Bangladesh,large_city,11_20,2030,0.3511701212050925
Bangladesh,large_city,11_20,2035,0.3604644669607593
Bangladesh,large_city,11_20,2040,0.3633784834310947
Bangladesh,large_city,11_20,2045,0.3608439222121737
Bangladesh,large_city,11_20,2050,0.354065010420181
Bangladesh,large_city,11_20,2055,0.3442200745862489
Bangladesh,large_city,11_20,2060,0.33226230848565996
Bangladesh,large_city,11_20,2065,0.318935622721525
Bangladesh,large_city,11_20,2070,0.3048320487207437
Bangladesh,large_city,11_20,2075,0.2904318596991232
Bangladesh,large_city,11_20,2080,0.27654022167819275
Bangladesh,large_city,11_20,2085,0.2633934439386126
Bangladesh,large_city,11_20,2090,0.25135189334272584
Bangladesh,large_city,11_20,2095,0.24008631147405715
Bangladesh,large_city,11_20,2100,0.22941935713835193
Bangladesh,large_city,21_30,2011,0.151410352965953
Bangladesh,large_city,21_30,2012,0.1555462004660436
Bangladesh,large_city,21_30,2013,0.15923864411031274
Bangladesh,large_city,21_30,2014,0.16294470325341426
Bangladesh,large_city,21_30,2015,0.16700644601895812
Bangladesh,large_city,21_30,2016,0.17137441713151294
Bangladesh,large_city,21_30,2017,0.17526419416423777
Bangladesh,large_city,21_30,2018,0.1796285702804492
Bangladesh,large_city,21_30,2019,0.18426095554002847
Bangladesh,large_city,21_30,2020,0.18583094077758147
Bangladesh,large_city,21_30,2025,0.2062723660221265
Bangladesh,large_city,21_30,2030,0.21637333653419177
Bangladesh,large_city,21_30,2035,0.22210004413435666
Bangladesh,large_city,21_30,2040,0.22389551427355403
Bangladesh,large_city,21_30,2045,0.22233384534310474
Bangladesh,large_city,21_30,2050,0.21815702142234814
Bangladesh,large_city,21_30,2055,0.2120910679550005
Bangladesh,large_city,21_30,2060,0.2047232949229412
Bangladesh,large_city,21_30,2065,0.19651206256116363
Bangladesh,large_city,21_30,2070,0.18782215080804018
Bangladesh,large_city,21_30,2075,0.17894947982271067
Bangladesh,large_city,21_30,2080,0.1703901523429149
Bangladesh,large_city,21_30,2085,0.16228977024199842
Bangladesh,large_city,21_30,2090,0.15487037342504759
Bangladesh,large_city,21_30,2095,0.14792908944405841
Bangladesh,large_city,21_30,2100,0.14135664958968241
Bangladesh,large_city,31_50,2011,0.123613380885738
Bangladesh,large_city,31_50,2012,0.12698994056147556
Bangladesh,large_city,31_50,2013,0.13000449956392895
Bangladesh,large_city,31_50,2014,0.13303017443666568
Bangladesh,large_city,31_50,2015,0.13634623404356697
Bangladesh,large_city,31_50,2016,0.13991230245472477
Bangladesh,large_city,31_50,2017,0.14308796700135545
Bangladesh,large_city,31_50,2018,0.14665110041075433
Bangladesh,large_city,31_50,2019,0.1504330399696074
Bangladesh,large_city,31_50,2020,0.15171479633139506
Bangladesh,large_city,31_50,2025,0.1684034416921881
Bangladesh,large_city,31_50,2030,0.17665000535685574
Bangladesh,large_city,31_50,2035,0.1813253639035703
Bangladesh,large_city,31_50,2040,0.18279120907094454
Bangladesh,large_city,31_50,2045,0.18151624225040977
Bangladesh,large_city,31_50,2050,0.17810622889204153
Bangladesh,large_city,31_50,2055,0.17315390560828947
Bangladesh,large_city,31_50,2060,0.16713875990490146
Bangladesh,large_city,31_50,2065,0.160435003037589
Bangladesh,large_city,31_50,2070,0.15334044609111752
Bangladesh,large_city,31_50,2075,0.14609668213113255
Bangladesh,large_city,31_50,2080,0.1391087358833375
Bangladesh,large_city,31_50,2085,0.13249547861033079
Bangladesh,large_city,31_50,2090,0.12643818657771522
Bangladesh,large_city,31_50,2095,0.12077123208107635
Bangladesh,large_city,31_50,2100,0.11540540672532755
Bangladesh,large_city,51+,2011,0.0823319043773287
Bangladesh,large_city,51+,2012,0.08458084042579851
Bangladesh,large_city,51+,2013,0.08658866823336596
Bangladesh,large_city,51+,2014,0.08860389969547855
Bangladesh,large_city,51+,2015,0.09081254005875186
Bangladesh,large_city,51+,2016,0.09318769719244313
Bangladesh,large_city,51+,2017,0.09530282832075802
Bangladesh,large_city,51+,2018,0.09767603061523664
Bangladesh,large_city,51+,2019,0.10019496735080048
Bangladesh,large_city,51+,2020,0.10104867300513638
Bangladesh,large_city,51+,2025,0.11216403886752653
Bangladesh,large_city,51+,2030,0.11765661002945084
Bangladesh,large_city,51+,2035,0.12077060278686631
Bangladesh,large_city,51+,2040,0.12174691961670678
Bangladesh,large_city,51+,2045,0.12089773609304307
Bangladesh,large_city,51+,2050,0.11862651843250434
Bangladesh,large_city,51+,2055,0.11532805507747014
Bangladesh,large_city,51+,2060,0.11132170562469677
Bangladesh,large_city,51+,2065,0.10685671109567724
Bangladesh,large_city,51+,2070,0.10213142666505137
Bangladesh,large_city,51+,2075,0.09730676385418062
Bangladesh,large_city,51+,2080,0.09265248679982853
Bangladesh,large_city,51+,2085,0.08824776894871535
Bangladesh,large_city,51+,2090,0.0842133482020177
Bangladesh,large_city,51+,2095,0.08043890928298822
Bangladesh,large_city,51+,2100,0.0768650355087298
Bangladesh,city,No_travel,2011,0.0
Bangladesh,city,No_travel,2012,0.0
Bangladesh,city,No_travel,2013,0.0
Bangladesh,city,No_travel,2014,0.0
Bangladesh,city,No_travel,2015,0.0
Bangladesh,city,No_travel,2016,0.0
Bangladesh,city,No_travel,2017,0.0
Bangladesh,city,No_travel,2018,0.0
Bangladesh,city,No_travel,2019,0.0
Bangladesh,city,No_travel,2020,0.0
Bangladesh,city,No_travel,2025,0.0
Bangladesh,city,No_travel,2030,0.0
Bangladesh,city,No_travel,2035,0.0
Bangladesh,city,No_travel,2040,0.0
Bangladesh,city,No_travel,2045,0.0
Bangladesh,city,No_travel,2050,0.0
Bangladesh,city,No_travel,2055,0.0
Bangladesh,city,No_travel,2060,0.0
Bangladesh,city,No_travel,2065,0.0
Bangladesh,city,No_travel,2070,0.0
Bangladesh,city,No_travel,2075,0.0
Bangladesh,city,No_travel,2080,0.0
Bangladesh,city,No_travel,2085,0.0
Bangladesh,city,No_travel,2090,0.0
Bangladesh,city,No_travel,2095,0.0
Bangladesh,city,No_travel,2100,0.0
Bangladesh,city,00_01,2011,0.14143918779263
Bangladesh,city,00_01,2012,0.14530266806189887
Bangladesh,city,00_01,2013,0.14875194494280622
Bangladesh,city,00_01,2014,0.15221394067059904
Bangladesh,city,00_01,2015,0.15600819639041957
Bangladesh,city,00_01,2016,0.16008851371588242
Bangladesh,city,00_01,2017,0.16372212854753626
Bangladesh,city,00_01,2018,0.16779908762600368
Bangladesh,city,00_01,2019,0.17212640604130897
Bangladesh,city,00_01,2020,0.17359299952382892
Bangladesh,city,00_01,2025,0.1926882497975163
Bangladesh,city,00_01,2030,0.20212401846959038
Bangladesh,city,00_01,2035,0.20747359236481364
Bangladesh,city,00_01,2040,0.20915082138660385
Bangladesh,city,00_01,2045,0.20769199653878515
Bangladesh,city,00_01,2050,0.20379023836087845
Bangladesh,city,00_01,2055,0.19812375971656498
Bangladesh,city,00_01,2060,0.19124119314775684
Bangladesh,city,00_01,2065,0.18357071346604356
Bangladesh,city,00_01,2070,0.17545307793931184
Bangladesh,city,00_01,2075,0.1671647188335218
Bangladesh,city,00_01,2080,0.15916906792142282
Bangladesh,city,00_01,2085,0.15160213843000808
Bangladesh,city,00_01,2090,0.14467134777306587
Bangladesh,city,00_01,2095,0.13818718371639882
Bangladesh,city,00_01,2100,0.13204757346776616
Bangladesh,city,02_05,2011,0.288371801420151
Bangladesh,city,02_05,2012,0.29624881755965066
Bangladesh,city,02_05,2013,0.303281339474316
Bangladesh,city,02_05,2014,0.310339793076271
Bangladesh,city,02_05,2015,0.3180756714707196
Bangladesh,city,02_05,2016,0.3263947835631526
Bangladesh,city,02_05,2017,0.33380314097119473
Bangladesh,city,02_05,2018,0.34211540613703834
Bangladesh,city,02_05,2019,0.35093811380536677
Bangladesh,city,02_05,2020,0.3539282625124238
Bangladesh,city,02_05,2025,0.39286041283037687
Bangladesh,city,02_05,2030,0.4120984306118365
Bangladesh,city,02_05,2035,0.42300535312087634
Bangladesh,city,02_05,2040,0.42642495388326845
Bangladesh,city,02_05,2045,0.42345064417541906
Bangladesh,city,02_05,2050,0.41549558552421695
Bangladesh,city,02_05,2055,0.4039425450983539
Bangladesh,city,02_05,2060,0.3899100965894497
Bangladesh,city,02_05,2065,0.37427121971173916
Bangladesh,city,02_05,2070,0.3577206638392893
Bangladesh,city,02_05,2075,0.34082202999208383
Bangladesh,city,02_05,2080,0.3245201811690464
Bangladesh,city,02_05,2085,0.3090924265084513
Bangladesh,city,02_05,2090,0.2949616568243191
Bangladesh,city,02_05,2095,0.281741487089844
Bangladesh,city,02_05,2100,0.2692238072654122
Bangladesh,city,06_10,2011,0.300942920069744
Bangladesh,city,06_10,2012,0.30916332243496597
Bangladesh,city,06_10,2013,0.3165024161675405
Bangladesh,city,06_10,2014,0.323868572038843
Bangladesh,city,06_10,2015,0.3319416839792781
Bangladesh,city,06_10,2016,0.3406234547805662
Bangladesh,city,06_10,2017,0.34835476796832204
Bangladesh,city,06_10,2018,0.35702939336194134
Bangladesh,city,06_10,2019,0.36623671320234424
Bangladesh,city,06_10,2020,0.3693572127758564
Bangladesh,city,06_10,2025,0.4099865494293683
Bangladesh,city,06_10,2030,0.4300632185731411
Bangladesh,city,06_10,2035,0.44144561134760846
Bangladesh,city,06_10,2040,0.4450142842686048
Bangladesh,city,06_10,2045,0.4419103141707523
Bangladesh,city,06_10,2050,0.4336084671523235
Bangladesh,city,06_10,2055,0.42155178995878123
Bangladesh,city,06_10,2060,0.40690761875618436
Bangladesh,city,06_10,2065,0.39058698944703674
Bangladesh,city,06_10,2070,0.37331493792014137
Bangladesh,city,06_10,2075,0.35567963450239165
Bangladesh,city,06_10,2080,0.33866713202059534
Bangladesh,city,06_10,2085,0.32256682847214074
Bangladesh,city,06_10,2090,0.3078200499361219
Bangladesh,city,06_10,2095,0.2940235675334823
Bangladesh,city,06_10,2100,0.280960198992208
Bangladesh,city,11_20,2011,0.352477571210292
Bangladesh,city,11_20,2012,0.3621056676592574
Bangladesh,city,11_20,2013,0.37070153671357187
Bangladesh,city,11_20,2014,0.3793291021338563
Bangladesh,city,11_20,2015,0.3887846855654715
Bangladesh,city,11_20,2016,0.3989531569989688
Bangladesh,city,11_20,2017,0.40800841071304433
Bangladesh,city,11_20,2018,0.4181685131311157
Bangladesh,city,11_20,2019,0.428952530691487
Bangladesh,city,11_20,2020,0.4326073969045862
Bangladesh,city,11_20,2025,0.480194261218245
Bangladesh,city,11_20,2030,0.5037089382744444
Bangladesh,city,11_20,2035,0.5170404968263984
Bangladesh,city,11_20,2040,0.5212202833564992
Bangladesh,city,11_20,2045,0.5175847771915865
Bangladesh,city,11_20,2050,0.5078612891861632
Bangladesh,city,11_20,2055,0.49373997909499573
Bangladesh,city,11_20,2060,0.47658808232771904
Bangladesh,city,11_20,2065,0.45747264416363576
Bangladesh,city,11_20,2070,0.4372428584932893
Bangladesh,city,11_20,2075,0.41658761624733653
Bangladesh,city,11_20,2080,0.39666182582301646
Bangladesh,city,11_20,2085,0.37780444287081894
Bangladesh,city,11_20,2090,0.3605323678861429
Bangladesh,city,11_20,2095,0.3443733214882382
Bangladesh,city,11_20,2100,0.32907293025728246
Bangladesh,city,21_30,2011,0.15857884585093
Bangladesh,city,21_30,2012,0.16291050422390332
Bangladesh,city,21_30,2013,0.16677776587416493
Bangladesh,city,21_30,2014,0.17065928764632857
Bangladesh,city,21_30,2015,0.17491333281091612
Bangladesh,city,21_30,2016,0.1794881046423701
Bangladesh,city,21_30,2017,0.18356204239090482
Bangladesh,city,21_30,2018,0.1881330490216324
Bangladesh,city,21_30,2019,0.19298475363502912
Bangladesh,city,21_30,2020,0.1946290695097179
Bangladesh,city,21_30,2025,0.216038289944974
Bangladesh,city,21_30,2030,0.22661748888613079
Bangladesh,city,21_30,2035,0.23261532631250614
Bangladesh,city,21_30,2040,0.23449580262641945
Bangladesh,city,21_30,2045,0.23286019679273126
Bangladesh,city,21_30,2050,0.22848562197864913
Bangladesh,city,21_30,2055,0.22213247715734527
Bangladesh,city,21_30,2060,0.21441587838435186
Bangladesh,city,21_30,2065,0.20581588686833382
Bangladesh,city,21_30,2070,0.19671455298090393
Bangladesh,city,21_30,2075,0.18742180716196394
Bangladesh,city,21_30,2080,0.17845724003417068
Bangladesh,city,21_30,2085,0.16997334696244842
Bangladesh,city,21_30,2090,0.16220268028679055
Bangladesh,city,21_30,2095,0.15493276260370892
Bangladesh,city,21_30,2100,0.14804915189866044
Bangladesh,city,31_50,2011,0.235491949480815
Bangladesh,city,31_50,2012,0.24192452672188844
Bangladesh,city,31_50,2013,0.24766746790856223
Bangladesh,city,31_50,2014,0.25343158558878737
Bangladesh,city,31_50,2015,0.25974890605869344
Bangladesh,city,31_50,2016,0.266542510408871
Bangladesh,city,31_50,2017,0.2725923686816937
Bangladesh,city,31_50,2018,0.2793803816526776
Bangladesh,city,31_50,2019,0.2865852353113294
Bangladesh,city,31_50,2020,0.28902706889143204
Bangladesh,city,31_50,2025,0.32082008031177206
Bangladesh,city,31_50,2030,0.33653034840730556
Bangladesh,city,31_50,2035,0.3454372263747103
Bangladesh,city,31_50,2040,0.34822976172669684
Bangladesh,city,31_50,2045,0.3458008626872909
Bangladesh,city,31_50,2050,0.33930455389156233
Bangladesh,city,31_50,2055,0.3298700391473373
Bangladesh,city,31_50,2060,0.3184107749645111
Bangladesh,city,31_50,2065,0.30563965939258075
Bangladesh,city,31_50,2070,0.29212404292730865
Bangladesh,city,31_50,2075,0.27832417689102146
Bangladesh,city,31_50,2080,0.2650116611021238
Bangladesh,city,31_50,2085,0.25241295345025494
Bangladesh,city,31_50,2090,0.24087339762616677
Bangladesh,city,31_50,2095,0.23007746151900596
Bangladesh,city,31_50,2100,0.21985519703158057
Bangladesh,city,51+,2011,0.100050611660432
Bangladesh,city,51+,2012,0.10278354282407165
Bangladesh,city,51+,2013,0.10522347667201581
Bangladesh,city,51+,2014,0.10767240752022818
Bangladesh,city,51+,2015,0.11035637093580371
Bangladesh,city,51+,2016,0.11324268731355153
Bangladesh,city,51+,2017,0.11581301730567785
Bangladesh,city,51+,2018,0.11869695814188555
Bangladesh,city,51+,2019,0.1217579970311608
Bangladesh,city,51+,2020,0.12279542928224568
Bangladesh,city,51+,2025,0.13630294088145328
Bangladesh,city,51+,2030,0.1429775721619402
Bangladesh,city,51+,2035,0.14676172949975305
Bangladesh,city,51+,2040,0.14794816016400975
Bangladesh,city,51+,2045,0.14691622325453252
Bangladesh,city,51+,2050,0.14415621523735556
Bangladesh,city,51+,2055,0.14014788725433897
Bangladesh,city,51+,2060,0.1352793285065859
Bangladesh,city,51+,2065,0.12985341935183664
Bangladesh,city,51+,2070,0.12411120312194196
Bangladesh,city,51+,2075,0.11824822122040976
Bangladesh,city,51+,2080,0.11259229391438151
Bangladesh,city,51+,2085,0.10723963362395769
Bangladesh,city,51+,2090,0.10233696233929122
Bangladesh,city,51+,2095,0.09775022375502221
Bangladesh,city,51+,2100,0.09340721408196778
Bangladesh,town,No_travel,2011,0.0
Bangladesh,town,No_travel,2012,0.0
Bangladesh,town,No_travel,2013,0.0
Bangladesh,town,No_travel,2014,0.0
Bangladesh,town,No_travel,2015,0.0
Bangladesh,town,No_travel,2016,0.0
Bangladesh,town,No_travel,2017,0.0
Bangladesh,town,No_travel,2018,0.0
Bangladesh,town,No_travel,2019,0.0
Bangladesh,town,No_travel,2020,0.0
Bangladesh,town,No_travel,2025,0.0
Bangladesh,town,No_travel,2030,0.0
Bangladesh,town,No_travel,2035,0.0
Bangladesh,town,No_travel,2040,0.0
Bangladesh,town,No_travel,2045,0.0
Bangladesh,town,No_travel,2050,0.0
Bangladesh,town,No_travel,2055,0.0
Bangladesh,town,No_travel,2060,0.0
Bangladesh,town,No_travel,2065,0.0
Bangladesh,town,No_travel,2070,0.0
Bangladesh,town,No_travel,2075,0.0
Bangladesh,town,No_travel,2080,0.0
Bangladesh,town,No_travel,2085,0.0
Bangladesh,town,No_travel,2090,0.0
Bangladesh,town,No_travel,2095,0.0
Bangladesh,town,No_travel,2100,0.0
Bangladesh,town,00_01,2011,0.136283799718559
Bangladesh,town,00_01,2012,0.14000645805286455
Bangladesh,town,00_01,2013,0.14333001050638003
Bangladesh,town,00_01,2014,0.14666581821113558
Bangladesh,town,00_01,2015,0.15032177519640302
Bangladesh,town,00_01,2016,0.1542533669840117
Bangladesh,town,00_01,2017,0.15775453836161843
Bangladesh,town,00_01,2018,0.16168289430866498
Bangladesh,town,00_01,2019,0.16585248411919576
Bangladesh,town,00_01,2020,0.16726562099844125
Bangladesh,town,00_01,2025,0.18566485889346096
Bangladesh,town,00_01,2030,0.1947566984887291
Bangladesh,town,00_01,2035,0.1999112830751815
Bangladesh,town,00_01,2040,0.20152737793301498
Bangladesh,town,00_01,2045,0.20012172652559831
Bangladesh,town,00_01,2050,0.1963621854933937
Bangladesh,town,00_01,2055,0.19090224717839618
Bangladesh,town,00_01,2060,0.1842705467391352
Bangladesh,town,00_01,2065,0.17687965222819857
Bangladesh,town,00_01,2070,0.1690579004804767
Bangladesh,town,00_01,2075,0.16107164794327256
Bangladesh,town,00_01,2080,0.15336743453162857
Bangladesh,town,00_01,2085,0.14607631585803732
Bangladesh,town,00_01,2090,0.13939814907467862
Bangladesh,town,00_01,2095,0.13315032957406964
Bangladesh,town,00_01,2100,0.12723450506649803
Bangladesh,town,02_05,2011,0.261285967590787
Bangladesh,town,02_05,2012,0.26842312099344834
Bangladesh,town,02_05,2013,0.274795100791846
Bangladesh,town,02_05,2014,0.28119057659772906
Bangladesh,town,02_05,2015,0.2881998488688177
Bangladesh,town,02_05,2016,0.2957375735765141
Bangladesh,town,02_05,2017,0.3024500878517861
Bangladesh,town,02_05,2018,0.3099816087426386
Bangladesh,town,02_05,2019,0.3179756279169723
Bangladesh,town,02_05,2020,0.3206849215938025
Bangladesh,town,02_05,2025,0.3559603005182326
Bangladesh,town,02_05,2030,0.3733913532973279
Bangladesh,town,02_05,2035,0.3832738237302121
Bangladesh,town,02_05,2040,0.3863722324150267
Bangladesh,town,02_05,2045,0.3836772900312608
Bangladesh,town,02_05,2050,0.3764694243984751
Bangladesh,town,02_05,2055,0.36600152382213197
Bangladesh,town,02_05,2060,0.35328709797237645
Bangladesh,town,02_05,2065,0.33911713039266755
Bangladesh,town,02_05,2070,0.3241211148876777
Bangladesh,town,02_05,2075,0.3088097152501785
Bangladesh,town,02_05,2080,0.2940390465430806
Bangladesh,town,02_05,2085,0.2800603711511212
Bangladesh,town,02_05,2090,0.2672568591172187
Bangladesh,town,02_05,2095,0.2552784173147416
Bangladesh,town,02_05,2100,0.24393648280931815
Bangladesh,town,06_10,2011,0.234847781523163
Bangladesh,town,06_10,2012,0.24126276300288257
Bangladesh,town,06_10,2013,0.24698999486826834
Bangladesh,town,06_10,2014,0.25273834530073014
Bangladesh,town,06_10,2015,0.25903838528425904
Bangladesh,town,06_10,2016,0.26581340631450145
Bangladesh,town,06_10,2017,0.27184671572076513
Bangladesh,town,06_10,2018,0.27861616066655037
Bangladesh,town,06_10,2019,0.2858013060681824
Bangladesh,town,06_10,2020,0.2882364602227093
Bangladesh,town,06_10,2025,0.3199425045969172
Bangladesh,town,06_10,2030,0.33560979860634893
Bangladesh,town,06_10,2035,0.3444923125757403
Bangladesh,town,06_10,2040,0.3472772091876411
Bangladesh,town,06_10,2045,0.3448549541924881
Bangladesh,town,06_10,2050,0.33837641549029546
Bangladesh,town,06_10,2055,0.32896770804907
Bangladesh,town,06_10,2060,0.3175397896970508
Bangladesh,town,06_10,2065,0.3048036084124838
Bangladesh,town,06_10,2070,0.29132496275268527
Bangladesh,town,06_10,2075,0.27756284506210616
Bangladesh,town,06_10,2080,0.26428674451426387
Bangladesh,town,06_10,2085,0.2517224995427331
Bangladesh,town,06_10,2090,0.2402145091803255
Bangladesh,town,06_10,2095,0.22944810442711722
Bangladesh,town,06_10,2100,0.2192538020643078
Bangladesh,town,11_20,2011,0.286274279539271
Bangladesh,town,11_20,2012,0.2940940008474893
Bangladesh,town,11_20,2013,0.30107537050482186
Bangladesh,town,11_20,2014,0.30808248323085774
Bangladesh,town,11_20,2015,0.3157620933836812
Bangladesh,town,11_20,2016,0.3240206949839044
Bangladesh,town,11_20,2017,0.33137516643053067
Bangladesh,town,11_20,2018,0.33962697090646227
Bangladesh,town,11_20,2019,0.3483855050935703
Bangladesh,town,11_20,2020,0.35135390443987413
Bangladesh,town,11_20,2025,0.3900028750684142
Bangladesh,town,11_20,2030,0.4091009618197154
Bangladesh,town,11_20,2035,0.4199285509525266
Bangladesh,town,11_20,2040,0.4233232786608002
Bangladesh,town,11_20,2045,0.42037060310601987
Bangladesh,town,11_20,2050,0.41247340694172674
Bangladesh,town,11_20,2055,0.4010043995418551
Bangladesh,town,11_20,2060,0.38707401845994893
Bangladesh,town,11_20,2065,0.3715488936421896
Bangladesh,town,11_20,2070,0.35511872108361525
Bangladesh,town,11_20,2075,0.3383430023552839
Bangladesh,town,11_20,2080,0.3221597278326348
Bangladesh,town,11_20,2085,0.3068441895982439
Bangladesh,town,11_20,2090,0.2928162024970833
Bangladesh,town,11_20,2095,0.2796921919402755
Bangladesh,town,11_20,2100,0.2672655616123628
Bangladesh,town,21_30,2011,0.142215623076087
Bangladesh,town,21_30,2012,0.1461003120531038
Bangladesh,town,21_30,2013,0.14956852385802016
Bangladesh,town,21_30,2014,0.1530495243303692
Bangladesh,town,21_30,2015,0.15686460874739383
Bangladesh,town,21_30,2016,0.16096732511507852
Bangladesh,town,21_30,2017,0.16462088680025874
Bangladesh,town,21_30,2018,0.16872022648573567
Bangladesh,town,21_30,2019,0.17307129986423633
Bangladesh,town,21_30,2020,0.17454594426209374
Bangladesh,town,21_30,2025,0.19374601856857088
Bangladesh,town,21_30,2030,0.20323358521713134
Bangladesh,town,21_30,2035,0.2086125257821477
Bangladesh,town,21_30,2040,0.21029896201030895
Bangladesh,town,21_30,2045,0.20883212889334005
Bangladesh,town,21_30,2050,0.2049089518797901
Bangladesh,town,21_30,2055,0.19921136690616958
Bangladesh,town,21_30,2060,0.19229101825158898
Bangladesh,town,21_30,2065,0.18457843120798495
Bangladesh,town,21_30,2070,0.17641623364197992
Bangladesh,town,21_30,2075,0.16808237530396059
Bangladesh,town,21_30,2080,0.16004283199132366
Bangladesh,town,21_30,2085,0.15243436358034737
Bangladesh,town,21_30,2090,0.14546552610984317
Bangladesh,town,21_30,2095,0.13894576701168945
Bangladesh,town,21_30,2100,0.13277245316154362
Bangladesh,town,31_50,2011,0.175007801582025
Bangladesh,town,31_50,2012,0.1797882248786547
Bangladesh,town,31_50,2013,0.1840561394035906
Bangladesh,town,31_50,2014,0.18833979141590054
Bangladesh,town,31_50,2015,0.19303456068408503
Bangladesh,town,31_50,2016,0.1980832842806406
Bangladesh,town,31_50,2017,0.20257928679174037
Bangladesh,town,31_50,2018,0.2076238551083271
Bangladesh,town,31_50,2019,0.212978202050126
Bangladesh,town,31_50,2020,0.21479287099156996
Bangladesh,town,31_50,2025,0.23842011195081647
Bangladesh,town,31_50,2030,0.25009532839760007
Bangladesh,town,31_50,2035,0.2567145488655247
Bangladesh,town,31_50,2040,0.2587898447466311
Bangladesh,town,31_50,2045,0.256984788216723
Bangladesh,town,31_50,2050,0.2521570022849961
Bangladesh,town,31_50,2055,0.24514566415636704
Bangladesh,town,31_50,2060,0.23662961663624815
Bangladesh,town,31_50,2065,0.22713865584153284
Bangladesh,town,31_50,2070,0.21709441301358093
Bangladesh,town,31_50,2075,0.2068389277519337
Bangladesh,town,31_50,2080,0.19694562088145498
Bangladesh,town,31_50,2085,0.1875827864669909
Bangladesh,town,31_50,2090,0.17900706954563073
Bangladesh,town,31_50,2095,0.17098397980392327
Bangladesh,town,31_50,2100,0.16338721889944882
Bangladesh,town,51+,2011,0.0762610743674654
Bangladesh,town,51+,2012,0.07834418273884491
Bangladesh,town,51+,2013,0.08020396124036261
Bangladesh,town,51+,2014,0.08207059748013046
Bangladesh,town,51+,2015,0.0841163814112617
Bangladesh,town,51+,2016,0.08631640382270397
Bangladesh,town,51+,2017,0.08827557352117363
Bangladesh,town,51+,2018,0.09047378523553923
Bangladesh,town,51+,2019,0.09280698550790742
Bangladesh,town,51+,2020,0.09359774227329039
Bangladesh,town,51+,2025,0.10389350488274535
Bangladesh,town,51+,2030,0.10898107550334485
Bangladesh,town,51+,2035,0.11186545471270518
Bangladesh,town,51+,2040,0.11276978178894337
Bangladesh,town,51+,2045,0.11198321371014672
Bangladesh,town,51+,2050,0.10987946668492014
Bangladesh,town,51+,2055,0.10682421901247727
Bangladesh,town,51+,2060,0.10311328197208329
Bangladesh,town,51+,2065,0.09897751853501591
Bangladesh,town,51+,2070,0.09460065794741342
Bangladesh,town,51+,2075,0.09013174674949541
Bangladesh,town,51+,2080,0.08582065773420876
Bangladesh,town,51+,2085,0.08174072641047829
Bangladesh,town,51+,2090,0.07800378794269429
Bangladesh,town,51+,2095,0.07450766126766471
Bangladesh,town,51+,2100,0.07119731085442071
Bangladesh,rural,No_travel,2011,0.0
Bangladesh,rural,No_travel,2012,0.0
Bangladesh,rural,No_travel,2013,0.0
Bangladesh,rural,No_travel,2014,0.0
Bangladesh,rural,No_travel,2015,0.0
Bangladesh,rural,No_travel,2016,0.0
Bangladesh,rural,No_travel,2017,0.0
Bangladesh,rural,No_travel,2018,0.0
Bangladesh,rural,No_travel,2019,0.0
Bangladesh,rural,No_travel,2020,0.0
Bangladesh,rural,No_travel,2025,0.0
Bangladesh,rural,No_travel,2030,0.0
Bangladesh,rural,No_travel,2035,0.0
Bangladesh,rural,No_travel,2040,0.0
Bangladesh,rural,No_travel,2045,0.0
Bangladesh,rural,No_travel,2050,0.0
Bangladesh,rural,No_travel,2055,0.0
Bangladesh,rural,No_travel,2060,0.0
Bangladesh,rural,No_travel,2065,0.0
Bangladesh,rural,No_travel,2070,0.0
Bangladesh,rural,No_travel,2075,0.0
Bangladesh,rural,No_travel,2080,0.0
Bangladesh,rural,No_travel,2085,0.0
Bangladesh,rural,No_travel,2090,0.0
Bangladesh,rural,No_travel,2095,0.0
Bangladesh,rural,No_travel,2100,0.0
Bangladesh,rural,00_01,2011,0.0478840154180537
Bangladesh,rural,00_01,2012,0.04919199060985309
Bangladesh,rural,00_01,2013,0.05035973789350308
Bangladesh,rural,00_01,2014,0.05153179112283805
Bangladesh,rural,00_01,2015,0.05281633045188383
Bangladesh,rural,00_01,2016,0.054197715489314
Bangladesh,rural,00_01,2017,0.055427870097365606
Bangladesh,rural,00_01,2018,0.056808118205537224
Bangladesh,rural,00_01,2019,0.058273125074928364
Bangladesh,rural,00_01,2020,0.05876963800055379
Bangladesh,rural,00_01,2025,0.06523430506197257
Bangladesh,rural,00_01,2030,0.06842876976179267
Bangladesh,rural,00_01,2035,0.0702398596222241
Bangladesh,rural,00_01,2040,0.0708076828796424
Bangladesh,rural,00_01,2045,0.07031380001312307
Bangladesh,rural,00_01,2050,0.06899286589532876
Bangladesh,rural,00_01,2055,0.06707448842862418
Bangladesh,rural,00_01,2060,0.0647444063004676
Bangladesh,rural,00_01,2065,0.062147577422451625
Bangladesh,rural,00_01,2070,0.05939936463371545
Bangladesh,rural,00_01,2075,0.05659335364478148
Bangladesh,rural,00_01,2080,0.053886438556201816
Bangladesh,rural,00_01,2085,0.051324666432867344
Bangladesh,rural,00_01,2090,0.048978258115231224
Bangladesh,rural,00_01,2095,0.04678305453333669
Bangladesh,rural,00_01,2100,0.04470449910329989
Bangladesh,rural,02_05,2011,0.123784799035439
Bangladesh,rural,02_05,2012,0.12716604108138455
Bangladesh,rural,02_05,2013,0.1301847804575375
Bangladesh,rural,02_05,2014,0.1332146511186635
Bangladesh,rural,02_05,2015,0.13653530919862686
Bangladesh,rural,02_05,2016,0.14010632277708263
Bangladesh,rural,02_05,2017,0.14328639110699917
Bangladesh,rural,02_05,2018,0.14685446561364657
Bangladesh,rural,02_05,2019,0.1506416496943857
Bangladesh,rural,02_05,2020,0.1519251835037468
Bangladesh,rural,02_05,2025,0.16863697147813286
Bangladesh,rural,02_05,2030,0.17689497088442216
Bangladesh,rural,02_05,2035,0.1815768128822447
Bangladesh,rural,02_05,2040,0.18304469077831337
Bangladesh,rural,02_05,2045,0.18176795592545278
Bangladesh,rural,02_05,2050,0.17835321380571456
Bangladesh,rural,02_05,2055,0.17339402299606896
Bangladesh,rural,02_05,2060,0.1673705359210651
Bangladesh,rural,02_05,2065,0.1606574827656809
Bangladesh,rural,02_05,2070,0.15355308759768357
Bangladesh,rural,02_05,2075,0.1462992785066133
Bangladesh,rural,02_05,2080,0.1393016418773448
Bangladesh,rural,02_05,2085,0.1326792138145974
Bangladesh,rural,02_05,2090,0.12661352196486667
Bangladesh,rural,02_05,2095,0.12093870894314505
Bangladesh,rural,02_05,2100,0.11556544264655709
Bangladesh,rural,06_10,2011,0.148707724813786
Bangladesh,rural,06_10,2012,0.1527697487102203
Bangladesh,rural,06_10,2013,0.15639628337305053
Bangladesh,rural,06_10,2014,0.16003619050225382
Bangladesh,rural,06_10,2015,0.16402543241082201
Bangladesh,rural,06_10,2016,0.16831543658475345
Bangladesh,rural,06_10,2017,0.17213578229585222
Bangladesh,rural,06_10,2018,0.1764222556430174
Bangladesh,rural,06_10,2019,0.18097195425291268
Bangladesh,rural,06_10,2020,0.18251391573767478
Bangladesh,rural,06_10,2025,0.2025904678394385
Bangladesh,rural,06_10,2030,0.2125111391398887
Bangladesh,rural,06_10,2035,0.2181356267737418
Bangladesh,rural,06_10,2040,0.21989904832412396
Bangladesh,rural,06_10,2045,0.21836525470294596
Bangladesh,rural,06_10,2050,0.21426298580233
Bangladesh,rural,06_10,2055,0.2083053077355045
Bangladesh,rural,06_10,2060,0.20106904718211763
Bangladesh,rural,06_10,2065,0.19300438278818516
Bangladesh,rural,06_10,2070,0.18446958328256513
Bangladesh,rural,06_10,2075,0.17575528674072732
Bangladesh,rural,06_10,2080,0.16734874061938806
Bangladesh,rural,06_10,2085,0.15939294784331232
Bangladesh,rural,06_10,2090,0.15210598497368938
Bangladesh,rural,06_10,2095,0.14528860077320876
Bangladesh,rural,06_10,2100,0.1388334769453191
Bangladesh,rural,11_20,2011,0.227309082564942
Bangladesh,rural,11_20,2012,0.2335181408126663
Bangladesh,rural,11_20,2013,0.2390615264581004
Bangladesh,rural,11_20,2014,0.24462535275694836
Bangladesh,rural,11_20,2015,0.2507231591721951
Bangladesh,rural,11_20,2016,0.25728069957029637
Bangladesh,rural,11_20,2017,0.2631203375565422
Bangladesh,rural,11_20,2018,0.26967248086451956
Bangladesh,rural,11_20,2019,0.27662698049295054
Bangladesh,rural,11_20,2020,0.27898396531596936
Bangladesh,rural,11_20,2025,0.3096722341670579
Bangladesh,rural,11_20,2030,0.32483660235679057
Bangladesh,rural,11_20,2035,0.33343398440637784
Bangladesh,rural,11_20,2040,0.3361294848270491
Bangladesh,rural,11_20,2045,0.3337849850957102
Bangladesh,rural,11_20,2050,0.32751440983540425
Bangladesh,rural,11_20,2055,0.31840772531526135
Bangladesh,rural,11_20,2060,0.3073466472868605
Bangladesh,rural,11_20,2065,0.2950193020405092
Bangladesh,rural,11_20,2070,0.28197332579463796
Bangladesh,rural,11_20,2075,0.26865297707297986
Bangladesh,rural,11_20,2080,0.25580304416751487
Bangladesh,rural,11_20,2085,0.24364211601619584
Bangladesh,rural,11_20,2090,0.23250353631797943
Bangladesh,rural,11_20,2095,0.2220827370619591
Bangladesh,rural,11_20,2100,0.21221567550212367
Bangladesh,rural,21_30,2011,0.153212938930544
Bangladesh,rural,21_30,2012,0.15739802494378322
Bangladesh,rural,21_30,2013,0.16113442824442867
Bangladesh,rural,21_30,2014,0.16488460914053082
Bangladesh,rural,21_30,2015,0.16899470817998544
Bangladesh,rural,21_30,2016,0.17341468130737608
Bangladesh,rural,21_30,2017,0.17735076731004404
Bangladesh,rural,21_30,2018,0.18176710264157445
Bangladesh,rural,21_30,2019,0.18645463784623953
Bangladesh,rural,21_30,2020,0.1880433142320422
Bangladesh,rural,21_30,2025,0.20872810081562554
Bangladesh,rural,21_30,2030,0.2189493264312364
Bangladesh,rural,21_30,2035,0.22474421221434032
Bangladesh,rural,21_30,2040,0.22656105796761797
Bangladesh,rural,21_30,2045,0.22498079689706582
Bangladesh,rural,21_30,2050,0.22075424662650128
Bangladesh,rural,21_30,2055,0.2146160761517436
Bangladesh,rural,21_30,2060,0.207160587557322
Bangladesh,rural,21_30,2065,0.19885159799521177
Bangladesh,rural,21_30,2070,0.1900582302190828
Bangladesh,rural,21_30,2075,0.18107992740691128
Bangladesh,rural,21_30,2080,0.17241869854930889
Bangladesh,rural,21_30,2085,0.16422187895388224
Bangladesh,rural,21_30,2090,0.15671415197782415
Bangladesh,rural,21_30,2095,0.14969022991538763
Bangladesh,rural,21_30,2100,0.14303954318024992
Bangladesh,rural,31_50,2011,0.152668305095647
Bangladesh,rural,31_50,2012,0.1568385141705501
Bangladesh,rural,31_50,2013,0.16056163548814273
Bangladesh,rural,31_50,2014,0.16429848542527195
Bangladesh,rural,31_50,2015,0.16839397408640416
Bangladesh,rural,31_50,2016,0.17279823531027466
Bangladesh,rural,31_50,2017,0.176720329507622
Bangladesh,rural,31_50,2018,0.18112096586709042
Bangladesh,rural,31_50,2019,0.1857918380516963
Bangladesh,rural,31_50,2020,0.18737486708866247
Bangladesh,rural,31_50,2025,0.2079861244082053
Bangladesh,rural,31_50,2030,0.21817101611270373
Bangladesh,rural,31_50,2035,0.22394530252026618
Bangladesh,rural,31_50,2040,0.22575568983943942
Bangladesh,rural,31_50,2045,0.22418104620337423
Bangladesh,rural,31_50,2050,0.21996952026625247
Bangladesh,rural,31_50,2055,0.2138531694586081
Bangladesh,rural,31_50,2060,0.20642418326909143
Bangladesh,rural,31_50,2065,0.1981447300952322
Bangladesh,rural,31_50,2070,0.1893826205512539
Bangladesh,rural,31_50,2075,0.18043623336922165
Bangladesh,rural,31_50,2080,0.17180579302282833
Bangladesh,rural,31_50,2085,0.16363811107936094
Bangladesh,rural,31_50,2090,0.15615707220264272
Bangladesh,rural,31_50,2095,0.14915811843358656
Bangladesh,rural,31_50,2100,0.14253107323320785
Bangladesh,rural,51+,2011,0.0512532102732799
Bangladesh,rural,51+,2012,0.05265321666272427
Bangladesh,rural,51+,2013,0.05390312848721172
Bangladesh,rural,51+,2014,0.05515764923051456
Bangladesh,rural,51+,2015,0.056532570772935144
Bangladesh,rural,51+,2016,0.05801115224054275
Bangladesh,rural,51+,2017,0.059327862467215636
Bangladesh,rural,51+,2018,0.06080522700942871
Bangladesh,rural,51+,2019,0.062373314072995935
Bangladesh,rural,51+,2020,0.06290476243124883
Bangladesh,rural,51+,2025,0.06982429366422727
Bangladesh,rural,51+,2030,0.07324352593915298
Bangladesh,rural,51+,2035,0.07518204693890813
Bangladesh,rural,51+,2040,0.07578982313638105
Bangladesh,rural,51+,2045,0.0752611898923415
Bangladesh,rural,51+,2050,0.0738473127664283
Bangladesh,rural,51+,2055,0.07179395523519125
Bangladesh,rural,51+,2060,0.06929992485311526
Bangladesh,rural,51+,2065,0.06652037899910367
Bangladesh,rural,51+,2070,0.06357879762362642
Bangladesh,rural,51+,2075,0.06057535127541679
Bangladesh,rural,51+,2080,0.05767797337142048
Bangladesh,rural,51+,2085,0.054935950920646966
Bangladesh,rural,51+,2090,0.052424445612647357
Bangladesh,rural,51+,2095,0.05007478404410068
Bangladesh,rural,51+,2100,0.04784997817537275
Bhutan,large_city,No_travel,2011,0.0
Bhutan,large_city,No_travel,2012,0.0
Bhutan,large_city,No_travel,2013,0.0
Bhutan,large_city,No_travel,2014,0.0
Bhutan,large_city,No_travel,2015,0.0
Bhutan,large_city,No_travel,2016,0.0
Bhutan,large_city,No_travel,2017,0.0
Bhutan,large_city,No_travel,2018,0.0
Bhutan,large_city,No_travel,2019,0.0
Bhutan,large_city,No_travel,2020,0.0
Bhutan,large_city,No_travel,2025,0.0
Bhutan,large_city,No_travel,2030,0.0
Bhutan,large_city,No_travel,2035,0.0
Bhutan,large_city,No_travel,2040,0.0
Bhutan,large_city,No_travel,2045,0.0
Bhutan,large_city,No_travel,2050,0.0
Bhutan,large_city,No_travel,2055,0.0
Bhutan,large_city,No_travel,2060,0.0
Bhutan,large_city,No_travel,2065,0.0
Bhutan,large_city,No_travel,2070,0.0
Bhutan,large_city,No_travel,2075,0.0
Bhutan,large_city,No_travel,2080,0.0
Bhutan,large_city,No_travel,2085,0.0
Bhutan,large_city,No_travel,2090,0.0
Bhutan,large_city,No_travel,2095,0.0
Bhutan,large_city,No_travel,2100,0.0
Bhutan,large_city,00_01,2011,0.0918299625000023
Bhutan,large_city,00_01,2012,0.09259164165411156
Bhutan,large_city,00_01,2013,0.0927403224199002
Bhutan,large_city,00_01,2014,0.09359557889172691
Bhutan,large_city,00_01,2015,0.09480368232829448
Bhutan,large_city,00_01,2016,0.09591288438983792
Bhutan,large_city,00_01,2017,0.09642407757733647
Bhutan,large_city,00_01,2018,0.09687622883230324
Bhutan,large_city,00_01,2019,0.09747767368686724
Bhutan,large_city,00_01,2020,0.09590854314903778
Bhutan,large_city,00_01,2025,0.09805302566610223
Bhutan,large_city,00_01,2030,0.09999264482780115
Bhutan,large_city,00_01,2035,0.10055814715807762
Bhutan,large_city,00_01,2040,0.10005003024994856
Bhutan,large_city,00_01,2045,0.098635590836303
Bhutan,large_city,00_01,2050,0.09649087343918315
Bhutan,large_city,00_01,2055,0.09380936202006135
Bhutan,large_city,00_01,2060,0.09077242259450154
Bhutan,large_city,00_01,2065,0.08753306985224064
Bhutan,large_city,00_01,2070,0.0842180322656713
Bhutan,large_city,00_01,2075,0.08093989025403463
Bhutan,large_city,00_01,2080,0.07783903112260075
Bhutan,large_city,00_01,2085,0.07486577117569608
Bhutan,large_city,00_01,2090,0.07218057614009084
Bhutan,large_city,00_01,2095,0.06976139611134487
Bhutan,large_city,00_01,2100,0.06756730126665923
Bhutan,large_city,02_05,2011,0.218099182353909
Bhutan,large_city,02_05,2012,0.21990819540590978
Bhutan,large_city,02_05,2013,0.22026131711659602
Bhutan,large_city,02_05,2014,0.22229257937708416
Bhutan,large_city,02_05,2015,0.22516186478830627
Bhutan,large_city,02_05,2016,0.22779625617976404
Bhutan,large_city,02_05,2017,0.22901035681950152
Bhutan,large_city,02_05,2018,0.23008423092686103
Bhutan,large_city,02_05,2019,0.23151268224536584
Bhutan,large_city,02_05,2020,0.22778594559002696
Bhutan,large_city,02_05,2025,0.2328791621264488
Bhutan,large_city,02_05,2030,0.2374858214534032
Bhutan,large_city,02_05,2035,0.2388289080941336
Bhutan,large_city,02_05,2040,0.23762211371911532
Bhutan,large_city,02_05,2045,0.23426277357340594
Bhutan,large_city,02_05,2050,0.2291689991891245
Bhutan,large_city,02_05,2055,0.22280032134083375
Bhutan,large_city,02_05,2060,0.21558749028285604
Bhutan,large_city,02_05,2065,0.20789392093785083
Bhutan,large_city,02_05,2070,0.2000205975974081
Bhutan,large_city,02_05,2075,0.19223490246137948
Bhutan,large_city,02_05,2080,0.18487025999884593
Bhutan,large_city,02_05,2085,0.1778086697978751
Bhutan,large_city,02_05,2090,0.17143124323923672
Bhutan,large_city,02_05,2095,0.16568561107439306
Bhutan,large_city,02_05,2100,0.16047456362751153
Bhutan,large_city,06_10,2011,0.227649910037638
Bhutan,large_city,06_10,2012,0.22953814113552734
Bhutan,large_city,06_10,2013,0.22990672631224576
Bhutan,large_city,06_10,2014,0.23202693907908048
Bhutan,large_city,06_10,2015,0.23502187266244942
Bhutan,large_city,06_10,2016,0.23777162603977353
Bhutan,large_city,06_10,2017,0.23903889306218895
Bhutan,large_city,06_10,2018,0.240159792926616
Bhutan,large_city,06_10,2019,0.2416507972056833
Bhutan,large_city,06_10,2020,0.2377608639415357
Bhutan,large_city,06_10,2025,0.2430771162713458
Bhutan,large_city,06_10,2030,0.24788550468452875
Bhutan,large_city,06_10,2035,0.24928740610220065
Bhutan,large_city,06_10,2040,0.24802776529134682
Bhutan,large_city,06_10,2045,0.24452131710707256
Bhutan,large_city,06_10,2050,0.23920448250082435
Bhutan,large_city,06_10,2055,0.23255691544635712
Bhutan,large_city,06_10,2060,0.22502822907649794
Bhutan,large_city,06_10,2065,0.21699775252745382
Bhutan,large_city,06_10,2070,0.2087796504199431
Bhutan,large_city,06_10,2075,0.2006530138220062
Bhutan,large_city,06_10,2080,0.1929658681116909
Bhutan,large_city,06_10,2085,0.18559504555003142
Bhutan,large_city,06_10,2090,0.17893834667259223
Bhutan,large_city,06_10,2095,0.17294110894194573
Bhutan,large_city,06_10,2100,0.16750186579723989
Bhutan,large_city,11_20,2011,0.24573634096712
Bhutan,large_city,11_20,2012,0.24777458908599226
Bhutan,large_city,11_20,2013,0.24817245778115904
Bhutan,large_city,11_20,2014,0.25046111815140737
Bhutan,large_city,11_20,2015,0.25369399454523045
Bhutan,large_city,11_20,2016,0.25666221154735397
Bhutan,large_city,11_20,2017,0.2580301609617208
Bhutan,large_city,11_20,2018,0.2592401145752729
Bhutan,large_city,11_20,2019,0.2608495768230012
Bhutan,large_city,11_20,2020,0.25665059441716637
Bhutan,large_city,11_20,2025,0.26238921471782656
Bhutan,large_city,11_20,2030,0.2675796221043655
Bhutan,large_city,11_20,2035,0.2690929024070828
Bhutan,large_city,11_20,2040,0.26773318509491295
Bhutan,large_city,11_20,2045,0.26394815506150815
Bhutan,large_city,11_20,2050,0.2582089062234534
Bhutan,large_city,11_20,2055,0.2510332003159559
Bhutan,large_city,11_20,2060,0.2429063715352533
Bhutan,large_city,11_20,2065,0.23423788612685537
Bhutan,large_city,11_20,2070,0.22536686860148067
Bhutan,large_city,11_20,2075,0.21659458337801482
Bhutan,large_city,11_20,2080,0.20829670590895866
Bhutan,large_city,11_20,2085,0.2003402829702427
Bhutan,large_city,11_20,2090,0.19315471973065523
Bhutan,large_city,11_20,2095,0.18668101079927296
Bhutan,large_city,11_20,2100,0.18080962825495517
Bhutan,large_city,21_30,2011,0.151410352965953
Bhutan,large_city,21_30,2012,0.1526662187686913
Bhutan,large_city,21_30,2013,0.15291136541379968
Bhutan,large_city,21_30,2014,0.15432152262992285
Bhutan,large_city,21_30,2015,0.15631345818962725
Bhutan,large_city,21_30,2016,0.15814232396585853
Bhutan,large_city,21_30,2017,0.1589851854769143
Bhutan,large_city,21_30,2018,0.15973069793542713
Bhutan,large_city,21_30,2019,0.16072236748684493
Bhutan,large_city,21_30,2020,0.15813516607551464
Bhutan,large_city,21_30,2025,0.16167101478979495
Bhutan,large_city,21_30,2030,0.1648690823256752
Bhutan,large_city,21_30,2035,0.16580148940827885
Bhutan,large_city,21_30,2040,0.16496370010385888
Bhutan,large_city,21_30,2045,0.16263155528926174
Bhutan,large_city,21_30,2050,0.15909531930190493
Bhutan,large_city,21_30,2055,0.15467401083788965
Bhutan,large_city,21_30,2060,0.14966666837752202
Bhutan,large_city,21_30,2065,0.14432558439214047
Bhutan,large_city,21_30,2070,0.1388597103199622
Bhutan,large_city,21_30,2075,0.1334546701180301
Bhutan,large_city,21_30,2080,0.1283419360734301
Bhutan,large_city,21_30,2085,0.12343958910775044
Bhutan,large_city,21_30,2090,0.11901220705231938
Bhutan,large_city,21_30,2095,0.1150234337579755
Bhutan,large_city,21_30,2100,0.11140578363779144
Bhutan,large_city,31_50,2011,0.123613380885738
Bhutan,large_city,31_50,2012,0.1246386860565817
Bhutan,large_city,31_50,2013,0.12483882696518561
Bhutan,large_city,31_50,2014,0.12599009765210226
Bhutan,large_city,31_50,2015,0.12761633974333464
Bhutan,large_city,31_50,2016,0.12910944954301262
Bhutan,large_city,31_50,2017,0.1297975726400078
Bhutan,large_city,31_50,2018,0.13040621870471866
Bhutan,large_city,31_50,2019,0.13121583062075298
Bhutan,large_city,31_50,2020,0.12910360574826488
Bhutan,large_city,31_50,2025,0.13199031861373825
Bhutan,large_city,31_50,2030,0.134601262533141
Bhutan,large_city,31_50,2035,0.1353624917990708
Bhutan,large_city,31_50,2040,0.13467850971752482
Bhutan,large_city,31_50,2045,0.13277451636700194
Bhutan,large_city,31_50,2050,0.1298874873267534
Bhutan,large_city,31_50,2055,0.1262778736083404
Bhutan,large_city,31_50,2060,0.12218981411535487
Bhutan,large_city,31_50,2065,0.11782928370184907
Bhutan,large_city,31_50,2070,0.11336687303889009
Bhutan,large_city,31_50,2075,0.10895412793859699
Bhutan,large_city,31_50,2080,0.1047800253858823
Bhutan,large_city,31_50,2085,0.10077768557997172
Bhutan,large_city,31_50,2090,0.09716311330255456
Bhutan,large_city,31_50,2095,0.09390662692073189
Bhutan,large_city,31_50,2100,0.09095313032384986
Bhutan,large_city,51+,2011,0.0823319043773287
Bhutan,large_city,51+,2012,0.08301480235065986
Bhutan,large_city,51+,2013,0.0831481049270565
Bhutan,large_city,51+,2014,0.08391490142941298
Bhutan,large_city,51+,2015,0.08499804960795439
Bhutan,large_city,51+,2016,0.08599252587234497
Bhutan,large_city,51+,2017,0.08645084587472407
Bhutan,large_city,51+,2018,0.08685623070636889
Bhutan,large_city,51+,2019,0.0873954675622502
Bhutan,large_city,51+,2020,0.08598863365010395
Bhutan,large_city,51+,2025,0.08791131035307874
Bhutan,large_city,51+,2030,0.08965031290738584
Bhutan,large_city,51+,2035,0.09015732480757559
Bhutan,large_city,51+,2040,0.08970176290213994
Bhutan,large_city,51+,2045,0.0884336202678468
Bhutan,large_city,51+,2050,0.08651073297867844
Bhutan,large_city,51+,2055,0.08410657277066522
Bhutan,large_city,51+,2060,0.08138374680430457
Bhutan,large_city,51+,2065,0.07847944331817111
Bhutan,large_city,51+,2070,0.07550728314131522
Bhutan,large_city,51+,2075,0.07256820239588456
Bhutan,large_city,51+,2080,0.06978806799806453
Bhutan,large_city,51+,2085,0.06712233508286826
Bhutan,large_city,51+,2090,0.06471487225823817
Bhutan,large_city,51+,2095,0.06254591026178467
Bhutan,large_city,51+,2100,0.06057875268021162
Bhutan,city,No_travel,2011,0.0
Bhutan,city,No_travel,2012,0.0
Bhutan,city,No_travel,2013,0.0
Bhutan,city,No_travel,2014,0.0
Bhutan,city,No_travel,2015,0.0
Bhutan,city,No_travel,2016,0.0
Bhutan,city,No_travel,2017,0.0
Bhutan,city,No_travel,2018,0.0
Bhutan,city,No_travel,2019,0.0
Bhutan,city,No_travel,2020,0.0
Bhutan,city,No_travel,2025,0.0
Bhutan,city,No_travel,2030,0.0
Bhutan,city,No_travel,2035,0.0
Bhutan,city,No_travel,2040,0.0
Bhutan,city,No_travel,2045,0.0
Bhutan,city,No_travel,2050,0.0
Bhutan,city,No_travel,2055,0.0
Bhutan,city,No_travel,2060,0.0
Bhutan,city,No_travel,2065,0.0
Bhutan,city,No_travel,2070,0.0
Bhutan,city,No_travel,2075,0.0
Bhutan,city,No_travel,2080,0.0
Bhutan,city,No_travel,2085,0.0
Bhutan,city,No_travel,2090,0.0
Bhutan,city,No_travel,2095,0.0
Bhutan,city,No_travel,2100,0.0
Bhutan,city,00_01,2011,0.14143918779263
Bhutan,city,00_01,2012,0.14261234825118718
Bhutan,city,00_01,2013,0.14284135070508158
Bhutan,city,00_01,2014,0.14415864167892423
Bhutan,city,00_01,2015,0.14601939784375
Bhutan,city,00_01,2016,0.14772782322487343
Bhutan,city,00_01,2017,0.1485151778886077
Bhutan,city,00_01,2018,0.14921159444504392
Bhutan,city,00_01,2019,0.1501379573598887
Bhutan,city,00_01,2020,0.14772113671911793
Bhutan,city,00_01,2025,0.15102413126677533
Bhutan,city,00_01,2030,0.1540115892966935
Bhutan,city,00_01,2035,0.15488259248684663
Bhutan,city,00_01,2040,0.15409997599836148
Bhutan,city,00_01,2045,0.15192141514086455
Bhutan,city,00_01,2050,0.14861805882409218
Bhutan,city,00_01,2055,0.14448791669126446
Bhutan,city,00_01,2060,0.13981033397171813
Bhutan,city,00_01,2065,0.13482098835547443
Bhutan,city,00_01,2070,0.12971507073358282
Bhutan,city,00_01,2075,0.124665980752796
Bhutan,city,00_01,2080,0.119889947037119
Bhutan,city,00_01,2085,0.11531044530873112
Bhutan,city,00_01,2090,0.11117462956230958
Bhutan,city,00_01,2095,0.10744853789163104
Bhutan,city,00_01,2100,0.10406912898930981
Bhutan,city,02_05,2011,0.288371801420151
Bhutan,city,02_05,2012,0.2907636872904589
Bhutan,city,02_05,2013,0.29123058653662814
Bhutan,city,02_05,2014,0.2939163313931275
Bhutan,city,02_05,2015,0.2977101145421172
Bhutan,city,02_05,2016,0.30119331967384333
Bhutan,city,02_05,2017,0.3027986094544273
Bhutan,city,02_05,2018,0.3042184910307609
Bhutan,city,02_05,2019,0.30610719632306127
Bhutan,city,02_05,2020,0.301179686961863
Bhutan,city,02_05,2025,0.3079139626788968
Bhutan,city,02_05,2030,0.31400491008321646
Bhutan,city,02_05,2035,0.3157807457826932
Bhutan,city,02_05,2040,0.31418511638091484
Bhutan,city,02_05,2045,0.30974338047459093
Bhutan,city,02_05,2050,0.3030083671683994
Bhutan,city,02_05,2055,0.2945876702911592
Bhutan,city,02_05,2060,0.28505082992761727
Bhutan,city,02_05,2065,0.27487835505895925
Bhutan,city,02_05,2070,0.2644682085818278
Bhutan,city,02_05,2075,0.25417392454347026
Bhutan,city,02_05,2080,0.24443635840124636
Bhutan,city,02_05,2085,0.2350994894356377
Bhutan,city,02_05,2090,0.2266672249709548
Bhutan,city,02_05,2095,0.21907032213165428
Bhutan,city,02_05,2100,0.21218024981077482
Bhutan,city,06_10,2011,0.300942920069744
Bhutan,city,06_10,2012,0.3034390764717885
Bhutan,city,06_10,2013,0.3039263294619511
Bhutan,city,06_10,2014,0.30672915517409344
Bhutan,city,06_10,2015,0.3106883223788816
Bhutan,city,06_10,2016,0.31432337240243197
Bhutan,city,06_10,2017,0.3159986422857837
Bhutan,city,06_10,2018,0.3174804213835689
Bhutan,city,06_10,2019,0.31945146183557177
Bhutan,city,06_10,2020,0.314309145393648
Bhutan,city,06_10,2025,0.32133699135104865
Bhutan,city,06_10,2030,0.3276934641019211
Bhutan,city,06_10,2035,0.3295467145873456
Bhutan,city,06_10,2040,0.32788152621193745
Bhutan,city,06_10,2045,0.3232461597605548
Bhutan,city,06_10,2050,0.31621754405994834
Bhutan,city,06_10,2055,0.30742976004369266
Bhutan,city,06_10,2060,0.2974771760077046
Bhutan,city,06_10,2065,0.2868612479723218
Bhutan,city,06_10,2070,0.2759972874056047
Bhutan,city,06_10,2075,0.2652542401198648
Bhutan,city,06_10,2080,0.25509217997812605
Bhutan,city,06_10,2085,0.24534828478108858
Bhutan,city,06_10,2090,0.23654842890646807
Bhutan,city,06_10,2095,0.22862035094362237
Bhutan,city,06_10,2100,0.22142991667256784
Bhutan,city,11_20,2011,0.352477571210292
Bhutan,city,11_20,2012,0.35540117926775944
Bhutan,city,11_20,2013,0.35597187137939856
Bhutan,city,11_20,2014,0.3592546640076908
Bhutan,city,11_20,2015,0.36389181460101844
Bhutan,city,11_20,2016,0.36814934491019474
Bhutan,city,11_20,2017,0.370111494607781
Bhutan,city,11_20,2018,0.37184701939545983
Bhutan,city,11_20,2019,0.3741555885790054
Bhutan,city,11_20,2020,0.368132681612382
Bhutan,city,11_20,2025,0.37636400359639993
Bhutan,city,11_20,2030,0.38380898378125583
Bhutan,city,11_20,2035,0.3859795921803348
Bhutan,city,11_20,2040,0.3840292503878266
Bhutan,city,11_20,2045,0.3786001055251584
Bhutan,city,11_20,2050,0.3703678819840757
Bhutan,city,11_20,2055,0.36007524321506074
Bhutan,city,11_20,2060,0.34841833948242473
Bhutan,city,11_20,2065,0.33598449811081915
Bhutan,city,11_20,2070,0.32326015014013626
Bhutan,city,11_20,2075,0.3106774211169801
Bhutan,city,11_20,2080,0.29877516976505303
Bhutan,city,11_20,2085,0.28736269157023975
Bhutan,city,11_20,2090,0.2770559137102787
Bhutan,city,11_20,2095,0.26777020044590927
Bhutan,city,11_20,2100,0.2593484478849214
Bhutan,city,21_30,2011,0.15857884585093
Bhutan,city,21_30,2012,0.15989417036897446
Bhutan,city,21_30,2013,0.1601509234329757
Bhutan,city,21_30,2014,0.16162784426051952
Bhutan,city,21_30,2015,0.16371408761098827
Bhutan,city,21_30,2016,0.16562954067169303
Bhutan,city,21_30,2017,0.16651230729245012
Bhutan,city,21_30,2018,0.16729311588923768
Bhutan,city,21_30,2019,0.16833173583727193
Bhutan,city,21_30,2020,0.1656220438924621
Bhutan,city,21_30,2025,0.16932529665708748
Bhutan,city,21_30,2030,0.17267477606096457
Bhutan,city,21_30,2035,0.1736513277704488
Bhutan,city,21_30,2040,0.17277387349893644
Bhutan,city,21_30,2045,0.17033131375443067
Bhutan,city,21_30,2050,0.16662765538136246
Bhutan,city,21_30,2055,0.16199702095220853
Bhutan,city,21_30,2060,0.15675260686432899
Bhutan,city,21_30,2065,0.1511586503256691
Bhutan,city,21_30,2070,0.1454339955385063
Bhutan,city,21_30,2075,0.13977305478901209
Bhutan,city,21_30,2080,0.13441825937341895
Bhutan,city,21_30,2085,0.12928381177092835
Bhutan,city,21_30,2090,0.12464681619738756
Bhutan,city,21_30,2095,0.12046919522902284
Bhutan,city,21_30,2100,0.11668026818728834
Bhutan,city,31_50,2011,0.235491949480815
Bhutan,city,31_50,2012,0.2374452259931525
Bhutan,city,31_50,2013,0.23782650811973363
Bhutan,city,31_50,2014,0.2400197575600408
Bhutan,city,31_50,2015,0.24311786002797722
Bhutan,city,31_50,2016,0.24596233637022769
Bhutan,city,31_50,2017,0.24727325795843308
Bhutan,city,31_50,2018,0.24843277036150435
Bhutan,city,31_50,2019,0.24997513646348854
Bhutan,city,31_50,2020,0.24595120354134092
Bhutan,city,31_50,2025,0.2514505890885257
Bhutan,city,31_50,2030,0.2564246159225104
Bhutan,city,31_50,2035,0.25787480976520905
Bhutan,city,31_50,2040,0.25657177709480505
Bhutan,city,31_50,2045,0.25294453947133455
Bhutan,city,31_50,2050,0.24744455158956713
Bhutan,city,31_50,2055,0.24056799044925256
Bhutan,city,31_50,2060,0.2327799573682175
Bhutan,city,31_50,2065,0.22447284853834049
Bhutan,city,31_50,2070,0.2159716508615651
Bhutan,city,31_50,2075,0.20756506948029466
Bhutan,city,31_50,2080,0.19961311848252822
Bhutan,city,31_50,2085,0.1919883872711898
Bhutan,city,31_50,2090,0.1851023797366569
Bhutan,city,31_50,2095,0.17889855033713575
Bhutan,city,31_50,2100,0.17327193721159065
Bhutan,city,51+,2011,0.100050611660432
Bhutan,city,51+,2012,0.10088047658886024
Bhutan,city,51+,2013,0.1010424673068603
Bhutan,city,51+,2014,0.10197428662599378
Bhutan,city,51+,2015,0.10329053988894868
Bhutan,city,51+,2016,0.10449903809248907
Bhutan,city,51+,2017,0.10505599346624167
Bhutan,city,51+,2018,0.10554862145378394
Bhutan,city,51+,2019,0.10620390785422372
Bhutan,city,51+,2020,0.1044943082223509
Bhutan,city,51+,2025,0.10683076553635008
Bhutan,city,51+,2030,0.10894402005843774
Bhutan,city,51+,2035,0.10956014634771462
Bhutan,city,51+,2040,0.1090065426428964
Bhutan,city,51+,2045,0.10746548213672599
Bhutan,city,51+,2050,0.1051287689161298
Bhutan,city,51+,2055,0.1022072076919535
Bhutan,city,51+,2060,0.09889840042653691
Bhutan,city,51+,2065,0.09536905973615939
Bhutan,city,51+,2070,0.09175725886872925
Bhutan,city,51+,2075,0.0881856564805218
Bhutan,city,51+,2080,0.08480720739564075
Bhutan,city,51+,2085,0.0815677802172482
Bhutan,city,51+,2090,0.07864220561800066
Bhutan,city,51+,2095,0.07600645977858873
Bhutan,city,51+,2100,0.07361594882469617
Bhutan,town,No_travel,2011,0.0
Bhutan,town,No_travel,2012,0.0
Bhutan,town,No_travel,2013,0.0
Bhutan,town,No_travel,2014,0.0
Bhutan,town,No_travel,2015,0.0
Bhutan,town,No_travel,2016,0.0
Bhutan,town,No_travel,2017,0.0
Bhutan,town,No_travel,2018,0.0
Bhutan,town,No_travel,2019,0.0
Bhutan,town,No_travel,2020,0.0
Bhutan,town,No_travel,2025,0.0
Bhutan,town,No_travel,2030,0.0
Bhutan,town,No_travel,2035,0.0
Bhutan,town,No_travel,2040,0.0
Bhutan,town,No_travel,2045,0.0
Bhutan,town,No_travel,2050,0.0
Bhutan,town,No_travel,2055,0.0
Bhutan,town,No_travel,2060,0.0
Bhutan,town,No_travel,2065,0.0
Bhutan,town,No_travel,2070,0.0
Bhutan,town,No_travel,2075,0.0
Bhutan,town,No_travel,2080,0.0
Bhutan,town,No_travel,2085,0.0
Bhutan,town,No_travel,2090,0.0
Bhutan,town,No_travel,2095,0.0
Bhutan,town,No_travel,2100,0.0
Bhutan,town,00_01,2011,0.136283799718559
Bhutan,town,00_01,2012,0.13741419906167562
Bhutan,town,00_01,2013,0.13763485448998142
Bhutan,town,00_01,2014,0.13890413086276038
Bhutan,town,00_01,2015,0.14069706339051213
Bhutan,town,00_01,2016,0.14234321751589135
Bhutan,town,00_01,2017,0.14310187349359083
Bhutan,town,00_01,2018,0.14377290601279047
Bhutan,town,00_01,2019,0.14466550345995982
Bhutan,town,00_01,2020,0.14233677472994624
Bhutan,town,00_01,2025,0.14551937676852986
Bhutan,town,00_01,2030,0.14839794343856685
Bhutan,town,00_01,2035,0.14923719899548568
Bhutan,town,00_01,2040,0.14848310848890325
Bhutan,town,00_01,2045,0.1463839550915216
Bhutan,town,00_01,2050,0.1432010044701274
Bhutan,town,00_01,2055,0.1392214039646103
Bhutan,town,00_01,2060,0.13471431680958312
Bhutan,town,00_01,2065,0.12990683036044037
Bhutan,town,00_01,2070,0.12498702089729809
Bhutan,town,00_01,2075,0.12012196773599601
Bhutan,town,00_01,2080,0.11552001807469904
Bhutan,town,00_01,2085,0.11110743690746663
Bhutan,town,00_01,2090,0.1071223695887504
Bhutan,town,00_01,2095,0.10353209210692367
Bhutan,town,00_01,2100,0.1002758609789119
Bhutan,town,02_05,2011,0.261285967590787
Bhutan,town,02_05,2012,0.2634531913308072
Bhutan,town,02_05,2013,0.2638762362356902
Bhutan,town,02_05,2014,0.26630971773449313
Bhutan,town,02_05,2015,0.2697471630603943
Bhutan,town,02_05,2016,0.27290320196114054
Bhutan,town,02_05,2017,0.2743577120467934
Bhutan,town,02_05,2018,0.27564422872321453
Bhutan,town,02_05,2019,0.27735553401507124
Bhutan,town,02_05,2020,0.2728908497258556
Bhutan,town,02_05,2025,0.2789925966306602
Bhutan,town,02_05,2030,0.28451144097759234
Bhutan,town,02_05,2035,0.28612047815367886
Bhutan,town,02_05,2040,0.28467472107858766
Bhutan,town,02_05,2045,0.28065018310937173
Bhutan,town,02_05,2050,0.2745477678947817
Bhutan,town,02_05,2055,0.26691799993368764
Bhutan,town,02_05,2060,0.2582769242464142
Bhutan,town,02_05,2065,0.24905991715431736
Bhutan,town,02_05,2070,0.23962756218186948
Bhutan,town,02_05,2075,0.23030018706276847
Bhutan,town,02_05,2080,0.22147723912222667
Bhutan,town,02_05,2085,0.213017352164025
Bhutan,town,02_05,2090,0.20537710312169224
Bhutan,town,02_05,2095,0.19849375287980164
Bhutan,town,02_05,2100,0.1922508428439881
Bhutan,town,06_10,2011,0.234847781523163
Bhutan,town,06_10,2012,0.23679571501573077
Bhutan,town,06_10,2013,0.23717595417787382
Bhutan,town,06_10,2014,0.23936320417312265
Bhutan,town,06_10,2015,0.24245283204842963
Bhutan,town,06_10,2016,0.2452895275704864
Bhutan,town,06_10,2017,0.24659686324552582
Bhutan,town,06_10,2018,0.24775320390222444
Bhutan,town,06_10,2019,0.249291350994497
Bhutan,town,06_10,2020,0.24527842519449478
Bhutan,town,06_10,2025,0.2507627676458791
Bhutan,town,06_10,2030,0.2557231884576027
Bhutan,town,06_10,2035,0.2571694154198712
Bhutan,town,06_10,2040,0.25586994708317756
Bhutan,town,06_10,2045,0.25225263145600874
Bhutan,town,06_10,2050,0.24676768831767615
Bhutan,town,06_10,2055,0.23990993741845554
Bhutan,town,06_10,2060,0.23214320783155265
Bhutan,town,06_10,2065,0.22385882238283894
Bhutan,town,06_10,2070,0.21538087900056116
Bhutan,town,06_10,2075,0.20699729309905615
Bhutan,town,06_10,2080,0.19906709397877373
Bhutan,town,06_10,2085,0.19146321956335924
Bhutan,town,06_10,2090,0.18459604810971864
Bhutan,town,06_10,2095,0.1784091887515204
Bhutan,town,06_10,2100,0.17279796674186512
Bhutan,town,11_20,2011,0.286274279539271
Bhutan,town,11_20,2012,0.2886487676164354
Bhutan,town,11_20,2013,0.28911227079065793
Bhutan,town,11_20,2014,0.291778480420151
Bhutan,town,11_20,2015,0.29554466883509545
Bhutan,town,11_20,2016,0.2990025382753864
Bhutan,town,11_20,2017,0.30059615170473447
Bhutan,town,11_20,2018,0.3020057055282851
Bhutan,town,11_20,2019,0.303880672997894
Bhutan,town,11_20,2020,0.29898900472328066
Bhutan,town,11_20,2025,0.30567429752798125
Bhutan,town,11_20,2030,0.3117209413790653
Bhutan,town,11_20,2035,0.31348386023224106
Bhutan,town,11_20,2040,0.31189983691527234
Bhutan,town,11_20,2045,0.30749040873878447
Bhutan,town,11_20,2050,0.3008043837099078
Bhutan,town,11_20,2055,0.29244493621927636
Bhutan,town,11_20,2060,0.282977463703903
Bhutan,town,11_20,2065,0.2728789800802787
Bhutan,town,11_20,2070,0.26254455359349105
Bhutan,town,11_20,2075,0.2523251468001072
Bhutan,town,11_20,2080,0.24265840851951628
Bhutan,town,11_20,2085,0.23338945287572974
Bhutan,town,11_20,2090,0.22501852193649188
Bhutan,town,11_20,2095,0.2174768764762204
Bhutan,town,11_20,2100,0.2106369202810603
Bhutan,town,21_30,2011,0.142215623076087
Bhutan,town,21_30,2012,0.14339522363930962
Bhutan,town,21_30,2013,0.1436254832100468
Bhutan,town,21_30,2014,0.14495000549797313
Bhutan,town,21_30,2015,0.1468209763477305
Bhutan,town,21_30,2016,0.1485387801887119
Bhutan,town,21_30,2017,0.1493304570629386
Bhutan,town,21_30,2018,0.1500306966220012
Bhutan,town,21_30,2019,0.15096214483791134
Bhutan,town,21_30,2020,0.14853205697715322
Bhutan,town,21_30,2025,0.1518531834269227
Bhutan,town,21_30,2030,0.154857041210392
Bhutan,town,21_30,2035,0.1557328258024988
Bhutan,town,21_30,2040,0.15494591311389713
Bhutan,town,21_30,2045,0.15275539297168345
Bhutan,town,21_30,2050,0.14943390276685503
Bhutan,town,21_30,2055,0.14528108807681264
Bhutan,town,21_30,2060,0.14057782760613227
Bhutan,town,21_30,2065,0.135561092805616
Bhutan,town,21_30,2070,0.1304271460734196
Bhutan,town,21_30,2075,0.1253503389396173
Bhutan,town,21_30,2080,0.12054808702267865
Bhutan,town,21_30,2085,0.11594344596212926
Bhutan,town,21_30,2090,0.11178492651299624
Bhutan,town,21_30,2095,0.10803838033400455
Bhutan,town,21_30,2100,0.1046404200503445
Bhutan,town,31_50,2011,0.175007801582025
Bhutan,town,31_50,2012,0.17645939527369742
Bhutan,town,31_50,2013,0.17674274825838585
Bhutan,town,31_50,2014,0.1783726798280866
Bhutan,town,31_50,2015,0.18067506045377155
Bhutan,town,31_50,2016,0.18278895671394874
Bhutan,town,31_50,2017,0.18376317899927122
Bhutan,town,31_50,2018,0.18462488028891605
Bhutan,town,31_50,2019,0.18577110249030335
Bhutan,town,31_50,2020,0.1827806832595349
Bhutan,town,31_50,2025,0.18686759738456818
Bhutan,town,31_50,2030,0.19056408681083023
Bhutan,town,31_50,2035,0.1916418104308436
Bhutan,town,31_50,2040,0.19067345086042214
Bhutan,town,31_50,2045,0.1879778390414249
Bhutan,town,31_50,2050,0.183890477286435
Bhutan,town,31_50,2055,0.17878010366107727
Bhutan,town,31_50,2060,0.17299236207940138
Bhutan,town,31_50,2065,0.1668188650361921
Bhutan,town,31_50,2070,0.1605011292515644
Bhutan,town,31_50,2075,0.1542537083541618
Bhutan,town,31_50,2080,0.14834414980884741
Bhutan,town,31_50,2085,0.14267776737033055
Bhutan,town,31_50,2090,0.13756037357851417
Bhutan,town,31_50,2095,0.1329499461435475
Bhutan,town,31_50,2100,0.1287684817851048
Bhutan,town,51+,2011,0.0762610743674654
Bhutan,town,51+,2012,0.07689361813677896
Bhutan,town,51+,2013,0.07701709150677864
Bhutan,town,51+,2014,0.07772734745838301
Bhutan,town,51+,2015,0.07873062856088446
Bhutan,town,51+,2016,0.07965177606656823
Bhutan,town,51+,2017,0.08007630135903981
Bhutan,town,51+,2018,0.08045179471155385
Bhutan,town,51+,2019,0.08095127036779005
Bhutan,town,51+,2020,0.07964817084144896
Bhutan,town,51+,2025,0.08142907694509217
Bhutan,town,51+,2030,0.08303985230759849
Bhutan,town,51+,2035,0.08350947914931899
Bhutan,town,51+,2040,0.08308750858259688
Bhutan,town,51+,2045,0.08191287378611314
Bhutan,town,51+,2050,0.08013177262407195
Bhutan,town,51+,2055,0.07790488571065467
Bhutan,town,51+,2060,0.07538283019547248
Bhutan,town,51+,2065,0.07269267859729443
Bhutan,town,51+,2070,0.06993967379322188
Bhutan,town,51+,2075,0.06721730927372717
Bhutan,town,51+,2080,0.06464217102486523
Bhutan,town,51+,2085,0.062172998744361496
Bhutan,town,51+,2090,0.059943052736255095
Bhutan,town,51+,2095,0.05793402144561857
Bhutan,town,51+,2100,0.056111914307985365
Bhutan,rural,No_travel,2011,0.0
Bhutan,rural,No_travel,2012,0.0
Bhutan,rural,No_travel,2013,0.0
Bhutan,rural,No_travel,2014,0.0
Bhutan,rural,No_travel,2015,0.0
Bhutan,rural,No_travel,2016,0.0
Bhutan,rural,No_travel,2017,0.0
Bhutan,rural,No_travel,2018,0.0
Bhutan,rural,No_travel,2019,0.0
Bhutan,rural,No_travel,2020,0.0
Bhutan,rural,No_travel,2025,0.0
Bhutan,rural,No_travel,2030,0.0
Bhutan,rural,No_travel,2035,0.0
Bhutan,rural,No_travel,2040,0.0
Bhutan,rural,No_travel,2045,0.0
Bhutan,rural,No_travel,2050,0.0
Bhutan,rural,No_travel,2055,0.0
Bhutan,rural,No_travel,2060,0.0
Bhutan,rural,No_travel,2065,0.0
Bhutan,rural,No_travel,2070,0.0
Bhutan,rural,No_travel,2075,0.0
Bhutan,rural,No_travel,2080,0.0
Bhutan,rural,No_travel,2085,0.0
Bhutan,rural,No_travel,2090,0.0
Bhutan,rural,No_travel,2095,0.0
Bhutan,rural,No_travel,2100,0.0
Bhutan,rural,00_01,2011,0.0478840154180537
Bhutan,rural,00_01,2012,0.048281187053172
Bhutan,rural,00_01,2013,0.048358715475133304
Bhutan,rural,00_01,2014,0.048804682270375536
Bhutan,rural,00_01,2015,0.04943463835451532
Bhutan,rural,00_01,2016,0.05001302309050693
Bhutan,rural,00_01,2017,0.05027958077827451
Bhutan,rural,00_01,2018,0.0505153515122996
Bhutan,rural,00_01,2019,0.05082897022568033
Bhutan,rural,00_01,2020,0.05001075938445993
Bhutan,rural,00_01,2025,0.0511289830133856
Bhutan,rural,00_01,2030,0.05214038224861823
Bhutan,rural,00_01,2035,0.05243525901394309
Bhutan,rural,00_01,2040,0.05217030542798224
Bhutan,rural,00_01,2045,0.05143275706308004
Bhutan,rural,00_01,2050,0.05031441095778732
Bhutan,rural,00_01,2055,0.04891615780989006
Bhutan,rural,00_01,2060,0.047332569509097734
Bhutan,rural,00_01,2065,0.045643434368103517
Bhutan,rural,00_01,2070,0.04391483395724404
Bhutan,rural,00_01,2075,0.042205472455242164
Bhutan,rural,00_01,2080,0.04058855372396436
Bhutan,rural,00_01,2085,0.039038170589053886
Bhutan,rural,00_01,2090,0.03763799664816395
Bhutan,rural,00_01,2095,0.036376534151154695
Bhutan,rural,00_01,2100,0.035232440562184796
Bhutan,rural,02_05,2011,0.123784799035439
Bhutan,rural,02_05,2012,0.12481152602578156
Bhutan,rural,02_05,2013,0.12501194447540884
Bhutan,rural,02_05,2014,0.12616481166174603
Bhutan,rural,02_05,2015,0.12779330890859544
Bhutan,rural,02_05,2016,0.1292884892455998
Bhutan,rural,02_05,2017,0.1299775665822348
Bhutan,rural,02_05,2018,0.13058705667355094
Bhutan,rural,02_05,2019,0.13139779130118515
Bhutan,rural,02_05,2020,0.12928263734709763
Bhutan,rural,02_05,2025,0.132173353298439
Bhutan,rural,02_05,2030,0.1347879178871611
Bhutan,rural,02_05,2035,0.13555020277111
Bhutan,rural,02_05,2040,0.13486527219238673
Bhutan,rural,02_05,2045,0.13295863852076872
Bhutan,rural,02_05,2050,0.13006760595620373
Bhutan,rural,02_05,2055,0.12645298668499128
Bhutan,rural,02_05,2060,0.12235925816500288
Bhutan,rural,02_05,2065,0.11799268088141036
Bhutan,rural,02_05,2070,0.11352408206815916
Bhutan,rural,02_05,2075,0.10910521769020555
Bhutan,rural,02_05,2080,0.10492532679215864
Bhutan,rural,02_05,2085,0.10091743682914461
Bhutan,rural,02_05,2090,0.09729785212275484
Bhutan,rural,02_05,2095,0.09403684987973575
Bhutan,rural,02_05,2100,0.0910792575861083
Bhutan,rural,06_10,2011,0.148707724813786
Bhutan,rural,06_10,2012,0.14994117379886723
Bhutan,rural,06_10,2013,0.1501819446518881
Bhutan,rural,06_10,2014,0.15156693099616123
Bhutan,rural,06_10,2015,0.15352331111982373
Bhutan,rural,06_10,2016,0.15531953220540767
Bhutan,rural,06_10,2017,0.15614734889816975
Bhutan,rural,06_10,2018,0.15687955418898433
Bhutan,rural,06_10,2019,0.1578535227444345
Bhutan,rural,06_10,2020,0.15531250208120115
Bhutan,rural,06_10,2025,0.15878523698529726
Bhutan,rural,06_10,2030,0.16192622000096016
Bhutan,rural,06_10,2035,0.1628419839044062
Bhutan,rural,06_10,2040,0.16201914888095423
Bhutan,rural,06_10,2045,0.1597286321327831
Bhutan,rural,06_10,2050,0.15625551686831562
Bhutan,rural,06_10,2055,0.15191312739821453
Bhutan,rural,06_10,2060,0.1469951644580437
Bhutan,rural,06_10,2065,0.1417494171762575
Bhutan,rural,06_10,2070,0.1363811072722771
Bhutan,rural,06_10,2075,0.13107254537270138
Bhutan,rural,06_10,2080,0.12605107205560653
Bhutan,rural,06_10,2085,0.12123623047289174
Bhutan,rural,06_10,2090,0.11688787582311042
Bhutan,rural,06_10,2095,0.11297030090316255
Bhutan,rural,06_10,2100,0.10941722472305575
Bhutan,rural,11_20,2011,0.227309082564942
Bhutan,rural,11_20,2012,0.22919448668594894
Bhutan,rural,11_20,2013,0.22956252003308733
Bhutan,rural,11_20,2014,0.23167955851024727
Bhutan,rural,11_20,2015,0.2346700082102536
Bhutan,rural,11_20,2016,0.23741564477727906
Bhutan,rural,11_20,2017,0.23868101450302343
Bhutan,rural,11_20,2018,0.23980023620527646
Bhutan,rural,11_20,2019,0.24128900821805327
Bhutan,rural,11_20,2020,0.23740489879158325
Bhutan,rural,11_20,2025,0.24271319186129311
Bhutan,rural,11_20,2030,0.24751438136598392
Bhutan,rural,11_20,2035,0.2489141839182661
Bhutan,rural,11_20,2040,0.24765642898645346
Bhutan,rural,11_20,2045,0.24415523050279445
Bhutan,rural,11_20,2050,0.23884635602840526
Bhutan,rural,11_20,2055,0.23220874142012338
Bhutan,rural,11_20,2060,0.22469132666968955
Bhutan,rural,11_20,2065,0.21667287299834523
Bhutan,rural,11_20,2070,0.2084670746733012
Bhutan,rural,11_20,2075,0.20035260491967682
Bhutan,rural,11_20,2080,0.1926769680671698
Bhutan,rural,11_20,2085,0.18531718077815756
Bhutan,rural,11_20,2090,0.17867044801866905
Bhutan,rural,11_20,2095,0.1726821890896331
Bhutan,rural,11_20,2100,0.16725108934148772
Bhutan,rural,21_30,2011,0.153212938930544
Bhutan,rural,21_30,2012,0.15448375619482424
Bhutan,rural,21_30,2013,0.15473182138475525
Bhutan,rural,21_30,2014,0.1561587669482791
Bhutan,rural,21_30,2015,0.15817441710221009
Bhutan,rural,21_30,2016,0.16002505607766304
Bhutan,rural,21_30,2017,0.16087795210947753
Bhutan,rural,21_30,2018,0.16163234011888777
Bhutan,rural,21_30,2019,0.16263581579571168
Bhutan,rural,21_30,2020,0.16001781297047357
Bhutan,rural,21_30,2025,0.1635957570312109
Bhutan,rural,21_30,2030,0.16683189852663927
Bhutan,rural,21_30,2035,0.16777540619706574
Bhutan,rural,21_30,2040,0.16692764275803842
Bhutan,rural,21_30,2045,0.16456773305532207
Bhutan,rural,21_30,2050,0.16098939711090537
Bhutan,rural,21_30,2055,0.15651545163478198
Bhutan,rural,21_30,2060,0.15144849525064924
Bhutan,rural,21_30,2065,0.14604382404788688
Bhutan,rural,21_30,2070,0.14051287709466895
Bhutan,rural,21_30,2075,0.13504348825728887
Bhutan,rural,21_30,2080,0.12986988557029458
Bhutan,rural,21_30,2085,0.12490917468391341
Bhutan,rural,21_30,2090,0.12042908330843476
Bhutan,rural,21_30,2095,0.11639282246376506
Bhutan,rural,21_30,2100,0.11273210312668992
Bhutan,rural,31_50,2011,0.152668305095647
Bhutan,rural,31_50,2012,0.15393460492109387
Bhutan,rural,31_50,2013,0.15418178830106394
Bhutan,rural,31_50,2014,0.15560366142853976
Bhutan,rural,31_50,2015,0.15761214644824117
Bhutan,rural,31_50,2016,0.1594562068631023
Bhutan,rural,31_50,2017,0.16030607106196704
Bhutan,rural,31_50,2018,0.16105777740991034
Bhutan,rural,31_50,2019,0.1620576859806536
Bhutan,rural,31_50,2020,0.15944898950335473
Bhutan,rural,31_50,2025,0.1630142148641673
Bhutan,rural,31_50,2030,0.16623885268265282
Bhutan,rural,31_50,2035,0.16717900641832426
Bhutan,rural,31_50,2040,0.16633425656715775
Bhutan,rural,31_50,2045,0.16398273575561712
Bhutan,rural,31_50,2050,0.16041711990417404
Bhutan,rural,31_50,2055,0.15595907818982685
Bhutan,rural,31_50,2060,0.1509101335735383
Bhutan,rural,31_50,2065,0.1455246746306808
Bhutan,rural,31_50,2070,0.1400133888162072
Bhutan,rural,31_50,2075,0.13456344229380288
Bhutan,rural,31_50,2080,0.1294082304756955
Bhutan,rural,31_50,2085,0.12446515368087815
Bhutan,rural,31_50,2090,0.12000098791431706
Bhutan,rural,31_50,2095,0.11597907497157928
Bhutan,rural,31_50,2100,0.11233136857991821
Bhutan,rural,51+,2011,0.0512532102732799
Bhutan,rural,51+,2012,0.05167832753112844
Bhutan,rural,51+,2013,0.05176131097514931
Bhutan,rural,51+,2014,0.05223865669755573
Bhutan,rural,51+,2015,0.05291293748544419
Bhutan,rural,51+,2016,0.0535320182837821
Bhutan,rural,51+,2017,0.0538173313909189
Bhutan,rural,51+,2018,0.05406969132568571
Bhutan,rural,51+,2019,0.05440537674643006
Bhutan,rural,51+,2020,0.05352959529980695
Bhutan,rural,51+,2025,0.05472649890710696
Bhutan,rural,51+,2030,0.05580906178787297
Bhutan,rural,51+,2035,0.056124686547533394
Bhutan,rural,51+,2040,0.05584109040933671
Bhutan,rural,51+,2045,0.055051646978099444
Bhutan,rural,51+,2050,0.053854612276802015
Bhutan,rural,51+,2055,0.05235797583186774
Bhutan,rural,51+,2060,0.05066296376034014
Bhutan,rural,51+,2065,0.04885497840644849
Bhutan,rural,51+,2070,0.04700475094405286
Bhutan,rural,51+,2075,0.04517511607048877
Bhutan,rural,51+,2080,0.043444428386812575
Bhutan,rural,51+,2085,0.04178495784901483
Bhutan,rural,51+,2090,0.040286265461063134
Bhutan,rural,51+,2095,0.03893604447298168
Bhutan,rural,51+,2100,0.03771145065444244
India,large_city,No_travel,2011,0.0
India,large_city,No_travel,2012,0.0
India,large_city,No_travel,2013,0.0
India,large_city,No_travel,2014,0.0
India,large_city,No_travel,2015,0.0
India,large_city,No_travel,2016,0.0
India,large_city,No_travel,2017,0.0
India,large_city,No_travel,2018,0.0
India,large_city,No_travel,2019,0.0
India,large_city,No_travel,2020,0.0
India,large_city,No_travel,2025,0.0
India,large_city,No_travel,2030,0.0
India,large_city,No_travel,2035,0.0
India,large_city,No_travel,2040,0.0
India,large_city,No_travel,2045,0.0
India,large_city,No_travel,2050,0.0
India,large_city,No_travel,2055,0.0
India,large_city,No_travel,2060,0.0
India,large_city,No_travel,2065,0.0
India,large_city,No_travel,2070,0.0
India,large_city,No_travel,2075,0.0
India,large_city,No_travel,2080,0.0
India,large_city,No_travel,2085,0.0
India,large_city,No_travel,2090,0.0
India,large_city,No_travel,2095,0.0
India,large_city,No_travel,2100,0.0
India,large_city,00_01,2011,0.0918299625000023
India,large_city,00_01,2012,0.09334554470922334
India,large_city,00_01,2013,0.0951696081537313
India,large_city,00_01,2014,0.09730887677505118
India,large_city,00_01,2015,0.09957693553052747
India,large_city,00_01,2016,0.10182360216598349
India,large_city,00_01,2017,0.10354285575819948
India,large_city,00_01,2018,0.10510700818068515
India,large_city,00_01,2019,0.10591465011901965
India,large_city,00_01,2020,0.10384424492644341
India,large_city,00_01,2025,0.11094499039821434
India,large_city,00_01,2030,0.1150142425012712
India,large_city,00_01,2035,0.11684057125393568
India,large_city,00_01,2040,0.11744286742153645
India,large_city,00_01,2045,0.1168630832366814
India,large_city,00_01,2050,0.11518701875379035
India,large_city,00_01,2055,0.11251230684944315
India,large_city,00_01,2060,0.108994708136952
India,large_city,00_01,2065,0.10488610927782882
India,large_city,00_01,2070,0.1003547028521412
India,large_city,00_01,2075,0.09554091470757624
India,large_city,00_01,2080,0.09066224718756694
India,large_city,00_01,2085,0.08582323597748023
India,large_city,00_01,2090,0.08114530578734219
India,large_city,00_01,2095,0.0765915594434277
India,large_city,00_01,2100,0.07214889476872571
India,large_city,02_05,2011,0.218099182353909
India,large_city,02_05,2012,0.22169873996694003
India,large_city,02_05,2013,0.22603095066351775
India,large_city,02_05,2014,0.2311117840259971
India,large_city,02_05,2015,0.2364984981945888
India,large_city,02_05,2016,0.24183440537428247
India,large_city,02_05,2017,0.24591768922318222
India,large_city,02_05,2018,0.24963260269078819
India,large_city,02_05,2019,0.25155077886760496
India,large_city,02_05,2020,0.24663349841415652
India,large_city,02_05,2025,0.263498002540426
India,large_city,02_05,2030,0.27316261017291416
India,large_city,02_05,2035,0.27750020105089745
India,large_city,02_05,2040,0.27893067426587476
India,large_city,02_05,2045,0.2775536677506144
India,large_city,02_05,2050,0.2735729594573822
India,large_city,02_05,2055,0.26722043068040074
India,large_city,02_05,2060,0.25886601800116804
India,large_city,02_05,2065,0.24910796052842382
India,large_city,02_05,2070,0.23834572117375027
India,large_city,02_05,2075,0.2269128159457368
India,large_city,02_05,2080,0.21532582006636272
India,large_city,02_05,2085,0.2038330092278384
India,large_city,02_05,2090,0.19272277111162717
India,large_city,02_05,2095,0.18190747371613028
India,large_city,02_05,2100,0.17135599893985476
India,large_city,06_10,2011,0.227649910037638
India,large_city,06_10,2012,0.23140709499329778
India,large_city,06_10,2013,0.23592901646359318
India,large_city,06_10,2014,0.24123234335093455
India,large_city,06_10,2015,0.24685494579558048
India,large_city,06_10,2016,0.2524245163749664
India,large_city,06_10,2017,0.25668661030318557
India,large_city,06_10,2018,0.26056420263329255
India,large_city,06_10,2019,0.2625663771915634
India,large_city,06_10,2020,0.25743376531848955
India,large_city,06_10,2025,0.27503677879950644
India,large_city,06_10,2030,0.28512460688918184
India,large_city,06_10,2035,0.28965214414308427
India,large_city,06_10,2040,0.29114525885899545
India,large_city,06_10,2045,0.2897079521899059
India,large_city,06_10,2050,0.2855529256782985
India,large_city,06_10,2055,0.2789222148751527
India,large_city,06_10,2060,0.2702019561638731
India,large_city,06_10,2065,0.2600165859949578
India,large_city,06_10,2070,0.2487830600621585
India,large_city,06_10,2075,0.23684949929161553
India,large_city,06_10,2080,0.22475510012387506
India,large_city,06_10,2085,0.21275901043095669
India,large_city,06_10,2090,0.2011622466083944
India,large_city,06_10,2095,0.18987333918314822
India,large_city,06_10,2100,0.17885980736859175
India,large_city,11_20,2011,0.24573634096712
India,large_city,11_20,2012,0.24979202841803047
India,large_city,11_20,2013,0.2546732095090633
India,large_city,11_20,2014,0.26039787746097404
India,large_city,11_20,2015,0.2664671869161442
India,large_city,11_20,2016,0.2724792512069235
India,large_city,11_20,2017,0.27707996186218187
India,large_city,11_20,2018,0.28126562286597984
India,large_city,11_20,2019,0.2834268670757649
India,large_city,11_20,2020,0.27788647718022297
India,large_city,11_20,2025,0.29688802267657216
India,large_city,11_20,2030,0.3077773130024603
India,large_city,11_20,2035,0.3126645560423647
India,large_city,11_20,2040,0.3142762963978584
India,large_city,11_20,2045,0.31272479795162006
India,large_city,11_20,2050,0.3082396610525324
India,large_city,11_20,2055,0.3010821505992807
India,large_city,11_20,2060,0.291669080909764
India,large_city,11_20,2065,0.2806744989383014
India,large_city,11_20,2070,0.2685484868593642
India,large_city,11_20,2075,0.2556668232646931
India,large_city,11_20,2080,0.24261154291257284
India,large_city,11_20,2085,0.22966238256999347
India,large_city,11_20,2090,0.21714427391646854
India,large_city,11_20,2095,0.2049584803717318
India,large_city,11_20,2100,0.193069940601228
India,large_city,21_30,2011,0.151410352965953
India,large_city,21_30,2012,0.15390926324534107
India,large_city,21_30,2013,0.15691680111692882
India,large_city,21_30,2014,0.16044405309683704
India,large_city,21_30,2015,0.1641836558078169
India,large_city,21_30,2016,0.1678879869325434
India,large_city,21_30,2017,0.17072271305186856
India,large_city,21_30,2018,0.1733017064864036
India,large_city,21_30,2019,0.17463335628374868
India,large_city,21_30,2020,0.17121964715814056
India,large_city,21_30,2025,0.18292744218421608
India,large_city,21_30,2030,0.18963687427432793
India,large_city,21_30,2035,0.19264814721340587
India,large_city,21_30,2040,0.19364122042005638
India,large_city,21_30,2045,0.19268526524286703
India,large_city,21_30,2050,0.18992174984942206
India,large_city,21_30,2055,0.18551165250761562
India,large_city,21_30,2060,0.1797117932007924
India,large_city,21_30,2065,0.17293748570333112
India,large_city,21_30,2070,0.16546604797574266
India,large_city,21_30,2075,0.15752901585431625
India,large_city,21_30,2080,0.14948500983386165
India,large_city,21_30,2085,0.1415063896168991
India,large_city,21_30,2090,0.13379336173410025
India,large_city,21_30,2095,0.12628508967911067
India,large_city,21_30,2100,0.11895997042398755
India,large_city,31_50,2011,0.123613380885738
India,large_city,31_50,2012,0.1256535237300965
India,large_city,31_50,2013,0.12810891675419478
India,large_city,31_50,2014,0.13098861113394708
India,large_city,31_50,2015,0.1340416714116524
India,large_city,31_50,2016,0.13706593550771903
India,large_city,31_50,2017,0.13938024277027253
India,large_city,31_50,2018,0.14148576654378017
India,large_city,31_50,2019,0.14257294275320784
India,large_city,31_50,2020,0.13978594623605553
India,large_city,31_50,2025,0.14934434232681595
India,large_city,31_50,2030,0.1548220099250712
India,large_city,31_50,2035,0.15728045230683396
India,large_city,31_50,2040,0.15809121018525138
India,large_city,31_50,2045,0.15731075594871596
India,large_city,31_50,2050,0.15505458604869382
India,large_city,31_50,2055,0.15145412523622556
India,large_city,31_50,2060,0.14671904468503466
India,large_city,31_50,2065,0.14118841196067206
India,large_city,31_50,2070,0.13508863305194616
India,large_city,31_50,2075,0.12860873682616536
India,large_city,31_50,2080,0.12204150571828186
India,large_city,31_50,2085,0.11552765643055306
India,large_city,31_50,2090,0.1092306401778195
India,large_city,31_50,2095,0.10310078924526224
India,large_city,31_50,2100,0.09712046663997383
India,large_city,51+,2011,0.0823319043773287
India,large_city,51+,2012,0.08369072851411916
India,large_city,51+,2013,0.08532612738615296
India,large_city,51+,2014,0.08724412947145191
India,large_city,51+,2015,0.08927760080797818
India,large_city,51+,2016,0.09129189263128253
India,large_city,51+,2017,0.09283332223117703
India,large_city,51+,2018,0.09423569291906285
India,large_city,51+,2019,0.09495979970325188
India,large_city,51+,2020,0.09310353843844404
India,large_city,51+,2025,0.09946984722561772
India,large_city,51+,2030,0.10311821281256993
India,large_city,51+,2035,0.10475564268983831
India,large_city,51+,2040,0.10529564280666005
India,large_city,51+,2045,0.10477582623734617
India,large_city,51+,2050,0.10327311865717462
India,large_city,51+,2055,0.10087505468382157
India,large_city,51+,2060,0.09772128446601681
India,large_city,51+,2065,0.0940376417944419
India,large_city,51+,2070,0.08997492293473948
India,large_city,51+,2075,0.08565902935903394
India,large_city,51+,2080,0.08128496694181173
India,large_city,51+,2085,0.07694645914562626
India,large_city,51+,2090,0.07275237161021803
India,large_city,51+,2095,0.06866962347073395
India,large_city,51+,2100,0.06468646772047333
India,city,No_travel,2011,0.0
India,city,No_travel,2012,0.0
India,city,No_travel,2013,0.0
India,city,No_travel,2014,0.0
India,city,No_travel,2015,0.0
India,city,No_travel,2016,0.0
India,city,No_travel,2017,0.0
India,city,No_travel,2018,0.0
India,city,No_travel,2019,0.0
India,city,No_travel,2020,0.0
India,city,No_travel,2025,0.0
India,city,No_travel,2030,0.0
India,city,No_travel,2035,0.0
India,city,No_travel,2040,0.0
India,city,No_travel,2045,0.0
India,city,No_travel,2050,0.0
India,city,No_travel,2055,0.0
India,city,No_travel,2060,0.0
India,city,No_travel,2065,0.0
India,city,No_travel,2070,0.0
India,city,No_travel,2075,0.0
India,city,No_travel,2080,0.0
India,city,No_travel,2085,0.0
India,city,No_travel,2090,0.0
India,city,No_travel,2095,0.0
India,city,No_travel,2100,0.0
India,city,00_01,2011,0.14143918779263
India,city,00_01,2012,0.14377353173516594
India,city,00_01,2013,0.1465830074776114
India,city,00_01,2014,0.14987797143090428
India,city,00_01,2015,0.1533713017068534
India,city,00_01,2016,0.15683168321533644
India,city,00_01,2017,0.1594797277649853
India,city,00_01,2018,0.1618888809672448
India,city,00_01,2019,0.1631328346472356
India,city,00_01,2020,0.15994393615629243
India,city,00_01,2025,0.17088071152794143
India,city,00_01,2030,0.177148292355711
India,city,00_01,2035,0.17996125719187964
India,city,00_01,2040,0.18088893132390452
India,city,00_01,2045,0.17999593080459245
India,city,00_01,2050,0.17741440738136138
India,city,00_01,2055,0.17329473805959578
India,city,00_01,2060,0.167876829880932
India,city,00_01,2065,0.16154864603135138
India,city,00_01,2070,0.15456924163044525
India,city,00_01,2075,0.14715490466637382
India,city,00_01,2080,0.13964063859509687
India,city,00_01,2085,0.13218745232951307
India,city,00_01,2090,0.12498236775111381
India,city,00_01,2095,0.11796855475628756
India,city,00_01,2100,0.11112583298968721
India,city,02_05,2011,0.288371801420151
India,city,02_05,2012,0.2931311540320329
India,city,02_05,2013,0.2988592241202396
India,city,02_05,2014,0.30557712674435966
India,city,02_05,2015,0.3126994664604783
India,city,02_05,2016,0.31975462892836
India,city,02_05,2017,0.3251535667258722
India,city,02_05,2018,0.33006544341065114
India,city,02_05,2019,0.3326016652963998
India,city,02_05,2020,0.32610001312537956
India,city,02_05,2025,0.3483983426397852
India,city,02_05,2030,0.36117693393444256
India,city,02_05,2035,0.36691211772471427
India,city,02_05,2040,0.36880349637838067
India,city,02_05,2045,0.3669828116555533
India,city,02_05,2050,0.36171949975746104
India,city,02_05,2055,0.35332015526097926
India,city,02_05,2060,0.34227391011638114
India,city,02_05,2065,0.32937175898767845
India,city,02_05,2070,0.3151418736826251
India,city,02_05,2075,0.30002523069256476
India,city,02_05,2080,0.2847048482925934
India,city,02_05,2085,0.269508997812474
India,city,02_05,2090,0.25481898684957305
India,city,02_05,2095,0.24051894794446063
India,city,02_05,2100,0.22656773659174498
India,city,06_10,2011,0.300942920069744
India,city,06_10,2012,0.30590974923129044
India,city,06_10,2013,0.31188752559576066
India,city,06_10,2014,0.3188982847008138
India,city,06_10,2015,0.3263311117017262
India,city,06_10,2016,0.33369383296710164
India,city,06_10,2017,0.3393281290323088
India,city,06_10,2018,0.34445413131568103
India,city,06_10,2019,0.3471009158365085
India,city,06_10,2020,0.3403158342855775
India,city,06_10,2025,0.36358622467636853
India,city,06_10,2030,0.3769218787162343
India,city,06_10,2035,0.3829070788935094
India,city,06_10,2040,0.384880909247895
India,city,06_10,2045,0.38298085461593834
India,city,06_10,2050,0.3774880968495785
India,city,06_10,2055,0.3687225960377979
India,city,06_10,2060,0.35719480707490214
India,city,06_10,2065,0.3437302068028535
India,city,06_10,2070,0.32887999185509936
India,city,06_10,2075,0.31310436240493533
India,city,06_10,2080,0.29711611184324116
India,city,06_10,2085,0.2812578219761003
India,city,06_10,2090,0.26592742291051724
India,city,06_10,2095,0.25100399612599134
India,city,06_10,2100,0.2364446034866283
India,city,11_20,2011,0.352477571210292
India,city,11_20,2012,0.35829493976334725
India,city,11_20,2013,0.3652963741007905
India,city,11_20,2014,0.3735076832125546
India,city,11_20,2015,0.3822133367893216
India,city,11_20,2016,0.39083687944823003
India,city,11_20,2017,0.3974360145668886
India,city,11_20,2018,0.4034398136741836
India,city,11_20,2019,0.4065398440028653
India,city,11_20,2020,0.39859285835860536
India,city,11_20,2025,0.42584816206922416
India,city,11_20,2030,0.4414674660401674
India,city,11_20,2035,0.44847759547336496
India,city,11_20,2040,0.4507894323131675
India,city,11_20,2045,0.44856400484112813
India,city,11_20,2050,0.44213064559717485
India,city,11_20,2055,0.4318641058963497
India,city,11_20,2060,0.4183622529399
India,city,11_20,2065,0.4025919214760155
India,city,11_20,2070,0.3851986972209904
India,city,11_20,2075,0.3667215868386671
India,city,11_20,2080,0.34799544526809445
India,city,11_20,2085,0.329421519373366
India,city,11_20,2090,0.31146588238058037
India,city,11_20,2095,0.2939869092054505
India,city,11_20,2100,0.27693430881654496
India,city,21_30,2011,0.15857884585093
India,city,21_30,2012,0.16119606653781057
India,city,21_30,2013,0.16434599568853778
India,city,21_30,2014,0.1680402447081212
India,city,21_30,2015,0.17195689816167695
India,city,21_30,2016,0.17583661010278112
India,city,21_30,2017,0.1788055457633905
India,city,21_30,2018,0.18150664112638498
India,city,21_30,2019,0.18290133761710703
India,city,21_30,2020,0.17932600711555638
India,city,21_30,2025,0.1915881053560367
India,city,21_30,2030,0.1986151941668288
India,city,21_30,2035,0.20176903522106962
India,city,21_30,2040,0.20280912528011288
India,city,21_30,2045,0.20180791059621347
India,city,21_30,2050,0.1989135571190617
India,city,21_30,2055,0.19429466460045577
India,city,21_30,2060,0.18822021211449785
India,city,21_30,2065,0.18112517638316794
India,city,21_30,2070,0.17330000493036446
India,city,21_30,2075,0.1649871956102476
India,city,21_30,2080,0.15656234773324368
India,city,21_30,2085,0.14820598133752352
India,city,21_30,2090,0.1401277816919199
India,city,21_30,2095,0.13226403199784992
India,city,21_30,2100,0.12459210643633264
India,city,31_50,2011,0.235491949480815
India,city,31_50,2012,0.23937856120678508
India,city,31_50,2013,0.2440562529408295
India,city,31_50,2014,0.24954226779243896
India,city,31_50,2015,0.2553585565431191
India,city,31_50,2016,0.261119986597248
India,city,31_50,2017,0.26552890030101683
India,city,31_50,2018,0.26954006717104884
India,city,31_50,2019,0.2716112122457389
India,city,31_50,2020,0.2663017931657195
India,city,31_50,2025,0.28451119180196927
India,city,31_50,2030,0.2949465234147611
India,city,31_50,2035,0.2996300243838246
India,city,31_50,2040,0.30117457362256705
India,city,31_50,2045,0.29968775489529537
India,city,31_50,2050,0.2953895968455024
India,city,31_50,2055,0.28853047261734815
India,city,31_50,2060,0.2795098201446247
India,city,31_50,2065,0.268973586342182
India,city,31_50,2070,0.2573530901117165
India,city,31_50,2075,0.24500844438074157
India,city,31_50,2080,0.23249741972301402
India,city,31_50,2085,0.22008809108561198
India,city,31_50,2090,0.20809184421781282
India,city,31_50,2095,0.19641405872411266
India,city,31_50,2100,0.18502113492611919
India,city,51+,2011,0.100050611660432
India,city,51+,2012,0.10170186929929066
India,city,51+,2013,0.10368922351747899
India,city,51+,2014,0.10602000018603112
India,city,51+,2015,0.1084910963249106
India,city,51+,2016,0.11093888531398323
India,city,51+,2017,0.1128120470666149
India,city,51+,2018,0.11451622294058234
India,city,51+,2019,0.11539616525715446
India,city,51+,2020,0.11314041669467213
India,city,51+,2025,0.12087682329176408
India,city,51+,2030,0.12531035621312758
India,city,51+,2035,0.1273001785306213
India,city,51+,2040,0.12795639245392754
India,city,51+,2045,0.1273247057936418
India,city,51+,2050,0.1254985994539428
India,city,51+,2055,0.122584446439393
India,city,51+,2060,0.11875195110585
India,city,51+,2065,0.11427554909356978
India,city,51+,2070,0.10933848963901487
India,city,51+,2075,0.1040937695590361
India,city,51+,2080,0.09877836208007952
India,city,51+,2085,0.09350616095726137
India,city,51+,2090,0.08840946088153062
India,city,51+,2095,0.08344806163174777
India,city,51+,2100,0.0786076881196044
India,town,No_travel,2011,0.0
India,town,No_travel,2012,0.0
India,town,No_travel,2013,0.0
India,town,No_travel,2014,0.0
India,town,No_travel,2015,0.0
India,town,No_travel,2016,0.0
India,town,No_travel,2017,0.0
India,town,No_travel,2018,0.0
India,town,No_travel,2019,0.0
India,town,No_travel,2020,0.0
India,town,No_travel,2025,0.0
India,town,No_travel,2030,0.0
India,town,No_travel,2035,0.0
India,town,No_travel,2040,0.0
India,town,No_travel,2045,0.0
India,town,No_travel,2050,0.0
India,town,No_travel,2055,0.0
India,town,No_travel,2060,0.0
India,town,No_travel,2065,0.0
India,town,No_travel,2070,0.0
India,town,No_travel,2075,0.0
India,town,No_travel,2080,0.0
India,town,No_travel,2085,0.0
India,town,No_travel,2090,0.0
India,town,No_travel,2095,0.0
India,town,No_travel,2100,0.0
India,town,00_01,2011,0.136283799718559
India,town,00_01,2012,0.1385330579849825
India,town,00_01,2013,0.14124012973343564
India,town,00_01,2014,0.14441499388882664
India,town,00_01,2015,0.14778099401303718
India,town,00_01,2016,0.15111524633597423
India,town,00_01,2017,0.1536667709783476
India,town,00_01,2018,0.1559881117441715
India,town,00_01,2019,0.1571867239309976
India,town,00_01,2020,0.15411405920458746
India,town,00_01,2025,0.16465219455150398
India,town,00_01,2030,0.1706913251742276
India,town,00_01,2035,0.17340175884067244
India,town,00_01,2040,0.17429561971180757
India,town,00_01,2045,0.17343516861744093
India,town,00_01,2050,0.17094774043950056
India,town,00_01,2055,0.16697823101628925
India,town,00_01,2060,0.16175780289705322
India,town,00_01,2065,0.15566027820253284
India,town,00_01,2070,0.14893526962200784
India,town,00_01,2075,0.14179118155400447
India,town,00_01,2080,0.13455080674507028
India,town,00_01,2085,0.12736928541327946
India,town,00_01,2090,0.12042682258552694
India,town,00_01,2095,0.11366865958722291
India,town,00_01,2100,0.10707535162693937
India,town,02_05,2011,0.261285967590787
India,town,02_05,2012,0.2655982895521478
India,town,02_05,2013,0.27078834047964584
India,town,02_05,2014,0.27687525216338044
India,town,02_05,2015,0.28332861346664096
India,town,02_05,2016,0.28972110726406625
India,town,02_05,2017,0.29461294023607776
India,town,02_05,2018,0.29906346017578295
India,town,02_05,2019,0.30136146291453636
India,town,02_05,2020,0.295470489975859
India,town,02_05,2025,0.3156744092708007
India,town,02_05,2030,0.3272527486730195
India,town,02_05,2035,0.33244924513547647
India,town,02_05,2040,0.3341629726884828
India,town,02_05,2045,0.33251329901325194
India,town,02_05,2050,0.32774435303707633
India,town,02_05,2055,0.32013393189643896
India,town,02_05,2060,0.31012522495409073
India,town,02_05,2065,0.2984349312947812
India,town,02_05,2070,0.2855416132507619
India,town,02_05,2075,0.2718448278128969
India,town,02_05,2080,0.25796343955120243
India,town,02_05,2085,0.24419488632751865
India,town,02_05,2090,0.23088466074561947
India,town,02_05,2095,0.21792777840307606
India,town,02_05,2100,0.20528695936527136
India,town,06_10,2011,0.234847781523163
India,town,06_10,2012,0.23872376175729978
India,town,06_10,2013,0.2433886580682417
India,town,06_10,2014,0.2488596663984376
India,town,06_10,2015,0.25466004519188185
India,town,06_10,2016,0.2604057153500172
India,town,06_10,2017,0.2648025688498501
India,town,06_10,2018,0.2688027635181734
India,town,06_10,2019,0.2708682431537871
India,town,06_10,2020,0.2655733475326487
India,town,06_10,2025,0.28373293592631715
India,town,06_10,2030,0.2941397225877115
India,town,06_10,2035,0.2988104122430101
India,town,06_10,2040,0.30035073650025823
India,town,06_10,2045,0.29886798483763594
India,town,06_10,2050,0.2945815840292209
India,town,06_10,2055,0.2877412223449883
India,town,06_10,2060,0.27874524509064436
India,town,06_10,2065,0.26823783224885367
India,town,06_10,2070,0.2566491228855833
India,town,06_10,2075,0.24433824487043052
India,town,06_10,2080,0.231861443043758
India,town,06_10,2085,0.21948605905670096
India,town,06_10,2090,0.20752262688962236
India,town,06_10,2095,0.19587678497296576
India,town,06_10,2100,0.18451502553736693
India,town,11_20,2011,0.286274279539271
India,town,11_20,2012,0.2909990141815973
India,town,11_20,2013,0.29668542016712107
India,town,11_20,2014,0.3033544589714144
India,town,11_20,2015,0.31042499312497784
India,town,11_20,2016,0.31742883865557
India,town,11_20,2017,0.3227885063507074
India,town,11_20,2018,0.3276646556558612
India,town,11_20,2019,0.33018242989564056
India,town,11_20,2020,0.32372806860959397
India,town,11_20,2025,0.34586420739025514
India,town,11_20,2030,0.3585498514039531
India,town,11_20,2035,0.3642433193488068
India,town,11_20,2040,0.36612094073462814
India,town,11_20,2045,0.36431349907518457
India,town,11_20,2050,0.35908847078116796
India,town,11_20,2055,0.35075022036108217
India,town,11_20,2060,0.3397843219798578
India,town,11_20,2065,0.32697601686581257
India,town,11_20,2070,0.3128496350782417
India,town,11_20,2075,0.29784294559015684
India,town,11_20,2080,0.28263399862579025
India,town,11_20,2085,0.2675486777769443
India,town,11_20,2090,0.2529655171346132
India,town,11_20,2095,0.23876949202125575
India,town,11_20,2100,0.22491975720311452
India,town,21_30,2011,0.142215623076087
India,town,21_30,2012,0.14456278147994017
India,town,21_30,2013,0.14738767993605145
India,town,21_30,2014,0.15070073170723258
India,town,21_30,2015,0.15421323873981715
India,town,21_30,2016,0.157692616131544
India,town,21_30,2017,0.16035519721277652
India,town,21_30,2018,0.1627775755443561
India,town,21_30,2019,0.164028357950835
India,town,21_30,2020,0.1608219538920052
India,town,21_30,2025,0.17181876706801605
India,town,21_30,2030,0.17812075399619207
India,town,21_30,2035,0.18094916069952643
India,town,21_30,2040,0.1818819273305885
India,town,21_30,2045,0.18098402465422816
India,town,21_30,2050,0.17838832986942366
India,town,21_30,2055,0.1742460454812997
India,town,21_30,2060,0.16879839550944487
India,town,21_30,2065,0.1624354728770863
India,town,21_30,2070,0.15541775479579956
India,town,21_30,2075,0.14796271657409094
India,town,21_30,2080,0.14040720068090767
India,town,21_30,2085,0.1329130998931105
India,town,21_30,2090,0.1256684627552384
India,town,21_30,2095,0.11861614719287242
India,town,21_30,2100,0.11173586206991104
India,town,31_50,2011,0.175007801582025
India,town,31_50,2012,0.17789616942332293
India,town,31_50,2013,0.1813724349545156
India,town,31_50,2014,0.1854494125358861
India,town,31_50,2015,0.18977183591327515
India,town,31_50,2016,0.1940534905938902
India,town,31_50,2017,0.1973300114956135
India,town,31_50,2018,0.20031094352853693
India,town,31_50,2019,0.2018501322230043
India,town,31_50,2020,0.19790439325859205
India,town,31_50,2025,0.21143685935981818
India,town,31_50,2030,0.21919196287125645
India,town,31_50,2035,0.22267254558378718
India,town,31_50,2040,0.22382039020142042
India,town,31_50,2045,0.22271544849371247
India,town,31_50,2050,0.21952123657774367
India,town,31_50,2055,0.21442382133873533
India,town,31_50,2060,0.20772004840056363
India,town,31_50,2065,0.19988995858736627
India,town,31_50,2070,0.19125409012957142
India,town,31_50,2075,0.18208006394544982
India,town,31_50,2080,0.1727823918776164
India,town,31_50,2085,0.16356029605341277
India,town,31_50,2090,0.15464518538318656
India,town,31_50,2095,0.1459667419327644
India,town,31_50,2100,0.13749999582159508
India,town,51+,2011,0.0762610743674654
India,town,51+,2012,0.07751970416999211
India,town,51+,2013,0.07903451517726648
India,town,51+,2014,0.08081109135111014
India,town,51+,2015,0.08269462252886876
India,town,51+,2016,0.08456038841508928
India,town,51+,2017,0.08598815907384909
India,town,51+,2018,0.08728712447648908
India,town,51+,2019,0.08795783848142628
India,town,51+,2020,0.08623845060340295
India,town,51+,2025,0.09213533288174594
India,town,51+,2030,0.09551468237512264
India,town,51+,2035,0.09703137462931345
India,town,51+,2040,0.09753155726663774
India,town,51+,2045,0.09705006992160796
India,town,51+,2050,0.09565816607351024
India,town,51+,2055,0.09343692588244557
India,town,51+,2060,0.09051570224579014
India,town,51+,2065,0.08710367686092005
India,town,51+,2070,0.08334052687141019
India,town,51+,2075,0.0793428702712359
India,town,51+,2080,0.07529133397056978
India,town,51+,2085,0.07127273063337022
India,town,51+,2090,0.06738789857633959
India,town,51+,2095,0.06360619618716758
India,town,51+,2100,0.05991674263711137
India,rural,No_travel,2011,0.0
India,rural,No_travel,2012,0.0
India,rural,No_travel,2013,0.0
India,rural,No_travel,2014,0.0
India,rural,No_travel,2015,0.0
India,rural,No_travel,2016,0.0
India,rural,No_travel,2017,0.0
India,rural,No_travel,2018,0.0
India,rural,No_travel,2019,0.0
India,rural,No_travel,2020,0.0
India,rural,No_travel,2025,0.0
India,rural,No_travel,2030,0.0
India,rural,No_travel,2035,0.0
India,rural,No_travel,2040,0.0
India,rural,No_travel,2045,0.0
India,rural,No_travel,2050,0.0
India,rural,No_travel,2055,0.0
India,rural,No_travel,2060,0.0
India,rural,No_travel,2065,0.0
India,rural,No_travel,2070,0.0
India,rural,No_travel,2075,0.0
India,rural,No_travel,2080,0.0
India,rural,No_travel,2085,0.0
India,rural,No_travel,2090,0.0
India,rural,No_travel,2095,0.0
India,rural,No_travel,2100,0.0
India,rural,00_01,2011,0.0478840154180537
India,rural,00_01,2012,0.048674303902312484
India,rural,00_01,2013,0.04962544751298666
India,rural,00_01,2014,0.05074095239677268
India,rural,00_01,2015,0.05192361388829051
India,rural,00_01,2016,0.05309512062620734
India,rural,00_01,2017,0.053991611959493174
India,rural,00_01,2018,0.05480722700141904
India,rural,00_01,2019,0.05522836557073376
India,rural,00_01,2020,0.0541487689830412
India,rural,00_01,2025,0.05785139714920151
India,rural,00_01,2030,0.05997327681829881
India,rural,00_01,2035,0.06092560165618621
India,rural,00_01,2040,0.061239664280088826
India,rural,00_01,2045,0.06093734035344297
India,rural,00_01,2050,0.060063369643279546
India,rural,00_01,2055,0.0586686620491584
India,rural,00_01,2060,0.05683443772413543
India,rural,00_01,2065,0.054692040996957764
India,rural,00_01,2070,0.05232917457247144
India,rural,00_01,2075,0.04981906241018468
India,rural,00_01,2080,0.04727511940522399
India,rural,00_01,2085,0.04475185487277991
India,rural,00_01,2090,0.04231258477780254
India,rural,00_01,2095,0.039938069377756485
India,rural,00_01,2100,0.03762147664495789
India,rural,02_05,2011,0.123784799035439
India,rural,02_05,2012,0.12582777100322246
India,rural,02_05,2013,0.1282865689898415
India,rural,02_05,2014,0.1311702567227304
India,rural,02_05,2015,0.13422755076493578
India,rural,02_05,2016,0.13725600869302806
India,rural,02_05,2017,0.13957352527051123
India,rural,02_05,2018,0.141681968833016
India,rural,02_05,2019,0.14277065266025077
India,rural,02_05,2020,0.13997979133669342
India,rural,02_05,2025,0.14955144232397272
India,rural,02_05,2030,0.1550367059578484
India,rural,02_05,2035,0.1574985575307619
India,rural,02_05,2040,0.15831043970991746
India,rural,02_05,2045,0.15752890319555585
India,rural,02_05,2050,0.1552696046013187
India,rural,02_05,2055,0.15166415092864288
India,rural,02_05,2060,0.1469225041081618
India,rural,02_05,2065,0.14138420189994969
India,rural,02_05,2070,0.13527596425636332
India,rural,02_05,2075,0.12878708217635443
India,rural,02_05,2080,0.12221074410450714
India,rural,02_05,2085,0.11568786187888493
India,rural,02_05,2090,0.10938211337672217
India,rural,02_05,2095,0.10324376200758376
India,rural,02_05,2100,0.09725514632084842
India,rural,06_10,2011,0.148707724813786
India,rural,06_10,2012,0.15116203031458053
India,rural,06_10,2013,0.15411588456175795
India,rural,06_10,2014,0.15758017618054193
India,rural,06_10,2015,0.1612530281352714
India,rural,06_10,2016,0.16489123809069525
India,rural,06_10,2017,0.16767536522214607
India,rural,06_10,2018,0.1702083244184412
India,rural,06_10,2019,0.1715162046771739
India,rural,06_10,2020,0.1681634292077224
India,rural,06_10,2025,0.1796622436996571
India,rural,06_10,2030,0.18625191449408093
India,rural,06_10,2035,0.18920943713894456
India,rural,06_10,2040,0.19018478429481397
India,rural,06_10,2045,0.1892458926230156
India,rural,06_10,2050,0.1865317051279274
India,rural,06_10,2055,0.18220032666495775
India,rural,06_10,2060,0.17650399305987274
India,rural,06_10,2065,0.16985060486413314
India,rural,06_10,2070,0.16251252999809407
India,rural,06_10,2075,0.1547171714547013
India,rural,06_10,2080,0.1468167484634202
India,rural,06_10,2085,0.13898054415918365
India,rural,06_10,2090,0.1314051914477728
India,rural,06_10,2095,0.12403093973572835
India,rural,06_10,2100,0.11683657160250062
India,rural,11_20,2011,0.227309082564942
India,rural,11_20,2012,0.2310606424278764
India,rural,11_20,2013,0.23557579387543734
India,rural,11_20,2014,0.24087118085408474
India,rural,11_20,2015,0.24648536538465873
India,rural,11_20,2016,0.2520465974469582
India,rural,11_20,2017,0.25630231035485673
India,rural,11_20,2018,0.2601740973235919
India,rural,11_20,2019,0.262173274313823
India,rural,11_20,2020,0.25704834676240224
India,rural,11_20,2025,0.27462500578276694
India,rural,11_20,2030,0.28469773081814187
India,rural,11_20,2035,0.2892184896416046
India,rural,11_20,2040,0.29070936893157173
India,rural,11_20,2045,0.2892742141350633
India,rural,11_20,2050,0.2851254083471307
India,rural,11_20,2055,0.27850462475372917
India,rural,11_20,2060,0.26979742163178555
India,rural,11_20,2065,0.2596273005528988
India,rural,11_20,2070,0.24841059296302131
India,rural,11_20,2075,0.236494898596893
India,rural,11_20,2080,0.2244186066337696
India,rural,11_20,2085,0.21244047696082927
India,rural,11_20,2090,0.2008610753050451
India,rural,11_20,2095,0.18958906913746518
India,rural,11_20,2100,0.17859202630027396
India,rural,21_30,2011,0.153212938930544
India,rural,21_30,2012,0.155741599491258
India,rural,21_30,2013,0.15878494300921736
India,rural,21_30,2014,0.16235418798886445
India,rural,21_30,2015,0.1661383117991477
India,rural,21_30,2016,0.16988674410429433
India,rural,21_30,2017,0.17275521849390654
India,rural,21_30,2018,0.1753649156239076
India,rural,21_30,2019,0.17671241911413046
India,rural,21_30,2020,0.17325806875074384
India,rural,21_30,2025,0.1851052486113231
India,rural,21_30,2030,0.19189455851612267
India,rural,21_30,2035,0.19494168156867833
India,rural,21_30,2040,0.19594657761167428
India,rural,21_30,2045,0.1949792414994866
India,rural,21_30,2050,0.1921828256209455
India,rural,21_30,2055,0.1877202247388256
India,rural,21_30,2060,0.18185131635591026
India,rural,21_30,2065,0.17499635868245017
India,rural,21_30,2070,0.16743597123300158
India,rural,21_30,2075,0.15940444634788808
India,rural,21_30,2080,0.15126467400718177
India,rural,21_30,2085,0.14319106590769887
India,rural,21_30,2090,0.13538621209930327
India,rural,21_30,2095,0.1277885517986651
India,rural,21_30,2100,0.1203762247872718
India,rural,31_50,2011,0.152668305095647
India,rural,31_50,2012,0.15518797689791833
India,rural,31_50,2013,0.15822050208772173
India,rural,31_50,2014,0.16177705929051053
India,rural,31_50,2015,0.1655477314832156
India,rural,31_50,2016,0.16928283904519462
India,rural,31_50,2017,0.1721411167228449
India,rural,31_50,2018,0.17474153702958445
India,rural,31_50,2019,0.17608425048054213
India,rural,31_50,2020,0.17264217947227145
India,rural,31_50,2025,0.18444724555939776
India,rural,31_50,2030,0.19121242115859907
India,rural,31_50,2035,0.1942487124476947
India,rural,31_50,2040,0.195250036335562
India,rural,31_50,2045,0.19428613886230453
India,rural,31_50,2050,0.1914996635456672
India,rural,31_50,2055,0.18705292609811758
India,rural,31_50,2060,0.18120488022264813
India,rural,31_50,2065,0.174374290216252
India,rural,31_50,2070,0.16684077806100925
India,rural,31_50,2075,0.15883780324633226
India,rural,31_50,2080,0.15072696576880432
India,rural,31_50,2085,0.1426820573351027
India,rural,31_50,2090,0.13490494783792617
India,rural,31_50,2095,0.12733429532719576
India,rural,31_50,2100,0.11994831729203058
India,rural,51+,2011,0.0512532102732799
India,rural,51+,2012,0.052099104701861916
India,rural,51+,2013,0.05311717227728064
India,rural,51+,2014,0.05431116584424452
India,rural,51+,2015,0.05557704126379048
India,rural,51+,2016,0.056830977063677
India,rural,51+,2017,0.05779054694126392
India,rural,51+,2018,0.05866354994405961
India,rural,51+,2019,0.059114320487399175
India,rural,51+,2020,0.05795876178088225
India,rural,51+,2025,0.061921912705197465
India,rural,51+,2030,0.06419309117478417
India,rural,51+,2035,0.06521242309042605
India,rural,51+,2040,0.06554858365593681
India,rural,51+,2045,0.06522498774093796
India,rural,51+,2050,0.06428952307303952
India,rural,51+,2055,0.06279668165263767
India,rural,51+,2060,0.06083339841087088
India,rural,51+,2065,0.05854025927063446
India,rural,51+,2070,0.05601113783742627
India,rural,51+,2075,0.053324410224046236
India,rural,51+,2080,0.05060147137653825
India,rural,51+,2085,0.047900665971490564
India,rural,51+,2090,0.04528976498501936
India,rural,51+,2095,0.04274817493595642
India,rural,51+,2100,0.04026858308437347
Maldives,large_city,No_travel,2011,0.0
Maldives,large_city,No_travel,2012,0.0
Maldives,large_city,No_travel,2013,0.0
Maldives,large_city,No_travel,2014,0.0
Maldives,large_city,No_travel,2015,0.0
Maldives,large_city,No_travel,2016,0.0
Maldives,large_city,No_travel,2017,0.0
Maldives,large_city,No_travel,2018,0.0
Maldives,large_city,No_travel,2019,0.0
Maldives,large_city,No_travel,2020,0.0
Maldives,large_city,No_travel,2025,0.0
Maldives,large_city,No_travel,2030,0.0
Maldives,large_city,No_travel,2035,0.0
Maldives,large_city,No_travel,2040,0.0
Maldives,large_city,No_travel,2045,0.0
Maldives,large_city,No_travel,2050,0.0
Maldives,large_city,No_travel,2055,0.0
Maldives,large_city,No_travel,2060,0.0
Maldives,large_city,No_travel,2065,0.0
Maldives,large_city,No_travel,2070,0.0
Maldives,large_city,No_travel,2075,0.0
Maldives,large_city,No_travel,2080,0.0
Maldives,large_city,No_travel,2085,0.0
Maldives,large_city,No_travel,2090,0.0
Maldives,large_city,No_travel,2095,0.0
Maldives,large_city,No_travel,2100,0.0
Maldives,large_city,00_01,2011,0.0918299625000023
Maldives,large_city,00_01,2012,0.09199235672265112
Maldives,large_city,00_01,2013,0.0917203853618191
Maldives,large_city,00_01,2014,0.09157033535634174
Maldives,large_city,00_01,2015,0.09169480117311062
Maldives,large_city,00_01,2016,0.09141693572395022
Maldives,large_city,00_01,2017,0.09121080076504891
Maldives,large_city,00_01,2018,0.09089710859555553
Maldives,large_city,00_01,2019,0.09043369112023888
Maldives,large_city,00_01,2020,0.09262589349148226
Maldives,large_city,00_01,2025,0.08886256798701674
Maldives,large_city,00_01,2030,0.08554179944174463
Maldives,large_city,00_01,2035,0.08208361195112054
Maldives,large_city,00_01,2040,0.07889103863743382
Maldives,large_city,00_01,2045,0.076176048141744
Maldives,large_city,00_01,2050,0.07387782242183485
Maldives,large_city,00_01,2055,0.07182478531416486
Maldives,large_city,00_01,2060,0.06992227815187206
Maldives,large_city,00_01,2065,0.06818657113896322
Maldives,large_city,00_01,2070,0.06673089811587858
Maldives,large_city,00_01,2075,0.06551750863219404
Maldives,large_city,00_01,2080,0.06440724105488156
Maldives,large_city,00_01,2085,0.06306402038923488
Maldives,large_city,00_01,2090,0.06154082627941376
Maldives,large_city,00_01,2095,0.06018025927099218
Maldives,large_city,00_01,2100,0.059149998648344825
Maldives,large_city,02_05,2011,0.218099182353909
Maldives,large_city,02_05,2012,0.21848487397584235
Maldives,large_city,02_05,2013,0.21783893304538468
Maldives,large_city,02_05,2014,0.2174825593453866
Maldives,large_city,02_05,2015,0.21777816975542355
Maldives,large_city,02_05,2016,0.21711823017125698
Maldives,large_city,02_05,2017,0.21662865286155336
Maldives,large_city,02_05,2018,0.2158836236378147
Maldives,large_city,02_05,2019,0.21478299188643973
Maldives,large_city,02_05,2020,0.2199895446466292
Maldives,large_city,02_05,2025,0.21105152275148226
Maldives,large_city,02_05,2030,0.20316458819555874
Maldives,large_city,02_05,2035,0.19495127912302582
Maldives,large_city,02_05,2040,0.18736881246003478
Maldives,large_city,02_05,2045,0.18092062070335657
Maldives,large_city,02_05,2050,0.17546225900167456
Maldives,large_city,02_05,2055,0.17058622832132828
Maldives,large_city,02_05,2060,0.16606771121403333
Maldives,large_city,02_05,2065,0.16194534994963278
Maldives,large_city,02_05,2070,0.1584880786248253
Maldives,large_city,02_05,2075,0.15560623867777726
Maldives,large_city,02_05,2080,0.15296931665131014
Maldives,large_city,02_05,2085,0.14977912337535831
Maldives,large_city,02_05,2090,0.14616148724795308
Maldives,large_city,02_05,2095,0.14293009583717642
Maldives,large_city,02_05,2100,0.14048319296045128
Maldives,large_city,06_10,2011,0.227649910037638
Maldives,large_city,06_10,2012,0.22805249138658096
Maldives,large_city,06_10,2013,0.2273782642156157
Maldives,large_city,06_10,2014,0.22700628464252084
Maldives,large_city,06_10,2015,0.22731484005536004
Maldives,large_city,06_10,2016,0.2266260012190823
Maldives,large_city,06_10,2017,0.22611498494975193
Maldives,large_city,06_10,2018,0.22533733033441136
Maldives,large_city,06_10,2019,0.2241885010885571
Maldives,large_city,06_10,2020,0.22962305272085073
Maldives,large_city,06_10,2025,0.2202936281059392
Maldives,large_city,06_10,2030,0.21206131873755635
Maldives,large_city,06_10,2035,0.203488342666333
Maldives,large_city,06_10,2040,0.1955738340695411
Maldives,large_city,06_10,2045,0.18884327113266944
Maldives,large_city,06_10,2050,0.18314588365542323
Maldives,large_city,06_10,2055,0.1780563279141259
Maldives,large_city,06_10,2060,0.1733399415348773
Maldives,large_city,06_10,2065,0.16903705896166069
Maldives,large_city,06_10,2070,0.16542839111809682
Maldives,large_city,06_10,2075,0.16242035322630963
Maldives,large_city,06_10,2080,0.15966795839556053
Maldives,large_city,06_10,2085,0.1563380641500396
Maldives,large_city,06_10,2090,0.15256200900822647
Maldives,large_city,06_10,2095,0.1491891125304854
Maldives,large_city,06_10,2100,0.14663505793135623
Maldives,large_city,11_20,2011,0.24573634096712
Maldives,large_city,11_20,2012,0.24617090677746667
Maldives,large_city,11_20,2013,0.2454431133074573
Maldives,large_city,11_20,2014,0.24504158053640665
Maldives,large_city,11_20,2015,0.24537465019641294
Maldives,large_city,11_20,2016,0.24463108418703058
Maldives,large_city,11_20,2017,0.24407946847069162
Maldives,large_city,11_20,2018,0.24324003040687517
Maldives,large_city,11_20,2019,0.2419999284660241
Maldives,large_city,11_20,2020,0.24786624676457267
Maldives,large_city,11_20,2025,0.23779561388877707
Maldives,large_city,11_20,2030,0.22890926035777293
Maldives,large_city,11_20,2035,0.2196551746847639
Maldives,large_city,11_20,2040,0.21111187070187673
Maldives,large_city,11_20,2045,0.20384657501833217
Maldives,large_city,11_20,2050,0.19769653897615275
Maldives,large_city,11_20,2055,0.19220262595502385
Maldives,large_city,11_20,2060,0.18711153002077952
Maldives,large_city,11_20,2065,0.1824667901261816
Maldives,large_city,11_20,2070,0.17857141924070016
Maldives,large_city,11_20,2075,0.17532439742155678
Maldives,large_city,11_20,2080,0.17235332910664608
Maldives,large_city,11_20,2085,0.1687588799475557
Maldives,large_city,11_20,2090,0.1646828231035806
Maldives,large_city,11_20,2095,0.16104195525186943
Maldives,large_city,11_20,2100,0.1582849849911894
Maldives,large_city,21_30,2011,0.151410352965953
Maldives,large_city,21_30,2012,0.15167811052461352
Maldives,large_city,21_30,2013,0.15122968085504676
Maldives,large_city,21_30,2014,0.15098227659097696
Maldives,large_city,21_30,2015,0.15118749733523207
Maldives,large_city,21_30,2016,0.15072934942153327
Maldives,large_city,21_30,2017,0.15038947160784177
Maldives,large_city,21_30,2018,0.14987225216428982
Maldives,large_city,21_30,2019,0.1491081638253854
Maldives,large_city,21_30,2020,0.15272269361246604
Maldives,large_city,21_30,2025,0.14651767699866874
Maldives,large_city,21_30,2030,0.14104235365245837
Maldives,large_city,21_30,2035,0.13534045228690111
Maldives,large_city,21_30,2040,0.13007649878920718
Maldives,large_city,21_30,2045,0.1255999896187761
Maldives,large_city,21_30,2050,0.12181064725193295
Maldives,large_city,21_30,2055,0.11842557483480654
Maldives,large_city,21_30,2060,0.11528869801246219
Maldives,large_city,21_30,2065,0.11242684329407437
Maldives,large_city,21_30,2070,0.11002671200546305
Maldives,large_city,21_30,2075,0.10802606074733094
Maldives,large_city,21_30,2080,0.10619543813581098
Maldives,large_city,21_30,2085,0.10398071965439244
Maldives,large_city,21_30,2090,0.10146925878121969
Maldives,large_city,21_30,2095,0.09922593944000863
Maldives,large_city,21_30,2100,0.09752723326312268
Maldives,large_city,31_50,2011,0.123613380885738
Maldives,large_city,31_50,2012,0.12383198163816596
Maldives,large_city,31_50,2013,0.12346587782519163
Maldives,large_city,31_50,2014,0.12326389376711276
Maldives,large_city,31_50,2015,0.12343143865112059
Maldives,large_city,31_50,2016,0.12305740073727467
Maldives,large_city,31_50,2017,0.12277992007089049
Maldives,large_city,31_50,2018,0.12235765539199053
Maldives,large_city,31_50,2019,0.1217338437369937
Maldives,large_city,31_50,2020,0.12468479285335776
Maldives,large_city,31_50,2025,0.11961893660866531
Maldives,large_city,31_50,2030,0.11514881143552165
Maldives,large_city,31_50,2035,0.11049370502128568
Maldives,large_city,31_50,2040,0.10619614494082294
Maldives,large_city,31_50,2045,0.1025414646479408
Maldives,large_city,31_50,2050,0.09944779626844515
Maldives,large_city,31_50,2055,0.0966841791324482
Maldives,large_city,31_50,2060,0.09412319210721296
Maldives,large_city,31_50,2065,0.0917867367036431
Maldives,large_city,31_50,2070,0.08982723831173588
Maldives,large_city,31_50,2075,0.0881938806109806
Maldives,large_city,31_50,2080,0.08669933650812954
Maldives,large_city,31_50,2085,0.08489121154285828
Maldives,large_city,31_50,2090,0.08284082223054395
Maldives,large_city,31_50,2095,0.08100934715145326
Maldives,large_city,31_50,2100,0.07962250134109065
Maldives,large_city,51+,2011,0.0823319043773287
Maldives,large_city,51+,2012,0.08247750201503384
Maldives,large_city,51+,2013,0.08223366090409585
Maldives,large_city,51+,2014,0.0820991307097404
Maldives,large_city,51+,2015,0.08221072291173505
Maldives,large_city,51+,2016,0.08196159734348672
Maldives,large_city,51+,2017,0.08177678311441537
Maldives,large_city,51+,2018,0.08149553641671967
Maldives,large_city,51+,2019,0.08108005064033648
Maldives,large_city,51+,2020,0.08304551148874921
Maldives,large_city,51+,2025,0.0796714302287856
Maldives,large_city,51+,2030,0.0766941318515966
Maldives,large_city,51+,2035,0.0735936278979232
Maldives,large_city,51+,2040,0.07073126540071474
Maldives,large_city,51+,2045,0.06829708888804889
Maldives,large_city,51+,2050,0.06623657078417759
Maldives,large_city,51+,2055,0.06439588120715867
Maldives,large_city,51+,2060,0.06269015212376641
Maldives,large_city,51+,2065,0.06113397089572915
Maldives,large_city,51+,2070,0.059828859482433536
Maldives,large_city,51+,2075,0.05874097199752718
Maldives,large_city,51+,2080,0.05774554042465099
Maldives,large_city,51+,2085,0.0565412503172509
Maldives,large_city,51+,2090,0.055175601585793564
Maldives,large_city,51+,2095,0.053955759283927096
Maldives,large_city,51+,2100,0.05303205947225042
Maldives,city,No_travel,2011,0.0
Maldives,city,No_travel,2012,0.0
Maldives,city,No_travel,2013,0.0
Maldives,city,No_travel,2014,0.0
Maldives,city,No_travel,2015,0.0
Maldives,city,No_travel,2016,0.0
Maldives,city,No_travel,2017,0.0
Maldives,city,No_travel,2018,0.0
Maldives,city,No_travel,2019,0.0
Maldives,city,No_travel,2020,0.0
Maldives,city,No_travel,2025,0.0
Maldives,city,No_travel,2030,0.0
Maldives,city,No_travel,2035,0.0
Maldives,city,No_travel,2040,0.0
Maldives,city,No_travel,2045,0.0
Maldives,city,No_travel,2050,0.0
Maldives,city,No_travel,2055,0.0
Maldives,city,No_travel,2060,0.0
Maldives,city,No_travel,2065,0.0
Maldives,city,No_travel,2070,0.0
Maldives,city,No_travel,2075,0.0
Maldives,city,No_travel,2080,0.0
Maldives,city,No_travel,2085,0.0
Maldives,city,No_travel,2090,0.0
Maldives,city,No_travel,2095,0.0
Maldives,city,No_travel,2100,0.0
Maldives,city,00_01,2011,0.14143918779263
Maldives,city,00_01,2012,0.14168931211293193
Maldives,city,00_01,2013,0.14127041388699685
Maldives,city,00_01,2014,0.14103930249018018
Maldives,city,00_01,2015,0.14123100837301483
Maldives,city,00_01,2016,0.14080303190024998
Maldives,city,00_01,2017,0.14048553682164022
Maldives,city,00_01,2018,0.14000237898881357
Maldives,city,00_01,2019,0.1392886098710521
Maldives,city,00_01,2020,0.14266510393055618
Maldives,city,00_01,2025,0.13686872017671461
Maldives,city,00_01,2030,0.13175397556500262
Maldives,city,00_01,2035,0.1264275742838468
Maldives,city,00_01,2040,0.12151027970849224
Maldives,city,00_01,2045,0.11732857212503255
Maldives,city,00_01,2050,0.11378877781020774
Maldives,city,00_01,2055,0.11062663015042877
Maldives,city,00_01,2060,0.10769633310490456
Maldives,city,00_01,2065,0.10502294651660238
Maldives,city,00_01,2070,0.10278087645067234
Maldives,city,00_01,2075,0.10091197856183287
Maldives,city,00_01,2080,0.09920191204223082
Maldives,city,00_01,2085,0.0971330443785275
Maldives,city,00_01,2090,0.09478697636457604
Maldives,city,00_01,2095,0.09269139135757365
Maldives,city,00_01,2100,0.09110455388410776
Maldives,city,02_05,2011,0.288371801420151
Maldives,city,02_05,2012,0.2888817647616417
Maldives,city,02_05,2013,0.28802769851656596
Maldives,city,02_05,2014,0.28755649947428596
Maldives,city,02_05,2015,0.2879473569985594
Maldives,city,02_05,2016,0.28707478166535266
Maldives,city,02_05,2017,0.2864274601613932
Maldives,city,02_05,2018,0.28544237889221374
Maldives,city,02_05,2019,0.28398711822860806
Maldives,city,02_05,2020,0.29087124765284655
Maldives,city,02_05,2025,0.2790533515598029
Maldives,city,02_05,2030,0.26862520826725317
Maldives,city,02_05,2035,0.25776553099884664
Maldives,city,02_05,2040,0.24773995663760567
Maldives,city,02_05,2045,0.23921412608332834
Maldives,city,02_05,2050,0.23199705364991308
Maldives,city,02_05,2055,0.2255499421298447
Maldives,city,02_05,2060,0.2195755367977604
Maldives,city,02_05,2065,0.21412493065109994
Maldives,city,02_05,2070,0.2095537096626821
Maldives,city,02_05,2075,0.20574332684526156
Maldives,city,02_05,2080,0.20225677569559758
Maldives,city,02_05,2085,0.1980386866044984
Maldives,city,02_05,2090,0.193255430492838
Maldives,city,02_05,2095,0.1889828690271688
Maldives,city,02_05,2100,0.18574756212300825
Maldives,city,06_10,2011,0.300942920069744
Maldives,city,06_10,2012,0.30147511446725767
Maldives,city,06_10,2013,0.3005838165370845
Maldives,city,06_10,2014,0.30009207630790996
Maldives,city,06_10,2015,0.30049997265598144
Maldives,city,06_10,2016,0.2995893587628655
Maldives,city,06_10,2017,0.2989138182881515
Maldives,city,06_10,2018,0.297885793938361
Maldives,city,06_10,2019,0.2963670934572067
Maldives,city,06_10,2020,0.3035513257603156
Maldives,city,06_10,2025,0.29121824693011605
Maldives,city,06_10,2030,0.28033550500489834
Maldives,city,06_10,2035,0.26900241705359873
Maldives,city,06_10,2040,0.25853979342400074
Maldives,city,06_10,2045,0.24964229259212928
Maldives,city,06_10,2050,0.24211060314894967
Maldives,city,06_10,2055,0.23538243986353252
Maldives,city,06_10,2060,0.22914758965465887
Maldives,city,06_10,2065,0.2234593728392561
Maldives,city,06_10,2070,0.2186888766057002
Maldives,city,06_10,2075,0.2147123860958414
Maldives,city,06_10,2080,0.21107384418992298
Maldives,city,06_10,2085,0.20667187408765134
Maldives,city,06_10,2090,0.2016800993905573
Maldives,city,06_10,2095,0.1972212822755559
Maldives,city,06_10,2100,0.19384493721593163
Maldives,city,11_20,2011,0.352477571210292
Maldives,city,11_20,2012,0.3531009006729152
Maldives,city,11_20,2013,0.3520569733740793
Maldives,city,11_20,2014,0.3514810256109432
Maldives,city,11_20,2015,0.3519587717364891
Maldives,city,11_20,2016,0.3508922207331245
Maldives,city,11_20,2017,0.3501009980463563
Maldives,city,11_20,2018,0.3488969307571999
Maldives,city,11_20,2019,0.34711816202301893
Maldives,city,11_20,2020,0.3555326505666388
Maldives,city,11_20,2025,0.3410876067337207
Maldives,city,11_20,2030,0.32834126121072194
Maldives,city,11_20,2035,0.31506745063408187
Maldives,city,11_20,2040,0.30281316611862147
Maldives,city,11_20,2045,0.29239202219427596
Maldives,city,11_20,2050,0.2835705765811779
Maldives,city,11_20,2055,0.27569025611043724
Maldives,city,11_20,2060,0.268387725590781
Maldives,city,11_20,2065,0.2617254361202527
Maldives,city,11_20,2070,0.25613802131919355
Maldives,city,11_20,2075,0.2514805809097931
Maldives,city,11_20,2080,0.24721896075455643
Maldives,city,11_20,2085,0.24206317995124182
Maldives,city,11_20,2090,0.23621659409086362
Maldives,city,11_20,2095,0.23099423156842133
Maldives,city,11_20,2100,0.2270397078803132
Maldives,city,21_30,2011,0.15857884585093
Maldives,city,21_30,2012,0.15885928033766417
Maldives,city,21_30,2013,0.15838961985506028
Maldives,city,21_30,2014,0.15813050228557934
Maldives,city,21_30,2015,0.15834543916493507
Maldives,city,21_30,2016,0.15786560032987398
Maldives,city,21_30,2017,0.15750963106905563
Maldives,city,21_30,2018,0.15696792397437254
Maldives,city,21_30,2019,0.1561676600258507
Maldives,city,21_30,2020,0.159953319002935
Maldives,city,21_30,2025,0.15345452711832
Maldives,city,21_30,2030,0.14771997568313555
Maldives,city,21_30,2035,0.14174811893758502
Maldives,city,21_30,2040,0.13623494461412924
Maldives,city,21_30,2045,0.13154649601215224
Maldives,city,21_30,2050,0.12757774798867239
Maldives,city,21_30,2055,0.12403240999484025
Maldives,city,21_30,2060,0.12074701836659567
Maldives,city,21_30,2065,0.1177496697088257
Maldives,city,21_30,2070,0.1152359046842882
Maldives,city,21_30,2075,0.11314053299239245
Maldives,city,21_30,2080,0.11122323991938357
Maldives,city,21_30,2085,0.10890366603432004
Maldives,city,21_30,2090,0.10627330054830167
Maldives,city,21_30,2095,0.10392377170145778
Maldives,city,21_30,2100,0.10214464062030251
Maldives,city,31_50,2011,0.235491949480815
Maldives,city,31_50,2012,0.2359083988730925
Maldives,city,31_50,2013,0.23521094605680412
Maldives,city,31_50,2014,0.23482615260434606
Maldives,city,31_50,2015,0.2351453370735178
Maldives,city,31_50,2016,0.23443276925213663
Maldives,city,31_50,2017,0.2339041495946058
Maldives,city,31_50,2018,0.2330997064856275
Maldives,city,31_50,2019,0.23191130259527645
Maldives,city,31_50,2020,0.23753306259611012
Maldives,city,31_50,2025,0.22788225979220572
Maldives,city,31_50,2030,0.2193663654456227
Maldives,city,31_50,2035,0.2104980691764479
Maldives,city,31_50,2040,0.20231092314009302
Maldives,city,31_50,2045,0.19534850709149815
Maldives,city,31_50,2050,0.18945485712808516
Maldives,city,31_50,2055,0.18418997736902346
Maldives,city,31_50,2060,0.17931112183699016
Maldives,city,31_50,2065,0.1748600144089825
Maldives,city,31_50,2070,0.17112703588345143
Maldives,city,31_50,2075,0.16801537769245098
Maldives,city,31_50,2080,0.1651681689045061
Maldives,city,31_50,2085,0.16172356711523667
Maldives,city,31_50,2090,0.1578174351666424
Maldives,city,31_50,2095,0.15432834981269303
Maldives,city,31_50,2100,0.15168631364175877
Maldives,city,51+,2011,0.100050611660432
Maldives,city,51+,2012,0.10022754346856742
Maldives,city,51+,2013,0.09993122513994605
Maldives,city,51+,2014,0.09976774260745934
Maldives,city,51+,2015,0.09990335064605067
Maldives,city,51+,2016,0.09960061058832935
Maldives,city,51+,2017,0.0993760223585054
Maldives,city,51+,2018,0.0990342483603847
Maldives,city,51+,2019,0.09852934559665372
Maldives,city,51+,2020,0.1009177946622443
Maldives,city,51+,2025,0.09681757499157777
Maldives,city,51+,2030,0.09319953012809229
Maldives,city,51+,2035,0.08943176452900055
Maldives,city,51+,2040,0.08595339097739292
Maldives,city,51+,2045,0.08299535361844246
Maldives,city,51+,2050,0.08049138995831746
Maldives,city,51+,2055,0.07825456427754969
Maldives,city,51+,2060,0.0761817440335499
Maldives,city,51+,2065,0.07429065594446538
Maldives,city,51+,2070,0.07270467058225635
Maldives,city,51+,2075,0.07138265806346683
Maldives,city,51+,2080,0.07017299895882705
Maldives,city,51+,2085,0.06870953272695442
Maldives,city,51+,2090,0.06704998176759115
Maldives,city,51+,2095,0.06556761634249823
Maldives,city,51+,2100,0.06444512644204202
Maldives,town,No_travel,2011,0.0
Maldives,town,No_travel,2012,0.0
Maldives,town,No_travel,2013,0.0
Maldives,town,No_travel,2014,0.0
Maldives,town,No_travel,2015,0.0
Maldives,town,No_travel,2016,0.0
Maldives,town,No_travel,2017,0.0
Maldives,town,No_travel,2018,0.0
Maldives,town,No_travel,2019,0.0
Maldives,town,No_travel,2020,0.0
Maldives,town,No_travel,2025,0.0
Maldives,town,No_travel,2030,0.0
Maldives,town,No_travel,2035,0.0
Maldives,town,No_travel,2040,0.0
Maldives,town,No_travel,2045,0.0
Maldives,town,No_travel,2050,0.0
Maldives,town,No_travel,2055,0.0
Maldives,town,No_travel,2060,0.0
Maldives,town,No_travel,2065,0.0
Maldives,town,No_travel,2070,0.0
Maldives,town,No_travel,2075,0.0
Maldives,town,No_travel,2080,0.0
Maldives,town,No_travel,2085,0.0
Maldives,town,No_travel,2090,0.0
Maldives,town,No_travel,2095,0.0
Maldives,town,No_travel,2100,0.0
Maldives,town,00_01,2011,0.136283799718559
Maldives,town,00_01,2012,0.13652480713174314
Maldives,town,00_01,2013,0.13612117753787487
Maldives,town,00_01,2014,0.13589849003656782
Maldives,town,00_01,2015,0.1360832083352858
Maldives,town,00_01,2016,0.13567083139217118
Maldives,town,00_01,2017,0.13536490885132402
Maldives,town,00_01,2018,0.1348993618812867
Maldives,town,00_01,2019,0.1342116092929947
Maldives,town,00_01,2020,0.1374650318227608
Maldives,town,00_01,2025,0.13187992337489104
Maldives,town,00_01,2030,0.12695160866131874
Maldives,town,00_01,2035,0.121819352058672
Maldives,town,00_01,2040,0.11708129042580041
Maldives,town,00_01,2045,0.11305200400468951
Maldives,town,00_01,2050,0.10964123343271925
Maldives,town,00_01,2055,0.1065943444829774
Maldives,town,00_01,2060,0.1037708553078726
Maldives,town,00_01,2065,0.10119491233155524
Maldives,town,00_01,2070,0.09903456460481223
Maldives,town,00_01,2075,0.09723378711483921
Maldives,town,00_01,2080,0.09558605166966293
Maldives,town,00_01,2085,0.09359259320369855
Maldives,town,00_01,2090,0.09133203820243362
Maldives,town,00_01,2095,0.08931283622705002
Maldives,town,00_01,2100,0.08778383819054549
Maldives,town,02_05,2011,0.261285967590787
Maldives,town,02_05,2012,0.2617480317193218
Maldives,town,02_05,2013,0.26097418516382553
Maldives,town,02_05,2014,0.26054724432882137
Maldives,town,02_05,2015,0.2609013898656491
Maldives,town,02_05,2016,0.2601107727210116
Maldives,town,02_05,2017,0.25952425203947677
Maldives,town,02_05,2018,0.2586316962788041
Maldives,town,02_05,2019,0.2573131235587446
Maldives,town,02_05,2020,0.26355064889504354
Maldives,town,02_05,2025,0.2528427696906571
Maldives,town,02_05,2030,0.24339410828565594
Maldives,town,02_05,2035,0.23355444550023288
Maldives,town,02_05,2040,0.22447054102438013
Maldives,town,02_05,2045,0.21674551425366695
Maldives,town,02_05,2050,0.21020631817190355
Maldives,town,02_05,2055,0.20436476305662918
Maldives,town,02_05,2060,0.1989515143607249
Maldives,town,02_05,2065,0.19401286608106355
Maldives,town,02_05,2070,0.18987100514615937
Maldives,town,02_05,2075,0.18641851930517914
Maldives,town,02_05,2080,0.1832594486671751
Maldives,town,02_05,2085,0.17943755108868678
Maldives,town,02_05,2090,0.17510357080623606
Maldives,town,02_05,2095,0.17123231726774607
Maldives,town,02_05,2100,0.1683008923130741
Maldives,town,06_10,2011,0.234847781523163
Maldives,town,06_10,2012,0.2352630917539741
Maldives,town,06_10,2013,0.2345675467598309
Maldives,town,06_10,2014,0.23418380587674062
Maldives,town,06_10,2015,0.23450211724427103
Maldives,town,06_10,2016,0.2337914985908304
Maldives,town,06_10,2017,0.2332643249268714
Maldives,town,06_10,2018,0.23246208230277465
Maldives,town,06_10,2019,0.23127692918897286
Maldives,town,06_10,2020,0.2368833113492216
Maldives,town,06_10,2025,0.22725890748568692
Maldives,town,06_10,2030,0.21876630763507676
Maldives,town,06_10,2035,0.2099222698270008
Maldives,town,06_10,2040,0.2017575190239134
Maldives,town,06_10,2045,0.1948141480651241
Maldives,town,06_10,2050,0.1889366196738855
Maldives,town,06_10,2055,0.18368614154022608
Maldives,town,06_10,2060,0.1788206316975494
Maldives,town,06_10,2065,0.1743816998907785
Maldives,town,06_10,2070,0.170658932606685
Maldives,town,06_10,2075,0.16755578608882762
Maldives,town,06_10,2080,0.16471636559544647
Maldives,town,06_10,2085,0.1612811862178748
Maldives,town,06_10,2090,0.15738573915700257
Maldives,town,06_10,2095,0.1539061978957132
Maldives,town,06_10,2100,0.1512713887873092
Maldives,town,11_20,2011,0.286274279539271
Maldives,town,11_20,2012,0.28678053357471317
Maldives,town,11_20,2013,0.28593267952732093
Maldives,town,11_20,2014,0.2854649078322939
Maldives,town,11_20,2015,0.28585292238715965
Maldives,town,11_20,2016,0.28498669388067144
Maldives,town,11_20,2017,0.28434408078097284
Maldives,town,11_20,2018,0.2833661646697817
Maldives,town,11_20,2019,0.28192148909483333
Maldives,town,11_20,2020,0.28875554562003297
Maldives,town,11_20,2025,0.27702360902621587
Maldives,town,11_20,2030,0.26667131662694127
Maldives,town,11_20,2035,0.2558906290883821
Maldives,town,11_20,2040,0.24593797746607585
Maldives,town,11_20,2045,0.23747416100628418
Maldives,town,11_20,2050,0.2303095831901319
Maldives,town,11_20,2055,0.22390936584423457
Maldives,town,11_20,2060,0.21797841637658494
Maldives,town,11_20,2065,0.21256745615092082
Maldives,town,11_20,2070,0.20802948472434754
Maldives,town,11_20,2075,0.2042468173815147
Maldives,town,11_20,2080,0.2007856262611227
Maldives,town,11_20,2085,0.19659821816629466
Maldives,town,11_20,2090,0.1918497538904055
Maldives,town,11_20,2095,0.18760826963519
Maldives,town,11_20,2100,0.1843964952920823
Maldives,town,21_30,2011,0.142215623076087
Maldives,town,21_30,2012,0.14246712046244342
Maldives,town,21_30,2013,0.14204592268029714
Maldives,town,21_30,2014,0.14181354258952303
Maldives,town,21_30,2015,0.14200630084839153
Maldives,town,21_30,2016,0.14157597498406746
Maldives,town,21_30,2017,0.14125673700530955
Maldives,town,21_30,2018,0.14077092686095075
Maldives,town,21_30,2019,0.140053239483081
Maldives,town,21_30,2020,0.14344826892279405
Maldives,town,21_30,2025,0.13762006572108107
Maldives,town,21_30,2030,0.13247724354300022
Maldives,town,21_30,2035,0.1271216027989128
Maldives,town,21_30,2040,0.12217731456595143
Maldives,town,21_30,2045,0.11797265135496326
Maldives,town,21_30,2050,0.11441342521756438
Maldives,town,21_30,2055,0.11123391883950605
Maldives,town,21_30,2060,0.10828753582761946
Maldives,town,21_30,2065,0.1055994735917413
Maldives,town,21_30,2070,0.10334509560511163
Maldives,town,21_30,2075,0.10146593833706673
Maldives,town,21_30,2080,0.0997464843485206
Maldives,town,21_30,2085,0.09766625956465864
Maldives,town,21_30,2090,0.09530731272969689
Maldives,town,21_30,2095,0.09320022393676138
Maldives,town,21_30,2100,0.09160467546443628
Maldives,town,31_50,2011,0.175007801582025
Maldives,town,31_50,2012,0.17531728941281216
Maldives,town,31_50,2013,0.17479897154948423
Maldives,town,31_50,2014,0.17451300909375567
Maldives,town,31_50,2015,0.17475021368767926
Maldives,town,31_50,2016,0.17422066298255773
Maldives,town,31_50,2017,0.17382781488587554
Maldives,town,31_50,2018,0.1732299862963612
Maldives,town,31_50,2019,0.17234681405756325
Maldives,town,31_50,2020,0.17652467177599798
Maldives,town,31_50,2025,0.16935259737627184
Maldives,town,31_50,2030,0.1630239396391983
Maldives,town,31_50,2035,0.1564333914813183
Maldives,town,31_50,2040,0.1503490457862219
Maldives,town,31_50,2045,0.14517486837145102
Maldives,town,31_50,2050,0.14079495336516365
Maldives,town,31_50,2055,0.13688231416769436
Maldives,town,31_50,2060,0.13325655208631584
Maldives,town,31_50,2065,0.12994867456736692
Maldives,town,31_50,2070,0.12717448051722458
Maldives,town,31_50,2075,0.12486202584315916
Maldives,town,31_50,2080,0.12274609894322983
Maldives,town,31_50,2085,0.12018621446397433
Maldives,town,31_50,2090,0.11728334000682232
Maldives,town,31_50,2095,0.11469039719636556
Maldives,town,31_50,2100,0.11272694603383203
Maldives,town,51+,2011,0.0762610743674654
Maldives,town,51+,2012,0.07639593620942976
Maldives,town,51+,2013,0.07617007498059357
Maldives,town,51+,2014,0.0760454645123431
Maldives,town,51+,2015,0.07614882834534935
Maldives,town,51+,2016,0.07591807231424927
Maldives,town,51+,2017,0.07574688555774256
Maldives,town,51+,2018,0.0754863768826331
Maldives,town,51+,2019,0.07510152738921962
Maldives,town,51+,2020,0.07692206290410585
Maldives,town,51+,2025,0.07379677309289616
Maldives,town,51+,2030,0.07103900895912414
Maldives,town,51+,2035,0.06816712394230172
Maldives,town,51+,2040,0.06551582076989061
Maldives,town,51+,2045,0.06326113083577725
Maldives,town,51+,2050,0.061352547212657406
Maldives,town,51+,2055,0.05964758282756161
Maldives,town,51+,2060,0.05806762748141581
Maldives,town,51+,2065,0.05662619292140965
Maldives,town,51+,2070,0.05541731527792627
Maldives,town,51+,2075,0.05440964432682503
Maldives,town,51+,2080,0.0534876119533368
Maldives,town,51+,2085,0.05237212145017129
Maldives,town,51+,2090,0.05110717027168038
Maldives,town,51+,2095,0.049977274331549124
Maldives,town,51+,2100,0.049121684502014144
Maldives,rural,No_travel,2011,0.0
Maldives,rural,No_travel,2012,0.0
Maldives,rural,No_travel,2013,0.0
Maldives,rural,No_travel,2014,0.0
Maldives,rural,No_travel,2015,0.0
Maldives,rural,No_travel,2016,0.0
Maldives,rural,No_travel,2017,0.0
Maldives,rural,No_travel,2018,0.0
Maldives,rural,No_travel,2019,0.0
Maldives,rural,No_travel,2020,0.0
Maldives,rural,No_travel,2025,0.0
Maldives,rural,No_travel,2030,0.0
Maldives,rural,No_travel,2035,0.0
Maldives,rural,No_travel,2040,0.0
Maldives,rural,No_travel,2045,0.0
Maldives,rural,No_travel,2050,0.0
Maldives,rural,No_travel,2055,0.0
Maldives,rural,No_travel,2060,0.0
Maldives,rural,No_travel,2065,0.0
Maldives,rural,No_travel,2070,0.0
Maldives,rural,No_travel,2075,0.0
Maldives,rural,No_travel,2080,0.0
Maldives,rural,No_travel,2085,0.0
Maldives,rural,No_travel,2090,0.0
Maldives,rural,No_travel,2095,0.0
Maldives,rural,No_travel,2100,0.0
Maldives,rural,00_01,2011,0.0478840154180537
Maldives,rural,00_01,2012,0.047968694614793195
Maldives,rural,00_01,2013,0.04782687727673919
Maldives,rural,00_01,2014,0.04774863487545588
Maldives,rural,00_01,2015,0.04781353660172176
Maldives,rural,00_01,2016,0.047668645837427484
Maldives,rural,00_01,2017,0.04756115837602042
Maldives,rural,00_01,2018,0.04739758604873625
Maldives,rural,00_01,2019,0.04715594063226276
Maldives,rural,00_01,2020,0.04829904740576394
Maldives,rural,00_01,2025,0.046336690767765996
Maldives,rural,00_01,2030,0.044605101993333104
Maldives,rural,00_01,2035,0.04280185718508699
Maldives,rural,00_01,2040,0.04113711481109509
Maldives,rural,00_01,2045,0.03972140426067994
Maldives,rural,00_01,2050,0.03852301244160134
Maldives,rural,00_01,2055,0.037452472305885796
Maldives,rural,00_01,2060,0.03646042483235901
Maldives,rural,00_01,2065,0.03555535399159341
Maldives,rural,00_01,2070,0.034796304683683395
Maldives,rural,00_01,2075,0.03416359223163536
Maldives,rural,00_01,2080,0.03358465189078317
Maldives,rural,00_01,2085,0.03288423998477077
Maldives,rural,00_01,2090,0.03208998233450372
Maldives,rural,00_01,2095,0.031380525313778565
Maldives,rural,00_01,2100,0.030843303973418567
Maldives,rural,02_05,2011,0.123784799035439
Maldives,rural,02_05,2012,0.1240037029276746
Maldives,rural,02_05,2013,0.12363709142825266
Maldives,rural,02_05,2014,0.12343482727320325
Maldives,rural,02_05,2015,0.12360260449641094
Maldives,rural,02_05,2016,0.12322804789367674
Maldives,rural,02_05,2017,0.12295018243705329
Maldives,rural,02_05,2018,0.12252733219185441
Maldives,rural,02_05,2019,0.12190265547970199
Maldives,rural,02_05,2020,0.12485769676014864
Maldives,rural,02_05,2025,0.11978481555021463
Maldives,rural,02_05,2030,0.11530849152885063
Maldives,rural,02_05,2035,0.110646929747708
Maldives,rural,02_05,2040,0.10634341011988929
Maldives,rural,02_05,2045,0.10268366177912215
Maldives,rural,02_05,2050,0.09958570332273028
Maldives,rural,02_05,2055,0.09681825380117329
Maldives,rural,02_05,2060,0.09425371538324796
Maldives,rural,02_05,2065,0.09191401995129875
Maldives,rural,02_05,2070,0.08995180426789544
Maldives,rural,02_05,2075,0.0883161815441074
Maldives,rural,02_05,2080,0.08681956491494146
Maldives,rural,02_05,2085,0.08500893257195953
Maldives,rural,02_05,2090,0.08295569992715508
Maldives,rural,02_05,2095,0.08112168509009458
Maldives,rural,02_05,2100,0.07973291610166637
Maldives,rural,06_10,2011,0.148707724813786
Maldives,rural,06_10,2012,0.14897070298251833
Maldives,rural,06_10,2013,0.14853027764439583
Maldives,rural,06_10,2014,0.14828728947021647
Maldives,rural,06_10,2015,0.14848884708741347
Maldives,rural,06_10,2016,0.1480388769728226
Maldives,rural,06_10,2017,0.14770506587339197
Maldives,rural,06_10,2018,0.14719707863755638
Maldives,rural,06_10,2019,0.1464466290400921
Maldives,rural,06_10,2020,0.14999664058408008
Maldives,rural,06_10,2025,0.1439023816051248
Maldives,rural,06_10,2030,0.13852479109374255
Maldives,rural,06_10,2035,0.13292466691085192
Maldives,rural,06_10,2040,0.12775467336131138
Maldives,rural,06_10,2045,0.1233580685003971
Maldives,rural,06_10,2050,0.11963636472733712
Maldives,rural,06_10,2055,0.11631171480994364
Maldives,rural,06_10,2060,0.11323083027243239
Maldives,rural,06_10,2065,0.11042005877905406
Maldives,rural,06_10,2070,0.10806276909448388
Maldives,rural,06_10,2075,0.10609782884492536
Maldives,rural,06_10,2080,0.10429988228302137
Maldives,rural,06_10,2085,0.10212469584415974
Maldives,rural,06_10,2090,0.09965806377381284
Maldives,rural,06_10,2095,0.09745478699169428
Maldives,rural,06_10,2100,0.09578640219670846
Maldives,rural,11_20,2011,0.227309082564942
Maldives,rural,11_20,2012,0.22771106118672516
Maldives,rural,11_20,2013,0.22703784343914452
Maldives,rural,11_20,2014,0.22666642077757126
Maldives,rural,11_20,2015,0.22697451423476317
Maldives,rural,11_20,2016,0.2262867066978153
Maldives,rural,11_20,2017,0.22577645549965739
Maldives,rural,11_20,2018,0.22499996515474036
Maldives,rural,11_20,2019,0.22385285588570644
Maldives,rural,11_20,2020,0.2292792711453665
Maldives,rural,11_20,2025,0.21996381413629623
Maldives,rural,11_20,2030,0.21174382982086867
Maldives,rural,11_20,2035,0.20318368883386456
Maldives,rural,11_20,2040,0.19528102949263454
Maldives,rural,11_20,2045,0.18856054325974758
Maldives,rural,11_20,2050,0.18287168566144804
Maldives,rural,11_20,2055,0.17778974978004947
Maldives,rural,11_20,2060,0.17308042456787814
Maldives,rural,11_20,2065,0.16878398408195466
Maldives,rural,11_20,2070,0.165180718977802
Maldives,rural,11_20,2075,0.1621771845885739
Maldives,rural,11_20,2080,0.15942891052279182
Maldives,rural,11_20,2085,0.15610400164906327
Maldives,rural,11_20,2090,0.15233359985159162
Maldives,rural,11_20,2095,0.14896575312670127
Maldives,rural,11_20,2100,0.14641552234623295
Maldives,rural,21_30,2011,0.153212938930544
Maldives,rural,21_30,2012,0.15348388422377948
Maldives,rural,21_30,2013,0.1530301158636104
Maldives,rural,21_30,2014,0.15277976617708264
Maldives,rural,21_30,2015,0.15298743013625665
Maldives,rural,21_30,2016,0.1525238278333251
Maldives,rural,21_30,2017,0.1521799036716486
Maldives,rural,21_30,2018,0.15165652657446665
Maldives,rural,21_30,2019,0.15088334153320046
Maldives,rural,21_30,2020,0.15454090338866455
Maldives,rural,21_30,2025,0.1482620141787139
Maldives,rural,21_30,2030,0.14272150545500367
Maldives,rural,21_30,2035,0.1369517212322197
Maldives,rural,21_30,2040,0.13162509877888748
Maldives,rural,21_30,2045,0.12709529541527265
Maldives,rural,21_30,2050,0.1232608397835061
Maldives,rural,21_30,2055,0.11983546705726139
Maldives,rural,21_30,2060,0.11666124476928776
Maldives,rural,21_30,2065,0.1137653188064506
Maldives,rural,21_30,2070,0.11133661323022105
Maldives,rural,21_30,2075,0.10931214361484119
Maldives,rural,21_30,2080,0.10745972688844502
Maldives,rural,21_30,2085,0.10521864151485615
Maldives,rural,21_30,2090,0.10267728094174927
Maldives,rural,21_30,2095,0.10040725420649711
Maldives,rural,21_30,2100,0.09868832441971637
Maldives,rural,31_50,2011,0.152668305095647
Maldives,rural,31_50,2012,0.15293828724585334
Maldives,rural,31_50,2013,0.15248613191917793
Maldives,rural,31_50,2014,0.15223667216342748
Maldives,rural,31_50,2015,0.15244359792895254
Maldives,rural,31_50,2016,0.15198164361673167
Maldives,rural,31_50,2017,0.15163894201978367
Maldives,rural,31_50,2018,0.15111742539781697
Maldives,rural,31_50,2019,0.1503469888367839
Maldives,rural,31_50,2020,0.1539915489708946
Maldives,rural,31_50,2025,0.14773497964811
Maldives,rural,31_50,2030,0.1422141660528565
Maldives,rural,31_50,2035,0.13646489197581946
Maldives,rural,31_50,2040,0.13115720433852862
Maldives,rural,31_50,2045,0.12664350329756668
Maldives,rural,31_50,2050,0.12282267820046677
Maldives,rural,31_50,2055,0.11940948182105587
Maldives,rural,31_50,2060,0.11624654310266573
Maldives,rural,31_50,2065,0.11336091143529557
Maldives,rural,31_50,2070,0.11094083930243608
Maldives,rural,31_50,2075,0.10892356617227447
Maldives,rural,31_50,2080,0.10707773432593194
Maldives,rural,31_50,2085,0.10484461545262606
Maldives,rural,31_50,2090,0.10231228878334252
Maldives,rural,31_50,2095,0.10005033142770522
Maldives,rural,31_50,2100,0.09833751200815735
Maldives,rural,51+,2011,0.0512532102732799
Maldives,rural,51+,2012,0.05134384763187171
Maldives,rural,51+,2013,0.05119205180221499
Maldives,rural,51+,2014,0.05110830414216081
Maldives,rural,51+,2015,0.05117777245626026
Maldives,rural,51+,2016,0.0510226869492451
Maldives,rural,51+,2017,0.05090763650050683
Maldives,rural,51+,2018,0.050732554966262215
Maldives,rural,51+,2019,0.05047390699712343
Maldives,rural,51+,2020,0.051697444566301
Maldives,rural,51+,2025,0.04959701341990731
Maldives,rural,51+,2030,0.04774358732796351
Maldives,rural,51+,2035,0.04581346337063991
Maldives,rural,51+,2040,0.04403158709731307
Maldives,rural,51+,2045,0.04251626491948311
Maldives,rural,51+,2050,0.04123355236171679
Maldives,rural,51+,2055,0.040087687333423286
Maldives,rural,51+,2060,0.039025837834841474
Maldives,rural,51+,2065,0.038057084782095525
Maldives,rural,51+,2070,0.037244627567585654
Maldives,rural,51+,2075,0.036567396469395136
Maldives,rural,51+,2080,0.03594772097296226
Maldives,rural,51+,2085,0.03519802698043991
Maldives,rural,51+,2090,0.03434788410906847
Maldives,rural,51+,2095,0.03358850857329476
Maldives,rural,51+,2100,0.03301348749203467
Nepal,large_city,No_travel,2011,0.0
Nepal,large_city,No_travel,2012,0.0
Nepal,large_city,No_travel,2013,0.0
Nepal,large_city,No_travel,2014,0.0
Nepal,large_city,No_travel,2015,0.0
Nepal,large_city,No_travel,2016,0.0
Nepal,large_city,No_travel,2017,0.0
Nepal,large_city,No_travel,2018,0.0
Nepal,large_city,No_travel,2019,0.0
Nepal,large_city,No_travel,2020,0.0
Nepal,large_city,No_travel,2025,0.0
Nepal,large_city,No_travel,2030,0.0
Nepal,large_city,No_travel,2035,0.0
Nepal,large_city,No_travel,2040,0.0
Nepal,large_city,No_travel,2045,0.0
Nepal,large_city,No_travel,2050,0.0
Nepal,large_city,No_travel,2055,0.0
Nepal,large_city,No_travel,2060,0.0
Nepal,large_city,No_travel,2065,0.0
Nepal,large_city,No_travel,2070,0.0
Nepal,large_city,No_travel,2075,0.0
Nepal,large_city,No_travel,2080,0.0
Nepal,large_city,No_travel,2085,0.0
Nepal,large_city,No_travel,2090,0.0
Nepal,large_city,No_travel,2095,0.0
Nepal,large_city,No_travel,2100,0.0
Nepal,large_city,00_01,2011,0.0918299625000023
Nepal,large_city,00_01,2012,0.09532091429699127
Nepal,large_city,00_01,2013,0.09799665942721418
Nepal,large_city,00_01,2014,0.10259043244042722
Nepal,large_city,00_01,2015,0.10541002270396692
Nepal,large_city,00_01,2016,0.10501381834696609
Nepal,large_city,00_01,2017,0.11137308790658165
Nepal,large_city,00_01,2018,0.1167412177054034
Nepal,large_city,00_01,2019,0.12142751928556647
Nepal,large_city,00_01,2020,0.11774209870758803
Nepal,large_city,00_01,2025,0.13193457017153581
Nepal,large_city,00_01,2030,0.14986807419648523
Nepal,large_city,00_01,2035,0.16908202737266406
Nepal,large_city,00_01,2040,0.18825519738363986
Nepal,large_city,00_01,2045,0.20534827621788465
Nepal,large_city,00_01,2050,0.21905045072594026
Nepal,large_city,00_01,2055,0.22877559329538347
Nepal,large_city,00_01,2060,0.23444820458627125
Nepal,large_city,00_01,2065,0.23625307559468728
Nepal,large_city,00_01,2070,0.23463061981466915
Nepal,large_city,00_01,2075,0.23021253718293558
Nepal,large_city,00_01,2080,0.22382569547558684
Nepal,large_city,00_01,2085,0.21615032784358357
Nepal,large_city,00_01,2090,0.20777577698521335
Nepal,large_city,00_01,2095,0.19895368189023524
Nepal,large_city,00_01,2100,0.190074338249772
Nepal,large_city,02_05,2011,0.218099182353909
Nepal,large_city,02_05,2012,0.22639030773207935
Nepal,large_city,02_05,2013,0.23274529045451112
Nepal,large_city,02_05,2014,0.24365565250656132
Nepal,large_city,02_05,2015,0.2503522721534553
Nepal,large_city,02_05,2016,0.24941127376954614
Nepal,large_city,02_05,2017,0.2645147482081883
Nepal,large_city,02_05,2018,0.27726423310417364
Nepal,large_city,02_05,2019,0.2883943535471323
Nepal,large_city,02_05,2020,0.2796413584156429
Nepal,large_city,02_05,2025,0.3133489451073844
Nepal,large_city,02_05,2030,0.35594160722005713
Nepal,large_city,02_05,2035,0.4015753781966138
Nepal,large_city,02_05,2040,0.4471122878139536
Nepal,large_city,02_05,2045,0.4877089124467864
Nepal,large_city,02_05,2050,0.5202520277363895
Nepal,large_city,02_05,2055,0.5433495613183149
Nepal,large_city,02_05,2060,0.5568221997760965
Nepal,large_city,02_05,2065,0.5611088278054808
Nepal,large_city,02_05,2070,0.557255441945421
Nepal,large_city,02_05,2075,0.5467623503300011
Nepal,large_city,02_05,2080,0.5315933911333056
Nepal,large_city,02_05,2085,0.5133641404700972
Nepal,large_city,02_05,2090,0.4934743066395354
Nepal,large_city,02_05,2095,0.47252154052179784
Nepal,large_city,02_05,2100,0.4514328072249247
Nepal,large_city,06_10,2011,0.227649910037638
Nepal,large_city,06_10,2012,0.23630411004921098
Nepal,large_city,06_10,2013,0.24293738225792913
Nepal,large_city,06_10,2014,0.254325517292736
Nepal,large_city,06_10,2015,0.2613153869644981
Nepal,large_city,06_10,2016,0.260333181551665
Nepal,large_city,06_10,2017,0.2760980485268806
Nepal,large_city,06_10,2018,0.2894058429820085
Nepal,large_city,06_10,2019,0.3010233597934015
Nepal,large_city,06_10,2020,0.2918870644036736
Nepal,large_city,06_10,2025,0.3270707317386067
Nepal,large_city,06_10,2030,0.3715285586481979
Nepal,large_city,06_10,2035,0.4191606668723996
Nepal,large_city,06_10,2040,0.4666916721054124
Nepal,large_city,06_10,2045,0.5090660535485279
Nepal,large_city,06_10,2050,0.5430342564003889
Nepal,large_city,06_10,2055,0.56714324839782
Nepal,large_city,06_10,2060,0.5812058638546113
Nepal,large_city,06_10,2065,0.5856802065583386
Nepal,large_city,06_10,2070,0.5816580780252778
Nepal,large_city,06_10,2075,0.5707054860142229
Nepal,large_city,06_10,2080,0.5548722666540109
Nepal,large_city,06_10,2085,0.5358447433559228
Nepal,large_city,06_10,2090,0.5150839187011861
Nepal,large_city,06_10,2095,0.49321361515276413
Nepal,large_city,06_10,2100,0.47120139031988695
Nepal,large_city,11_20,2011,0.24573634096712
Nepal,large_city,11_20,2012,0.25507810369608375
Nepal,large_city,11_20,2013,0.2622383790545927
Nepal,large_city,11_20,2014,0.2745312836879845
Nepal,large_city,11_20,2015,0.2820764876227977
Nepal,large_city,11_20,2016,0.2810162475190885
Nepal,large_city,11_20,2017,0.2980336086315193
Nepal,large_city,11_20,2018,0.31239868663750214
Nepal,large_city,11_20,2019,0.3249391970725105
Nepal,large_city,11_20,2020,0.31507703723816094
Nepal,large_city,11_20,2025,0.35305599216619665
Nepal,large_city,11_20,2030,0.40104592420836727
Nepal,large_city,11_20,2035,0.45246232927362734
Nepal,large_city,11_20,2040,0.5037695988724534
Nepal,large_city,11_20,2045,0.549510558949506
Nepal,large_city,11_20,2050,0.5861774826336188
Nepal,large_city,11_20,2055,0.6122018965105002
Nepal,large_city,11_20,2060,0.6273817648715647
Nepal,large_city,11_20,2065,0.6322115871371001
Nepal,large_city,11_20,2070,0.6278699067540487
Nepal,large_city,11_20,2075,0.6160471483595589
Nepal,large_city,11_20,2080,0.59895600437156
Nepal,large_city,11_20,2085,0.5784167739709606
Nepal,large_city,11_20,2090,0.5560065341194644
Nepal,large_city,11_20,2095,0.5323986690035024
Nepal,large_city,11_20,2100,0.5086376071779894
Nepal,large_city,21_30,2011,0.151410352965953
Nepal,large_city,21_30,2012,0.15716627651616913
Nepal,large_city,21_30,2013,0.1615780774532976
Nepal,large_city,21_30,2014,0.16915234596479828
Nepal,large_city,21_30,2015,0.17380132049772265
Nepal,large_city,21_30,2016,0.17314805396132235
Nepal,large_city,21_30,2017,0.18363329453437616
Nepal,large_city,21_30,2018,0.1924843318807829
Nepal,large_city,21_30,2019,0.2002111626127172
Nepal,large_city,21_30,2020,0.19413459658406737
Nepal,large_city,21_30,2025,0.21753531520916208
Nepal,large_city,21_30,2030,0.24710429357321032
Nepal,large_city,21_30,2035,0.2787844919864075
Nepal,large_city,21_30,2040,0.31039744662349555
Nepal,large_city,21_30,2045,0.33858072176713727
Nepal,large_city,21_30,2050,0.3611730328406143
Nepal,large_city,21_30,2055,0.37720796554663144
Nepal,large_city,21_30,2060,0.3865610356602335
Nepal,large_city,21_30,2065,0.38953692881103685
Nepal,large_city,21_30,2070,0.3868618040953517
Nepal,large_city,21_30,2075,0.37957721601002486
Nepal,large_city,21_30,2080,0.36904651414626966
Nepal,large_city,21_30,2085,0.35639127515164376
Nepal,large_city,21_30,2090,0.3425832143959059
Nepal,large_city,21_30,2095,0.3280372372892529
Nepal,large_city,21_30,2100,0.3133968680883127
Nepal,large_city,31_50,2011,0.123613380885738
Nepal,large_city,31_50,2012,0.12831259171395692
Nepal,large_city,31_50,2013,0.1319144433637972
Nepal,large_city,31_50,2014,0.13809817466157392
Nepal,large_city,31_50,2015,0.14189365791888925
Nepal,large_city,31_50,2016,0.1413603226244255
Nepal,large_city,31_50,2017,0.14992060936338414
Nepal,large_city,31_50,2018,0.15714671133925956
Nepal,large_city,31_50,2019,0.1634549964174999
Nepal,large_city,31_50,2020,0.15849400890071008
Nepal,large_city,31_50,2025,0.17759865985581533
Nepal,large_city,31_50,2030,0.20173915826505656
Nepal,large_city,31_50,2035,0.2276032841737181
Nepal,large_city,31_50,2040,0.253412511389222
Nepal,large_city,31_50,2045,0.2764217036716145
Nepal,large_city,31_50,2050,0.2948663601902
Nepal,large_city,31_50,2055,0.3079574877467931
Nepal,large_city,31_50,2060,0.315593455801525
Nepal,large_city,31_50,2065,0.31802301366411206
Nepal,large_city,31_50,2070,0.3158390070627194
Nepal,large_city,31_50,2075,0.3098917746314622
Nepal,large_city,31_50,2080,0.30129437270366116
Nepal,large_city,31_50,2085,0.29096247103776574
Nepal,large_city,31_50,2090,0.2796893906964482
Nepal,large_city,31_50,2095,0.2678138658514315
Nepal,large_city,31_50,2100,0.25586127807329856
Nepal,large_city,51+,2011,0.0823319043773287
Nepal,large_city,51+,2012,0.08546178379479608
Nepal,large_city,51+,2013,0.087860774126515
Nepal,large_city,51+,2014,0.0919794089397983
Nepal,large_city,51+,2015,0.09450736636938988
Nepal,large_city,51+,2016,0.09415214179620689
Nepal,large_city,51+,2017,0.0998536662119651
Nepal,large_city,51+,2018,0.10466656537090432
Nepal,large_city,51+,2019,0.1088681584357093
Nepal,large_city,51+,2020,0.10556392432348963
Nepal,large_city,51+,2025,0.11828845531137593
Nepal,large_city,51+,2030,0.13436708039556386
Nepal,large_city,51+,2035,0.15159371658864285
Nepal,large_city,51+,2040,0.1687837878570906
Nepal,large_city,51+,2045,0.18410891370689317
Nepal,large_city,51+,2050,0.19639385960740657
Nepal,large_city,51+,2055,0.20511312166834086
Nepal,large_city,51+,2060,0.2101990095164505
Nepal,large_city,51+,2065,0.21181720104384352
Nepal,large_city,51+,2070,0.2103625573687261
Nepal,large_city,51+,2075,0.20640144111794886
Nepal,large_city,51+,2080,0.20067519636724934
Nepal,large_city,51+,2085,0.193793699122394
Nepal,large_city,51+,2090,0.18628533582022674
Nepal,large_city,51+,2095,0.17837571819659523
Nepal,large_city,51+,2100,0.1704147732975919
Nepal,city,No_travel,2011,0.0
Nepal,city,No_travel,2012,0.0
Nepal,city,No_travel,2013,0.0
Nepal,city,No_travel,2014,0.0
Nepal,city,No_travel,2015,0.0
Nepal,city,No_travel,2016,0.0
Nepal,city,No_travel,2017,0.0
Nepal,city,No_travel,2018,0.0
Nepal,city,No_travel,2019,0.0
Nepal,city,No_travel,2020,0.0
Nepal,city,No_travel,2025,0.0
Nepal,city,No_travel,2030,0.0
Nepal,city,No_travel,2035,0.0
Nepal,city,No_travel,2040,0.0
Nepal,city,No_travel,2045,0.0
Nepal,city,No_travel,2050,0.0
Nepal,city,No_travel,2055,0.0
Nepal,city,No_travel,2060,0.0
Nepal,city,No_travel,2065,0.0
Nepal,city,No_travel,2070,0.0
Nepal,city,No_travel,2075,0.0
Nepal,city,No_travel,2080,0.0
Nepal,city,No_travel,2085,0.0
Nepal,city,No_travel,2090,0.0
Nepal,city,No_travel,2095,0.0
Nepal,city,No_travel,2100,0.0
Nepal,city,00_01,2011,0.14143918779263
Nepal,city,00_01,2012,0.1468160536144943
Nepal,city,00_01,2013,0.15093731434090268
Nepal,city,00_01,2014,0.15801277757973978
Nepal,city,00_01,2015,0.16235559277780817
Nepal,city,00_01,2016,0.16174534726612025
Nepal,city,00_01,2017,0.17154007980198943
Nepal,city,00_01,2018,0.1798082299573458
Nepal,city,00_01,2019,0.18702620839493436
Nepal,city,00_01,2020,0.18134981608209308
Nepal,city,00_01,2025,0.2032094747597366
Nepal,city,00_01,2030,0.23083118094920219
Nepal,city,00_01,2035,0.26042507228422573
Nepal,city,00_01,2040,0.2899561481981722
Nepal,city,00_01,2045,0.31628340698574847
Nepal,city,00_01,2050,0.3373878959853189
Nepal,city,00_01,2055,0.35236684434533316
Nepal,city,00_01,2060,0.36110396577937975
Nepal,city,00_01,2065,0.3638838807717312
Nepal,city,00_01,2070,0.36138492703693886
Nepal,city,00_01,2075,0.35458006725020963
Nepal,city,00_01,2080,0.34474286728786097
Nepal,city,00_01,2085,0.33292104209784895
Nepal,city,00_01,2090,0.3200223145007869
Nepal,city,00_01,2095,0.3064342662113953
Nepal,city,00_01,2100,0.29275804204176503
Nepal,city,02_05,2011,0.288371801420151
Nepal,city,02_05,2012,0.2993343677869683
Nepal,city,02_05,2013,0.3077369569020794
Nepal,city,02_05,2014,0.3221626907592122
Nepal,city,02_05,2015,0.33101699388019673
Nepal,city,02_05,2016,0.3297728012327388
Nepal,city,02_05,2017,0.3497426887149712
Nepal,city,02_05,2018,0.36660011975599316
Nepal,city,02_05,2019,0.38131641922818005
Nepal,city,02_05,2020,0.3697431664234377
Nepal,city,02_05,2025,0.41431150176020326
Nepal,city,02_05,2030,0.47062772710386563
Nepal,city,02_05,2035,0.5309649214026979
Nepal,city,02_05,2040,0.591174045140495
Nepal,city,02_05,2045,0.6448511000042352
Nepal,city,02_05,2050,0.6878797655801485
Nepal,city,02_05,2055,0.7184194370062157
Nepal,city,02_05,2060,0.7362330252096253
Nepal,city,02_05,2065,0.7419008256732041
Nepal,city,02_05,2070,0.7368058601165282
Nepal,city,02_05,2075,0.7229318432635206
Nepal,city,02_05,2080,0.7028753715151685
Nepal,city,02_05,2085,0.6787725674809989
Nepal,city,02_05,2090,0.6524741322931067
Nepal,city,02_05,2095,0.624770282856833
Nepal,city,02_05,2100,0.5968866569539162
Nepal,city,06_10,2011,0.300942920069744
Nepal,city,06_10,2012,0.31238338240913077
Nepal,city,06_10,2013,0.3211522692836263
Nepal,city,06_10,2014,0.33620687049544623
Nepal,city,06_10,2015,0.34544716314295587
Nepal,city,06_10,2016,0.34414873185872025
Nepal,city,06_10,2017,0.36498917542071446
Nepal,city,06_10,2018,0.3825814798602462
Nepal,city,06_10,2019,0.39793931344165157
Nepal,city,06_10,2020,0.38586154274211626
Nepal,city,06_10,2025,0.43237276510449996
Nepal,city,06_10,2030,0.4911440084048623
Nepal,city,06_10,2035,0.554111508526867
Nepal,city,06_10,2040,0.6169453550515953
Nepal,city,06_10,2045,0.6729623773536554
Nepal,city,06_10,2050,0.7178668104547726
Nepal,city,06_10,2055,0.7497378111964177
Nepal,city,06_10,2060,0.7683279549776517
Nepal,city,06_10,2065,0.7742428343572652
Nepal,city,06_10,2070,0.7689257617283541
Nepal,city,06_10,2075,0.7544469287624441
Nepal,city,06_10,2080,0.7335161264283724
Nepal,city,06_10,2085,0.7083625982671929
Nepal,city,06_10,2090,0.6809177238386485
Nepal,city,06_10,2095,0.6520061683208553
Nepal,city,06_10,2100,0.622906999261915
Nepal,city,11_20,2011,0.352477571210292
Nepal,city,11_20,2012,0.3658771433882164
Nepal,city,11_20,2013,0.37614764899447445
Nepal,city,11_20,2014,0.39378025942256517
Nepal,city,11_20,2015,0.4046028961834223
Nepal,city,11_20,2016,0.4030821164111493
Nepal,city,11_20,2017,0.42749135962569146
Nepal,city,11_20,2018,0.4480962395790099
Nepal,city,11_20,2019,0.4660840090821804
Nepal,city,11_20,2020,0.45193799334995965
Nepal,city,11_20,2025,0.5064139806518555
Nepal,city,11_20,2030,0.5752494431731868
Nepal,city,11_20,2035,0.6489997460646599
Nepal,city,11_20,2040,0.7225935079903558
Nepal,city,11_20,2045,0.788203105859902
Nepal,city,11_20,2050,0.8407971509777893
Nepal,city,11_20,2055,0.8781258674362228
Nepal,city,11_20,2060,0.8998994606709161
Nepal,city,11_20,2065,0.906827227296045
Nepal,city,11_20,2070,0.9005996382045557
Nepal,city,11_20,2075,0.8836413928449348
Nepal,city,11_20,2080,0.8591263174662335
Nepal,city,11_20,2085,0.8296654000551592
Nepal,city,11_20,2090,0.7975207572155706
Nepal,city,11_20,2095,0.763658273039297
Nepal,city,11_20,2100,0.7295760476400223
Nepal,city,21_30,2011,0.15857884585093
Nepal,city,21_30,2012,0.16460728245066972
Nepal,city,21_30,2013,0.1692279592209775
Nepal,city,21_30,2014,0.17716082996059535
Nepal,city,21_30,2015,0.18202990926316648
Nepal,city,21_30,2016,0.1813457139532283
Nepal,city,21_30,2017,0.19232737614457202
Nepal,city,21_30,2018,0.20159746408428034
Nepal,city,21_30,2019,0.20969012007215174
Nepal,city,21_30,2020,0.20332586023995292
Nepal,city,21_30,2025,0.2278344812091169
Nepal,city,21_30,2030,0.25880339694116256
Nepal,city,21_30,2035,0.29198348801342205
Nepal,city,21_30,2040,0.32509315166643865
Nepal,city,21_30,2045,0.35461075833619454
Nepal,city,21_30,2050,0.3782726978598597
Nepal,city,21_30,2055,0.39506680124847876
Nepal,city,21_30,2060,0.40486269059635815
Nepal,city,21_30,2065,0.40797947681332314
Nepal,city,21_30,2070,0.40517769885289506
Nepal,city,21_30,2075,0.3975482234013034
Nepal,city,21_30,2080,0.3865189475635405
Nepal,city,21_30,2085,0.3732645488092708
Nepal,city,21_30,2090,0.35880274817812896
Nepal,city,21_30,2095,0.3435680946939925
Nepal,city,21_30,2100,0.32823458014073964
Nepal,city,31_50,2011,0.235491949480815
Nepal,city,31_50,2012,0.24444426767670302
Nepal,city,31_50,2013,0.25130604154522634
Nepal,city,31_50,2014,0.263086472821716
Nepal,city,31_50,2015,0.27031712815273684
Nepal,city,31_50,2016,0.2693010879205205
Nepal,city,31_50,2017,0.285609019940724
Nepal,city,31_50,2018,0.29937523868866867
Nepal,city,31_50,2019,0.3113929534401867
Nepal,city,31_50,2020,0.3019419327391292
Nepal,city,31_50,2025,0.33833760014447983
Nepal,city,31_50,2030,0.38432690155421606
Nepal,city,31_50,2035,0.4335998312985937
Nepal,city,31_50,2040,0.48276817527577515
Nepal,city,31_50,2045,0.5266022610983133
Nepal,city,31_50,2050,0.5617405939385153
Nepal,city,31_50,2055,0.5866800877628429
Nepal,city,31_50,2060,0.6012271294382439
Nepal,city,31_50,2065,0.6058556034217031
Nepal,city,31_50,2070,0.6016949213939513
Nepal,city,31_50,2075,0.5903650366418559
Nepal,city,31_50,2080,0.5739863976471062
Nepal,city,31_50,2085,0.5543034179590512
Nepal,city,31_50,2090,0.5328274284892333
Nepal,city,31_50,2095,0.5102037410144454
Nepal,city,31_50,2100,0.48743324337863614
Nepal,city,51+,2011,0.100050611660432
Nepal,city,51+,2012,0.10385407463762554
Nepal,city,51+,2013,0.1067693533727793
Nepal,city,51+,2014,0.11177436249277257
Nepal,city,51+,2015,0.11484636342600761
Nepal,city,51+,2016,0.11441469072157347
Nepal,city,51+,2017,0.12134324423321284
Nepal,city,51+,2018,0.12719193081897393
Nepal,city,51+,2019,0.13229775169438324
Nepal,city,51+,2020,0.12828241102545201
Nepal,city,51+,2025,0.1437453973131919
Nepal,city,51+,2030,0.16328431465632992
Nepal,city,51+,2035,0.18421830738981868
Nepal,city,51+,2040,0.20510786603542447
Nepal,city,51+,2045,0.22373112304183057
Nepal,city,51+,2050,0.23865992082511298
Nepal,city,51+,2055,0.2492556614316462
Nepal,city,51+,2060,0.2554360867951563
Nepal,city,51+,2065,0.25740253046391204
Nepal,city,51+,2070,0.25563483189621616
Nepal,city,51+,2075,0.2508212410198041
Nepal,city,51+,2080,0.24386264709248343
Nepal,city,51+,2085,0.2355001779659106
Nepal,city,51+,2090,0.2263759344951446
Nepal,city,51+,2095,0.21676408247702975
Nepal,city,51+,2100,0.20708985700436344
Nepal,town,No_travel,2011,0.0
Nepal,town,No_travel,2012,0.0
Nepal,town,No_travel,2013,0.0
Nepal,town,No_travel,2014,0.0
Nepal,town,No_travel,2015,0.0
Nepal,town,No_travel,2016,0.0
Nepal,town,No_travel,2017,0.0
Nepal,town,No_travel,2018,0.0
Nepal,town,No_travel,2019,0.0
Nepal,town,No_travel,2020,0.0
Nepal,town,No_travel,2025,0.0
Nepal,town,No_travel,2030,0.0
Nepal,town,No_travel,2035,0.0
Nepal,town,No_travel,2040,0.0
Nepal,town,No_travel,2045,0.0
Nepal,town,No_travel,2050,0.0
Nepal,town,No_travel,2055,0.0
Nepal,town,No_travel,2060,0.0
Nepal,town,No_travel,2065,0.0
Nepal,town,No_travel,2070,0.0
Nepal,town,No_travel,2075,0.0
Nepal,town,No_travel,2080,0.0
Nepal,town,No_travel,2085,0.0
Nepal,town,No_travel,2090,0.0
Nepal,town,No_travel,2095,0.0
Nepal,town,No_travel,2100,0.0
Nepal,town,00_01,2011,0.136283799718559
Nepal,town,00_01,2012,0.14146468145449542
Nepal,town,00_01,2013,0.14543572427644147
Nepal,town,00_01,2014,0.15225329039801352
Nepal,town,00_01,2015,0.1564378121412804
Nepal,town,00_01,2016,0.1558498097750906
Nepal,town,00_01,2017,0.16528752917978878
Nepal,town,00_01,2018,0.17325430937275502
Nepal,town,00_01,2019,0.18020919608494
Nepal,town,00_01,2020,0.1747397054497036
Nepal,town,00_01,2025,0.19580259043676845
Nepal,town,00_01,2030,0.2224174991686338
Nepal,town,00_01,2035,0.2509327078780358
Nepal,town,00_01,2040,0.2793873907572283
Nepal,town,00_01,2045,0.3047550340514276
Nepal,town,00_01,2050,0.32509027491972864
Nepal,town,00_01,2055,0.3395232480592788
Nepal,town,00_01,2060,0.34794190576099093
Nepal,town,00_01,2065,0.35062049423399394
Nepal,town,00_01,2070,0.3482126261204008
Nepal,town,00_01,2075,0.34165580008964636
Nepal,town,00_01,2080,0.3321771611750499
Nepal,town,00_01,2085,0.32078623563561914
Nepal,town,00_01,2090,0.30835766024645916
Nepal,town,00_01,2095,0.2952648895614875
Nepal,town,00_01,2100,0.28208715696327236
Nepal,town,02_05,2011,0.261285967590787
Nepal,town,02_05,2012,0.27121885543323854
Nepal,town,02_05,2013,0.2788322164359354
Nepal,town,02_05,2014,0.2919029876087951
Nepal,town,02_05,2015,0.29992563457675514
Nepal,town,02_05,2016,0.29879830493439963
Nepal,town,02_05,2017,0.3168924852522316
Nepal,town,02_05,2018,0.33216655213032753
Nepal,town,02_05,2019,0.3455005970265684
Nepal,town,02_05,2020,0.33501438255494564
Nepal,town,02_05,2025,0.3753965578058845
Nepal,town,02_05,2030,0.42642318162109144
Nepal,town,02_05,2035,0.48109309773786907
Nepal,town,02_05,2040,0.5356469725486134
Nepal,town,02_05,2045,0.5842823146605209
Nepal,town,02_05,2050,0.6232694363685912
Nepal,town,02_05,2055,0.6509406148928694
Nepal,town,02_05,2060,0.6670810301729692
Nepal,town,02_05,2065,0.6722164724074199
Nepal,town,02_05,2070,0.6676000605434241
Nepal,town,02_05,2075,0.6550291853747827
Nepal,town,02_05,2080,0.63685655337187
Nepal,town,02_05,2085,0.6150176480326357
Nepal,town,02_05,2090,0.5911893400970045
Nepal,town,02_05,2095,0.5660876239434208
Nepal,town,02_05,2100,0.5408230171472516
Nepal,town,06_10,2011,0.234847781523163
Nepal,town,06_10,2012,0.24377561142320392
Nepal,town,06_10,2013,0.2506186154999424
Nepal,town,06_10,2014,0.262366822420685
Nepal,town,06_10,2015,0.26957769891643213
Nepal,town,06_10,2016,0.26856443797481455
Nepal,town,06_10,2017,0.28482776105069474
Nepal,town,06_10,2018,0.2985563234921924
Nepal,town,06_10,2019,0.3105411648194418
Nepal,town,06_10,2020,0.3011159965720081
Nepal,town,06_10,2025,0.33741210676195676
Nepal,town,06_10,2030,0.3832756083962515
Nepal,town,06_10,2035,0.4324137562825192
Nepal,town,06_10,2040,0.48144760448695456
Nepal,town,06_10,2045,0.5251617859407782
Nepal,town,06_10,2050,0.560204000896055
Nepal,town,06_10,2055,0.5850752748817126
Nepal,town,06_10,2060,0.5995825243767585
Nepal,town,06_10,2065,0.6041983375680354
Nepal,town,06_10,2070,0.6000490367278366
Nepal,town,06_10,2075,0.5887501439002519
Nepal,town,06_10,2080,0.5724163072626683
Nepal,town,06_10,2085,0.5527871686713222
Nepal,town,06_10,2090,0.5313699249221363
Nepal,town,06_10,2095,0.5088081225970844
Nepal,town,06_10,2100,0.4860999116975695
Nepal,town,11_20,2011,0.286274279539271
Nepal,town,11_20,2012,0.2971571077946927
Nepal,town,11_20,2013,0.30549857923311624
Nepal,town,11_20,2014,0.31981938503464835
Nepal,town,11_20,2015,0.328609284859455
Nepal,town,11_20,2016,0.3273741420611474
Nepal,town,11_20,2017,0.34719877513311365
Nepal,town,11_20,2018,0.3639335907509567
Nepal,town,11_20,2019,0.3785428486885814
Nepal,town,11_20,2020,0.3670537759280436
Nepal,town,11_20,2025,0.4112979358145645
Nepal,town,11_20,2030,0.46720453541006013
Nepal,town,11_20,2035,0.5271028567516565
Nepal,town,11_20,2040,0.5868740390754641
Nepal,town,11_20,2045,0.6401606646513078
Nepal,town,11_20,2050,0.682876353829716
Nepal,town,11_20,2055,0.7131938897046107
Nepal,town,11_20,2060,0.7308779077113172
Nepal,town,11_20,2065,0.7365044824536907
Nepal,town,11_20,2070,0.7314465760050302
Nepal,town,11_20,2075,0.7176734741991304
Nepal,town,11_20,2080,0.6977628866465918
Nepal,town,11_20,2085,0.6738353985018513
Nepal,town,11_20,2090,0.647728249504106
Nepal,town,11_20,2095,0.6202259087801649
Nepal,town,11_20,2100,0.592545099224622
Nepal,town,21_30,2011,0.142215623076087
Nepal,town,21_30,2012,0.1476220053877139
Nepal,town,21_30,2013,0.15176588991655104
Nepal,town,21_30,2014,0.15888019415406165
Nepal,town,21_30,2015,0.16324684938544712
Nepal,town,21_30,2016,0.16263325391004516
Nepal,town,21_30,2017,0.17248175496687068
Nepal,town,21_30,2018,0.1807952934167282
Nepal,town,21_30,2019,0.1880528951950729
Nepal,town,21_30,2020,0.1823453421315004
Nepal,town,21_30,2025,0.20432500015689564
Nepal,town,21_30,2030,0.23209833665200344
Nepal,town,21_30,2035,0.26185468467082096
Nepal,town,21_30,2040,0.2915478724411481
Nepal,town,21_30,2045,0.3180196556208564
Nepal,town,21_30,2050,0.33923999843827124
Nepal,town,21_30,2055,0.35430117425021945
Nepal,town,21_30,2060,0.36308625841272285
Nepal,town,21_30,2065,0.3658814338439863
Nepal,town,21_30,2070,0.36336876201676355
Nepal,town,21_30,2075,0.35652654671831335
Nepal,town,21_30,2080,0.3466353451086108
Nepal,town,21_30,2085,0.3347486236028349
Nepal,town,21_30,2090,0.3217790879972261
Nepal,town,21_30,2095,0.3081164476496514
Nepal,town,21_30,2100,0.29436514737731234
Nepal,town,31_50,2011,0.175007801582025
Nepal,town,31_50,2012,0.1816607913338159
Nepal,town,31_50,2013,0.18676017567510986
Nepal,town,31_50,2014,0.19551490119303902
Nepal,town,31_50,2015,0.20088842286233244
Nepal,town,31_50,2016,0.20013334411016662
Nepal,town,31_50,2017,0.21225271947521465
Nepal,town,31_50,2018,0.2224831994745801
Nepal,town,31_50,2019,0.23141426418120772
Nepal,town,31_50,2020,0.2243906595134268
Nepal,town,31_50,2025,0.25143840256266375
Nepal,town,31_50,2030,0.2856157345426122
Nepal,town,31_50,2035,0.32223332223968804
Nepal,town,31_50,2040,0.3587731861537041
Nepal,town,31_50,2045,0.3913488517383367
Nepal,town,31_50,2050,0.41746219614428715
Nepal,town,31_50,2055,0.43599618847984956
Nepal,town,31_50,2060,0.4468069435343081
Nepal,town,31_50,2065,0.45024663248465496
Nepal,town,31_50,2070,0.44715458701828537
Nepal,town,31_50,2075,0.43873468889856876
Nepal,town,31_50,2080,0.426562767057095
Nepal,town,31_50,2085,0.41193519693682307
Nepal,town,31_50,2090,0.39597513667914636
Nepal,town,31_50,2095,0.37916215510007134
Nepal,town,31_50,2100,0.3622400703283525
Nepal,town,51+,2011,0.0762610743674654
Nepal,town,51+,2012,0.07916016881720347
Nepal,town,51+,2013,0.08138226706062057
Nepal,town,51+,2014,0.08519720998176014
Nepal,town,51+,2015,0.08753876579774533
Nepal,town,51+,2016,0.08720973408400644
Nepal,town,51+,2017,0.09249085056936479
Nepal,town,51+,2018,0.09694886552066287
Nepal,town,51+,2019,0.10084064967894539
Nepal,town,51+,2020,0.0977800567621989
Nepal,town,51+,2025,0.10956633100542564
Nepal,town,51+,2030,0.12445938167084296
Nepal,town,51+,2035,0.1404157936323695
Nepal,town,51+,2040,0.15633833682263865
Nepal,town,51+,2045,0.1705334483163111
Nepal,town,51+,2050,0.18191255074330806
Nepal,town,51+,2055,0.1899888887982484
Nepal,town,51+,2060,0.1946997633291196
Nepal,town,51+,2065,0.19619863579350172
Nepal,town,51+,2070,0.1948512518076062
Nepal,town,51+,2075,0.19118221265123903
Nepal,town,51+,2080,0.1858781986109704
Nepal,town,51+,2085,0.1795041158405258
Nepal,town,51+,2090,0.17254938964422276
Nepal,town,51+,2095,0.16522299603805135
Nepal,town,51+,2100,0.1578490598274204
Nepal,rural,No_travel,2011,0.0
Nepal,rural,No_travel,2012,0.0
Nepal,rural,No_travel,2013,0.0
Nepal,rural,No_travel,2014,0.0
Nepal,rural,No_travel,2015,0.0
Nepal,rural,No_travel,2016,0.0
Nepal,rural,No_travel,2017,0.0
Nepal,rural,No_travel,2018,0.0
Nepal,rural,No_travel,2019,0.0
Nepal,rural,No_travel,2020,0.0
Nepal,rural,No_travel,2025,0.0
Nepal,rural,No_travel,2030,0.0
Nepal,rural,No_travel,2035,0.0
Nepal,rural,No_travel,2040,0.0
Nepal,rural,No_travel,2045,0.0
Nepal,rural,No_travel,2050,0.0
Nepal,rural,No_travel,2055,0.0
Nepal,rural,No_travel,2060,0.0
Nepal,rural,No_travel,2065,0.0
Nepal,rural,No_travel,2070,0.0
Nepal,rural,No_travel,2075,0.0
Nepal,rural,No_travel,2080,0.0
Nepal,rural,No_travel,2085,0.0
Nepal,rural,No_travel,2090,0.0
Nepal,rural,No_travel,2095,0.0
Nepal,rural,No_travel,2100,0.0
Nepal,rural,00_01,2011,0.0478840154180537
Nepal,rural,00_01,2012,0.04970434491748802
Nepal,rural,00_01,2013,0.05109959127915754
Nepal,rural,00_01,2014,0.05349497827271889
Nepal,rural,00_01,2015,0.05496523155363388
Nepal,rural,00_01,2016,0.054758633891794174
Nepal,rural,00_01,2017,0.0580746252452719
Nepal,rural,00_01,2018,0.06087379452570025
Nepal,rural,00_01,2019,0.06331742981650386
Nepal,rural,00_01,2020,0.06139569609285209
Nepal,rural,00_01,2025,0.06879624928811172
Nepal,rural,00_01,2030,0.07814753464043214
Nepal,rural,00_01,2035,0.08816650018373055
Nepal,rural,00_01,2040,0.09816419966464351
Nepal,rural,00_01,2045,0.10707725187721483
Nepal,rural,00_01,2050,0.11422214356117451
Nepal,rural,00_01,2055,0.11929324305920576
Nepal,rural,00_01,2060,0.12225118183124313
Nepal,rural,00_01,2065,0.12319231769628924
Nepal,rural,00_01,2070,0.12234630082477525
Nepal,rural,00_01,2075,0.12004252620593928
Nepal,rural,00_01,2080,0.11671215757176556
Nepal,rural,00_01,2085,0.1127098971763084
Nepal,rural,00_01,2090,0.10834305315825206
Nepal,rural,00_01,2095,0.10374284069984603
Nepal,rural,00_01,2100,0.09911277643534057
Nepal,rural,02_05,2011,0.123784799035439
Nepal,rural,02_05,2012,0.1284905263913951
Nepal,rural,02_05,2013,0.13209737283015618
Nepal,rural,02_05,2014,0.13828967928193095
Nepal,rural,02_05,2015,0.14209042584255963
Nepal,rural,02_05,2016,0.1415563509570525
Nepal,rural,02_05,2017,0.15012850848623777
Nepal,rural,02_05,2018,0.15736463110082866
Nepal,rural,02_05,2019,0.16368166405529527
Nepal,rural,02_05,2020,0.15871379699767643
Nepal,rural,02_05,2025,0.17784494090923947
Nepal,rural,02_05,2030,0.20201891562614677
Nepal,rural,02_05,2035,0.22791890804517417
Nepal,rural,02_05,2040,0.25376392564148303
Nepal,rural,02_05,2045,0.2768050254175377
Nepal,rural,02_05,2050,0.2952752596597452
Nepal,rural,02_05,2055,0.30838454105087604
Nepal,rural,02_05,2060,0.3160310981171352
Nepal,rural,02_05,2065,0.3184640251158984
Nepal,rural,02_05,2070,0.31627698989116526
Nepal,rural,02_05,2075,0.31032151026553556
Nepal,rural,02_05,2080,0.30171218607883227
Nepal,rural,02_05,2085,0.2913659568744959
Nepal,rural,02_05,2090,0.2800772438358143
Nepal,rural,02_05,2095,0.26818525086670714
Nepal,rural,02_05,2100,0.25621608809914836
Nepal,rural,06_10,2011,0.148707724813786
Nepal,rural,06_10,2012,0.15436090690198312
Nepal,rural,06_10,2013,0.15869395855162316
Nepal,rural,06_10,2014,0.16613302870376292
Nepal,rural,06_10,2015,0.17069902047358512
Nepal,rural,06_10,2016,0.17005741454359358
Nepal,rural,06_10,2017,0.1803554968028341
Nepal,rural,06_10,2018,0.18904854585953876
Nepal,rural,06_10,2019,0.19663745504348057
Nepal,rural,06_10,2020,0.1906693538463025
Nepal,rural,06_10,2025,0.21365237685350677
Nepal,rural,06_10,2030,0.242693558063714
Nepal,rural,06_10,2035,0.2738082746956423
Nepal,rural,06_10,2040,0.3048569478321477
Nepal,rural,06_10,2045,0.33253716019750895
Nepal,rural,06_10,2050,0.35472620547882827
Nepal,rural,06_10,2055,0.37047491957627293
Nepal,rural,06_10,2060,0.37966104026995057
Nepal,rural,06_10,2065,0.3825838146448601
Nepal,rural,06_10,2070,0.3799564400811662
Nepal,rural,06_10,2075,0.3728018796488412
Nepal,rural,06_10,2080,0.36245914756893205
Nepal,rural,06_10,2085,0.3500298006913859
Nepal,rural,06_10,2090,0.3364682095659889
Nepal,rural,06_10,2095,0.3221818736691946
Nepal,rural,06_10,2100,0.30780283054791474
Nepal,rural,11_20,2011,0.227309082564942
Nepal,rural,11_20,2012,0.23595032588737042
Nepal,rural,11_20,2013,0.24257366705152006
Nepal,rural,11_20,2014,0.2539447522694305
Nepal,rural,11_20,2015,0.26092415701452376
Nepal,rural,11_20,2016,0.2599434221166075
Nepal,rural,11_20,2017,0.2756846866235961
Nepal,rural,11_20,2018,0.2889725572318375
Nepal,rural,11_20,2019,0.30057268080598665
Nepal,rural,11_20,2020,0.2914500638774845
Nepal,rural,11_20,2025,0.32658105576696733
Nepal,rural,11_20,2030,0.3709723223656643
Nepal,rural,11_20,2035,0.4185331178840426
Nepal,rural,11_20,2040,0.46599296177820143
Nepal,rural,11_20,2045,0.508303902153706
Nepal,rural,11_20,2050,0.5422212493002952
Nepal,rural,11_20,2055,0.5662941463710454
Nepal,rural,11_20,2060,0.5803357078960127
Nepal,rural,11_20,2065,0.5848033518098508
Nepal,rural,11_20,2070,0.5807872450314331
Nepal,rural,11_20,2075,0.5698510507613391
Nepal,rural,11_20,2080,0.5540415362035508
Nepal,rural,11_20,2085,0.5350425000798098
Nepal,rural,11_20,2090,0.514312757622281
Nepal,rural,11_20,2095,0.49247519733426387
Nepal,rural,11_20,2100,0.47049592824012154
Nepal,rural,21_30,2011,0.153212938930544
Nepal,rural,21_30,2012,0.15903738848840512
Nepal,rural,21_30,2013,0.1635017132476637
Nepal,rural,21_30,2014,0.17116615571255278
Nepal,rural,21_30,2015,0.1758704776908706
Nepal,rural,21_30,2016,0.1752094338191258
Nepal,rural,21_30,2017,0.18581950434681682
Nepal,rural,21_30,2018,0.19477591596506275
Nepal,rural,21_30,2019,0.20259473694968003
Nepal,rural,21_30,2020,0.19644582756787377
Nepal,rural,21_30,2025,0.220125138813147
Nepal,rural,21_30,2030,0.25004614479183473
Nepal,rural,21_30,2035,0.28210350553175817
Nepal,rural,21_30,2040,0.3140928219381163
Nepal,rural,21_30,2045,0.3426116274811988
Nepal,rural,21_30,2050,0.3654729068388847
Nepal,rural,21_30,2055,0.3816987402598981
Nepal,rural,21_30,2060,0.39116316149700225
Nepal,rural,21_30,2065,0.39417448355422235
Nepal,rural,21_30,2070,0.391467510671146
Nepal,rural,21_30,2075,0.38409619736536227
Nepal,rural,21_30,2080,0.37344012431657875
Nepal,rural,21_30,2085,0.3606342208809592
Nepal,rural,21_30,2090,0.3466617709931116
Nepal,rural,21_30,2095,0.3319426196374056
Nepal,rural,21_30,2100,0.317127952421032
Nepal,rural,31_50,2011,0.152668305095647
Nepal,rural,31_50,2012,0.15847205018611127
Nepal,rural,31_50,2013,0.16292050538284572
Nepal,rural,31_50,2014,0.1705577026638676
Nepal,rural,31_50,2015,0.17524530194932722
Nepal,rural,31_50,2016,0.17458660792389052
Nepal,rural,31_50,2017,0.185158962293662
Nepal,rural,31_50,2018,0.1940835360995103
Nepal,rural,31_50,2019,0.20187456312307606
Nepal,rural,31_50,2020,0.19574751158252277
Nepal,rural,31_50,2025,0.21934264877447351
Nepal,rural,31_50,2030,0.24915729302977221
Nepal,rural,31_50,2035,0.28110069783726377
Nepal,rural,31_50,2040,0.312976300191847
Nepal,rural,31_50,2045,0.34139372848482236
Nepal,rural,31_50,2050,0.36417374168878697
Nepal,rural,31_50,2055,0.3803418963135957
Nepal,rural,31_50,2060,0.3897726738906446
Nepal,rural,31_50,2065,0.39277329144802564
Nepal,rural,31_50,2070,0.390075941179283
Nepal,rural,31_50,2075,0.38273083105621986
Nepal,rural,31_50,2080,0.37211263769285985
Nepal,rural,31_50,2085,0.3593522560541992
Nepal,rural,31_50,2090,0.34542947474537916
Nepal,rural,31_50,2095,0.33076264630642715
Nepal,rural,31_50,2100,0.31600064154190055
Nepal,rural,51+,2011,0.0512532102732799
Nepal,rural,51+,2012,0.05320162102761245
Nepal,rural,51+,2013,0.054695039124097206
Nepal,rural,51+,2014,0.05725896932491724
Nepal,rural,51+,2015,0.058832671945798616
Nepal,rural,51+,2016,0.05861153774659264
Nepal,rural,51+,2017,0.06216084748221881
Nepal,rural,51+,2018,0.06515697072852052
Nepal,rural,51+,2019,0.06777254405288179
Nepal,rural,51+,2020,0.0657155941131647
Nepal,rural,51+,2025,0.07363686190459195
Nepal,rural,51+,2030,0.08364611844466101
Nepal,rural,51+,2035,0.09437003420711841
Nepal,rural,51+,2040,0.10507118759349665
Nepal,rural,51+,2045,0.11461137621885166
Nepal,rural,51+,2050,0.12225899375177325
Nepal,rural,51+,2055,0.12768690380944409
Nepal,rural,51+,2060,0.13085296781922134
Nepal,rural,51+,2065,0.13186032348824378
Nepal,rural,51+,2070,0.13095477953517545
Nepal,rural,51+,2075,0.12848890770027233
Nepal,rural,51+,2080,0.12492420907580222
Nepal,rural,51+,2085,0.12064034332590844
Nepal,rural,51+,2090,0.11596624127464913
Nepal,rural,51+,2095,0.11104235061147073
Nepal,rural,51+,2100,0.10608650772202861
Pakistan,large_city,No_travel,2011,0.0
Pakistan,large_city,No_travel,2012,0.0
Pakistan,large_city,No_travel,2013,0.0
Pakistan,large_city,No_travel,2014,0.0
Pakistan,large_city,No_travel,2015,0.0
Pakistan,large_city,No_travel,2016,0.0
Pakistan,large_city,No_travel,2017,0.0
Pakistan,large_city,No_travel,2018,0.0
Pakistan,large_city,No_travel,2019,0.0
Pakistan,large_city,No_travel,2020,0.0
Pakistan,large_city,No_travel,2025,0.0
Pakistan,large_city,No_travel,2030,0.0
Pakistan,large_city,No_travel,2035,0.0
Pakistan,large_city,No_travel,2040,0.0
Pakistan,large_city,No_travel,2045,0.0
Pakistan,large_city,No_travel,2050,0.0
Pakistan,large_city,No_travel,2055,0.0
Pakistan,large_city,No_travel,2060,0.0
Pakistan,large_city,No_travel,2065,0.0
Pakistan,large_city,No_travel,2070,0.0
Pakistan,large_city,No_travel,2075,0.0
Pakistan,large_city,No_travel,2080,0.0
Pakistan,large_city,No_travel,2085,0.0
Pakistan,large_city,No_travel,2090,0.0
Pakistan,large_city,No_travel,2095,0.0
Pakistan,large_city,No_travel,2100,0.0
Pakistan,large_city,00_01,2011,0.0918299625000023
Pakistan,large_city,00_01,2012,0.09263664518969433
Pakistan,large_city,00_01,2013,0.09398811711509755
Pakistan,large_city,00_01,2014,0.09552433202149802
Pakistan,large_city,00_01,2015,0.09712918192111933
Pakistan,large_city,00_01,2016,0.0991278166773288
Pakistan,large_city,00_01,2017,0.10055223342649251
Pakistan,large_city,00_01,2018,0.10262886742840459
Pakistan,large_city,00_01,2019,0.10302803350109796
Pakistan,large_city,00_01,2020,0.10162159985170797
Pakistan,large_city,00_01,2025,0.1083540370084299
Pakistan,large_city,00_01,2030,0.11466494531912001
Pakistan,large_city,00_01,2035,0.12040746551096708
Pakistan,large_city,00_01,2040,0.12571343760295203
Pakistan,large_city,00_01,2045,0.13023297983172816
Pakistan,large_city,00_01,2050,0.1336019574382842
Pakistan,large_city,00_01,2055,0.13564170696950154
Pakistan,large_city,00_01,2060,0.13630730923798132
Pakistan,large_city,00_01,2065,0.13566378768785117
Pakistan,large_city,00_01,2070,0.13381841414597834
Pakistan,large_city,00_01,2075,0.13092417625454902
Pakistan,large_city,00_01,2080,0.1272246338782975
Pakistan,large_city,00_01,2085,0.12298059120791804
Pakistan,large_city,00_01,2090,0.11844803065930548
Pakistan,large_city,00_01,2095,0.11379485108549733
Pakistan,large_city,00_01,2100,0.10912299903611987
Pakistan,large_city,02_05,2011,0.218099182353909
Pakistan,large_city,02_05,2012,0.2200150802836384
Pakistan,large_city,02_05,2013,0.22322487057299736
Pakistan,large_city,02_05,2014,0.22687343152069261
Pakistan,large_city,02_05,2015,0.2306850028355361
Pakistan,large_city,02_05,2016,0.23543182614120148
Pakistan,large_city,02_05,2017,0.23881486278704364
Pakistan,large_city,02_05,2018,0.24374693686760682
Pakistan,large_city,02_05,2019,0.24469496942373295
Pakistan,large_city,02_05,2020,0.24135464323153866
Pakistan,large_city,02_05,2025,0.25734440299137834
Pakistan,large_city,02_05,2030,0.2723330178726266
Pakistan,large_city,02_05,2035,0.28597169227034974
Pakistan,large_city,02_05,2040,0.29857355056746654
Pakistan,large_city,02_05,2045,0.30930761206411594
Pakistan,large_city,02_05,2050,0.3173090447267775
Pakistan,large_city,02_05,2055,0.322153516975857
Pakistan,large_city,02_05,2060,0.32373434426333786
Pakistan,large_city,02_05,2065,0.32220595940844365
Pakistan,large_city,02_05,2070,0.3178231365294733
Pakistan,large_city,02_05,2075,0.3109492263102633
Pakistan,large_city,02_05,2080,0.30216269144323576
Pakistan,large_city,02_05,2085,0.2920829504623459
Pakistan,large_city,02_05,2090,0.28131797002775233
Pakistan,large_city,02_05,2095,0.27026651543967667
Pakistan,large_city,02_05,2100,0.2591707131077566
Pakistan,large_city,06_10,2011,0.227649910037638
Pakistan,large_city,06_10,2012,0.22964970658266332
Pakistan,large_city,06_10,2013,0.23300005600958842
Pakistan,large_city,06_10,2014,0.23680839019289524
Pakistan,large_city,06_10,2015,0.24078687309026872
Pakistan,large_city,06_10,2016,0.2457415633685008
Pakistan,large_city,06_10,2017,0.24927274574052039
Pakistan,large_city,06_10,2018,0.25442079906479753
Pakistan,large_city,06_10,2019,0.2554103466815541
Pakistan,large_city,06_10,2020,0.2519237450861595
Pakistan,large_city,06_10,2025,0.26861370848521626
Pakistan,large_city,06_10,2030,0.2842586861163936
Pakistan,large_city,06_10,2035,0.2984946083521592
Pakistan,large_city,06_10,2040,0.3116483115283155
Pakistan,large_city,06_10,2045,0.3228524256734363
Pakistan,large_city,06_10,2050,0.3312042471070047
Pakistan,large_city,06_10,2055,0.33626086244952896
Pakistan,large_city,06_10,2060,0.3379109153561744
Pakistan,large_city,06_10,2065,0.33631560137579025
Pakistan,large_city,06_10,2070,0.33174085137746395
Pakistan,large_city,06_10,2075,0.32456592744551316
Pakistan,large_city,06_10,2080,0.3153946235899326
Pakistan,large_city,06_10,2085,0.3048734831494391
Pakistan,large_city,06_10,2090,0.2936370961027628
Pakistan,large_city,06_10,2095,0.28210168998336715
Pakistan,large_city,06_10,2100,0.2705199940989775
Pakistan,large_city,11_20,2011,0.24573634096712
Pakistan,large_city,11_20,2012,0.24789501823420948
Pakistan,large_city,11_20,2013,0.25151154770702033
Pakistan,large_city,11_20,2014,0.25562244811208135
Pakistan,large_city,11_20,2015,0.25991701528164085
Pakistan,large_city,11_20,2016,0.26526534798863305
Pakistan,large_city,11_20,2017,0.26907707730249136
Pakistan,large_city,11_20,2018,0.2746341354484943
Pakistan,large_city,11_20,2019,0.2757023010827978
Pakistan,large_city,11_20,2020,0.2719386944188605
Pakistan,large_city,11_20,2025,0.2899546494257449
Pakistan,large_city,11_20,2030,0.30684259617240656
Pakistan,large_city,11_20,2035,0.3222095402662176
Pakistan,large_city,11_20,2040,0.33640828468101586
Pakistan,large_city,11_20,2045,0.348502548251534
Pakistan,large_city,11_20,2050,0.35751790889523705
Pakistan,large_city,11_20,2055,0.3629762644541945
Pakistan,large_city,11_20,2060,0.36475741149534285
Pakistan,large_city,11_20,2065,0.3630353523029255
Pakistan,large_city,11_20,2070,0.35809714553955724
Pakistan,large_city,11_20,2075,0.35035218507169014
Pakistan,large_city,11_20,2080,0.3404522354033797
Pakistan,large_city,11_20,2085,0.3290952067350152
Pakistan,large_city,11_20,2090,0.3169661062311579
Pakistan,large_city,11_20,2095,0.3045142300547897
Pakistan,large_city,11_20,2100,0.29201238646366634
Pakistan,large_city,21_30,2011,0.151410352965953
Pakistan,large_city,21_30,2012,0.15274042114253308
Pakistan,large_city,21_30,2013,0.1549687444008473
Pakistan,large_city,21_30,2014,0.15750167412092256
Pakistan,large_city,21_30,2015,0.16014777004804473
Pakistan,large_city,21_30,2016,0.16344314321001993
Pakistan,large_city,21_30,2017,0.1657917387761075
Pakistan,large_city,21_30,2018,0.16921571803789365
Pakistan,large_city,21_30,2019,0.16987386788695336
Pakistan,large_city,21_30,2020,0.16755492307330036
Pakistan,large_city,21_30,2025,0.1786554468943826
Pakistan,large_city,21_30,2030,0.1890609488552195
Pakistan,large_city,21_30,2035,0.1985292856103571
Pakistan,large_city,21_30,2040,0.2072778365778577
Pakistan,large_city,21_30,2045,0.21472971247406644
Pakistan,large_city,21_30,2050,0.22028452350366945
Pakistan,large_city,21_30,2055,0.2236476872040112
Pakistan,large_city,21_30,2060,0.22474514027555592
Pakistan,large_city,21_30,2065,0.22368409415951945
Pakistan,large_city,21_30,2070,0.22064141994162476
Pakistan,large_city,21_30,2075,0.2158693654968814
Pakistan,large_city,21_30,2080,0.20976951527641843
Pakistan,large_city,21_30,2085,0.20277188638459895
Pakistan,large_city,21_30,2090,0.1952985457251713
Pakistan,large_city,21_30,2095,0.18762632695796624
Pakistan,large_city,21_30,2100,0.17992332078717602
Pakistan,large_city,31_50,2011,0.123613380885738
Pakistan,large_city,31_50,2012,0.124699265839408
Pakistan,large_city,31_50,2013,0.12651849792143402
Pakistan,large_city,31_50,2014,0.12858641467950982
Pakistan,large_city,31_50,2015,0.13074672180047073
Pakistan,large_city,31_50,2016,0.13343710729824101
Pakistan,large_city,31_50,2017,0.1353545312561828
Pakistan,large_city,31_50,2018,0.13814991244604907
Pakistan,large_city,31_50,2019,0.1386872345404636
Pakistan,large_city,31_50,2020,0.13679401784234552
Pakistan,large_city,31_50,2025,0.14585662982526057
Pakistan,large_city,31_50,2030,0.15435181692439814
Pakistan,large_city,31_50,2035,0.16208189016404273
Pakistan,large_city,31_50,2040,0.16922432092759243
Pakistan,large_city,31_50,2045,0.1753081293028258
Pakistan,large_city,31_50,2050,0.1798431492542357
Pakistan,large_city,31_50,2055,0.18258887982897995
Pakistan,large_city,31_50,2060,0.18348485478630394
Pakistan,large_city,31_50,2065,0.182618602940841
Pakistan,large_city,31_50,2070,0.1801345241467548
Pakistan,large_city,31_50,2075,0.1762385568490748
Pakistan,large_city,31_50,2080,0.17125855981533433
Pakistan,large_city,31_50,2085,0.16554560460086473
Pakistan,large_city,31_50,2090,0.1594442721138423
Pakistan,large_city,31_50,2095,0.15318057295370305
Pakistan,large_city,31_50,2100,0.1468917385569614
Pakistan,large_city,51+,2011,0.0823319043773287
Pakistan,large_city,51+,2012,0.08305515112885131
Pakistan,large_city,51+,2013,0.08426683906056466
Pakistan,large_city,51+,2014,0.08564416183554441
Pakistan,large_city,51+,2015,0.08708302062279029
Pakistan,large_city,51+,2016,0.08887493473397637
Pakistan,large_city,51+,2017,0.09015202273872874
Pakistan,large_city,51+,2018,0.09201386856135042
Pakistan,large_city,51+,2019,0.09237174851722717
Pakistan,large_city,51+,2020,0.09111078360357351
Pakistan,large_city,51+,2025,0.09714687854604494
Pakistan,large_city,51+,2030,0.10280504376167175
Pakistan,large_city,51+,2035,0.10795360976832802
Pakistan,large_city,51+,2040,0.1127107802496518
Pakistan,large_city,51+,2045,0.11676286203732414
Pakistan,large_city,51+,2050,0.11978338316791186
Pakistan,large_city,51+,2055,0.12161215951482457
Pakistan,large_city,51+,2060,0.12220891792384396
Pakistan,large_city,51+,2065,0.12163195640401252
Pakistan,large_city,51+,2070,0.11997745155773294
Pakistan,large_city,51+,2075,0.11738256737358231
Pakistan,large_city,51+,2080,0.11406567209377198
Pakistan,large_city,51+,2085,0.1102605946898585
Pakistan,large_city,51+,2090,0.1061968410792348
Pakistan,large_city,51+,2095,0.10202494418097241
Pakistan,large_city,51+,2100,0.09783630611859312
Pakistan,city,No_travel,2011,0.0
Pakistan,city,No_travel,2012,0.0
Pakistan,city,No_travel,2013,0.0
Pakistan,city,No_travel,2014,0.0
Pakistan,city,No_travel,2015,0.0
Pakistan,city,No_travel,2016,0.0
Pakistan,city,No_travel,2017,0.0
Pakistan,city,No_travel,2018,0.0
Pakistan,city,No_travel,2019,0.0
Pakistan,city,No_travel,2020,0.0
Pakistan,city,No_travel,2025,0.0
Pakistan,city,No_travel,2030,0.0
Pakistan,city,No_travel,2035,0.0
Pakistan,city,No_travel,2040,0.0
Pakistan,city,No_travel,2045,0.0
Pakistan,city,No_travel,2050,0.0
Pakistan,city,No_travel,2055,0.0
Pakistan,city,No_travel,2060,0.0
Pakistan,city,No_travel,2065,0.0
Pakistan,city,No_travel,2070,0.0
Pakistan,city,No_travel,2075,0.0
Pakistan,city,No_travel,2080,0.0
Pakistan,city,No_travel,2085,0.0
Pakistan,city,No_travel,2090,0.0
Pakistan,city,No_travel,2095,0.0
Pakistan,city,No_travel,2100,0.0
Pakistan,city,00_01,2011,0.14143918779263
Pakistan,city,00_01,2012,0.14268166400987134
Pakistan,city,00_01,2013,0.14476324050461908
Pakistan,city,00_01,2014,0.14712936352940206
Pakistan,city,00_01,2015,0.1496012001734769
Pakistan,city,00_01,2016,0.1526795557441043
Pakistan,city,00_01,2017,0.15487348398489967
Pakistan,city,00_01,2018,0.1580719762697353
Pakistan,city,00_01,2019,0.15868678350235418
Pakistan,city,00_01,2020,0.15652055335656775
Pakistan,city,00_01,2025,0.16689004951433487
Pakistan,city,00_01,2030,0.1766102946434532
Pakistan,city,00_01,2035,0.18545509180666242
Pakistan,city,00_01,2040,0.19362750484821947
Pakistan,city,00_01,2045,0.20058863566685145
Pakistan,city,00_01,2050,0.2057776332814681
Pakistan,city,00_01,2055,0.20891931502827016
Pakistan,city,00_01,2060,0.20994449506410773
Pakistan,city,00_01,2065,0.20895332439497608
Pakistan,city,00_01,2070,0.2061110262187518
Pakistan,city,00_01,2075,0.20165323656602915
Pakistan,city,00_01,2080,0.19595509344742099
Pakistan,city,00_01,2085,0.18941829508756414
Pakistan,city,00_01,2090,0.1824371130728523
Pakistan,city,00_01,2095,0.17527015011593433
Pakistan,city,00_01,2100,0.1680744272672915
Pakistan,city,02_05,2011,0.288371801420151
Pakistan,city,02_05,2012,0.29090501099650184
Pakistan,city,02_05,2013,0.2951490113541986
Pakistan,city,02_05,2014,0.29997315641390254
Pakistan,city,02_05,2015,0.3050128345751861
Pakistan,city,02_05,2016,0.311289107474993
Pakistan,city,02_05,2017,0.3157621750092345
Pakistan,city,02_05,2018,0.3222833873860958
Pakistan,city,02_05,2019,0.3235368806503274
Pakistan,city,02_05,2020,0.3191202850859712
Pakistan,city,02_05,2025,0.34026202333759914
Pakistan,city,02_05,2030,0.36008004295348506
Pakistan,city,02_05,2035,0.3781131646855612
Pakistan,city,02_05,2040,0.39477540311836806
Pakistan,city,02_05,2045,0.4089680315222681
Pakistan,city,02_05,2050,0.4195475647693463
Pakistan,city,02_05,2055,0.42595294957785074
Pakistan,city,02_05,2060,0.42804312711865994
Pakistan,city,02_05,2065,0.4260222892177002
Pakistan,city,02_05,2070,0.4202272994553671
Pakistan,city,02_05,2075,0.41113858187596136
Pakistan,city,02_05,2080,0.3995209826694952
Pakistan,city,02_05,2085,0.38619350003917974
Pakistan,city,02_05,2090,0.37195999046490236
Pakistan,city,02_05,2095,0.3573477033692774
Pakistan,city,02_05,2100,0.3426767794706929
Pakistan,city,06_10,2011,0.300942920069744
Pakistan,city,06_10,2012,0.30358656096424647
Pakistan,city,06_10,2013,0.3080155718943458
Pakistan,city,06_10,2014,0.31305001802936205
Pakistan,city,06_10,2015,0.31830939309516004
Pakistan,city,06_10,2016,0.3248592703172763
Pakistan,city,06_10,2017,0.32952733424999947
Pakistan,city,06_10,2018,0.3363328287034195
Pakistan,city,06_10,2019,0.33764096605030247
Pakistan,city,06_10,2020,0.33303183589486157
Pakistan,city,06_10,2025,0.35509521523175164
Pakistan,city,06_10,2030,0.37577717048477105
Pakistan,city,06_10,2035,0.39459641801624945
Pakistan,city,06_10,2040,0.41198502073042875
Pakistan,city,06_10,2045,0.4267963546205669
Pakistan,city,06_10,2050,0.4378370861091214
Pakistan,city,06_10,2055,0.44452170367210275
Pakistan,city,06_10,2060,0.4467029992408704
Pakistan,city,06_10,2065,0.44459406606533997
Pakistan,city,06_10,2070,0.43854645276798465
Pakistan,city,06_10,2075,0.42906152672956643
Pakistan,city,06_10,2080,0.41693747641613116
Pakistan,city,06_10,2085,0.4030290029794297
Pakistan,city,06_10,2090,0.3881750057680908
Pakistan,city,06_10,2095,0.37292571882048176
Pakistan,city,06_10,2100,0.3576152388899968
Pakistan,city,11_20,2011,0.352477571210292
Pakistan,city,11_20,2012,0.3555739195856932
Pakistan,city,11_20,2013,0.3607613717947149
Pakistan,city,11_20,2014,0.3666579363181412
Pakistan,city,11_20,2015,0.3728179474885214
Pakistan,city,11_20,2016,0.38048945148815727
Pakistan,city,11_20,2017,0.38595689307767633
Pakistan,city,11_20,2018,0.39392778721026034
Pakistan,city,11_20,2019,0.3954599351495836
Pakistan,city,11_20,2020,0.3900615193895271
Pakistan,city,11_20,2025,0.41590311871858276
Pakistan,city,11_20,2030,0.4401267334617865
Pakistan,city,11_20,2035,0.4621686630754272
Pakistan,city,11_20,2040,0.48253495861749934
Pakistan,city,11_20,2045,0.4998826436694377
Pakistan,city,11_20,2050,0.5128140335109691
Pakistan,city,11_20,2055,0.520643351318224
Pakistan,city,11_20,2060,0.5231981805329894
Pakistan,city,11_20,2065,0.5207281053327371
Pakistan,city,11_20,2070,0.513644874910912
Pakistan,city,11_20,2075,0.5025357127736001
Pakistan,city,11_20,2080,0.4883354923240854
Pakistan,city,11_20,2085,0.4720452771062784
Pakistan,city,11_20,2090,0.45464762289795285
Pakistan,city,11_20,2095,0.4367869879817489
Pakistan,city,11_20,2100,0.4188546811552232
Pakistan,city,21_30,2011,0.15857884585093
Pakistan,city,21_30,2012,0.15997188583936822
Pakistan,city,21_30,2013,0.16230570861676913
Pakistan,city,21_30,2014,0.16495855938795367
Pakistan,city,21_30,2015,0.16772993419762894
Pakistan,city,21_30,2016,0.17118132614301107
Pakistan,city,21_30,2017,0.17364111549654707
Pakistan,city,21_30,2018,0.17722720237181946
Pakistan,city,21_30,2019,0.17791651219387847
Pakistan,city,21_30,2020,0.17548777740172206
Pakistan,city,21_30,2025,0.18711385330343935
Pakistan,city,21_30,2030,0.19801200167391544
Pakistan,city,21_30,2035,0.20792861493942502
Pakistan,city,21_30,2040,0.21709136430311116
Pakistan,city,21_30,2045,0.22489604777353986
Pakistan,city,21_30,2050,0.23071385022059274
Pakistan,city,21_30,2055,0.23423624223382492
Pakistan,city,21_30,2060,0.2353856540015939
Pakistan,city,21_30,2065,0.23427437286936173
Pakistan,city,21_30,2070,0.2310876438490376
Pakistan,city,21_30,2075,0.22608965744083362
Pakistan,city,21_30,2080,0.21970101103141618
Pakistan,city,21_30,2085,0.2123720807989678
Pakistan,city,21_30,2090,0.20454491632039773
Pakistan,city,21_30,2095,0.19650945788980542
Pakistan,city,21_30,2100,0.18844175443216152
Pakistan,city,31_50,2011,0.235491949480815
Pakistan,city,31_50,2012,0.23756063462492577
Pakistan,city,31_50,2013,0.2410263962316757
Pakistan,city,31_50,2014,0.2449659191638529
Pakistan,city,31_50,2015,0.24908145205962107
Pakistan,city,31_50,2016,0.25420682053660226
Pakistan,city,31_50,2017,0.2578596443862655
Pakistan,city,31_50,2018,0.2631850368415702
Pakistan,city,31_50,2019,0.2642086722005104
Pakistan,city,31_50,2020,0.26060196483731995
Pakistan,city,31_50,2025,0.27786686082149814
Pakistan,city,31_50,2030,0.2940507735730584
Pakistan,city,31_50,2035,0.3087770920653585
Pakistan,city,31_50,2040,0.3223839114281815
Pakistan,city,31_50,2045,0.33397398269947626
Pakistan,city,31_50,2050,0.3426135060394218
Pakistan,city,31_50,2055,0.3478443106753154
Pakistan,city,31_50,2060,0.34955120428080017
Pakistan,city,31_50,2065,0.3479009352373705
Pakistan,city,31_50,2070,0.3431685951485249
Pakistan,city,31_50,2075,0.33574651084446216
Pakistan,city,31_50,2080,0.3262592757127878
Pakistan,city,31_50,2085,0.3153757050903192
Pakistan,city,31_50,2090,0.30375224918688704
Pakistan,city,31_50,2095,0.29181947366037675
Pakistan,city,31_50,2100,0.27983881378812847
Pakistan,city,51+,2011,0.100050611660432
Pakistan,city,51+,2012,0.10092950885610022
Pakistan,city,51+,2013,0.10240196500328083
Pakistan,city,51+,2014,0.10407570238531706
Pakistan,city,51+,2015,0.1058242189882754
Pakistan,city,51+,2016,0.10800177220076365
Pakistan,city,51+,2017,0.10955370321688697
Pakistan,city,51+,2018,0.11181623819381402
Pakistan,city,51+,2019,0.11225113774772663
Pakistan,city,51+,2020,0.11071879968452338
Pakistan,city,51+,2025,0.11805392688220061
Pakistan,city,51+,2030,0.12492978982962841
Pakistan,city,51+,2035,0.1311863823624487
Pakistan,city,51+,2040,0.13696734686252962
Pakistan,city,51+,2045,0.14189148003327104
Pakistan,city,51+,2050,0.1455620496494377
Pakistan,city,51+,2055,0.14778439824543507
Pakistan,city,51+,2060,0.148509585453085
Pakistan,city,51+,2065,0.14780845563712555
Pakistan,city,51+,2070,0.14579788363448154
Pakistan,city,51+,2075,0.14264455259257575
Pakistan,city,51+,2080,0.13861382593723548
Pakistan,city,51+,2085,0.13398985513811396
Pakistan,city,51+,2090,0.12905153824316132
Pakistan,city,51+,2095,0.12398180446726739
Pakistan,city,51+,2100,0.11889172664950451
Pakistan,town,No_travel,2011,0.0
Pakistan,town,No_travel,2012,0.0
Pakistan,town,No_travel,2013,0.0
Pakistan,town,No_travel,2014,0.0
Pakistan,town,No_travel,2015,0.0
Pakistan,town,No_travel,2016,0.0
Pakistan,town,No_travel,2017,0.0
Pakistan,town,No_travel,2018,0.0
Pakistan,town,No_travel,2019,0.0
Pakistan,town,No_travel,2020,0.0
Pakistan,town,No_travel,2025,0.0
Pakistan,town,No_travel,2030,0.0
Pakistan,town,No_travel,2035,0.0
Pakistan,town,No_travel,2040,0.0
Pakistan,town,No_travel,2045,0.0
Pakistan,town,No_travel,2050,0.0
Pakistan,town,No_travel,2055,0.0
Pakistan,town,No_travel,2060,0.0
Pakistan,town,No_travel,2065,0.0
Pakistan,town,No_travel,2070,0.0
Pakistan,town,No_travel,2075,0.0
Pakistan,town,No_travel,2080,0.0
Pakistan,town,No_travel,2085,0.0
Pakistan,town,No_travel,2090,0.0
Pakistan,town,No_travel,2095,0.0
Pakistan,town,No_travel,2100,0.0
Pakistan,town,00_01,2011,0.136283799718559
Pakistan,town,00_01,2012,0.13748098829541827
Pakistan,town,00_01,2013,0.13948669236185413
Pakistan,town,00_01,2014,0.14176657137877674
Pakistan,town,00_01,2015,0.1441483108061269
Pakistan,town,00_01,2016,0.14711446184670685
Pakistan,town,00_01,2017,0.1492284224939061
Pakistan,town,00_01,2018,0.1523103313251912
Pakistan,town,00_01,2019,0.15290272913985203
Pakistan,town,00_01,2020,0.1508154570058696
Pakistan,town,00_01,2025,0.1608069901842094
Pakistan,town,00_01,2030,0.17017293721109902
Pakistan,town,00_01,2035,0.17869534591518021
Pakistan,town,00_01,2040,0.1865698785645464
Pakistan,town,00_01,2045,0.19327727962578584
Pakistan,town,00_01,2050,0.19827714085722414
Pakistan,town,00_01,2055,0.20130430986634182
Pakistan,town,00_01,2060,0.20229212259957383
Pakistan,town,00_01,2065,0.20133707960854014
Pakistan,town,00_01,2070,0.1985983817877007
Pakistan,town,00_01,2075,0.19430307635148855
Pakistan,town,00_01,2080,0.18881262771654136
Pakistan,town,00_01,2085,0.18251409240692504
Pakistan,town,00_01,2090,0.17578737100573377
Pakistan,town,00_01,2095,0.16888164028531294
Pakistan,town,00_01,2100,0.16194819795692167
Pakistan,town,02_05,2011,0.261285967590787
Pakistan,town,02_05,2012,0.2635812409566551
Pakistan,town,02_05,2013,0.26742661603998646
Pakistan,town,02_05,2014,0.271797644703384
Pakistan,town,02_05,2015,0.27636396213883463
Pakistan,town,02_05,2016,0.28205072495480277
Pakistan,town,02_05,2017,0.2861036516731139
Pakistan,town,02_05,2018,0.292012347590544
Pakistan,town,02_05,2019,0.2931481042727173
Pakistan,town,02_05,2020,0.2891463452941803
Pakistan,town,02_05,2025,0.3083023082157399
Pakistan,town,02_05,2030,0.32625888512641177
Pakistan,town,02_05,2035,0.3425982138584295
Pakistan,town,02_05,2040,0.35769542194085646
Pakistan,town,02_05,2045,0.3705549825043616
Pakistan,town,02_05,2050,0.3801408142934214
Pakistan,town,02_05,2055,0.3859445619526558
Pakistan,town,02_05,2060,0.3878384158541029
Pakistan,town,02_05,2065,0.3860073887436293
Pakistan,town,02_05,2070,0.38075670369130044
Pakistan,town,02_05,2075,0.3725216600594356
Pakistan,town,02_05,2080,0.361995264500666
Pakistan,town,02_05,2085,0.3499195893567646
Pakistan,town,02_05,2090,0.33702298745944775
Pakistan,town,02_05,2095,0.3237831853924904
Pakistan,town,02_05,2100,0.3104902540884777
Pakistan,town,06_10,2011,0.234847781523163
Pakistan,town,06_10,2012,0.23691080795712574
Pakistan,town,06_10,2013,0.24036708927131853
Pakistan,town,06_10,2014,0.24429583597761226
Pakistan,town,06_10,2015,0.24840011118739172
Pakistan,town,06_10,2016,0.25351145966007427
Pakistan,town,06_10,2017,0.2571542915245164
Pakistan,town,06_10,2018,0.26246511682714685
Pakistan,town,06_10,2019,0.26348595211967296
Pakistan,town,06_10,2020,0.25988911059402436
Pakistan,town,06_10,2025,0.27710677994132715
Pakistan,town,06_10,2030,0.29324642299259845
Pakistan,town,06_10,2035,0.30793245890824217
Pakistan,town,06_10,2040,0.3215020579879157
Pakistan,town,06_10,2045,0.3330604256168722
Pakistan,town,06_10,2050,0.34167631628437506
Pakistan,town,06_10,2055,0.3468928125044327
Pakistan,town,06_10,2060,0.3485950370493819
Pakistan,town,06_10,2065,0.3469492821748723
Pakistan,town,06_10,2070,0.3422298869949999
Pakistan,town,06_10,2075,0.33482810516368927
Pakistan,town,06_10,2080,0.32536682154709645
Pakistan,town,06_10,2085,0.3145130219952538
Pakistan,town,06_10,2090,0.3029213610549475
Pakistan,town,06_10,2095,0.291021226608767
Pakistan,town,06_10,2100,0.2790733388003546
Pakistan,town,11_20,2011,0.286274279539271
Pakistan,town,11_20,2012,0.2887890633802029
Pakistan,town,11_20,2013,0.2930021942715756
Pakistan,town,11_20,2014,0.29779125008271423
Pakistan,town,11_20,2015,0.3027942712783589
Pakistan,town,11_20,2016,0.30902489262807353
Pakistan,town,11_20,2017,0.3134654245364962
Pakistan,town,11_20,2018,0.3199392037538635
Pakistan,town,11_20,2019,0.3211835795193094
Pakistan,town,11_20,2020,0.31679910882218926
Pakistan,town,11_20,2025,0.33778706900548927
Pakistan,town,11_20,2030,0.35746093884814734
Pakistan,town,11_20,2035,0.37536289356865254
Pakistan,town,11_20,2040,0.39190393634527826
Pakistan,town,11_20,2045,0.40599333222617234
Pakistan,town,11_20,2050,0.41649591341911085
Pakistan,town,11_20,2055,0.4228547075598554
Pakistan,town,11_20,2060,0.424929681834932
Pakistan,town,11_20,2065,0.422923542845912
Pakistan,town,11_20,2070,0.4171707039380178
Pakistan,town,11_20,2075,0.40814809470865904
Pakistan,town,11_20,2080,0.39661499810757544
Pakistan,town,11_20,2085,0.38338445521372677
Pakistan,town,11_20,2090,0.36925447551867735
Pakistan,town,11_20,2095,0.3547484734057096
Pakistan,town,11_20,2100,0.34018426099465077
Pakistan,town,21_30,2011,0.142215623076087
Pakistan,town,21_30,2012,0.14346491990923385
Pakistan,town,21_30,2013,0.14555792328970515
Pakistan,town,21_30,2014,0.14793703522816978
Pakistan,town,21_30,2015,0.15042244110447334
Pakistan,town,21_30,2016,0.1535176954138263
Pakistan,town,21_30,2017,0.1557236672991173
Pakistan,town,21_30,2018,0.1589397178173009
Pakistan,town,21_30,2019,0.1595579000553577
Pakistan,town,21_30,2020,0.1573797783147203
Pakistan,town,21_30,2025,0.16780619817810402
Pakistan,town,21_30,2030,0.1775798029269988
Pakistan,town,21_30,2035,0.18647315390828142
Pakistan,town,21_30,2040,0.1946904296921624
Pakistan,town,21_30,2045,0.20168977387771694
Pakistan,town,21_30,2050,0.20690725667311438
Pakistan,town,21_30,2055,0.210066184789863
Pakistan,town,21_30,2060,0.21109699258674855
Pakistan,town,21_30,2065,0.21010038085215654
Pakistan,town,21_30,2070,0.2072424797823879
Pakistan,town,21_30,2075,0.20276021894012705
Pakistan,town,21_30,2080,0.1970307956689917
Pakistan,town,21_30,2085,0.19045811332983148
Pakistan,town,21_30,2090,0.18343860787646693
Pakistan,town,21_30,2095,0.1762323016300277
Pakistan,town,21_30,2100,0.16899707761344931
Pakistan,town,31_50,2011,0.175007801582025
Pakistan,town,31_50,2012,0.17654516215861538
Pakistan,town,31_50,2013,0.17912077173228408
Pakistan,town,31_50,2014,0.18204846097670335
Pakistan,town,31_50,2015,0.1851069534899923
Pakistan,town,31_50,2016,0.1889159137174304
Pakistan,town,31_50,2017,0.1916305401533037
Pakistan,town,31_50,2018,0.19558814986445985
Pakistan,town,31_50,2019,0.19634887299824305
Pakistan,town,31_50,2020,0.19366851841298754
Pakistan,town,31_50,2025,0.2064990695099349
Pakistan,town,31_50,2030,0.21852627892363344
Pakistan,town,31_50,2035,0.22947026503617832
Pakistan,town,31_50,2040,0.23958228605626578
Pakistan,town,31_50,2045,0.248195543952513
Pakistan,town,31_50,2050,0.25461607760461413
Pakistan,town,31_50,2055,0.2585033935907913
Pakistan,town,31_50,2060,0.2597718857752965
Pakistan,town,31_50,2065,0.25854547460520666
Pakistan,town,31_50,2070,0.25502859669446165
Pakistan,town,31_50,2075,0.24951281299113684
Pakistan,town,31_50,2080,0.24246229526793395
Pakistan,town,31_50,2085,0.23437407920704434
Pakistan,town,31_50,2090,0.22573601124365947
Pakistan,town,31_50,2095,0.21686806982880233
Pakistan,town,31_50,2100,0.20796454276400572
Pakistan,town,51+,2011,0.0762610743674654
Pakistan,town,51+,2012,0.07693099175515408
Pakistan,town,51+,2013,0.07805333459623619
Pakistan,town,51+,2014,0.07932909902030869
Pakistan,town,51+,2015,0.08066186203372752
Pakistan,town,51+,2016,0.08232164746352869
Pakistan,town,51+,2017,0.08350456803412387
Pakistan,town,51+,2018,0.0852291286866867
Pakistan,town,51+,2019,0.08556061998566918
Pakistan,town,51+,2020,0.08439263365300534
Pakistan,town,51+,2025,0.08998365075358453
Pakistan,town,51+,2030,0.09522460517527213
Pakistan,town,51+,2035,0.09999353622440667
Pakistan,town,51+,2040,0.10439993171104918
Pakistan,town,51+,2045,0.1081532289642805
Pakistan,town,51+,2050,0.11095102877603466
Pakistan,town,51+,2055,0.1126449583656407
Pakistan,town,51+,2060,0.11319771416248303
Pakistan,town,51+,2065,0.11266329551027526
Pakistan,town,51+,2070,0.1111307873279648
Pakistan,town,51+,2075,0.10872723967242238
Pakistan,town,51+,2080,0.10565491917266283
Pakistan,town,51+,2085,0.10213041317382292
Pakistan,town,51+,2090,0.09836630473184492
Pakistan,town,51+,2095,0.09450202706187041
Pakistan,town,51+,2100,0.0906222426552138
Pakistan,rural,No_travel,2011,0.0
Pakistan,rural,No_travel,2012,0.0
Pakistan,rural,No_travel,2013,0.0
Pakistan,rural,No_travel,2014,0.0
Pakistan,rural,No_travel,2015,0.0
Pakistan,rural,No_travel,2016,0.0
Pakistan,rural,No_travel,2017,0.0
Pakistan,rural,No_travel,2018,0.0
Pakistan,rural,No_travel,2019,0.0
Pakistan,rural,No_travel,2020,0.0
Pakistan,rural,No_travel,2025,0.0
Pakistan,rural,No_travel,2030,0.0
Pakistan,rural,No_travel,2035,0.0
Pakistan,rural,No_travel,2040,0.0
Pakistan,rural,No_travel,2045,0.0
Pakistan,rural,No_travel,2050,0.0
Pakistan,rural,No_travel,2055,0.0
Pakistan,rural,No_travel,2060,0.0
Pakistan,rural,No_travel,2065,0.0
Pakistan,rural,No_travel,2070,0.0
Pakistan,rural,No_travel,2075,0.0
Pakistan,rural,No_travel,2080,0.0
Pakistan,rural,No_travel,2085,0.0
Pakistan,rural,No_travel,2090,0.0
Pakistan,rural,No_travel,2095,0.0
Pakistan,rural,No_travel,2100,0.0
Pakistan,rural,00_01,2011,0.0478840154180537
Pakistan,rural,00_01,2012,0.04830465379466949
Pakistan,rural,00_01,2013,0.049009368255519596
Pakistan,rural,00_01,2014,0.04981041549828115
Pakistan,rural,00_01,2015,0.0506472519212202
Pakistan,rural,00_01,2016,0.051689424376440245
Pakistan,rural,00_01,2017,0.05243217534488028
Pakistan,rural,00_01,2018,0.053515019896463435
Pakistan,rural,00_01,2019,0.05372316192177693
Pakistan,rural,00_01,2020,0.052989788100004355
Pakistan,rural,00_01,2025,0.056500364777126943
Pakistan,rural,00_01,2030,0.0597911385357572
Pakistan,rural,00_01,2035,0.06278553075719455
Pakistan,rural,00_01,2040,0.06555228838774856
Pakistan,rural,00_01,2045,0.0679089683195873
Pakistan,rural,00_01,2050,0.0696656953318128
Pakistan,rural,00_01,2055,0.07072930676475632
Pakistan,rural,00_01,2060,0.07107637985962095
Pakistan,rural,00_01,2065,0.0707408205825682
Pakistan,rural,00_01,2070,0.0697785649883649
Pakistan,rural,00_01,2075,0.0682693872859705
Pakistan,rural,00_01,2080,0.06634028986110585
Pakistan,rural,00_01,2085,0.06412726701833467
Pakistan,rural,00_01,2090,0.061763798785479614
Pakistan,rural,00_01,2095,0.05933743470572518
Pakistan,rural,00_01,2100,0.05690133400968874
Pakistan,rural,02_05,2011,0.123784799035439
Pakistan,rural,02_05,2012,0.12487218981629544
Pakistan,rural,02_05,2013,0.12669394467858314
Pakistan,rural,02_05,2014,0.12876472907495073
Pakistan,rural,02_05,2015,0.13092803195451647
Pakistan,rural,02_05,2016,0.13362214828547572
Pakistan,rural,02_05,2017,0.1355422311891134
Pakistan,rural,02_05,2018,0.13834148881264605
Pakistan,rural,02_05,2019,0.1388795560267115
Pakistan,rural,02_05,2020,0.13698371395178513
Pakistan,rural,02_05,2025,0.14605889331346159
Pakistan,rural,02_05,2030,0.1545658609273255
Pakistan,rural,02_05,2035,0.16230665367680225
Pakistan,rural,02_05,2040,0.16945898904984555
Pakistan,rural,02_05,2045,0.1755512340131517
Pakistan,rural,02_05,2050,0.18009254280419498
Pakistan,rural,02_05,2055,0.182842080960702
Pakistan,rural,02_05,2060,0.18373929839168268
Pakistan,rural,02_05,2065,0.18287184529043773
Pakistan,rural,02_05,2070,0.18038432175446725
Pakistan,rural,02_05,2075,0.1764829518094308
Pakistan,rural,02_05,2080,0.17149604887382985
Pakistan,rural,02_05,2085,0.16577517134378913
Pakistan,rural,02_05,2090,0.15966537796751554
Pakistan,rural,02_05,2095,0.15339299275969584
Pakistan,rural,02_05,2100,0.14709543745953466
Pakistan,rural,06_10,2011,0.148707724813786
Pakistan,rural,06_10,2012,0.1500140516831971
Pakistan,rural,06_10,2013,0.15220260005787833
Pakistan,rural,06_10,2014,0.1546903177628249
Pakistan,rural,06_10,2015,0.1572891816928882
Pakistan,rural,06_10,2016,0.1605257334591993
Pakistan,rural,06_10,2017,0.16283240731801504
Pakistan,rural,06_10,2018,0.16619526960487796
Pakistan,rural,06_10,2019,0.16684167168190245
Pakistan,rural,06_10,2020,0.16456411931872547
Pakistan,rural,06_10,2025,0.1754665022095808
Pakistan,rural,06_10,2030,0.18568626916626574
Pakistan,rural,06_10,2035,0.19498559902744023
Pakistan,rural,06_10,2040,0.20357799105552699
Pakistan,rural,06_10,2045,0.21089685326284963
Pakistan,rural,06_10,2050,0.21635251262696548
Pakistan,rural,06_10,2055,0.219655644891419
Pakistan,rural,06_10,2060,0.22073350876375286
Pakistan,rural,06_10,2065,0.21969140199398812
Pakistan,rural,06_10,2070,0.21670303857346013
Pakistan,rural,06_10,2075,0.212016163830325
Pakistan,rural,06_10,2080,0.206025194056984
Pakistan,rural,06_10,2085,0.199152470684972
Pakistan,rural,06_10,2090,0.19181252685384081
Pakistan,rural,06_10,2095,0.18427725482788332
Pakistan,rural,06_10,2100,0.17671174494400932
Pakistan,rural,11_20,2011,0.227309082564942
Pakistan,rural,11_20,2012,0.2293058851021848
Pakistan,rural,11_20,2013,0.23265121853271598
Pakistan,rural,11_20,2014,0.23645385104491445
Pakistan,rural,11_20,2015,0.24042637753197854
Pakistan,rural,11_20,2016,0.24537364986497517
Pakistan,rural,11_20,2017,0.2488995455054371
Pakistan,rural,11_20,2018,0.2540398913897969
Pakistan,rural,11_20,2019,0.25502795749921053
Pakistan,rural,11_20,2020,0.2515465758909877
Pakistan,rural,11_20,2025,0.26821155180797723
Pakistan,rural,11_20,2030,0.2838331064640014
Pakistan,rural,11_20,2035,0.29804771530062574
Pakistan,rural,11_20,2040,0.3111817253286082
Pakistan,rural,11_20,2045,0.3223690651648472
Pakistan,rural,11_20,2050,0.3307083826172318
Pakistan,rural,11_20,2055,0.33575742741677933
Pakistan,rural,11_20,2060,0.33740500993649647
Pakistan,rural,11_20,2065,0.3358120843903182
Pakistan,rural,11_20,2070,0.33124418350728424
Pakistan,rural,11_20,2075,0.324080001557134
Pakistan,rural,11_20,2080,0.31492242857592057
Pakistan,rural,11_20,2085,0.30441703992599717
Pakistan,rural,11_20,2090,0.29319747550577707
Pakistan,rural,11_20,2095,0.2816793396910942
Pakistan,rural,11_20,2100,0.2701149834144257
Pakistan,rural,21_30,2011,0.153212938930544
Pakistan,rural,21_30,2012,0.15455884197032918
Pakistan,rural,21_30,2013,0.1568136940897901
Pakistan,rural,21_30,2014,0.15937677910290354
Pakistan,rural,21_30,2015,0.16205437760092498
Pakistan,rural,21_30,2016,0.16538898317530465
Pakistan,rural,21_30,2017,0.16776553948067457
Pakistan,rural,21_30,2018,0.1712302822493111
Pakistan,rural,21_30,2019,0.17189626757102688
Pakistan,rural,21_30,2020,0.16954971501925117
Pakistan,rural,21_30,2025,0.18078239392779952
Pakistan,rural,21_30,2030,0.19131177653102124
Pakistan,rural,21_30,2035,0.20089283669382876
Pakistan,rural,21_30,2040,0.20974554180188584
Pakistan,rural,21_30,2045,0.21728613453044623
Pakistan,rural,21_30,2050,0.22290707726241815
Pakistan,rural,21_30,2055,0.22631028044199036
Pakistan,rural,21_30,2060,0.22742079902368556
Pakistan,rural,21_30,2065,0.22634712083329564
Pakistan,rural,21_30,2070,0.22326822266021845
Pakistan,rural,21_30,2075,0.2184393554665722
Pakistan,rural,21_30,2080,0.21226688468761948
Pakistan,rural,21_30,2085,0.20518594691117806
Pakistan,rural,21_30,2090,0.19762363387491222
Pakistan,rural,21_30,2095,0.18986007502695226
Pakistan,rural,21_30,2100,0.1820653622420724
Pakistan,rural,31_50,2011,0.152668305095647
Pakistan,rural,31_50,2012,0.1540094237853696
Pakistan,rural,31_50,2013,0.15625626046719504
Pakistan,rural,31_50,2014,0.15881023435151218
Pakistan,rural,31_50,2015,0.161478314653822
Pakistan,rural,31_50,2016,0.164801066535984
Pakistan,rural,31_50,2017,0.16716917477565219
Pakistan,rural,31_50,2018,0.17062160124676068
Pakistan,rural,31_50,2019,0.17128521915654454
Pakistan,rural,31_50,2020,0.16894700801460003
Pakistan,rural,31_50,2025,0.18013975754751707
Pakistan,rural,31_50,2030,0.1906317108182926
Pakistan,rural,31_50,2035,0.20017871269871698
Pakistan,rural,31_50,2040,0.20899994864518845
Pakistan,rural,31_50,2045,0.21651373644484517
Pakistan,rural,31_50,2050,0.22211469812549586
Pakistan,rural,31_50,2055,0.2255058037654506
Pakistan,rural,31_50,2060,0.22661237473020107
Pakistan,rural,31_50,2065,0.22554251319834115
Pakistan,rural,31_50,2070,0.2224745597413628
Pakistan,rural,31_50,2075,0.21766285796779292
Pakistan,rural,31_50,2080,0.21151232878499127
Pakistan,rural,31_50,2085,0.20445656197859172
Pakistan,rural,31_50,2090,0.19692113108151324
Pakistan,rural,31_50,2095,0.18918516975147395
Pakistan,rural,31_50,2100,0.18141816522900053
Pakistan,rural,51+,2011,0.0512532102732799
Pakistan,rural,51+,2012,0.051703445429573246
Pakistan,rural,51+,2013,0.05245774471147836
Pakistan,rural,51+,2014,0.053315154901781854
Pakistan,rural,51+,2015,0.05421087245543262
Pakistan,rural,51+,2016,0.05532637380848486
Pakistan,rural,51+,2017,0.05612138590665128
Pakistan,rural,51+,2018,0.05728042110892134
Pakistan,rural,51+,2019,0.05750320833545115
Pakistan,rural,51+,2020,0.05671823317478288
Pakistan,rural,51+,2025,0.060475819564357006
Pakistan,rural,51+,2030,0.06399813735538498
Pakistan,rural,51+,2035,0.06720321973676226
Pakistan,rural,51+,2040,0.07016465079837958
Pakistan,rural,51+,2045,0.07268715044755915
Pakistan,rural,51+,2050,0.07456748354335874
Pakistan,rural,51+,2055,0.0757059323544241
Pakistan,rural,51+,2060,0.07607742605970322
Pakistan,rural,51+,2065,0.07571825630261868
Pakistan,rural,51+,2070,0.07468829488698212
Pakistan,rural,51+,2075,0.07307292906092815
Pakistan,rural,51+,2080,0.07100809729836563
Pakistan,rural,51+,2085,0.06863936267763959
Pakistan,rural,51+,2090,0.06610959709187658
Pakistan,rural,51+,2095,0.06351251020821687
Pakistan,rural,51+,2100,0.06090500162459536
Sri Lanka,large_city,No_travel,2011,0.0
Sri Lanka,large_city,No_travel,2012,0.0
Sri Lanka,large_city,No_travel,2013,0.0
Sri Lanka,large_city,No_travel,2014,0.0
Sri Lanka,large_city,No_travel,2015,0.0
Sri Lanka,large_city,No_travel,2016,0.0
Sri Lanka,large_city,No_travel,2017,0.0
Sri Lanka,large_city,No_travel,2018,0.0
Sri Lanka,large_city,No_travel,2019,0.0
Sri Lanka,large_city,No_travel,2020,0.0
Sri Lanka,large_city,No_travel,2025,0.0
Sri Lanka,large_city,No_travel,2030,0.0
Sri Lanka,large_city,No_travel,2035,0.0
Sri Lanka,large_city,No_travel,2040,0.0
Sri Lanka,large_city,No_travel,2045,0.0
Sri Lanka,large_city,No_travel,2050,0.0
Sri Lanka,large_city,No_travel,2055,0.0
Sri Lanka,large_city,No_travel,2060,0.0
Sri Lanka,large_city,No_travel,2065,0.0
Sri Lanka,large_city,No_travel,2070,0.0
Sri Lanka,large_city,No_travel,2075,0.0
Sri Lanka,large_city,No_travel,2080,0.0
Sri Lanka,large_city,No_travel,2085,0.0
Sri Lanka,large_city,No_travel,2090,0.0
Sri Lanka,large_city,No_travel,2095,0.0
Sri Lanka,large_city,No_travel,2100,0.0
Sri Lanka,large_city,00_01,2011,0.0918299625000023
Sri Lanka,large_city,00_01,2012,0.0929644990880221
Sri Lanka,large_city,00_01,2013,0.09343782261457605
Sri Lanka,large_city,00_01,2014,0.0941484151884752
Sri Lanka,large_city,00_01,2015,0.0945618350638173
Sri Lanka,large_city,00_01,2016,0.09502348332864959
Sri Lanka,large_city,00_01,2017,0.09554338701813689
Sri Lanka,large_city,00_01,2018,0.09569529367337944
Sri Lanka,large_city,00_01,2019,0.09565412571824466
Sri Lanka,large_city,00_01,2020,0.09523283051519472
Sri Lanka,large_city,00_01,2025,0.09475493905596362
Sri Lanka,large_city,00_01,2030,0.09576854574789899
Sri Lanka,large_city,00_01,2035,0.09645132316148715
Sri Lanka,large_city,00_01,2040,0.09669282609626902
Sri Lanka,large_city,00_01,2045,0.09643472357415325
Sri Lanka,large_city,00_01,2050,0.09564099715438246
Sri Lanka,large_city,00_01,2055,0.09431684034688473
Sri Lanka,large_city,00_01,2060,0.0925388898316834
Sri Lanka,large_city,00_01,2065,0.09041937897763437
Sri Lanka,large_city,00_01,2070,0.08806465104983792
Sri Lanka,large_city,00_01,2075,0.0854658196648975
Sri Lanka,large_city,00_01,2080,0.0827597891500554
Sri Lanka,large_city,00_01,2085,0.08000668229593015
Sri Lanka,large_city,00_01,2090,0.07732473413480109
Sri Lanka,large_city,00_01,2095,0.0747589426289666
Sri Lanka,large_city,00_01,2100,0.07225230781334649
Sri Lanka,large_city,02_05,2011,0.218099182353909
Sri Lanka,large_city,02_05,2012,0.2207937440793121
Sri Lanka,large_city,02_05,2013,0.22191790302830744
Sri Lanka,large_city,02_05,2014,0.2236055837714436
Sri Lanka,large_city,02_05,2015,0.22458746957784323
Sri Lanka,large_city,02_05,2016,0.22568389939610675
Sri Lanka,large_city,02_05,2017,0.226918687764663
Sri Lanka,large_city,02_05,2018,0.22727947106894147
Sri Lanka,large_city,02_05,2019,0.22718169582097625
Sri Lanka,large_city,02_05,2020,0.2261811058521541
Sri Lanka,large_city,02_05,2025,0.225046097912755
Sri Lanka,large_city,02_05,2030,0.2274534471560867
Sri Lanka,large_city,02_05,2035,0.22907506597830163
Sri Lanka,large_city,02_05,2040,0.22964864339440907
Sri Lanka,large_city,02_05,2045,0.2290356414122191
Sri Lanka,large_city,02_05,2050,0.22715051504984363
Sri Lanka,large_city,02_05,2055,0.22400559906424022
Sri Lanka,large_city,02_05,2060,0.21978290809198692
Sri Lanka,large_city,02_05,2065,0.2147490000768517
Sri Lanka,large_city,02_05,2070,0.2091564437723851
Sri Lanka,large_city,02_05,2075,0.20298413372563787
Sri Lanka,large_city,02_05,2080,0.19655722221827693
Sri Lanka,large_city,02_05,2085,0.19001850285619895
Sri Lanka,large_city,02_05,2090,0.18364878773127116
Sri Lanka,large_city,02_05,2095,0.17755494848448833
Sri Lanka,large_city,02_05,2100,0.1716016083233555
Sri Lanka,large_city,06_10,2011,0.227649910037638
Sri Lanka,large_city,06_10,2012,0.23046246865321085
Sri Lanka,large_city,06_10,2013,0.2316358553704133
Sri Lanka,large_city,06_10,2014,0.2333974409261251
Sri Lanka,large_city,06_10,2015,0.23442232425251647
Sri Lanka,large_city,06_10,2016,0.2355667675594393
Sri Lanka,large_city,06_10,2017,0.236855628241921
Sri Lanka,large_city,06_10,2018,0.23723221051919333
Sri Lanka,large_city,06_10,2019,0.2371301536193785
Sri Lanka,large_city,06_10,2020,0.23608574706118562
Sri Lanka,large_city,06_10,2025,0.23490103626810743
Sri Lanka,large_city,06_10,2030,0.23741380515040586
Sri Lanka,large_city,06_10,2035,0.23910643588385597
Sri Lanka,large_city,06_10,2040,0.23970513068760171
Sri Lanka,large_city,06_10,2045,0.23906528488629103
Sri Lanka,large_city,06_10,2050,0.2370976074187617
Sri Lanka,large_city,06_10,2055,0.23381497319028124
Sri Lanka,large_city,06_10,2060,0.22940736739563725
Sri Lanka,large_city,06_10,2065,0.22415302075199087
Sri Lanka,large_city,06_10,2070,0.21831556218909576
Sri Lanka,large_city,06_10,2075,0.21187296203030048
Sri Lanka,large_city,06_10,2080,0.2051646112209131
Sri Lanka,large_city,06_10,2085,0.1983395564065261
Sri Lanka,large_city,06_10,2090,0.19169090665229555
Sri Lanka,large_city,06_10,2095,0.18533021358897708
Sri Lanka,large_city,06_10,2100,0.17911617217223239
Sri Lanka,large_city,11_20,2011,0.24573634096712
Sri Lanka,large_city,11_20,2012,0.24877235298589107
Sri Lanka,large_city,11_20,2013,0.25003896345095594
Sri Lanka,large_city,11_20,2014,0.2519405042364963
Sri Lanka,large_city,11_20,2015,0.25304681294755166
Sri Lanka,large_city,11_20,2016,0.2542821804934516
Sri Lanka,large_city,11_20,2017,0.2556734391505583
Sri Lanka,large_city,11_20,2018,0.2560799403034675
Sri Lanka,large_city,11_20,2019,0.2559697751418525
Sri Lanka,large_city,11_20,2020,0.25484239210862414
Sri Lanka,large_city,11_20,2025,0.2535635578874854
Sri Lanka,large_city,11_20,2030,0.2562759623454093
Sri Lanka,large_city,11_20,2035,0.2581030699554134
Sri Lanka,large_city,11_20,2040,0.2587493301292223
Sri Lanka,large_city,11_20,2045,0.258058649575159
Sri Lanka,large_city,11_20,2050,0.25593464319626713
Sri Lanka,large_city,11_20,2055,0.25239120878899307
Sri Lanka,large_city,11_20,2060,0.24763342557606657
Sri Lanka,large_city,11_20,2065,0.24196162927195622
Sri Lanka,large_city,11_20,2070,0.23566039371444664
Sri Lanka,large_city,11_20,2075,0.2287059390033739
Sri Lanka,large_city,11_20,2080,0.22146462016626067
Sri Lanka,large_city,11_20,2085,0.21409732537264448
Sri Lanka,large_city,11_20,2090,0.20692045074657311
Sri Lanka,large_city,11_20,2095,0.2000544105221935
Sri Lanka,large_city,11_20,2100,0.1933466731893893
Sri Lanka,large_city,21_30,2011,0.151410352965953
Sri Lanka,large_city,21_30,2012,0.15328099061589062
Sri Lanka,large_city,21_30,2013,0.15406141217190097
Sri Lanka,large_city,21_30,2014,0.15523304580323405
Sri Lanka,large_city,21_30,2015,0.15591469749451817
Sri Lanka,large_city,21_30,2016,0.15667586873777525
Sri Lanka,large_city,21_30,2017,0.15753309222987427
Sri Lanka,large_city,21_30,2018,0.15778355776053535
Sri Lanka,large_city,21_30,2019,0.1577156795381323
Sri Lanka,large_city,21_30,2020,0.15702104291126168
Sri Lanka,large_city,21_30,2025,0.1562330896925985
Sri Lanka,large_city,21_30,2030,0.15790433666707684
Sri Lanka,large_city,21_30,2035,0.15903010832563066
Sri Lanka,large_city,21_30,2040,0.159428301285773
Sri Lanka,large_city,21_30,2045,0.15900273872524218
Sri Lanka,large_city,21_30,2050,0.1576940330032302
Sri Lanka,large_city,21_30,2055,0.15551074724172836
Sri Lanka,large_city,21_30,2060,0.1525792409257738
Sri Lanka,large_city,21_30,2065,0.14908456579153614
Sri Lanka,large_city,21_30,2070,0.145202061900865
Sri Lanka,large_city,21_30,2075,0.1409170772773243
Sri Lanka,large_city,21_30,2080,0.13645534143169688
Sri Lanka,large_city,21_30,2085,0.13191598554841338
Sri Lanka,large_city,21_30,2090,0.12749395697889362
Sri Lanka,large_city,21_30,2095,0.12326344890768064
Sri Lanka,large_city,21_30,2100,0.11913047910286582
Sri Lanka,large_city,31_50,2011,0.123613380885738
Sri Lanka,large_city,31_50,2012,0.12514059378625172
Sri Lanka,large_city,31_50,2013,0.12577774009206769
Sri Lanka,large_city,31_50,2014,0.12673427702294113
Sri Lanka,large_city,31_50,2015,0.1272907863269321
Sri Lanka,large_city,31_50,2016,0.12791221642711267
Sri Lanka,large_city,31_50,2017,0.1286120648321743
Sri Lanka,large_city,31_50,2018,0.12881654814810264
Sri Lanka,large_city,31_50,2019,0.12876113148474114
Sri Lanka,large_city,31_50,2020,0.12819402111049977
Sri Lanka,large_city,31_50,2025,0.12755072585736305
Sri Lanka,large_city,31_50,2030,0.12891515361783978
Sri Lanka,large_city,31_50,2035,0.12983424823781253
Sri Lanka,large_city,31_50,2040,0.1301593381480062
Sri Lanka,large_city,31_50,2045,0.1298119033401801
Sri Lanka,large_city,31_50,2050,0.12874345897218642
Sri Lanka,large_city,31_50,2055,0.12696099608816142
Sri Lanka,large_city,31_50,2060,0.124567676214688
Sri Lanka,large_city,31_50,2065,0.12171457799532401
Sri Lanka,large_city,31_50,2070,0.11854485133643552
Sri Lanka,large_city,31_50,2075,0.11504653417394684
Sri Lanka,large_city,31_50,2080,0.11140391501552567
Sri Lanka,large_city,31_50,2085,0.10769792584910177
Sri Lanka,large_city,31_50,2090,0.10408772422719169
Sri Lanka,large_city,31_50,2095,0.10063388243035873
Sri Lanka,large_city,31_50,2100,0.09725967214246177
Sri Lanka,large_city,51+,2011,0.0823319043773287
Sri Lanka,large_city,51+,2012,0.083349094794644
Sri Lanka,large_city,51+,2013,0.08377346203020482
Sri Lanka,large_city,51+,2014,0.08441055735566033
Sri Lanka,large_city,51+,2015,0.08478121683016844
Sri Lanka,large_city,51+,2016,0.08519511638714726
Sri Lanka,large_city,51+,2017,0.08566124595622214
Sri Lanka,large_city,51+,2018,0.08579744076533696
Sri Lanka,large_city,51+,2019,0.08576053084995325
Sri Lanka,large_city,51+,2020,0.08538281060018037
Sri Lanka,large_city,51+,2025,0.0849543478974524
Sri Lanka,large_city,51+,2030,0.0858631163099043
Sri Lanka,large_city,51+,2035,0.08647527342285682
Sri Lanka,large_city,51+,2040,0.08669179748528694
Sri Lanka,large_city,51+,2045,0.08646039074622415
Sri Lanka,large_city,51+,2050,0.08574876018561789
Sri Lanka,large_city,51+,2055,0.08456156214385141
Sri Lanka,large_city,51+,2060,0.08296750669811197
Sri Lanka,large_city,51+,2065,0.08106721881590499
Sri Lanka,large_city,51+,2070,0.07895604257987031
Sri Lanka,large_city,51+,2075,0.07662601073348127
Sri Lanka,large_city,51+,2080,0.07419986746254062
Sri Lanka,large_city,51+,2085,0.07173151700171577
Sri Lanka,large_city,51+,2090,0.06932696522432585
Sri Lanka,large_city,51+,2095,0.06702655591172788
Sri Lanka,large_city,51+,2100,0.06477918465805334
Sri Lanka,city,No_travel,2011,0.0
Sri Lanka,city,No_travel,2012,0.0
Sri Lanka,city,No_travel,2013,0.0
Sri Lanka,city,No_travel,2014,0.0
Sri Lanka,city,No_travel,2015,0.0
Sri Lanka,city,No_travel,2016,0.0
Sri Lanka,city,No_travel,2017,0.0
Sri Lanka,city,No_travel,2018,0.0
Sri Lanka,city,No_travel,2019,0.0
Sri Lanka,city,No_travel,2020,0.0
Sri Lanka,city,No_travel,2025,0.0
Sri Lanka,city,No_travel,2030,0.0
Sri Lanka,city,No_travel,2035,0.0
Sri Lanka,city,No_travel,2040,0.0
Sri Lanka,city,No_travel,2045,0.0
Sri Lanka,city,No_travel,2050,0.0
Sri Lanka,city,No_travel,2055,0.0
Sri Lanka,city,No_travel,2060,0.0
Sri Lanka,city,No_travel,2065,0.0
Sri Lanka,city,No_travel,2070,0.0
Sri Lanka,city,No_travel,2075,0.0
Sri Lanka,city,No_travel,2080,0.0
Sri Lanka,city,No_travel,2085,0.0
Sri Lanka,city,No_travel,2090,0.0
Sri Lanka,city,No_travel,2095,0.0
Sri Lanka,city,No_travel,2100,0.0
Sri Lanka,city,00_01,2011,0.14143918779263
Sri Lanka,city,00_01,2012,0.14318663415068048
Sri Lanka,city,00_01,2013,0.14391566085761104
Sri Lanka,city,00_01,2014,0.14501013627464904
Sri Lanka,city,00_01,2015,0.14564689763002597
Sri Lanka,city,00_01,2016,0.14635794175817482
Sri Lanka,city,00_01,2017,0.14715871259124005
Sri Lanka,city,00_01,2018,0.14739268365420113
Sri Lanka,city,00_01,2019,0.14732927556844325
Sri Lanka,city,00_01,2020,0.1466803844035327
Sri Lanka,city,00_01,2025,0.1459443220334029
Sri Lanka,city,00_01,2030,0.14750550863683326
Sri Lanka,city,00_01,2035,0.14855714233232845
Sri Lanka,city,00_01,2040,0.1489291121994084
Sri Lanka,city,00_01,2045,0.1485315751635495
Sri Lanka,city,00_01,2050,0.14730905457129803
Sri Lanka,city,00_01,2055,0.14526954961818914
Sri Lanka,city,00_01,2060,0.14253109835501282
Sri Lanka,city,00_01,2065,0.1392665658913918
Sri Lanka,city,00_01,2070,0.1356397452272742
Sri Lanka,city,00_01,2075,0.13163694929565264
Sri Lanka,city,00_01,2080,0.12746904213614219
Sri Lanka,city,00_01,2085,0.1232286266252049
Sri Lanka,city,00_01,2090,0.11909781180959368
Sri Lanka,city,00_01,2095,0.11514590486385741
Sri Lanka,city,00_01,2100,0.11128511277855054
Sri Lanka,city,02_05,2011,0.288371801420151
Sri Lanka,city,02_05,2012,0.29193456406055096
Sri Lanka,city,02_05,2013,0.2934209324994676
Sri Lanka,city,02_05,2014,0.2956523921999012
Sri Lanka,city,02_05,2015,0.296950646396567
Sri Lanka,city,02_05,2016,0.29840035124374226
Sri Lanka,city,02_05,2017,0.3000329944401547
Sri Lanka,city,02_05,2018,0.3005100238826964
Sri Lanka,city,02_05,2019,0.300380744973506
Sri Lanka,city,02_05,2020,0.2990577600421642
Sri Lanka,city,02_05,2025,0.2975570470152829
Sri Lanka,city,02_05,2030,0.30074005591267755
Sri Lanka,city,02_05,2035,0.30288416821943587
Sri Lanka,city,02_05,2040,0.303642555073305
Sri Lanka,city,02_05,2045,0.3028320408660972
Sri Lanka,city,02_05,2050,0.30033951760601135
Sri Lanka,city,02_05,2055,0.2961812943687878
Sri Lanka,city,02_05,2060,0.2905980317936291
Sri Lanka,city,02_05,2065,0.28394217409237316
Sri Lanka,city,02_05,2070,0.27654766890140153
Sri Lanka,city,02_05,2075,0.26838661048800533
Sri Lanka,city,02_05,2080,0.2598889167830461
Sri Lanka,city,02_05,2085,0.25124339018788666
Sri Lanka,city,02_05,2090,0.2428213218184236
Sri Lanka,city,02_05,2095,0.23476401787902587
Sri Lanka,city,02_05,2100,0.22689248251514266
Sri Lanka,city,06_10,2011,0.300942920069744
Sri Lanka,city,06_10,2012,0.3046609957874013
Sri Lanka,city,06_10,2013,0.30621216013878444
Sri Lanka,city,06_10,2014,0.30854089684244024
Sri Lanka,city,06_10,2015,0.30989574640475287
Sri Lanka,city,06_10,2016,0.31140864887232994
Sri Lanka,city,06_10,2017,0.31311246460098535
Sri Lanka,city,06_10,2018,0.31361028939762203
Sri Lanka,city,06_10,2019,0.3134753747761383
Sri Lanka,city,06_10,2020,0.31209471638136627
Sri Lanka,city,06_10,2025,0.3105285821120923
Sri Lanka,city,06_10,2030,0.31385034931496203
Sri Lanka,city,06_10,2035,0.3160879308516297
Sri Lanka,city,06_10,2040,0.31687937839685404
Sri Lanka,city,06_10,2045,0.3160335310876723
Sri Lanka,city,06_10,2050,0.3134323501658972
Sri Lanka,city,06_10,2055,0.30909285567597417
Sri Lanka,city,06_10,2060,0.30326619948209654
Sri Lanka,city,06_10,2065,0.29632019005149246
Sri Lanka,city,06_10,2070,0.2886033329465925
Sri Lanka,city,06_10,2075,0.2800865059278202
Sri Lanka,city,06_10,2080,0.27121836852730247
Sri Lanka,city,06_10,2085,0.26219595369244436
Sri Lanka,city,06_10,2090,0.25340673839590283
Sri Lanka,city,06_10,2095,0.2449981888655035
Sri Lanka,city,06_10,2100,0.2367835062017577
Sri Lanka,city,11_20,2011,0.352477571210292
Sri Lanka,city,11_20,2012,0.35683234486049814
Sri Lanka,city,11_20,2013,0.3586491367059312
Sri Lanka,city,11_20,2014,0.36137665545633946
Sri Lanka,city,11_20,2015,0.36296351479487654
Sri Lanka,city,11_20,2016,0.3647354926407951
Sri Lanka,city,11_20,2017,0.3667310764866858
Sri Lanka,city,11_20,2018,0.36731415076258533
Sri Lanka,city,11_20,2019,0.367156132829848
Sri Lanka,city,11_20,2020,0.36553904505271223
Sri Lanka,city,11_20,2025,0.3637047197816775
Sri Lanka,city,11_20,2030,0.3675953194858413
Sri Lanka,city,11_20,2035,0.37021607329937783
Sri Lanka,city,11_20,2040,0.37114305144000453
Sri Lanka,city,11_20,2045,0.3701523579055428
Sri Lanka,city,11_20,2050,0.3671057405158619
Sri Lanka,city,11_20,2055,0.3620231338948654
Sri Lanka,city,11_20,2060,0.3551986981413363
Sri Lanka,city,11_20,2065,0.3470632266933431
Sri Lanka,city,11_20,2070,0.33802490457869877
Sri Lanka,city,11_20,2075,0.32804962255080006
Sri Lanka,city,11_20,2080,0.317662870367465
Sri Lanka,city,11_20,2085,0.30709542167418635
Sri Lanka,city,11_20,2090,0.296801106526811
Sri Lanka,city,11_20,2095,0.2869526438509331
Sri Lanka,city,11_20,2100,0.27733124656765634
Sri Lanka,city,21_30,2011,0.15857884585093
Sri Lanka,city,21_30,2012,0.16053804846634895
Sri Lanka,city,21_30,2013,0.16135541892487457
Sri Lanka,city,21_30,2014,0.16258252331620185
Sri Lanka,city,21_30,2015,0.16329644767050594
Sri Lanka,city,21_30,2016,0.1640936564140703
Sri Lanka,city,21_30,2017,0.1649914649809913
Sri Lanka,city,21_30,2018,0.16525378875211816
Sri Lanka,city,21_30,2019,0.16518269684884843
Sri Lanka,city,21_30,2020,0.164455172789779
Sri Lanka,city,21_30,2025,0.16362991408353827
Sri Lanka,city,21_30,2030,0.16538028591183873
Sri Lanka,city,21_30,2035,0.16655935700445615
Sri Lanka,city,21_30,2040,0.1669764023306733
Sri Lanka,city,21_30,2045,0.1665306915958101
Sri Lanka,city,21_30,2050,0.16516002546307987
Sri Lanka,city,21_30,2055,0.16287337247377218
Sri Lanka,city,21_30,2060,0.15980307457747625
Sri Lanka,city,21_30,2065,0.15614294474780757
Sri Lanka,city,21_30,2070,0.15207662448678272
Sri Lanka,city,21_30,2075,0.14758876812307117
Sri Lanka,city,21_30,2080,0.1429157922860066
Sri Lanka,city,21_30,2085,0.1381615215061241
Sri Lanka,city,21_30,2090,0.13353013287821455
Sri Lanka,city,21_30,2095,0.12909933224830747
Sri Lanka,city,21_30,2100,0.12477068781451729
Sri Lanka,city,31_50,2011,0.235491949480815
Sri Lanka,city,31_50,2012,0.238401394563841
Sri Lanka,city,31_50,2013,0.23961520187649585
Sri Lanka,city,31_50,2014,0.24143747018586273
Sri Lanka,city,31_50,2015,0.24249765849203153
Sri Lanka,city,31_50,2016,0.24368152535748724
Sri Lanka,city,31_50,2017,0.24501478445992486
Sri Lanka,city,31_50,2018,0.245404339169611
Sri Lanka,city,31_50,2019,0.24529876663373174
Sri Lanka,city,31_50,2020,0.24421838256330214
Sri Lanka,city,31_50,2025,0.24299286108522725
Sri Lanka,city,31_50,2030,0.24559218933705634
Sri Lanka,city,31_50,2035,0.24734312748197107
Sri Lanka,city,31_50,2040,0.24796244600687106
Sri Lanka,city,31_50,2045,0.24730055892291458
Sri Lanka,city,31_50,2050,0.24526509928798065
Sri Lanka,city,31_50,2055,0.24186938551954776
Sri Lanka,city,31_50,2060,0.2373099473851244
Sri Lanka,city,31_50,2065,0.23187460003903632
Sri Lanka,city,31_50,2070,0.2258360538486936
Sri Lanka,city,31_50,2075,0.219171520263465
Sri Lanka,city,31_50,2080,0.21223208150136463
Sri Lanka,city,31_50,2085,0.20517191853759414
Sri Lanka,city,31_50,2090,0.19829423740088722
Sri Lanka,city,31_50,2095,0.19171443243069283
Sri Lanka,city,31_50,2100,0.18528633093422486
Sri Lanka,city,51+,2011,0.100050611660432
Sri Lanka,city,51+,2012,0.10128671234578855
Sri Lanka,city,51+,2013,0.10180240795379877
Sri Lanka,city,51+,2014,0.10257661301415662
Sri Lanka,city,51+,2015,0.10302704237593006
Sri Lanka,city,51+,2016,0.10353001754885847
Sri Lanka,city,51+,2017,0.10409646319167051
Sri Lanka,city,51+,2018,0.1042619685818345
Sri Lanka,city,51+,2019,0.1042171152574956
Sri Lanka,city,51+,2020,0.10375810556602641
Sri Lanka,city,51+,2025,0.10323743310246782
Sri Lanka,city,51+,2030,0.10434177820672766
Sri Lanka,city,51+,2035,0.1050856780842586
Sri Lanka,city,51+,2040,0.10534880044307167
Sri Lanka,city,51+,2045,0.1050675924962778
Sri Lanka,city,51+,2050,0.10420281142017629
Sri Lanka,city,51+,2055,0.10276011564945255
Sri Lanka,city,51+,2060,0.10082300240552775
Sri Lanka,city,51+,2065,0.09851375222622462
Sri Lanka,city,51+,2070,0.09594822826153902
Sri Lanka,city,51+,2075,0.09311674861604084
Sri Lanka,city,51+,2080,0.09016847333844026
Sri Lanka,city,51+,2085,0.08716890743181417
Sri Lanka,city,51+,2090,0.08424687036833908
Sri Lanka,city,51+,2095,0.08145138834304831
Sri Lanka,city,51+,2100,0.07872035873479688
Sri Lanka,town,No_travel,2011,0.0
Sri Lanka,town,No_travel,2012,0.0
Sri Lanka,town,No_travel,2013,0.0
Sri Lanka,town,No_travel,2014,0.0
Sri Lanka,town,No_travel,2015,0.0
Sri Lanka,town,No_travel,2016,0.0
Sri Lanka,town,No_travel,2017,0.0
Sri Lanka,town,No_travel,2018,0.0
Sri Lanka,town,No_travel,2019,0.0
Sri Lanka,town,No_travel,2020,0.0
Sri Lanka,town,No_travel,2025,0.0
Sri Lanka,town,No_travel,2030,0.0
Sri Lanka,town,No_travel,2035,0.0
Sri Lanka,town,No_travel,2040,0.0
Sri Lanka,town,No_travel,2045,0.0
Sri Lanka,town,No_travel,2050,0.0
Sri Lanka,town,No_travel,2055,0.0
Sri Lanka,town,No_travel,2060,0.0
Sri Lanka,town,No_travel,2065,0.0
Sri Lanka,town,No_travel,2070,0.0
Sri Lanka,town,No_travel,2075,0.0
Sri Lanka,town,No_travel,2080,0.0
Sri Lanka,town,No_travel,2085,0.0
Sri Lanka,town,No_travel,2090,0.0
Sri Lanka,town,No_travel,2095,0.0
Sri Lanka,town,No_travel,2100,0.0
Sri Lanka,town,00_01,2011,0.136283799718559
Sri Lanka,town,00_01,2012,0.13796755252565682
Sri Lanka,town,00_01,2013,0.13867000657157846
Sri Lanka,town,00_01,2014,0.13972458890381853
Sri Lanka,town,00_01,2015,0.14033814062437805
Sri Lanka,town,00_01,2016,0.14102326754757397
Sri Lanka,town,00_01,2017,0.14179485068190253
Sri Lanka,town,00_01,2018,0.14202029361594481
Sri Lanka,town,00_01,2019,0.14195919672338747
Sri Lanka,town,00_01,2020,0.14133395731882115
Sri Lanka,town,00_01,2025,0.14062472405612586
Sri Lanka,town,00_01,2030,0.14212900618405452
Sri Lanka,town,00_01,2035,0.14314230835420189
Sri Lanka,town,00_01,2040,0.14350072010456338
Sri Lanka,town,00_01,2045,0.14311767309601342
Sri Lanka,town,00_01,2050,0.1419397127715347
Sri Lanka,town,00_01,2055,0.13997454675996213
Sri Lanka,town,00_01,2060,0.13733591068382087
Sri Lanka,town,00_01,2065,0.13419036880543317
Sri Lanka,town,00_01,2070,0.13069574395133393
Sri Lanka,town,00_01,2075,0.12683884794130323
Sri Lanka,town,00_01,2080,0.12282285892554992
Sri Lanka,town,00_01,2085,0.11873700445172948
Sri Lanka,town,00_01,2090,0.11475675578238191
Sri Lanka,town,00_01,2095,0.11094889388000208
Sri Lanka,town,00_01,2100,0.10722882574668961
Sri Lanka,town,02_05,2011,0.261285967590787
Sri Lanka,town,02_05,2012,0.2645140914198465
Sri Lanka,town,02_05,2013,0.2658608500621483
Sri Lanka,town,02_05,2014,0.26788271594534596
Sri Lanka,town,02_05,2015,0.26905902930984305
Sri Lanka,town,02_05,2016,0.270372568053402
Sri Lanka,town,02_05,2017,0.2718518623366998
Sri Lanka,town,02_05,2018,0.27228408594126163
Sri Lanka,town,02_05,2019,0.27216694978332057
Sri Lanka,town,02_05,2020,0.2709682285623437
Sri Lanka,town,02_05,2025,0.2696084726729893
Sri Lanka,town,02_05,2030,0.27249251180410433
Sri Lanka,town,02_05,2035,0.2744352345527771
Sri Lanka,town,02_05,2040,0.27512238857388965
Sri Lanka,town,02_05,2045,0.274388003353721
Sri Lanka,town,02_05,2050,0.27212959476957094
Sri Lanka,town,02_05,2055,0.2683619400382629
Sri Lanka,town,02_05,2060,0.2633030953208549
Sri Lanka,town,02_05,2065,0.25727240088036263
Sri Lanka,town,02_05,2070,0.25057243772806004
Sri Lanka,town,02_05,2075,0.24317792122676615
Sri Lanka,town,02_05,2080,0.23547838850180514
Sri Lanka,town,02_05,2085,0.22764490835352647
Sri Lanka,town,02_05,2090,0.22001389772005353
Sri Lanka,town,02_05,2095,0.2127133903694361
Sri Lanka,town,02_05,2100,0.20558120295080315
Sri Lanka,town,06_10,2011,0.234847781523163
Sri Lanka,town,06_10,2012,0.2377492680695971
Sri Lanka,town,06_10,2013,0.2389597551168276
Sri Lanka,town,06_10,2014,0.2407770387680874
Sri Lanka,town,06_10,2015,0.2418343270204012
Sri Lanka,town,06_10,2016,0.24301495551994873
Sri Lanka,town,06_10,2017,0.24434456760687293
Sri Lanka,town,06_10,2018,0.24473305672318194
Sri Lanka,town,06_10,2019,0.24462777297188731
Sri Lanka,town,06_10,2020,0.2435503441990875
Sri Lanka,town,06_10,2025,0.24232817502952816
Sri Lanka,town,06_10,2030,0.24492039304266358
Sri Lanka,town,06_10,2035,0.24666654164699628
Sri Lanka,town,06_10,2040,0.2472841660793797
Sri Lanka,town,06_10,2045,0.24662408953056894
Sri Lanka,town,06_10,2050,0.2445941977202626
Sri Lanka,town,06_10,2055,0.24120777263455456
Sri Lanka,town,06_10,2060,0.23666080645069074
Sri Lanka,town,06_10,2065,0.23124032702941613
Sri Lanka,town,06_10,2070,0.22521829876240454
Sri Lanka,town,06_10,2075,0.2185719954351434
Sri Lanka,town,06_10,2080,0.21165153891045918
Sri Lanka,town,06_10,2085,0.20461068841476707
Sri Lanka,town,06_10,2090,0.19775182058280785
Sri Lanka,town,06_10,2095,0.19119001410274758
Sri Lanka,town,06_10,2100,0.18477949612461939
Sri Lanka,town,11_20,2011,0.286274279539271
Sri Lanka,town,11_20,2012,0.28981112781301716
Sri Lanka,town,11_20,2013,0.291286684895524
Sri Lanka,town,11_20,2014,0.29350191369014467
Sri Lanka,town,11_20,2015,0.29479072481168644
Sri Lanka,town,11_20,2016,0.2962298849813905
Sri Lanka,town,11_20,2017,0.29785065286679374
Sri Lanka,town,11_20,2018,0.2983242125536637
Sri Lanka,town,11_20,2019,0.29819587397684777
Sri Lanka,town,11_20,2020,0.29688251200388094
Sri Lanka,town,11_20,2025,0.29539271467123634
Sri Lanka,town,11_20,2030,0.29855257140612257
Sri Lanka,town,11_20,2035,0.30068108814335454
Sri Lanka,town,11_20,2040,0.3014339587400435
Sri Lanka,town,11_20,2045,0.3006293399472833
Sri Lanka,town,11_20,2050,0.29815494648369933
Sri Lanka,town,11_20,2055,0.2940269687981653
Sri Lanka,town,11_20,2060,0.2884843170433449
Sri Lanka,town,11_20,2065,0.2818768718675011
Sri Lanka,town,11_20,2070,0.2745361518814627
Sri Lanka,town,11_20,2075,0.26643445432966584
Sri Lanka,town,11_20,2080,0.2579985700609808
Sri Lanka,town,11_20,2085,0.2494159281900412
Sri Lanka,town,11_20,2090,0.24105511918297146
Sri Lanka,town,11_20,2095,0.2330564214291666
Sri Lanka,town,11_20,2100,0.22524214103120085
Sri Lanka,town,21_30,2011,0.142215623076087
Sri Lanka,town,21_30,2012,0.14397266210098966
Sri Lanka,town,21_30,2013,0.14470569082508872
Sri Lanka,town,21_30,2014,0.1458061744025519
Sri Lanka,town,21_30,2015,0.14644643128127827
Sri Lanka,town,21_30,2016,0.14716137871061125
Sri Lanka,town,21_30,2017,0.14796654540269163
Sri Lanka,town,21_30,2018,0.14820180085784573
Sri Lanka,town,21_30,2019,0.14813804469122138
Sri Lanka,town,21_30,2020,0.147485591415955
Sri Lanka,town,21_30,2025,0.1467454884061417
Sri Lanka,town,21_30,2030,0.14831524519709846
Sri Lanka,town,21_30,2035,0.1493726518719157
Sri Lanka,town,21_30,2040,0.14974666368036774
Sri Lanka,town,21_30,2045,0.14934694435128487
Sri Lanka,town,21_30,2050,0.14811771269021726
Sri Lanka,town,21_30,2055,0.14606701180455886
Sri Lanka,town,21_30,2060,0.14331352771903721
Sri Lanka,town,21_30,2065,0.1400310744922366
Sri Lanka,town,21_30,2070,0.13638434427140886
Sri Lanka,town,21_30,2075,0.1323595748539218
Sri Lanka,town,21_30,2080,0.12816878782478452
Sri Lanka,town,21_30,2085,0.12390509440713275
Sri Lanka,town,21_30,2090,0.11975160334159164
Sri Lanka,town,21_30,2095,0.11577800226682723
Sri Lanka,town,21_30,2100,0.11189601623065068
Sri Lanka,town,31_50,2011,0.175007801582025
Sri Lanka,town,31_50,2012,0.17716997990245836
Sri Lanka,town,31_50,2013,0.17807203090590135
Sri Lanka,town,31_50,2014,0.17942626476152992
Sri Lanka,town,31_50,2015,0.18021415252217157
Sri Lanka,town,31_50,2016,0.18109395303316986
Sri Lanka,town,31_50,2017,0.18208477562804518
Sri Lanka,town,31_50,2018,0.18237427645169713
Sri Lanka,town,31_50,2019,0.18229581934328046
Sri Lanka,town,31_50,2020,0.18149292293239688
Sri Lanka,town,31_50,2025,0.18058216644945854
Sri Lanka,town,31_50,2030,0.18251387886657333
Sri Lanka,town,31_50,2035,0.18381510311701252
Sri Lanka,town,31_50,2040,0.1842753548316071
Sri Lanka,town,31_50,2045,0.1837834679381734
Sri Lanka,town,31_50,2050,0.18227079917516859
Sri Lanka,town,31_50,2055,0.17974724623535285
Sri Lanka,town,31_50,2060,0.17635886185060473
Sri Lanka,town,31_50,2065,0.17231953824752308
Sri Lanka,town,31_50,2070,0.1678319424046364
Sri Lanka,town,31_50,2075,0.16287913882093916
Sri Lanka,town,31_50,2080,0.15772203716780084
Sri Lanka,town,31_50,2085,0.15247521831974944
Sri Lanka,town,31_50,2090,0.14736401235975422
Sri Lanka,town,31_50,2095,0.14247417555127334
Sri Lanka,town,31_50,2100,0.13769707844148601
Sri Lanka,town,51+,2011,0.0762610743674654
Sri Lanka,town,51+,2012,0.07720326117399476
Sri Lanka,town,51+,2013,0.077596337242804
Sri Lanka,town,51+,2014,0.07818645567090521
Sri Lanka,town,51+,2015,0.07852978417720237
Sri Lanka,town,51+,2016,0.0789131644127762
Sri Lanka,town,51+,2017,0.07934492342528707
Sri Lanka,town,51+,2018,0.0794710757661678
Sri Lanka,town,51+,2019,0.07943688744241574
Sri Lanka,town,51+,2020,0.07908701879458255
Sri Lanka,town,51+,2025,0.07869014924220744
Sri Lanka,town,51+,2030,0.07953190865502481
Sri Lanka,town,51+,2035,0.0800989277160864
Sri Lanka,town,51+,2040,0.0802994861478658
Sri Lanka,town,51+,2045,0.08008514242934908
Sri Lanka,town,51+,2050,0.079425984700459
Sri Lanka,town,51+,2055,0.07832632596139802
Sri Lanka,town,51+,2060,0.07684980987917227
Sri Lanka,town,51+,2065,0.07508964173292829
Sri Lanka,town,51+,2070,0.07313413530857547
Sri Lanka,town,51+,2075,0.07097591082367012
Sri Lanka,town,51+,2080,0.06872866179171067
Sri Lanka,town,51+,2085,0.06644231776163421
Sri Lanka,town,51+,2090,0.06421506815162217
Sri Lanka,town,51+,2095,0.0620842819516621
Sri Lanka,town,51+,2100,0.060002622993279346
Sri Lanka,rural,No_travel,2011,0.0
Sri Lanka,rural,No_travel,2012,0.0
Sri Lanka,rural,No_travel,2013,0.0
Sri Lanka,rural,No_travel,2014,0.0
Sri Lanka,rural,No_travel,2015,0.0
Sri Lanka,rural,No_travel,2016,0.0
Sri Lanka,rural,No_travel,2017,0.0
Sri Lanka,rural,No_travel,2018,0.0
Sri Lanka,rural,No_travel,2019,0.0
Sri Lanka,rural,No_travel,2020,0.0
Sri Lanka,rural,No_travel,2025,0.0
Sri Lanka,rural,No_travel,2030,0.0
Sri Lanka,rural,No_travel,2035,0.0
Sri Lanka,rural,No_travel,2040,0.0
Sri Lanka,rural,No_travel,2045,0.0
Sri Lanka,rural,No_travel,2050,0.0
Sri Lanka,rural,No_travel,2055,0.0
Sri Lanka,rural,No_travel,2060,0.0
Sri Lanka,rural,No_travel,2065,0.0
Sri Lanka,rural,No_travel,2070,0.0
Sri Lanka,rural,No_travel,2075,0.0
Sri Lanka,rural,No_travel,2080,0.0
Sri Lanka,rural,No_travel,2085,0.0
Sri Lanka,rural,No_travel,2090,0.0
Sri Lanka,rural,No_travel,2095,0.0
Sri Lanka,rural,No_travel,2100,0.0
Sri Lanka,rural,00_01,2011,0.0478840154180537
Sri Lanka,rural,00_01,2012,0.048475610644645284
Sri Lanka,rural,00_01,2013,0.04872242149402613
Sri Lanka,rural,00_01,2014,0.049092954431623065
Sri Lanka,rural,00_01,2015,0.04930852899079823
Sri Lanka,rural,00_01,2016,0.04954925186630792
Sri Lanka,rural,00_01,2017,0.04982035157718183
Sri Lanka,rural,00_01,2018,0.04989956211395776
Sri Lanka,rural,00_01,2019,0.049878095405873214
Sri Lanka,rural,00_01,2020,0.04965841431868563
Sri Lanka,rural,00_01,2025,0.049409221556552266
Sri Lanka,rural,00_01,2030,0.049937758835051915
Sri Lanka,rural,00_01,2035,0.050293787774945614
Sri Lanka,rural,00_01,2040,0.05041971759063731
Sri Lanka,rural,00_01,2045,0.05028513205001455
Sri Lanka,rural,00_01,2050,0.04987124961897229
Sri Lanka,rural,00_01,2055,0.04918077841262566
Sri Lanka,rural,00_01,2060,0.04825368002812578
Sri Lanka,rural,00_01,2065,0.04714847767748762
Sri Lanka,rural,00_01,2070,0.04592062322421021
Sri Lanka,rural,00_01,2075,0.04456548293320326
Sri Lanka,rural,00_01,2080,0.043154444494693404
Sri Lanka,rural,00_01,2085,0.041718858467415215
Sri Lanka,rural,00_01,2090,0.040320377583815584
Sri Lanka,rural,00_01,2095,0.038982465679246445
Sri Lanka,rural,00_01,2100,0.03767540056791549
Sri Lanka,rural,02_05,2011,0.123784799035439
Sri Lanka,rural,02_05,2012,0.12531412976500755
Sri Lanka,rural,02_05,2013,0.1259521596195142
Sri Lanka,rural,02_05,2014,0.12691002300703524
Sri Lanka,rural,02_05,2015,0.12746730403812
Sri Lanka,rural,02_05,2016,0.12808959589288715
Sri Lanka,rural,02_05,2017,0.12879041479740286
Sri Lanka,rural,02_05,2018,0.12899518167609283
Sri Lanka,rural,02_05,2019,0.12893968816488666
Sri Lanka,rural,02_05,2020,0.12837179136274945
Sri Lanka,rural,02_05,2025,0.12772760403400396
Sri Lanka,rural,02_05,2030,0.1290939238848064
Sri Lanka,rural,02_05,2035,0.13001429303912185
Sri Lanka,rural,02_05,2040,0.13033983376063138
Sri Lanka,rural,02_05,2045,0.12999191715519182
Sri Lanka,rural,02_05,2050,0.12892199114536204
Sri Lanka,rural,02_05,2055,0.12713705646995574
Sri Lanka,rural,02_05,2060,0.12474041771254422
Sri Lanka,rural,02_05,2065,0.12188336302168681
Sri Lanka,rural,02_05,2070,0.1187092408137483
Sri Lanka,rural,02_05,2075,0.11520607243652246
Sri Lanka,rural,02_05,2080,0.11155840195573047
Sri Lanka,rural,02_05,2085,0.1078472735899645
Sri Lanka,rural,02_05,2090,0.10423206559999262
Sri Lanka,rural,02_05,2095,0.10077343426366216
Sri Lanka,rural,02_05,2100,0.09739454486351935
Sri Lanka,rural,06_10,2011,0.148707724813786
Sri Lanka,rural,06_10,2012,0.1505449721580002
Sri Lanka,rural,06_10,2013,0.15131146342967716
Sri Lanka,rural,06_10,2014,0.15246218376166157
Sri Lanka,rural,06_10,2015,0.1531316681802675
Sri Lanka,rural,06_10,2016,0.153879252751343
Sri Lanka,rural,06_10,2017,0.1547211750682115
Sri Lanka,rural,06_10,2018,0.15496716986631665
Sri Lanka,rural,06_10,2019,0.15490050324927074
Sri Lanka,rural,06_10,2020,0.154218265672178
Sri Lanka,rural,06_10,2025,0.15344437717570608
Sri Lanka,rural,06_10,2030,0.15508579290658733
Sri Lanka,rural,06_10,2035,0.15619146988787688
Sri Lanka,rural,06_10,2040,0.15658255522636066
Sri Lanka,rural,06_10,2045,0.15616458882642298
Sri Lanka,rural,06_10,2050,0.15487924309834755
Sri Lanka,rural,06_10,2055,0.15273492831503627
Sri Lanka,rural,06_10,2060,0.14985574848364866
Sri Lanka,rural,06_10,2065,0.1464234522238767
Sri Lanka,rural,06_10,2070,0.14261024983148676
Sri Lanka,rural,06_10,2075,0.138401750863308
Sri Lanka,rural,06_10,2080,0.13401965562790122
Sri Lanka,rural,06_10,2085,0.12956132584859636
Sri Lanka,rural,06_10,2090,0.12521822912665218
Sri Lanka,rural,06_10,2095,0.12106323432112585
Sri Lanka,rural,06_10,2100,0.11700403675399323
Sri Lanka,rural,11_20,2011,0.227309082564942
Sri Lanka,rural,11_20,2012,0.2301174303409648
Sri Lanka,rural,11_20,2013,0.2312890603149766
Sri Lanka,rural,11_20,2014,0.23304800850196378
Sri Lanka,rural,11_20,2015,0.23407135741793572
Sri Lanka,rural,11_20,2016,0.23521408731447382
Sri Lanka,rural,11_20,2017,0.23650101837120255
Sri Lanka,rural,11_20,2018,0.2368770368459862
Sri Lanka,rural,11_20,2019,0.236775132741291
Sri Lanka,rural,11_20,2020,0.23573228982284494
Sri Lanka,rural,11_20,2025,0.23454935272686778
Sri Lanka,rural,11_20,2030,0.23705835960167196
Sri Lanka,rural,11_20,2035,0.23874845620253668
Sri Lanka,rural,11_20,2040,0.23934625466664916
Sri Lanka,rural,11_20,2045,0.2387073668144426
Sri Lanka,rural,11_20,2050,0.23674263526742004
Sri Lanka,rural,11_20,2055,0.23346491565510477
Sri Lanka,rural,11_20,2060,0.22906390873477345
Sri Lanka,rural,11_20,2065,0.22381742866874585
Sri Lanka,rural,11_20,2070,0.21798870969309078
Sri Lanka,rural,11_20,2075,0.2115557551130236
Sri Lanka,rural,11_20,2080,0.20485744775259668
Sri Lanka,rural,11_20,2085,0.19804261111129404
Sri Lanka,rural,11_20,2090,0.1914039154242195
Sri Lanka,rural,11_20,2095,0.18505274531191387
Sri Lanka,rural,11_20,2100,0.1788480072857611
Sri Lanka,rural,21_30,2011,0.153212938930544
Sri Lanka,rural,21_30,2012,0.1551058470864712
Sri Lanka,rural,21_30,2013,0.1558955597967241
Sri Lanka,rural,21_30,2014,0.1570811420801679
Sri Lanka,rural,21_30,2015,0.1577709090406353
Sri Lanka,rural,21_30,2016,0.15854114225734972
Sri Lanka,rural,21_30,2017,0.15940857125392782
Sri Lanka,rural,21_30,2018,0.15966201865234986
Sri Lanka,rural,21_30,2019,0.15959333231921585
Sri Lanka,rural,21_30,2020,0.15889042583358357
Sri Lanka,rural,21_30,2025,0.15809309179396003
Sri Lanka,rural,21_30,2030,0.15978423546823825
Sri Lanka,rural,21_30,2035,0.1609234097782706
Sri Lanka,rural,21_30,2040,0.1613263433458225
Sri Lanka,rural,21_30,2045,0.1608957143345263
Sri Lanka,rural,21_30,2050,0.15957142807578042
Sri Lanka,rural,21_30,2055,0.15736214963812878
Sri Lanka,rural,21_30,2060,0.1543957428544272
Sri Lanka,rural,21_30,2065,0.15085946255763374
Sri Lanka,rural,21_30,2070,0.14693073628597145
Sri Lanka,rural,21_30,2075,0.14259473762680125
Sri Lanka,rural,21_30,2080,0.13807988346888214
Sri Lanka,rural,21_30,2085,0.13348648518332426
Sri Lanka,rural,21_30,2090,0.12901181102862297
Sri Lanka,rural,21_30,2095,0.12473093748158302
Sri Lanka,rural,21_30,2100,0.12054876342345065
Sri Lanka,rural,31_50,2011,0.152668305095647
Sri Lanka,rural,31_50,2012,0.15455448443457437
Sri Lanka,rural,31_50,2013,0.15534138991284768
Sri Lanka,rural,31_50,2014,0.15652275774658428
Sri Lanka,rural,31_50,2015,0.15721007275731758
Sri Lanka,rural,31_50,2016,0.1579775679867999
Sri Lanka,rural,31_50,2017,0.1588419134893585
Sri Lanka,rural,31_50,2018,0.15909445994540902
Sri Lanka,rural,31_50,2019,0.1590260177750806
Sri Lanka,rural,31_50,2020,0.15832560994692146
Sri Lanka,rural,31_50,2025,0.15753111023120506
Sri Lanka,rural,31_50,2030,0.15921624231095927
Sri Lanka,rural,31_50,2035,0.16035136714007037
Sri Lanka,rural,31_50,2040,0.1607528683791542
Sri Lanka,rural,31_50,2045,0.16032377014673005
Sri Lanka,rural,31_50,2050,0.15900419139577457
Sri Lanka,rural,31_50,2055,0.15680276639267127
Sri Lanka,rural,31_50,2060,0.15384690444619917
Sri Lanka,rural,31_50,2065,0.15032319474502745
Sri Lanka,rural,31_50,2070,0.14640843411667526
Sri Lanka,rural,31_50,2075,0.14208784885270742
Sri Lanka,rural,31_50,2080,0.13758904387673856
Sri Lanka,rural,31_50,2085,0.13301197397794054
Sri Lanka,rural,31_50,2090,0.12855320617528626
Sri Lanka,rural,31_50,2095,0.12428755006740588
Sri Lanka,rural,31_50,2100,0.12012024259633455
Sri Lanka,rural,51+,2011,0.0512532102732799
Sri Lanka,rural,51+,2012,0.051886431073174116
Sri Lanka,rural,51+,2013,0.052150607923227385
Sri Lanka,rural,51+,2014,0.052547212142778105
Sri Lanka,rural,51+,2015,0.05277795486797589
Sri Lanka,rural,51+,2016,0.05303561538471348
Sri Lanka,rural,51+,2017,0.05332579009886678
Sri Lanka,rural,51+,2018,0.05341057401395394
Sri Lanka,rural,51+,2019,0.053387596874427797
Sri Lanka,rural,51+,2020,0.05315245867942916
Sri Lanka,rural,51+,2025,0.052885732321484975
Sri Lanka,rural,51+,2030,0.05345145831659432
Sri Lanka,rural,51+,2035,0.05383253801428536
Sri Lanka,rural,51+,2040,0.05396732845044598
Sri Lanka,rural,51+,2045,0.05382327325889493
Sri Lanka,rural,51+,2050,0.053380269407162236
Sri Lanka,rural,51+,2055,0.052641215557614224
Sri Lanka,rural,51+,2060,0.05164888506841145
Sri Lanka,rural,51+,2065,0.05046591893707854
Sri Lanka,rural,51+,2070,0.04915167070769793
Sri Lanka,rural,51+,2075,0.04770118060826935
Sri Lanka,rural,51+,2080,0.046190859279507945
Sri Lanka,rural,51+,2085,0.04465426315491205
Sri Lanka,rural,51+,2090,0.04315738295043216
Sri Lanka,rural,51+,2095,0.04172533345388654
Sri Lanka,rural,51+,2100,0.04032630117960789
