n,area_type,trip_dist,y,value
Afghanistan,large_city,No_travel,2011,0.0
Afghanistan,large_city,No_travel,2012,0.0
Afghanistan,large_city,No_travel,2013,0.0
Afghanistan,large_city,No_travel,2014,0.0
Afghanistan,large_city,No_travel,2015,0.0
Afghanistan,large_city,No_travel,2016,0.0
Afghanistan,large_city,No_travel,2017,0.0
Afghanistan,large_city,No_travel,2018,0.0
Afghanistan,large_city,No_travel,2019,0.0
Afghanistan,large_city,No_travel,2020,0.0
Afghanistan,large_city,No_travel,2025,0.0
Afghanistan,large_city,No_travel,2030,0.0
Afghanistan,large_city,No_travel,2035,0.0
Afghanistan,large_city,No_travel,2040,0.0
Afghanistan,large_city,No_travel,2045,0.0
Afghanistan,large_city,No_travel,2050,0.0
Afghanistan,large_city,No_travel,2055,0.0
Afghanistan,large_city,No_travel,2060,0.0
Afghanistan,large_city,No_travel,2065,0.0
Afghanistan,large_city,No_travel,2070,0.0
Afghanistan,large_city,No_travel,2075,0.0
Afghanistan,large_city,No_travel,2080,0.0
Afghanistan,large_city,No_travel,2085,0.0
Afghanistan,large_city,No_travel,2090,0.0
Afghanistan,large_city,No_travel,2095,0.0
Afghanistan,large_city,No_travel,2100,0.0
Afghanistan,large_city,00_01,2011,0.0918299625000023
Afghanistan,large_city,00_01,2012,0.09379556779747114
Afghanistan,large_city,00_01,2013,0.0942853331393343
Afghanistan,large_city,00_01,2014,0.09404425507437794
Afghanistan,large_city,00_01,2015,0.09363683253189273
Afghanistan,large_city,00_01,2016,0.09354625430190211
Afghanistan,large_city,00_01,2017,0.09348872233444738
Afghanistan,large_city,00_01,2018,0.09306328551035772
Afghanistan,large_city,00_01,2019,0.09329484443652138
Afghanistan,large_city,00_01,2020,0.09192453783656335
Afghanistan,large_city,00_01,2025,0.09305989935175216
Afghanistan,large_city,00_01,2030,0.09726806794703113
Afghanistan,large_city,00_01,2035,0.10186387450967019
Afghanistan,large_city,00_01,2040,0.10642078502263914
Afghanistan,large_city,00_01,2045,0.11056716277790843
Afghanistan,large_city,00_01,2050,0.11405495227096833
Afghanistan,large_city,00_01,2055,0.11675518905060193
Afghanistan,large_city,00_01,2060,0.11862690373460918
Afghanistan,large_city,00_01,2065,0.11969594628298079
Afghanistan,large_city,00_01,2070,0.12003334393073935
Afghanistan,large_city,00_01,2075,0.11972993166259803
Afghanistan,large_city,00_01,2080,0.11888715278863392
Afghanistan,large_city,00_01,2085,0.11760786650968598
Afghanistan,large_city,00_01,2090,0.11601576032887938
Afghanistan,large_city,00_01,2095,0.11422130351855063
Afghanistan,large_city,00_01,2100,0.11230453444127958
Afghanistan,large_city,02_05,2011,0.218099182353909
Afghanistan,large_city,02_05,2012,0.22276755960832043
Afghanistan,large_city,02_05,2013,0.2239307684096486
Afghanistan,large_city,02_05,2014,0.2233582000733559
Afghanistan,large_city,02_05,2015,0.22239055812981734
Afghanistan,large_city,02_05,2016,0.2221754318533581
Afghanistan,large_city,02_05,2017,0.2220387915377194
Afghanistan,large_city,02_05,2018,0.2210283650826591
Afghanistan,large_city,02_05,2019,0.2215783251511176
Afghanistan,large_city,02_05,2020,0.21832380188998696
Afghanistan,large_city,02_05,2025,0.2210203228445585
Afghanistan,large_city,02_05,2030,0.23101486171674546
Afghanistan,large_city,02_05,2035,0.24193005351559088
Afghanistan,large_city,02_05,2040,0.25275286591670054
Afghanistan,large_city,02_05,2045,0.2626006495108041
Afghanistan,large_city,02_05,2050,0.27088426431309587
Afghanistan,large_city,02_05,2055,0.27729741550870945
Afghanistan,large_city,02_05,2060,0.2817427994669331
Afghanistan,large_city,02_05,2065,0.28428181069326763
Afghanistan,large_city,02_05,2070,0.2850831412078507
Afghanistan,large_city,02_05,2075,0.28436252708805554
Afghanistan,large_city,02_05,2080,0.28236089953303267
Afghanistan,large_city,02_05,2085,0.27932255252907834
Afghanistan,large_city,02_05,2090,0.2755412479657174
Afghanistan,large_city,02_05,2095,0.2712793539994415
Afghanistan,large_city,02_05,2100,0.26672696437482346
Afghanistan,large_city,06_10,2011,0.227649910037638
Afghanistan,large_city,06_10,2012,0.23252271905286845
Afghanistan,large_city,06_10,2013,0.23373686564488844
Afghanistan,large_city,06_10,2014,0.23313922410932358
Afghanistan,large_city,06_10,2015,0.23212920839529058
Afghanistan,large_city,06_10,2016,0.23190466157693887
Afghanistan,large_city,06_10,2017,0.23176203767882547
Afghanistan,large_city,06_10,2018,0.23070736388724347
Afghanistan,large_city,06_10,2019,0.23128140712187473
Afghanistan,large_city,06_10,2020,0.22788436583260688
Afghanistan,large_city,06_10,2025,0.23069896947347107
Afghanistan,large_city,06_10,2030,0.24113117674066284
Afghanistan,large_city,06_10,2035,0.2525243530205197
Afghanistan,large_city,06_10,2040,0.26382110453914215
Afghanistan,large_city,06_10,2045,0.2741001300039418
Afghanistan,large_city,06_10,2050,0.28274649054585405
Afghanistan,large_city,06_10,2055,0.2894404784690648
Afghanistan,large_city,06_10,2060,0.2940805291434878
Afghanistan,large_city,06_10,2065,0.2967307255863231
Afghanistan,large_city,06_10,2070,0.2975671469684961
Afghanistan,large_city,06_10,2075,0.29681497661291434
Afghanistan,large_city,06_10,2080,0.29472569627764744
Afghanistan,large_city,06_10,2085,0.29155429776689584
Afghanistan,large_city,06_10,2090,0.28760740702487925
Afghanistan,large_city,06_10,2095,0.2831588815075378
Afghanistan,large_city,06_10,2100,0.2784071393078863
Afghanistan,large_city,11_20,2011,0.24573634096712
Afghanistan,large_city,11_20,2012,0.2509962870722441
Afghanistan,large_city,11_20,2013,0.2523068957207227
Afghanistan,large_city,11_20,2014,0.2516617724956118
Afghanistan,large_city,11_20,2015,0.25057151260556954
Afghanistan,large_city,11_20,2016,0.25032912589209166
Afghanistan,large_city,11_20,2017,0.2501751707473211
Afghanistan,large_city,11_20,2018,0.24903670476499573
Afghanistan,large_city,11_20,2019,0.24965635484090348
Afghanistan,large_city,11_20,2020,0.24598942390998021
Afghanistan,large_city,11_20,2025,0.24902764342811817
Afghanistan,large_city,11_20,2030,0.26028867332102024
Afghanistan,large_city,11_20,2035,0.2725870197185326
Afghanistan,large_city,11_20,2040,0.2847812805576521
Afghanistan,large_city,11_20,2045,0.2958769585924472
Afghanistan,large_city,11_20,2050,0.3052102590180908
Afghanistan,large_city,11_20,2055,0.3124360738600819
Afghanistan,large_city,11_20,2060,0.31744476933659765
Afghanistan,large_city,11_20,2065,0.32030551976078514
Afghanistan,large_city,11_20,2070,0.3212083935195662
Afghanistan,large_city,11_20,2075,0.32039646440027053
Afghanistan,large_city,11_20,2080,0.3181411939951201
Afghanistan,large_city,11_20,2085,0.314717832810168
Afghanistan,large_city,11_20,2090,0.3104573677435234
Afghanistan,large_city,11_20,2095,0.3056554137996382
Afghanistan,large_city,11_20,2100,0.30052615308010455
Afghanistan,large_city,21_30,2011,0.151410352965953
Afghanistan,large_city,21_30,2012,0.15465126675682486
Afghanistan,large_city,21_30,2013,0.15545879777680097
Afghanistan,large_city,21_30,2014,0.15506130534716622
Afghanistan,large_city,21_30,2015,0.1543895421308416
Afghanistan,large_city,21_30,2016,0.15424019564957836
Afghanistan,large_city,21_30,2017,0.15414533624571933
Afghanistan,large_city,21_30,2018,0.15344387086398048
Afghanistan,large_city,21_30,2019,0.15382566802242814
Afghanistan,large_city,21_30,2020,0.15156628992487947
Afghanistan,large_city,21_30,2025,0.15343828772471188
Afghanistan,large_city,21_30,2030,0.16037676700756484
Afghanistan,large_city,21_30,2035,0.1679543884599574
Afghanistan,large_city,21_30,2040,0.1754678776351585
Afghanistan,large_city,21_30,2045,0.1823044754335675
Afghanistan,large_city,21_30,2050,0.18805518493881346
Afghanistan,large_city,21_30,2055,0.1925073680037468
Afghanistan,large_city,21_30,2060,0.19559347381542114
Afghanistan,large_city,21_30,2065,0.19735612410055614
Afghanistan,large_city,21_30,2070,0.19791242942341855
Afghanistan,large_city,21_30,2075,0.19741215960556388
Afghanistan,large_city,21_30,2080,0.1960225756037284
Afghanistan,large_city,21_30,2085,0.19391327291246352
Afghanistan,large_city,21_30,2090,0.19128818898307395
Afghanistan,large_city,21_30,2095,0.18832946688804938
Afghanistan,large_city,21_30,2100,0.1851690748477736
Afghanistan,large_city,31_50,2011,0.123613380885738
Afghanistan,large_city,31_50,2012,0.12625930504482752
Afghanistan,large_city,31_50,2013,0.12691858386951793
Afghanistan,large_city,31_50,2014,0.12659406588153935
Afghanistan,large_city,31_50,2015,0.1260456296570809
Afghanistan,large_city,31_50,2016,0.12592370124788893
Afghanistan,large_city,31_50,2017,0.125846256797162
Afghanistan,large_city,31_50,2018,0.12527357133865477
Afghanistan,large_city,31_50,2019,0.1255852755031573
Afghanistan,large_city,31_50,2020,0.12374068984658743
Afghanistan,large_city,31_50,2025,0.1252690131911607
Afghanistan,large_city,31_50,2030,0.13093367789577287
Afghanistan,large_city,31_50,2035,0.1371201465780906
Afghanistan,large_city,31_50,2040,0.14325425683542453
Afghanistan,large_city,31_50,2045,0.14883574417141512
Afghanistan,large_city,31_50,2050,0.1535306981855244
Afghanistan,large_city,31_50,2055,0.15716551832957618
Afghanistan,large_city,31_50,2060,0.1596850552415466
Afghanistan,large_city,31_50,2065,0.16112410585332176
Afghanistan,large_city,31_50,2070,0.16157828075230782
Afghanistan,large_city,31_50,2075,0.1611698539682159
Afghanistan,large_city,31_50,2080,0.16003537952094846
Afghanistan,large_city,31_50,2085,0.15831331737743526
Afghanistan,large_city,31_50,2090,0.15617016472463333
Afghanistan,large_city,31_50,2095,0.15375462553525196
Afghanistan,large_city,31_50,2100,0.15117444038033911
Afghanistan,large_city,51+,2011,0.0823319043773287
Afghanistan,large_city,51+,2012,0.08409420529730098
Afghanistan,large_city,51+,2013,0.08453331375597652
Afghanistan,large_city,51+,2014,0.08431717061869212
Afghanistan,large_city,51+,2015,0.08395188816734558
Afghanistan,large_city,51+,2016,0.08387067852762418
Afghanistan,large_city,51+,2017,0.08381909714487971
Afghanistan,large_city,51+,2018,0.08343766364576942
Afghanistan,large_city,51+,2019,0.08364527221760808
Afghanistan,large_city,51+,2020,0.08241669769918372
Afghanistan,large_city,51+,2025,0.08343462772068647
Afghanistan,large_city,51+,2030,0.08720754153833261
Afghanistan,large_city,51+,2035,0.09132799956914026
Afghanistan,large_city,51+,2040,0.09541358460474117
Afghanistan,large_city,51+,2045,0.09913109866622306
Afghanistan,large_city,51+,2050,0.10225814285978736
Afghanistan,large_city,51+,2055,0.10467909164692135
Afghanistan,large_city,51+,2060,0.10635721314659335
Afghanistan,large_city,51+,2065,0.10731568363347636
Afghanistan,large_city,51+,2070,0.10761818392985179
Afghanistan,large_city,51+,2075,0.10734615387378464
Afghanistan,large_city,51+,2080,0.1065905443997805
Afghanistan,large_city,51+,2085,0.10544357588621318
Afghanistan,large_city,51+,2090,0.10401614272313507
Afghanistan,large_city,51+,2095,0.10240728824367006
Afghanistan,large_city,51+,2100,0.10068877236838265
Afghanistan,city,No_travel,2011,0.0
Afghanistan,city,No_travel,2012,0.0
Afghanistan,city,No_travel,2013,0.0
Afghanistan,city,No_travel,2014,0.0
Afghanistan,city,No_travel,2015,0.0
Afghanistan,city,No_travel,2016,0.0
Afghanistan,city,No_travel,2017,0.0
Afghanistan,city,No_travel,2018,0.0
Afghanistan,city,No_travel,2019,0.0
Afghanistan,city,No_travel,2020,0.0
Afghanistan,city,No_travel,2025,0.0
Afghanistan,city,No_travel,2030,0.0
Afghanistan,city,No_travel,2035,0.0
Afghanistan,city,No_travel,2040,0.0
Afghanistan,city,No_travel,2045,0.0
Afghanistan,city,No_travel,2050,0.0
Afghanistan,city,No_travel,2055,0.0
Afghanistan,city,No_travel,2060,0.0
Afghanistan,city,No_travel,2065,0.0
Afghanistan,city,No_travel,2070,0.0
Afghanistan,city,No_travel,2075,0.0
Afghanistan,city,No_travel,2080,0.0
Afghanistan,city,No_travel,2085,0.0
Afghanistan,city,No_travel,2090,0.0
Afghanistan,city,No_travel,2095,0.0
Afghanistan,city,No_travel,2100,0.0
Afghanistan,city,00_01,2011,0.14143918779263
Afghanistan,city,00_01,2012,0.14446667042712283
Afghanistan,city,00_01,2013,0.1452210212977562
Afghanistan,city,00_01,2014,0.14484970582757895
Afghanistan,city,00_01,2015,0.14422218173926718
Afghanistan,city,00_01,2016,0.1440826705064104
Afghanistan,city,00_01,2017,0.143994058091384
Afghanistan,city,00_01,2018,0.1433387878808978
Afghanistan,city,00_01,2019,0.14369544169574303
Afghanistan,city,00_01,2020,0.14158485548566002
Afghanistan,city,00_01,2025,0.14333357242060718
Afghanistan,city,00_01,2030,0.1498151164832076
Afghanistan,city,00_01,2035,0.15689371185420856
Afghanistan,city,00_01,2040,0.16391239839454128
Afghanistan,city,00_01,2045,0.17029877040233452
Afghanistan,city,00_01,2050,0.1756707655514129
Afghanistan,city,00_01,2055,0.1798297490308971
Afghanistan,city,00_01,2060,0.18271261860285753
Afghanistan,city,00_01,2065,0.18435918912996016
Afghanistan,city,00_01,2070,0.18487885883212424
Afghanistan,city,00_01,2075,0.1844115344033222
Afghanistan,city,00_01,2080,0.1831134617897973
Afghanistan,city,00_01,2085,0.18114306773405922
Afghanistan,city,00_01,2090,0.17869085933755788
Afghanistan,city,00_01,2095,0.17592698459698128
Afghanistan,city,00_01,2100,0.17297472093385238
Afghanistan,city,02_05,2011,0.288371801420151
Afghanistan,city,02_05,2012,0.294544352568825
Afghanistan,city,02_05,2013,0.29608235291273494
Afghanistan,city,02_05,2014,0.29532530026911274
Afghanistan,city,02_05,2015,0.2940458793773136
Afghanistan,city,02_05,2016,0.29376143836655044
Afghanistan,city,02_05,2017,0.29358077187554354
Afghanistan,city,02_05,2018,0.2922447810941774
Afghanistan,city,02_05,2019,0.2929719409759287
Afghanistan,city,02_05,2020,0.2886687944650303
Afghanistan,city,02_05,2025,0.2922341476077815
Afghanistan,city,02_05,2030,0.30544897559489165
Afghanistan,city,02_05,2035,0.3198810953667661
Afghanistan,city,02_05,2040,0.3341910706489105
Afghanistan,city,02_05,2045,0.34721185809239247
Afghanistan,city,02_05,2050,0.3581644939391939
Afghanistan,city,02_05,2055,0.36664399369292483
Afghanistan,city,02_05,2060,0.3725217020190249
Afghanistan,city,02_05,2065,0.3758787950317624
Afghanistan,city,02_05,2070,0.37693831814197887
Afghanistan,city,02_05,2075,0.37598551864217633
Afghanistan,city,02_05,2080,0.37333895693761426
Afghanistan,city,02_05,2085,0.36932163972709825
Afghanistan,city,02_05,2090,0.3643219804120752
Afghanistan,city,02_05,2095,0.35868688344723487
Afghanistan,city,02_05,2100,0.35266769170772966
Afghanistan,city,06_10,2011,0.300942920069744
Afghanistan,city,06_10,2012,0.307384553952855
Afghanistan,city,06_10,2013,0.3089896010215528
Afghanistan,city,06_10,2014,0.308199545849389
Afghanistan,city,06_10,2015,0.3068643506004774
Afghanistan,city,06_10,2016,0.30656750982774894
Afghanistan,city,06_10,2017,0.30637896746301496
Afghanistan,city,06_10,2018,0.30498473624848366
Afghanistan,city,06_10,2019,0.3057435955304735
Afghanistan,city,06_10,2020,0.3012528600629271
Afghanistan,city,06_10,2025,0.30497363921184295
Afghanistan,city,06_10,2030,0.31876454700197754
Afghanistan,city,06_10,2035,0.3338258125125265
Afghanistan,city,06_10,2040,0.3487596088349344
Afghanistan,city,06_10,2045,0.3623480171867612
Afghanistan,city,06_10,2050,0.3737781161006096
Afghanistan,city,06_10,2055,0.3826272664129887
Afghanistan,city,06_10,2060,0.3887612042608077
Afghanistan,city,06_10,2065,0.39226464450435283
Afghanistan,city,06_10,2070,0.39337035587106634
Afghanistan,city,06_10,2075,0.3923760205640098
Afghanistan,city,06_10,2080,0.38961408613216414
Afghanistan,city,06_10,2085,0.38542164024728487
Afghanistan,city,06_10,2090,0.38020402858689667
Afghanistan,city,06_10,2095,0.374323278364012
Afghanistan,city,06_10,2100,0.36804168935417964
Afghanistan,city,11_20,2011,0.352477571210292
Afghanistan,city,11_20,2012,0.3600222958551472
Afghanistan,city,11_20,2013,0.3619021975066687
Afghanistan,city,11_20,2014,0.3609768501745504
Afghanistan,city,11_20,2015,0.35941301083146554
Afghanistan,city,11_20,2016,0.35906533787546696
Afghanistan,city,11_20,2017,0.35884450877346885
Afghanistan,city,11_20,2018,0.3572115239134506
Afghanistan,city,11_20,2019,0.35810033324827123
Afghanistan,city,11_20,2020,0.3528405865488579
Afghanistan,city,11_20,2025,0.3571985265765409
Afghanistan,city,11_20,2030,0.37335104374333516
Afghanistan,city,11_20,2035,0.3909914596909219
Afghanistan,city,11_20,2040,0.40848257812444955
Afghanistan,city,11_20,2045,0.42439791905141183
Afghanistan,city,11_20,2050,0.43778535312998396
Afghanistan,city,11_20,2055,0.4481498668014115
Afghanistan,city,11_20,2060,0.45533420432978083
Afghanistan,city,11_20,2065,0.45943758748177194
Afghanistan,city,11_20,2070,0.4607326452186626
Afghanistan,city,11_20,2075,0.4595680360166295
Afghanistan,city,11_20,2080,0.4563331370525554
Afghanistan,city,11_20,2085,0.4514227602190006
Afghanistan,city,11_20,2090,0.44531166418409157
Afghanistan,city,11_20,2095,0.4384238711269352
Afghanistan,city,11_20,2100,0.4310665980699254
Afghanistan,city,21_30,2011,0.15857884585093
Afghanistan,city,21_30,2012,0.16197320005717367
Afghanistan,city,21_30,2013,0.16281896347181565
Afghanistan,city,21_30,2014,0.16240265184258293
Afghanistan,city,21_30,2015,0.16169908413110798
Afghanistan,city,21_30,2016,0.16154266687055283
Afghanistan,city,21_30,2017,0.1614433163671863
Afghanistan,city,21_30,2018,0.16070864024721487
Afghanistan,city,21_30,2019,0.16110851351578462
Afghanistan,city,21_30,2020,0.15874216561399548
Afghanistan,city,21_30,2025,0.16070279277533403
Afghanistan,city,21_30,2030,0.167969772972407
Afghanistan,city,21_30,2035,0.1759061553972328
Afghanistan,city,21_30,2040,0.18377536921502746
Afghanistan,city,21_30,2045,0.19093564436914787
Afghanistan,city,21_30,2050,0.1969586200660009
Afghanistan,city,21_30,2055,0.20162159084787962
Afghanistan,city,21_30,2060,0.20485380772210626
Afghanistan,city,21_30,2065,0.20669991033252932
Afghanistan,city,21_30,2070,0.20728255381966315
Afghanistan,city,21_30,2075,0.20675859882731673
Afghanistan,city,21_30,2080,0.20530322524877723
Afghanistan,city,21_30,2085,0.2030940580433731
Afghanistan,city,21_30,2090,0.20034469004026154
Afghanistan,city,21_30,2095,0.19724588783927766
Afghanistan,city,21_30,2100,0.19393586766981077
Afghanistan,city,31_50,2011,0.235491949480815
Afghanistan,city,31_50,2012,0.24053261606510923
Afghanistan,city,31_50,2013,0.24178858734075354
Afghanistan,city,31_50,2014,0.2411703583668101
Afghanistan,city,31_50,2015,0.2401255498295936
Afghanistan,city,31_50,2016,0.2398932678664924
Afghanistan,city,31_50,2017,0.23974573088831513
Afghanistan,city,31_50,2018,0.2386547259008548
Afghanistan,city,31_50,2019,0.23924854366422327
Afghanistan,city,31_50,2020,0.23573448176301606
Afghanistan,city,31_50,2025,0.23864604231796346
Afghanistan,city,31_50,2030,0.24943761621462235
Afghanistan,city,31_50,2035,0.2612232623959825
Afghanistan,city,31_50,2040,0.2729091621948488
Afghanistan,city,31_50,2045,0.28354227751243616
Afghanistan,city,31_50,2050,0.2924864861861505
Afghanistan,city,31_50,2055,0.2994110672921887
Afghanistan,city,31_50,2060,0.30421095752201127
Afghanistan,city,31_50,2065,0.3069524474120236
Afghanistan,city,31_50,2070,0.30781768167388995
Afghanistan,city,31_50,2075,0.3070396007014515
Afghanistan,city,31_50,2080,0.3048783492470468
Afghanistan,city,31_50,2085,0.3015977030225261
Afghanistan,city,31_50,2090,0.29751485056248517
Afghanistan,city,31_50,2095,0.29291308311078407
Afghanistan,city,31_50,2100,0.2879976538279823
Afghanistan,city,51+,2011,0.100050611660432
Afghanistan,city,51+,2012,0.10219217860591276
Afghanistan,city,51+,2013,0.10272578790607434
Afghanistan,city,51+,2014,0.1024631284515766
Afghanistan,city,51+,2015,0.10201923330591657
Afghanistan,city,51+,2016,0.1019205464822812
Afghanistan,city,51+,2017,0.10185786423372999
Afghanistan,city,51+,2018,0.1013943421619112
Afghanistan,city,51+,2019,0.10164663032110659
Afghanistan,city,51+,2020,0.10015365341296373
Afghanistan,city,51+,2025,0.10139065287324721
Afghanistan,city,51+,2030,0.10597553813798717
Afghanistan,city,51+,2035,0.11098276285143571
Afghanistan,city,51+,2040,0.11594760952775211
Afghanistan,city,51+,2045,0.12046517241568089
Afghanistan,city,51+,2050,0.12426518999843295
Afghanistan,city,51+,2055,0.12720715288369852
Afghanistan,city,51+,2060,0.12924642409638942
Afghanistan,city,51+,2065,0.13041116769361785
Afghanistan,city,51+,2070,0.13077876929239923
Afghanistan,city,51+,2075,0.13044819545586067
Afghanistan,city,51+,2080,0.12952997073335143
Afghanistan,city,51+,2085,0.1281361623160003
Afghanistan,city,51+,2090,0.12640153025385556
Afghanistan,city,51+,2095,0.12444643306570616
Afghanistan,city,51+,2100,0.12235807417529755
Afghanistan,town,No_travel,2011,0.0
Afghanistan,town,No_travel,2012,0.0
Afghanistan,town,No_travel,2013,0.0
Afghanistan,town,No_travel,2014,0.0
Afghanistan,town,No_travel,2015,0.0
Afghanistan,town,No_travel,2016,0.0
Afghanistan,town,No_travel,2017,0.0
Afghanistan,town,No_travel,2018,0.0
Afghanistan,town,No_travel,2019,0.0
Afghanistan,town,No_travel,2020,0.0
Afghanistan,town,No_travel,2025,0.0
Afghanistan,town,No_travel,2030,0.0
Afghanistan,town,No_travel,2035,0.0
Afghanistan,town,No_travel,2040,0.0
Afghanistan,town,No_travel,2045,0.0
Afghanistan,town,No_travel,2050,0.0
Afghanistan,town,No_travel,2055,0.0
Afghanistan,town,No_travel,2060,0.0
Afghanistan,town,No_travel,2065,0.0
Afghanistan,town,No_travel,2070,0.0
Afghanistan,town,No_travel,2075,0.0
Afghanistan,town,No_travel,2080,0.0
Afghanistan,town,No_travel,2085,0.0
Afghanistan,town,No_travel,2090,0.0
Afghanistan,town,No_travel,2095,0.0
Afghanistan,town,No_travel,2100,0.0
Afghanistan,town,00_01,2011,0.136283799718559
Afghanistan,town,00_01,2012,0.13920093211623338
Afghanistan,town,00_01,2013,0.1399277872726816
Afghanistan,town,00_01,2014,0.13957000606678105
Afghanistan,town,00_01,2015,0.1389653549194948
Afghanistan,town,00_01,2016,0.13883092880171324
Afghanistan,town,00_01,2017,0.13874554626515806
Afghanistan,town,00_01,2018,0.13811416032805576
Afghanistan,town,00_01,2019,0.13845781428867163
Afghanistan,town,00_01,2020,0.13642415789660137
Afghanistan,town,00_01,2025,0.1381091349686997
Afghanistan,town,00_01,2030,0.14435442997272319
Afghanistan,town,00_01,2035,0.15117501406179898
Afghanistan,town,00_01,2040,0.1579378729672988
Afghanistan,town,00_01,2045,0.164091464890595
Afghanistan,town,00_01,2050,0.16926765348734693
Afghanistan,town,00_01,2055,0.17327504408677427
Afghanistan,town,00_01,2060,0.17605283449614664
Afghanistan,town,00_01,2065,0.177639388346181
Afghanistan,town,00_01,2070,0.17814011634607146
Afghanistan,town,00_01,2075,0.17768982566035413
Afghanistan,town,00_01,2080,0.1764390671482143
Afghanistan,town,00_01,2085,0.1745404929761641
Afghanistan,town,00_01,2090,0.17217766635652218
Afghanistan,town,00_01,2095,0.16951453347609177
Afghanistan,town,00_01,2100,0.16666987835567257
Afghanistan,town,02_05,2011,0.261285967590787
Afghanistan,town,02_05,2012,0.266878750905391
Afghanistan,town,02_05,2013,0.26827229183426965
Afghanistan,town,02_05,2014,0.267586346705336
Afghanistan,town,02_05,2015,0.2664270976940828
Afghanistan,town,02_05,2016,0.26616937331065227
Afghanistan,town,02_05,2017,0.26600567624082266
Afghanistan,town,02_05,2018,0.26479517076739384
Afghanistan,town,02_05,2019,0.26545403086522906
Afghanistan,town,02_05,2020,0.2615550650362267
Afghanistan,town,02_05,2025,0.2647855360501013
Afghanistan,town,02_05,2030,0.276759137838326
Afghanistan,town,02_05,2035,0.2898356951175387
Afghanistan,town,02_05,2040,0.30280158054524636
Afghanistan,town,02_05,2045,0.31459936739267563
Afghanistan,town,02_05,2050,0.32452325745684846
Afghanistan,town,02_05,2055,0.3322063051297774
Afghanistan,town,02_05,2060,0.33753193925779645
Afghanistan,town,02_05,2065,0.3405737113444069
Afghanistan,town,02_05,2070,0.34153371686392836
Afghanistan,town,02_05,2075,0.3406704107500855
Afghanistan,town,02_05,2080,0.3382724320560532
Afghanistan,town,02_05,2085,0.33463244850253143
Afghanistan,town,02_05,2090,0.33010239107210054
Afghanistan,town,02_05,2095,0.32499658060216147
Afghanistan,town,02_05,2100,0.31954275214173
Afghanistan,town,06_10,2011,0.234847781523163
Afghanistan,town,06_10,2012,0.23987465979789518
Afghanistan,town,06_10,2013,0.24112719547222364
Afghanistan,town,06_10,2014,0.24051065761042392
Afghanistan,town,06_10,2015,0.23946870705702827
Afghanistan,town,06_10,2016,0.23923706048124327
Afghanistan,town,06_10,2017,0.23908992707777046
Afghanistan,town,06_10,2018,0.2380019064405442
Afghanistan,town,06_10,2019,0.23859409986653432
Afghanistan,town,06_10,2020,0.23508965037918225
Afghanistan,town,06_10,2025,0.23799324661084642
Afghanistan,town,06_10,2030,0.24875530108600413
Afghanistan,town,06_10,2035,0.2605087086466938
Afghanistan,town,06_10,2040,0.2721626426725332
Afghanistan,town,06_10,2045,0.28276667201842304
Afghanistan,town,06_10,2050,0.2916864145791901
Afghanistan,town,06_10,2055,0.29859205408965145
Afghanistan,town,06_10,2060,0.30337881463290467
Afghanistan,town,06_10,2065,0.3061128054132987
Afghanistan,town,06_10,2070,0.30697567290131744
Afghanistan,town,06_10,2075,0.30619972030240517
Afghanistan,town,06_10,2080,0.3040443807653226
Afghanistan,town,06_10,2085,0.3007727084661649
Afghanistan,town,06_10,2090,0.2967010242975937
Afghanistan,town,06_10,2095,0.29211184458465606
Afghanistan,town,06_10,2100,0.28720986103555796
Afghanistan,town,11_20,2011,0.286274279539271
Afghanistan,town,11_20,2012,0.29240193357584376
Afghanistan,town,11_20,2013,0.29392874700980526
Afghanistan,town,11_20,2014,0.29317720091875565
Afghanistan,town,11_20,2015,0.29190708611479926
Afghanistan,town,11_20,2016,0.2916247140346353
Afghanistan,town,11_20,2017,0.29144536165241497
Afghanistan,town,11_20,2018,0.2901190884297101
Afghanistan,town,11_20,2019,0.29084095918903213
Afghanistan,town,11_20,2020,0.2865691123541727
Afghanistan,town,11_20,2025,0.29010853228780586
Afghanistan,town,11_20,2030,0.3032272399513666
Afghanistan,town,11_20,2035,0.31755438521859153
Afghanistan,town,11_20,2040,0.33176027443503414
Afghanistan,town,11_20,2045,0.3446863529422245
Afghanistan,town,11_20,2050,0.35555932290897513
Afghanistan,town,11_20,2055,0.3639771455632644
Afghanistan,town,11_20,2060,0.3698121013672291
Afghanistan,town,11_20,2065,0.37314477598671286
Afghanistan,town,11_20,2070,0.3741965924734105
Afghanistan,town,11_20,2075,0.3732507233245962
Afghanistan,town,11_20,2080,0.37062341184164754
Afghanistan,town,11_20,2085,0.36663531527860815
Afghanistan,town,11_20,2090,0.3616720218452648
Afghanistan,town,11_20,2095,0.3560779127271086
Afghanistan,town,11_20,2100,0.3501025026136731
Afghanistan,town,21_30,2011,0.142215623076087
Afghanistan,town,21_30,2012,0.14525972518057367
Afghanistan,town,21_30,2013,0.1460182170862427
Afghanistan,town,21_30,2014,0.1456448632670277
Afghanistan,town,21_30,2015,0.14501389436366158
Afghanistan,town,21_30,2016,0.14487361727909626
Afghanistan,town,21_30,2017,0.14478451842317144
Afghanistan,town,21_30,2018,0.1441256510843394
Afghanistan,town,21_30,2019,0.14448426276256146
Afghanistan,town,21_30,2020,0.14236209041692535
Afghanistan,town,21_30,2025,0.14412040699360024
Afghanistan,town,21_30,2030,0.15063753171513986
Afghanistan,town,21_30,2035,0.1577549852787615
Afghanistan,town,21_30,2040,0.16481220114012954
Afghanistan,town,21_30,2045,0.1712336313565955
Afghanistan,town,21_30,2050,0.17663511625771075
Afghanistan,town,21_30,2055,0.1808169306199735
Afghanistan,town,21_30,2060,0.18371562580354986
Afghanistan,town,21_30,2065,0.185371235236163
Afghanistan,town,21_30,2070,0.1858937576830211
Afghanistan,town,21_30,2075,0.18542386786070256
Afghanistan,town,21_30,2080,0.18411866943294355
Afghanistan,town,21_30,2085,0.1821374588313029
Afghanistan,town,21_30,2090,0.17967178895251257
Afghanistan,town,21_30,2095,0.1768927418265375
Afghanistan,town,21_30,2100,0.17392427161054377
Afghanistan,town,31_50,2011,0.175007801582025
Afghanistan,town,31_50,2012,0.17875381489318143
Afghanistan,town,31_50,2013,0.17968720039652997
Afghanistan,town,31_50,2014,0.17922775839079394
Afghanistan,town,31_50,2015,0.17845130023341102
Afghanistan,town,31_50,2016,0.17827867795991453
Afghanistan,town,31_50,2017,0.17816903462705416
Afghanistan,town,31_50,2018,0.1773582451933117
Afghanistan,town,31_50,2019,0.1777995458048043
Afghanistan,town,31_50,2020,0.17518804146544462
Afghanistan,town,31_50,2025,0.1773517919164374
Afghanistan,town,31_50,2030,0.18537163984511618
Afghanistan,town,31_50,2035,0.19413024086298858
Afghanistan,town,31_50,2040,0.2028147145268071
Afghanistan,town,31_50,2045,0.21071680264405174
Afghanistan,town,31_50,2050,0.21736376573696692
Afghanistan,town,31_50,2055,0.2225098257993849
Afghanistan,town,31_50,2060,0.2260769041594234
Afghanistan,town,31_50,2065,0.2281142651807584
Afghanistan,town,31_50,2070,0.22875727122133224
Afghanistan,town,31_50,2075,0.22817903387292404
Afghanistan,town,31_50,2080,0.22657288187267433
Afghanistan,town,31_50,2085,0.2241348423354947
Afghanistan,town,31_50,2090,0.22110063655992215
Afghanistan,town,31_50,2095,0.21768079479085337
Afghanistan,town,31_50,2100,0.21402785262229262
Afghanistan,town,51+,2011,0.0762610743674654
Afghanistan,town,51+,2012,0.07789343016601374
Afghanistan,town,51+,2013,0.07830016049826705
Afghanistan,town,51+,2014,0.07809995490371502
Afghanistan,town,51+,2015,0.07776160694009208
Afghanistan,town,51+,2016,0.0776863853790097
Afghanistan,town,51+,2017,0.0776386074040533
Afghanistan,town,51+,2018,0.0772852993072482
Afghanistan,town,51+,2019,0.07747759964156029
Afghanistan,town,51+,2020,0.07633961536409066
Afghanistan,town,51+,2025,0.07728248723931079
Afghanistan,town,51+,2030,0.08077720126791986
Afghanistan,town,51+,2035,0.08459383296971211
Afghanistan,town,51+,2040,0.08837816307346666
Afghanistan,town,51+,2045,0.0918215623055004
Afghanistan,town,51+,2050,0.09471803058956726
Afghanistan,town,51+,2055,0.0969604681584751
Afghanistan,town,51+,2060,0.09851485159527276
Afghanistan,town,51+,2065,0.09940264824751847
Afghanistan,town,51+,2070,0.09968284336473987
Afghanistan,town,51+,2075,0.09943087173244473
Afghanistan,town,51+,2080,0.09873097792183032
Afghanistan,town,51+,2085,0.0976685823441764
Afghanistan,town,51+,2090,0.09634640247444826
Afghanistan,town,51+,2095,0.0948561785808941
Afghanistan,town,51+,2100,0.09326437929047164
Afghanistan,rural,No_travel,2011,0.0
Afghanistan,rural,No_travel,2012,0.0
Afghanistan,rural,No_travel,2013,0.0
Afghanistan,rural,No_travel,2014,0.0
Afghanistan,rural,No_travel,2015,0.0
Afghanistan,rural,No_travel,2016,0.0
Afghanistan,rural,No_travel,2017,0.0
Afghanistan,rural,No_travel,2018,0.0
Afghanistan,rural,No_travel,2019,0.0
Afghanistan,rural,No_travel,2020,0.0
Afghanistan,rural,No_travel,2025,0.0
Afghanistan,rural,No_travel,2030,0.0
Afghanistan,rural,No_travel,2035,0.0
Afghanistan,rural,No_travel,2040,0.0
Afghanistan,rural,No_travel,2045,0.0
Afghanistan,rural,No_travel,2050,0.0
Afghanistan,rural,No_travel,2055,0.0
Afghanistan,rural,No_travel,2060,0.0
Afghanistan,rural,No_travel,2065,0.0
Afghanistan,rural,No_travel,2070,0.0
Afghanistan,rural,No_travel,2075,0.0
Afghanistan,rural,No_travel,2080,0.0
Afghanistan,rural,No_travel,2085,0.0
Afghanistan,rural,No_travel,2090,0.0
Afghanistan,rural,No_travel,2095,0.0
Afghanistan,rural,No_travel,2100,0.0
Afghanistan,rural,00_01,2011,0.0478840154180537
Afghanistan,rural,00_01,2012,0.04890896492045389
Afghanistan,rural,00_01,2013,0.049164349225778024
Afghanistan,rural,00_01,2014,0.049038640955132426
Afghanistan,rural,00_01,2015,0.048826193658249084
Afghanistan,rural,00_01,2016,0.04877896234895381
Afghanistan,rural,00_01,2017,0.048748962754685946
Afghanistan,rural,00_01,2018,0.0485271220516135
Afghanistan,rural,00_01,2019,0.048647866641818555
Afghanistan,rural,00_01,2020,0.04793333098729458
Afghanistan,rural,00_01,2025,0.04852535636570377
Afghanistan,rural,00_01,2030,0.050719672952712104
Afghanistan,rural,00_01,2035,0.05311612032471005
Afghanistan,rural,00_01,2040,0.05549228565595138
Afghanistan,rural,00_01,2045,0.05765438189292179
Afghanistan,rural,00_01,2050,0.05947306243371589
Afghanistan,rural,00_01,2055,0.06088107977433462
Afghanistan,rural,00_01,2060,0.0618570707509965
Afghanistan,rural,00_01,2065,0.06241451462307453
Afghanistan,rural,00_01,2070,0.06259044798651552
Afghanistan,rural,00_01,2075,0.06243223603335585
Afghanistan,rural,00_01,2080,0.06199277558388755
Afghanistan,rural,00_01,2085,0.06132570176356179
Afghanistan,rural,00_01,2090,0.06049551045308489
Afghanistan,rural,00_01,2095,0.05955980499014504
Afghanistan,rural,00_01,2100,0.05856032075264584
Afghanistan,rural,02_05,2011,0.123784799035439
Afghanistan,rural,02_05,2012,0.12643439237192947
Afghanistan,rural,02_05,2013,0.12709458543709654
Afghanistan,rural,02_05,2014,0.12676961743090273
Afghanistan,rural,02_05,2015,0.12622042067451686
Afghanistan,rural,02_05,2016,0.12609832318377276
Afghanistan,rural,02_05,2017,0.12602077133864925
Afghanistan,rural,02_05,2018,0.12544729172112015
Afghanistan,rural,02_05,2019,0.1257594281345487
Afghanistan,rural,02_05,2020,0.12391228453920274
Afghanistan,rural,02_05,2025,0.12544272725271483
Afghanistan,rural,02_05,2030,0.1311152473070908
Afghanistan,rural,02_05,2035,0.13731029493941463
Afghanistan,rural,02_05,2040,0.14345291153985512
Afghanistan,rural,02_05,2045,0.14904213888121454
Afghanistan,rural,02_05,2050,0.1537436035200172
Afghanistan,rural,02_05,2055,0.15738346417132737
Afghanistan,rural,02_05,2060,0.15990649499595078
Afghanistan,rural,02_05,2065,0.16134754117965697
Afghanistan,rural,02_05,2070,0.16180234589574105
Afghanistan,rural,02_05,2075,0.1613933527347479
Afghanistan,rural,02_05,2080,0.1602573050798775
Afghanistan,rural,02_05,2085,0.15853285490438754
Afghanistan,rural,02_05,2090,0.15638673028156394
Afghanistan,rural,02_05,2095,0.15396784139609462
Afghanistan,rural,02_05,2100,0.15138407822590566
Afghanistan,rural,06_10,2011,0.148707724813786
Afghanistan,rural,06_10,2012,0.1518907892919895
Afghanistan,rural,06_10,2013,0.15268390613205263
Afghanistan,rural,06_10,2014,0.15229350881982273
Afghanistan,rural,06_10,2015,0.15163373636994482
Afghanistan,rural,06_10,2016,0.1514870556773597
Afghanistan,rural,06_10,2017,0.15139388948463417
Afghanistan,rural,06_10,2018,0.15070494504384369
Afghanistan,rural,06_10,2019,0.1510799272406416
Afghanistan,rural,06_10,2020,0.1488608783460385
Afghanistan,rural,06_10,2025,0.1506994615618909
Afghanistan,rural,06_10,2030,0.1575140911272329
Afghanistan,rural,06_10,2035,0.16495645437130266
Afghanistan,rural,06_10,2040,0.17233583007957018
Afghanistan,rural,06_10,2045,0.17905039671357675
Afghanistan,rural,06_10,2050,0.1846984578259
Afghanistan,rural,06_10,2055,0.18907117079480498
Afghanistan,rural,06_10,2060,0.19210219056854458
Afghanistan,rural,06_10,2065,0.19383337808914786
Afghanistan,rural,06_10,2070,0.19437975353339024
Afghanistan,rural,06_10,2075,0.1938884133776553
Afghanistan,rural,06_10,2080,0.19252363302213327
Afghanistan,rural,06_10,2085,0.19045198073404876
Afghanistan,rural,06_10,2090,0.1878737537440322
Afghanistan,rural,06_10,2095,0.18496784392684607
Afghanistan,rural,06_10,2100,0.1818638639107986
Afghanistan,rural,11_20,2011,0.227309082564942
Afghanistan,rural,11_20,2012,0.232174596223977
Afghanistan,rural,11_20,2013,0.2333869250489073
Afghanistan,rural,11_20,2014,0.2327901782760687
Afghanistan,rural,11_20,2015,0.2317816747133172
Afghanistan,rural,11_20,2016,0.23155746407662525
Afghanistan,rural,11_20,2017,0.23141505370876422
Afghanistan,rural,11_20,2018,0.2303619589285811
Afghanistan,rural,11_20,2019,0.23093514273082846
Afghanistan,rural,11_20,2020,0.22754318734296541
Afghanistan,rural,11_20,2025,0.23035357708255727
Afghanistan,rural,11_20,2030,0.24077016570603016
Afghanistan,rural,11_20,2035,0.25214628462145927
Afghanistan,rural,11_20,2040,0.26342612313858255
Afghanistan,rural,11_20,2045,0.2736897592967474
Afghanistan,rural,11_20,2050,0.28232317488642567
Afghanistan,rural,11_20,2055,0.2890071408641599
Afghanistan,rural,11_20,2060,0.29364024465797894
Afghanistan,rural,11_20,2065,0.29628647334279656
Afghanistan,rural,11_20,2070,0.2971216424715171
Afghanistan,rural,11_20,2075,0.2963705982324416
Afghanistan,rural,11_20,2080,0.294284445876168
Afghanistan,rural,11_20,2085,0.29111779544433786
Afghanistan,rural,11_20,2090,0.2871768138142396
Afghanistan,rural,11_20,2095,0.2827349484344271
Afghanistan,rural,11_20,2100,0.2779903203350383
Afghanistan,rural,21_30,2011,0.153212938930544
Afghanistan,rural,21_30,2012,0.15649243677856542
Afghanistan,rural,21_30,2013,0.15730958169913725
Afghanistan,rural,21_30,2014,0.15690735700212016
Afghanistan,rural,21_30,2015,0.15622759624189214
Afghanistan,rural,21_30,2016,0.15607647174568004
Afghanistan,rural,21_30,2017,0.15598048301197892
Afghanistan,rural,21_30,2018,0.15527066647308999
Afghanistan,rural,21_30,2019,0.15565700904197793
Afghanistan,rural,21_30,2020,0.15337073236604565
Afghanistan,rural,21_30,2025,0.15526501686486277
Afghanistan,rural,21_30,2030,0.162286100838385
Afghanistan,rural,21_30,2035,0.16995393616193957
Afghanistan,rural,21_30,2040,0.17755687569418047
Afghanistan,rural,21_30,2045,0.18447486525342724
Afghanistan,rural,21_30,2050,0.19029403869153863
Afghanistan,rural,21_30,2055,0.1947992263400254
Afghanistan,rural,21_30,2060,0.19792207317311866
Afghanistan,rural,21_30,2065,0.19970570834206264
Afghanistan,rural,21_30,2070,0.20026863664774872
Afghanistan,rural,21_30,2075,0.19976241096667527
Afghanistan,rural,21_30,2080,0.1983562835477665
Afghanistan,rural,21_30,2085,0.1962218689711393
Afghanistan,rural,21_30,2090,0.19356553262502726
Afghanistan,rural,21_30,2095,0.1905715860501891
Afghanistan,rural,21_30,2100,0.18737356858851503
Afghanistan,rural,31_50,2011,0.152668305095647
Afghanistan,rural,31_50,2012,0.15593614514569148
Afghanistan,rural,31_50,2013,0.156750385319609
Afghanistan,rural,31_50,2014,0.15634959043120178
Afghanistan,rural,31_50,2015,0.15567224605115834
Afghanistan,rural,31_50,2016,0.1555216587648875
Afghanistan,rural,31_50,2017,0.15542601124722535
Afghanistan,rural,31_50,2018,0.1547187179293277
Afghanistan,rural,31_50,2019,0.15510368714661527
Afghanistan,rural,31_50,2020,0.15282553761478937
Afghanistan,rural,31_50,2025,0.15471308840405051
Afghanistan,rural,31_50,2030,0.16170921417289155
Afghanistan,rural,31_50,2035,0.16934979225181146
Afghanistan,rural,31_50,2040,0.17692570522779125
Afghanistan,rural,31_50,2045,0.18381910305732035
Afghanistan,rural,31_50,2050,0.18961759078332643
Afghanistan,rural,31_50,2055,0.1941067636118962
Afghanistan,rural,31_50,2060,0.19721850950235123
Afghanistan,rural,31_50,2065,0.19899580429254587
Afghanistan,rural,31_50,2070,0.19955673152832207
Afghanistan,rural,31_50,2075,0.19905230535345175
Afghanistan,rural,31_50,2080,0.19765117636727236
Afghanistan,rural,31_50,2085,0.19552434910281502
Afghanistan,rural,31_50,2090,0.19287745537076062
Afghanistan,rural,31_50,2095,0.1898941515302497
Afghanistan,rural,31_50,2100,0.1867075022240746
Afghanistan,rural,51+,2011,0.0512532102732799
Afghanistan,rural,51+,2012,0.05235027683938506
Afghanistan,rural,51+,2013,0.05262363038726522
Afghanistan,rural,51+,2014,0.052489077084409586
Afghanistan,rural,51+,2015,0.0522616816606113
Afghanistan,rural,51+,2016,0.052211127081893155
Afghanistan,rural,51+,2017,0.05217901666885239
Afghanistan,rural,51+,2018,0.05194156690398874
Afghanistan,rural,51+,2019,0.05207080727401851
Afghanistan,rural,51+,2020,0.05130599576376106
Afghanistan,rural,51+,2025,0.05193967698163328
Afghanistan,rural,51+,2030,0.05428838914493446
Afghanistan,rural,51+,2035,0.05685345433409049
Afghanistan,rural,51+,2040,0.05939681040611013
Afghanistan,rural,51+,2045,0.06171103514472158
Afghanistan,rural,51+,2050,0.06365768091708299
Afghanistan,rural,51+,2055,0.06516476857874028
Afghanistan,rural,51+,2060,0.06620943182001086
Afghanistan,rural,51+,2065,0.06680609832221891
Afghanistan,rural,51+,2070,0.06699441063462216
Afghanistan,rural,51+,2075,0.0668250666388807
Afghanistan,rural,51+,2080,0.06635468505899973
Afghanistan,rural,51+,2085,0.06564067487245916
Afghanistan,rural,51+,2090,0.06475206999186513
Afghanistan,rural,51+,2095,0.06375052681660687
Afghanistan,rural,51+,2100,0.06268071729160907
Bangladesh,large_city,No_travel,2011,0.0
Bangladesh,large_city,No_travel,2012,0.0
Bangladesh,large_city,No_travel,2013,0.0
Bangladesh,large_city,No_travel,2014,0.0
Bangladesh,large_city,No_travel,2015,0.0
Bangladesh,large_city,No_travel,2016,0.0
Bangladesh,large_city,No_travel,2017,0.0
Bangladesh,large_city,No_travel,2018,0.0
Bangladesh,large_city,No_travel,2019,0.0
Bangladesh,large_city,No_travel,2020,0.0
Bangladesh,large_city,No_travel,2025,0.0
Bangladesh,large_city,No_travel,2030,0.0
Bangladesh,large_city,No_travel,2035,0.0
Bangladesh,large_city,No_travel,2040,0.0
Bangladesh,large_city,No_travel,2045,0.0
Bangladesh,large_city,No_travel,2050,0.0
Bangladesh,large_city,No_travel,2055,0.0
Bangladesh,large_city,No_travel,2060,0.0
Bangladesh,large_city,No_travel,2065,0.0
Bangladesh,large_city,No_travel,2070,0.0
Bangladesh,large_city,No_travel,2075,0.0
Bangladesh,large_city,No_travel,2080,0.0
Bangladesh,large_city,No_travel,2085,0.0
Bangladesh,large_city,No_travel,2090,0.0
Bangladesh,large_city,No_travel,2095,0.0
Bangladesh,large_city,No_travel,2100,0.0
Bangladesh,large_city,00_01,2011,0.0918299625000023
Bangladesh,large_city,00_01,2012,0.09262530141054144
Bangladesh,large_city,00_01,2013,0.09332331014806404
Bangladesh,large_city,00_01,2014,0.09401291163014014
Bangladesh,large_city,00_01,2015,0.09475655410503706
Bangladesh,large_city,00_01,2016,0.09554266279347642
Bangladesh,large_city,00_01,2017,0.0962313211206146
Bangladesh,large_city,00_01,2018,0.0969917412722371
Bangladesh,large_city,00_01,2019,0.0977852355044509
Bangladesh,large_city,00_01,2020,0.09805108237034779
Bangladesh,large_city,00_01,2025,0.10138081075532458
Bangladesh,large_city,00_01,2030,0.10294371133767617
Bangladesh,large_city,00_01,2035,0.10380784856690371
Bangladesh,large_city,00_01,2040,0.10407565423417957
Bangladesh,large_city,00_01,2045,0.10384280466103886
Bangladesh,large_city,00_01,2050,0.10321451269803121
Bangladesh,large_city,00_01,2055,0.10228731653572197
Bangladesh,large_city,00_01,2060,0.1011365530884776
Bangladesh,large_city,00_01,2065,0.09982036933815494
Bangladesh,large_city,00_01,2070,0.0983860676973975
Bangladesh,large_city,00_01,2075,0.09687425259694683
Bangladesh,large_city,00_01,2080,0.09536672333604057
Bangladesh,large_city,00_01,2085,0.09389182713190017
Bangladesh,large_city,00_01,2090,0.09249632852304582
Bangladesh,large_city,00_01,2095,0.09114897114216423
Bangladesh,large_city,00_01,2100,0.08983298312629794
Bangladesh,large_city,02_05,2011,0.218099182353909
Bangladesh,large_city,02_05,2012,0.2199881384349139
Bangladesh,large_city,02_05,2013,0.22164593215261863
Bangladesh,large_city,02_05,2014,0.2232837583620199
Bangladesh,large_city,02_05,2015,0.22504993370744325
Bangladesh,large_city,02_05,2016,0.2269169677072658
Bangladesh,large_city,02_05,2017,0.22855255389265752
Bangladesh,large_city,02_05,2018,0.23035857677232818
Bangladesh,large_city,02_05,2019,0.23224315168161627
Bangladesh,large_city,02_05,2020,0.2328745467350931
Bangladesh,large_city,02_05,2025,0.2407827612051145
Bangladesh,large_city,02_05,2030,0.24449470151121364
Bangladesh,large_city,02_05,2035,0.24654705586272602
Bangladesh,large_city,02_05,2040,0.24718310313392688
Bangladesh,large_city,02_05,2045,0.24663007773643267
Bangladesh,large_city,02_05,2050,0.24513786365204274
Bangladesh,large_city,02_05,2055,0.2429357422596778
Bangladesh,large_city,02_05,2060,0.2402026412097154
Bangladesh,large_city,02_05,2065,0.23707666149723466
Bangladesh,large_city,02_05,2070,0.23367014790862178
Bangladesh,large_city,02_05,2075,0.2300795373028669
Bangladesh,large_city,02_05,2080,0.22649910570704393
Bangladesh,large_city,02_05,2085,0.22299617869474225
Bangladesh,large_city,02_05,2090,0.219681823583608
Bangladesh,large_city,02_05,2095,0.21648180547286586
Bangladesh,large_city,02_05,2100,0.21335629063615907
Bangladesh,large_city,06_10,2011,0.227649910037638
Bangladesh,large_city,06_10,2012,0.22962158493006388
Bangladesh,large_city,06_10,2013,0.23135197468496008
Bangladesh,large_city,06_10,2014,0.2330615225393049
Bangladesh,large_city,06_10,2015,0.23490504003513799
Bangladesh,large_city,06_10,2016,0.23685383286191308
Bangladesh,large_city,06_10,2017,0.23856104259990757
Bangladesh,large_city,06_10,2018,0.2404461525835653
Bangladesh,large_city,06_10,2019,0.24241325444946066
Bangladesh,large_city,06_10,2020,0.24307229876852174
Bangladesh,large_city,06_10,2025,0.25132681991448996
Bangladesh,large_city,06_10,2030,0.2552013088861053
Bangladesh,large_city,06_10,2035,0.25734353738253773
Bangladesh,large_city,06_10,2040,0.25800743764344564
Bangladesh,large_city,06_10,2045,0.2574301948467083
Bangladesh,large_city,06_10,2050,0.25587263558214846
Bangladesh,large_city,06_10,2055,0.25357408163319156
Bangladesh,large_city,06_10,2060,0.250721296026971
Bangladesh,large_city,06_10,2065,0.24745842730529483
Bangladesh,large_city,06_10,2070,0.24390273991747452
Bangladesh,large_city,06_10,2075,0.24015489376528723
Bangladesh,large_city,06_10,2080,0.23641767236955372
Bangladesh,large_city,06_10,2085,0.23276134954150715
Bangladesh,large_city,06_10,2090,0.22930185632039937
Bangladesh,large_city,06_10,2095,0.22596170700316281
Bangladesh,large_city,06_10,2100,0.22269932351452132
Bangladesh,large_city,11_20,2011,0.24573634096712
Bangladesh,large_city,11_20,2012,0.24786466236009297
Bangladesh,large_city,11_20,2013,0.2497325288870109
Bangladesh,large_city,11_20,2014,0.251577897656827
Bangladesh,large_city,11_20,2015,0.25356787974757317
Bangladesh,large_city,11_20,2016,0.255671501130404
Bangladesh,large_city,11_20,2017,0.2575143460241658
Bangladesh,large_city,11_20,2018,0.2595492250611399
Bangladesh,large_city,11_20,2019,0.2616726101077442
Bangladesh,large_city,11_20,2020,0.2623840144719034
Bangladesh,large_city,11_20,2025,0.2712943444716411
Bangladesh,large_city,11_20,2030,0.2754766555599468
Bangladesh,large_city,11_20,2035,0.27778908077523357
Bangladesh,large_city,11_20,2040,0.2785057268782593
Bangladesh,large_city,11_20,2045,0.2778826230400175
Bangladesh,large_city,11_20,2050,0.2762013181168172
Bangladesh,large_city,11_20,2055,0.2737201476351825
Bangladesh,large_city,11_20,2060,0.27064071265398526
Bangladesh,large_city,11_20,2065,0.26711861409225857
Bangladesh,large_city,11_20,2070,0.2632804328772454
Bangladesh,large_city,11_20,2075,0.259234826183204
Bangladesh,large_city,11_20,2080,0.2552006883659751
Bangladesh,large_city,11_20,2085,0.2512538763816867
Bangladesh,large_city,11_20,2090,0.24751953181016886
Bangladesh,large_city,11_20,2095,0.24391401282988098
Bangladesh,large_city,11_20,2100,0.24039243805219818
Bangladesh,large_city,21_30,2011,0.151410352965953
Bangladesh,large_city,21_30,2012,0.15272171738224888
Bangladesh,large_city,21_30,2013,0.15387260263194735
Bangladesh,large_city,21_30,2014,0.15500962589716955
Bangladesh,large_city,21_30,2015,0.1562357526050468
Bangladesh,large_city,21_30,2016,0.15753189811949372
Bangladesh,large_city,21_30,2017,0.15866736629944567
Bangladesh,large_city,21_30,2018,0.1599211562436546
Bangladesh,large_city,21_30,2019,0.161229479132014
Bangladesh,large_city,21_30,2020,0.1616678106602485
Bangladesh,large_city,21_30,2025,0.16715790709854417
Bangladesh,large_city,21_30,2030,0.16973483648392362
Bangladesh,large_city,21_30,2035,0.17115963640027293
Bangladesh,large_city,21_30,2040,0.17160119762391512
Bangladesh,large_city,21_30,2045,0.17121727243111975
Bangladesh,large_city,21_30,2050,0.17018133704255137
Bangladesh,large_city,21_30,2055,0.16865256479456187
Bangladesh,large_city,21_30,2060,0.166755172102851
Bangladesh,large_city,21_30,2065,0.16458503241446334
Bangladesh,large_city,21_30,2070,0.16222013851954614
Bangladesh,large_city,21_30,2075,0.15972743949466647
Bangladesh,large_city,21_30,2080,0.1572418070138701
Bangladesh,large_city,21_30,2085,0.1548099803118061
Bangladesh,large_city,21_30,2090,0.15250906532526096
Bangladesh,large_city,21_30,2095,0.15028752617772445
Bangladesh,large_city,21_30,2100,0.1481177092186761
Bangladesh,large_city,31_50,2011,0.123613380885738
Bangladesh,large_city,31_50,2012,0.12468399584631494
Bangladesh,large_city,31_50,2013,0.1256235935286395
Bangladesh,large_city,31_50,2014,0.12655187410659618
Bangladesh,large_city,31_50,2015,0.12755289989371052
Bangladesh,large_city,31_50,2016,0.12861108994493312
Bangladesh,large_city,31_50,2017,0.12953810093105503
Bangladesh,large_city,31_50,2018,0.13056171134400385
Bangladesh,large_city,31_50,2019,0.13162984316162576
Bangladesh,large_city,31_50,2020,0.13198770272071458
Bangladesh,large_city,31_50,2025,0.13646988883832495
Bangladesh,large_city,31_50,2030,0.138573727495264
Bangladesh,large_city,31_50,2035,0.13973695267303807
Bangladesh,large_city,31_50,2040,0.14009744899745208
Bangladesh,large_city,31_50,2045,0.13978400747803818
Bangladesh,large_city,31_50,2050,0.13893825635698429
Bangladesh,large_city,31_50,2055,0.13769014681575123
Bangladesh,large_city,31_50,2060,0.13614109075124942
Bangladesh,large_city,31_50,2065,0.13436936049224762
Bangladesh,large_city,31_50,2070,0.13243863036672912
Bangladesh,large_city,31_50,2075,0.13040355847131357
Bangladesh,large_city,31_50,2080,0.1283742557943709
Bangladesh,large_city,31_50,2085,0.12638888085479894
Bangladesh,large_city,31_50,2090,0.12451038394196588
Bangladesh,large_city,31_50,2095,0.1226966904961897
Bangladesh,large_city,31_50,2100,0.12092522371761681
Bangladesh,large_city,51+,2011,0.0823319043773287
Bangladesh,large_city,51+,2012,0.08304498064728878
Bangladesh,large_city,51+,2013,0.08367079369422593
Bangladesh,large_city,51+,2014,0.08428906905593864
Bangladesh,large_city,51+,2015,0.08495579590050346
Bangladesh,large_city,51+,2016,0.08566059663878949
Bangladesh,large_city,51+,2017,0.08627802639695353
Bangladesh,large_city,51+,2018,0.0869597955875919
Bangladesh,large_city,51+,2019,0.08767121797601535
Bangladesh,large_city,51+,2020,0.08790956805420509
Bangladesh,large_city,51+,2025,0.0908948995465748
Bangladesh,large_city,51+,2030,0.09229614787331172
Bangladesh,large_city,51+,2035,0.09307090658810102
Bangladesh,large_city,51+,2040,0.09331101286702781
Bangladesh,large_city,51+,2045,0.09310224714102502
Bangladesh,large_city,51+,2050,0.09253893999800632
Bangladesh,large_city,51+,2055,0.09170764459402236
Bangladesh,large_city,51+,2060,0.09067590567656995
Bangladesh,large_city,51+,2065,0.08949585603128607
Bangladesh,large_city,51+,2070,0.08820990553843812
Bangladesh,large_city,51+,2075,0.08685445887486683
Bangladesh,large_city,51+,2080,0.08550285476248405
Bangladesh,large_city,51+,2085,0.0841805084395639
Bangladesh,large_city,51+,2090,0.08292934754506949
Bangladesh,large_city,51+,2095,0.08172134858672483
Bangladesh,large_city,51+,2100,0.08054147443090111
Bangladesh,city,No_travel,2011,0.0
Bangladesh,city,No_travel,2012,0.0
Bangladesh,city,No_travel,2013,0.0
Bangladesh,city,No_travel,2014,0.0
Bangladesh,city,No_travel,2015,0.0
Bangladesh,city,No_travel,2016,0.0
Bangladesh,city,No_travel,2017,0.0
Bangladesh,city,No_travel,2018,0.0
Bangladesh,city,No_travel,2019,0.0
Bangladesh,city,No_travel,2020,0.0
Bangladesh,city,No_travel,2025,0.0
Bangladesh,city,No_travel,2030,0.0
Bangladesh,city,No_travel,2035,0.0
Bangladesh,city,No_travel,2040,0.0
Bangladesh,city,No_travel,2045,0.0
Bangladesh,city,No_travel,2050,0.0
Bangladesh,city,No_travel,2055,0.0
Bangladesh,city,No_travel,2060,0.0
Bangladesh,city,No_travel,2065,0.0
Bangladesh,city,No_travel,2070,0.0
Bangladesh,city,No_travel,2075,0.0
Bangladesh,city,No_travel,2080,0.0
Bangladesh,city,No_travel,2085,0.0
Bangladesh,city,No_travel,2090,0.0
Bangladesh,city,No_travel,2095,0.0
Bangladesh,city,No_travel,2100,0.0
Bangladesh,city,00_01,2011,0.14143918779263
Bangladesh,city,00_01,2012,0.14266419199021452
Bangladesh,city,00_01,2013,0.14373928541527556
Bangladesh,city,00_01,2014,0.14480142974017862
Bangladesh,city,00_01,2015,0.1459468095791121
Bangladesh,city,00_01,2016,0.14715759711928553
Bangladesh,city,00_01,2017,0.1482182887694324
Bangladesh,city,00_01,2018,0.14938951007562246
Bangladesh,city,00_01,2019,0.1506116730458235
Bangladesh,city,00_01,2020,0.15102113814595
Bangladesh,city,00_01,2025,0.15614968296421855
Bangladesh,city,00_01,2030,0.15855690804577546
Bangladesh,city,00_01,2035,0.15988787742130273
Bangladesh,city,00_01,2040,0.16030035952446983
Bangladesh,city,00_01,2045,0.15994171781749014
Bangladesh,city,00_01,2050,0.15897400420283592
Bangladesh,city,00_01,2055,0.15754590961854967
Bangladesh,city,00_01,2060,0.15577347017843027
Bangladesh,city,00_01,2065,0.15374624556063202
Bangladesh,city,00_01,2070,0.15153709232136803
Bangladesh,city,00_01,2075,0.14920855058968246
Bangladesh,city,00_01,2080,0.14688661003312176
Bangladesh,city,00_01,2085,0.1446149318628073
Bangladesh,city,00_01,2090,0.1424655441855326
Bangladesh,city,00_01,2095,0.14039030503231728
Bangladesh,city,00_01,2100,0.13836338189044015
Bangladesh,city,02_05,2011,0.288371801420151
Bangladesh,city,02_05,2012,0.29086938835286597
Bangladesh,city,02_05,2013,0.29306133128267375
Bangladesh,city,02_05,2014,0.29522687307572726
Bangladesh,city,02_05,2015,0.29756211872170646
Bangladesh,city,02_05,2016,0.3000307201718845
Bangladesh,city,02_05,2017,0.3021933001942798
Bangladesh,city,02_05,2018,0.3045812324441657
Bangladesh,city,02_05,2019,0.30707302657029295
Bangladesh,city,02_05,2020,0.30790786018596156
Bangladesh,city,02_05,2025,0.3183641398846007
Bangladesh,city,02_05,2030,0.323272085440751
Bangladesh,city,02_05,2035,0.32598571836275675
Bangladesh,city,02_05,2040,0.3268267031633643
Bangladesh,city,02_05,2045,0.3260954902886286
Bangladesh,city,02_05,2050,0.3241224775566424
Bangladesh,city,02_05,2055,0.32121082192360256
Bangladesh,city,02_05,2060,0.3175971024005187
Bangladesh,city,02_05,2065,0.3134639167958696
Bangladesh,city,02_05,2070,0.30895980793352423
Bangladesh,city,02_05,2075,0.30421228509824993
Bangladesh,city,02_05,2080,0.29947822099949656
Bangladesh,city,02_05,2085,0.2948466338386535
Bangladesh,city,02_05,2090,0.290464377364198
Bangladesh,city,02_05,2095,0.28623329782867546
Bangladesh,city,02_05,2100,0.28210072688503945
Bangladesh,city,06_10,2011,0.300942920069744
Bangladesh,city,06_10,2012,0.303549385407054
Bangladesh,city,06_10,2013,0.3058368826681385
Bangladesh,city,06_10,2014,0.3080968278761135
Bangladesh,city,06_10,2015,0.31053387491164247
Bangladesh,city,06_10,2016,0.31311009118953914
Bangladesh,city,06_10,2017,0.3153669455130863
Bangladesh,city,06_10,2018,0.3178589759427965
Bangladesh,city,06_10,2019,0.3204593959451559
Bangladesh,city,06_10,2020,0.32133062282945746
Bangladesh,city,06_10,2025,0.3322427277234783
Bangladesh,city,06_10,2030,0.33736462750680424
Bangladesh,city,06_10,2035,0.34019655702114665
Bangladesh,city,06_10,2040,0.34107420324169496
Bangladesh,city,06_10,2045,0.34031111428281674
Bangladesh,city,06_10,2050,0.3382520911398652
Bangladesh,city,06_10,2055,0.33521350642343567
Bangladesh,city,06_10,2060,0.3314422524373172
Bangladesh,city,06_10,2065,0.32712888705648696
Bangladesh,city,06_10,2070,0.3224284285974044
Bangladesh,city,06_10,2075,0.31747394491311515
Bangladesh,city,06_10,2080,0.31253350667796176
Bangladesh,city,06_10,2085,0.3077000127029012
Bangladesh,city,06_10,2090,0.3031267185963956
Bangladesh,city,06_10,2095,0.29871119175154887
Bangladesh,city,06_10,2100,0.29439846782691936
Bangladesh,city,11_20,2011,0.352477571210292
Bangladesh,city,11_20,2012,0.355530377939641
Bangladesh,city,11_20,2013,0.3582095952428771
Bangladesh,city,11_20,2014,0.3608565423708931
Bangladesh,city,11_20,2015,0.3637109189410727
Bangladesh,city,11_20,2016,0.3667282966429139
Bangladesh,city,11_20,2017,0.36937162359127673
Bangladesh,city,11_20,2018,0.3722903991286538
Bangladesh,city,11_20,2019,0.37533612529608074
Bangladesh,city,11_20,2020,0.37635654450408385
Bangladesh,city,11_20,2025,0.3891372812263335
Bangladesh,city,11_20,2030,0.3951362753053132
Bangladesh,city,11_20,2035,0.3984531555855432
Bangladesh,city,11_20,2040,0.3994810934022197
Bangladesh,city,11_20,2045,0.3985873300839783
Bangladesh,city,11_20,2050,0.3961757117068949
Bangladesh,city,11_20,2055,0.3926167877736933
Bangladesh,city,11_20,2060,0.38819972939884895
Bangladesh,city,11_20,2065,0.3831477263385169
Bangladesh,city,11_20,2070,0.3776423428563326
Bangladesh,city,11_20,2075,0.3718394338686927
Bangladesh,city,11_20,2080,0.3660529755282282
Bangladesh,city,11_20,2085,0.3603917750042415
Bangladesh,city,11_20,2090,0.35503533199930937
Bangladesh,city,11_20,2095,0.3498636729434169
Bangladesh,city,11_20,2100,0.3448124211847723
Bangladesh,city,21_30,2011,0.15857884585093
Bangladesh,city,21_30,2012,0.15995229655329338
Bangladesh,city,21_30,2013,0.1611576702350064
Bangladesh,city,21_30,2014,0.16234852563936003
Bangladesh,city,21_30,2015,0.16363270307104394
Bangladesh,city,21_30,2016,0.16499021433569355
Bangladesh,city,21_30,2017,0.16617944102957574
Bangladesh,city,21_30,2018,0.16749259140798392
Bangladesh,city,21_30,2019,0.16886285658187886
Bangladesh,city,21_30,2020,0.16932194082866833
Bangladesh,city,21_30,2025,0.17507196478502884
Bangladesh,city,21_30,2030,0.17777089837687318
Bangladesh,city,21_30,2035,0.17926315516035735
Bangladesh,city,21_30,2040,0.17972562201183775
Bangladesh,city,21_30,2045,0.17932351995755963
Bangladesh,city,21_30,2050,0.17823853841516635
Bangladesh,city,21_30,2055,0.17663738675079094
Bangladesh,city,21_30,2060,0.17465016238149594
Bangladesh,city,21_30,2065,0.17237727786350532
Bangladesh,city,21_30,2070,0.16990041854002028
Bangladesh,city,21_30,2075,0.1672897031782508
Bangladesh,city,21_30,2080,0.16468638892468115
Bangladesh,city,21_30,2085,0.1621394278736789
Bangladesh,city,21_30,2090,0.15972957652718953
Bangladesh,city,21_30,2095,0.15740285905293455
Bangladesh,city,21_30,2100,0.15513031254383924
Bangladesh,city,31_50,2011,0.235491949480815
Bangladesh,city,31_50,2012,0.23753154424315417
Bangladesh,city,31_50,2013,0.23932154212487863
Bangladesh,city,31_50,2014,0.24108998014835006
Bangladesh,city,31_50,2015,0.24299700277323907
Bangladesh,city,31_50,2016,0.24501292723301862
Bangladesh,city,31_50,2017,0.24677894659716637
Bangladesh,city,31_50,2018,0.24872899447974145
Bangladesh,city,31_50,2019,0.25076385868482926
Bangladesh,city,31_50,2020,0.2514456056333094
Bangladesh,city,31_50,2025,0.2599844769044348
Bangladesh,city,31_50,2030,0.2639924335120907
Bangladesh,city,31_50,2035,0.2662084570755299
Bangladesh,city,31_50,2040,0.2668952272423891
Bangladesh,city,31_50,2045,0.2662980996990268
Bangladesh,city,31_50,2050,0.26468688593846584
Bangladesh,city,31_50,2055,0.26230915185397974
Bangladesh,city,31_50,2060,0.2593580940488235
Bangladesh,city,31_50,2065,0.2559828266654959
Bangladesh,city,31_50,2070,0.2523046536560547
Bangladesh,city,31_50,2075,0.24842770243482723
Bangladesh,city,31_50,2080,0.24456174196957953
Bangladesh,city,31_50,2085,0.24077946685000873
Bangladesh,city,31_50,2090,0.23720080168506472
Bangladesh,city,31_50,2095,0.2337455915593809
Bangladesh,city,31_50,2100,0.23037082612430043
Bangladesh,city,51+,2011,0.100050611660432
Bangladesh,city,51+,2012,0.10091714957801833
Bangladesh,city,51+,2013,0.10167764429273042
Bangladesh,city,51+,2014,0.10242897913165788
Bangladesh,city,51+,2015,0.10323919273127807
Bangladesh,city,51+,2016,0.10409567413417462
Bangladesh,city,51+,2017,0.10484598138661656
Bangladesh,city,51+,2018,0.10567447460623154
Bangladesh,city,51+,2019,0.10653900270926776
Bangladesh,city,51+,2020,0.10682864827610543
Bangladesh,city,51+,2025,0.11045645506716256
Bangladesh,city,51+,2030,0.11215926703584564
Bangladesh,city,51+,2035,0.11310076212077247
Bangladesh,city,51+,2040,0.113392541841548
Bangladesh,city,51+,2045,0.11313884749622365
Bangladesh,city,51+,2050,0.1124543106251534
Bangladesh,city,51+,2055,0.11144411155022464
Bangladesh,city,51+,2060,0.11019033137174244
Bangladesh,city,51+,2065,0.10875632240895647
Bangladesh,city,51+,2070,0.1071936216024159
Bangladesh,city,51+,2075,0.10554646830517306
Bangladesh,city,51+,2080,0.10390398451727359
Bangladesh,city,51+,2085,0.10229705510836859
Bangladesh,city,51+,2090,0.10077663099421134
Bangladesh,city,51+,2095,0.09930865772696322
Bangladesh,city,51+,2100,0.09787486202084804
Bangladesh,town,No_travel,2011,0.0
Bangladesh,town,No_travel,2012,0.0
Bangladesh,town,No_travel,2013,0.0
Bangladesh,town,No_travel,2014,0.0
Bangladesh,town,No_travel,2015,0.0
Bangladesh,town,No_travel,2016,0.0
Bangladesh,town,No_travel,2017,0.0
Bangladesh,town,No_travel,2018,0.0
Bangladesh,town,No_travel,2019,0.0
Bangladesh,town,No_travel,2020,0.0
Bangladesh,town,No_travel,2025,0.0
Bangladesh,town,No_travel,2030,0.0
Bangladesh,town,No_travel,2035,0.0
Bangladesh,town,No_travel,2040,0.0
Bangladesh,town,No_travel,2045,0.0
Bangladesh,town,No_travel,2050,0.0
Bangladesh,town,No_travel,2055,0.0
Bangladesh,town,No_travel,2060,0.0
Bangladesh,town,No_travel,2065,0.0
Bangladesh,town,No_travel,2070,0.0
Bangladesh,town,No_travel,2075,0.0
Bangladesh,town,No_travel,2080,0.0
Bangladesh,town,No_travel,2085,0.0
Bangladesh,town,No_travel,2090,0.0
Bangladesh,town,No_travel,2095,0.0
Bangladesh,town,No_travel,2100,0.0
Bangladesh,town,00_01,2011,0.136283799718559
Bangladesh,town,00_01,2012,0.13746415312219118
Bangladesh,town,00_01,2013,0.13850005992642547
Bangladesh,town,00_01,2014,0.13952348961876448
Bangladesh,town,00_01,2015,0.1406271209320307
Bangladesh,town,00_01,2016,0.14179377586834616
Bangladesh,town,00_01,2017,0.14281580583520162
Bangladesh,town,00_01,2018,0.1439443367070908
Bangladesh,town,00_01,2019,0.14512195244466505
Bangladesh,town,00_01,2020,0.14551649274547046
Bangladesh,town,00_01,2025,0.15045810465493156
Bangladesh,town,00_01,2030,0.1527775875790939
Bangladesh,town,00_01,2035,0.15406004378261673
Bangladesh,town,00_01,2040,0.15445749111820195
Bangladesh,town,00_01,2045,0.1541119217231316
Bangladesh,town,00_01,2050,0.15317948078860205
Bangladesh,town,00_01,2055,0.1518034395418906
Bangladesh,town,00_01,2060,0.15009560463813915
Bangladesh,town,00_01,2065,0.14814227134976074
Bangladesh,town,00_01,2070,0.14601364064771746
Bangladesh,town,00_01,2075,0.14376997310444362
Bangladesh,town,00_01,2080,0.14153266612674326
Bangladesh,town,00_01,2085,0.13934378949630002
Bangladesh,town,00_01,2090,0.13727274593122585
Bangladesh,town,00_01,2095,0.13527314821337438
Bangladesh,town,00_01,2100,0.13332010541226966
Bangladesh,town,02_05,2011,0.261285967590787
Bangladesh,town,02_05,2012,0.26354896423311724
Bangladesh,town,02_05,2013,0.2655350250285838
Bangladesh,town,02_05,2014,0.2674971644609753
Bangladesh,town,02_05,2015,0.2696130680103756
Bangladesh,town,02_05,2016,0.2718498016831178
Bangladesh,town,02_05,2017,0.2738092575344228
Bangladesh,town,02_05,2018,0.2759728990048439
Bangladesh,town,02_05,2019,0.2782306469402379
Bangladesh,town,02_05,2020,0.27898706732521683
Bangladesh,town,02_05,2025,0.28846122237437244
Bangladesh,town,02_05,2030,0.29290818042369027
Bangladesh,town,02_05,2035,0.2953669305518953
Bangladesh,town,02_05,2040,0.2961289243608382
Bangladesh,town,02_05,2045,0.29546639195458607
Bangladesh,town,02_05,2050,0.2936786979491141
Bangladesh,town,02_05,2055,0.2910405247448571
Bangladesh,town,02_05,2060,0.2877662302488602
Bangladesh,town,02_05,2065,0.2840212614460001
Bangladesh,town,02_05,2070,0.27994020901148176
Bangladesh,town,02_05,2075,0.27563860569394144
Bangladesh,town,02_05,2080,0.27134919697718074
Bangladesh,town,02_05,2085,0.2671526398698554
Bangladesh,town,02_05,2090,0.2631819946211862
Bangladesh,town,02_05,2095,0.2593483267488485
Bangladesh,town,02_05,2100,0.2556039148738736
Bangladesh,town,06_10,2011,0.234847781523163
Bangladesh,town,06_10,2012,0.23688179714958948
Bangladesh,town,06_10,2013,0.23866689864618396
Bangladesh,town,06_10,2014,0.24043049925966184
Bangladesh,town,06_10,2015,0.2423323053883089
Bangladesh,town,06_10,2016,0.24434271546025102
Bangladesh,town,06_10,2017,0.24610390403043964
Bangladesh,town,06_10,2018,0.24804861772488382
Bangladesh,town,06_10,2019,0.2500779157340911
Bangladesh,town,06_10,2020,0.25075779782247565
Bangladesh,town,06_10,2025,0.2592733117462288
Bangladesh,town,06_10,2030,0.26327030493357245
Bangladesh,town,06_10,2035,0.26548026675529984
Bangladesh,town,06_10,2040,0.26616515832148185
Bangladesh,town,06_10,2045,0.2655696641691162
Bangladesh,town,06_10,2050,0.26396285774511075
Bangladesh,town,06_10,2055,0.2615916277475475
Bangladesh,town,06_10,2060,0.25864864230700263
Bangladesh,town,06_10,2065,0.2552826076770734
Bangladesh,town,06_10,2070,0.25161449599329794
Bangladesh,town,06_10,2075,0.2477481498384245
Bangladesh,town,06_10,2080,0.24389276437526394
Bangladesh,town,06_10,2085,0.24012083534372047
Bangladesh,town,06_10,2090,0.23655195930929876
Bangladesh,town,06_10,2095,0.23310620061350387
Bangladesh,town,06_10,2100,0.22974066655878547
Bangladesh,town,11_20,2011,0.286274279539271
Bangladesh,town,11_20,2012,0.2887536998439905
Bangladesh,town,11_20,2013,0.2909296993000111
Bangladesh,town,11_20,2014,0.29307948965248504
Bangladesh,town,11_20,2015,0.29539774948773123
Bangladesh,town,11_20,2016,0.29784839514080486
Bangladesh,town,11_20,2017,0.29999524526556876
Bangladesh,town,11_20,2018,0.302365808479649
Bangladesh,town,11_20,2019,0.3048394781127556
Bangladesh,town,11_20,2020,0.30566823942257765
Bangladesh,town,11_20,2025,0.31604846357295413
Bangladesh,town,11_20,2030,0.3209207103432193
Bangladesh,town,11_20,2035,0.3236146051895792
Bangladesh,town,11_20,2040,0.32444947294263876
Bangladesh,town,11_20,2045,0.32372357867047374
Bangladesh,town,11_20,2050,0.3217649169858376
Bangladesh,town,11_20,2055,0.31887443978068086
Bangladesh,town,11_20,2060,0.3152870052678986
Bangladesh,town,11_20,2065,0.31118388309941347
Bangladesh,town,11_20,2070,0.30671253564732426
Bangladesh,town,11_20,2075,0.30199954473569135
Bangladesh,town,11_20,2080,0.2972999146661452
Bangladesh,town,11_20,2085,0.29270201615088126
Bangladesh,town,11_20,2090,0.28835163477238707
Bangladesh,town,11_20,2095,0.28415133072136683
Bangladesh,town,11_20,2100,0.2800488187430522
Bangladesh,town,21_30,2011,0.142215623076087
Bangladesh,town,21_30,2012,0.14344735197632452
Bangladesh,town,21_30,2013,0.14452834716369953
Bangladesh,town,21_30,2014,0.14559632216638607
Bangladesh,town,21_30,2015,0.1467479896073186
Bangladesh,town,21_30,2016,0.14796542380731545
Bangladesh,town,21_30,2017,0.14903193816073781
Bangladesh,town,21_30,2018,0.15020958892654973
Bangladesh,town,21_30,2019,0.15143846100238842
Bangladesh,town,21_30,2020,0.15185017387525768
Bangladesh,town,21_30,2025,0.15700687201660338
Bangladesh,town,21_30,2030,0.15942731164299553
Bangladesh,town,21_30,2035,0.16076558742066271
Bangladesh,town,21_30,2040,0.16118033385851452
Bangladesh,town,21_30,2045,0.1608197233755558
Bangladesh,town,21_30,2050,0.1598466974637481
Bangladesh,town,21_30,2055,0.1584107633051497
Bangladesh,town,21_30,2060,0.1566285939977949
Bangladesh,town,21_30,2065,0.15459024086077003
Bangladesh,town,21_30,2070,0.15236896039885794
Bangladesh,town,21_30,2075,0.15002763605729108
Bangladesh,town,21_30,2080,0.14769294912822684
Bangladesh,town,21_30,2085,0.1454088005025059
Bangladesh,town,21_30,2090,0.14324761368769012
Bangladesh,town,21_30,2095,0.14116098243780548
Bangladesh,town,21_30,2100,0.13912293243166413
Bangladesh,town,31_50,2011,0.175007801582025
Bangladesh,town,31_50,2012,0.17652354339936585
Bangladesh,town,31_50,2013,0.17785379521819755
Bangladesh,town,31_50,2014,0.17916802464898754
Bangladesh,town,31_50,2015,0.18058524437936394
Bangladesh,town,31_50,2016,0.18208339541441745
Bangladesh,town,31_50,2017,0.18339582739840746
Bangladesh,town,31_50,2018,0.18484502170700928
Bangladesh,town,31_50,2019,0.1863572479713699
Bangladesh,town,31_50,2020,0.18686389388836117
Bangladesh,town,31_50,2025,0.1932096271180795
Bangladesh,town,31_50,2030,0.19618817341780834
Bangladesh,town,31_50,2035,0.19783502976659856
Bangladesh,town,31_50,2040,0.19834540873012205
Bangladesh,town,31_50,2045,0.1979016484280892
Bangladesh,town,31_50,2050,0.19670426151640857
Bangladesh,town,31_50,2055,0.19493722864844865
Bangladesh,town,31_50,2060,0.1927441254873406
Bangladesh,town,31_50,2065,0.19023576744873258
Bangladesh,town,31_50,2070,0.18750230257386186
Bangladesh,town,31_50,2075,0.1846211140170401
Bangladesh,town,31_50,2080,0.18174809333196934
Bangladesh,town,31_50,2085,0.1789372641078119
Bangladesh,town,31_50,2090,0.17627774931549817
Bangladesh,town,31_50,2095,0.17370998116277353
Bangladesh,town,31_50,2100,0.17120199615118165
Bangladesh,town,51+,2011,0.0762610743674654
Bangladesh,town,51+,2012,0.07692157120480171
Bangladesh,town,51+,2013,0.07750123926511863
Bangladesh,town,51+,2014,0.07807392543939991
Bangladesh,town,51+,2015,0.07869149047522271
Bangladesh,town,51+,2016,0.07934432198596175
Bangladesh,town,51+,2017,0.079916224908166
Bangladesh,town,51+,2018,0.08054772312677196
Bangladesh,town,51+,2019,0.0812066880332752
Bangladesh,town,51+,2020,0.08142746311646791
Bangladesh,town,51+,2025,0.08419266803518025
Bangladesh,town,51+,2030,0.0854905938351572
Bangladesh,town,51+,2035,0.08620822489704308
Bangladesh,town,51+,2040,0.08643062668565485
Bangladesh,town,51+,2045,0.08623725452116425
Bangladesh,town,51+,2050,0.08571548342585965
Bangladesh,town,51+,2055,0.084945484467327
Bangladesh,town,51+,2060,0.0839898219096987
Bangladesh,town,51+,2065,0.08289678447254845
Bangladesh,town,51+,2070,0.08170565489878674
Bangladesh,town,51+,2075,0.08045015352792076
Bangladesh,town,51+,2080,0.07919821137366909
Bangladesh,town,51+,2085,0.07797336965484294
Bangladesh,town,51+,2090,0.0768144644316209
Bangladesh,town,51+,2095,0.0756955385535562
Bangladesh,town,51+,2100,0.07460266366596523
Bangladesh,rural,No_travel,2011,0.0
Bangladesh,rural,No_travel,2012,0.0
Bangladesh,rural,No_travel,2013,0.0
Bangladesh,rural,No_travel,2014,0.0
Bangladesh,rural,No_travel,2015,0.0
Bangladesh,rural,No_travel,2016,0.0
Bangladesh,rural,No_travel,2017,0.0
Bangladesh,rural,No_travel,2018,0.0
Bangladesh,rural,No_travel,2019,0.0
Bangladesh,rural,No_travel,2020,0.0
Bangladesh,rural,No_travel,2025,0.0
Bangladesh,rural,No_travel,2030,0.0
Bangladesh,rural,No_travel,2035,0.0
Bangladesh,rural,No_travel,2040,0.0
Bangladesh,rural,No_travel,2045,0.0
Bangladesh,rural,No_travel,2050,0.0
Bangladesh,rural,No_travel,2055,0.0
Bangladesh,rural,No_travel,2060,0.0
Bangladesh,rural,No_travel,2065,0.0
Bangladesh,rural,No_travel,2070,0.0
Bangladesh,rural,No_travel,2075,0.0
Bangladesh,rural,No_travel,2080,0.0
Bangladesh,rural,No_travel,2085,0.0
Bangladesh,rural,No_travel,2090,0.0
Bangladesh,rural,No_travel,2095,0.0
Bangladesh,rural,No_travel,2100,0.0
Bangladesh,rural,00_01,2011,0.0478840154180537
Bangladesh,rural,00_01,2012,0.04829873866979011
Bangladesh,rural,00_01,2013,0.04866270986437127
Bangladesh,rural,00_01,2014,0.04902229716138278
Bangladesh,rural,00_01,2015,0.04941006371125459
Bangladesh,rural,00_01,2016,0.04981997393589936
Bangladesh,rural,00_01,2017,0.05017906943214825
Bangladesh,rural,00_01,2018,0.05057558457027095
Bangladesh,rural,00_01,2019,0.05098934592892838
Bangladesh,rural,00_01,2020,0.05112796969701985
Bangladesh,rural,00_01,2025,0.052864230509760086
Bangladesh,rural,00_01,2030,0.053679192789443116
Bangladesh,rural,00_01,2035,0.054129790386144135
Bangladesh,rural,00_01,2040,0.054269435555887924
Bangladesh,rural,00_01,2045,0.054148017967915414
Bangladesh,rural,00_01,2050,0.05382040003990311
Bangladesh,rural,00_01,2055,0.05333692085595403
Bangladesh,rural,00_01,2060,0.05273686426058757
Bangladesh,rural,00_01,2065,0.05205055054251934
Bangladesh,rural,00_01,2070,0.05130264517470252
Bangladesh,rural,00_01,2075,0.050514321019836134
Bangladesh,rural,00_01,2080,0.04972823168246544
Bangladesh,rural,00_01,2085,0.04895915859720652
Bangladesh,rural,00_01,2090,0.04823148676675954
Bangladesh,rural,00_01,2095,0.04752891780295581
Bangladesh,rural,00_01,2100,0.04684270614908832
Bangladesh,rural,02_05,2011,0.123784799035439
Bangladesh,rural,02_05,2012,0.12485689864787376
Bangladesh,rural,02_05,2013,0.1257977992967139
Bangladesh,rural,02_05,2014,0.12672736714743937
Bangladesh,rural,02_05,2015,0.12772978108514876
Bangladesh,rural,02_05,2016,0.12878943855825814
Bangladesh,rural,02_05,2017,0.1297177350565702
Bangladesh,rural,02_05,2018,0.13074276493884948
Bangladesh,rural,02_05,2019,0.1318123779648851
Bangladesh,rural,02_05,2020,0.13217073377788294
Bangladesh,rural,02_05,2025,0.1366591354689643
Bangladesh,rural,02_05,2030,0.13876589157810196
Bangladesh,rural,02_05,2035,0.13993072983292507
Bangladesh,rural,02_05,2040,0.1402917260677247
Bangladesh,rural,02_05,2045,0.13997784989014583
Bangladesh,rural,02_05,2050,0.1391309259422407
Bangladesh,rural,02_05,2055,0.13788108561242593
Bangladesh,rural,02_05,2060,0.13632988142833982
Bangladesh,rural,02_05,2065,0.1345556942611895
Bangladesh,rural,02_05,2070,0.1326222867379385
Bangladesh,rural,02_05,2075,0.1305843927511254
Bangladesh,rural,02_05,2080,0.12855227598312258
Bangladesh,rural,02_05,2085,0.12656414786831857
Bangladesh,rural,02_05,2090,0.12468304599101719
Bangladesh,rural,02_05,2095,0.1228668374455619
Bangladesh,rural,02_05,2100,0.12109291412421619
Bangladesh,rural,06_10,2011,0.148707724813786
Bangladesh,rural,06_10,2012,0.1499956817792715
Bangladesh,rural,06_10,2013,0.15112602408184106
Bangladesh,rural,06_10,2014,0.1522427518320865
Bangladesh,rural,06_10,2015,0.1534469925559876
Bangladesh,rural,06_10,2016,0.15472000227233335
Bangladesh,rural,06_10,2017,0.15583520269510148
Bangladesh,rural,06_10,2018,0.15706661287508858
Bangladesh,rural,06_10,2019,0.15835158260297422
Bangladesh,rural,06_10,2020,0.15878209004847604
Bangladesh,rural,06_10,2025,0.16417418995680136
Bangladesh,rural,06_10,2030,0.16670512194658238
Bangladesh,rural,06_10,2035,0.1681044896233939
Bangladesh,rural,06_10,2040,0.16853816911523542
Bangladesh,rural,06_10,2045,0.16816109686884728
Bangladesh,rural,06_10,2050,0.16714365260780173
Bangladesh,rural,06_10,2055,0.1656421684734368
Bangladesh,rural,06_10,2060,0.163778643656702
Bangladesh,rural,06_10,2065,0.16164724029315
Bangladesh,rural,06_10,2070,0.15932455902565285
Bangladesh,rural,06_10,2075,0.15687635391038737
Bangladesh,rural,06_10,2080,0.15443508920357044
Bangladesh,rural,06_10,2085,0.1520466698589126
Bangladesh,rural,06_10,2090,0.14978682549598446
Bangladesh,rural,06_10,2095,0.14760494013779368
Bangladesh,rural,06_10,2100,0.1454738537429617
Bangladesh,rural,11_20,2011,0.227309082564942
Bangladesh,rural,11_20,2012,0.22927780555209173
Bangladesh,rural,11_20,2013,0.2310056046432497
Bangladesh,rural,11_20,2014,0.23271259303743683
Bangladesh,rural,11_20,2015,0.23455335049963372
Bangladesh,rural,11_20,2016,0.23649922567915893
Bangladesh,rural,11_20,2017,0.23820387945752108
Bangladesh,rural,11_20,2018,0.2400861671370919
Bangladesh,rural,11_20,2019,0.24205032394424605
Bangladesh,rural,11_20,2020,0.24270838157102326
Bangladesh,rural,11_20,2025,0.2509505444095358
Bangladesh,rural,11_20,2030,0.2548192326659918
Bangladesh,rural,11_20,2035,0.2569582539117635
Bangladesh,rural,11_20,2040,0.25762116021028414
Bangladesh,rural,11_20,2045,0.25704478163617495
Bangladesh,rural,11_20,2050,0.2554895542811143
Bangladesh,rural,11_20,2055,0.25319444162643756
Bangladesh,rural,11_20,2060,0.25034592708585524
Bangladesh,rural,11_20,2065,0.2470879433882933
Bangladesh,rural,11_20,2070,0.24353757941986678
Bangladesh,rural,11_20,2075,0.23979534437875746
Bangladesh,rural,11_20,2080,0.23606371818718191
Bangladesh,rural,11_20,2085,0.23241286944550174
Bangladesh,rural,11_20,2090,0.2289585556260953
Bangladesh,rural,11_20,2095,0.22562340703409528
Bangladesh,rural,11_20,2100,0.22236590784309845
Bangladesh,rural,21_30,2011,0.153212938930544
Bangladesh,rural,21_30,2012,0.1545399155361319
Bangladesh,rural,21_30,2013,0.15570450242219355
Bangladesh,rural,21_30,2014,0.15685506229266868
Bangladesh,rural,21_30,2015,0.15809578640918498
Bangladesh,rural,21_30,2016,0.15940736292730268
Bangladesh,rural,21_30,2017,0.16055634919874787
Bangladesh,rural,21_30,2018,0.16182506589077625
Bangladesh,rural,21_30,2019,0.16314896475811935
Bangladesh,rural,21_30,2020,0.16359251475553482
Bangladesh,rural,21_30,2025,0.16914797244945182
Bangladesh,rural,21_30,2030,0.1717555809571689
Bangladesh,rural,21_30,2035,0.17319734354668587
Bangladesh,rural,21_30,2040,0.17364416169000793
Bangladesh,rural,21_30,2045,0.1732556657518809
Bangladesh,rural,21_30,2050,0.17220739723975076
Bangladesh,rural,21_30,2055,0.170660424496595
Bangladesh,rural,21_30,2060,0.16874044277204459
Bangladesh,rural,21_30,2065,0.16654446691547647
Bangladesh,rural,21_30,2070,0.16415141824475155
Bangladesh,rural,21_30,2075,0.1616290428854061
Bangladesh,rural,21_30,2080,0.15911381819948475
Bangladesh,rural,21_30,2085,0.15665303986633614
Bangladesh,rural,21_30,2090,0.15432473179220343
Bangladesh,rural,21_30,2095,0.15207674455040723
Bangladesh,rural,21_30,2100,0.14988109526536864
Bangladesh,rural,31_50,2011,0.152668305095647
Bangladesh,rural,31_50,2012,0.15399056462993163
Bangladesh,rural,31_50,2013,0.1551510116996941
Bangladesh,rural,31_50,2014,0.15629748161641657
Bangladesh,rural,31_50,2015,0.15753379526774405
Bangladesh,rural,31_50,2016,0.15884070945803352
Bangladesh,rural,31_50,2017,0.15998561136947864
Bangladesh,rural,31_50,2018,0.1612498180896848
Bangladesh,rural,31_50,2019,0.16256901082631747
Bangladesh,rural,31_50,2020,0.16301098411397363
Bangladesh,rural,31_50,2025,0.16854669353956836
Bangladesh,rural,31_50,2030,0.17114503264855593
Bangladesh,rural,31_50,2035,0.1725816701311882
Bangladesh,rural,31_50,2040,0.17302689994730633
Bangladesh,rural,31_50,2045,0.17263978501547092
Bangladesh,rural,31_50,2050,0.17159524283679375
Bangladesh,rural,31_50,2055,0.17005376919641263
Bangladesh,rural,31_50,2060,0.1681406125286549
Bangladesh,rural,31_50,2065,0.16595244281927288
Bangladesh,rural,31_50,2070,0.16356790084050055
Bangladesh,rural,31_50,2075,0.16105449189727242
Bangladesh,rural,31_50,2080,0.1585482082086055
Bangladesh,rural,31_50,2085,0.15609617732948897
Bangladesh,rural,31_50,2090,0.15377614581061383
Bangladesh,rural,31_50,2095,0.15153614960352296
Bangladesh,rural,31_50,2100,0.14934830530478999
Bangladesh,rural,51+,2011,0.0512532102732799
Bangladesh,rural,51+,2012,0.05169711410717706
Bangladesh,rural,51+,2013,0.05208669488912317
Bangladesh,rural,51+,2014,0.052471583315551636
Bangladesh,rural,51+,2015,0.052886633731520534
Bangladesh,rural,51+,2016,0.053325385886148005
Bangladesh,rural,51+,2017,0.05370974790793644
Bangladesh,rural,51+,2018,0.054134162476625246
Bangladesh,rural,51+,2019,0.05457703673712914
Bangladesh,rural,51+,2020,0.054725414292203345
Bangladesh,rural,51+,2025,0.05658384115443929
Bangladesh,rural,51+,2030,0.057456145465611105
Bangladesh,rural,51+,2035,0.0579384478199714
Bangladesh,rural,51+,2040,0.0580879186441293
Bangladesh,rural,51+,2045,0.05795795792314759
Bangladesh,rural,51+,2050,0.057607288280948375
Bangladesh,rural,51+,2055,0.05708979073899509
Bangladesh,rural,51+,2060,0.05644751321507235
Bangladesh,rural,51+,2065,0.05571290938123587
Bangladesh,rural,51+,2070,0.054912380212022174
Bangladesh,rural,51+,2075,0.05406858832614707
Bangladesh,rural,51+,2080,0.053227188503051755
Bangladesh,rural,51+,2085,0.052404002222407584
Bangladesh,rural,51+,2090,0.051625130254168684
Bangladesh,rural,51+,2095,0.05087312742986634
Bangladesh,rural,51+,2100,0.05013863284162876
Bhutan,large_city,No_travel,2011,0.0
Bhutan,large_city,No_travel,2012,0.0
Bhutan,large_city,No_travel,2013,0.0
Bhutan,large_city,No_travel,2014,0.0
Bhutan,large_city,No_travel,2015,0.0
Bhutan,large_city,No_travel,2016,0.0
Bhutan,large_city,No_travel,2017,0.0
Bhutan,large_city,No_travel,2018,0.0
Bhutan,large_city,No_travel,2019,0.0
Bhutan,large_city,No_travel,2020,0.0
Bhutan,large_city,No_travel,2025,0.0
Bhutan,large_city,No_travel,2030,0.0
Bhutan,large_city,No_travel,2035,0.0
Bhutan,large_city,No_travel,2040,0.0
Bhutan,large_city,No_travel,2045,0.0
Bhutan,large_city,No_travel,2050,0.0
Bhutan,large_city,No_travel,2055,0.0
Bhutan,large_city,No_travel,2060,0.0
Bhutan,large_city,No_travel,2065,0.0
Bhutan,large_city,No_travel,2070,0.0
Bhutan,large_city,No_travel,2075,0.0
Bhutan,large_city,No_travel,2080,0.0
Bhutan,large_city,No_travel,2085,0.0
Bhutan,large_city,No_travel,2090,0.0
Bhutan,large_city,No_travel,2095,0.0
Bhutan,large_city,No_travel,2100,0.0
Bhutan,large_city,00_01,2011,0.0918299625000023
Bhutan,large_city,00_01,2012,0.09207301563750675
Bhutan,large_city,00_01,2013,0.0921203011816848
Bhutan,large_city,00_01,2014,0.09239130551625559
Bhutan,large_city,00_01,2015,0.09277126163190284
Bhutan,large_city,00_01,2016,0.09311722419955323
Bhutan,large_city,00_01,2017,0.09327575101754916
Bhutan,large_city,00_01,2018,0.09341549265769582
Bhutan,large_city,00_01,2019,0.093600689235526
Bhutan,large_city,00_01,2020,0.09311587547393295
Bhutan,large_city,00_01,2025,0.09377712553118427
Bhutan,large_city,00_01,2030,0.09436678833066986
Bhutan,large_city,00_01,2035,0.09453724038864635
Bhutan,large_city,00_01,2040,0.0943841151144272
Bhutan,large_city,00_01,2045,0.09395505797354904
Bhutan,large_city,00_01,2050,0.09329642292427101
Bhutan,large_city,00_01,2055,0.09245878351635615
Bhutan,large_city,00_01,2060,0.09149021605067917
Bhutan,large_city,00_01,2065,0.09043248975913955
Bhutan,large_city,00_01,2070,0.08932212068601707
Bhutan,large_city,00_01,2075,0.0881944857622119
Bhutan,large_city,00_01,2080,0.08709888023251383
Bhutan,large_city,00_01,2085,0.08602012187643086
Bhutan,large_city,00_01,2090,0.08502054937237202
Bhutan,large_city,00_01,2095,0.08409811258405016
Bhutan,large_city,00_01,2100,0.08324249718060905
Bhutan,large_city,02_05,2011,0.218099182353909
Bhutan,large_city,02_05,2012,0.21867644155248778
Bhutan,large_city,02_05,2013,0.21878874627571349
Bhutan,large_city,02_05,2014,0.21943239048698338
Bhutan,large_city,02_05,2015,0.22033479876307333
Bhutan,large_city,02_05,2016,0.22115647124420507
Bhutan,large_city,02_05,2017,0.2215329776528413
Bhutan,large_city,02_05,2018,0.22186486864601013
Bhutan,large_city,02_05,2019,0.22230471661174903
Bhutan,large_city,02_05,2020,0.22115326797648072
Bhutan,large_city,02_05,2025,0.2227237586190962
Bhutan,large_city,02_05,2030,0.2241242271691332
Bhutan,large_city,02_05,2035,0.224529056415091
Bhutan,large_city,02_05,2040,0.22416537885064777
Bhutan,large_city,02_05,2045,0.22314635402409805
Bhutan,large_city,02_05,2050,0.22158207411145886
Bhutan,large_city,02_05,2055,0.2195926529574032
Bhutan,large_city,02_05,2060,0.21729227335832904
Bhutan,large_city,02_05,2065,0.21478013861430126
Bhutan,large_city,02_05,2070,0.21214297553194594
Bhutan,large_city,02_05,2075,0.2094648054861331
Bhutan,large_city,02_05,2080,0.20686270630516523
Bhutan,large_city,02_05,2085,0.20430061971584382
Bhutan,large_city,02_05,2090,0.20192660213047592
Bhutan,large_city,02_05,2095,0.19973578440792528
Bhutan,large_city,02_05,2100,0.1977036696730433
Bhutan,large_city,06_10,2011,0.227649910037638
Bhutan,large_city,06_10,2012,0.22825244785188628
Bhutan,large_city,06_10,2013,0.22836967048364126
Bhutan,large_city,06_10,2014,0.22904150036035334
Bhutan,large_city,06_10,2015,0.2299834257754415
Bhutan,large_city,06_10,2016,0.23084107991422004
Bhutan,large_city,06_10,2017,0.23123407382244823
Bhutan,large_city,06_10,2018,0.2315804985725171
Bhutan,large_city,06_10,2019,0.23203960781240515
Bhutan,large_city,06_10,2020,0.23083773637298619
Bhutan,large_city,06_10,2025,0.2324769999852918
Bhutan,large_city,06_10,2030,0.23393879610935572
Bhutan,large_city,06_10,2035,0.23436135313331263
Bhutan,large_city,06_10,2040,0.23398174985404005
Bhutan,large_city,06_10,2045,0.23291810116179631
Bhutan,large_city,06_10,2050,0.23128532025201676
Bhutan,large_city,06_10,2055,0.2292087808452214
Bhutan,large_city,06_10,2060,0.22680766588857806
Bhutan,large_city,06_10,2065,0.22418552286947976
Bhutan,large_city,06_10,2070,0.2214328764268233
Bhutan,large_city,06_10,2075,0.21863742729485244
Bhutan,large_city,06_10,2080,0.2159213802282701
Bhutan,large_city,06_10,2085,0.21324709793489952
Bhutan,large_city,06_10,2090,0.21076912032900552
Bhutan,large_city,06_10,2095,0.20848236504608927
Bhutan,large_city,06_10,2100,0.20636126247436407
Bhutan,large_city,11_20,2011,0.24573634096712
Bhutan,large_city,11_20,2012,0.24638674947263278
Bhutan,large_city,11_20,2013,0.24651328525997943
Bhutan,large_city,11_20,2014,0.2472384909744395
Bhutan,large_city,11_20,2015,0.24825525089729403
Bhutan,large_city,11_20,2016,0.2491810443221361
Bhutan,large_city,11_20,2017,0.24960526098452968
Bhutan,large_city,11_20,2018,0.24997920864165069
Bhutan,large_city,11_20,2019,0.250474793395871
Bhutan,large_city,11_20,2020,0.24917743514175672
Bhutan,large_city,11_20,2025,0.25094693569592746
Bhutan,large_city,11_20,2030,0.25252486924621087
Bhutan,large_city,11_20,2035,0.25298099776785166
Bhutan,large_city,11_20,2040,0.25257123559903666
Bhutan,large_city,11_20,2045,0.25142308167416483
Bhutan,large_city,11_20,2050,0.24966057886314302
Bhutan,large_city,11_20,2055,0.2474190616333951
Bhutan,large_city,11_20,2060,0.24482718183168817
Bhutan,large_city,11_20,2065,0.2419967136320778
Bhutan,large_city,11_20,2070,0.23902537371508545
Bhutan,large_city,11_20,2075,0.23600783050175117
Bhutan,large_city,11_20,2080,0.23307599772428123
Bhutan,large_city,11_20,2085,0.23018924786623213
Bhutan,large_city,11_20,2090,0.22751439879745727
Bhutan,large_city,11_20,2095,0.22504596436751104
Bhutan,large_city,11_20,2100,0.22275634349875897
Bhutan,large_city,21_30,2011,0.151410352965953
Bhutan,large_city,21_30,2012,0.15181110191909594
Bhutan,large_city,21_30,2013,0.15188906689631332
Bhutan,large_city,21_30,2014,0.15233590212128323
Bhutan,large_city,21_30,2015,0.15296237836079732
Bhutan,large_city,21_30,2016,0.15353280562718058
Bhutan,large_city,21_30,2017,0.15379418656226843
Bhutan,large_city,21_30,2018,0.15402459426888865
Bhutan,large_city,21_30,2019,0.15432994862659466
Bhutan,large_city,21_30,2020,0.1535305818320634
Bhutan,large_city,21_30,2025,0.15462085892508926
Bhutan,large_city,21_30,2030,0.1555931020815754
Bhutan,large_city,21_30,2035,0.1558741454965936
Bhutan,large_city,21_30,2040,0.15562167069222319
Bhutan,large_city,21_30,2045,0.15491423608837127
Bhutan,large_city,21_30,2050,0.15382827065212348
Bhutan,large_city,21_30,2055,0.15244716066407815
Bhutan,large_city,21_30,2060,0.1508501749106593
Bhutan,large_city,21_30,2065,0.14910618300667286
Bhutan,large_city,21_30,2070,0.14727539304763365
Bhutan,large_city,21_30,2075,0.14541613494513714
Bhutan,large_city,21_30,2080,0.14360968729507928
Bhutan,large_city,21_30,2085,0.14183101746866514
Bhutan,large_city,21_30,2090,0.14018291023291837
Bhutan,large_city,21_30,2095,0.1386619852983297
Bhutan,large_city,21_30,2100,0.13725123627141902
Bhutan,large_city,31_50,2011,0.123613380885738
Bhutan,large_city,31_50,2012,0.12394055754185185
Bhutan,large_city,31_50,2013,0.12400420916299751
Bhutan,large_city,31_50,2014,0.12436901125067107
Bhutan,large_city,31_50,2015,0.12488047459841412
Bhutan,large_city,31_50,2016,0.1253461788357122
Bhutan,large_city,31_50,2017,0.1255595736297429
Bhutan,large_city,31_50,2018,0.12574768147732093
Bhutan,large_city,31_50,2019,0.12599697674534477
Bhutan,large_city,31_50,2020,0.12534436330046345
Bhutan,large_city,31_50,2025,0.12623447969561846
Bhutan,large_city,31_50,2030,0.12702823165023744
Bhutan,large_city,31_50,2035,0.1272576791485461
Bhutan,large_city,31_50,2040,0.12705155543543575
Bhutan,large_city,31_50,2045,0.1264739966263802
Bhutan,large_city,31_50,2050,0.12558740032388147
Bhutan,large_city,31_50,2055,0.1244598441716563
Bhutan,large_city,31_50,2060,0.12315604423763955
Bhutan,large_city,31_50,2065,0.12173222657084105
Bhutan,large_city,31_50,2070,0.12023754584329933
Bhutan,large_city,31_50,2075,0.11871962335327994
Bhutan,large_city,31_50,2080,0.11724481600330328
Bhutan,large_city,31_50,2085,0.11579268682973257
Bhutan,large_city,31_50,2090,0.11444715065283244
Bhutan,large_city,31_50,2095,0.11320544776029509
Bhutan,large_city,31_50,2100,0.11205369391135644
Bhutan,large_city,51+,2011,0.0823319043773287
Bhutan,large_city,51+,2012,0.08254981830357717
Bhutan,large_city,51+,2013,0.08259221306010009
Bhutan,large_city,51+,2014,0.08283518716519922
Bhutan,large_city,51+,2015,0.0831758440676895
Bhutan,large_city,51+,2016,0.083486023406355
Bhutan,large_city,51+,2017,0.08362815364865453
Bhutan,large_city,51+,2018,0.08375344168145848
Bhutan,large_city,51+,2019,0.08391948320561704
Bhutan,large_city,51+,2020,0.08348481418067552
Bhutan,large_city,51+,2025,0.0840776705317071
Bhutan,large_city,51+,2030,0.08460634396138551
Bhutan,large_city,51+,2035,0.08475916600504298
Bhutan,large_city,51+,2040,0.08462187861984163
Bhutan,large_city,51+,2045,0.0842371992566633
Bhutan,large_city,51+,2050,0.08364668744090693
Bhutan,large_city,51+,2055,0.0828956858532157
Bhutan,large_city,51+,2060,0.08202729821811122
Bhutan,large_city,51+,2065,0.08107897353712898
Bhutan,large_city,51+,2070,0.08008345096624847
Bhutan,large_city,51+,2075,0.0790724483676221
Bhutan,large_city,51+,2080,0.07809016233318786
Bhutan,large_city,51+,2085,0.07712298095358895
Bhutan,large_city,51+,2090,0.07622679515995567
Bhutan,large_city,51+,2095,0.07539976686349693
Bhutan,large_city,51+,2100,0.07463264855415558
Bhutan,city,No_travel,2011,0.0
Bhutan,city,No_travel,2012,0.0
Bhutan,city,No_travel,2013,0.0
Bhutan,city,No_travel,2014,0.0
Bhutan,city,No_travel,2015,0.0
Bhutan,city,No_travel,2016,0.0
Bhutan,city,No_travel,2017,0.0
Bhutan,city,No_travel,2018,0.0
Bhutan,city,No_travel,2019,0.0
Bhutan,city,No_travel,2020,0.0
Bhutan,city,No_travel,2025,0.0
Bhutan,city,No_travel,2030,0.0
Bhutan,city,No_travel,2035,0.0
Bhutan,city,No_travel,2040,0.0
Bhutan,city,No_travel,2045,0.0
Bhutan,city,No_travel,2050,0.0
Bhutan,city,No_travel,2055,0.0
Bhutan,city,No_travel,2060,0.0
Bhutan,city,No_travel,2065,0.0
Bhutan,city,No_travel,2070,0.0
Bhutan,city,No_travel,2075,0.0
Bhutan,city,No_travel,2080,0.0
Bhutan,city,No_travel,2085,0.0
Bhutan,city,No_travel,2090,0.0
Bhutan,city,No_travel,2095,0.0
Bhutan,city,No_travel,2100,0.0
Bhutan,city,00_01,2011,0.14143918779263
Bhutan,city,00_01,2012,0.14181354532717738
Bhutan,city,00_01,2013,0.14188637590208777
Bhutan,city,00_01,2014,0.14230378468595803
Bhutan,city,00_01,2015,0.14288900418219802
Bhutan,city,00_01,2016,0.14342186582389937
Bhutan,city,00_01,2017,0.14366603345470608
Bhutan,city,00_01,2018,0.1438812676064477
Bhutan,city,00_01,2019,0.14416651277956075
Bhutan,city,00_01,2020,0.1434197884773439
Bhutan,city,00_01,2025,0.14443826511045213
Bhutan,city,00_01,2030,0.14534648096027095
Bhutan,city,00_01,2035,0.14560901619366795
Bhutan,city,00_01,2040,0.14537316817820045
Bhutan,city,00_01,2045,0.14471232185015767
Bhutan,city,00_01,2050,0.14369787292863445
Bhutan,city,00_01,2055,0.14240771627068555
Bhutan,city,00_01,2060,0.14091590039775936
Bhutan,city,00_01,2065,0.1392867594996318
Bhutan,city,00_01,2070,0.1375765366532216
Bhutan,city,00_01,2075,0.13583972043978138
Bhutan,city,00_01,2080,0.1341522368337459
Bhutan,city,00_01,2085,0.13249070173610406
Bhutan,city,00_01,2090,0.1309511309983514
Bhutan,city,00_01,2095,0.12953036694075654
Bhutan,city,00_01,2100,0.12821252312996798
Bhutan,city,02_05,2011,0.288371801420151
Bhutan,city,02_05,2012,0.2891350563447403
Bhutan,city,02_05,2013,0.2892835461969033
Bhutan,city,02_05,2014,0.29013457570867995
Bhutan,city,02_05,2015,0.2913277443275803
Bhutan,city,02_05,2016,0.29241416368506706
Bhutan,city,02_05,2017,0.2929119822927888
Bhutan,city,02_05,2018,0.2933508101808269
Bhutan,city,02_05,2019,0.2939323793039303
Bhutan,city,02_05,2020,0.29240992830887663
Bhutan,city,02_05,2025,0.2944864386874879
Bhutan,city,02_05,2030,0.29633814502699674
Bhutan,city,02_05,2035,0.2968734122282051
Bhutan,city,02_05,2040,0.2963925559807736
Bhutan,city,02_05,2045,0.2950451963907355
Bhutan,city,02_05,2050,0.2929768978695557
Bhutan,city,02_05,2055,0.2903464755278183
Bhutan,city,02_05,2060,0.28730490241518397
Bhutan,city,02_05,2065,0.2839833456182863
Bhutan,city,02_05,2070,0.2804964757433526
Bhutan,city,02_05,2075,0.27695538626156213
Bhutan,city,02_05,2080,0.27351487804786334
Bhutan,city,02_05,2085,0.27012727467776854
Bhutan,city,02_05,2090,0.2669883370609151
Bhutan,city,02_05,2095,0.26409162719517176
Bhutan,city,02_05,2100,0.26140475519287587
Bhutan,city,06_10,2011,0.300942920069744
Bhutan,city,06_10,2012,0.30173944790163437
Bhutan,city,06_10,2013,0.30189441093716896
Bhutan,city,06_10,2014,0.30278253975239405
Bhutan,city,06_10,2015,0.30402772269517525
Bhutan,city,06_10,2016,0.30516150280908455
Bhutan,city,06_10,2017,0.30568102304211364
Bhutan,city,06_10,2018,0.3061389809470956
Bhutan,city,06_10,2019,0.3067459026685233
Bhutan,city,06_10,2020,0.3051570827982788
Bhutan,city,06_10,2025,0.3073241154062415
Bhutan,city,06_10,2030,0.30925654399384644
Bhutan,city,06_10,2035,0.309815145333353
Bhutan,city,06_10,2040,0.3093133269082394
Bhutan,city,06_10,2045,0.3079072312795644
Bhutan,city,06_10,2050,0.3057487685121424
Bhutan,city,06_10,2055,0.30300367701345665
Bhutan,city,06_10,2060,0.29982951126765905
Bhutan,city,06_10,2065,0.2963631563858255
Bhutan,city,06_10,2070,0.29272428186030663
Bhutan,city,06_10,2075,0.2890288241087852
Bhutan,city,06_10,2080,0.28543833230877075
Bhutan,city,06_10,2085,0.28190305165645385
Bhutan,city,06_10,2090,0.27862727695282286
Bhutan,city,06_10,2095,0.27560428954109073
Bhutan,city,06_10,2100,0.2728002875469898
Bhutan,city,11_20,2011,0.352477571210292
Bhutan,city,11_20,2012,0.3534104996058863
Bhutan,city,11_20,2013,0.3535919991220734
Bhutan,city,11_20,2014,0.3546322146142334
Bhutan,city,11_20,2015,0.35609062758929955
Bhutan,city,11_20,2016,0.3574185606762273
Bhutan,city,11_20,2017,0.3580270456005122
Bhutan,city,11_20,2018,0.3585634260211819
Bhutan,city,11_20,2019,0.3592742794090404
Bhutan,city,11_20,2020,0.3574133837653594
Bhutan,city,11_20,2025,0.35995150757372535
Bhutan,city,11_20,2030,0.3622148528451093
Bhutan,city,11_20,2035,0.36286911127849747
Bhutan,city,11_20,2040,0.36228135948944845
Bhutan,city,11_20,2045,0.3606344785062709
Bhutan,city,11_20,2050,0.35810639207169914
Bhutan,city,11_20,2055,0.35489122029100884
Bhutan,city,11_20,2060,0.3511734978988743
Bhutan,city,11_20,2065,0.3471135507520251
Bhutan,city,11_20,2070,0.3428515410180973
Bhutan,city,11_20,2075,0.3385232585236474
Bhutan,city,11_20,2080,0.33431791676373407
Bhutan,city,11_20,2085,0.33017724072594384
Bhutan,city,11_20,2090,0.32634050945776716
Bhutan,city,11_20,2095,0.32279985377316195
Bhutan,city,11_20,2100,0.31951568343175485
Bhutan,city,21_30,2011,0.15857884585093
Bhutan,city,21_30,2012,0.15899856818312524
Bhutan,city,21_30,2013,0.159080224396599
Bhutan,city,21_30,2014,0.1595482149459454
Bhutan,city,21_30,2015,0.16020435157774834
Bhutan,city,21_30,2016,0.16080178560899522
Bhutan,city,21_30,2017,0.16107554157218873
Bhutan,city,21_30,2018,0.1613168578856063
Bhutan,city,21_30,2019,0.16163666918431888
Bhutan,city,21_30,2020,0.16079945652874286
Bhutan,city,21_30,2025,0.1619413525727249
Bhutan,city,21_30,2030,0.16295962638704398
Bhutan,city,21_30,2035,0.16325397574634842
Bhutan,city,21_30,2040,0.16298954757285025
Bhutan,city,21_30,2045,0.16224861961913847
Bhutan,city,21_30,2050,0.16111123936646246
Bhutan,city,21_30,2055,0.15966474100220157
Bhutan,city,21_30,2060,0.1579921462776223
Bhutan,city,21_30,2065,0.1561655854256723
Bhutan,city,21_30,2070,0.15424811708210934
Bhutan,city,21_30,2075,0.15230083277652964
Bhutan,city,21_30,2080,0.1504088592236992
Bhutan,city,21_30,2085,0.14854597863001848
Bhutan,city,21_30,2090,0.14681984208675275
Bhutan,city,21_30,2095,0.14522690926526197
Bhutan,city,21_30,2100,0.14374936860776727
Bhutan,city,31_50,2011,0.235491949480815
Bhutan,city,31_50,2012,0.23611524339948942
Bhutan,city,31_50,2013,0.2362365040934677
Bhutan,city,31_50,2014,0.2369314770339807
Bhutan,city,31_50,2015,0.23790584971099152
Bhutan,city,31_50,2016,0.23879304815129773
Bhutan,city,31_50,2017,0.23919957983658344
Bhutan,city,31_50,2018,0.239557938158485
Bhutan,city,31_50,2019,0.2400328627034058
Bhutan,city,31_50,2020,0.23878958943241135
Bhutan,city,31_50,2025,0.24048532207606138
Bhutan,city,31_50,2030,0.2419974738662483
Bhutan,city,31_50,2035,0.242434587051674
Bhutan,city,31_50,2040,0.24204190727310335
Bhutan,city,31_50,2045,0.24094161821936386
Bhutan,city,31_50,2050,0.2392525915931048
Bhutan,city,31_50,2055,0.23710451996417628
Bhutan,city,31_50,2060,0.23462069187053025
Bhutan,city,31_50,2065,0.2319082217830926
Bhutan,city,31_50,2070,0.22906075271576273
Bhutan,city,31_50,2075,0.2261690065004735
Bhutan,city,31_50,2080,0.22335939757734508
Bhutan,city,31_50,2085,0.22059299213214312
Bhutan,city,31_50,2090,0.21802965363978308
Bhutan,city,31_50,2095,0.21566412465947085
Bhutan,city,31_50,2100,0.2134699547624489
Bhutan,city,51+,2011,0.100050611660432
Bhutan,city,51+,2012,0.10031542299663729
Bhutan,city,51+,2013,0.10036694155865031
Bhutan,city,51+,2014,0.10066220629249396
Bhutan,city,51+,2015,0.10107617620753807
Bhutan,city,51+,2016,0.10145310946072365
Bhutan,city,51+,2017,0.10162582765283958
Bhutan,city,51+,2018,0.10177807901166055
Bhutan,city,51+,2019,0.10197985444949033
Bhutan,city,51+,2020,0.10145163999673175
Bhutan,city,51+,2025,0.10217208538173872
Bhutan,city,51+,2030,0.10281453499356269
Bhutan,city,51+,2035,0.10300024597715725
Bhutan,city,51+,2040,0.10283341287683558
Bhutan,city,51+,2045,0.1023659463962505
Bhutan,city,51+,2050,0.10164835011561102
Bhutan,city,51+,2055,0.10073572494588212
Bhutan,city,51+,2060,0.09968045099457919
Bhutan,city,51+,2065,0.0985280366893043
Bhutan,city,51+,2070,0.0973182670029154
Bhutan,city,51+,2075,0.09608968582107762
Bhutan,city,51+,2080,0.09489600131549113
Bhutan,city,51+,2085,0.09372067214817385
Bhutan,city,51+,2090,0.09263161757701431
Bhutan,city,51+,2095,0.09162660393683467
Bhutan,city,51+,2100,0.09069439355440782
Bhutan,town,No_travel,2011,0.0
Bhutan,town,No_travel,2012,0.0
Bhutan,town,No_travel,2013,0.0
Bhutan,town,No_travel,2014,0.0
Bhutan,town,No_travel,2015,0.0
Bhutan,town,No_travel,2016,0.0
Bhutan,town,No_travel,2017,0.0
Bhutan,town,No_travel,2018,0.0
Bhutan,town,No_travel,2019,0.0
Bhutan,town,No_travel,2020,0.0
Bhutan,town,No_travel,2025,0.0
Bhutan,town,No_travel,2030,0.0
Bhutan,town,No_travel,2035,0.0
Bhutan,town,No_travel,2040,0.0
Bhutan,town,No_travel,2045,0.0
Bhutan,town,No_travel,2050,0.0
Bhutan,town,No_travel,2055,0.0
Bhutan,town,No_travel,2060,0.0
Bhutan,town,No_travel,2065,0.0
Bhutan,town,No_travel,2070,0.0
Bhutan,town,No_travel,2075,0.0
Bhutan,town,No_travel,2080,0.0
Bhutan,town,No_travel,2085,0.0
Bhutan,town,No_travel,2090,0.0
Bhutan,town,No_travel,2095,0.0
Bhutan,town,No_travel,2100,0.0
Bhutan,town,00_01,2011,0.136283799718559
Bhutan,town,00_01,2012,0.13664451210709583
Bhutan,town,00_01,2013,0.13671468804376077
Bhutan,town,00_01,2014,0.13711688248498693
Bhutan,town,00_01,2015,0.13768077102154938
Bhutan,town,00_01,2016,0.13819421012133976
Bhutan,town,00_01,2017,0.13842947796339922
Bhutan,town,00_01,2018,0.13863686693732033
Bhutan,town,00_01,2019,0.13891171506569205
Bhutan,town,00_01,2020,0.13819220849303343
Bhutan,town,00_01,2025,0.13917356215923274
Bhutan,town,00_01,2030,0.14004867399287393
Bhutan,town,00_01,2035,0.14030163994754133
Bhutan,town,00_01,2040,0.1400743884749783
Bhutan,town,00_01,2045,0.139437629667032
Bhutan,town,00_01,2050,0.13846015690433292
Bhutan,town,00_01,2055,0.13721702581512402
Bhutan,town,00_01,2060,0.1357795858890625
Bhutan,town,00_01,2065,0.1342098263666927
Bhutan,town,00_01,2070,0.1325619402927427
Bhutan,town,00_01,2075,0.13088843016676924
Bhutan,town,00_01,2080,0.12926245449918783
Bhutan,town,00_01,2085,0.12766148152977025
Bhutan,town,00_01,2090,0.12617802737996234
Bhutan,town,00_01,2095,0.12480904946588897
Bhutan,town,00_01,2100,0.12353924040679588
Bhutan,town,02_05,2011,0.261285967590787
Bhutan,town,02_05,2012,0.2619775324404277
Bhutan,town,02_05,2013,0.26211207511938844
Bhutan,town,02_05,2014,0.2628831701721565
Bhutan,town,02_05,2015,0.26396426830849656
Bhutan,town,02_05,2016,0.26494864379747407
Bhutan,town,02_05,2017,0.26539970390793804
Bhutan,town,02_05,2018,0.26579731410687985
Bhutan,town,02_05,2019,0.2663242583167597
Bhutan,town,02_05,2020,0.2649448062365178
Bhutan,town,02_05,2025,0.2668262766882602
Bhutan,town,02_05,2030,0.26850405821970624
Bhutan,town,02_05,2035,0.26898904949797475
Bhutan,town,02_05,2040,0.26855335852797185
Bhutan,town,02_05,2045,0.2673325520814258
Bhutan,town,02_05,2050,0.26545852217381466
Bhutan,town,02_05,2055,0.26307516692427724
Bhutan,town,02_05,2060,0.26031927897053486
Bhutan,town,02_05,2065,0.25730970529755054
Bhutan,town,02_05,2070,0.25415034587111407
Bhutan,town,02_05,2075,0.25094185951073256
Bhutan,town,02_05,2080,0.24782450714412385
Bhutan,town,02_05,2085,0.24475509043968188
Bhutan,town,02_05,2090,0.2419109831157771
Bhutan,town,02_05,2095,0.23928635187106748
Bhutan,town,02_05,2100,0.23685184909563964
Bhutan,town,06_10,2011,0.234847781523163
Bhutan,town,06_10,2012,0.23546937047497338
Bhutan,town,06_10,2013,0.23559029947076088
Bhutan,town,06_10,2014,0.23628337137261546
Bhutan,town,06_10,2015,0.2372550787370382
Bhutan,town,06_10,2016,0.23813985032237725
Bhutan,town,06_10,2017,0.2385452699752304
Bhutan,town,06_10,2018,0.23890264803878836
Bhutan,town,06_10,2019,0.23937627346849602
Bhutan,town,06_10,2020,0.23813640106451867
Bhutan,town,06_10,2025,0.2398274951774835
Bhutan,town,06_10,2030,0.24133551060660802
Bhutan,town,06_10,2035,0.24177142810653984
Bhutan,town,06_10,2040,0.24137982246970324
Bhutan,town,06_10,2045,0.24028254316196201
Bhutan,town,06_10,2050,0.2385981367226548
Bhutan,town,06_10,2055,0.2364559409587703
Bhutan,town,06_10,2060,0.23397890716307698
Bhutan,town,06_10,2065,0.23127385680408555
Bhutan,town,06_10,2070,0.22843417674329125
Bhutan,town,06_10,2075,0.22555034065086466
Bhutan,town,06_10,2080,0.22274841717110616
Bhutan,town,06_10,2085,0.21998957898987906
Bhutan,town,06_10,2090,0.2174332522893235
Bhutan,town,06_10,2095,0.2150741940099222
Bhutan,town,06_10,2100,0.21288602607578866
Bhutan,town,11_20,2011,0.286274279539271
Bhutan,town,11_20,2012,0.28703198279793063
Bhutan,town,11_20,2013,0.2871793925836222
Bhutan,town,11_20,2014,0.2880242319859172
Bhutan,town,11_20,2015,0.28920872188771213
Bhutan,town,11_20,2016,0.290287238987201
Bhutan,town,11_20,2017,0.29078143662568345
Bhutan,town,11_20,2018,0.29121707262362495
Bhutan,town,11_20,2019,0.2917944116037152
Bhutan,town,11_20,2020,0.2902830344177475
Bhutan,town,11_20,2025,0.29234444094108036
Bhutan,town,11_20,2030,0.2941826785761425
Bhutan,town,11_20,2035,0.29471405241932797
Bhutan,town,11_20,2040,0.29423669376249156
Bhutan,town,11_20,2045,0.2928991344240995
Bhutan,town,11_20,2050,0.290845880027841
Bhutan,town,11_20,2055,0.28823459051528655
Bhutan,town,11_20,2060,0.2852151408076614
Bhutan,town,11_20,2065,0.28191774392524144
Bhutan,town,11_20,2070,0.27845623639788275
Bhutan,town,11_20,2075,0.27494090363930035
Bhutan,town,11_20,2080,0.27152542055366213
Bhutan,town,11_20,2085,0.2681624574991513
Bhutan,town,11_20,2090,0.26504635148476957
Bhutan,town,11_20,2095,0.26217071133630104
Bhutan,town,11_20,2100,0.25950338275950025
Bhutan,town,21_30,2011,0.142215623076087
Bhutan,town,21_30,2012,0.1425920356591891
Bhutan,town,21_30,2013,0.14266526604004406
Bhutan,town,21_30,2014,0.14308496620378205
Bhutan,town,21_30,2015,0.143673398282564
Bhutan,town,21_30,2016,0.14420918508656494
Bhutan,town,21_30,2017,0.14445469308397438
Bhutan,town,21_30,2018,0.14467110877099082
Bhutan,town,21_30,2019,0.14495791980728717
Bhutan,town,21_30,2020,0.14420709633634415
Bhutan,town,21_30,2025,0.14523116393194066
Bhutan,town,21_30,2030,0.14614436546388762
Bhutan,town,21_30,2035,0.14640834189347318
Bhutan,town,21_30,2040,0.14617119918221733
Bhutan,town,21_30,2045,0.1455067251155397
Bhutan,town,21_30,2050,0.14448670734178942
Bhutan,town,21_30,2055,0.14318946832451668
Bhutan,town,21_30,2060,0.14168946307707386
Bhutan,town,21_30,2065,0.14005137895398317
Bhutan,town,21_30,2070,0.13833176778046752
Bhutan,town,21_30,2075,0.13658541725471937
Bhutan,town,21_30,2080,0.13488867014942016
Bhutan,town,21_30,2085,0.13321801399774338
Bhutan,town,21_30,2090,0.13166999173350205
Bhutan,town,21_30,2095,0.13024142834277327
Bhutan,town,21_30,2100,0.1289163501830836
Bhutan,town,31_50,2011,0.175007801582025
Bhutan,town,31_50,2012,0.1754710076435789
Bhutan,town,31_50,2013,0.17556112353721445
Bhutan,town,31_50,2014,0.176077598460227
Bhutan,town,31_50,2015,0.17680171162206207
Bhutan,town,31_50,2016,0.17746104052458847
Bhutan,town,31_50,2017,0.177763157928908
Bhutan,town,31_50,2018,0.1780294748974196
Bhutan,town,31_50,2019,0.1783824190244149
Bhutan,town,31_50,2020,0.17745847014887106
Bhutan,town,31_50,2025,0.17871866797172803
Bhutan,town,31_50,2030,0.179842436155916
Bhutan,town,31_50,2035,0.18016728045650682
Bhutan,town,31_50,2040,0.17987545721191237
Bhutan,town,31_50,2045,0.17905776824706984
Bhutan,town,31_50,2050,0.17780255405683193
Bhutan,town,31_50,2055,0.1762061967535428
Bhutan,town,31_50,2060,0.17436031923995893
Bhutan,town,31_50,2065,0.172344524526356
Bhutan,town,31_50,2070,0.17022840419763619
Bhutan,town,31_50,2075,0.16807937893801841
Bhutan,town,31_50,2080,0.16599139469046345
Bhutan,town,31_50,2085,0.16393551746698842
Bhutan,town,31_50,2090,0.1620305511390628
Bhutan,town,31_50,2095,0.16027258859581783
Bhutan,town,31_50,2100,0.15864197298105112
Bhutan,town,51+,2011,0.0762610743674654
Bhutan,town,51+,2012,0.07646292017998517
Bhutan,town,51+,2013,0.07650218891431648
Bhutan,town,51+,2014,0.07672724706690594
Bhutan,town,51+,2015,0.07704278527255148
Bhutan,town,51+,2016,0.07733009320976146
Bhutan,town,51+,2017,0.07746174332838614
Bhutan,town,51+,2018,0.07757779311563784
Bhutan,town,51+,2019,0.07773159139247485
Bhutan,town,51+,2020,0.07732897314761586
Bhutan,town,51+,2025,0.07787811460884134
Bhutan,town,51+,2030,0.07836780574427328
Bhutan,town,51+,2035,0.07850935929297947
Bhutan,town,51+,2040,0.07838219493826502
Bhutan,town,51+,2045,0.07802588031461045
Bhutan,town,51+,2050,0.07747891051187304
Bhutan,town,51+,2055,0.07678328482020283
Bhutan,town,51+,2060,0.07597892866542492
Bhutan,town,51+,2065,0.07510052970735583
Bhutan,town,51+,2070,0.07417841304569733
Bhutan,town,51+,2075,0.07324195779250417
Bhutan,town,51+,2080,0.07233210165728352
Bhutan,town,51+,2085,0.0714362364192054
Bhutan,town,51+,2090,0.0706061318325058
Bhutan,town,51+,2095,0.06984008534181385
Bhutan,town,51+,2100,0.06912953131200283
Bhutan,rural,No_travel,2011,0.0
Bhutan,rural,No_travel,2012,0.0
Bhutan,rural,No_travel,2013,0.0
Bhutan,rural,No_travel,2014,0.0
Bhutan,rural,No_travel,2015,0.0
Bhutan,rural,No_travel,2016,0.0
Bhutan,rural,No_travel,2017,0.0
Bhutan,rural,No_travel,2018,0.0
Bhutan,rural,No_travel,2019,0.0
Bhutan,rural,No_travel,2020,0.0
Bhutan,rural,No_travel,2025,0.0
Bhutan,rural,No_travel,2030,0.0
Bhutan,rural,No_travel,2035,0.0
Bhutan,rural,No_travel,2040,0.0
Bhutan,rural,No_travel,2045,0.0
Bhutan,rural,No_travel,2050,0.0
Bhutan,rural,No_travel,2055,0.0
Bhutan,rural,No_travel,2060,0.0
Bhutan,rural,No_travel,2065,0.0
Bhutan,rural,No_travel,2070,0.0
Bhutan,rural,No_travel,2075,0.0
Bhutan,rural,No_travel,2080,0.0
Bhutan,rural,No_travel,2085,0.0
Bhutan,rural,No_travel,2090,0.0
Bhutan,rural,No_travel,2095,0.0
Bhutan,rural,No_travel,2100,0.0
Bhutan,rural,00_01,2011,0.0478840154180537
Bhutan,rural,00_01,2012,0.04801075357482545
Bhutan,rural,00_01,2013,0.04803541025184927
Bhutan,rural,00_01,2014,0.0481767233416259
Bhutan,rural,00_01,2015,0.04837484848514686
Bhutan,rural,00_01,2016,0.04855524795904886
Bhutan,rural,00_01,2017,0.048637910527892785
Bhutan,rural,00_01,2018,0.04871077771273266
Bhutan,rural,00_01,2019,0.04880734701916346
Bhutan,rural,00_01,2020,0.04855454467662733
Bhutan,rural,00_01,2025,0.04889934834500092
Bhutan,rural,00_01,2030,0.04920682339795023
Bhutan,rural,00_01,2035,0.049295704289872455
Bhutan,rural,00_01,2040,0.049215858313766306
Bhutan,rural,00_01,2045,0.04899212982483182
Bhutan,rural,00_01,2050,0.04864868973190466
Bhutan,rural,00_01,2055,0.04821190921679377
Bhutan,rural,00_01,2060,0.047706857290415156
Bhutan,rural,00_01,2065,0.04715531419191762
Bhutan,rural,00_01,2070,0.046576320926869454
Bhutan,rural,00_01,2075,0.0459883245190802
Bhutan,rural,00_01,2080,0.04541702958823271
Bhutan,rural,00_01,2085,0.044854519484245355
Bhutan,rural,00_01,2090,0.04433330022320281
Bhutan,rural,00_01,2095,0.04385230277757951
Bhutan,rural,00_01,2100,0.043406148820255425
Bhutan,rural,02_05,2011,0.123784799035439
Bhutan,rural,02_05,2012,0.1241124293966179
Bhutan,rural,02_05,2013,0.12417616928525567
Bhutan,rural,02_05,2014,0.12454147725423777
Bhutan,rural,02_05,2015,0.12505364986258094
Bhutan,rural,02_05,2016,0.12551999990503454
Bhutan,rural,02_05,2017,0.12573369061962403
Bhutan,rural,02_05,2018,0.1259220593216415
Bhutan,rural,02_05,2019,0.1261717002944205
Bhutan,rural,02_05,2020,0.12551818185213204
Bhutan,rural,02_05,2025,0.1264095325967109
Bhutan,rural,02_05,2030,0.12720438526947547
Bhutan,rural,02_05,2035,0.1274341509490792
Bhutan,rural,02_05,2040,0.1272277413984223
Bhutan,rural,02_05,2045,0.12664938167233267
Bhutan,rural,02_05,2050,0.1257615559018215
Bhutan,rural,02_05,2055,0.1246324361357876
Bhutan,rural,02_05,2060,0.12332682818575617
Bhutan,rural,02_05,2065,0.12190103607097959
Bhutan,rural,02_05,2070,0.12040428262766169
Bhutan,rural,02_05,2075,0.11888425519186084
Bhutan,rural,02_05,2080,0.11740740268507924
Bhutan,rural,02_05,2085,0.11595325980316824
Bhutan,rural,02_05,2090,0.11460585773343233
Bhutan,rural,02_05,2095,0.11336243293659312
Bhutan,rural,02_05,2100,0.11220908191821956
Bhutan,rural,06_10,2011,0.148707724813786
Bhutan,rural,06_10,2012,0.14910132052158276
Bhutan,rural,06_10,2013,0.14917789384797717
Bhutan,rural,06_10,2014,0.14961675320184759
Bhutan,rural,06_10,2015,0.15023204703349852
Bhutan,rural,06_10,2016,0.15079229234892075
Bhutan,rural,06_10,2017,0.15104900771484656
Bhutan,rural,06_10,2018,0.15127530271489034
Bhutan,rural,06_10,2019,0.15157520659138843
Bhutan,rural,06_10,2020,0.15079010824786124
Bhutan,rural,06_10,2025,0.15186092423068195
Bhutan,rural,06_10,2030,0.1528158131463649
Bhutan,rural,06_10,2035,0.15309184002301213
Bhutan,rural,06_10,2040,0.15284387181611434
Bhutan,rural,06_10,2045,0.15214906470198644
Bhutan,rural,06_10,2050,0.15108248341419872
Bhutan,rural,06_10,2055,0.1497260258139315
Bhutan,rural,06_10,2060,0.14815754576419307
Bhutan,rural,06_10,2065,0.1464446835783833
Bhutan,rural,06_10,2070,0.14464657265606173
Bhutan,rural,06_10,2075,0.14282050173787278
Bhutan,rural,06_10,2080,0.1410462986218169
Bhutan,rural,06_10,2085,0.13929937750381083
Bhutan,rural,06_10,2090,0.13768068847445394
Bhutan,rural,06_10,2095,0.1361869115813633
Bhutan,rural,06_10,2100,0.1348013439899429
Bhutan,rural,11_20,2011,0.227309082564942
Bhutan,rural,11_20,2012,0.22791071828597004
Bhutan,rural,11_20,2013,0.2280277654171359
Bhutan,rural,11_20,2014,0.2286985894595873
Bhutan,rural,11_20,2015,0.22963910466520673
Bhutan,rural,11_20,2016,0.23049547476177976
Bhutan,rural,11_20,2017,0.23088788029674434
Bhutan,rural,11_20,2018,0.2312337863948532
Bhutan,rural,11_20,2019,0.23169220827649936
Bhutan,rural,11_20,2020,0.23049213622634937
Bhutan,rural,11_20,2025,0.2321289456049855
Bhutan,rural,11_20,2030,0.2335885531919291
Bhutan,rural,11_20,2035,0.2340104775820206
Bhutan,rural,11_20,2040,0.23363144262814856
Bhutan,rural,11_20,2045,0.2325693863841318
Bhutan,rural,11_20,2050,0.23093905000240347
Bhutan,rural,11_20,2055,0.22886561949944143
Bhutan,rural,11_20,2060,0.22646809938692603
Bhutan,rural,11_20,2065,0.22384988212548826
Bhutan,rural,11_20,2070,0.22110135682450113
Bhutan,rural,11_20,2075,0.218310092916511
Bhutan,rural,11_20,2080,0.21559811219661543
Bhutan,rural,11_20,2085,0.21292783372154275
Bhutan,rural,11_20,2090,0.21045356603516804
Bhutan,rural,11_20,2095,0.20817023438208596
Bhutan,rural,11_20,2100,0.20605230743221245
Bhutan,rural,21_30,2011,0.153212938930544
Bhutan,rural,21_30,2012,0.15361845892096482
Bhutan,rural,21_30,2013,0.1536973520947745
Bhutan,rural,21_30,2014,0.15414950702800237
Bhutan,rural,21_30,2015,0.1547834416562883
Bhutan,rural,21_30,2016,0.15536066003149643
Bhutan,rural,21_30,2017,0.1556251527855304
Bhutan,rural,21_30,2018,0.15585830356546068
Bhutan,rural,21_30,2019,0.15616729325898518
Bhutan,rural,21_30,2020,0.15535840976142695
Bhutan,rural,21_30,2025,0.15646166693241254
Bhutan,rural,21_30,2030,0.15744548493720806
Bhutan,rural,21_30,2035,0.15772987425893228
Bhutan,rural,21_30,2040,0.15747439366579077
Bhutan,rural,21_30,2045,0.15675853683939736
Bhutan,rural,21_30,2050,0.15565964265676555
Bhutan,rural,21_30,2055,0.15426209013733952
Bhutan,rural,21_30,2060,0.1526460917863778
Bhutan,rural,21_30,2065,0.15088133713224314
Bhutan,rural,21_30,2070,0.14902875106600497
Bhutan,rural,21_30,2075,0.1471473579344668
Bhutan,rural,21_30,2080,0.1453194039797476
Bhutan,rural,21_30,2085,0.1435195585520491
Bhutan,rural,21_30,2090,0.14185183010207816
Bhutan,rural,21_30,2095,0.14031279809695846
Bhutan,rural,21_30,2100,0.138885253676961
Bhutan,rural,31_50,2011,0.152668305095647
Bhutan,rural,31_50,2012,0.15307238356351072
Bhutan,rural,31_50,2013,0.15315099629173856
Bhutan,rural,31_50,2014,0.1536015439268037
Bhutan,rural,31_50,2015,0.1542332250753895
Bhutan,rural,31_50,2016,0.15480839158305004
Bhutan,rural,31_50,2017,0.15507194413122452
Bhutan,rural,31_50,2018,0.15530426611820644
Bhutan,rural,31_50,2019,0.15561215743033507
Bhutan,rural,31_50,2020,0.15480614931213016
Bhutan,rural,31_50,2025,0.15590548467867738
Bhutan,rural,31_50,2030,0.1568858054555199
Bhutan,rural,31_50,2035,0.1571691838440424
Bhutan,rural,31_50,2040,0.1569146114207732
Bhutan,rural,31_50,2045,0.15620129928708862
Bhutan,rural,31_50,2050,0.15510631139955833
Bhutan,rural,31_50,2055,0.15371372683122989
Bhutan,rural,31_50,2060,0.15210347295188534
Bhutan,rural,31_50,2065,0.15034499156097272
Bhutan,rural,31_50,2070,0.14849899097674915
Bhutan,rural,31_50,2075,0.14662428572916733
Bhutan,rural,31_50,2080,0.14480282969544178
Bhutan,rural,31_50,2085,0.14300938226992477
Bhutan,rural,31_50,2090,0.1413475821791878
Bhutan,rural,31_50,2095,0.13981402104949697
Bhutan,rural,31_50,2100,0.13839155119433308
Bhutan,rural,51+,2011,0.0512532102732799
Bhutan,rural,51+,2012,0.05138886592667403
Bhutan,rural,51+,2013,0.05141525748638574
Bhutan,rural,51+,2014,0.051566513588060914
Bhutan,rural,51+,2015,0.051778579129195014
Bhutan,rural,51+,2016,0.05197167179463598
Bhutan,rural,51+,2017,0.05206015063221254
Bhutan,rural,51+,2018,0.052138144867115654
Bhutan,rural,51+,2019,0.05224150894227165
Bhutan,rural,51+,2020,0.05197091902815394
Bhutan,rural,51+,2025,0.0523399836265144
Bhutan,rural,51+,2030,0.052669093109188596
Bhutan,rural,51+,2035,0.05276422780086378
Bhutan,rural,51+,2040,0.052678763735932825
Bhutan,rural,51+,2045,0.052439293357616164
Bhutan,rural,51+,2050,0.05207168827802138
Bhutan,rural,51+,2055,0.051604175196906445
Bhutan,rural,51+,2060,0.05106358702033826
Bhutan,rural,51+,2065,0.05047323647944748
Bhutan,rural,51+,2070,0.049853504334988724
Bhutan,rural,51+,2075,0.04922413557246441
Bhutan,rural,51+,2080,0.048612643429143745
Bhutan,rural,51+,2085,0.04801055422695794
Bhutan,rural,51+,2090,0.04745266115655715
Bhutan,rural,51+,2095,0.04693781997195284
Bhutan,rural,51+,2100,0.046460273918445275
India,large_city,No_travel,2011,0.0
India,large_city,No_travel,2012,0.0
India,large_city,No_travel,2013,0.0
India,large_city,No_travel,2014,0.0
India,large_city,No_travel,2015,0.0
India,large_city,No_travel,2016,0.0
India,large_city,No_travel,2017,0.0
India,large_city,No_travel,2018,0.0
India,large_city,No_travel,2019,0.0
India,large_city,No_travel,2020,0.0
India,large_city,No_travel,2025,0.0
India,large_city,No_travel,2030,0.0
India,large_city,No_travel,2035,0.0
India,large_city,No_travel,2040,0.0
India,large_city,No_travel,2045,0.0
India,large_city,No_travel,2050,0.0
India,large_city,No_travel,2055,0.0
India,large_city,No_travel,2060,0.0
India,large_city,No_travel,2065,0.0
India,large_city,No_travel,2070,0.0
India,large_city,No_travel,2075,0.0
India,large_city,No_travel,2080,0.0
India,large_city,No_travel,2085,0.0
India,large_city,No_travel,2090,0.0
India,large_city,No_travel,2095,0.0
India,large_city,No_travel,2100,0.0
India,large_city,00_01,2011,0.0918299625000023
India,large_city,00_01,2012,0.09231225221537959
India,large_city,00_01,2013,0.09288569751078539
India,large_city,00_01,2014,0.09354879199887879
India,large_city,00_01,2015,0.09424106794215742
India,large_city,00_01,2016,0.09491632241986662
India,large_city,00_01,2017,0.09542624640398562
India,large_city,00_01,2018,0.09588518985699278
India,large_city,00_01,2019,0.0961203466150858
India,large_city,00_01,2020,0.09551504293576969
India,large_city,00_01,2025,0.09755821819426906
India,large_city,00_01,2030,0.09868926539034747
India,large_city,00_01,2035,0.09918805442768622
India,large_city,00_01,2040,0.09935138449361408
India,large_city,00_01,2045,0.09919416949127689
India,large_city,00_01,2050,0.09873668201478246
India,large_city,00_01,2055,0.09799714109836523
India,large_city,00_01,2060,0.09700611878869067
India,large_city,00_01,2065,0.09582065802699473
India,large_city,00_01,2070,0.09447599404731932
India,large_city,00_01,2075,0.0930015106767035
India,large_city,00_01,2080,0.09145466645412263
India,large_city,00_01,2085,0.08986342357935954
India,large_city,00_01,2090,0.08826604862536432
India,large_city,00_01,2095,0.0866497449254707
India,large_city,00_01,2100,0.0850086061275458
India,large_city,02_05,2011,0.218099182353909
India,large_city,02_05,2012,0.21924463629636792
India,large_city,02_05,2013,0.22060658774062228
India,large_city,02_05,2014,0.22218145896717378
India,large_city,02_05,2015,0.22382563710992698
India,large_city,02_05,2016,0.2254293887119075
India,large_city,02_05,2017,0.22664047495185888
India,large_city,02_05,2018,0.2277304807530432
India,large_city,02_05,2019,0.22828898579071086
India,large_city,02_05,2020,0.22685136963645564
India,large_city,02_05,2025,0.23170397810054422
India,large_city,02_05,2030,0.23439025240527755
India,large_city,02_05,2035,0.2355748927802605
India,large_city,02_05,2040,0.235962807060773
India,large_city,02_05,2045,0.235589416257488
India,large_city,02_05,2050,0.23450286844842635
India,large_city,02_05,2055,0.23274643443934293
India,large_city,02_05,2060,0.2303927238469587
India,large_city,02_05,2065,0.2275772155335526
India,large_city,02_05,2070,0.22438359433929422
India,large_city,02_05,2075,0.2208816478201966
India,large_city,02_05,2080,0.21720784189684403
India,large_city,02_05,2085,0.21342858771374115
India,large_city,02_05,2090,0.20963476964070246
India,large_city,02_05,2095,0.20579599517335598
India,large_city,02_05,2100,0.20189823653105346
India,large_city,06_10,2011,0.227649910037638
India,large_city,06_10,2012,0.22884552427212831
India,large_city,06_10,2013,0.23026711659729815
India,large_city,06_10,2014,0.23191095262261413
India,large_city,06_10,2015,0.2336271305662629
India,large_city,06_10,2016,0.2353011116604293
India,large_city,06_10,2017,0.23656523228021853
India,large_city,06_10,2018,0.23770297025750933
India,large_city,06_10,2019,0.23828593265199596
India,large_city,06_10,2020,0.23678536220210866
India,large_city,06_10,2025,0.24185047005063356
India,large_city,06_10,2030,0.24465437833313522
India,large_city,06_10,2035,0.24589089500358383
India,large_city,06_10,2040,0.24629579634300144
India,large_city,06_10,2045,0.24590605447483257
India,large_city,06_10,2050,0.2447719259177475
India,large_city,06_10,2055,0.24293857633871951
India,large_city,06_10,2060,0.2404817949843473
India,large_city,06_10,2065,0.237542993438466
India,large_city,06_10,2070,0.23420952116351051
India,large_city,06_10,2075,0.23055422176520488
India,large_city,06_10,2080,0.22671953710971715
India,large_city,06_10,2085,0.22277478653565652
India,large_city,06_10,2090,0.21881483430793583
India,large_city,06_10,2095,0.2148079570114949
India,large_city,06_10,2100,0.21073951257859128
India,large_city,11_20,2011,0.24573634096712
India,large_city,11_20,2012,0.24702694489111576
India,large_city,11_20,2013,0.2485614805132753
India,large_city,11_20,2014,0.2503359167515514
India,large_city,11_20,2015,0.2521884423609444
India,large_city,11_20,2016,0.25399541864685893
India,large_city,11_20,2017,0.2553599716818095
India,large_city,11_20,2018,0.25658810117007746
India,large_city,11_20,2019,0.2572173790192051
India,large_city,11_20,2020,0.2555975905832785
India,large_city,11_20,2025,0.2610651133646166
India,large_city,11_20,2030,0.26409178779482145
India,large_city,11_20,2035,0.2654265437896323
India,large_city,11_20,2040,0.2658636139100849
India,large_city,11_20,2045,0.26544290765727035
India,large_city,11_20,2050,0.264218674352024
India,large_city,11_20,2055,0.26223966800324283
India,large_city,11_20,2060,0.2595876991951732
India,large_city,11_20,2065,0.2564154144418255
India,large_city,11_20,2070,0.25281710298443255
India,large_city,11_20,2075,0.24887139573978467
India,large_city,11_20,2080,0.24473205135855247
India,large_city,11_20,2085,0.24047389649287587
India,large_city,11_20,2090,0.23619933222582307
India,large_city,11_20,2095,0.23187411476639674
India,large_city,11_20,2100,0.22748243875736826
India,large_city,21_30,2011,0.151410352965953
India,large_city,21_30,2012,0.1522055580825523
India,large_city,21_30,2013,0.1531510616221411
India,large_city,21_30,2014,0.15424437983505007
India,large_city,21_30,2015,0.1553858127842539
India,large_city,21_30,2016,0.15649918053513137
India,large_city,21_30,2017,0.15733994936830237
India,large_city,21_30,2018,0.15809666088510413
India,large_city,21_30,2019,0.15848439019235713
India,large_city,21_30,2020,0.15748635816401083
India,large_city,21_30,2025,0.1608551702449336
India,large_city,21_30,2030,0.1627200545432298
India,large_city,21_30,2035,0.16354246394145866
India,large_city,21_30,2040,0.16381176452983787
India,large_city,21_30,2045,0.16355254653227616
India,large_city,21_30,2050,0.1627982356471604
India,large_city,21_30,2055,0.16157887163851783
India,large_city,21_30,2060,0.15994486206669695
India,large_city,21_30,2065,0.1579902600232118
India,large_city,21_30,2070,0.15577316178816403
India,large_city,21_30,2075,0.15334201577100906
India,large_city,21_30,2080,0.15079156030584095
India,large_city,21_30,2085,0.14816789980589867
India,large_city,21_30,2090,0.1455341286595434
India,large_city,21_30,2095,0.14286914756798452
India,large_city,21_30,2100,0.14016321806638068
India,large_city,31_50,2011,0.123613380885738
India,large_city,31_50,2012,0.12426259668264313
India,large_city,31_50,2013,0.12503451806634325
India,large_city,31_50,2014,0.1259271172713132
India,large_city,31_50,2015,0.12685899797260972
India,large_city,31_50,2016,0.12776796588107278
India,large_city,31_50,2017,0.1284543804886326
India,large_city,31_50,2018,0.12907216961014717
India,large_city,31_50,2019,0.12938871685806755
India,large_city,31_50,2020,0.12857391053314024
India,large_city,31_50,2025,0.1313242525192343
India,large_city,31_50,2030,0.13284676830865957
India,large_city,31_50,2035,0.13351819403481277
India,large_city,31_50,2040,0.1337380545367664
India,large_city,31_50,2045,0.13352642559305583
India,large_city,31_50,2050,0.1329105963784641
India,large_city,31_50,2055,0.13191509174693747
India,large_city,31_50,2060,0.13058106508617234
India,large_city,31_50,2065,0.12898530256301313
India,large_city,31_50,2070,0.1271752347359361
India,large_city,31_50,2075,0.12519041551637453
India,large_city,31_50,2080,0.1231081905121251
India,large_city,31_50,2085,0.12096619996563215
India,large_city,31_50,2090,0.11881595495594324
India,large_city,31_50,2095,0.11664022974118045
India,large_city,31_50,2100,0.11443107371202221
India,large_city,51+,2011,0.0823319043773287
India,large_city,51+,2012,0.08276431042049363
India,large_city,51+,2013,0.08327844373756842
India,large_city,51+,2014,0.08387295374825082
India,large_city,51+,2015,0.08449362694916539
India,large_city,51+,2016,0.08509903923046862
India,large_city,51+,2017,0.08555622130434991
India,large_city,51+,2018,0.08596769581069728
India,large_city,51+,2019,0.08617853008737465
India,large_city,51+,2020,0.08563583352856143
India,large_city,51+,2025,0.08746768127660869
India,large_city,51+,2030,0.08848174321302482
India,large_city,51+,2035,0.08892894203799039
India,large_city,51+,2040,0.08907537872383696
India,large_city,51+,2045,0.08893442461488689
India,large_city,51+,2050,0.08852425549205223
India,large_city,51+,2055,0.0878612059779725
India,large_city,51+,2060,0.08697268602419464
India,large_city,51+,2065,0.08590983856767931
India,large_city,51+,2070,0.08470425442955805
India,large_city,51+,2075,0.08338227824040845
India,large_city,51+,2080,0.0819954255492713
India,large_city,51+,2085,0.08056876639969257
India,large_city,51+,2090,0.07913660941751945
India,large_city,51+,2095,0.07768748150717797
India,large_city,51+,2100,0.07621608721600995
India,city,No_travel,2011,0.0
India,city,No_travel,2012,0.0
India,city,No_travel,2013,0.0
India,city,No_travel,2014,0.0
India,city,No_travel,2015,0.0
India,city,No_travel,2016,0.0
India,city,No_travel,2017,0.0
India,city,No_travel,2018,0.0
India,city,No_travel,2019,0.0
India,city,No_travel,2020,0.0
India,city,No_travel,2025,0.0
India,city,No_travel,2030,0.0
India,city,No_travel,2035,0.0
India,city,No_travel,2040,0.0
India,city,No_travel,2045,0.0
India,city,No_travel,2050,0.0
India,city,No_travel,2055,0.0
India,city,No_travel,2060,0.0
India,city,No_travel,2065,0.0
India,city,No_travel,2070,0.0
India,city,No_travel,2075,0.0
India,city,No_travel,2080,0.0
India,city,No_travel,2085,0.0
India,city,No_travel,2090,0.0
India,city,No_travel,2095,0.0
India,city,No_travel,2100,0.0
India,city,00_01,2011,0.14143918779263
India,city,00_01,2012,0.14218202448521494
India,city,00_01,2013,0.14306526166203182
India,city,00_01,2014,0.14408657914134257
India,city,00_01,2015,0.14515284274942913
India,city,00_01,2016,0.1461928893995682
India,city,00_01,2017,0.14697828919922262
India,city,00_01,2018,0.1476851672972734
India,city,00_01,2019,0.1480473625978391
India,city,00_01,2020,0.14711505620851265
India,city,00_01,2025,0.15026201436043546
India,city,00_01,2030,0.1520040862551992
India,city,00_01,2035,0.15277233568491075
India,city,00_01,2040,0.15302390141833846
India,city,00_01,2045,0.15278175428428745
India,city,00_01,2050,0.15207711872374619
India,city,00_01,2055,0.15093805622486442
India,city,00_01,2060,0.14941165474599263
India,city,00_01,2065,0.14758577348970547
India,city,00_01,2070,0.14551468279161997
India,city,00_01,2075,0.14324364047954632
India,city,00_01,2080,0.14086114587182444
India,city,00_01,2085,0.1384102671644821
India,city,00_01,2090,0.13594994364977556
India,city,00_01,2095,0.13346046552830546
India,city,00_01,2100,0.1309327356641724
India,city,02_05,2011,0.288371801420151
India,city,02_05,2012,0.28988632620316784
India,city,02_05,2013,0.29168710503776746
India,city,02_05,2014,0.2937694074457997
India,city,02_05,2015,0.2959433477960758
India,city,02_05,2016,0.29806383597719666
India,city,02_05,2017,0.29966514010369816
India,city,02_05,2018,0.3011063510841955
India,city,02_05,2019,0.3018448091658636
India,city,02_05,2020,0.29994398608308576
India,city,02_05,2025,0.3063601286347124
India,city,02_05,2030,0.30991193360712904
India,city,02_05,2035,0.31147827088213326
India,city,02_05,2040,0.3119911730336254
India,city,02_05,2045,0.31149747389447735
India,city,02_05,2050,0.3100608350880109
India,city,02_05,2055,0.3077384694843972
India,city,02_05,2060,0.30462638187259616
India,city,02_05,2065,0.30090370306432423
India,city,02_05,2070,0.2966810815629404
India,city,02_05,2075,0.2920507908149883
India,city,02_05,2080,0.28719326672548445
India,city,02_05,2085,0.28219631843322746
India,city,02_05,2090,0.27718011369474654
India,city,02_05,2095,0.27210446739269817
India,city,02_05,2100,0.2669508319271703
India,city,06_10,2011,0.300942920069744
India,city,06_10,2012,0.30252346819710757
India,city,06_10,2013,0.30440274917470433
India,city,06_10,2014,0.3065758263065716
India,city,06_10,2015,0.30884453619376445
India,city,06_10,2016,0.3110574637479053
India,city,06_10,2017,0.3127285742288049
India,city,06_10,2018,0.3142326125528417
India,city,06_10,2019,0.31500326256214173
India,city,06_10,2020,0.3130195760634965
India,city,06_10,2025,0.3197154203366229
India,city,06_10,2030,0.3234220607038617
India,city,06_10,2035,0.3250566800079423
India,city,06_10,2040,0.3255919413282931
India,city,06_10,2045,0.32507672014564126
India,city,06_10,2050,0.3235774533124269
India,city,06_10,2055,0.32115384780460965
India,city,06_10,2060,0.31790609359009914
India,city,06_10,2065,0.31402113040879687
India,city,06_10,2070,0.30961443031288743
India,city,06_10,2075,0.30478228926581474
India,city,06_10,2080,0.2997130089942859
India,city,06_10,2085,0.2944982265394704
India,city,06_10,2090,0.28926334818370947
India,city,06_10,2095,0.28396643700218194
India,city,06_10,2100,0.27858813684130296
India,city,11_20,2011,0.352477571210292
India,city,11_20,2012,0.3543287786252562
India,city,11_20,2013,0.35652987508052914
India,city,11_20,2014,0.3590750785008844
India,city,11_20,2015,0.36173229120631434
India,city,11_20,2016,0.3643241691922365
India,city,11_20,2017,0.36628144721490946
India,city,11_20,2018,0.3680430429864293
India,city,11_20,2019,0.3689456621391521
India,city,11_20,2020,0.36662228135012054
India,city,11_20,2025,0.3744647483735912
India,city,11_20,2030,0.37880612843892575
India,city,11_20,2035,0.3807206663919111
India,city,11_20,2040,0.38134758796931967
India,city,11_20,2045,0.38074413828173403
India,city,11_20,2050,0.3789881310899214
India,city,11_20,2055,0.3761494978276093
India,city,11_20,2060,0.37234558538749163
India,city,11_20,2065,0.3677953458069443
India,city,11_20,2070,0.36263402502724845
India,city,11_20,2075,0.3569744091119678
India,city,11_20,2080,0.35103704531727
India,city,11_20,2085,0.34492926297224114
India,city,11_20,2090,0.33879794342502495
India,city,11_20,2095,0.3325939683065913
India,city,11_20,2100,0.3262946668393656
India,city,21_30,2011,0.15857884585093
India,city,21_30,2012,0.1594116997947645
India,city,21_30,2013,0.1604019680103711
India,city,21_30,2014,0.16154704915544904
India,city,21_30,2015,0.16274252301939063
India,city,21_30,2016,0.16390860294380302
India,city,21_30,2017,0.16478917780925934
India,city,21_30,2018,0.16558171568151117
India,city,21_30,2019,0.16598780195528523
India,city,21_30,2020,0.16494251830012455
India,city,21_30,2025,0.16847082611538688
India,city,21_30,2030,0.17042400298788143
India,city,21_30,2035,0.17128534919461946
India,city,21_30,2040,0.1715673997655058
India,city,21_30,2045,0.17129590914368312
India,city,21_30,2050,0.1705058855605444
India,city,21_30,2055,0.16922879100673818
India,city,21_30,2060,0.16751741957847793
India,city,21_30,2065,0.16547027729208855
India,city,21_30,2070,0.1631482109844361
India,city,21_30,2075,0.1606019628452338
India,city,21_30,2080,0.15793075657605946
India,city,21_30,2085,0.1551828793943777
India,city,21_30,2090,0.1524244128797503
India,city,21_30,2095,0.14963325879130437
India,city,21_30,2100,0.14679921759852801
India,city,31_50,2011,0.235491949480815
India,city,31_50,2012,0.2367287499999129
India,city,31_50,2013,0.23819931305862818
India,city,31_50,2014,0.23989977562487497
India,city,31_50,2015,0.2416750721296661
India,city,31_50,2016,0.24340671819618154
India,city,31_50,2017,0.2447143849951003
India,city,31_50,2018,0.24589131554704416
India,city,31_50,2019,0.24649435971573708
India,city,31_50,2020,0.2449420979093571
India,city,31_50,2025,0.25018168759943205
India,city,31_50,2030,0.25308218436441016
India,city,31_50,2035,0.2543612963185564
India,city,31_50,2040,0.2547801456198853
India,city,31_50,2045,0.25437697800029696
India,city,31_50,2050,0.25320378120515796
India,city,31_50,2055,0.25130727675947756
India,city,31_50,2060,0.24876586468295367
India,city,31_50,2065,0.24572582787792085
India,city,31_50,2070,0.24227752480396084
India,city,31_50,2075,0.2384963083690379
India,city,31_50,2080,0.23452952724878326
India,city,31_50,2085,0.2304488886807842
India,city,31_50,2090,0.22635252479554188
India,city,31_50,2095,0.2222076193760173
India,city,31_50,2100,0.21799902596739068
India,city,51+,2011,0.100050611660432
India,city,51+,2012,0.10057607611350777
India,city,51+,2013,0.1012008564248266
India,city,51+,2014,0.10192331135474564
India,city,51+,2015,0.10267756007354291
India,city,51+,2016,0.10341326355944218
India,city,51+,2017,0.10396883611030137
India,city,51+,2018,0.1044688643357394
India,city,51+,2019,0.1047250724059898
India,city,51+,2020,0.1040655817375069
India,city,51+,2025,0.106291662733046
India,city,51+,2030,0.10752396165491976
India,city,51+,2035,0.108067402454814
India,city,51+,2040,0.10824535388323389
India,city,51+,2045,0.10807406494095614
India,city,51+,2050,0.10757562303153845
India,city,51+,2055,0.10676987816329396
India,city,51+,2060,0.10569013920279868
India,city,51+,2065,0.10439855559459327
India,city,51+,2070,0.10293351684273414
India,city,51+,2075,0.10132703722434983
India,city,51+,2080,0.09964171898617002
India,city,51+,2085,0.09790802751351646
India,city,51+,2090,0.09616765501583333
India,city,51+,2095,0.09440665926454603
India,city,51+,2100,0.09261860516889017
India,town,No_travel,2011,0.0
India,town,No_travel,2012,0.0
India,town,No_travel,2013,0.0
India,town,No_travel,2014,0.0
India,town,No_travel,2015,0.0
India,town,No_travel,2016,0.0
India,town,No_travel,2017,0.0
India,town,No_travel,2018,0.0
India,town,No_travel,2019,0.0
India,town,No_travel,2020,0.0
India,town,No_travel,2025,0.0
India,town,No_travel,2030,0.0
India,town,No_travel,2035,0.0
India,town,No_travel,2040,0.0
India,town,No_travel,2045,0.0
India,town,No_travel,2050,0.0
India,town,No_travel,2055,0.0
India,town,No_travel,2060,0.0
India,town,No_travel,2065,0.0
India,town,No_travel,2070,0.0
India,town,No_travel,2075,0.0
India,town,No_travel,2080,0.0
India,town,No_travel,2085,0.0
India,town,No_travel,2090,0.0
India,town,No_travel,2095,0.0
India,town,No_travel,2100,0.0
India,town,00_01,2011,0.136283799718559
India,town,00_01,2012,0.136999560383024
India,town,00_01,2013,0.13785060400387522
India,town,00_01,2014,0.1388346949688454
India,town,00_01,2015,0.13986209379854392
India,town,00_01,2016,0.14086423126537756
India,town,00_01,2017,0.14162100363282093
India,town,00_01,2018,0.1423021163756446
India,town,00_01,2019,0.14265110983758156
India,town,00_01,2020,0.14175278555262041
India,town,00_01,2025,0.14478503864451553
India,town,00_01,2030,0.1464636128848413
India,town,00_01,2035,0.1472038600047994
India,town,00_01,2040,0.14744625629231756
India,town,00_01,2045,0.1472129353009116
India,town,00_01,2050,0.14653398335622017
India,town,00_01,2055,0.14543643911910167
India,town,00_01,2060,0.1439656742152359
India,town,00_01,2065,0.14220634542294575
India,town,00_01,2070,0.14021074495109717
India,town,00_01,2075,0.13802248100217798
India,town,00_01,2080,0.13572682713837494
India,town,00_01,2085,0.1333652817413833
India,town,00_01,2090,0.13099463579556006
India,town,00_01,2095,0.12859589791389467
India,town,00_01,2100,0.12616030254656835
India,town,02_05,2011,0.261285967590787
India,town,02_05,2012,0.262658237942541
India,town,02_05,2013,0.2642898754254648
India,town,02_05,2014,0.2661765938799736
India,town,02_05,2015,0.268146343020178
India,town,02_05,2016,0.27006766058118925
India,town,02_05,2017,0.27151855937240105
India,town,02_05,2018,0.2728244020508017
India,town,02_05,2019,0.27349349914505183
India,town,02_05,2020,0.2717712142477192
India,town,02_05,2025,0.27758470920993866
India,town,02_05,2030,0.28080290458944984
India,town,02_05,2035,0.2822221208528206
India,town,02_05,2040,0.2826868477584058
India,town,02_05,2045,0.2822395201881102
India,town,02_05,2050,0.28093782023417074
India,town,02_05,2055,0.2788335869462714
India,town,02_05,2060,0.2760138076929872
India,town,02_05,2065,0.27264078810626324
India,town,02_05,2070,0.26881478383217944
India,town,02_05,2075,0.26461940136986084
India,town,02_05,2080,0.26021812886134543
India,town,02_05,2085,0.25569052781605034
India,town,02_05,2090,0.2511454790204579
India,town,02_05,2095,0.2465465718157723
India,town,02_05,2100,0.24187700071835863
India,town,06_10,2011,0.234847781523163
India,town,06_10,2012,0.23608119888089946
India,town,06_10,2013,0.2375477393409475
India,town,06_10,2014,0.23924355043821297
India,town,06_10,2015,0.24101399077222524
India,town,06_10,2016,0.2427409000699785
India,town,06_10,2017,0.24404498985892725
India,town,06_10,2018,0.2452187010186515
India,town,06_10,2019,0.24582009561192844
India,town,06_10,2020,0.24427207988410768
India,town,06_10,2025,0.2494973371275872
India,town,06_10,2030,0.2523898998333272
India,town,06_10,2035,0.2536655128868235
India,town,06_10,2040,0.2540832164619414
India,town,06_10,2045,0.2536811516726734
India,town,06_10,2050,0.25251116405638374
India,town,06_10,2055,0.25061984733537135
India,town,06_10,2060,0.2480853870728288
India,town,06_10,2065,0.24505366602680262
India,town,06_10,2070,0.24161479548908604
India,town,06_10,2075,0.23784392224624967
India,town,06_10,2080,0.2338879919143057
India,town,06_10,2085,0.22981851558186528
India,town,06_10,2090,0.22573335694743335
India,town,06_10,2095,0.2215997895599079
India,town,06_10,2100,0.21740270839629264
India,town,11_20,2011,0.286274279539271
India,town,11_20,2012,0.28777778816586796
India,town,11_20,2013,0.28956546872598443
India,town,11_20,2014,0.29163262514941646
India,town,11_20,2015,0.29379075297076296
India,town,11_20,2016,0.29589581741649723
India,town,11_20,2017,0.2974854741821031
India,town,11_20,2018,0.29891620226672894
India,town,11_20,2019,0.299649289046568
India,town,11_20,2020,0.29776229192731424
India,town,11_20,2025,0.3041317655628867
India,town,11_20,2030,0.30765773587113165
India,town,11_20,2035,0.30921268012264685
India,town,11_20,2040,0.3097218515921506
India,town,11_20,2045,0.30923174345857884
India,town,11_20,2050,0.3078055542914899
India,town,11_20,2055,0.30550008081340646
India,town,11_20,2060,0.3024106295059487
India,town,11_20,2065,0.29871502824207397
India,town,11_20,2070,0.29452312070422676
India,town,11_20,2075,0.2899265091721718
India,town,11_20,2080,0.2851043171193458
India,town,11_20,2085,0.28014371498967827
India,town,11_20,2090,0.2751639964788594
India,town,11_20,2095,0.27012526876290627
India,town,11_20,2100,0.26500911915106373
India,town,21_30,2011,0.142215623076087
India,town,21_30,2012,0.14296253759623143
India,town,21_30,2013,0.1438506233338923
India,town,21_30,2014,0.14487754737061423
India,town,21_30,2015,0.1459496642694309
India,town,21_30,2016,0.14699542029140827
India,town,21_30,2017,0.14778513157026152
India,town,21_30,2018,0.148495890099931
India,town,21_30,2019,0.14886007368404985
India,town,21_30,2020,0.14792264936675054
India,town,21_30,2025,0.15108688285362717
India,town,21_30,2030,0.1528385179119421
India,town,21_30,2035,0.15361098467330717
India,town,21_30,2040,0.1538639313854763
India,town,21_30,2045,0.15362045497640894
India,town,21_30,2050,0.15291195129473573
India,town,21_30,2055,0.15176663587311032
India,town,21_30,2060,0.15023185516084914
India,town,21_30,2065,0.1483959506666397
India,town,21_30,2070,0.14631349064497187
India,town,21_30,2075,0.14402998136805745
India,town,21_30,2080,0.14163440797428659
India,town,21_30,2085,0.13917007508402965
India,town,21_30,2090,0.1366962455388138
India,town,21_30,2095,0.13419310134161838
India,town,21_30,2100,0.13165149541750373
India,town,31_50,2011,0.175007801582025
India,town,31_50,2012,0.17592694017814275
India,town,31_50,2013,0.17701980135051362
India,town,31_50,2014,0.17828351425470196
India,town,31_50,2015,0.1796028406229482
India,town,31_50,2016,0.18088972780481222
India,town,31_50,2017,0.181861531266396
India,town,31_50,2018,0.1827361769982969
India,town,31_50,2019,0.18318433428967132
India,town,31_50,2020,0.18203075801322866
India,town,31_50,2025,0.1859246026855136
India,town,31_50,2030,0.18808013098893844
India,town,31_50,2035,0.18903071368004937
India,town,31_50,2040,0.18934198502321561
India,town,31_50,2045,0.18904236765230858
India,town,31_50,2050,0.1881704966928426
India,town,31_50,2055,0.1867610936348578
India,town,31_50,2060,0.1848724221052916
India,town,31_50,2065,0.1826131934601078
India,town,31_50,2070,0.1800505583403393
India,town,31_50,2075,0.17724051588648634
India,town,31_50,2080,0.17429256949280547
India,town,31_50,2085,0.17126000898952373
India,town,31_50,2090,0.1682157620858959
India,town,31_50,2095,0.16513544113719392
India,town,31_50,2100,0.16200778992949796
India,town,51+,2011,0.0762610743674654
India,town,51+,2012,0.07666159649390153
India,town,51+,2013,0.07713781964730436
India,town,51+,2014,0.07768849283383808
India,town,51+,2015,0.07826340004011269
India,town,51+,2016,0.07882417160681722
India,town,51+,2017,0.0792476428771518
India,town,51+,2018,0.07962877687576625
India,town,51+,2019,0.07982406506416058
India,town,51+,2020,0.07932138480984571
India,town,51+,2025,0.08101815932757658
India,town,51+,2030,0.08195744833505327
India,town,51+,2035,0.08237167248188514
India,town,51+,2040,0.08250731150388918
India,town,51+,2045,0.08237675079517805
India,town,51+,2050,0.08199682592624297
India,town,51+,2055,0.08138266706905432
India,town,51+,2060,0.08055966307340413
India,town,51+,2065,0.0795751857977284
India,town,51+,2070,0.07845849668056498
India,town,51+,2075,0.0772339978033045
India,town,51+,2080,0.07594940616151744
India,town,51+,2085,0.07462794323258501
India,town,51+,2090,0.0733013878595568
India,town,51+,2095,0.07195911292769028
India,town,51+,2100,0.07059621345012726
India,rural,No_travel,2011,0.0
India,rural,No_travel,2012,0.0
India,rural,No_travel,2013,0.0
India,rural,No_travel,2014,0.0
India,rural,No_travel,2015,0.0
India,rural,No_travel,2016,0.0
India,rural,No_travel,2017,0.0
India,rural,No_travel,2018,0.0
India,rural,No_travel,2019,0.0
India,rural,No_travel,2020,0.0
India,rural,No_travel,2025,0.0
India,rural,No_travel,2030,0.0
India,rural,No_travel,2035,0.0
India,rural,No_travel,2040,0.0
India,rural,No_travel,2045,0.0
India,rural,No_travel,2050,0.0
India,rural,No_travel,2055,0.0
India,rural,No_travel,2060,0.0
India,rural,No_travel,2065,0.0
India,rural,No_travel,2070,0.0
India,rural,No_travel,2075,0.0
India,rural,No_travel,2080,0.0
India,rural,No_travel,2085,0.0
India,rural,No_travel,2090,0.0
India,rural,No_travel,2095,0.0
India,rural,No_travel,2100,0.0
India,rural,00_01,2011,0.0478840154180537
India,rural,00_01,2012,0.04813550161644013
India,rural,00_01,2013,0.0484345201787816
India,rural,00_01,2014,0.04878028561118598
India,rural,00_01,2015,0.049141267485065115
India,rural,00_01,2016,0.049493373648908275
India,rural,00_01,2017,0.04975926952050453
India,rural,00_01,2018,0.04999858199305192
India,rural,00_01,2019,0.05012120264456515
India,rural,00_01,2020,0.049805571777210976
India,rural,00_01,2025,0.05087096952884098
India,rural,00_01,2030,0.051460745239307625
India,rural,00_01,2035,0.051720834880031194
India,rural,00_01,2040,0.05180600206492601
India,rural,00_01,2045,0.051724023532092975
India,rural,00_01,2050,0.051485470267105794
India,rural,00_01,2055,0.05109984244281039
India,rural,00_01,2060,0.050583081613728154
India,rural,00_01,2065,0.04996493237523157
India,rural,00_01,2070,0.04926376786441217
India,rural,00_01,2075,0.0484949100479644
India,rural,00_01,2080,0.04768832023145013
India,rural,00_01,2085,0.04685857908515464
India,rural,00_01,2090,0.04602564041412427
India,rural,00_01,2095,0.045182831496653995
India,rural,00_01,2100,0.04432707251163861
India,rural,02_05,2011,0.123784799035439
India,rural,02_05,2012,0.12443491511813733
India,rural,02_05,2013,0.12520790694691677
India,rural,02_05,2014,0.12610174394429274
India,rural,02_05,2015,0.1270349169107503
India,rural,02_05,2016,0.12794514531056056
India,rural,02_05,2017,0.12863251178854992
India,rural,02_05,2018,0.1292511576156036
India,rural,02_05,2019,0.12956814382848994
India,rural,02_05,2020,0.1287522075887299
India,rural,02_05,2025,0.1315063635513605
India,rural,02_05,2030,0.13303099065622465
India,rural,02_05,2035,0.1337033474673042
India,rural,02_05,2040,0.13392351285599557
India,rural,02_05,2045,0.13371159044048045
India,rural,02_05,2050,0.1330949072382076
India,rural,02_05,2055,0.13209802211242758
India,rural,02_05,2060,0.13076214551939622
India,rural,02_05,2065,0.12916417010749373
India,rural,02_05,2070,0.1273515922084849
India,rural,02_05,2075,0.12536402058432386
India,rural,02_05,2080,0.12327890810013552
India,rural,02_05,2085,0.12113394719514638
India,rural,02_05,2090,0.11898072038026515
India,rural,02_05,2095,0.11680197802619349
India,rural,02_05,2100,0.11458975849827642
India,rural,06_10,2011,0.148707724813786
India,rural,06_10,2012,0.14948873576405008
India,rural,06_10,2013,0.15041736235675904
India,rural,06_10,2014,0.15149116517640987
India,rural,06_10,2015,0.15261222389913645
India,rural,06_10,2016,0.15370571837868013
India,rural,06_10,2017,0.15453147974721293
India,rural,06_10,2018,0.15527468419657633
India,rural,06_10,2019,0.15565549265515105
India,rural,06_10,2020,0.15467527519102534
India,rural,06_10,2025,0.15798395501420673
India,rural,06_10,2030,0.15981555170233375
India,rural,06_10,2035,0.16062328134618173
India,rural,06_10,2040,0.16088777500202767
India,rural,06_10,2045,0.16063318396585952
India,rural,06_10,2050,0.15989233729764613
India,rural,06_10,2055,0.1586947385608819
India,rural,06_10,2060,0.1570898955564932
India,rural,06_10,2065,0.15517018255728754
India,rural,06_10,2070,0.1529926588426658
India,rural,06_10,2075,0.15060490803290108
India,rural,06_10,2080,0.14809997741201203
India,rural,06_10,2085,0.14552314844366568
India,rural,06_10,2090,0.14293638930082977
India,rural,06_10,2095,0.14031897730069665
India,rural,06_10,2100,0.13766134780702197
India,rural,11_20,2011,0.227309082564942
India,rural,11_20,2012,0.22850290677817647
India,rural,11_20,2013,0.22992237075759248
India,rural,11_20,2014,0.23156374570362254
India,rural,11_20,2015,0.23327735426083435
India,rural,11_20,2016,0.23494882914383827
India,rural,11_20,2017,0.23621105717761262
India,rural,11_20,2018,0.23734709178344449
India,rural,11_20,2019,0.2379291813921718
India,rural,11_20,2020,0.2364308575306269
India,rural,11_20,2025,0.24148838212156712
India,rural,11_20,2030,0.24428809251541841
India,rural,11_20,2035,0.24552275792727588
India,rural,11_20,2040,0.24592705306614554
India,rural,11_20,2045,0.24553789470242837
India,rural,11_20,2050,0.24440546411293643
India,rural,11_20,2055,0.24257485934458498
India,rural,11_20,2060,0.24012175617563283
India,rural,11_20,2065,0.23718735447468653
India,rural,11_20,2070,0.23385887292839241
India,rural,11_20,2075,0.23020904608421897
India,rural,11_20,2080,0.2263801025506122
India,rural,11_20,2085,0.2224412578843042
India,rural,11_20,2090,0.21848723432358605
India,rural,11_20,2095,0.2144863559483049
India,rural,11_20,2100,0.2104240026121807
India,rural,21_30,2011,0.153212938930544
India,rural,21_30,2012,0.15401761120413798
India,rural,21_30,2013,0.154974371248824
India,rural,21_30,2014,0.15608070574514304
India,rural,21_30,2015,0.15723572779821893
India,rural,21_30,2016,0.15836235052830913
India,rural,21_30,2017,0.15921312896827683
India,rural,21_30,2018,0.15997884936414608
India,rural,21_30,2019,0.16037119470586186
India,rural,21_30,2020,0.15936128080490072
India,rural,21_30,2025,0.16277019961073008
India,rural,21_30,2030,0.16465728591962756
India,rural,21_30,2035,0.1654894863500372
India,rural,21_30,2040,0.16576199304322603
India,rural,21_30,2045,0.16549968897714246
India,rural,21_30,2050,0.16473639779320423
India,rural,21_30,2055,0.16350251688789874
India,rural,21_30,2060,0.16184905393879898
India,rural,21_30,2065,0.15987118176786924
India,rural,21_30,2070,0.15762768830896573
India,rural,21_30,2075,0.1551675987644855
India,rural,21_30,2080,0.15258677935699266
India,rural,21_30,2085,0.1499318833866852
India,rural,21_30,2090,0.14726675639966672
India,rural,21_30,2095,0.14457004790362432
India,rural,21_30,2100,0.14183190349435257
India,rural,31_50,2011,0.152668305095647
India,rural,31_50,2012,0.15347011695973992
India,rural,31_50,2013,0.15442347596078138
India,rural,31_50,2014,0.15552587771353701
India,rural,31_50,2015,0.15667679395091255
India,rural,31_50,2016,0.1577994118178218
India,rural,31_50,2017,0.15864716595235132
India,rural,31_50,2018,0.15941016440294248
India,rural,31_50,2019,0.15980111505469569
India,rural,31_50,2020,0.15879479114609835
India,rural,31_50,2025,0.16219159209468256
India,rural,31_50,2030,0.16407197028179626
India,rural,31_50,2035,0.16490121244696423
India,rural,31_50,2040,0.16517275044673602
India,rural,31_50,2045,0.16491137880627144
India,rural,31_50,2050,0.16415080093236792
India,rural,31_50,2055,0.16292130616633993
India,rural,31_50,2060,0.16127372086617187
India,rural,31_50,2065,0.15930287953815206
India,rural,31_50,2070,0.157067361139675
India,rural,31_50,2075,0.15461601660075472
India,rural,31_50,2080,0.15204437136341287
India,rural,31_50,2085,0.14939891288698584
India,rural,31_50,2090,0.1467432597625638
India,rural,31_50,2095,0.14405613739351597
India,rural,31_50,2100,0.14132772640558927
India,rural,51+,2011,0.0512532102732799
India,rural,51+,2012,0.0515223914372695
India,rural,51+,2013,0.05184244941731774
India,rural,51+,2014,0.05221254345094325
India,rural,51+,2015,0.0525989245788675
India,rural,51+,2016,0.05297580548779744
India,rural,51+,2017,0.05326041021233317
India,rural,51+,2018,0.05351656108793132
India,rural,51+,2019,0.053647809521902144
India,rural,51+,2020,0.05330997036885689
India,rural,51+,2025,0.054450331186809184
India,rural,51+,2030,0.05508160444655388
India,rural,51+,2035,0.0553599944046542
India,rural,51+,2040,0.05545115408701767
India,rural,51+,2045,0.055363407415304704
India,rural,51+,2050,0.05510806916630824
India,rural,51+,2055,0.05469530796002085
India,rural,51+,2060,0.05414218702388565
India,rural,51+,2065,0.05348054382992352
India,rural,51+,2070,0.05273004427813281
India,rural,51+,2075,0.051907088412952905
India,rural,51+,2080,0.05104374566466481
India,rural,51+,2085,0.050155622622514065
India,rural,51+,2090,0.04926407707274444
India,rural,51+,2095,0.04836196679042645
India,rural,51+,2100,0.04744599525338394
Maldives,large_city,No_travel,2011,0.0
Maldives,large_city,No_travel,2012,0.0
Maldives,large_city,No_travel,2013,0.0
Maldives,large_city,No_travel,2014,0.0
Maldives,large_city,No_travel,2015,0.0
Maldives,large_city,No_travel,2016,0.0
Maldives,large_city,No_travel,2017,0.0
Maldives,large_city,No_travel,2018,0.0
Maldives,large_city,No_travel,2019,0.0
Maldives,large_city,No_travel,2020,0.0
Maldives,large_city,No_travel,2025,0.0
Maldives,large_city,No_travel,2030,0.0
Maldives,large_city,No_travel,2035,0.0
Maldives,large_city,No_travel,2040,0.0
Maldives,large_city,No_travel,2045,0.0
Maldives,large_city,No_travel,2050,0.0
Maldives,large_city,No_travel,2055,0.0
Maldives,large_city,No_travel,2060,0.0
Maldives,large_city,No_travel,2065,0.0
Maldives,large_city,No_travel,2070,0.0
Maldives,large_city,No_travel,2075,0.0
Maldives,large_city,No_travel,2080,0.0
Maldives,large_city,No_travel,2085,0.0
Maldives,large_city,No_travel,2090,0.0
Maldives,large_city,No_travel,2095,0.0
Maldives,large_city,No_travel,2100,0.0
Maldives,large_city,00_01,2011,0.0918299625000023
Maldives,large_city,00_01,2012,0.09188189743678858
Maldives,large_city,00_01,2013,0.09179488358021771
Maldives,large_city,00_01,2014,0.0917468018245199
Maldives,large_city,00_01,2015,0.09178668921294802
Maldives,large_city,00_01,2016,0.09169759130495331
Maldives,large_city,00_01,2017,0.09163137481621464
Maldives,large_city,00_01,2018,0.0915304123139983
Maldives,large_city,00_01,2019,0.09138082593592789
Maldives,large_city,00_01,2020,0.09208391346226537
Maldives,large_city,00_01,2025,0.09086977062065692
Maldives,large_city,00_01,2030,0.08976901893397506
Maldives,large_city,00_01,2035,0.08859137932341128
Maldives,large_city,00_01,2040,0.08747385216199455
Maldives,large_city,00_01,2045,0.08649904190524942
Maldives,large_city,00_01,2050,0.0856552336803165
Maldives,large_city,00_01,2055,0.08488621797496854
Maldives,large_city,00_01,2060,0.08416012639279963
Maldives,large_city,00_01,2065,0.08348588000718773
Maldives,large_city,00_01,2070,0.08291135774020082
Maldives,large_city,00_01,2075,0.08242591115001731
Maldives,large_city,00_01,2080,0.08197633528993534
Maldives,large_city,00_01,2085,0.08142532974892405
Maldives,large_city,00_01,2090,0.08079075377497144
Maldives,large_city,00_01,2095,0.08021483493691282
Maldives,large_city,00_01,2100,0.07977281420111228
Maldives,large_city,02_05,2011,0.218099182353909
Maldives,large_city,02_05,2012,0.21822252953755494
Maldives,large_city,02_05,2013,0.21801586876524365
Maldives,large_city,02_05,2014,0.2179016730134613
Maldives,large_city,02_05,2015,0.21799640687336466
Maldives,large_city,02_05,2016,0.21778479641035167
Maldives,large_city,02_05,2017,0.21762753007092298
Maldives,large_city,02_05,2018,0.21738774080626128
Maldives,large_city,02_05,2019,0.21703246823660907
Maldives,large_city,02_05,2020,0.21870232424485292
Maldives,large_city,02_05,2025,0.2158186950479484
Maldives,large_city,02_05,2030,0.2132043735748236
Maldives,large_city,02_05,2035,0.21040744075269022
Maldives,large_city,02_05,2040,0.2077532769751185
Maldives,large_city,02_05,2045,0.2054380705418554
Maldives,large_city,02_05,2050,0.20343399824441358
Maldives,large_city,02_05,2055,0.20160756064183155
Maldives,large_city,02_05,2060,0.19988306924410182
Maldives,large_city,02_05,2065,0.1982817118940209
Maldives,large_city,02_05,2070,0.19691720260682657
Maldives,large_city,02_05,2075,0.19576425098283445
Maldives,large_city,02_05,2080,0.19469649352306273
Maldives,large_city,02_05,2085,0.19338783723381472
Maldives,large_city,02_05,2090,0.19188069841667219
Maldives,large_city,02_05,2095,0.19051287222723215
Maldives,large_city,02_05,2100,0.18946305843620975
Maldives,large_city,06_10,2011,0.227649910037638
Maldives,large_city,06_10,2012,0.22777865868748312
Maldives,large_city,06_10,2013,0.22756294808409064
Maldives,large_city,06_10,2014,0.22744375161421232
Maldives,large_city,06_10,2015,0.2275426339412883
Maldives,large_city,06_10,2016,0.22732175689650524
Maldives,large_city,06_10,2017,0.2271576037454641
Maldives,large_city,06_10,2018,0.22690731392805594
Maldives,large_city,06_10,2019,0.22653648370463525
Maldives,large_city,06_10,2020,0.22827946396687057
Maldives,large_city,06_10,2025,0.22526955847262625
Maldives,large_city,06_10,2030,0.2225407538904955
Maldives,large_city,06_10,2035,0.2196213412706592
Maldives,large_city,06_10,2040,0.216850949659521
Maldives,large_city,06_10,2045,0.21443435859043736
Maldives,large_city,06_10,2050,0.21234252645563717
Maldives,large_city,06_10,2055,0.21043610777295518
Maldives,large_city,06_10,2060,0.2086360995963229
Maldives,large_city,06_10,2065,0.20696461760015256
Maldives,large_city,06_10,2070,0.2055403554221713
Maldives,large_city,06_10,2075,0.20433691517701874
Maldives,large_city,06_10,2080,0.20322239981279053
Maldives,large_city,06_10,2085,0.2018564364776595
Maldives,large_city,06_10,2090,0.20028329891504365
Maldives,large_city,06_10,2095,0.19885557458516576
Maldives,large_city,06_10,2100,0.19775978865647434
Maldives,large_city,11_20,2011,0.24573634096712
Maldives,large_city,11_20,2012,0.24587531849674946
Maldives,large_city,11_20,2013,0.2456424700217524
Maldives,large_city,11_20,2014,0.24551380357791655
Maldives,large_city,11_20,2015,0.24562054195193103
Maldives,large_city,11_20,2016,0.24538211656981848
Maldives,large_city,11_20,2017,0.24520492170649344
Maldives,large_city,11_20,2018,0.24493474675276278
Maldives,large_city,11_20,2019,0.24453445464542853
Maldives,large_city,11_20,2020,0.2464159119758918
Maldives,large_city,11_20,2025,0.24316687417618374
Maldives,large_city,11_20,2030,0.24022127031841695
Maldives,large_city,11_20,2035,0.2370699149111023
Maldives,large_city,11_20,2040,0.23407941999961937
Maldives,large_city,11_20,2045,0.2314708345324331
Maldives,large_city,11_20,2050,0.22921280959124932
Maldives,large_city,11_20,2055,0.22715492891228847
Maldives,large_city,11_20,2060,0.22521191288841486
Maldives,large_city,11_20,2065,0.2234076342499414
Maldives,large_city,11_20,2070,0.2218702166593212
Maldives,large_city,11_20,2075,0.22057116496030021
Maldives,large_city,11_20,2080,0.21936810308554788
Maldives,large_city,11_20,2085,0.2178936160900782
Maldives,large_city,11_20,2090,0.21619549519729492
Maldives,large_city,11_20,2095,0.21465434039220002
Maldives,large_city,11_20,2100,0.21347149597747844
Maldives,large_city,21_30,2011,0.151410352965953
Maldives,large_city,21_30,2012,0.15149598391794294
Maldives,large_city,21_30,2013,0.15135251441868963
Maldives,large_city,21_30,2014,0.15127323663828732
Maldives,large_city,21_30,2015,0.15133900344681447
Maldives,large_city,21_30,2016,0.15119209773836437
Maldives,large_city,21_30,2017,0.15108291919076247
Maldives,large_city,21_30,2018,0.15091645099584297
Maldives,large_city,21_30,2019,0.15066981116624986
Maldives,large_city,21_30,2020,0.1518290703843805
Maldives,large_city,21_30,2025,0.14982717698059067
Maldives,large_city,21_30,2030,0.14801224428464882
Maldives,large_city,21_30,2035,0.1460705378497568
Maldives,large_city,21_30,2040,0.14422794554815213
Maldives,large_city,21_30,2045,0.14262066660530592
Maldives,large_city,21_30,2050,0.14122938539714183
Maldives,large_city,21_30,2055,0.1399614229999766
Maldives,large_city,21_30,2060,0.13876423441632887
Maldives,large_city,21_30,2065,0.13765252881989554
Maldives,large_city,21_30,2070,0.1367052495565365
Maldives,large_city,21_30,2075,0.13590483934657047
Maldives,large_city,21_30,2080,0.13516357323029626
Maldives,large_city,21_30,2085,0.13425506862918946
Maldives,large_city,21_30,2090,0.13320877208736223
Maldives,large_city,21_30,2095,0.13225919014072693
Maldives,large_city,21_30,2100,0.13153038100475642
Maldives,large_city,31_50,2011,0.123613380885738
Maldives,large_city,31_50,2012,0.12368329110836537
Maldives,large_city,31_50,2013,0.12356616074370219
Maldives,large_city,31_50,2014,0.12350143733296653
Maldives,large_city,31_50,2015,0.1235551302105859
Maldives,large_city,31_50,2016,0.12343519448005488
Maldives,large_city,31_50,2017,0.12334605969419053
Maldives,large_city,31_50,2018,0.1232101528953432
Maldives,large_city,31_50,2019,0.12300879293151074
Maldives,large_city,31_50,2020,0.12395522723054647
Maldives,large_city,31_50,2025,0.12232085542592513
Maldives,large_city,31_50,2030,0.12083912077416134
Maldives,large_city,31_50,2035,0.1192538863935337
Maldives,large_city,31_50,2040,0.1177495700800607
Maldives,large_city,31_50,2045,0.11643736665235752
Maldives,large_city,31_50,2050,0.11530150658377533
Maldives,large_city,31_50,2055,0.11426632559595462
Maldives,large_city,31_50,2060,0.11328892526973133
Maldives,large_city,31_50,2065,0.11238131436576877
Maldives,large_city,31_50,2070,0.11160794325809366
Maldives,large_city,31_50,2075,0.11095447795528429
Maldives,large_city,31_50,2080,0.11034929865959042
Maldives,large_city,31_50,2085,0.10960758369034845
Maldives,large_city,31_50,2090,0.10875337358905238
Maldives,large_city,31_50,2095,0.1079781225408097
Maldives,large_city,31_50,2100,0.10738311328580857
Maldives,large_city,51+,2011,0.0823319043773287
Maldives,large_city,51+,2012,0.08237846763547366
Maldives,large_city,51+,2013,0.082300453702726
Maldives,large_city,51+,2014,0.08225734508757868
Maldives,large_city,51+,2015,0.08229310688645695
Maldives,large_city,51+,2016,0.08221322445765557
Maldives,large_city,51+,2017,0.08215385680171175
Maldives,large_city,51+,2018,0.08206333694466432
Maldives,large_city,51+,2019,0.08192922242430344
Maldives,large_city,51+,2020,0.0825595889562217
Maldives,large_city,51+,2025,0.08147102603389966
Maldives,large_city,51+,2030,0.08048412611426753
Maldives,large_city,51+,2035,0.0794282908599747
Maldives,large_city,51+,2040,0.07842635056850579
Maldives,large_city,51+,2045,0.07755236583999872
Maldives,large_city,51+,2050,0.07679583348175041
Maldives,large_city,51+,2055,0.07610635778347416
Maldives,large_city,51+,2060,0.07545536652653759
Maldives,large_city,51+,2065,0.0748508580694318
Maldives,large_city,51+,2070,0.0743357591729446
Maldives,large_city,51+,2075,0.0739005227734602
Maldives,large_city,51+,2080,0.07349744696122056
Maldives,large_city,51+,2085,0.07300343243394773
Maldives,large_city,51+,2090,0.07243449124105969
Maldives,large_city,51+,2095,0.07191814022214095
Maldives,large_city,51+,2100,0.07152183810067678
Maldives,city,No_travel,2011,0.0
Maldives,city,No_travel,2012,0.0
Maldives,city,No_travel,2013,0.0
Maldives,city,No_travel,2014,0.0
Maldives,city,No_travel,2015,0.0
Maldives,city,No_travel,2016,0.0
Maldives,city,No_travel,2017,0.0
Maldives,city,No_travel,2018,0.0
Maldives,city,No_travel,2019,0.0
Maldives,city,No_travel,2020,0.0
Maldives,city,No_travel,2025,0.0
Maldives,city,No_travel,2030,0.0
Maldives,city,No_travel,2035,0.0
Maldives,city,No_travel,2040,0.0
Maldives,city,No_travel,2045,0.0
Maldives,city,No_travel,2050,0.0
Maldives,city,No_travel,2055,0.0
Maldives,city,No_travel,2060,0.0
Maldives,city,No_travel,2065,0.0
Maldives,city,No_travel,2070,0.0
Maldives,city,No_travel,2075,0.0
Maldives,city,No_travel,2080,0.0
Maldives,city,No_travel,2085,0.0
Maldives,city,No_travel,2090,0.0
Maldives,city,No_travel,2095,0.0
Maldives,city,No_travel,2100,0.0
Maldives,city,00_01,2011,0.14143918779263
Maldives,city,00_01,2012,0.14151917949770243
Maldives,city,00_01,2013,0.1413851582167933
Maldives,city,00_01,2014,0.14131110129366714
Maldives,city,00_01,2015,0.1413725370132172
Maldives,city,00_01,2016,0.14123530581549354
Maldives,city,00_01,2017,0.14113331724737582
Maldives,city,00_01,2018,0.1409778118554294
Maldives,city,00_01,2019,0.14074741455107329
Maldives,city,00_01,2020,0.14183033047486343
Maldives,city,00_01,2025,0.13996027224216698
Maldives,city,00_01,2030,0.13826486237498287
Maldives,city,00_01,2035,0.13645102748388657
Maldives,city,00_01,2040,0.13472977954101625
Maldives,city,00_01,2045,0.13322834833912556
Maldives,city,00_01,2050,0.1319286902892026
Maldives,city,00_01,2055,0.13074422986035086
Maldives,city,00_01,2060,0.12962588241852288
Maldives,city,00_01,2065,0.12858738846124765
Maldives,city,00_01,2070,0.12770249250137608
Maldives,city,00_01,2075,0.12695479349809866
Maldives,city,00_01,2080,0.12626234364001268
Maldives,city,00_01,2085,0.12541366882769447
Maldives,city,00_01,2090,0.12443627639601869
Maldives,city,00_01,2095,0.12354922939663125
Maldives,city,00_01,2100,0.1228684161614181
Maldives,city,02_05,2011,0.288371801420151
Maldives,city,02_05,2012,0.288534891667277
Maldives,city,02_05,2013,0.28826164378733965
Maldives,city,02_05,2014,0.2881106536080066
Maldives,city,02_05,2015,0.2882359111790849
Maldives,city,02_05,2016,0.28795611879398836
Maldives,city,02_05,2017,0.28774818047384276
Maldives,city,02_05,2018,0.28743112993992787
Maldives,city,02_05,2019,0.28696138681755556
Maldives,city,02_05,2020,0.28916927856667796
Maldives,city,02_05,2025,0.28535652999438055
Maldives,city,02_05,2030,0.2818998614064487
Maldives,city,02_05,2035,0.27820174320323166
Maldives,city,02_05,2040,0.27469239492626063
Maldives,city,02_05,2045,0.27163121770122994
Maldives,city,02_05,2050,0.2689814235463315
Maldives,city,02_05,2055,0.266566498850358
Maldives,city,02_05,2060,0.2642863679230906
Maldives,city,02_05,2065,0.2621690454334955
Maldives,city,02_05,2070,0.26036488460649965
Maldives,city,02_05,2075,0.25884044635243325
Maldives,city,02_05,2080,0.25742865223733874
Maldives,city,02_05,2085,0.25569834051632606
Maldives,city,02_05,2090,0.2537055942299856
Maldives,city,02_05,2095,0.25189704777868155
Maldives,city,02_05,2100,0.2505089788698234
Maldives,city,06_10,2011,0.300942920069744
Maldives,city,06_10,2012,0.30111311998167467
Maldives,city,06_10,2013,0.30082796028684233
Maldives,city,06_10,2014,0.3006703879262767
Maldives,city,06_10,2015,0.3008011059056891
Maldives,city,06_10,2016,0.30050911640820854
Maldives,city,06_10,2017,0.3002921133415049
Maldives,city,06_10,2018,0.2999612414843534
Maldives,city,06_10,2019,0.2994710206436428
Maldives,city,06_10,2020,0.3017751619879302
Maldives,city,06_10,2025,0.2977962025918026
Maldives,city,06_10,2030,0.2941888459312603
Maldives,city,06_10,2035,0.29032951403626095
Maldives,city,06_10,2040,0.2866671811978478
Maldives,city,06_10,2045,0.28347255672896804
Maldives,city,06_10,2050,0.2807072489331582
Maldives,city,06_10,2055,0.2781870493637976
Maldives,city,06_10,2060,0.2758075196871306
Maldives,city,06_10,2065,0.2735978958278972
Maldives,city,06_10,2070,0.2717150854252236
Maldives,city,06_10,2075,0.270124191664511
Maldives,city,06_10,2080,0.26865085258821625
Maldives,city,06_10,2085,0.26684511062805216
Maldives,city,06_10,2090,0.26476549367724056
Maldives,city,06_10,2095,0.2628781064658113
Maldives,city,06_10,2100,0.26142952685909315
Maldives,city,11_20,2011,0.352477571210292
Maldives,city,11_20,2012,0.3526769168256121
Maldives,city,11_20,2013,0.3523429252613039
Maldives,city,11_20,2014,0.35215836958898844
Maldives,city,11_20,2015,0.3523114722301342
Maldives,city,11_20,2016,0.3519694813008676
Maldives,city,11_20,2017,0.351715317774179
Maldives,city,11_20,2018,0.35132778611680165
Maldives,city,11_20,2019,0.35075361792819537
Maldives,city,11_20,2020,0.35345232951300826
Maldives,city,11_20,2025,0.3487919974355287
Maldives,city,11_20,2030,0.3445669028099347
Maldives,city,11_20,2035,0.3400466837181264
Maldives,city,11_20,2040,0.3357571985773947
Maldives,city,11_20,2045,0.3320155140298442
Maldives,city,11_20,2050,0.328776664033672
Maldives,city,11_20,2055,0.3258248955622038
Maldives,city,11_20,2060,0.3230378858499965
Maldives,city,11_20,2065,0.32044987729671204
Maldives,city,11_20,2070,0.3182446470237086
Maldives,city,11_20,2075,0.316381322348386
Maldives,city,11_20,2080,0.31465568288472545
Maldives,city,11_20,2085,0.3125407185579234
Maldives,city,11_20,2090,0.31010497980819657
Maldives,city,11_20,2095,0.3078943889756766
Maldives,city,11_20,2100,0.3061977488906983
Maldives,city,21_30,2011,0.15857884585093
Maldives,city,21_30,2012,0.158668530983219
Maldives,city,21_30,2013,0.1585182689492119
Maldives,city,21_30,2014,0.1584352377781489
Maldives,city,21_30,2015,0.15850411830307495
Maldives,city,21_30,2016,0.15835025737323374
Maldives,city,21_30,2017,0.1582359097891271
Maldives,city,21_30,2018,0.15806156019080633
Maldives,city,21_30,2019,0.15780324324779954
Maldives,city,21_30,2020,0.15901738736180568
Maldives,city,21_30,2025,0.15692071471511446
Maldives,city,21_30,2030,0.15501985439359936
Maldives,city,21_30,2035,0.15298621825581332
Maldives,city,21_30,2040,0.15105638879013616
Maldives,city,21_30,2045,0.1493730135471343
Maldives,city,21_30,2050,0.14791586240837193
Maldives,city,21_30,2055,0.14658786858505624
Maldives,city,21_30,2060,0.14533399934730695
Maldives,city,21_30,2065,0.14416966027170847
Maldives,city,21_30,2070,0.14317753226104482
Maldives,city,21_30,2075,0.1423392267897389
Maldives,city,21_30,2080,0.14156286557741415
Maldives,city,21_30,2085,0.14061134800763364
Maldives,city,21_30,2090,0.1395155147652523
Maldives,city,21_30,2095,0.13852097505123312
Maldives,city,21_30,2100,0.13775766059245362
Maldives,city,31_50,2011,0.235491949480815
Maldives,city,31_50,2012,0.23562513323889356
Maldives,city,31_50,2013,0.23540199187895106
Maldives,city,31_50,2014,0.23527868935246102
Maldives,city,31_50,2015,0.23538097795854246
Maldives,city,31_50,2016,0.2351524921846499
Maldives,city,31_50,2017,0.23498268431806343
Maldives,city,31_50,2018,0.23472377256612423
Maldives,city,31_50,2019,0.23434016805591246
Maldives,city,31_50,2020,0.236143190160303
Maldives,city,31_50,2025,0.23302960003204237
Maldives,city,31_50,2030,0.23020679412497255
Maldives,city,31_50,2035,0.22718681415190567
Maldives,city,31_50,2040,0.2243209886340113
Maldives,city,31_50,2045,0.22182115130983948
Maldives,city,31_50,2050,0.2196572601520118
Maldives,city,31_50,2055,0.21768516953252856
Maldives,city,31_50,2060,0.215823155027333
Maldives,city,31_50,2065,0.21409409414725114
Maldives,city,31_50,2070,0.21262076926515852
Maldives,city,31_50,2075,0.21137587314651834
Maldives,city,31_50,2080,0.21022296517565628
Maldives,city,31_50,2085,0.20880994740351597
Maldives,city,31_50,2090,0.2071826187067436
Maldives,city,31_50,2095,0.20570571240922497
Maldives,city,31_50,2100,0.20457217906182093
Maldives,city,51+,2011,0.100050611660432
Maldives,city,51+,2012,0.1001071958302449
Maldives,city,51+,2013,0.10001239246393787
Maldives,city,51+,2014,0.09996000641328176
Maldives,city,51+,2015,0.1000034645341513
Maldives,city,51+,2016,0.09990639055143531
Maldives,city,51+,2017,0.09983424634033092
Maldives,city,51+,2018,0.09972424564092398
Maldives,city,51+,2019,0.09956126823992577
Maldives,city,51+,2020,0.10032729639833739
Maldives,city,51+,2025,0.09900446308076898
Maldives,city,51+,2030,0.09780517173249287
Maldives,city,51+,2035,0.09652210942750222
Maldives,city,51+,2040,0.09530454085834497
Maldives,city,51+,2045,0.09424246525921566
Maldives,city,51+,2050,0.0933231190378923
Maldives,city,51+,2055,0.0924852607876884
Maldives,city,51+,2060,0.09169416924262228
Maldives,city,51+,2065,0.09095956409356427
Maldives,city,51+,2070,0.0903336103998058
Maldives,city,51+,2075,0.08980470646742829
Maldives,city,51+,2080,0.089314884424988
Maldives,city,51+,2085,0.08871455268243213
Maldives,city,51+,2090,0.08802316925364144
Maldives,city,51+,2095,0.08739569396729871
Maldives,city,51+,2100,0.08691410338640919
Maldives,town,No_travel,2011,0.0
Maldives,town,No_travel,2012,0.0
Maldives,town,No_travel,2013,0.0
Maldives,town,No_travel,2014,0.0
Maldives,town,No_travel,2015,0.0
Maldives,town,No_travel,2016,0.0
Maldives,town,No_travel,2017,0.0
Maldives,town,No_travel,2018,0.0
Maldives,town,No_travel,2019,0.0
Maldives,town,No_travel,2020,0.0
Maldives,town,No_travel,2025,0.0
Maldives,town,No_travel,2030,0.0
Maldives,town,No_travel,2035,0.0
Maldives,town,No_travel,2040,0.0
Maldives,town,No_travel,2045,0.0
Maldives,town,No_travel,2050,0.0
Maldives,town,No_travel,2055,0.0
Maldives,town,No_travel,2060,0.0
Maldives,town,No_travel,2065,0.0
Maldives,town,No_travel,2070,0.0
Maldives,town,No_travel,2075,0.0
Maldives,town,No_travel,2080,0.0
Maldives,town,No_travel,2085,0.0
Maldives,town,No_travel,2090,0.0
Maldives,town,No_travel,2095,0.0
Maldives,town,No_travel,2100,0.0
Maldives,town,00_01,2011,0.136283799718559
Maldives,town,00_01,2012,0.13636087576575195
Maldives,town,00_01,2013,0.13623173949389902
Maldives,town,00_01,2014,0.13616038190880106
Maldives,town,00_01,2015,0.13621957832691825
Maldives,town,00_01,2016,0.13608734913812276
Maldives,town,00_01,2017,0.13598907800260612
Maldives,town,00_01,2018,0.13583924070488168
Maldives,town,00_01,2019,0.13561724126772007
Maldives,town,00_01,2020,0.13666068544449397
Maldives,town,00_01,2025,0.13485878990462066
Maldives,town,00_01,2030,0.1332251768841687
Maldives,town,00_01,2035,0.13147745537304745
Maldives,town,00_01,2040,0.12981894606192182
Maldives,town,00_01,2045,0.128372241280856
Maldives,town,00_01,2050,0.12711995512068655
Maldives,town,00_01,2055,0.12597866768557447
Maldives,town,00_01,2060,0.12490108345197927
Maldives,town,00_01,2065,0.12390044208312659
Maldives,town,00_01,2070,0.12304780014103829
Maldives,town,00_01,2075,0.12232735439468809
Maldives,town,00_01,2080,0.12166014398965597
Maldives,town,00_01,2085,0.12084240295230123
Maldives,town,00_01,2090,0.11990063598881844
Maldives,town,00_01,2095,0.11904592141153517
Maldives,town,00_01,2100,0.11838992348025767
Maldives,town,02_05,2011,0.261285967590787
Maldives,town,02_05,2012,0.26143373929667185
Maldives,town,02_05,2013,0.26118615670936624
Maldives,town,02_05,2014,0.26104934855090745
Maldives,town,02_05,2015,0.2611628410820637
Maldives,town,02_05,2016,0.2609093286938744
Maldives,town,02_05,2017,0.26072092134991465
Maldives,town,02_05,2018,0.2604336503507353
Maldives,town,02_05,2019,0.26000802868577455
Maldives,town,02_05,2020,0.2620085402793636
Maldives,town,02_05,2025,0.25855391089123675
Maldives,town,02_05,2030,0.25542191604225867
Maldives,town,02_05,2035,0.2520711501621203
Maldives,town,02_05,2040,0.24889142365749767
Maldives,town,02_05,2045,0.24611777294244847
Maldives,town,02_05,2050,0.24371686541172113
Maldives,town,02_05,2055,0.24152876680867155
Maldives,town,02_05,2060,0.2394628012300999
Maldives,town,02_05,2065,0.237544352017413
Maldives,town,02_05,2070,0.23590965020173793
Maldives,town,02_05,2075,0.23452839751931698
Maldives,town,02_05,2080,0.2332492086749681
Maldives,town,02_05,2085,0.23168141955678115
Maldives,town,02_05,2090,0.2298758455061104
Maldives,town,02_05,2095,0.22823716999368265
Maldives,town,02_05,2100,0.22697947792341927
Maldives,town,06_10,2011,0.234847781523163
Maldives,town,06_10,2012,0.2349806009685352
Maldives,town,06_10,2013,0.23475806999257579
Maldives,town,06_10,2014,0.23463510474953359
Maldives,town,06_10,2015,0.23473711355393767
Maldives,town,06_10,2016,0.2345092527832125
Maldives,town,06_10,2017,0.2343399094114287
Maldives,town,06_10,2018,0.23408170589030092
Maldives,town,06_10,2019,0.23369915069720779
Maldives,town,06_10,2020,0.23549724078982828
Maldives,town,06_10,2025,0.23239216761935882
Maldives,town,06_10,2030,0.22957708325487258
Maldives,town,06_10,2035,0.2265653641770749
Maldives,town,06_10,2040,0.22370737787820655
Maldives,town,06_10,2045,0.22121437864385957
Maldives,town,06_10,2050,0.21905640662403553
Maldives,town,06_10,2055,0.21708971048869266
Maldives,town,06_10,2060,0.21523278936390172
Maldives,town,06_10,2065,0.21350845818102707
Maldives,town,06_10,2070,0.2120391634523318
Maldives,town,06_10,2075,0.21079767263986876
Maldives,town,06_10,2080,0.20964791834952354
Maldives,town,06_10,2085,0.20823876576587233
Maldives,town,06_10,2090,0.2066158884866764
Maldives,town,06_10,2095,0.20514302213920876
Maldives,town,06_10,2100,0.2040125894747068
Maldives,town,11_20,2011,0.286274279539271
Maldives,town,11_20,2012,0.28643618352144246
Maldives,town,11_20,2013,0.2861649231569426
Maldives,town,11_20,2014,0.28601503123064054
Maldives,town,11_20,2015,0.28613937771923853
Maldives,town,11_20,2016,0.28586162045216307
Maldives,town,11_20,2017,0.2856551946071424
Maldives,town,11_20,2018,0.28534045019480025
Maldives,town,11_20,2019,0.28487412382979715
Maldives,town,11_20,2020,0.2870659560986528
Maldives,town,11_20,2025,0.28328094020866795
Maldives,town,11_20,2030,0.27984941429405724
Maldives,town,11_20,2035,0.27617819498945345
Maldives,town,11_20,2040,0.27269437256057966
Maldives,town,11_20,2045,0.26965546133444046
Maldives,town,11_20,2050,0.2670249409129388
Maldives,town,11_20,2055,0.2646275815869687
Maldives,town,11_20,2060,0.26236403558405125
Maldives,town,11_20,2065,0.2602621138036411
Maldives,town,11_20,2070,0.25847107585063156
Maldives,town,11_20,2075,0.25695772586032123
Maldives,town,11_20,2080,0.2555562006724697
Maldives,town,11_20,2085,0.2538384746712732
Maldives,town,11_20,2090,0.2518602229676834
Maldives,town,11_20,2095,0.25006483128995816
Maldives,town,11_20,2100,0.24868685873897606
Maldives,town,21_30,2011,0.142215623076087
Maldives,town,21_30,2012,0.14229605389837421
Maldives,town,21_30,2013,0.14216129690303644
Maldives,town,21_30,2014,0.14208683344188502
Maldives,town,21_30,2015,0.14214860641492943
Maldives,town,21_30,2016,0.14201062188182845
Maldives,town,21_30,2017,0.14190807344396014
Maldives,town,21_30,2018,0.141751714399819
Maldives,town,21_30,2019,0.14152005232154058
Maldives,town,21_30,2020,0.14260891294952036
Maldives,town,21_30,2025,0.14072858896787097
Maldives,town,21_30,2030,0.13902387208994008
Maldives,town,21_30,2035,0.1372000800898573
Maldives,town,21_30,2040,0.1354693832972355
Maldives,town,21_30,2045,0.1339597099371493
Maldives,town,21_30,2050,0.13265291736968463
Maldives,town,21_30,2055,0.13146195480459208
Maldives,town,21_30,2060,0.13033746815603822
Maldives,town,21_30,2065,0.12929327335048557
Maldives,town,21_30,2070,0.12840351972382338
Maldives,town,21_30,2075,0.1276517162011648
Maldives,town,21_30,2080,0.12695546511577943
Maldives,town,21_30,2085,0.12610213147390523
Maldives,town,21_30,2090,0.12511937361287723
Maldives,town,21_30,2095,0.1242274571384938
Maldives,town,21_30,2100,0.12354290655562251
Maldives,town,31_50,2011,0.175007801582025
Maldives,town,31_50,2012,0.17510677819994822
Maldives,town,31_50,2013,0.17494094884174022
Maldives,town,31_50,2014,0.17484931554328517
Maldives,town,31_50,2015,0.17492533217194986
Maldives,town,31_50,2016,0.1747555310680486
Maldives,town,31_50,2017,0.17462933693917007
Maldives,town,31_50,2018,0.17443692451653514
Maldives,town,31_50,2019,0.17415184563312905
Maldives,town,31_50,2020,0.17549177651139838
Maldives,town,31_50,2025,0.17317788610208407
Maldives,town,31_50,2030,0.17108009440611235
Maldives,town,31_50,2035,0.16883577116247964
Maldives,town,31_50,2040,0.16670600908479458
Maldives,town,31_50,2045,0.1648482341783465
Maldives,town,31_50,2050,0.1632401204605353
Maldives,town,31_50,2055,0.16177454490860155
Maldives,town,31_50,2060,0.1603907733368491
Maldives,town,31_50,2065,0.1591058073577923
Maldives,town,31_50,2070,0.15801089371339985
Maldives,town,31_50,2075,0.15708573880512572
Maldives,town,31_50,2080,0.15622894565422696
Maldives,town,31_50,2085,0.15517884974035898
Maldives,town,31_50,2090,0.15396948687975437
Maldives,town,31_50,2095,0.1528719116766902
Maldives,town,31_50,2100,0.1520295169384138
Maldives,town,51+,2011,0.0762610743674654
Maldives,town,51+,2012,0.07630420423454476
Maldives,town,51+,2013,0.07623194274160393
Maldives,town,51+,2014,0.07619201278576855
Maldives,town,51+,2015,0.07622513765059948
Maldives,town,51+,2016,0.07615114543713679
Maldives,town,51+,2017,0.07609615531806697
Maldives,town,51+,2018,0.07601231003837577
Maldives,town,51+,2019,0.07588808459395846
Maldives,town,51+,2020,0.07647197038322749
Maldives,town,51+,2025,0.0754636737988025
Maldives,town,51+,2030,0.07454954398808679
Maldives,town,51+,2035,0.07357156186248943
Maldives,town,51+,2040,0.07264350069765489
Maldives,town,51+,2045,0.07183396015707365
Maldives,town,51+,2050,0.07113321151206045
Maldives,town,51+,2055,0.07049457503330454
Maldives,town,51+,2060,0.0698915853049207
Maldives,town,51+,2065,0.0693316509179809
Maldives,town,51+,2070,0.06885453338318442
Maldives,town,51+,2075,0.0684513895997443
Maldives,town,51+,2080,0.06807803500864852
Maldives,town,51+,2085,0.06762044716481218
Maldives,town,51+,2090,0.06709345745226161
Maldives,town,51+,2095,0.06661518012160483
Maldives,town,51+,2100,0.0662480997560341
Maldives,rural,No_travel,2011,0.0
Maldives,rural,No_travel,2012,0.0
Maldives,rural,No_travel,2013,0.0
Maldives,rural,No_travel,2014,0.0
Maldives,rural,No_travel,2015,0.0
Maldives,rural,No_travel,2016,0.0
Maldives,rural,No_travel,2017,0.0
Maldives,rural,No_travel,2018,0.0
Maldives,rural,No_travel,2019,0.0
Maldives,rural,No_travel,2020,0.0
Maldives,rural,No_travel,2025,0.0
Maldives,rural,No_travel,2030,0.0
Maldives,rural,No_travel,2035,0.0
Maldives,rural,No_travel,2040,0.0
Maldives,rural,No_travel,2045,0.0
Maldives,rural,No_travel,2050,0.0
Maldives,rural,No_travel,2055,0.0
Maldives,rural,No_travel,2060,0.0
Maldives,rural,No_travel,2065,0.0
Maldives,rural,No_travel,2070,0.0
Maldives,rural,No_travel,2075,0.0
Maldives,rural,No_travel,2080,0.0
Maldives,rural,No_travel,2085,0.0
Maldives,rural,No_travel,2090,0.0
Maldives,rural,No_travel,2095,0.0
Maldives,rural,No_travel,2100,0.0
Maldives,rural,00_01,2011,0.0478840154180537
Maldives,rural,00_01,2012,0.047911096484473704
Maldives,rural,00_01,2013,0.047865723789808565
Maldives,rural,00_01,2014,0.04784065193451775
Maldives,rural,00_01,2015,0.047861450901112976
Maldives,rural,00_01,2016,0.047814991494139626
Maldives,rural,00_01,2017,0.04778046342420067
Maldives,rural,00_01,2018,0.047727817317405496
Maldives,rural,00_01,2019,0.04764981667100585
Maldives,rural,00_01,2020,0.04801643616027532
Maldives,rural,00_01,2025,0.047383330875632554
Maldives,rural,00_01,2030,0.04680935252149219
Maldives,rural,00_01,2035,0.04619528156105654
Maldives,rural,00_01,2040,0.0456125557668761
Maldives,rural,00_01,2045,0.045104248585942
Maldives,rural,00_01,2050,0.044664251389465226
Maldives,rural,00_01,2055,0.044263254167108676
Maldives,rural,00_01,2060,0.04388463939292215
Maldives,rural,00_01,2065,0.04353305889081527
Maldives,rural,00_01,2070,0.043233478750069644
Maldives,rural,00_01,2075,0.04298034642401661
Maldives,rural,00_01,2080,0.042745918609502914
Maldives,rural,00_01,2085,0.04245860108150962
Maldives,rural,00_01,2090,0.042127706405159594
Maldives,rural,00_01,2095,0.04182739803335615
Maldives,rural,00_01,2100,0.04159690977928361
Maldives,rural,02_05,2011,0.123784799035439
Maldives,rural,02_05,2012,0.12385480620453707
Maldives,rural,02_05,2013,0.123737513411905
Maldives,rural,02_05,2014,0.12367270024739647
Maldives,rural,02_05,2015,0.12372646758243838
Maldives,rural,02_05,2016,0.1236063655336588
Maldives,rural,02_05,2017,0.12351710714208156
Maldives,rural,02_05,2018,0.12338101187745631
Maldives,rural,02_05,2019,0.12317937268210233
Maldives,rural,02_05,2020,0.12412711942818215
Maldives,rural,02_05,2025,0.12249048119424173
Maldives,rural,02_05,2030,0.12100669177938891
Maldives,rural,02_05,2035,0.11941925910968913
Maldives,rural,02_05,2040,0.11791285671850213
Maldives,rural,02_05,2045,0.11659883362142337
Maldives,rural,02_05,2050,0.11546139842375823
Maldives,rural,02_05,2055,0.11442478192136567
Maldives,rural,02_05,2060,0.113446026206638
Maldives,rural,02_05,2065,0.11253715669312452
Maldives,rural,02_05,2070,0.1117627131299971
Maldives,rural,02_05,2075,0.11110834164848524
Maldives,rural,02_05,2080,0.11050232313365213
Maldives,rural,02_05,2085,0.10975957960741477
Maldives,rural,02_05,2090,0.10890418494896177
Maldives,rural,02_05,2095,0.10812785883830035
Maldives,rural,02_05,2100,0.10753202446724128
Maldives,rural,06_10,2011,0.148707724813786
Maldives,rural,06_10,2012,0.14879182727966508
Maldives,rural,06_10,2013,0.1486509186667717
Maldives,rural,06_10,2014,0.14857305597032475
Maldives,rural,06_10,2015,0.14863764886158187
Maldives,rural,06_10,2016,0.1484933653747672
Maldives,rural,06_10,2017,0.148386135630603
Maldives,rural,06_10,2018,0.14822263884167533
Maldives,rural,06_10,2019,0.14798040145705277
Maldives,rural,06_10,2020,0.1491189682552979
Maldives,rural,06_10,2025,0.14715280803199898
Maldives,rural,06_10,2030,0.14537027132551397
Maldives,rural,06_10,2035,0.1434632237522611
Maldives,rural,06_10,2040,0.14165352115555266
Maldives,rural,06_10,2045,0.14007493164664692
Maldives,rural,06_10,2050,0.13870848437940633
Maldives,rural,06_10,2055,0.1374631547203818
Maldives,rural,06_10,2060,0.1362873355841083
Maldives,rural,06_10,2065,0.135195473590064
Maldives,rural,06_10,2070,0.13426510296970706
Maldives,rural,06_10,2075,0.13347897983538914
Maldives,rural,06_10,2080,0.13275094509091248
Maldives,rural,06_10,2085,0.13185865701703273
Maldives,rural,06_10,2090,0.1308310365461218
Maldives,rural,06_10,2095,0.12989840434467562
Maldives,rural,06_10,2100,0.12918260422724212
Maldives,rural,11_20,2011,0.227309082564942
Maldives,rural,11_20,2012,0.22743763845794868
Maldives,rural,11_20,2013,0.22722225080702196
Maldives,rural,11_20,2014,0.22710323279287675
Maldives,rural,11_20,2015,0.22720196707766432
Maldives,rural,11_20,2016,0.22698142072031682
Maldives,rural,11_20,2017,0.2268175133321824
Maldives,rural,11_20,2018,0.22656759823772446
Maldives,rural,11_20,2019,0.2261973232050694
Maldives,rural,11_20,2020,0.2279376939536105
Maldives,rural,11_20,2025,0.22493229475801785
Maldives,rural,11_20,2030,0.22220757562256727
Maldives,rural,11_20,2035,0.21929253381941527
Maldives,rural,11_20,2040,0.21652628991723533
Maldives,rural,11_20,2045,0.2141133168624372
Maldives,rural,11_20,2050,0.2120246165270728
Maldives,rural,11_20,2055,0.2101210520509284
Maldives,rural,11_20,2060,0.2083237387676856
Maldives,rural,11_20,2065,0.20665475924113766
Maldives,rural,11_20,2070,0.20523262940609693
Maldives,rural,11_20,2075,0.20403099089896057
Maldives,rural,11_20,2080,0.2029181441383123
Maldives,rural,11_20,2085,0.20155422586364816
Maldives,rural,11_20,2090,0.19998344353367697
Maldives,rural,11_20,2095,0.19855785673012175
Maldives,rural,11_20,2100,0.1974637113641199
Maldives,rural,21_30,2011,0.153212938930544
Maldives,rural,21_30,2012,0.15329958934487034
Maldives,rural,21_30,2013,0.15315441179791334
Maldives,rural,21_30,2014,0.15307419019160046
Maldives,rural,21_30,2015,0.15314073997383887
Maldives,rural,21_30,2016,0.15299208530857716
Maldives,rural,21_30,2017,0.1528816069574038
Maldives,rural,21_30,2018,0.1527131569083651
Maldives,rural,21_30,2019,0.15246358075713728
Maldives,rural,21_30,2020,0.15363664130625349
Maldives,rural,21_30,2025,0.15161091475709684
Maldives,rural,21_30,2030,0.1497743747394607
Maldives,rural,21_30,2035,0.14780955170323773
Maldives,rural,21_30,2040,0.1459450227839826
Maldives,rural,21_30,2045,0.14431860870006577
Maldives,rural,21_30,2050,0.14291076386907461
Maldives,rural,21_30,2055,0.14162770599675867
Maldives,rural,21_30,2060,0.14041626452157757
Maldives,rural,21_30,2065,0.13929132373438197
Maldives,rural,21_30,2070,0.13833276682539813
Maldives,rural,21_30,2075,0.13752282749022937
Maldives,rural,21_30,2080,0.13677273637704412
Maldives,rural,21_30,2085,0.13585341575437315
Maldives,rural,21_30,2090,0.13479466273632645
Maldives,rural,21_30,2095,0.13383377572992675
Maldives,rural,21_30,2100,0.13309628990115663
Maldives,rural,31_50,2011,0.152668305095647
Maldives,rural,31_50,2012,0.15275464748933368
Maldives,rural,31_50,2013,0.15260998601239462
Maldives,rural,31_50,2014,0.1525300495739102
Maldives,rural,31_50,2015,0.15259636278824928
Maldives,rural,31_50,2016,0.15244823655329498
Maldives,rural,31_50,2017,0.15233815092514158
Maldives,rural,31_50,2018,0.1521702996740689
Maldives,rural,31_50,2019,0.15192161070389307
Maldives,rural,31_50,2020,0.1530905013149486
Maldives,rural,31_50,2025,0.15107197571909672
Maldives,rural,31_50,2030,0.14924196414376922
Maldives,rural,31_50,2035,0.14728412556403264
Maldives,rural,31_50,2040,0.14542622458065982
Maldives,rural,31_50,2045,0.1438055919936964
Maldives,rural,31_50,2050,0.1424027517004068
Maldives,rural,31_50,2055,0.14112425477923685
Maldives,rural,31_50,2060,0.13991711967674847
Maldives,rural,31_50,2065,0.13879617777384579
Maldives,rural,31_50,2070,0.13784102829591152
Maldives,rural,31_50,2075,0.13703396809333576
Maldives,rural,31_50,2080,0.13628654336722165
Maldives,rural,31_50,2085,0.13537049070037557
Maldives,rural,31_50,2090,0.13431550128558883
Maldives,rural,31_50,2095,0.1333580299931546
Maldives,rural,31_50,2100,0.13262316574280933
Maldives,rural,51+,2011,0.0512532102732799
Maldives,rural,51+,2012,0.051282196806249854
Maldives,rural,51+,2013,0.05123363161721893
Maldives,rural,51+,2014,0.05120679566664247
Maldives,rural,51+,2015,0.05122905808133482
Maldives,rural,51+,2016,0.05117932971720354
Maldives,rural,51+,2017,0.05114237219780043
Maldives,rural,51+,2018,0.05108602182788918
Maldives,rural,51+,2019,0.05100253293297363
Maldives,rural,51+,2020,0.051394948347799646
Maldives,rural,51+,2025,0.05071729677669338
Maldives,rural,51+,2030,0.05010293240018423
Maldives,rural,51+,2035,0.04944565443836031
Maldives,rural,51+,2040,0.04882192713813199
Maldives,rural,51+,2045,0.04827785466216309
Maldives,rural,51+,2050,0.04780689856890748
Maldives,rural,51+,2055,0.047377686549468265
Maldives,rural,51+,2060,0.04697243184255753
Maldives,rural,51+,2065,0.04659611358175279
Maldives,rural,51+,2070,0.04627545450975806
Maldives,rural,51+,2075,0.0460045113939627
Maldives,rural,51+,2080,0.04575358886864237
Maldives,rural,51+,2085,0.0454460552261758
Maldives,rural,51+,2090,0.045091878278457204
Maldives,rural,51+,2095,0.044770439735918745
Maldives,rural,51+,2100,0.044523733964726316
Nepal,large_city,No_travel,2011,0.0
Nepal,large_city,No_travel,2012,0.0
Nepal,large_city,No_travel,2013,0.0
Nepal,large_city,No_travel,2014,0.0
Nepal,large_city,No_travel,2015,0.0
Nepal,large_city,No_travel,2016,0.0
Nepal,large_city,No_travel,2017,0.0
Nepal,large_city,No_travel,2018,0.0
Nepal,large_city,No_travel,2019,0.0
Nepal,large_city,No_travel,2020,0.0
Nepal,large_city,No_travel,2025,0.0
Nepal,large_city,No_travel,2030,0.0
Nepal,large_city,No_travel,2035,0.0
Nepal,large_city,No_travel,2040,0.0
Nepal,large_city,No_travel,2045,0.0
Nepal,large_city,No_travel,2050,0.0
Nepal,large_city,No_travel,2055,0.0
Nepal,large_city,No_travel,2060,0.0
Nepal,large_city,No_travel,2065,0.0
Nepal,large_city,No_travel,2070,0.0
Nepal,large_city,No_travel,2075,0.0
Nepal,large_city,No_travel,2080,0.0
Nepal,large_city,No_travel,2085,0.0
Nepal,large_city,No_travel,2090,0.0
Nepal,large_city,No_travel,2095,0.0
Nepal,large_city,No_travel,2100,0.0
Nepal,large_city,00_01,2011,0.0918299625000023
Nepal,large_city,00_01,2012,0.09293292800522601
Nepal,large_city,00_01,2013,0.09375987152876865
Nepal,large_city,00_01,2014,0.09514447894999868
Nepal,large_city,00_01,2015,0.09597356051063341
Nepal,large_city,00_01,2016,0.09585797730092423
Nepal,large_city,00_01,2017,0.09767852215579902
Nepal,large_city,00_01,2018,0.09916105685845408
Nepal,large_city,00_01,2019,0.10041784013269628
Nepal,large_city,00_01,2020,0.09943231800937086
Nepal,large_city,00_01,2025,0.10312029596762112
Nepal,large_city,00_01,2030,0.10741286912778886
Nepal,large_city,00_01,2035,0.1116401932653583
Nepal,large_city,00_01,2040,0.11554427417433212
Nepal,large_city,00_01,2045,0.11880276170579482
Nepal,large_city,00_01,2050,0.12128400372885742
Nepal,large_city,00_01,2055,0.12298170157076414
Nepal,large_city,00_01,2060,0.12394939415185303
Nepal,large_city,00_01,2065,0.12425394534044179
Nepal,large_city,00_01,2070,0.12398024688997107
Nepal,large_city,00_01,2075,0.12322835968260598
Nepal,large_city,00_01,2080,0.12212387565569188
Nepal,large_city,00_01,2085,0.120767835971236
Nepal,large_city,00_01,2090,0.11925037943077481
Nepal,large_city,00_01,2095,0.11760614934878386
Nepal,large_city,00_01,2100,0.11590039407692945
Nepal,large_city,02_05,2011,0.218099182353909
Nepal,large_city,02_05,2012,0.22071876171891036
Nepal,large_city,02_05,2013,0.2226827797956629
Nepal,large_city,02_05,2014,0.22597126797784436
Nepal,large_city,02_05,2015,0.22794036396303688
Nepal,large_city,02_05,2016,0.22766585003702486
Nepal,large_city,02_05,2017,0.2319897039674541
Nepal,large_city,02_05,2018,0.23551077266505221
Nepal,large_city,02_05,2019,0.23849567429242996
Nepal,large_city,02_05,2020,0.23615502682359366
Nepal,large_city,02_05,2025,0.24491409581737225
Nepal,large_city,02_05,2030,0.2551090983082738
Nepal,large_city,02_05,2035,0.2651491322236619
Nepal,large_city,02_05,2040,0.2744214528356917
Nepal,large_city,02_05,2045,0.2821604679346296
Nepal,large_city,02_05,2050,0.28805349937795727
Nepal,large_city,02_05,2055,0.29208558761063885
Nepal,large_city,02_05,2060,0.29438388933003057
Nepal,large_city,02_05,2065,0.2951072084233615
Nepal,large_city,02_05,2070,0.29445716559818674
Nepal,large_city,02_05,2075,0.2926714087418809
Nepal,large_city,02_05,2080,0.290048222837902
Nepal,large_city,02_05,2085,0.2868275839705032
Nepal,large_city,02_05,2090,0.283223574759107
Nepal,large_city,02_05,2095,0.27931847421543726
Nepal,large_city,02_05,2100,0.275267249321522
Nepal,large_city,06_10,2011,0.227649910037638
Nepal,large_city,06_10,2012,0.2303842027586961
Nepal,large_city,06_10,2013,0.23243422666827446
Nepal,large_city,06_10,2014,0.235866720228102
Nepal,large_city,06_10,2015,0.23792204441156067
Nepal,large_city,06_10,2016,0.23763550931369262
Nepal,large_city,06_10,2017,0.24214870806874733
Nepal,large_city,06_10,2018,0.24582396702017176
Nepal,large_city,06_10,2019,0.24893957974099848
Nepal,large_city,06_10,2020,0.24649643355420645
Nepal,large_city,06_10,2025,0.25563906878523407
Nepal,large_city,06_10,2030,0.2662805181241918
Nepal,large_city,06_10,2035,0.2767602126968384
Nepal,large_city,06_10,2040,0.28643857522157024
Nepal,large_city,06_10,2045,0.2945164876283866
Nepal,large_city,06_10,2050,0.30066757936308913
Nepal,large_city,06_10,2055,0.30487623578044476
Nepal,large_city,06_10,2060,0.3072751818654872
Nepal,large_city,06_10,2065,0.3080301756474359
Nepal,large_city,06_10,2070,0.3073516669566902
Nepal,large_city,06_10,2075,0.3054877104608449
Nepal,large_city,06_10,2080,0.30274965326774744
Nepal,large_city,06_10,2085,0.2993879801953682
Nepal,large_city,06_10,2090,0.2956261487024935
Nepal,large_city,06_10,2095,0.2915500408608246
Nepal,large_city,06_10,2100,0.2873214097734072
Nepal,large_city,11_20,2011,0.24573634096712
Nepal,large_city,11_20,2012,0.2486878689879075
Nepal,large_city,11_20,2013,0.2509007641054659
Nepal,large_city,11_20,2014,0.25460596393465
Nepal,large_city,11_20,2015,0.2568245804245966
Nepal,large_city,11_20,2016,0.256515280559303
Nepal,large_city,11_20,2017,0.26138704592894946
Nepal,large_city,11_20,2018,0.2653542984821368
Nepal,large_city,11_20,2019,0.26871744178300605
Nepal,large_city,11_20,2020,0.2660801914353526
Nepal,large_city,11_20,2025,0.27594919480152286
Nepal,large_city,11_20,2030,0.2874360907230284
Nepal,large_city,11_20,2035,0.29874838071387183
Nepal,large_city,11_20,2040,0.30919567407316934
Nepal,large_city,11_20,2045,0.3179153640443877
Nepal,large_city,11_20,2050,0.32455515044091643
Nepal,large_city,11_20,2055,0.3290981780582687
Nepal,large_city,11_20,2060,0.33168771667490277
Nepal,large_city,11_20,2065,0.3325026935373945
Nepal,large_city,11_20,2070,0.33177027838752393
Nepal,large_city,11_20,2075,0.3297582334500355
Nepal,large_city,11_20,2080,0.3268026418757659
Nepal,large_city,11_20,2085,0.32317388911149914
Nepal,large_city,11_20,2090,0.319113185963226
Nepal,large_city,11_20,2095,0.3147132376995369
Nepal,large_city,11_20,2100,0.3101486484556846
Nepal,large_city,21_30,2011,0.151410352965953
Nepal,large_city,21_30,2012,0.15322893583268551
Nepal,large_city,21_30,2013,0.1545924103171981
Nepal,large_city,21_30,2014,0.156875367781846
Nepal,large_city,21_30,2015,0.15824236748777817
Nepal,large_city,21_30,2016,0.15805179249348908
Nepal,large_city,21_30,2017,0.16105352887192803
Nepal,large_city,21_30,2018,0.16349795002274004
Nepal,large_city,21_30,2019,0.16557014948764467
Nepal,large_city,21_30,2020,0.1639452086896077
Nepal,large_city,21_30,2025,0.17002599135778437
Nepal,large_city,21_30,2030,0.17710363790820255
Nepal,large_city,21_30,2035,0.1840737010808938
Nepal,large_city,21_30,2040,0.1905107969082535
Nepal,large_city,21_30,2045,0.19588343056552973
Nepal,large_city,21_30,2050,0.19997453242681879
Nepal,large_city,21_30,2055,0.2027737171642908
Nepal,large_city,21_30,2060,0.20436926039741798
Nepal,large_city,21_30,2065,0.20487140808108303
Nepal,large_city,21_30,2070,0.2044201307652287
Nepal,large_city,21_30,2075,0.2031804100427278
Nepal,large_city,21_30,2080,0.2013593234190638
Nepal,large_city,21_30,2085,0.1991234687843709
Nepal,large_city,21_30,2090,0.19662146808496173
Nepal,large_city,21_30,2095,0.19391044163679694
Nepal,large_city,21_30,2100,0.1910979717113627
Nepal,large_city,31_50,2011,0.123613380885738
Nepal,large_city,31_50,2012,0.12509809558439688
Nepal,large_city,31_50,2013,0.12621125388223098
Nepal,large_city,31_50,2014,0.12807509004069315
Nepal,large_city,31_50,2015,0.12919112637513114
Nepal,large_city,31_50,2016,0.12903553847182805
Nepal,large_city,31_50,2017,0.1314861950814853
Nepal,large_city,31_50,2018,0.13348185229277534
Nepal,large_city,31_50,2019,0.1351736228798506
Nepal,large_city,31_50,2020,0.1338470000839201
Nepal,large_city,31_50,2025,0.13881143012004676
Nepal,large_city,31_50,2030,0.14458971279143187
Nepal,large_city,31_50,2035,0.15028016299437988
Nepal,large_city,31_50,2040,0.15553549172665185
Nepal,large_city,31_50,2045,0.1599217797025194
Nepal,large_city,31_50,2050,0.16326180845693086
Nepal,large_city,31_50,2055,0.16554709927320999
Nepal,large_city,31_50,2060,0.16684972151490415
Nepal,large_city,31_50,2065,0.16725968141306075
Nepal,large_city,31_50,2070,0.16689125274463054
Nepal,large_city,31_50,2075,0.16587912862722026
Nepal,large_city,31_50,2080,0.1643923698288472
Nepal,large_city,31_50,2085,0.16256698903321834
Nepal,large_city,31_50,2090,0.16052432312977122
Nepal,large_city,31_50,2095,0.1583110058871672
Nepal,large_city,31_50,2100,0.15601486887069407
Nepal,large_city,51+,2011,0.0823319043773287
Nepal,large_city,51+,2012,0.08332078913819928
Nepal,large_city,51+,2013,0.08406220112675108
Nepal,large_city,51+,2014,0.08530359731925033
Nepal,large_city,51+,2015,0.0860469262057364
Nepal,large_city,51+,2016,0.0859432978745215
Nepal,large_city,51+,2017,0.08757554208790867
Nepal,large_city,51+,2018,0.0889047368523633
Nepal,large_city,51+,2019,0.09003152986785574
Nepal,large_city,51+,2020,0.08914794121105575
Nepal,large_city,51+,2025,0.09245446819133574
Nepal,large_city,51+,2030,0.0963030565315042
Nepal,large_city,51+,2035,0.10009314461594977
Nepal,large_city,51+,2040,0.10359342281849154
Nepal,large_city,51+,2045,0.10651488196484694
Nepal,large_city,51+,2050,0.1087394868260304
Nepal,large_city,51+,2055,0.11026159020684642
Nepal,large_city,51+,2060,0.11112919344748652
Nepal,large_city,51+,2065,0.11140224462440375
Nepal,large_city,51+,2070,0.11115685505830894
Nepal,large_city,51+,2075,0.11048273624159574
Nepal,large_city,51+,2080,0.10949249002114045
Nepal,large_city,51+,2085,0.10827670677792631
Nepal,large_city,51+,2090,0.10691620217371285
Nepal,large_city,51+,2095,0.10544203633285451
Nepal,large_city,51+,2100,0.10391270890953733
Nepal,city,No_travel,2011,0.0
Nepal,city,No_travel,2012,0.0
Nepal,city,No_travel,2013,0.0
Nepal,city,No_travel,2014,0.0
Nepal,city,No_travel,2015,0.0
Nepal,city,No_travel,2016,0.0
Nepal,city,No_travel,2017,0.0
Nepal,city,No_travel,2018,0.0
Nepal,city,No_travel,2019,0.0
Nepal,city,No_travel,2020,0.0
Nepal,city,No_travel,2025,0.0
Nepal,city,No_travel,2030,0.0
Nepal,city,No_travel,2035,0.0
Nepal,city,No_travel,2040,0.0
Nepal,city,No_travel,2045,0.0
Nepal,city,No_travel,2050,0.0
Nepal,city,No_travel,2055,0.0
Nepal,city,No_travel,2060,0.0
Nepal,city,No_travel,2065,0.0
Nepal,city,No_travel,2070,0.0
Nepal,city,No_travel,2075,0.0
Nepal,city,No_travel,2080,0.0
Nepal,city,No_travel,2085,0.0
Nepal,city,No_travel,2090,0.0
Nepal,city,No_travel,2095,0.0
Nepal,city,No_travel,2100,0.0
Nepal,city,00_01,2011,0.14143918779263
Nepal,city,00_01,2012,0.14313800744773034
Nepal,city,00_01,2013,0.14441168999246887
Nepal,city,00_01,2014,0.14654430274476546
Nepal,city,00_01,2015,0.14782127835662
Nepal,city,00_01,2016,0.1476432537243685
Nepal,city,00_01,2017,0.15044731003239037
Nepal,city,00_01,2018,0.1527307532410045
Nepal,city,00_01,2019,0.1546664875122689
Nepal,city,00_01,2020,0.1531485575809046
Nepal,city,00_01,2025,0.15882888884546356
Nepal,city,00_01,2030,0.16544043528178656
Nepal,city,00_01,2035,0.17195148326957146
Nepal,city,00_01,2040,0.17796466260460556
Nepal,city,00_01,2045,0.182983480181521
Nepal,city,00_01,2050,0.18680516154678242
Nepal,city,00_01,2055,0.18942000530081948
Nepal,city,00_01,2060,0.1909104736509744
Nepal,city,00_01,2065,0.1913795522782827
Nepal,city,00_01,2070,0.1909579939384905
Nepal,city,00_01,2075,0.18979991532203258
Nepal,city,00_01,2080,0.18809875679551505
Nepal,city,00_01,2085,0.18601014490498954
Nepal,city,00_01,2090,0.18367291406278552
Nepal,city,00_01,2095,0.18114042291273194
Nepal,city,00_01,2100,0.1785131688699779
Nepal,city,02_05,2011,0.288371801420151
Nepal,city,02_05,2012,0.2918354220183369
Nepal,city,02_05,2013,0.2944322562875082
Nepal,city,02_05,2014,0.2987803113824866
Nepal,city,02_05,2015,0.30138385968693526
Nepal,city,02_05,2016,0.30102089603661514
Nepal,city,02_05,2017,0.3067379167679088
Nepal,city,02_05,2018,0.3113934909534315
Nepal,city,02_05,2019,0.3153401424266686
Nepal,city,02_05,2020,0.31224532694046214
Nepal,city,02_05,2025,0.3238266106355134
Nepal,city,02_05,2030,0.3373064925958847
Nepal,city,02_05,2035,0.3505814743507532
Nepal,city,02_05,2040,0.3628413818358594
Nepal,city,02_05,2045,0.37307394530176496
Nepal,city,02_05,2050,0.3808657401851607
Nepal,city,02_05,2055,0.38619698688950005
Nepal,city,02_05,2060,0.38923581261949547
Nepal,city,02_05,2065,0.3901921886484847
Nepal,city,02_05,2070,0.38933269885823085
Nepal,city,02_05,2075,0.38697156244316777
Nepal,city,02_05,2080,0.38350317326157585
Nepal,city,02_05,2085,0.3792448288611439
Nepal,city,02_05,2090,0.3744795903242168
Nepal,city,02_05,2095,0.3693162473609337
Nepal,city,02_05,2100,0.3639596980698833
Nepal,city,06_10,2011,0.300942920069744
Nepal,city,06_10,2012,0.30455753180257805
Nepal,city,06_10,2013,0.30726757100909174
Nepal,city,06_10,2014,0.3118051727803567
Nepal,city,06_10,2015,0.3145222187100377
Nepal,city,06_10,2016,0.3141434322258233
Nepal,city,06_10,2017,0.3201096775539095
Nepal,city,06_10,2018,0.3249682042305564
Nepal,city,06_10,2019,0.32908690381562106
Nepal,city,06_10,2020,0.3258571746780656
Nepal,city,06_10,2025,0.3379433263620397
Nepal,city,06_10,2030,0.35201084273975636
Nepal,city,06_10,2035,0.36586452660727864
Nepal,city,06_10,2040,0.37865888562637434
Nepal,city,06_10,2045,0.38933752172762737
Nepal,city,06_10,2050,0.39746898774908196
Nepal,city,06_10,2055,0.40303264183354814
Nepal,city,06_10,2060,0.4062039404288482
Nepal,city,06_10,2065,0.4072020081782999
Nepal,city,06_10,2070,0.40630505027196057
Nepal,city,06_10,2075,0.4038409837996746
Nepal,city,06_10,2080,0.4002213956044827
Nepal,city,06_10,2085,0.3957774153254905
Nepal,city,06_10,2090,0.390804443651182
Nepal,city,06_10,2095,0.38541601280933274
Nepal,city,06_10,2100,0.3798259531113751
Nepal,city,11_20,2011,0.352477571210292
Nepal,city,11_20,2012,0.3567111632953369
Nepal,city,11_20,2013,0.3598852802912617
Nepal,city,11_20,2014,0.3651999188648634
Nepal,city,11_20,2015,0.36838224244283235
Nepal,city,11_20,2016,0.36793859106890325
Nepal,city,11_20,2017,0.3749265197498678
Nepal,city,11_20,2018,0.38061703967387206
Nepal,city,11_20,2019,0.38544104160072246
Nepal,city,11_20,2020,0.38165824092274386
Nepal,city,11_20,2025,0.39581407283219405
Nepal,city,11_20,2030,0.4122905661307552
Nepal,city,11_20,2035,0.42851660939772357
Nepal,city,11_20,2040,0.44350192485621054
Nepal,city,11_20,2045,0.45600921266991257
Nepal,city,11_20,2050,0.4655331429652559
Nepal,city,11_20,2055,0.4720495390921107
Nepal,city,11_20,2060,0.47576390335160196
Nepal,city,11_20,2065,0.4769328841541692
Nepal,city,11_20,2070,0.475882327642552
Nepal,city,11_20,2075,0.4729963047208272
Nepal,city,11_20,2080,0.4687568839844065
Nepal,city,11_20,2085,0.46355189901621846
Nepal,city,11_20,2090,0.4577273360823186
Nepal,city,11_20,2095,0.4514161691164053
Nepal,city,11_20,2100,0.44486884557478484
Nepal,city,21_30,2011,0.15857884585093
Nepal,city,21_30,2012,0.16048352915984193
Nepal,city,21_30,2013,0.16191155707118177
Nepal,city,21_30,2014,0.1643026007004905
Nepal,city,21_30,2015,0.16573432073415315
Nepal,city,21_30,2016,0.16553472300486702
Nepal,city,21_30,2017,0.16867857599191236
Nepal,city,21_30,2018,0.17123872777332017
Nepal,city,21_30,2019,0.17340903510753122
Nepal,city,21_30,2020,0.1717071618123363
Nepal,city,21_30,2025,0.17807583792001722
Nepal,city,21_30,2030,0.18548857423111023
Nepal,city,21_30,2035,0.19278863365097032
Nepal,city,21_30,2040,0.19953049249310698
Nepal,city,21_30,2045,0.20515749241656864
Nepal,city,21_30,2050,0.2094422866774188
Nepal,city,21_30,2055,0.21237399825655806
Nepal,city,21_30,2060,0.21404508216501095
Nepal,city,21_30,2065,0.21457100393034903
Nepal,city,21_30,2070,0.2140983609802135
Nepal,city,21_30,2075,0.2127999459280019
Nepal,city,21_30,2080,0.2108926403222872
Nepal,city,21_30,2085,0.20855092959699892
Nepal,city,21_30,2090,0.20593047217477928
Nepal,city,21_30,2095,0.20309109272152623
Nepal,city,21_30,2100,0.2001454669698572
Nepal,city,31_50,2011,0.235491949480815
Nepal,city,31_50,2012,0.23832043258114533
Nepal,city,31_50,2013,0.2404410753122102
Nepal,city,31_50,2014,0.2439918107368387
Nepal,city,31_50,2015,0.24611793632457876
Nepal,city,31_50,2016,0.2458215307218686
Nepal,city,31_50,2017,0.2504901992622888
Nepal,city,31_50,2018,0.25429206281310096
Nepal,city,31_50,2019,0.2575150015497488
Nepal,city,31_50,2020,0.25498769434238316
Nepal,city,31_50,2025,0.2644452732783498
Nepal,city,31_50,2030,0.2754532971766161
Nepal,city,31_50,2035,0.28629399421211266
Nepal,city,31_50,2040,0.2963057550705041
Nepal,city,31_50,2045,0.3046619338192764
Nepal,city,31_50,2050,0.311024917155404
Nepal,city,31_50,2055,0.31537855254341773
Nepal,city,31_50,2060,0.31786013705259947
Nepal,city,31_50,2065,0.31864113871224253
Nepal,city,31_50,2070,0.3179392568872203
Nepal,city,31_50,2075,0.3160110911836561
Nepal,city,31_50,2080,0.31317871393349206
Nepal,city,31_50,2085,0.3097012386065708
Nepal,city,31_50,2090,0.3058098202803833
Nepal,city,31_50,2095,0.3015932994753896
Nepal,city,31_50,2100,0.2972190013337982
Nepal,city,51+,2011,0.100050611660432
Nepal,city,51+,2012,0.10125231500903117
Nepal,city,51+,2013,0.10215328679521776
Nepal,city,51+,2014,0.10366184473896771
Nepal,city,51+,2015,0.10456514596004668
Nepal,city,51+,2016,0.10443921570248964
Nepal,city,51+,2017,0.10642273634571618
Nepal,city,51+,2018,0.10803798805409462
Nepal,city,51+,2019,0.10940727899018239
Nepal,city,51+,2020,0.10833353259457003
Nepal,city,51+,2025,0.112351659581316
Nepal,city,51+,2030,0.11702850533601097
Nepal,city,51+,2035,0.12163426095363655
Nepal,city,51+,2040,0.12588783650001267
Nepal,city,51+,2045,0.12943802493236367
Nepal,city,51+,2050,0.1321413885767186
Nepal,city,51+,2055,0.1339910649010159
Nepal,city,51+,2060,0.13504538564776783
Nepal,city,51+,2065,0.13537720036129572
Nepal,city,51+,2070,0.13507900033338974
Nepal,city,51+,2075,0.13425980393007497
Nepal,city,51+,2080,0.13305644612121242
Nepal,city,51+,2085,0.13157901330765087
Nepal,city,51+,2090,0.12992571354678836
Nepal,city,51+,2095,0.1281342914342761
Nepal,city,51+,2100,0.12627583637618942
Nepal,town,No_travel,2011,0.0
Nepal,town,No_travel,2012,0.0
Nepal,town,No_travel,2013,0.0
Nepal,town,No_travel,2014,0.0
Nepal,town,No_travel,2015,0.0
Nepal,town,No_travel,2016,0.0
Nepal,town,No_travel,2017,0.0
Nepal,town,No_travel,2018,0.0
Nepal,town,No_travel,2019,0.0
Nepal,town,No_travel,2020,0.0
Nepal,town,No_travel,2025,0.0
Nepal,town,No_travel,2030,0.0
Nepal,town,No_travel,2035,0.0
Nepal,town,No_travel,2040,0.0
Nepal,town,No_travel,2045,0.0
Nepal,town,No_travel,2050,0.0
Nepal,town,No_travel,2055,0.0
Nepal,town,No_travel,2060,0.0
Nepal,town,No_travel,2065,0.0
Nepal,town,No_travel,2070,0.0
Nepal,town,No_travel,2075,0.0
Nepal,town,No_travel,2080,0.0
Nepal,town,No_travel,2085,0.0
Nepal,town,No_travel,2090,0.0
Nepal,town,No_travel,2095,0.0
Nepal,town,No_travel,2100,0.0
Nepal,town,00_01,2011,0.136283799718559
Nepal,town,00_01,2012,0.13792069824185288
Nepal,town,00_01,2013,0.13914795569108732
Nepal,town,00_01,2014,0.14120283576885864
Nepal,town,00_01,2015,0.14243326625454997
Nepal,town,00_01,2016,0.14226173053163343
Nepal,town,00_01,2017,0.14496358038135326
Nepal,town,00_01,2018,0.14716379322029952
Nepal,town,00_01,2019,0.1490289709397879
Nepal,town,00_01,2020,0.1475663687997349
Nepal,town,00_01,2025,0.15303965481385723
Nepal,town,00_01,2030,0.1594102136697159
Nepal,town,00_01,2035,0.1656839371955197
Nepal,town,00_01,2040,0.1714779391334343
Nepal,town,00_01,2045,0.1763138233049352
Nepal,town,00_01,2050,0.17999620628450277
Nepal,town,00_01,2055,0.18251574028375753
Nepal,town,00_01,2060,0.18395188180358282
Nepal,town,00_01,2065,0.18440386274814302
Nepal,town,00_01,2070,0.1839976700002452
Nepal,town,00_01,2075,0.1828818027735817
Nepal,town,00_01,2080,0.18124265062957093
Nepal,town,00_01,2085,0.17923016760403554
Nepal,town,00_01,2090,0.17697812766400153
Nepal,town,00_01,2095,0.17453794455725924
Nepal,town,00_01,2100,0.17200645261814104
Nepal,town,02_05,2011,0.261285967590787
Nepal,town,02_05,2012,0.26442426147010367
Nepal,town,02_05,2013,0.2667771834664702
Nepal,town,02_05,2014,0.27071683976099903
Nepal,town,02_05,2015,0.27307584516495
Nepal,town,02_05,2016,0.27274697352040245
Nepal,town,02_05,2017,0.27792701292146804
Nepal,town,02_05,2018,0.28214530402955973
Nepal,town,02_05,2019,0.2857212592507359
Nepal,town,02_05,2020,0.2829171298079605
Nepal,town,02_05,2025,0.29341062085425046
Nepal,town,02_05,2030,0.30562438095034805
Nepal,town,02_05,2035,0.31765248645681277
Nepal,town,02_05,2040,0.3287608603478934
Nepal,town,02_05,2045,0.3380323121089755
Nepal,town,02_05,2050,0.3450922488134342
Nepal,town,02_05,2055,0.3499227486984731
Nepal,town,02_05,2060,0.3526761473223725
Nepal,town,02_05,2065,0.35354269403354355
Nepal,town,02_05,2070,0.3527639333489866
Nepal,town,02_05,2075,0.3506245708669915
Nepal,town,02_05,2080,0.34748195630193807
Nepal,town,02_05,2085,0.34362358446557195
Nepal,town,02_05,2090,0.33930592942513393
Nepal,town,02_05,2095,0.3346275626239401
Nepal,town,02_05,2100,0.32977413674260475
Nepal,town,06_10,2011,0.234847781523163
Nepal,town,06_10,2012,0.23766852755143622
Nepal,town,06_10,2013,0.23978336944684625
Nepal,town,06_10,2014,0.243324392140353
Nepal,town,06_10,2015,0.24544470189455572
Nepal,town,06_10,2016,0.24514910708385843
Nepal,town,06_10,2017,0.24980500488334564
Nepal,town,06_10,2018,0.2535964687636629
Nepal,town,06_10,2019,0.2568105914288136
Nepal,town,06_10,2020,0.2542901974527737
Nepal,town,06_10,2025,0.2637219059956295
Nepal,town,06_10,2030,0.2746998183920463
Nepal,town,06_10,2035,0.2855108616339237
Nepal,town,06_10,2040,0.2954952361822571
Nepal,town,06_10,2045,0.30382855732332675
Nepal,town,06_10,2050,0.3101741352662371
Nepal,town,06_10,2055,0.3145158616593895
Nepal,town,06_10,2060,0.31699065800775067
Nepal,town,06_10,2065,0.31776952330457914
Nepal,town,06_10,2070,0.3170695614168742
Nepal,town,06_10,2075,0.31514667004462377
Nepal,town,06_10,2080,0.31232204051862844
Nepal,town,06_10,2085,0.3088540775261375
Nepal,town,06_10,2090,0.30497330383982446
Nepal,town,06_10,2095,0.3007683169645526
Nepal,town,06_10,2100,0.29640598433900633
Nepal,town,11_20,2011,0.286274279539271
Nepal,town,11_20,2012,0.2897127068974938
Nepal,town,11_20,2013,0.29229065264610316
Nepal,town,11_20,2014,0.2966070814147346
Nepal,town,11_20,2015,0.2991916923629313
Nepal,town,11_20,2016,0.2988313687911305
Nepal,town,11_20,2017,0.3045068057891386
Nepal,town,11_20,2018,0.3091285168553337
Nepal,town,11_20,2019,0.3130464616804847
Nepal,town,11_20,2020,0.3099741568668462
Nepal,town,11_20,2025,0.32147120210363134
Nepal,town,11_20,2030,0.33485303582480486
Nepal,town,11_20,2035,0.34803145971735117
Nepal,town,11_20,2040,0.36020219265737036
Nepal,town,11_20,2045,0.37036032781349826
Nepal,town,11_20,2050,0.3780954477370721
Nepal,town,11_20,2055,0.3833879167018418
Nepal,town,11_20,2060,0.386404639010388
Nepal,town,11_20,2065,0.3873540586738891
Nepal,town,11_20,2070,0.38650082053040713
Nepal,town,11_20,2075,0.3841568582470377
Nepal,town,11_20,2080,0.3807136969905202
Nepal,town,11_20,2085,0.37648632639027346
Nepal,town,11_20,2090,0.37175574863518973
Nepal,town,11_20,2095,0.36662996213474613
Nepal,town,11_20,2100,0.3613123746259804
Nepal,town,21_30,2011,0.142215623076087
Nepal,town,21_30,2012,0.1439237684600821
Nepal,town,21_30,2013,0.14520444292893367
Nepal,town,21_30,2014,0.14734876273224404
Nepal,town,21_30,2015,0.1486327483456168
Nepal,town,21_30,2016,0.14845374644102682
Nepal,town,21_30,2017,0.1512731957125429
Nepal,town,21_30,2018,0.15356917396114567
Nepal,town,21_30,2019,0.15551553451223438
Nepal,town,21_30,2020,0.15398927185233197
Nepal,town,21_30,2025,0.15970078549063302
Nepal,town,21_30,2030,0.16634862623839466
Nepal,town,21_30,2035,0.17289541684793028
Nepal,town,21_30,2040,0.1789416057376312
Nepal,town,21_30,2045,0.18398797428616043
Nepal,town,21_30,2050,0.1878306349026494
Nepal,town,21_30,2055,0.1904598329313613
Nepal,town,21_30,2060,0.19195848325876028
Nepal,town,21_30,2065,0.19243013690931807
Nepal,town,21_30,2070,0.19200626441052823
Nepal,town,21_30,2075,0.1908418284816955
Nepal,town,21_30,2080,0.18913133138696817
Nepal,town,21_30,2085,0.18703125398967216
Nepal,town,21_30,2090,0.18468119283841594
Nepal,town,21_30,2095,0.182134799491138
Nepal,town,21_30,2100,0.17949312304700257
Nepal,town,31_50,2011,0.175007801582025
Nepal,town,31_50,2012,0.17710981233140327
Nepal,town,31_50,2013,0.17868578562103288
Nepal,town,31_50,2014,0.18132454419445185
Nepal,town,31_50,2015,0.18290459211463775
Nepal,town,31_50,2016,0.18268431582484837
Nepal,town,31_50,2017,0.18615387569462502
Nepal,town,31_50,2018,0.18897926222443787
Nepal,town,31_50,2019,0.1913744159618706
Nepal,town,31_50,2020,0.18949622658317375
Nepal,town,31_50,2025,0.19652470505779285
Nepal,town,31_50,2030,0.20470540960605987
Nepal,town,31_50,2035,0.21276176380407713
Nepal,town,31_50,2040,0.2202020871852159
Nepal,town,31_50,2045,0.22641205094692068
Nepal,town,31_50,2050,0.231140754954059
Nepal,town,31_50,2055,0.23437619531550571
Nepal,town,31_50,2060,0.236220405490628
Nepal,town,31_50,2065,0.2368008133720328
Nepal,town,31_50,2070,0.23627920405401434
Nepal,town,31_50,2075,0.2348462716688072
Nepal,town,31_50,2080,0.23274136694958014
Nepal,town,31_50,2085,0.2301570522273063
Nepal,town,31_50,2090,0.22726511232106522
Nepal,town,31_50,2095,0.22413156980280208
Nepal,town,31_50,2100,0.2208807737441172
Nepal,town,51+,2011,0.0762610743674654
Nepal,town,51+,2012,0.0771770426650525
Nepal,town,51+,2013,0.07786378585681387
Nepal,town,51+,2014,0.07901364638866551
Nepal,town,51+,2015,0.07970216513386545
Nepal,town,51+,2016,0.07960617794720769
Nepal,town,51+,2017,0.08111806690792582
Nepal,town,51+,2018,0.08234925209120979
Nepal,town,51+,2019,0.08339295983246875
Nepal,town,51+,2020,0.08257452351940044
Nepal,town,51+,2025,0.0856372402371568
Nepal,town,51+,2030,0.08920204884736753
Nepal,town,51+,2035,0.09271267078005707
Nepal,town,51+,2040,0.09595485226886957
Nepal,town,51+,2045,0.09866089453652627
Nepal,town,51+,2050,0.1007214658064367
Nepal,town,51+,2055,0.10213133528531329
Nepal,town,51+,2060,0.1029349648837819
Nepal,town,51+,2065,0.10318788234350172
Nepal,town,51+,2070,0.1029605868364867
Nepal,town,51+,2075,0.10233617488339664
Nepal,town,51+,2080,0.10141894551488663
Nepal,town,51+,2085,0.10029280933442677
Nepal,town,51+,2090,0.09903262297551908
Nepal,town,51+,2095,0.09766715631141223
Nepal,town,51+,2100,0.09625059546244552
Nepal,rural,No_travel,2011,0.0
Nepal,rural,No_travel,2012,0.0
Nepal,rural,No_travel,2013,0.0
Nepal,rural,No_travel,2014,0.0
Nepal,rural,No_travel,2015,0.0
Nepal,rural,No_travel,2016,0.0
Nepal,rural,No_travel,2017,0.0
Nepal,rural,No_travel,2018,0.0
Nepal,rural,No_travel,2019,0.0
Nepal,rural,No_travel,2020,0.0
Nepal,rural,No_travel,2025,0.0
Nepal,rural,No_travel,2030,0.0
Nepal,rural,No_travel,2035,0.0
Nepal,rural,No_travel,2040,0.0
Nepal,rural,No_travel,2045,0.0
Nepal,rural,No_travel,2050,0.0
Nepal,rural,No_travel,2055,0.0
Nepal,rural,No_travel,2060,0.0
Nepal,rural,No_travel,2065,0.0
Nepal,rural,No_travel,2070,0.0
Nepal,rural,No_travel,2075,0.0
Nepal,rural,No_travel,2080,0.0
Nepal,rural,No_travel,2085,0.0
Nepal,rural,No_travel,2090,0.0
Nepal,rural,No_travel,2095,0.0
Nepal,rural,No_travel,2100,0.0
Nepal,rural,00_01,2011,0.0478840154180537
Nepal,rural,00_01,2012,0.048459148150550586
Nepal,rural,00_01,2013,0.048890351380446
Nepal,rural,00_01,2014,0.04961234408632485
Nepal,rural,00_01,2015,0.05004466217893277
Nepal,rural,00_01,2016,0.04998439221861581
Nepal,rural,00_01,2017,0.050933701088257136
Nepal,rural,00_01,2018,0.05170675720879877
Nepal,rural,00_01,2019,0.05236209701339647
Nepal,rural,00_01,2020,0.05184820421344954
Nepal,rural,00_01,2025,0.053771271463033725
Nepal,rural,00_01,2030,0.056009600149976066
Nepal,rural,00_01,2035,0.058213905244628376
Nepal,rural,00_01,2040,0.060249657686960334
Nepal,rural,00_01,2045,0.061948770514062834
Nepal,rural,00_01,2050,0.06324259475240171
Nepal,rural,00_01,2055,0.06412784600835268
Nepal,rural,00_01,2060,0.0646324417330084
Nepal,rural,00_01,2065,0.06479124756732386
Nepal,rural,00_01,2070,0.06464852965189145
Nepal,rural,00_01,2075,0.06425646395078538
Nepal,rural,00_01,2080,0.06368053939703477
Nepal,rural,00_01,2085,0.06297344311396728
Nepal,rural,00_01,2090,0.06218217727434911
Nepal,rural,00_01,2095,0.06132480636344538
Nepal,rural,00_01,2100,0.0604353536236939
Nepal,rural,02_05,2011,0.123784799035439
Nepal,rural,02_05,2012,0.1252715726297017
Nepal,rural,02_05,2013,0.12638627457543516
Nepal,rural,02_05,2014,0.1282526953678855
Nepal,rural,02_05,2015,0.12937027934127712
Nepal,rural,02_05,2016,0.12921447567985536
Nepal,rural,02_05,2017,0.13166853068391435
Nepal,rural,02_05,2018,0.13366695532915163
Nepal,rural,02_05,2019,0.13536107194205094
Nepal,rural,02_05,2020,0.13403260948100162
Nepal,rural,02_05,2025,0.13900392383179566
Nepal,rural,02_05,2030,0.14479021941017256
Nepal,rural,02_05,2035,0.15048856072035965
Nepal,rural,02_05,2040,0.15575117716469727
Nepal,rural,02_05,2045,0.16014354772938724
Nepal,rural,02_05,2050,0.16348820819555135
Nepal,rural,02_05,2055,0.16577666808883856
Nepal,rural,02_05,2060,0.16708109671340834
Nepal,rural,02_05,2065,0.16749162511447854
Nepal,rural,02_05,2070,0.16712268553565832
Nepal,rural,02_05,2075,0.16610915787728645
Nepal,rural,02_05,2080,0.16462033734869905
Nepal,rural,02_05,2085,0.16279242524621454
Nepal,rural,02_05,2090,0.16074692672054544
Nepal,rural,02_05,2095,0.15853054020871096
Nepal,rural,02_05,2100,0.1562312190744991
Nepal,rural,06_10,2011,0.148707724813786
Nepal,rural,06_10,2012,0.15049384653663764
Nepal,rural,06_10,2013,0.15183298342167686
Nepal,rural,06_10,2014,0.15407519079894108
Nepal,rural,06_10,2015,0.15541778998128364
Nepal,rural,06_10,2016,0.15523061669192803
Nepal,rural,06_10,2017,0.15817877300082198
Nepal,rural,06_10,2018,0.16057956198719786
Nepal,rural,06_10,2019,0.16261477333008145
Nepal,rural,06_10,2020,0.16101883722465865
Nepal,rural,06_10,2025,0.16699107979564715
Nepal,rural,06_10,2030,0.1739423925357046
Nepal,rural,06_10,2035,0.180788042228182
Nepal,rural,06_10,2040,0.18711023787823924
Nepal,rural,06_10,2045,0.192386971679997
Nepal,rural,06_10,2050,0.19640504863349662
Nepal,rural,06_10,2055,0.19915426878581038
Nepal,rural,06_10,2060,0.2007213320637999
Nepal,rural,06_10,2065,0.20121451656601907
Nepal,rural,06_10,2070,0.20077129441121794
Nepal,rural,06_10,2075,0.199553702321666
Nepal,rural,06_10,2080,0.19776512153317272
Nepal,rural,06_10,2085,0.19556917621486078
Nepal,rural,06_10,2090,0.19311183545709038
Nepal,rural,06_10,2095,0.19044919999578055
Nepal,rural,06_10,2100,0.18768693179201662
Nepal,rural,11_20,2011,0.227309082564942
Nepal,rural,11_20,2012,0.23003928162271872
Nepal,rural,11_20,2013,0.23208623632630465
Nepal,rural,11_20,2014,0.23551359090714097
Nepal,rural,11_20,2015,0.23756583794926933
Nepal,rural,11_20,2016,0.23727973183919762
Nepal,rural,11_20,2017,0.24178617363078503
Nepal,rural,11_20,2018,0.24545593014550868
Nepal,rural,11_20,2019,0.24856687830745475
Nepal,rural,11_20,2020,0.2461273898921072
Nepal,rural,11_20,2025,0.25525633717017643
Nepal,rural,11_20,2030,0.26588185459735164
Nepal,rural,11_20,2035,0.27634585943036594
Nepal,rural,11_20,2040,0.28600973193470375
Nepal,rural,11_20,2045,0.29407555044493205
Nepal,rural,11_20,2050,0.300217433034549
Nepal,rural,11_20,2055,0.30441978843588424
Nepal,rural,11_20,2060,0.3068151429239383
Nepal,rural,11_20,2065,0.3075690063622705
Nepal,rural,11_20,2070,0.30689151350501337
Nepal,rural,11_20,2075,0.30503034764317966
Nepal,rural,11_20,2080,0.3022963897493662
Nepal,rural,11_20,2085,0.2989397496266468
Nepal,rural,11_20,2090,0.29518355018308945
Nepal,rural,11_20,2095,0.2911135449115199
Nepal,rural,11_20,2100,0.28689124474532385
Nepal,rural,21_30,2011,0.153212938930544
Nepal,rural,21_30,2012,0.15505317257535609
Nepal,rural,21_30,2013,0.15643287963525546
Nepal,rural,21_30,2014,0.15874301639777116
Nepal,rural,21_30,2015,0.16012629064791545
Nepal,rural,21_30,2016,0.15993344680078256
Nepal,rural,21_30,2017,0.16297091975706565
Nepal,rural,21_30,2018,0.165444442479677
Nepal,rural,21_30,2019,0.16754131210483222
Nepal,rural,21_30,2020,0.16589702589600627
Nepal,rural,21_30,2025,0.172050202117706
Nepal,rural,21_30,2030,0.17921211018712999
Nepal,rural,21_30,2035,0.18626515406623456
Nepal,rural,21_30,2040,0.19277888546285243
Nepal,rural,21_30,2045,0.19821548194587857
Nepal,rural,21_30,2050,0.2023552896099771
Nepal,rural,21_30,2055,0.20518779948685487
Nepal,rural,21_30,2060,0.20680233814388535
Nepal,rural,21_30,2065,0.20731046404732859
Nepal,rural,21_30,2070,0.20685381413878318
Nepal,rural,21_30,2075,0.20559933416679493
Nepal,rural,21_30,2080,0.20375656695706915
Nepal,rural,21_30,2085,0.20149409379791994
Nepal,rural,21_30,2090,0.19896230602480144
Nepal,rural,21_30,2095,0.19621900398828113
Nepal,rural,21_30,2100,0.19337305075926747
Nepal,rural,31_50,2011,0.152668305095647
Nepal,rural,31_50,2012,0.15450199716822585
Nepal,rural,31_50,2013,0.1558767997131912
Nepal,rural,31_50,2014,0.15817872451493595
Nepal,rural,31_50,2015,0.1595570815696734
Nepal,rural,31_50,2016,0.15936492323438264
Nepal,rural,31_50,2017,0.16239159873089423
Nepal,rural,31_50,2018,0.16485632869634337
Nepal,rural,31_50,2019,0.16694574447227936
Nepal,rural,31_50,2020,0.16530730329135923
Nepal,rural,31_50,2025,0.17143860650425294
Nepal,rural,31_50,2030,0.17857505577441196
Nepal,rural,31_50,2035,0.18560302783933172
Nepal,rural,31_50,2040,0.19209360454330557
Nepal,rural,31_50,2045,0.1975108752800076
Nepal,rural,31_50,2050,0.20163596695902308
Nepal,rural,31_50,2055,0.20445840796882345
Nepal,rural,31_50,2060,0.2060672073430851
Nepal,rural,31_50,2065,0.206573526985508
Nepal,rural,31_50,2070,0.20611850035364293
Nepal,rural,31_50,2075,0.20486847974548333
Nepal,rural,31_50,2080,0.203032263114183
Nepal,rural,31_50,2085,0.20077783248356706
Nepal,rural,31_50,2090,0.1982550445853524
Nepal,rural,31_50,2095,0.19552149430425728
Nepal,rural,31_50,2100,0.19268565773008933
Nepal,rural,51+,2011,0.0512532102732799
Nepal,rural,51+,2012,0.051868810252027615
Nepal,rural,51+,2013,0.052330353621341925
Nepal,rural,51+,2014,0.05310314687285006
Nepal,rural,51+,2015,0.05356588354837587
Nepal,rural,51+,2016,0.053501372898583484
Nepal,rural,51+,2017,0.054517476637696224
Nepal,rural,51+,2018,0.055344926206268276
Nepal,rural,51+,2019,0.05604637675322538
Nepal,rural,51+,2020,0.055496325645279364
Nepal,rural,51+,2025,0.05755470293991692
Nepal,rural,51+,2030,0.059950523963926465
Nepal,rural,51+,2035,0.06230992744202495
Nepal,rural,51+,2040,0.06448891863731732
Nepal,rural,51+,2045,0.06630758372305025
Nepal,rural,51+,2050,0.06769244347562743
Nepal,rural,51+,2055,0.06863998240630854
Nepal,rural,51+,2060,0.06918008228208102
Nepal,rural,51+,2065,0.06935006194539316
Nepal,rural,51+,2070,0.06919730217231314
Nepal,rural,51+,2075,0.06877765011004783
Nepal,rural,51+,2080,0.068161202596254
Nepal,rural,51+,2085,0.06740435390336329
Nepal,rural,51+,2090,0.06655741335115714
Nepal,rural,51+,2095,0.06563971647057819
Nepal,rural,51+,2100,0.0646876804330691
Pakistan,large_city,No_travel,2011,0.0
Pakistan,large_city,No_travel,2012,0.0
Pakistan,large_city,No_travel,2013,0.0
Pakistan,large_city,No_travel,2014,0.0
Pakistan,large_city,No_travel,2015,0.0
Pakistan,large_city,No_travel,2016,0.0
Pakistan,large_city,No_travel,2017,0.0
Pakistan,large_city,No_travel,2018,0.0
Pakistan,large_city,No_travel,2019,0.0
Pakistan,large_city,No_travel,2020,0.0
Pakistan,large_city,No_travel,2025,0.0
Pakistan,large_city,No_travel,2030,0.0
Pakistan,large_city,No_travel,2035,0.0
Pakistan,large_city,No_travel,2040,0.0
Pakistan,large_city,No_travel,2045,0.0
Pakistan,large_city,No_travel,2050,0.0
Pakistan,large_city,No_travel,2055,0.0
Pakistan,large_city,No_travel,2060,0.0
Pakistan,large_city,No_travel,2065,0.0
Pakistan,large_city,No_travel,2070,0.0
Pakistan,large_city,No_travel,2075,0.0
Pakistan,large_city,No_travel,2080,0.0
Pakistan,large_city,No_travel,2085,0.0
Pakistan,large_city,No_travel,2090,0.0
Pakistan,large_city,No_travel,2095,0.0
Pakistan,large_city,No_travel,2100,0.0
Pakistan,large_city,00_01,2011,0.0918299625000023
Pakistan,large_city,00_01,2012,0.09208733373912928
Pakistan,large_city,00_01,2013,0.09251512512474654
Pakistan,large_city,00_01,2014,0.09299634495391776
Pakistan,large_city,00_01,2015,0.09349347683353906
Pakistan,large_city,00_01,2016,0.09410484198491773
Pakistan,large_city,00_01,2017,0.09453546126583082
Pakistan,large_city,00_01,2018,0.0951558840250488
Pakistan,large_city,00_01,2019,0.09527415992725648
Pakistan,large_city,00_01,2020,0.09485602594379178
Pakistan,large_city,00_01,2025,0.09682328822825581
Pakistan,large_city,00_01,2030,0.0985932563060154
Pakistan,large_city,00_01,2035,0.10014712576636893
Pakistan,large_city,00_01,2040,0.10153868658415358
Pakistan,large_city,00_01,2045,0.10269282700155449
Pakistan,large_city,00_01,2050,0.10353555109959767
Pakistan,large_city,00_01,2055,0.10403877635046381
Pakistan,large_city,00_01,2060,0.1042018724467408
Pakistan,large_city,00_01,2065,0.1040441956247177
Pakistan,large_city,00_01,2070,0.10358919972798786
Pakistan,large_city,00_01,2075,0.10286692289227867
Pakistan,large_city,00_01,2080,0.10192769047060465
Pakistan,large_city,00_01,2085,0.1008270593893248
Pakistan,large_city,00_01,2090,0.09962269978109238
Pakistan,large_city,00_01,2095,0.09835323123443014
Pakistan,large_city,00_01,2100,0.09704264173640671
Pakistan,large_city,02_05,2011,0.218099182353909
Pakistan,large_city,02_05,2012,0.21871044751493968
Pakistan,large_city,02_05,2013,0.2197264661310985
Pakistan,large_city,02_05,2014,0.22086937905861634
Pakistan,large_city,02_05,2015,0.22205008362949608
Pakistan,large_city,02_05,2016,0.22350209597933623
Pakistan,large_city,02_05,2017,0.2245248309398669
Pakistan,large_city,02_05,2018,0.22599835540634153
Pakistan,large_city,02_05,2019,0.22627926456563321
Pakistan,large_city,02_05,2020,0.2252861825973374
Pakistan,large_city,02_05,2025,0.2299584952503811
Pakistan,large_city,02_05,2030,0.23416222767106976
Pakistan,large_city,02_05,2035,0.2378527187652789
Pakistan,large_city,02_05,2040,0.24115772149306025
Pakistan,large_city,02_05,2045,0.2438988429582545
Pakistan,large_city,02_05,2050,0.24590034041866288
Pakistan,large_city,02_05,2055,0.24709551694673504
Pakistan,large_city,02_05,2060,0.24748287554162854
Pakistan,large_city,02_05,2065,0.24710838790139458
Pakistan,large_city,02_05,2070,0.2460277576762525
Pakistan,large_city,02_05,2075,0.24431232642687853
Pakistan,large_city,02_05,2080,0.2420816185225017
Pakistan,large_city,02_05,2085,0.23946758349117492
Pakistan,large_city,02_05,2090,0.23660718979542925
Pakistan,large_city,02_05,2095,0.23359216022867937
Pakistan,large_city,02_05,2100,0.23047946704947306
Pakistan,large_city,06_10,2011,0.227649910037638
Pakistan,large_city,06_10,2012,0.22828794296108093
Pakistan,large_city,06_10,2013,0.2293484537987135
Pakistan,large_city,06_10,2014,0.23054141574530204
Pakistan,large_city,06_10,2015,0.2317738242598174
Pakistan,large_city,06_10,2016,0.2332894213255518
Pakistan,large_city,06_10,2017,0.23435694262134166
Pakistan,large_city,06_10,2018,0.23589499383552215
Pakistan,large_city,06_10,2019,0.2361882042187584
Pakistan,large_city,06_10,2020,0.23515163444209738
Pakistan,large_city,06_10,2025,0.24002855119003424
Pakistan,large_city,06_10,2030,0.24441636822384225
Pakistan,large_city,06_10,2035,0.24826846870640215
Pakistan,large_city,06_10,2040,0.2517181999962365
Pakistan,large_city,06_10,2045,0.2545793572377209
Pakistan,large_city,06_10,2050,0.256668501781432
Pakistan,large_city,06_10,2055,0.2579160159910599
Pakistan,large_city,06_10,2060,0.2583203373109662
Pakistan,large_city,06_10,2065,0.25792945057453115
Pakistan,large_city,06_10,2070,0.2568014987368285
Pakistan,large_city,06_10,2075,0.25501094745928155
Pakistan,large_city,06_10,2080,0.2526825551733921
Pakistan,large_city,06_10,2085,0.24995404957656167
Pakistan,large_city,06_10,2090,0.246968397083596
Pakistan,large_city,06_10,2095,0.24382133709820983
Pakistan,large_city,06_10,2100,0.24057233673712072
Pakistan,large_city,11_20,2011,0.24573634096712
Pakistan,large_city,11_20,2012,0.2464250646129914
Pakistan,large_city,11_20,2013,0.2475698313855885
Pakistan,large_city,11_20,2014,0.24885757230153796
Pakistan,large_city,11_20,2015,0.25018789375382255
Pakistan,large_city,11_20,2016,0.2518239026468307
Pakistan,large_city,11_20,2017,0.2529762368475712
Pakistan,large_city,11_20,2018,0.25463648383616116
Pakistan,large_city,11_20,2019,0.2549529893278529
Pakistan,large_city,11_20,2020,0.2538340656962482
Pakistan,large_city,11_20,2025,0.25909844588704706
Pakistan,large_city,11_20,2030,0.26383486815289775
Pakistan,large_city,11_20,2035,0.2679930120215487
Pakistan,large_city,11_20,2040,0.2717168190915516
Pakistan,large_city,11_20,2045,0.27480529082140076
Pakistan,large_city,11_20,2050,0.2770604146465678
Pakistan,large_city,11_20,2055,0.27840704191792387
Pakistan,large_city,11_20,2060,0.27884348593721797
Pakistan,large_city,11_20,2065,0.2784215438581359
Pakistan,large_city,11_20,2070,0.2772039780030105
Pakistan,large_city,11_20,2075,0.27527117021413133
Pakistan,large_city,11_20,2080,0.27275779078614937
Pakistan,large_city,11_20,2085,0.26981250966759956
Pakistan,large_city,11_20,2090,0.26658965173236276
Pakistan,large_city,11_20,2095,0.2631925627307244
Pakistan,large_city,11_20,2100,0.2596854343492421
Pakistan,large_city,21_30,2011,0.151410352965953
Pakistan,large_city,21_30,2012,0.15183470977824617
Pakistan,large_city,21_30,2013,0.152540057389513
Pakistan,large_city,21_30,2014,0.1533334984647942
Pakistan,large_city,21_30,2015,0.15415317552133317
Pakistan,large_city,21_30,2016,0.15516120177813716
Pakistan,large_city,21_30,2017,0.15587121205737467
Pakistan,large_city,21_30,2018,0.156894172607547
Pakistan,large_city,21_30,2019,0.157089187345799
Pakistan,large_city,21_30,2020,0.1563997629760194
Pakistan,large_city,21_30,2025,0.15964340882709221
Pakistan,large_city,21_30,2030,0.1625617536036355
Pakistan,large_city,21_30,2035,0.16512379236582206
Pakistan,large_city,21_30,2040,0.16741821467481907
Pakistan,large_city,21_30,2045,0.16932117535577262
Pakistan,large_city,21_30,2050,0.1707106690424071
Pakistan,large_city,21_30,2055,0.1715403929231614
Pakistan,large_city,21_30,2060,0.17180930773955008
Pakistan,large_city,21_30,2065,0.17154932828810396
Pakistan,large_city,21_30,2070,0.17079912554984275
Pakistan,large_city,21_30,2075,0.16960822676630183
Pakistan,large_city,21_30,2080,0.1680596089882784
Pakistan,large_city,21_30,2085,0.16624487514798225
Pakistan,large_city,21_30,2090,0.16425911245772304
Pakistan,large_city,21_30,2095,0.16216599736220833
Pakistan,large_city,21_30,2100,0.16000508154468096
Pakistan,large_city,31_50,2011,0.123613380885738
Pakistan,large_city,31_50,2012,0.12395983130502504
Pakistan,large_city,31_50,2013,0.12453568626619788
Pakistan,large_city,31_50,2014,0.1251834618768338
Pakistan,large_city,31_50,2015,0.1258526568837039
Pakistan,large_city,31_50,2016,0.12667562262669477
Pakistan,large_city,31_50,2017,0.12725528425062552
Pakistan,large_city,31_50,2018,0.1280904425449066
Pakistan,large_city,31_50,2019,0.1282496551129091
Pakistan,large_city,31_50,2020,0.12768680009312958
Pakistan,large_city,31_50,2025,0.13033495474169096
Pakistan,large_city,31_50,2030,0.13271752936325512
Pakistan,large_city,31_50,2035,0.13480921112180308
Pakistan,large_city,31_50,2040,0.1366824073282643
Pakistan,large_city,31_50,2045,0.13823600917158207
Pakistan,large_city,31_50,2050,0.13937040988434504
Pakistan,large_city,31_50,2055,0.1400478072491391
Pakistan,large_city,31_50,2060,0.14026735280182365
Pakistan,large_city,31_50,2065,0.14005510219726097
Pakistan,large_city,31_50,2070,0.13944262692717782
Pakistan,large_city,31_50,2075,0.13847036167554533
Pakistan,large_city,31_50,2080,0.13720604998554958
Pakistan,large_city,31_50,2085,0.1357244776821206
Pakistan,large_city,31_50,2090,0.13410327520176643
Pakistan,large_city,31_50,2095,0.1323944288219041
Pakistan,large_city,31_50,2100,0.1306302290510067
Pakistan,large_city,51+,2011,0.0823319043773287
Pakistan,large_city,51+,2012,0.08256265547067991
Pakistan,large_city,51+,2013,0.08294619999683697
Pakistan,large_city,51+,2014,0.08337764681311766
Pakistan,large_city,51+,2015,0.08382335988172422
Pakistan,large_city,51+,2016,0.08437149096892725
Pakistan,large_city,51+,2017,0.08475757089854902
Pakistan,large_city,51+,2018,0.08531382275681862
Pakistan,large_city,51+,2019,0.08541986527285149
Pakistan,large_city,51+,2020,0.08504497927479257
Pakistan,large_city,51+,2025,0.08680876579805957
Pakistan,large_city,51+,2030,0.08839566443725941
Pakistan,large_city,51+,2035,0.08978881573931592
Pakistan,large_city,51+,2040,0.09103644613212022
Pakistan,large_city,51+,2045,0.09207121273657637
Pakistan,large_city,51+,2050,0.09282677310018382
Pakistan,large_city,51+,2055,0.0932779492970005
Pakistan,large_city,51+,2060,0.09342417621289402
Pakistan,large_city,51+,2065,0.09328280805069612
Pakistan,large_city,51+,2070,0.09287487280122199
Pakistan,large_city,51+,2075,0.09222730172798359
Pakistan,large_city,51+,2080,0.0913852149860953
Pakistan,large_city,51+,2085,0.09039842319753667
Pakistan,large_city,51+,2090,0.0893186316196962
Pakistan,large_city,51+,2095,0.08818046538126592
Pakistan,large_city,51+,2100,0.08700543136958162
Pakistan,city,No_travel,2011,0.0
Pakistan,city,No_travel,2012,0.0
Pakistan,city,No_travel,2013,0.0
Pakistan,city,No_travel,2014,0.0
Pakistan,city,No_travel,2015,0.0
Pakistan,city,No_travel,2016,0.0
Pakistan,city,No_travel,2017,0.0
Pakistan,city,No_travel,2018,0.0
Pakistan,city,No_travel,2019,0.0
Pakistan,city,No_travel,2020,0.0
Pakistan,city,No_travel,2025,0.0
Pakistan,city,No_travel,2030,0.0
Pakistan,city,No_travel,2035,0.0
Pakistan,city,No_travel,2040,0.0
Pakistan,city,No_travel,2045,0.0
Pakistan,city,No_travel,2050,0.0
Pakistan,city,No_travel,2055,0.0
Pakistan,city,No_travel,2060,0.0
Pakistan,city,No_travel,2065,0.0
Pakistan,city,No_travel,2070,0.0
Pakistan,city,No_travel,2075,0.0
Pakistan,city,No_travel,2080,0.0
Pakistan,city,No_travel,2085,0.0
Pakistan,city,No_travel,2090,0.0
Pakistan,city,No_travel,2095,0.0
Pakistan,city,No_travel,2100,0.0
Pakistan,city,00_01,2011,0.14143918779263
Pakistan,city,00_01,2012,0.1418355984850911
Pakistan,city,00_01,2013,0.14249449525994698
Pakistan,city,00_01,2014,0.14323568408257864
Pakistan,city,00_01,2015,0.1440013811096188
Pakistan,city,00_01,2016,0.1449430235550866
Pakistan,city,00_01,2017,0.1456062759367936
Pakistan,city,00_01,2018,0.14656186917415176
Pakistan,city,00_01,2019,0.1467440411699608
Pakistan,city,00_01,2020,0.1461000190076982
Pakistan,city,00_01,2025,0.14913005378191102
Pakistan,city,00_01,2030,0.1518562102620162
Pakistan,city,00_01,2035,0.15424952534594835
Pakistan,city,00_01,2040,0.15639284792251482
Pakistan,city,00_01,2045,0.15817048867060757
Pakistan,city,00_01,2050,0.1594684769166607
Pakistan,city,00_01,2055,0.16024355913189353
Pakistan,city,00_01,2060,0.1604947644984379
Pakistan,city,00_01,2065,0.16025190605623096
Pakistan,city,00_01,2070,0.1595511080995461
Pakistan,city,00_01,2075,0.15843863624152768
Pakistan,city,00_01,2080,0.1569920030593561
Pakistan,city,00_01,2085,0.15529677895213137
Pakistan,city,00_01,2090,0.1534417891409503
Pakistan,city,00_01,2095,0.15148651664295495
Pakistan,city,00_01,2100,0.14946790845578534
Pakistan,city,02_05,2011,0.288371801420151
Pakistan,city,02_05,2012,0.28918001919396075
Pakistan,city,02_05,2013,0.2905234039579746
Pakistan,city,02_05,2014,0.29203456899865726
Pakistan,city,02_05,2015,0.29359570233430227
Pakistan,city,02_05,2016,0.2955155601370163
Pakistan,city,02_05,2017,0.29686782528427863
Pakistan,city,02_05,2018,0.2988161265124072
Pakistan,city,02_05,2019,0.29918754597132524
Pakistan,city,02_05,2020,0.29787448815485607
Pakistan,city,02_05,2025,0.3040522427067737
Pakistan,city,02_05,2030,0.30961043819269346
Pakistan,city,02_05,2035,0.3144900234963888
Pakistan,city,02_05,2040,0.3188599142040132
Pakistan,city,02_05,2045,0.32248423835918966
Pakistan,city,02_05,2050,0.3251306280520187
Pakistan,city,02_05,2055,0.32671089627996636
Pakistan,city,02_05,2060,0.32722306370122595
Pakistan,city,02_05,2065,0.3267279143189205
Pakistan,city,02_05,2070,0.32529909977074123
Pakistan,city,02_05,2075,0.32303094821576805
Pakistan,city,02_05,2080,0.32008149535728153
Pakistan,city,02_05,2085,0.3166252055040904
Pakistan,city,02_05,2090,0.31284317902462144
Pakistan,city,02_05,2095,0.3088566922431725
Pakistan,city,02_05,2100,0.3047410741575467
Pakistan,city,06_10,2011,0.300942920069744
Pakistan,city,06_10,2012,0.3017863708360975
Pakistan,city,06_10,2013,0.303188318362411
Pakistan,city,06_10,2014,0.30476536028471657
Pakistan,city,06_10,2015,0.3063945487918227
Pakistan,city,06_10,2016,0.3083980997993141
Pakistan,city,06_10,2017,0.309809314835325
Pakistan,city,06_10,2018,0.311842549214973
Pakistan,city,06_10,2019,0.31223016012556504
Pakistan,city,06_10,2020,0.3108598616027462
Pakistan,city,06_10,2025,0.31730692572334485
Pakistan,city,06_10,2030,0.3231074220673479
Pakistan,city,06_10,2035,0.3281997252772722
Pakistan,city,06_10,2040,0.3327601145506397
Pakistan,city,06_10,2045,0.33654243546123724
Pakistan,city,06_10,2050,0.33930419038276677
Pakistan,city,06_10,2055,0.34095334793794363
Pakistan,city,06_10,2060,0.34148784249864406
Pakistan,city,06_10,2065,0.34097110785174767
Pakistan,city,06_10,2070,0.33948000636314984
Pakistan,city,06_10,2075,0.3371129782808172
Pakistan,city,06_10,2080,0.33403494862788397
Pakistan,city,06_10,2085,0.3304279872124324
Pakistan,city,06_10,2090,0.3264810891908252
Pakistan,city,06_10,2095,0.32232081773945426
Pakistan,city,06_10,2100,0.31802578570622325
Pakistan,city,11_20,2011,0.352477571210292
Pakistan,city,11_20,2012,0.3534654578084909
Pakistan,city,11_20,2013,0.35510748035191786
Pakistan,city,11_20,2014,0.35695458114545786
Pakistan,city,11_20,2015,0.3588627583104014
Pakistan,city,11_20,2016,0.3612094052850265
Pakistan,city,11_20,2017,0.362862282343019
Pakistan,city,11_20,2018,0.3652436957873808
Pakistan,city,11_20,2019,0.3656976827172226
Pakistan,city,11_20,2020,0.364092728877324
Pakistan,city,11_20,2025,0.37164381365492566
Pakistan,city,11_20,2030,0.37843760984283575
Pakistan,city,11_20,2035,0.3844019391145944
Pakistan,city,11_20,2040,0.3897432674119258
Pakistan,city,11_20,2045,0.394173287854993
Pakistan,city,11_20,2050,0.39740797656869725
Pakistan,city,11_20,2055,0.3993395423601674
Pakistan,city,11_20,2060,0.3999655658749825
Pakistan,city,11_20,2065,0.399360343551573
Pakistan,city,11_20,2070,0.397613899970155
Pakistan,city,11_20,2075,0.3948415326745435
Pakistan,city,11_20,2080,0.3912364090985255
Pakistan,city,11_20,2085,0.38701177740134857
Pakistan,city,11_20,2090,0.38238899701446194
Pakistan,city,11_20,2095,0.3775163042911544
Pakistan,city,11_20,2100,0.3724857740530853
Pakistan,city,21_30,2011,0.15857884585093
Pakistan,city,21_30,2012,0.15902329375164626
Pakistan,city,21_30,2013,0.1597620359045264
Pakistan,city,21_30,2014,0.16059304228885932
Pakistan,city,21_30,2015,0.16145152679173655
Pakistan,city,21_30,2016,0.16250727785010277
Pakistan,city,21_30,2017,0.16325090342403625
Pakistan,city,21_30,2018,0.16432229583690408
Pakistan,city,21_30,2019,0.16452654350894325
Pakistan,city,21_30,2020,0.16380447848023455
Pakistan,city,21_30,2025,0.1672016940955231
Pakistan,city,21_30,2030,0.1702582073219561
Pakistan,city,21_30,2035,0.17294154529703004
Pakistan,city,21_30,2040,0.17534459657145104
Pakistan,city,21_30,2045,0.17733765254532607
Pakistan,city,21_30,2050,0.1787929315327094
Pakistan,city,21_30,2055,0.17966193852468543
Pakistan,city,21_30,2060,0.1799435850592835
Pakistan,city,21_30,2065,0.17967129693269449
Pakistan,city,21_30,2070,0.17888557599580174
Pakistan,city,21_30,2075,0.17763829434748762
Pakistan,city,21_30,2080,0.17601635757042713
Pakistan,city,21_30,2085,0.17411570551933853
Pakistan,city,21_30,2090,0.17203592729158448
Pakistan,city,21_30,2095,0.16984371408041443
Pakistan,city,21_30,2100,0.16758049013560558
Pakistan,city,31_50,2011,0.235491949480815
Pakistan,city,31_50,2012,0.23615196123724258
Pakistan,city,31_50,2013,0.23724900434417082
Pakistan,city,31_50,2014,0.2384830612098736
Pakistan,city,31_50,2015,0.23975792349113695
Pakistan,city,31_50,2016,0.24132572954727896
Pakistan,city,31_50,2017,0.24243002460725185
Pakistan,city,31_50,2018,0.24402105830794088
Pakistan,city,31_50,2019,0.24432436914494013
Pakistan,city,31_50,2020,0.24325209181595528
Pakistan,city,31_50,2025,0.2482970076353264
Pakistan,city,31_50,2030,0.25283597532956237
Pakistan,city,31_50,2035,0.2568207722138838
Pakistan,city,31_50,2040,0.26038933917046087
Pakistan,city,31_50,2045,0.26334905699533023
Pakistan,city,31_50,2050,0.26551016798045823
Pakistan,city,31_50,2055,0.26680065631485606
Pakistan,city,31_50,2060,0.26721890561627526
Pakistan,city,31_50,2065,0.2668145536902233
Pakistan,city,31_50,2070,0.26564774638888433
Pakistan,city,31_50,2075,0.26379551455217864
Pakistan,city,31_50,2080,0.26138691426558275
Pakistan,city,31_50,2085,0.25856441764320026
Pakistan,city,31_50,2090,0.2554759159788486
Pakistan,city,31_50,2095,0.2522204466884407
Pakistan,city,31_50,2100,0.24885952540026515
Pakistan,city,51+,2011,0.100050611660432
Pakistan,city,51+,2012,0.10033102285953771
Pakistan,city,51+,2013,0.10079711027402477
Pakistan,city,51+,2014,0.1013214090643211
Pakistan,city,51+,2015,0.1018630443571811
Pakistan,city,51+,2016,0.10252913912274639
Pakistan,city,51+,2017,0.10299830758666827
Pakistan,city,51+,2018,0.10367427080017619
Pakistan,city,51+,2019,0.10380313480097077
Pakistan,city,51+,2020,0.10334756932252843
Pakistan,city,51+,2025,0.10549094158903807
Pakistan,city,51+,2030,0.10741935780503381
Pakistan,city,51+,2035,0.10911233018263695
Pakistan,city,51+,2040,0.11062846399334215
Pakistan,city,51+,2045,0.11188592344948628
Pakistan,city,51+,2050,0.1128040884925157
Pakistan,city,51+,2055,0.11335236263726592
Pakistan,city,51+,2060,0.11353005915099303
Pakistan,city,51+,2065,0.11335826704677558
Pakistan,city,51+,2070,0.11286253976418188
Pakistan,city,51+,2075,0.1120756044629629
Pakistan,city,51+,2080,0.11105229163867866
Pakistan,city,51+,2085,0.10985313169244076
Pakistan,city,51+,2090,0.10854095740659403
Pakistan,city,51+,2095,0.1071578456082283
Pakistan,city,51+,2100,0.10572993169709086
Pakistan,town,No_travel,2011,0.0
Pakistan,town,No_travel,2012,0.0
Pakistan,town,No_travel,2013,0.0
Pakistan,town,No_travel,2014,0.0
Pakistan,town,No_travel,2015,0.0
Pakistan,town,No_travel,2016,0.0
Pakistan,town,No_travel,2017,0.0
Pakistan,town,No_travel,2018,0.0
Pakistan,town,No_travel,2019,0.0
Pakistan,town,No_travel,2020,0.0
Pakistan,town,No_travel,2025,0.0
Pakistan,town,No_travel,2030,0.0
Pakistan,town,No_travel,2035,0.0
Pakistan,town,No_travel,2040,0.0
Pakistan,town,No_travel,2045,0.0
Pakistan,town,No_travel,2050,0.0
Pakistan,town,No_travel,2055,0.0
Pakistan,town,No_travel,2060,0.0
Pakistan,town,No_travel,2065,0.0
Pakistan,town,No_travel,2070,0.0
Pakistan,town,No_travel,2075,0.0
Pakistan,town,No_travel,2080,0.0
Pakistan,town,No_travel,2085,0.0
Pakistan,town,No_travel,2090,0.0
Pakistan,town,No_travel,2095,0.0
Pakistan,town,No_travel,2100,0.0
Pakistan,town,00_01,2011,0.136283799718559
Pakistan,town,00_01,2012,0.13666576143836803
Pakistan,town,00_01,2013,0.13730064175337178
Pakistan,town,00_01,2014,0.13801481461192402
Pakistan,town,00_01,2015,0.13875260236301906
Pakistan,town,00_01,2016,0.1396599224095169
Pakistan,town,00_01,2017,0.14029899957166764
Pakistan,town,00_01,2018,0.14121976191062752
Pakistan,town,00_01,2019,0.1413952938277619
Pakistan,town,00_01,2020,0.14077474595311776
Pakistan,town,00_01,2025,0.14369433746628826
Pakistan,town,00_01,2030,0.14632112689808863
Pakistan,town,00_01,2035,0.1486272068371238
Pakistan,town,00_01,2040,0.15069240637139508
Pakistan,town,00_01,2045,0.15240525299803023
Pakistan,town,00_01,2050,0.15365593021785068
Pakistan,town,00_01,2055,0.15440276107169496
Pakistan,town,00_01,2060,0.15464481012752346
Pakistan,town,00_01,2065,0.15441080375479022
Pakistan,town,00_01,2070,0.15373554953520263
Pakistan,town,00_01,2075,0.15266362672330835
Pakistan,town,00_01,2080,0.15126972260138744
Pakistan,town,00_01,2085,0.14963628857003672
Pakistan,town,00_01,2090,0.1478489122152063
Pakistan,town,00_01,2095,0.14596490842763726
Pakistan,town,00_01,2100,0.14401987750527498
Pakistan,town,02_05,2011,0.261285967590787
Pakistan,town,02_05,2012,0.2620182720741448
Pakistan,town,02_05,2013,0.2632354770372635
Pakistan,town,02_05,2014,0.26460470321645174
Pakistan,town,02_05,2015,0.26601920432971393
Pakistan,town,02_05,2016,0.26775873607709166
Pakistan,town,02_05,2017,0.26898398731768347
Pakistan,town,02_05,2018,0.2707492908912052
Pakistan,town,02_05,2019,0.27108582411750376
Pakistan,town,02_05,2020,0.2698960975894965
Pakistan,town,02_05,2025,0.27549359556844905
Pakistan,town,02_05,2030,0.2805297276675143
Pakistan,town,02_05,2035,0.2849509892514797
Pakistan,town,02_05,2040,0.28891043020993895
Pakistan,town,02_05,2045,0.2921943332791167
Pakistan,town,02_05,2050,0.29459215611792355
Pakistan,town,02_05,2055,0.2960239948447299
Pakistan,town,02_05,2060,0.29648805603092515
Pakistan,town,02_05,2065,0.29603941443413756
Pakistan,town,02_05,2070,0.2947448038311234
Pakistan,town,02_05,2075,0.29268969244101817
Pakistan,town,02_05,2080,0.2900172721828728
Pakistan,town,02_05,2085,0.28688562049530203
Pakistan,town,02_05,2090,0.2834588275728475
Pakistan,town,02_05,2095,0.27984677864556295
Pakistan,town,02_05,2100,0.27611772730128775
Pakistan,town,06_10,2011,0.234847781523163
Pakistan,town,06_10,2012,0.2355059878742419
Pakistan,town,06_10,2013,0.23660003011417996
Pakistan,town,06_10,2014,0.23783071132354902
Pakistan,town,06_10,2015,0.23910208632877672
Pakistan,town,06_10,2016,0.24066560378640228
Pakistan,town,06_10,2017,0.2417668781422917
Pakistan,town,06_10,2018,0.24335355970724193
Pakistan,town,06_10,2019,0.2436560408635543
Pakistan,town,06_10,2020,0.2425866966569058
Pakistan,town,06_10,2025,0.24761781254329807
Pakistan,town,06_10,2030,0.25214436428210163
Pakistan,town,06_10,2035,0.25611826109754043
Pakistan,town,06_10,2040,0.259677066546375
Pakistan,town,06_10,2045,0.2626286883178945
Pakistan,town,06_10,2050,0.264783887769942
Pakistan,town,06_10,2055,0.2660708460845808
Pakistan,town,06_10,2060,0.26648795130103714
Pakistan,town,06_10,2065,0.26608470544487395
Pakistan,town,06_10,2070,0.264921089844474
Pakistan,town,06_10,2075,0.2630739246285253
Pakistan,town,06_10,2080,0.26067191286069125
Pakistan,town,06_10,2085,0.25785713693487067
Pakistan,town,06_10,2090,0.2547770836009767
Pakistan,town,06_10,2095,0.25153051936659565
Pakistan,town,06_10,2100,0.24817879158930997
Pakistan,town,11_20,2011,0.286274279539271
Pakistan,town,11_20,2012,0.28707661860213624
Pakistan,town,11_20,2013,0.2884102320260847
Pakistan,town,11_20,2014,0.2899104053480111
Pakistan,town,11_20,2015,0.29146018351191466
Pakistan,town,11_20,2016,0.29336607689879635
Pakistan,town,11_20,2017,0.29470850611299876
Pakistan,town,11_20,2018,0.2966426360371495
Pakistan,town,11_20,2019,0.2970113539127705
Pakistan,town,11_20,2020,0.29570784684809936
Pakistan,town,11_20,2025,0.3018406664400676
Pakistan,town,11_20,2030,0.30735843343543273
Pakistan,town,11_20,2035,0.3122025262364156
Pakistan,town,11_20,2040,0.3165406317926099
Pakistan,town,11_20,2045,0.3201385938028698
Pakistan,town,11_20,2050,0.32276573452524226
Pakistan,town,11_20,2055,0.32433450840051936
Pakistan,town,11_20,2060,0.32484295048397727
Pakistan,town,11_20,2065,0.32435140265584106
Pakistan,town,11_20,2070,0.3229329808359513
Pakistan,town,11_20,2075,0.3206813270713039
Pakistan,town,11_20,2080,0.3177533275653187
Pakistan,town,11_20,2085,0.31432217763065645
Pakistan,town,11_20,2090,0.31056766037107547
Pakistan,town,11_20,2095,0.3066101699866763
Pakistan,town,11_20,2100,0.30252448755684425
Pakistan,town,21_30,2011,0.142215623076087
Pakistan,town,21_30,2012,0.14261420987867127
Pakistan,town,21_30,2013,0.14327672369002276
Pakistan,town,21_30,2014,0.14402198129417512
Pakistan,town,21_30,2015,0.14479188164136655
Pakistan,town,21_30,2016,0.14573869326540836
Pakistan,town,21_30,2017,0.14640558659386452
Pakistan,town,21_30,2018,0.14736642559314833
Pakistan,town,21_30,2019,0.14754959762839062
Pakistan,town,21_30,2020,0.1469020400843296
Pakistan,town,21_30,2025,0.149948708338595
Pakistan,town,21_30,2030,0.15268983014841123
Pakistan,town,21_30,2035,0.15509628341776846
Pakistan,town,21_30,2040,0.15725137183729718
Pakistan,town,21_30,2045,0.1590387710053842
Pakistan,town,21_30,2050,0.16034388460253327
Pakistan,town,21_30,2055,0.16112322165823062
Pakistan,town,21_30,2060,0.16137580602526996
Pakistan,town,21_30,2065,0.16113161440329613
Pakistan,town,21_30,2070,0.16042696939213763
Pakistan,town,21_30,2075,0.15930839058161264
Pakistan,town,21_30,2080,0.1578538160568585
Pakistan,town,21_30,2085,0.15614928595862268
Pakistan,town,21_30,2090,0.15428411311710657
Pakistan,town,21_30,2095,0.15231810708351967
Pakistan,town,21_30,2100,0.15028841767731552
Pakistan,town,31_50,2011,0.175007801582025
Pakistan,town,31_50,2012,0.1754982948102026
Pakistan,town,31_50,2013,0.1763135715226656
Pakistan,town,31_50,2014,0.1772306711499352
Pakistan,town,31_50,2015,0.1781780956612853
Pakistan,town,31_50,2016,0.17934322377626893
Pakistan,town,31_50,2017,0.18016388983797432
Pakistan,town,31_50,2018,0.18134627977026024
Pakistan,town,31_50,2019,0.18157168774236407
Pakistan,town,31_50,2020,0.18077481592383435
Pakistan,town,31_50,2025,0.18452398708939238
Pakistan,town,31_50,2030,0.18789715869619836
Pakistan,town,31_50,2035,0.19085849365483906
Pakistan,town,31_50,2040,0.19351050387958643
Pakistan,town,31_50,2045,0.19571004280639684
Pakistan,town,31_50,2050,0.1973160904157349
Pakistan,town,31_50,2055,0.19827512755848278
Pakistan,town,31_50,2060,0.19858595300672408
Pakistan,town,31_50,2065,0.19828545550861498
Pakistan,town,31_50,2070,0.197418332954628
Pakistan,town,31_50,2075,0.19604183145435694
Pakistan,town,31_50,2080,0.19425186011148804
Pakistan,town,31_50,2085,0.192154298263005
Pakistan,town,31_50,2090,0.18985905255438412
Pakistan,town,31_50,2095,0.18743972346526597
Pakistan,town,31_50,2100,0.18494202684663166
Pakistan,town,51+,2011,0.0762610743674654
Pakistan,town,51+,2012,0.07647481078500025
Pakistan,town,51+,2013,0.07683007425004106
Pakistan,town,51+,2014,0.0772297078792013
Pakistan,town,51+,2015,0.07764255582349004
Pakistan,town,51+,2016,0.07815026988549856
Pakistan,town,51+,2017,0.07850788180334918
Pakistan,town,51+,2018,0.07902311784278447
Pakistan,town,51+,2019,0.07912134120179039
Pakistan,town,51+,2020,0.07877409781912469
Pakistan,town,51+,2025,0.08040782967843822
Pakistan,town,51+,2030,0.08187771666882068
Pakistan,town,51+,2035,0.08316814248679215
Pakistan,town,51+,2040,0.08432377753359861
Pakistan,town,51+,2045,0.08528224452852858
Pakistan,town,51+,2050,0.08598209284995334
Pakistan,town,51+,2055,0.08640000109291804
Pakistan,town,51+,2060,0.08653544581257827
Pakistan,town,51+,2065,0.08640450158127329
Pakistan,town,51+,2070,0.08602664586868486
Pakistan,town,51+,2075,0.08542682413313842
Pakistan,town,51+,2080,0.08464682954741032
Pakistan,town,51+,2085,0.08373279989460909
Pakistan,town,51+,2090,0.08273262789030732
Pakistan,town,51+,2095,0.08167838554272752
Pakistan,town,51+,2100,0.0805899939061309
Pakistan,rural,No_travel,2011,0.0
Pakistan,rural,No_travel,2012,0.0
Pakistan,rural,No_travel,2013,0.0
Pakistan,rural,No_travel,2014,0.0
Pakistan,rural,No_travel,2015,0.0
Pakistan,rural,No_travel,2016,0.0
Pakistan,rural,No_travel,2017,0.0
Pakistan,rural,No_travel,2018,0.0
Pakistan,rural,No_travel,2019,0.0
Pakistan,rural,No_travel,2020,0.0
Pakistan,rural,No_travel,2025,0.0
Pakistan,rural,No_travel,2030,0.0
Pakistan,rural,No_travel,2035,0.0
Pakistan,rural,No_travel,2040,0.0
Pakistan,rural,No_travel,2045,0.0
Pakistan,rural,No_travel,2050,0.0
Pakistan,rural,No_travel,2055,0.0
Pakistan,rural,No_travel,2060,0.0
Pakistan,rural,No_travel,2065,0.0
Pakistan,rural,No_travel,2070,0.0
Pakistan,rural,No_travel,2075,0.0
Pakistan,rural,No_travel,2080,0.0
Pakistan,rural,No_travel,2085,0.0
Pakistan,rural,No_travel,2090,0.0
Pakistan,rural,No_travel,2095,0.0
Pakistan,rural,No_travel,2100,0.0
Pakistan,rural,00_01,2011,0.0478840154180537
Pakistan,rural,00_01,2012,0.0480182196368839
Pakistan,rural,00_01,2013,0.04824128810764154
Pakistan,rural,00_01,2014,0.0484922164222372
Pakistan,rural,00_01,2015,0.048751441951035514
Pakistan,rural,00_01,2016,0.04907023352556846
Pakistan,rural,00_01,2017,0.04929477658020112
Pakistan,rural,00_01,2018,0.04961829117347023
Pakistan,rural,00_01,2019,0.049679965217221435
Pakistan,rural,00_01,2020,0.04946193252325148
Pakistan,rural,00_01,2025,0.050487746048555146
Pakistan,rural,00_01,2030,0.05141068205350996
Pakistan,rural,00_01,2035,0.05222093512529151
Pakistan,rural,00_01,2040,0.05294655362539661
Pakistan,rural,00_01,2045,0.05354837111542796
Pakistan,rural,00_01,2050,0.05398780300242088
Pakistan,rural,00_01,2055,0.054250205871976966
Pakistan,rural,00_01,2060,0.05433525105522804
Pakistan,rural,00_01,2065,0.05425303171013331
Pakistan,rural,00_01,2070,0.05401577765991889
Pakistan,rural,00_01,2075,0.05363915205542514
Pakistan,rural,00_01,2080,0.053149396658208545
Pakistan,rural,00_01,2085,0.05257548119281138
Pakistan,rural,00_01,2090,0.0519474772986632
Pakistan,rural,00_01,2095,0.051285522858018545
Pakistan,rural,00_01,2100,0.05060212621903928
Pakistan,rural,02_05,2011,0.123784799035439
Pakistan,rural,02_05,2012,0.1241317298872602
Pakistan,rural,02_05,2013,0.12470838340269338
Pakistan,rural,02_05,2014,0.12535705730197574
Pakistan,rural,02_05,2015,0.12602718030037108
Pakistan,rural,02_05,2016,0.126851287273089
Pakistan,rural,02_05,2017,0.12743175273008633
Pakistan,rural,02_05,2018,0.12826806916184805
Pakistan,rural,02_05,2019,0.12842750251439364
Pakistan,rural,02_05,2020,0.12786386696773788
Pakistan,rural,02_05,2025,0.13051569388678266
Pakistan,rural,02_05,2030,0.13290157249154205
Pakistan,rural,02_05,2035,0.13499615484397592
Pakistan,rural,02_05,2040,0.13687194866426697
Pakistan,rural,02_05,2045,0.13842770493092826
Pakistan,rural,02_05,2050,0.13956367874904446
Pakistan,rural,02_05,2055,0.14024201547980403
Pakistan,rural,02_05,2060,0.1404618654824773
Pakistan,rural,02_05,2065,0.1402493205440355
Pakistan,rural,02_05,2070,0.13963599593728035
Pakistan,rural,02_05,2075,0.13866238241809578
Pakistan,rural,02_05,2080,0.13739631747154324
Pakistan,rural,02_05,2085,0.13591269063015823
Pakistan,rural,02_05,2090,0.13428923998275707
Pakistan,rural,02_05,2095,0.1325780238975889
Pakistan,rural,02_05,2100,0.1308113776612825
Pakistan,rural,06_10,2011,0.148707724813786
Pakistan,rural,06_10,2012,0.14912450698772053
Pakistan,rural,06_10,2013,0.14981726436143802
Pakistan,rural,06_10,2014,0.15059654275797804
Pakistan,rural,06_10,2015,0.15140158883159355
Pakistan,rural,06_10,2016,0.1523916221302781
Pakistan,rural,06_10,2017,0.1530889589447795
Pakistan,rural,06_10,2018,0.15409365996429691
Pakistan,rural,06_10,2019,0.15428519374955357
Pakistan,rural,06_10,2020,0.15360807539236856
Pakistan,rural,06_10,2025,0.15679382316434018
Pakistan,rural,06_10,2030,0.15966007638574
Pakistan,rural,06_10,2035,0.16217638354536446
Pakistan,rural,06_10,2040,0.16442985112303835
Pakistan,rural,06_10,2045,0.16629884454212332
Pakistan,rural,06_10,2050,0.16766353619454283
Pakistan,rural,06_10,2055,0.16847844975965673
Pakistan,rural,06_10,2060,0.1687425645294233
Pakistan,rural,06_10,2065,0.168487225631088
Pakistan,rural,06_10,2070,0.16775041378057348
Pakistan,rural,06_10,2075,0.16658077217341272
Pakistan,rural,06_10,2080,0.16505979674561072
Pakistan,rural,06_10,2085,0.1632774553452594
Pakistan,rural,06_10,2090,0.16132713790722425
Pakistan,rural,06_10,2095,0.1592713842712931
Pakistan,rural,06_10,2100,0.15714904013534833
Pakistan,rural,11_20,2011,0.227309082564942
Pakistan,rural,11_20,2012,0.22794616025344214
Pakistan,rural,11_20,2013,0.22900508334070618
Pakistan,rural,11_20,2014,0.23019625923692813
Pakistan,rural,11_20,2015,0.23142682264340345
Pakistan,rural,11_20,2016,0.23294015062360446
Pakistan,rural,11_20,2017,0.23400607367327492
Pakistan,rural,11_20,2018,0.23554182218455466
Pakistan,rural,11_20,2019,0.23583459358604975
Pakistan,rural,11_20,2020,0.23479957571624954
Pakistan,rural,11_20,2025,0.23966919095807349
Pakistan,rural,11_20,2030,0.24405043874443463
Pakistan,rural,11_20,2035,0.24789677203090021
Pakistan,rural,11_20,2040,0.2513413385341691
Pakistan,rural,11_20,2045,0.2541982121763697
Pakistan,rural,11_20,2050,0.2562842289443887
Pakistan,rural,11_20,2055,0.25752987543039146
Pakistan,rural,11_20,2060,0.25793359141812966
Pakistan,rural,11_20,2065,0.2575432899001929
Pakistan,rural,11_20,2070,0.25641702678256967
Pakistan,rural,11_20,2075,0.25462915623995713
Pakistan,rural,11_20,2080,0.25230424992099876
Pakistan,rural,11_20,2085,0.24957982932322081
Pakistan,rural,11_20,2090,0.24659864681837576
Pakistan,rural,11_20,2095,0.2434562984733371
Pakistan,rural,11_20,2100,0.24021216237326035
Pakistan,rural,21_30,2011,0.153212938930544
Pakistan,rural,21_30,2012,0.1536423478388057
Pakistan,rural,21_30,2013,0.15435609282633728
Pakistan,rural,21_30,2014,0.1551589800571687
Pakistan,rural,21_30,2015,0.15598841561653573
Pakistan,rural,21_30,2016,0.1570084427302617
Pakistan,rural,21_30,2017,0.1577269058962338
Pakistan,rural,21_30,2018,0.15876204510059955
Pakistan,rural,21_30,2019,0.15895938154818764
Pakistan,rural,21_30,2020,0.15826174937314064
Pakistan,rural,21_30,2025,0.16154401180736458
Pakistan,rural,21_30,2030,0.16449710035955453
Pakistan,rural,21_30,2035,0.16708964096671397
Pakistan,rural,21_30,2040,0.1694113790660121
Pakistan,rural,21_30,2045,0.17133699506839822
Pakistan,rural,21_30,2050,0.17274303109687622
Pakistan,rural,21_30,2055,0.1735826330909341
Pakistan,rural,21_30,2060,0.17385474941940038
Pakistan,rural,21_30,2065,0.17359167483409402
Pakistan,rural,21_30,2070,0.17283254070573892
Pakistan,rural,21_30,2075,0.1716274639126339
Pakistan,rural,21_30,2080,0.17006040937241754
Pakistan,rural,21_30,2085,0.1682240705778636
Pakistan,rural,21_30,2090,0.16621466678325217
Pakistan,rural,21_30,2095,0.16409663252058979
Pakistan,rural,21_30,2100,0.16190999034784936
Pakistan,rural,31_50,2011,0.152668305095647
Pakistan,rural,31_50,2012,0.15309618756219903
Pakistan,rural,31_50,2013,0.1538073953640829
Pakistan,rural,31_50,2014,0.15460742853079562
Pakistan,rural,31_50,2015,0.15543391565334883
Pakistan,rural,31_50,2016,0.15645031682475868
Pakistan,rural,31_50,2017,0.15716622603313396
Pakistan,rural,31_50,2018,0.1581976855754655
Pakistan,rural,31_50,2019,0.15839432054113592
Pakistan,rural,31_50,2020,0.1576991682747017
Pakistan,rural,31_50,2025,0.16096976308353336
Pakistan,rural,31_50,2030,0.16391235414148952
Pakistan,rural,31_50,2035,0.16649567891255274
Pakistan,rural,31_50,2040,0.16880916381121736
Pakistan,rural,31_50,2045,0.17072793472835648
Pakistan,rural,31_50,2050,0.1721289726489753
Pakistan,rural,31_50,2055,0.17296559006707635
Pakistan,rural,31_50,2060,0.17323673908977494
Pakistan,rural,31_50,2065,0.17297459966909148
Pakistan,rural,31_50,2070,0.172218164073474
Pakistan,rural,31_50,2075,0.17101737102820225
Pakistan,rural,31_50,2080,0.169455886976547
Pakistan,rural,31_50,2085,0.1676260759090038
Pakistan,rural,31_50,2090,0.16562381504437046
Pakistan,rural,31_50,2095,0.16351330986594187
Pakistan,rural,31_50,2100,0.1613344406614664
Pakistan,rural,51+,2011,0.0512532102732799
Pakistan,rural,51+,2012,0.051396857312635595
Pakistan,rural,51+,2013,0.0516356212328554
Pakistan,rural,51+,2014,0.051904205259470725
Pakistan,rural,51+,2015,0.0521816703053677
Pakistan,rural,51+,2016,0.05252289255793441
Pakistan,rural,51+,2017,0.05276323481607664
Pakistan,rural,51+,2018,0.053109512406427695
Pakistan,rural,51+,2019,0.0531755259331795
Pakistan,rural,51+,2020,0.0529421521149454
Pakistan,rural,51+,2025,0.0540401434979684
Pakistan,rural,51+,2030,0.055028018736035744
Pakistan,rural,51+,2035,0.05589528249201001
Pakistan,rural,51+,2040,0.05667195665434533
Pakistan,rural,51+,2045,0.05731611897225915
Pakistan,rural,51+,2050,0.05778646997996391
Pakistan,rural,51+,2055,0.058067335929326204
Pakistan,rural,51+,2060,0.05815836502581784
Pakistan,rural,51+,2065,0.058070360597912596
Pakistan,rural,51+,2070,0.05781641297848964
Pakistan,rural,51+,2075,0.05741328740238891
Pakistan,rural,51+,2080,0.05688907204290274
Pakistan,rural,51+,2085,0.056274774980087955
Pakistan,rural,51+,2090,0.05560258374135822
Pakistan,rural,51+,2095,0.054894053142128224
Pakistan,rural,51+,2100,0.0541625716376667
Sri Lanka,large_city,No_travel,2011,0.0
Sri Lanka,large_city,No_travel,2012,0.0
Sri Lanka,large_city,No_travel,2013,0.0
Sri Lanka,large_city,No_travel,2014,0.0
Sri Lanka,large_city,No_travel,2015,0.0
Sri Lanka,large_city,No_travel,2016,0.0
Sri Lanka,large_city,No_travel,2017,0.0
Sri Lanka,large_city,No_travel,2018,0.0
Sri Lanka,large_city,No_travel,2019,0.0
Sri Lanka,large_city,No_travel,2020,0.0
Sri Lanka,large_city,No_travel,2025,0.0
Sri Lanka,large_city,No_travel,2030,0.0
Sri Lanka,large_city,No_travel,2035,0.0
Sri Lanka,large_city,No_travel,2040,0.0
Sri Lanka,large_city,No_travel,2045,0.0
Sri Lanka,large_city,No_travel,2050,0.0
Sri Lanka,large_city,No_travel,2055,0.0
Sri Lanka,large_city,No_travel,2060,0.0
Sri Lanka,large_city,No_travel,2065,0.0
Sri Lanka,large_city,No_travel,2070,0.0
Sri Lanka,large_city,No_travel,2075,0.0
Sri Lanka,large_city,No_travel,2080,0.0
Sri Lanka,large_city,No_travel,2085,0.0
Sri Lanka,large_city,No_travel,2090,0.0
Sri Lanka,large_city,No_travel,2095,0.0
Sri Lanka,large_city,No_travel,2100,0.0
Sri Lanka,large_city,00_01,2011,0.0918299625000023
Sri Lanka,large_city,00_01,2012,0.09219149963192498
Sri Lanka,large_city,00_01,2013,0.09234144446363363
Sri Lanka,large_city,00_01,2014,0.09256558735059493
Sri Lanka,large_city,00_01,2015,0.09269546385377607
Sri Lanka,large_city,00_01,2016,0.09284003588152355
Sri Lanka,large_city,00_01,2017,0.0930022807814312
Sri Lanka,large_city,00_01,2018,0.09304957250290495
Sri Lanka,large_city,00_01,2019,0.09303676110233566
Sri Lanka,large_city,00_01,2020,0.09290543869450463
Sri Lanka,large_city,00_01,2025,0.09275599550560193
Sri Lanka,large_city,00_01,2030,0.09307235916507
Sri Lanka,large_city,00_01,2035,0.09328418412522045
Sri Lanka,large_city,00_01,2040,0.0933588638752118
Sri Lanka,large_city,00_01,2045,0.09327904638061345
Sri Lanka,large_city,00_01,2050,0.09303267472616408
Sri Lanka,large_city,00_01,2055,0.09261854510000239
Sri Lanka,large_city,00_01,2060,0.09205622635356038
Sri Lanka,large_city,00_01,2065,0.09137619783495787
Sri Lanka,large_city,00_01,2070,0.09060786864478197
Sri Lanka,large_city,00_01,2075,0.08974349619440576
Sri Lanka,large_city,00_01,2080,0.08882425976733187
Sri Lanka,large_city,00_01,2085,0.08786780962797912
Sri Lanka,large_city,00_01,2090,0.08691431187365146
Sri Lanka,large_city,00_01,2095,0.08598082438133643
Sri Lanka,large_city,00_01,2100,0.08504757761554252
Sri Lanka,large_city,02_05,2011,0.218099182353909
Sri Lanka,large_city,02_05,2012,0.21895784493762627
Sri Lanka,large_city,02_05,2013,0.2193139688464632
Sri Lanka,large_city,02_05,2014,0.21984631557781145
Sri Lanka,large_city,02_05,2015,0.2201547765461015
Sri Lanka,large_city,02_05,2016,0.22049813986875308
Sri Lanka,large_city,02_05,2017,0.2208834768442631
Sri Lanka,large_city,02_05,2018,0.2209957962387694
Sri Lanka,large_city,02_05,2019,0.22096536874089284
Sri Lanka,large_city,02_05,2020,0.2206534737014857
Sri Lanka,large_city,02_05,2025,0.2202985412108181
Sri Lanka,large_city,02_05,2030,0.22104991531114485
Sri Lanka,large_city,02_05,2035,0.22155300656102922
Sri Lanka,large_city,02_05,2040,0.22173037342439375
Sri Lanka,large_city,02_05,2045,0.221540804248544
Sri Lanka,large_city,02_05,2050,0.2209556634630342
Sri Lanka,large_city,02_05,2055,0.21997209197508558
Sri Lanka,large_city,02_05,2060,0.2186365664507092
Sri Lanka,large_city,02_05,2065,0.21702147634453017
Sri Lanka,large_city,02_05,2070,0.21519666923806968
Sri Lanka,large_city,02_05,2075,0.21314375622858986
Sri Lanka,large_city,02_05,2080,0.21096053946930238
Sri Lanka,large_city,02_05,2085,0.20868893891893614
Sri Lanka,large_city,02_05,2090,0.20642435038014473
Sri Lanka,large_city,02_05,2095,0.2042072868720168
Sri Lanka,large_city,02_05,2100,0.20199079509729703
Sri Lanka,large_city,06_10,2011,0.227649910037638
Sri Lanka,large_city,06_10,2012,0.22854617410349187
Sri Lanka,large_city,06_10,2013,0.22891789294688225
Sri Lanka,large_city,06_10,2014,0.22947355154308738
Sri Lanka,large_city,06_10,2015,0.22979552024981734
Sri Lanka,large_city,06_10,2016,0.2301539197113294
Sri Lanka,large_city,06_10,2017,0.2305561308836147
Sri Lanka,large_city,06_10,2018,0.23067336882911668
Sri Lanka,large_city,06_10,2019,0.23064160888816
Sri Lanka,large_city,06_10,2020,0.23031605572974875
Sri Lanka,large_city,06_10,2025,0.22994558047762792
Sri Lanka,large_city,06_10,2030,0.23072985781648758
Sri Lanka,large_city,06_10,2035,0.23125497981163132
Sri Lanka,large_city,06_10,2040,0.2314401137037111
Sri Lanka,large_city,06_10,2045,0.2312422431506795
Sri Lanka,large_city,06_10,2050,0.23063147860886427
Sri Lanka,large_city,06_10,2055,0.22960483578365756
Sri Lanka,large_city,06_10,2060,0.22821082658932734
Sri Lanka,large_city,06_10,2065,0.22652501046931223
Sri Lanka,large_city,06_10,2070,0.22462029368340666
Sri Lanka,large_city,06_10,2075,0.2224774820649531
Sri Lanka,large_city,06_10,2080,0.22019866059721388
Sri Lanka,large_city,06_10,2085,0.21782758494552631
Sri Lanka,large_city,06_10,2090,0.21546382836668881
Sri Lanka,large_city,06_10,2095,0.2131496779754505
Sri Lanka,large_city,06_10,2100,0.2108361243542575
Sri Lanka,large_city,11_20,2011,0.24573634096712
Sri Lanka,large_city,11_20,2012,0.24670381181763268
Sri Lanka,large_city,11_20,2013,0.24710506314440972
Sri Lanka,large_city,11_20,2014,0.247704867950991
Sri Lanka,large_city,11_20,2015,0.24805241657020488
Sri Lanka,large_city,11_20,2016,0.24843929031095002
Sri Lanka,large_city,11_20,2017,0.2488734565346799
Sri Lanka,large_city,11_20,2018,0.2490000088524269
Sri Lanka,large_city,11_20,2019,0.24896572563360753
Sri Lanka,large_city,11_20,2020,0.24861430778360688
Sri Lanka,large_city,11_20,2025,0.24821439884948962
Sri Lanka,large_city,11_20,2030,0.249060985801898
Sri Lanka,large_city,11_20,2035,0.2496278279220053
Sri Lanka,large_city,11_20,2040,0.24982767041358003
Sri Lanka,large_city,11_20,2045,0.2496140793531703
Sri Lanka,large_city,11_20,2050,0.24895479051939337
Sri Lanka,large_city,11_20,2055,0.24784658252008104
Sri Lanka,large_city,11_20,2060,0.24634182146556277
Sri Lanka,large_city,11_20,2065,0.24452206987942152
Sri Lanka,large_city,11_20,2070,0.24246602631028633
Sri Lanka,large_city,11_20,2075,0.2401529716448417
Sri Lanka,large_city,11_20,2080,0.23769310135933633
Sri Lanka,large_city,11_20,2085,0.23513364743859635
Sri Lanka,large_city,11_20,2090,0.2325820940796495
Sri Lanka,large_city,11_20,2095,0.23008408804267586
Sri Lanka,large_city,11_20,2100,0.22758672618819847
Sri Lanka,large_city,21_30,2011,0.151410352965953
Sri Lanka,large_city,21_30,2012,0.15200645976230184
Sri Lanka,large_city,21_30,2013,0.1522536906145896
Sri Lanka,large_city,21_30,2014,0.15262326011789434
Sri Lanka,large_city,21_30,2015,0.15283740206735488
Sri Lanka,large_city,21_30,2016,0.1530757741754808
Sri Lanka,large_city,21_30,2017,0.15334328552899945
Sri Lanka,large_city,21_30,2018,0.1534212606914167
Sri Lanka,large_city,21_30,2019,0.15340013709918848
Sri Lanka,large_city,21_30,2020,0.15318361112465118
Sri Lanka,large_city,21_30,2025,0.15293720738708988
Sri Lanka,large_city,21_30,2030,0.15345883161562707
Sri Lanka,large_city,21_30,2035,0.15380809117220565
Sri Lanka,large_city,21_30,2040,0.1539312240473345
Sri Lanka,large_city,21_30,2045,0.1537996199967503
Sri Lanka,large_city,21_30,2050,0.15339339943272703
Sri Lanka,large_city,21_30,2055,0.15271057749570624
Sri Lanka,large_city,21_30,2060,0.1517834195446382
Sri Lanka,large_city,21_30,2065,0.15066218029738798
Sri Lanka,large_city,21_30,2070,0.14939534983474267
Sri Lanka,large_city,21_30,2075,0.14797016208291816
Sri Lanka,large_city,21_30,2080,0.14645451394266745
Sri Lanka,large_city,21_30,2085,0.14487750738346591
Sri Lanka,large_city,21_30,2090,0.14330536875240646
Sri Lanka,large_city,21_30,2095,0.14176622328340208
Sri Lanka,large_city,21_30,2100,0.14022747472719763
Sri Lanka,large_city,31_50,2011,0.123613380885738
Sri Lanka,large_city,31_50,2012,0.12410005022519999
Sri Lanka,large_city,31_50,2013,0.12430189270764518
Sri Lanka,large_city,31_50,2014,0.12460361405549802
Sri Lanka,large_city,31_50,2015,0.1247784423274342
Sri Lanka,large_city,31_50,2016,0.12497305241595917
Sri Lanka,large_city,31_50,2017,0.12519145216330801
Sri Lanka,large_city,31_50,2018,0.1252551120997833
Sri Lanka,large_city,31_50,2019,0.12523786652442706
Sri Lanka,large_city,31_50,2020,0.1250610919034198
Sri Lanka,large_city,31_50,2025,0.1248599246881919
Sri Lanka,large_city,31_50,2030,0.12528578549082733
Sri Lanka,large_city,31_50,2035,0.12557092553409135
Sri Lanka,large_city,31_50,2040,0.12567145281439088
Sri Lanka,large_city,31_50,2045,0.12556400955630254
Sri Lanka,large_city,31_50,2050,0.12523236580592095
Sri Lanka,large_city,31_50,2055,0.12467490109809434
Sri Lanka,large_city,31_50,2060,0.12391795729140243
Sri Lanka,large_city,31_50,2065,0.12300256299095094
Sri Lanka,large_city,31_50,2070,0.12196830612919037
Sri Lanka,large_city,31_50,2075,0.12080476431749147
Sri Lanka,large_city,31_50,2080,0.11956736946846355
Sri Lanka,large_city,31_50,2085,0.11827988080838678
Sri Lanka,large_city,31_50,2090,0.1169963663881408
Sri Lanka,large_city,31_50,2095,0.1157397880143926
Sri Lanka,large_city,31_50,2100,0.11448353368541515
Sri Lanka,large_city,51+,2011,0.0823319043773287
Sri Lanka,large_city,51+,2012,0.08265604738865041
Sri Lanka,large_city,51+,2013,0.08279048328745751
Sri Lanka,large_city,51+,2014,0.08299144286790118
Sri Lanka,large_city,51+,2015,0.08310788612399823
Sri Lanka,large_city,51+,2016,0.083237504932937
Sri Lanka,large_city,51+,2017,0.08338296869249048
Sri Lanka,large_city,51+,2018,0.0834253689873857
Sri Lanka,large_city,51+,2019,0.08341388268184996
Sri Lanka,large_city,51+,2020,0.0832961430723609
Sri Lanka,large_city,51+,2025,0.08316215693097943
Sri Lanka,large_city,51+,2030,0.083445798803966
Sri Lanka,large_city,51+,2035,0.0836357145121842
Sri Lanka,large_city,51+,2040,0.08370267006642622
Sri Lanka,large_city,51+,2045,0.08363110816926318
Sri Lanka,large_city,51+,2050,0.08341021896335275
Sri Lanka,large_city,51+,2055,0.08303892314821004
Sri Lanka,large_city,51+,2060,0.08253476555082845
Sri Lanka,large_city,51+,2065,0.08192507301210575
Sri Lanka,large_city,51+,2070,0.08123621282210108
Sri Lanka,large_city,51+,2075,0.0804612432153045
Sri Lanka,large_city,51+,2080,0.079637084263764
Sri Lanka,large_city,51+,2085,0.0787795606486926
Sri Lanka,large_city,51+,2090,0.07792468405072708
Sri Lanka,large_city,51+,2095,0.07708774803483018
Sri Lanka,large_city,51+,2100,0.07625102784688724
Sri Lanka,city,No_travel,2011,0.0
Sri Lanka,city,No_travel,2012,0.0
Sri Lanka,city,No_travel,2013,0.0
Sri Lanka,city,No_travel,2014,0.0
Sri Lanka,city,No_travel,2015,0.0
Sri Lanka,city,No_travel,2016,0.0
Sri Lanka,city,No_travel,2017,0.0
Sri Lanka,city,No_travel,2018,0.0
Sri Lanka,city,No_travel,2019,0.0
Sri Lanka,city,No_travel,2020,0.0
Sri Lanka,city,No_travel,2025,0.0
Sri Lanka,city,No_travel,2030,0.0
Sri Lanka,city,No_travel,2035,0.0
Sri Lanka,city,No_travel,2040,0.0
Sri Lanka,city,No_travel,2045,0.0
Sri Lanka,city,No_travel,2050,0.0
Sri Lanka,city,No_travel,2055,0.0
Sri Lanka,city,No_travel,2060,0.0
Sri Lanka,city,No_travel,2065,0.0
Sri Lanka,city,No_travel,2070,0.0
Sri Lanka,city,No_travel,2075,0.0
Sri Lanka,city,No_travel,2080,0.0
Sri Lanka,city,No_travel,2085,0.0
Sri Lanka,city,No_travel,2090,0.0
Sri Lanka,city,No_travel,2095,0.0
Sri Lanka,city,No_travel,2100,0.0
Sri Lanka,city,00_01,2011,0.14143918779263
Sri Lanka,city,00_01,2012,0.14199603783268114
Sri Lanka,city,00_01,2013,0.14222698723779031
Sri Lanka,city,00_01,2014,0.14257221865265998
Sri Lanka,city,00_01,2015,0.1427722582325878
Sri Lanka,city,00_01,2016,0.14299493228826035
Sri Lanka,city,00_01,2017,0.1432448266173192
Sri Lanka,city,00_01,2018,0.14331766670668067
Sri Lanka,city,00_01,2019,0.1432979342136939
Sri Lanka,city,00_01,2020,0.1430956676092336
Sri Lanka,city,00_01,2025,0.14286549084901182
Sri Lanka,city,00_01,2030,0.14335276338865013
Sri Lanka,city,00_01,2035,0.14367902237321506
Sri Lanka,city,00_01,2040,0.14379404630326767
Sri Lanka,city,00_01,2045,0.14367110906905467
Sri Lanka,city,00_01,2050,0.14329164025787614
Sri Lanka,city,00_01,2055,0.14265378572357668
Sri Lanka,city,00_01,2060,0.1417876859821407
Sri Lanka,city,00_01,2065,0.14074028621491372
Sri Lanka,city,00_01,2070,0.13955688317676215
Sri Lanka,city,00_01,2075,0.1382255515067581
Sri Lanka,city,00_01,2080,0.13680971673894224
Sri Lanka,city,00_01,2085,0.13533656432559787
Sri Lanka,city,00_01,2090,0.1338679592618182
Sri Lanka,city,00_01,2095,0.13243017458747933
Sri Lanka,city,00_01,2100,0.13099276068715254
Sri Lanka,city,02_05,2011,0.288371801420151
Sri Lanka,city,02_05,2012,0.28950712927148076
Sri Lanka,city,02_05,2013,0.2899779980386705
Sri Lanka,city,02_05,2014,0.29068186948028796
Sri Lanka,city,02_05,2015,0.29108971807528755
Sri Lanka,city,02_05,2016,0.29154371473325746
Sri Lanka,city,02_05,2017,0.2920532091595195
Sri Lanka,city,02_05,2018,0.29220171841012105
Sri Lanka,city,02_05,2019,0.29216148702419537
Sri Lanka,city,02_05,2020,0.29174909788363496
Sri Lanka,city,02_05,2025,0.2912798044153529
Sri Lanka,city,02_05,2030,0.2922732749112673
Sri Lanka,city,02_05,2035,0.2929384646127695
Sri Lanka,city,02_05,2040,0.29317297994358665
Sri Lanka,city,02_05,2045,0.2929223306557557
Sri Lanka,city,02_05,2050,0.2921486546585295
Sri Lanka,city,02_05,2055,0.2908481716455075
Sri Lanka,city,02_05,2060,0.2890823332909095
Sri Lanka,city,02_05,2065,0.2869468532842997
Sri Lanka,city,02_05,2070,0.2845340844382414
Sri Lanka,city,02_05,2075,0.2818197128559495
Sri Lanka,city,02_05,2080,0.27893305302086224
Sri Lanka,city,02_05,2085,0.27592953170663215
Sri Lanka,city,02_05,2090,0.27293528170826664
Sri Lanka,city,02_05,2095,0.2700038695369717
Sri Lanka,city,02_05,2100,0.2670732133143743
Sri Lanka,city,06_10,2011,0.300942920069744
Sri Lanka,city,06_10,2012,0.3021277407669587
Sri Lanka,city,06_10,2013,0.30261913632321585
Sri Lanka,city,06_10,2014,0.3033536919418681
Sri Lanka,city,06_10,2015,0.3037793200598778
Sri Lanka,city,06_10,2016,0.3042531079936443
Sri Lanka,city,06_10,2017,0.30478481303430166
Sri Lanka,city,06_10,2018,0.30493979631391954
Sri Lanka,city,06_10,2019,0.30489781110350955
Sri Lanka,city,06_10,2020,0.30446744450194135
Sri Lanka,city,06_10,2025,0.3039776929172893
Sri Lanka,city,06_10,2030,0.30501447220906214
Sri Lanka,city,06_10,2035,0.3057086598175056
Sri Lanka,city,06_10,2040,0.30595339847818487
Sri Lanka,city,06_10,2045,0.3056918225258144
Sri Lanka,city,06_10,2050,0.3048844193308887
Sri Lanka,city,06_10,2055,0.3035272437904491
Sri Lanka,city,06_10,2060,0.3016844264685514
Sri Lanka,city,06_10,2065,0.2994558535436857
Sri Lanka,city,06_10,2070,0.29693790380515295
Sri Lanka,city,06_10,2075,0.29410520342978197
Sri Lanka,city,06_10,2080,0.2910927041641083
Sri Lanka,city,06_10,2085,0.2879582490254827
Sri Lanka,city,06_10,2090,0.28483346937126797
Sri Lanka,city,06_10,2095,0.28177426686113016
Sri Lanka,city,06_10,2100,0.2787158532540936
Sri Lanka,city,11_20,2011,0.352477571210292
Sri Lanka,city,11_20,2012,0.35386528527107514
Sri Lanka,city,11_20,2013,0.3544408293381458
Sri Lanka,city,11_20,2014,0.3553011731545792
Sri Lanka,city,11_20,2015,0.35579968750819846
Sri Lanka,city,11_20,2016,0.3563546087541412
Sri Lanka,city,11_20,2017,0.3569773650605124
Sri Lanka,city,11_20,2018,0.3571588882874594
Sri Lanka,city,11_20,2019,0.357109713364226
Sri Lanka,city,11_20,2020,0.3566056490904573
Sri Lanka,city,11_20,2025,0.3560320305151656
Sri Lanka,city,11_20,2030,0.35724635197705773
Sri Lanka,city,11_20,2035,0.3580594150061921
Sri Lanka,city,11_20,2040,0.3583460636792278
Sri Lanka,city,11_20,2045,0.3580396944303444
Sri Lanka,city,11_20,2050,0.35709402833170717
Sri Lanka,city,11_20,2055,0.35550444470538595
Sri Lanka,city,11_20,2060,0.3533460560858557
Sri Lanka,city,11_20,2065,0.35073585355429376
Sri Lanka,city,11_20,2070,0.34778672018354706
Sri Lanka,city,11_20,2075,0.34446893703700937
Sri Lanka,city,11_20,2080,0.34094056552990976
Sri Lanka,city,11_20,2085,0.3372693539457518
Sri Lanka,city,11_20,2090,0.33360947471406993
Sri Lanka,city,11_20,2095,0.3300264023149455
Sri Lanka,city,11_20,2100,0.32644425391379717
Sri Lanka,city,21_30,2011,0.15857884585093
Sri Lanka,city,21_30,2012,0.15920317520435373
Sri Lanka,city,21_30,2013,0.15946211115190645
Sri Lanka,city,21_30,2014,0.1598491778494456
Sri Lanka,city,21_30,2015,0.1600734583066833
Sri Lanka,city,21_30,2016,0.16032311609460326
Sri Lanka,city,21_30,2017,0.16060329271966234
Sri Lanka,city,21_30,2018,0.16068495960055226
Sri Lanka,city,21_30,2019,0.16066283591607386
Sri Lanka,city,21_30,2020,0.1604360585625689
Sri Lanka,city,21_30,2025,0.16017798888932394
Sri Lanka,city,21_30,2030,0.1607243093126566
Sri Lanka,city,21_30,2035,0.16109010449310304
Sri Lanka,city,21_30,2040,0.16121906706958308
Sri Lanka,city,21_30,2045,0.16108123225153967
Sri Lanka,city,21_30,2050,0.16065577925614108
Sri Lanka,city,21_30,2055,0.15994062925104993
Sri Lanka,city,21_30,2060,0.1589695751921842
Sri Lanka,city,21_30,2065,0.15779525109697726
Sri Lanka,city,21_30,2070,0.15646844279939495
Sri Lanka,city,21_30,2075,0.15497577981844254
Sri Lanka,city,21_30,2080,0.1533883736200625
Sri Lanka,city,21_30,2085,0.1517367040006557
Sri Lanka,city,21_30,2090,0.15009013278047548
Sri Lanka,city,21_30,2095,0.14847811677701045
Sri Lanka,city,21_30,2100,0.14686651647810248
Sri Lanka,city,31_50,2011,0.235491949480815
Sri Lanka,city,31_50,2012,0.23641908787539043
Sri Lanka,city,31_50,2013,0.23680361161657829
Sri Lanka,city,31_50,2014,0.2373784114311026
Sri Lanka,city,31_50,2015,0.23771147125268183
Sri Lanka,city,31_50,2016,0.23808221678853725
Sri Lanka,city,31_50,2017,0.2384982832523842
Sri Lanka,city,31_50,2018,0.2386195597876344
Sri Lanka,city,31_50,2019,0.23858670578646196
Sri Lanka,city,31_50,2020,0.23824993803671313
Sri Lanka,city,31_50,2025,0.2378667007257829
Sri Lanka,city,31_50,2030,0.2386779946965609
Sri Lanka,city,31_50,2035,0.23922120599118082
Sri Lanka,city,31_50,2040,0.23941271733925745
Sri Lanka,city,31_50,2045,0.23920803058023107
Sri Lanka,city,31_50,2050,0.2385762265412923
Sri Lanka,city,31_50,2055,0.2375142181254381
Sri Lanka,city,31_50,2060,0.23607218837584268
Sri Lanka,city,31_50,2065,0.23432829959282972
Sri Lanka,city,31_50,2070,0.23235796949672918
Sri Lanka,city,31_50,2075,0.23014134272399583
Sri Lanka,city,31_50,2080,0.2277840208613695
Sri Lanka,city,31_50,2085,0.22533126686076355
Sri Lanka,city,31_50,2090,0.22288608405899343
Sri Lanka,city,31_50,2095,0.22049221626904178
Sri Lanka,city,31_50,2100,0.21809896580655286
Sri Lanka,city,51+,2011,0.100050611660432
Sri Lanka,city,51+,2012,0.10044451371812718
Sri Lanka,city,51+,2013,0.10060788166165399
Sri Lanka,city,51+,2014,0.10085208989532081
Sri Lanka,city,51+,2015,0.1009935929867937
Sri Lanka,city,51+,2016,0.10115110715113983
Sri Lanka,city,51+,2017,0.10132787626911204
Sri Lanka,city,51+,2018,0.10137940156141435
Sri Lanka,city,51+,2019,0.10136544327995274
Sri Lanka,city,51+,2020,0.10122236484595887
Sri Lanka,city,51+,2025,0.10105954345247088
Sri Lanka,city,51+,2030,0.10140422809324827
Sri Lanka,city,51+,2035,0.10163501569514888
Sri Lanka,city,51+,2040,0.10171638080150273
Sri Lanka,city,51+,2045,0.10162941801791488
Sri Lanka,city,51+,2050,0.10136099109001047
Sri Lanka,city,51+,2055,0.1009097884402851
Sri Lanka,city,51+,2060,0.1002971307303394
Sri Lanka,city,51+,2065,0.09955622582979873
Sri Lanka,city,51+,2070,0.09871911555183623
Sri Lanka,city,51+,2075,0.09777736418868431
Sri Lanka,city,51+,2080,0.09677583740716905
Sri Lanka,city,51+,2085,0.09573376552932258
Sri Lanka,city,51+,2090,0.09469491033500267
Sri Lanka,city,51+,2095,0.09367785672808783
Sri Lanka,city,51+,2100,0.09266106539761335
Sri Lanka,town,No_travel,2011,0.0
Sri Lanka,town,No_travel,2012,0.0
Sri Lanka,town,No_travel,2013,0.0
Sri Lanka,town,No_travel,2014,0.0
Sri Lanka,town,No_travel,2015,0.0
Sri Lanka,town,No_travel,2016,0.0
Sri Lanka,town,No_travel,2017,0.0
Sri Lanka,town,No_travel,2018,0.0
Sri Lanka,town,No_travel,2019,0.0
Sri Lanka,town,No_travel,2020,0.0
Sri Lanka,town,No_travel,2025,0.0
Sri Lanka,town,No_travel,2030,0.0
Sri Lanka,town,No_travel,2035,0.0
Sri Lanka,town,No_travel,2040,0.0
Sri Lanka,town,No_travel,2045,0.0
Sri Lanka,town,No_travel,2050,0.0
Sri Lanka,town,No_travel,2055,0.0
Sri Lanka,town,No_travel,2060,0.0
Sri Lanka,town,No_travel,2065,0.0
Sri Lanka,town,No_travel,2070,0.0
Sri Lanka,town,No_travel,2075,0.0
Sri Lanka,town,No_travel,2080,0.0
Sri Lanka,town,No_travel,2085,0.0
Sri Lanka,town,No_travel,2090,0.0
Sri Lanka,town,No_travel,2095,0.0
Sri Lanka,town,No_travel,2100,0.0
Sri Lanka,town,00_01,2011,0.136283799718559
Sri Lanka,town,00_01,2012,0.1368203528515059
Sri Lanka,town,00_01,2013,0.13704288426562264
Sri Lanka,town,00_01,2014,0.13737553216706305
Sri Lanka,town,00_01,2015,0.13756828040375849
Sri Lanka,town,00_01,2016,0.13778283810081127
Sri Lanka,town,00_01,2017,0.13802362390581877
Sri Lanka,town,00_01,2018,0.1380938090101378
Sri Lanka,town,00_01,2019,0.13807479575670975
Sri Lanka,town,00_01,2020,0.13787990166941877
Sri Lanka,town,00_01,2025,0.13765811473766743
Sri Lanka,town,00_01,2030,0.1381276264354989
Sri Lanka,town,00_01,2035,0.13844199344228642
Sri Lanka,town,00_01,2040,0.13855282480727638
Sri Lanka,town,00_01,2045,0.1384343685741283
Sri Lanka,town,00_01,2050,0.13806873121245228
Sri Lanka,town,00_01,2055,0.13745412615879848
Sri Lanka,town,00_01,2060,0.13661959532232892
Sri Lanka,town,00_01,2065,0.13561037275586943
Sri Lanka,town,00_01,2070,0.1344701041700922
Sri Lanka,town,00_01,2075,0.1331872988775461
Sri Lanka,town,00_01,2080,0.13182307058309004
Sri Lanka,town,00_01,2085,0.1304036138427877
Sri Lanka,town,00_01,2090,0.1289885387034193
Sri Lanka,town,00_01,2095,0.1276031605656199
Sri Lanka,town,00_01,2100,0.12621813968730422
Sri Lanka,town,02_05,2011,0.261285967590787
Sri Lanka,town,02_05,2012,0.2623146577564223
Sri Lanka,town,02_05,2013,0.262741299338011
Sri Lanka,town,02_05,2014,0.2633790584038309
Sri Lanka,town,02_05,2015,0.2637485990948771
Sri Lanka,town,02_05,2016,0.2641599533100828
Sri Lanka,town,02_05,2017,0.264621592567085
Sri Lanka,town,02_05,2018,0.2647561528224516
Sri Lanka,town,02_05,2019,0.26471970024093233
Sri Lanka,town,02_05,2020,0.2643460454831349
Sri Lanka,town,02_05,2025,0.26392083123770504
Sri Lanka,town,02_05,2030,0.26482098825208555
Sri Lanka,town,02_05,2035,0.2654236988289606
Sri Lanka,town,02_05,2040,0.2656361868906423
Sri Lanka,town,02_05,2045,0.2654090802825262
Sri Lanka,town,02_05,2050,0.2647080731780123
Sri Lanka,town,02_05,2055,0.26352974034269544
Sri Lanka,town,02_05,2060,0.2619297614931066
Sri Lanka,town,02_05,2065,0.25999486024045304
Sri Lanka,town,02_05,2070,0.25780871499528485
Sri Lanka,town,02_05,2075,0.25534929558677355
Sri Lanka,town,02_05,2080,0.2527337704057337
Sri Lanka,town,02_05,2085,0.25001236016761974
Sri Lanka,town,02_05,2090,0.24729935042055448
Sri Lanka,town,02_05,2095,0.24464327634600147
Sri Lanka,town,02_05,2100,0.24198788721632142
Sri Lanka,town,06_10,2011,0.234847781523163
Sri Lanka,town,06_10,2012,0.23577238381046423
Sri Lanka,town,06_10,2013,0.23615585572005623
Sri Lanka,town,06_10,2014,0.23672908321916428
Sri Lanka,town,06_10,2015,0.23706123198426995
Sri Lanka,town,06_10,2016,0.23743096337762426
Sri Lanka,town,06_10,2017,0.23784589172747256
Sri Lanka,town,06_10,2018,0.2379668365211996
Sri Lanka,town,06_10,2019,0.2379340723893194
Sri Lanka,town,06_10,2020,0.23759822583876244
Sri Lanka,town,06_10,2025,0.23721603684050885
Sri Lanka,town,06_10,2030,0.23802511158646253
Sri Lanka,town,06_10,2035,0.23856683697334335
Sri Lanka,town,06_10,2040,0.23875782445861182
Sri Lanka,town,06_10,2045,0.23855369760259618
Sri Lanka,town,06_10,2050,0.23792362180922288
Sri Lanka,town,06_10,2055,0.23686451842597708
Sri Lanka,town,06_10,2060,0.23542643322463783
Sri Lanka,town,06_10,2065,0.23368731469928422
Sri Lanka,town,06_10,2070,0.23172237427156386
Sri Lanka,town,06_10,2075,0.22951181089056946
Sri Lanka,town,06_10,2080,0.22716093727899003
Sri Lanka,town,06_10,2085,0.22471489257583002
Sri Lanka,town,06_10,2090,0.22227639836114316
Sri Lanka,town,06_10,2095,0.21988907879047687
Sri Lanka,town,06_10,2100,0.21750237485862717
Sri Lanka,town,11_20,2011,0.286274279539271
Sri Lanka,town,11_20,2012,0.2874013493882634
Sri Lanka,town,11_20,2013,0.2878687932105129
Sri Lanka,town,11_20,2014,0.28856754492217457
Sri Lanka,town,11_20,2015,0.28897242696029213
Sri Lanka,town,11_20,2016,0.28942312139550913
Sri Lanka,town,11_20,2017,0.2899289099264582
Sri Lanka,town,11_20,2018,0.29007633896949053
Sri Lanka,town,11_20,2019,0.2900364002134678
Sri Lanka,town,11_20,2020,0.28962701065622837
Sri Lanka,town,11_20,2025,0.28916113067467913
Sri Lanka,town,11_20,2030,0.2901473749921221
Sri Lanka,town,11_20,2035,0.29080772632195634
Sri Lanka,town,11_20,2040,0.29104053586519174
Sri Lanka,town,11_20,2045,0.29079170971805296
Sri Lanka,town,11_20,2050,0.2900236611862201
Sri Lanka,town,11_20,2055,0.2887326374600011
Sri Lanka,town,11_20,2060,0.28697964323429714
Sri Lanka,town,11_20,2065,0.2848596960086944
Sri Lanka,town,11_20,2070,0.28246447685169435
Sri Lanka,town,11_20,2075,0.27976984871782096
Sri Lanka,town,11_20,2080,0.27690418549938256
Sri Lanka,town,11_20,2085,0.27392251081386326
Sri Lanka,town,11_20,2090,0.2709500400076985
Sri Lanka,town,11_20,2095,0.2680399499668646
Sri Lanka,town,11_20,2100,0.26513061037620544
Sri Lanka,town,21_30,2011,0.142215623076087
Sri Lanka,town,21_30,2012,0.14277552996357512
Sri Lanka,town,21_30,2013,0.14300774717338266
Sri Lanka,town,21_30,2014,0.14335487374797182
Sri Lanka,town,21_30,2015,0.14355601145205016
Sri Lanka,town,21_30,2016,0.1437799078846059
Sri Lanka,town,21_30,2017,0.14403117401717438
Sri Lanka,town,21_30,2018,0.14410441396471035
Sri Lanka,town,21_30,2019,0.14408457314952502
Sri Lanka,town,21_30,2020,0.14388119619558645
Sri Lanka,town,21_30,2025,0.14364975587212697
Sri Lanka,town,21_30,2030,0.14413970331112197
Sri Lanka,town,21_30,2035,0.14446775330559805
Sri Lanka,town,21_30,2040,0.1445834086634687
Sri Lanka,town,21_30,2045,0.14445979656108243
Sri Lanka,town,21_30,2050,0.14407824464282043
Sri Lanka,town,21_30,2055,0.14343688858412826
Sri Lanka,town,21_30,2060,0.14256603435838888
Sri Lanka,town,21_30,2065,0.14151288485413463
Sri Lanka,town,21_30,2070,0.14032298548432484
Sri Lanka,town,21_30,2075,0.13898434542335286
Sri Lanka,town,21_30,2080,0.13756073838190874
Sri Lanka,town,21_30,2085,0.1360794990477507
Sri Lanka,town,21_30,2090,0.1346028320259891
Sri Lanka,town,21_30,2095,0.1331571545832556
Sri Lanka,town,21_30,2100,0.13171184994991092
Sri Lanka,town,31_50,2011,0.175007801582025
Sri Lanka,town,31_50,2012,0.17569681219387248
Sri Lanka,town,31_50,2013,0.17598257421142657
Sri Lanka,town,31_50,2014,0.17640974147600372
Sri Lanka,town,31_50,2015,0.17665725765351376
Sri Lanka,town,31_50,2016,0.1769327802831385
Sri Lanka,town,31_50,2017,0.17724198353747644
Sri Lanka,town,31_50,2018,0.17733211120368508
Sri Lanka,town,31_50,2019,0.17730769547936395
Sri Lanka,town,31_50,2020,0.1770574237241842
Sri Lanka,town,31_50,2025,0.17677261772797936
Sri Lanka,town,31_50,2030,0.17737553759244026
Sri Lanka,town,31_50,2035,0.1777792295856296
Sri Lanka,town,31_50,2040,0.1779215528373535
Sri Lanka,town,31_50,2045,0.17776943816936108
Sri Lanka,town,31_50,2050,0.1772999077411274
Sri Lanka,town,31_50,2055,0.1765106673508295
Sri Lanka,town,31_50,2060,0.1754390109445321
Sri Lanka,town,31_50,2065,0.17414302548604188
Sri Lanka,town,31_50,2070,0.17267875828170778
Sri Lanka,town,31_50,2075,0.17103145365291186
Sri Lanka,town,31_50,2080,0.1692795902974595
Sri Lanka,town,31_50,2085,0.1674568057546591
Sri Lanka,town,31_50,2090,0.16563964781126697
Sri Lanka,town,31_50,2095,0.16386062504585566
Sri Lanka,town,31_50,2100,0.16208206105248452
Sri Lanka,town,51+,2011,0.0762610743674654
Sri Lanka,town,51+,2012,0.07656131635116603
Sri Lanka,town,51+,2013,0.07668583947685009
Sri Lanka,town,51+,2014,0.07687198109017696
Sri Lanka,town,51+,2015,0.07697983827968286
Sri Lanka,town,51+,2016,0.0770998995087126
Sri Lanka,town,51+,2017,0.07723463734417234
Sri Lanka,town,51+,2018,0.0772739112084982
Sri Lanka,town,51+,2019,0.07726327185784437
Sri Lanka,town,51+,2020,0.07715421390293432
Sri Lanka,town,51+,2025,0.07703010737133666
Sri Lanka,town,51+,2030,0.07729283461095475
Sri Lanka,town,51+,2035,0.07746874668365017
Sri Lanka,town,51+,2040,0.07753076519931529
Sri Lanka,town,51+,2045,0.07746447999429422
Sri Lanka,town,51+,2050,0.07725987828750382
Sri Lanka,town,51+,2055,0.07691596036182148
Sri Lanka,town,51+,2060,0.07644897735787402
Sri Lanka,town,51+,2065,0.07588424114305589
Sri Lanka,town,51+,2070,0.07524617478741845
Sri Lanka,town,51+,2075,0.0745283483838704
Sri Lanka,town,51+,2080,0.07376495966391569
Sri Lanka,town,51+,2085,0.07297066645916837
Sri Lanka,town,51+,2090,0.07217882509092224
Sri Lanka,town,51+,2095,0.07140360143695926
Sri Lanka,town,51+,2100,0.07062857769664789
Sri Lanka,rural,No_travel,2011,0.0
Sri Lanka,rural,No_travel,2012,0.0
Sri Lanka,rural,No_travel,2013,0.0
Sri Lanka,rural,No_travel,2014,0.0
Sri Lanka,rural,No_travel,2015,0.0
Sri Lanka,rural,No_travel,2016,0.0
Sri Lanka,rural,No_travel,2017,0.0
Sri Lanka,rural,No_travel,2018,0.0
Sri Lanka,rural,No_travel,2019,0.0
Sri Lanka,rural,No_travel,2020,0.0
Sri Lanka,rural,No_travel,2025,0.0
Sri Lanka,rural,No_travel,2030,0.0
Sri Lanka,rural,No_travel,2035,0.0
Sri Lanka,rural,No_travel,2040,0.0
Sri Lanka,rural,No_travel,2045,0.0
Sri Lanka,rural,No_travel,2050,0.0
Sri Lanka,rural,No_travel,2055,0.0
Sri Lanka,rural,No_travel,2060,0.0
Sri Lanka,rural,No_travel,2065,0.0
Sri Lanka,rural,No_travel,2070,0.0
Sri Lanka,rural,No_travel,2075,0.0
Sri Lanka,rural,No_travel,2080,0.0
Sri Lanka,rural,No_travel,2085,0.0
Sri Lanka,rural,No_travel,2090,0.0
Sri Lanka,rural,No_travel,2095,0.0
Sri Lanka,rural,No_travel,2100,0.0
Sri Lanka,rural,00_01,2011,0.0478840154180537
Sri Lanka,rural,00_01,2012,0.04807253612663162
Sri Lanka,rural,00_01,2013,0.048150723685876175
Sri Lanka,rural,00_01,2014,0.04826760124046629
Sri Lanka,rural,00_01,2015,0.0483353243268257
Sri Lanka,rural,00_01,2016,0.04841071027948444
Sri Lanka,rural,00_01,2017,0.048495311613048944
Sri Lanka,rural,00_01,2018,0.04851997151117528
Sri Lanka,rural,00_01,2019,0.04851329110659179
Sri Lanka,rural,00_01,2020,0.04844481406456624
Sri Lanka,rural,00_01,2025,0.048366888083037726
Sri Lanka,rural,00_01,2030,0.048531853437866014
Sri Lanka,rural,00_01,2035,0.048642307905902765
Sri Lanka,rural,00_01,2040,0.04868124907720077
Sri Lanka,rural,00_01,2045,0.04863962886917795
Sri Lanka,rural,00_01,2050,0.048511160297711145
Sri Lanka,rural,00_01,2055,0.048295215644524575
Sri Lanka,rural,00_01,2060,0.0480019989340801
Sri Lanka,rural,00_01,2065,0.04764740338396782
Sri Lanka,rural,00_01,2070,0.047246764139576077
Sri Lanka,rural,00_01,2075,0.046796043888647575
Sri Lanka,rural,00_01,2080,0.046316715246355666
Sri Lanka,rural,00_01,2085,0.045817981804976274
Sri Lanka,rural,00_01,2090,0.04532078786166715
Sri Lanka,rural,00_01,2095,0.044834028112913336
Sri Lanka,rural,00_01,2100,0.04434739388912039
Sri Lanka,rural,02_05,2011,0.123784799035439
Sri Lanka,rural,02_05,2012,0.12427214325295294
Sri Lanka,rural,02_05,2013,0.12447426563604175
Sri Lanka,rural,02_05,2014,0.12477640538936823
Sri Lanka,rural,02_05,2015,0.124951476100583
Sri Lanka,rural,02_05,2016,0.1251463560603877
Sri Lanka,rural,02_05,2017,0.1253650586688048
Sri Lanka,rural,02_05,2018,0.12542880688430327
Sri Lanka,rural,02_05,2019,0.125411537394023
Sri Lanka,rural,02_05,2020,0.12523451763468013
Sri Lanka,rural,02_05,2025,0.12503307145522063
Sri Lanka,rural,02_05,2030,0.12545952281100084
Sri Lanka,rural,02_05,2035,0.12574505826597734
Sri Lanka,rural,02_05,2040,0.12584572495028198
Sri Lanka,rural,02_05,2045,0.12573813269760772
Sri Lanka,rural,02_05,2050,0.1254060290475159
Sri Lanka,rural,02_05,2055,0.12484779128771017
Sri Lanka,rural,02_05,2060,0.12408979780576594
Sri Lanka,rural,02_05,2065,0.12317313410230886
Sri Lanka,rural,02_05,2070,0.12213744300748801
Sri Lanka,rural,02_05,2075,0.12097228767965491
Sri Lanka,rural,02_05,2080,0.11973317690041013
Sri Lanka,rural,02_05,2085,0.11844390284362072
Sri Lanka,rural,02_05,2090,0.11715860853785218
Sri Lanka,rural,02_05,2095,0.1159002876315542
Sri Lanka,rural,02_05,2100,0.11464229121938896
Sri Lanka,rural,06_10,2011,0.148707724813786
Sri Lanka,rural,06_10,2012,0.1492931912874756
Sri Lanka,rural,06_10,2013,0.14953600914521975
Sri Lanka,rural,06_10,2014,0.14989898194675183
Sri Lanka,rural,06_10,2015,0.15010930152838986
Sri Lanka,rural,06_10,2016,0.1503434187678262
Sri Lanka,rural,06_10,2017,0.15060615512610256
Sri Lanka,rural,06_10,2018,0.1506827384558942
Sri Lanka,rural,06_10,2019,0.1506619919132792
Sri Lanka,rural,06_10,2020,0.15044933086067755
Sri Lanka,rural,06_10,2025,0.1502073253539168
Sri Lanka,rural,06_10,2030,0.15071963875068267
Sri Lanka,rural,06_10,2035,0.1510626641317803
Sri Lanka,rural,06_10,2040,0.15118359912302431
Sri Lanka,rural,06_10,2045,0.15105434416419694
Sri Lanka,rural,06_10,2050,0.1506553745120883
Sri Lanka,rural,06_10,2055,0.14998474073627152
Sri Lanka,rural,06_10,2060,0.14907413226898036
Sri Lanka,rural,06_10,2065,0.14797290679684905
Sri Lanka,rural,06_10,2070,0.146728688867662
Sri Lanka,rural,06_10,2075,0.14532894027811902
Sri Lanka,rural,06_10,2080,0.14384034599021314
Sri Lanka,rural,06_10,2085,0.1422914885122307
Sri Lanka,rural,06_10,2090,0.14074741207137278
Sri Lanka,rural,06_10,2095,0.13923573987479215
Sri Lanka,rural,06_10,2100,0.13772445750624024
Sri Lanka,rural,11_20,2011,0.227309082564942
Sri Lanka,rural,11_20,2012,0.22820400478349895
Sri Lanka,rural,11_20,2013,0.22857516710572082
Sri Lanka,rural,11_20,2014,0.2291299937942173
Sri Lanka,rural,11_20,2015,0.229451480463504
Sri Lanka,rural,11_20,2016,0.22980934334504258
Sri Lanka,rural,11_20,2017,0.23021095234438033
Sri Lanka,rural,11_20,2018,0.23032801476636613
Sri Lanka,rural,11_20,2019,0.23029630237500173
Sri Lanka,rural,11_20,2020,0.22997123662051783
Sri Lanka,rural,11_20,2025,0.22960131602771514
Sri Lanka,rural,11_20,2030,0.23038441918089975
Sri Lanka,rural,11_20,2035,0.23090875498639626
Sri Lanka,rural,11_20,2040,0.23109361170412293
Sri Lanka,rural,11_20,2045,0.23089603739421527
Sri Lanka,rural,11_20,2050,0.23028618726231642
Sri Lanka,rural,11_20,2055,0.22926108148177365
Sri Lanka,rural,11_20,2060,0.22786915933694213
Sri Lanka,rural,11_20,2065,0.2261858671469717
Sri Lanka,rural,11_20,2070,0.22428400201959844
Sri Lanka,rural,11_20,2075,0.22214439852483034
Sri Lanka,rural,11_20,2080,0.21986898880876476
Sri Lanka,rural,11_20,2085,0.21750146302767367
Sri Lanka,rural,11_20,2090,0.21514124536163742
Sri Lanka,rural,11_20,2095,0.2128305596149894
Sri Lanka,rural,11_20,2100,0.21052046974492866
Sri Lanka,rural,21_30,2011,0.153212938930544
Sri Lanka,rural,21_30,2012,0.1538161425582749
Sri Lanka,rural,21_30,2013,0.15406631676850094
Sri Lanka,rural,21_30,2014,0.15444028610831984
Sri Lanka,rural,21_30,2015,0.15465697748234064
Sri Lanka,rural,21_30,2016,0.15489818748238107
Sri Lanka,rural,21_30,2017,0.15516888363932813
Sri Lanka,rural,21_30,2018,0.15524778711959558
Sri Lanka,rural,21_30,2019,0.1552264120446244
Sri Lanka,rural,21_30,2020,0.15500730826298856
Sri Lanka,rural,21_30,2025,0.15475797101453947
Sri Lanka,rural,21_30,2030,0.15528580533700176
Sri Lanka,rural,21_30,2035,0.1556392229340469
Sri Lanka,rural,21_30,2040,0.15576382174322936
Sri Lanka,rural,21_30,2045,0.1556306509066902
Sri Lanka,rural,21_30,2050,0.15521959416420958
Sri Lanka,rural,21_30,2055,0.1545286430258767
Sri Lanka,rural,21_30,2060,0.15359044697948154
Sri Lanka,rural,21_30,2065,0.15245585904047773
Sri Lanka,rural,21_30,2070,0.15117394657870392
Sri Lanka,rural,21_30,2075,0.14973179153641333
Sri Lanka,rural,21_30,2080,0.1481980991474613
Sri Lanka,rural,21_30,2085,0.146602317849056
Sri Lanka,rural,21_30,2090,0.145011462432947
Sri Lanka,rural,21_30,2095,0.14345399297244835
Sri Lanka,rural,21_30,2100,0.14189692515011634
Sri Lanka,rural,31_50,2011,0.152668305095647
Sri Lanka,rural,31_50,2012,0.1532693644847301
Sri Lanka,rural,31_50,2013,0.1535186493879534
Sri Lanka,rural,31_50,2014,0.15389128935991928
Sri Lanka,rural,31_50,2015,0.15410721045007994
Sri Lanka,rural,31_50,2016,0.15434756300865196
Sri Lanka,rural,31_50,2017,0.15461729690818735
Sri Lanka,rural,31_50,2018,0.15469591990623607
Sri Lanka,rural,31_50,2019,0.15467462081433223
Sri Lanka,rural,31_50,2020,0.15445629589206467
Sri Lanka,rural,31_50,2025,0.15420784497542775
Sri Lanka,rural,31_50,2030,0.15473380297834913
Sri Lanka,rural,31_50,2035,0.15508596426386767
Sri Lanka,rural,31_50,2040,0.15521012015531918
Sri Lanka,rural,31_50,2045,0.1550774227079331
Sri Lanka,rural,31_50,2050,0.15466782716978403
Sri Lanka,rural,31_50,2055,0.15397933219064258
Sri Lanka,rural,31_50,2060,0.15304447119750203
Sri Lanka,rural,31_50,2065,0.1519139164360129
Sri Lanka,rural,31_50,2070,0.1506365608537359
Sri Lanka,rural,31_50,2075,0.14919953231340186
Sri Lanka,rural,31_50,2080,0.1476712918188732
Sri Lanka,rural,31_50,2085,0.14608118312549903
Sri Lanka,rural,31_50,2090,0.14449598280413653
Sri Lanka,rural,31_50,2095,0.14294404975962813
Sri Lanka,rural,31_50,2100,0.1413925169255627
Sri Lanka,rural,51+,2011,0.0512532102732799
Sri Lanka,rural,51+,2012,0.05145499559627871
Sri Lanka,rural,51+,2013,0.05153868455552177
Sri Lanka,rural,51+,2014,0.05166378579921103
Sri Lanka,rural,51+,2015,0.051736273988750484
Sri Lanka,rural,51+,2016,0.05181696421594921
Sri Lanka,rural,51+,2017,0.05190751823279022
Sri Lanka,rural,51+,2018,0.0519339132402463
Sri Lanka,rural,51+,2019,0.0519267627918589
Sri Lanka,rural,51+,2020,0.05185346759714337
Sri Lanka,rural,51+,2025,0.05177005862063705
Sri Lanka,rural,51+,2030,0.05194663119804109
Sri Lanka,rural,51+,2035,0.052064857416675554
Sri Lanka,rural,51+,2040,0.0521065385502104
Sri Lanka,rural,51+,2045,0.05206198987870097
Sri Lanka,rural,51+,2050,0.05192448205590436
Sri Lanka,rural,51+,2055,0.05169334319629675
Sri Lanka,rural,51+,2060,0.0513794952955966
Sri Lanka,rural,51+,2065,0.05099994984325298
Sri Lanka,rural,51+,2070,0.05057112098967283
Sri Lanka,rural,51+,2075,0.050088687350940145
Sri Lanka,rural,51+,2080,0.04957563238930193
Sri Lanka,rural,51+,2085,0.049041807276304056
Sri Lanka,rural,51+,2090,0.04850962998288902
Sri Lanka,rural,51+,2095,0.0479886210504167
Sri Lanka,rural,51+,2100,0.0474677464750395
